date,station_slug,station_name,station_en,pr,tmean,tmax,tmin,et0,wind,rad_net,rad_down,runoff,longitude,latitude,year,surface_pressure_hpa,dewpoint,wind_v,wind_u
2010-01-01,batang,巴塘,Batang,1.53,-11.27,-4.03,-22.62,1.1075980414213284,0.72,3647060.0,12386536.0,698.375,99.05,29.85,2010,649.69,-14.84,-0.65,0.17
2010-01-02,batang,巴塘,Batang,0.02,-16.54,-7.65,-23.67,1.061947427067173,0.52,4637604.0,15496724.0,693.78125,99.05,29.85,2010,653.96,-24.01,-0.49,-0.04
2010-01-03,batang,巴塘,Batang,0.0,-15.58,-7.1,-24.35,1.2532209587958854,0.23,5110800.0,16734464.0,689.1875,99.05,29.85,2010,651.58,-27.5,-0.08,-0.08
2010-01-04,batang,巴塘,Batang,0.0,-11.99,-5.25,-20.88,1.5010823114501055,0.49,5123176.0,16440232.0,684.60156,99.05,29.85,2010,645.15,-21.42,0.43,-0.17
2010-01-05,batang,巴塘,Batang,0.02,-12.58,-3.12,-24.89,1.3328185732504765,0.47,4998740.0,15729080.0,680.0781,99.05,29.85,2010,648.49,-17.11,-0.19,-0.21
2010-01-06,batang,巴塘,Batang,0.02,-14.47,-5.67,-24.86,1.1799944430977471,0.43,5023870.0,15501912.0,675.59375,99.05,29.85,2010,650.99,-18.96,-0.19,-0.12
2010-01-07,batang,巴塘,Batang,0.01,-13.78,-4.92,-24.71,1.3139246421611606,0.37,5353382.0,16224560.0,671.1406,99.05,29.85,2010,653.72,-20.24,-0.27,-0.24
2010-01-08,batang,巴塘,Batang,0.0,-12.94,-5.56,-21.74,1.4218160997943583,0.37,5642972.0,16781332.0,666.6875,99.05,29.85,2010,650.03,-19.11,0.19,-0.21
2010-01-09,batang,巴塘,Batang,0.01,-10.61,-2.76,-17.95,1.5679150325803062,0.42,5659214.0,16528156.0,662.28125,99.05,29.85,2010,648.12,-15.03,0.26,-0.21
2010-01-10,batang,巴塘,Batang,0.09,-11.08,-2.58,-21.48,1.390767026258564,0.53,5366740.0,15405524.0,657.90625,99.05,29.85,2010,647.63,-14.33,0.43,-0.17
2010-01-11,batang,巴塘,Batang,0.33,-8.42,-0.64,-18.51,1.4304509042334934,0.46,4763092.0,13473580.0,653.5469,99.05,29.85,2010,647.48,-11.85,0.27,-0.07
2010-01-12,batang,巴塘,Batang,1.22,-6.27,-0.96,-16.12,1.3694289973445288,0.51,4107014.0,11581524.0,649.2656,99.05,29.85,2010,647.57,-9.34,0.39,-0.01
2010-01-13,batang,巴塘,Batang,0.56,-7.11,-0.56,-15.93,1.254689006791844,0.42,3869374.0,10980368.0,645.1094,99.05,29.85,2010,650.55,-9.98,0.1,-0.05
2010-01-14,batang,巴塘,Batang,0.36,-5.84,0.82,-16.12,1.6051459257920482,0.78,4914328.0,13612440.0,640.875,99.05,29.85,2010,649.93,-9.44,0.69,-0.17
2010-01-15,batang,巴塘,Batang,1.0,-7.7,-0.73,-17.8,1.7457767590677788,0.45,5654096.0,15706060.0,636.7344,99.05,29.85,2010,654.39,-12.48,-0.31,-0.22
2010-01-16,batang,巴塘,Batang,0.01,-10.55,-1.69,-21.31,1.5678959489323985,0.47,6040410.0,16413360.0,632.5781,99.05,29.85,2010,656.56,-15.78,-0.39,-0.17
2010-01-17,batang,巴塘,Batang,0.0,-9.66,-2.14,-18.68,1.7980944704767567,0.4,6539100.0,17474172.0,628.4531,99.05,29.85,2010,655.65,-18.02,-0.13,-0.25
2010-01-18,batang,巴塘,Batang,0.0,-6.75,0.74,-15.3,2.060627164316084,0.69,6671360.0,17526468.0,624.3594,99.05,29.85,2010,651.91,-14.35,0.55,-0.38
2010-01-19,batang,巴塘,Batang,0.0,-5.39,1.29,-13.0,2.0629179557446338,1.01,6445846.0,16514788.0,620.2656,99.05,29.85,2010,650.02,-12.61,0.94,-0.34
2010-01-20,batang,巴塘,Batang,0.01,-6.38,1.1,-13.8,2.0437484419421508,0.8,6773902.0,16939656.0,616.1875,99.05,29.85,2010,652.01,-14.5,0.61,0.06
2010-01-21,batang,巴塘,Batang,0.0,-6.1,0.72,-15.6,2.142006326400724,0.89,7261284.0,17749020.0,612.1406,99.05,29.85,2010,650.95,-13.87,0.76,-0.37
2010-01-22,batang,巴塘,Batang,0.02,-5.75,1.76,-13.84,2.150305143376823,1.1,7320444.0,17510680.0,608.125,99.05,29.85,2010,650.11,-13.77,0.99,-0.11
2010-01-23,batang,巴塘,Batang,0.0,-6.04,1.16,-16.66,2.0441925979720788,1.12,7376392.0,17286864.0,604.1406,99.05,29.85,2010,649.13,-12.67,0.98,-0.32
2010-01-24,batang,巴塘,Batang,0.19,-6.3,0.7,-15.25,1.9850978744683767,0.8,7288084.0,16769672.0,600.1406,99.05,29.85,2010,650.4,-12.65,0.66,-0.22
2010-01-25,batang,巴塘,Batang,0.25,-5.89,0.83,-16.69,1.720547162865988,1.24,6375404.0,14532780.0,596.125,99.05,29.85,2010,649.97,-11.18,1.12,-0.28
2010-01-26,batang,巴塘,Batang,0.25,-6.01,0.61,-11.85,1.957235966063248,1.03,6807536.0,15398444.0,592.1406,99.05,29.85,2010,647.34,-15.47,0.89,0.13
2010-01-27,batang,巴塘,Batang,0.14,-6.34,0.64,-13.0,2.06655159916506,0.72,7440228.0,16694682.0,588.1719,99.05,29.85,2010,649.05,-16.28,0.59,-0.15
2010-01-28,batang,巴塘,Batang,0.09,-5.65,2.41,-14.23,2.158823825189968,0.89,8066376.0,17818512.0,584.2031,99.05,29.85,2010,649.37,-12.17,0.77,-0.33
2010-01-29,batang,巴塘,Batang,1.38,-4.45,1.85,-12.55,1.847238501457476,0.92,7213770.0,14834964.0,580.25,99.05,29.85,2010,648.17,-8.29,0.71,-0.48
2010-01-30,batang,巴塘,Batang,1.35,-3.41,2.07,-9.27,2.0312541530136627,1.2,7392518.0,14969128.0,576.3906,99.05,29.85,2010,645.83,-9.38,1.14,-0.01
2010-01-31,batang,巴塘,Batang,0.5,-5.32,1.76,-14.62,2.1882653233753704,0.97,9148066.0,17683040.0,572.7656,99.05,29.85,2010,647.68,-12.31,0.82,-0.18
2010-02-01,batang,巴塘,Batang,0.65,-4.52,1.71,-13.69,1.9535260689113656,1.38,8564292.0,15681896.0,568.6875,99.05,29.85,2010,645.19,-9.85,1.3,-0.14
2010-02-02,batang,巴塘,Batang,0.38,-4.26,2.65,-9.16,2.0982775671801344,1.56,9380316.0,16486536.0,564.71875,99.05,29.85,2010,644.5,-10.51,1.5,0.06
2010-02-03,batang,巴塘,Batang,0.22,-4.2,2.68,-10.01,2.2041424332982817,1.42,9776060.0,16485900.0,560.9219,99.05,29.85,2010,644.47,-12.27,1.27,0.24
2010-02-04,batang,巴塘,Batang,0.62,-4.65,2.25,-10.63,2.042914591350591,1.37,9418332.0,15607684.0,557.0625,99.05,29.85,2010,645.08,-12.18,1.22,0.01
2010-02-05,batang,巴塘,Batang,0.2,-5.17,1.48,-12.0,2.2098004225729064,1.1,10295746.0,16726876.0,553.125,99.05,29.85,2010,645.45,-15.52,0.95,-0.14
2010-02-06,batang,巴塘,Batang,0.0,-7.06,0.47,-14.38,2.287375565048817,0.58,12566826.0,19810924.0,549.3125,99.05,29.85,2010,650.44,-15.19,0.12,-0.5
2010-02-07,batang,巴塘,Batang,0.0,-5.2,3.18,-15.05,2.6126201824713347,0.92,13187808.0,20170596.0,545.53125,99.05,29.85,2010,649.53,-17.12,0.73,-0.52
2010-02-08,batang,巴塘,Batang,0.06,-3.71,4.7,-12.79,2.610717262268593,0.96,12591078.0,18782968.0,541.75,99.05,29.85,2010,647.08,-14.23,0.77,-0.48
2010-02-09,batang,巴塘,Batang,0.21,-2.24,5.04,-11.78,2.5415126632529894,1.34,12626390.0,18475956.0,538.09375,99.05,29.85,2010,645.36,-8.18,1.24,-0.45
2010-02-10,batang,巴塘,Batang,0.86,-0.39,5.81,-5.46,2.742564544624876,1.53,11979382.0,17422480.0,535.59375,99.05,29.85,2010,645.41,-8.31,1.35,0.22
2010-02-11,batang,巴塘,Batang,1.04,-1.3,4.89,-7.21,2.4664218663814554,1.3,11105856.0,16203488.0,536.21875,99.05,29.85,2010,649.01,-8.75,1.17,-0.14
2010-02-12,batang,巴塘,Batang,0.42,-1.11,5.14,-7.4,2.698503111094047,1.41,12694610.0,18385364.0,539.4375,99.05,29.85,2010,646.63,-7.71,1.33,-0.36
2010-02-13,batang,巴塘,Batang,0.53,0.42,6.28,-4.55,3.076783059144669,1.59,12762420.0,18452864.0,543.53125,99.05,29.85,2010,642.47,-9.27,1.08,0.69
2010-02-14,batang,巴塘,Batang,0.75,-0.72,5.5,-4.6,2.7053203904400807,1.77,12484578.0,18027408.0,547.8125,99.05,29.85,2010,642.04,-7.74,1.66,0.32
2010-02-15,batang,巴塘,Batang,0.33,-0.71,5.46,-5.38,3.1021067189003584,1.77,13922310.0,20131660.0,549.0,99.05,29.85,2010,643.99,-10.11,1.42,0.6
2010-02-16,batang,巴塘,Batang,0.38,-1.1,5.84,-5.48,2.906965577169416,1.83,13780662.0,19818796.0,547.15625,99.05,29.85,2010,643.86,-8.87,1.6,0.53
2010-02-17,batang,巴塘,Batang,0.44,-2.02,4.3,-6.94,2.6373110043764543,2.06,12999128.0,18692452.0,543.71875,99.05,29.85,2010,642.38,-9.61,1.94,0.43
2010-02-18,batang,巴塘,Batang,3.21,-4.78,2.26,-12.61,2.0000475062514624,1.24,11351312.0,16283436.0,539.5,99.05,29.85,2010,645.23,-10.05,0.51,0.28
2010-02-19,batang,巴塘,Batang,0.47,-4.69,1.82,-12.73,2.444851744311131,0.86,11942440.0,18979704.0,534.5,99.05,29.85,2010,647.17,-12.73,0.72,-0.38
2010-02-20,batang,巴塘,Batang,0.37,-3.38,3.46,-12.86,2.8203358150465814,0.82,13363240.0,20531744.0,528.34375,99.05,29.85,2010,647.23,-12.38,0.5,-0.43
2010-02-21,batang,巴塘,Batang,0.05,-3.95,2.91,-10.03,2.7826292636697345,0.65,13670152.0,20622284.0,520.9375,99.05,29.85,2010,649.75,-13.4,-0.26,-0.46
2010-02-22,batang,巴塘,Batang,0.0,-1.81,5.17,-10.7,3.3086315063568468,0.91,14938924.0,21975540.0,512.9375,99.05,29.85,2010,649.14,-14.21,0.74,-0.44
2010-02-23,batang,巴塘,Batang,0.52,-0.46,6.02,-9.22,3.249595143495505,1.35,14790786.0,21366694.0,505.375,99.05,29.85,2010,644.16,-8.74,1.16,0.05
2010-02-24,batang,巴塘,Batang,2.38,-0.66,4.45,-6.07,2.662866620729979,0.94,12179400.0,17698394.0,499.09375,99.05,29.85,2010,643.76,-6.28,0.88,-0.22
2010-02-25,batang,巴塘,Batang,0.76,-1.82,3.88,-8.38,2.442265304601379,0.94,11204076.0,16912744.0,494.0,99.05,29.85,2010,646.12,-7.7,0.86,-0.27
2010-02-26,batang,巴塘,Batang,0.35,-3.11,3.84,-11.03,2.8275131264929594,0.65,13944566.0,20738132.0,488.78125,99.05,29.85,2010,648.97,-9.48,0.18,-0.4
2010-02-27,batang,巴塘,Batang,0.23,-1.63,4.8,-12.02,3.1456563173154293,1.02,14629382.0,21326952.0,483.53125,99.05,29.85,2010,646.51,-10.8,0.92,-0.26
2010-02-28,batang,巴塘,Batang,0.2,-2.26,4.51,-11.84,2.94391804929886,0.55,14388030.0,20706432.0,478.8125,99.05,29.85,2010,648.35,-8.28,0.38,-0.36
2010-03-01,batang,巴塘,Batang,0.09,-0.36,7.04,-12.77,3.445389661292152,1.26,15572250.0,22130758.0,474.4375,99.05,29.85,2010,647.34,-10.24,1.14,-0.33
2010-03-02,batang,巴塘,Batang,3.13,-0.3,4.84,-5.12,2.4566840692808483,1.2,11839772.0,16476608.0,470.625,99.05,29.85,2010,643.93,-4.92,1.16,-0.13
2010-03-03,batang,巴塘,Batang,1.15,-0.42,4.64,-4.49,2.792355604574719,0.96,12254006.0,18288432.0,468.09375,99.05,29.85,2010,645.02,-6.58,0.8,-0.12
2010-03-04,batang,巴塘,Batang,1.31,0.32,5.01,-4.03,2.824308868207491,1.53,12539505.0,18161566.0,465.71875,99.05,29.85,2010,643.53,-6.07,1.49,-0.03
2010-03-05,batang,巴塘,Batang,4.07,0.09,4.78,-4.18,2.4748855843099045,1.28,11779744.0,16849640.0,463.125,99.05,29.85,2010,642.98,-3.62,1.26,-0.1
2010-03-06,batang,巴塘,Batang,3.77,0.95,5.33,-2.54,3.053309194884819,1.05,11683597.0,19392748.0,461.34375,99.05,29.85,2010,645.37,-4.29,1.0,0.14
2010-03-07,batang,巴塘,Batang,2.71,0.84,5.25,-2.51,3.003357285549822,1.39,10904666.0,19318780.0,461.15625,99.05,29.85,2010,645.39,-4.81,1.31,0.18
2010-03-08,batang,巴塘,Batang,3.51,-2.09,3.72,-8.88,2.325173280826569,0.66,9156341.0,16565988.0,462.03125,99.05,29.85,2010,649.88,-5.86,0.16,0.25
2010-03-09,batang,巴塘,Batang,4.05,-0.87,4.42,-7.88,2.6289664209442027,0.83,9474899.0,17869416.0,460.8125,99.05,29.85,2010,650.42,-5.41,0.59,0.02
2010-03-10,batang,巴塘,Batang,1.49,-2.63,4.09,-9.59,3.1243433213135074,0.66,11171494.0,22774908.0,457.09375,99.05,29.85,2010,652.27,-8.23,-0.37,-0.17
2010-03-11,batang,巴塘,Batang,0.66,-1.68,5.75,-10.07,3.2216770977273166,0.54,12196229.0,22400056.0,451.78125,99.05,29.85,2010,652.67,-6.59,0.37,-0.28
2010-03-12,batang,巴塘,Batang,0.54,-1.65,5.3,-11.66,3.065968193518987,0.66,12979646.0,21625526.0,445.78125,99.05,29.85,2010,650.82,-5.97,0.49,-0.37
2010-03-13,batang,巴塘,Batang,1.02,0.51,5.81,-5.73,3.1956061244674845,1.03,13751844.0,20672072.0,439.96875,99.05,29.85,2010,647.36,-5.09,0.96,-0.23
2010-03-14,batang,巴塘,Batang,4.16,-1.37,3.31,-5.52,2.2820436379008537,0.6,10817261.0,15892147.0,435.25,99.05,29.85,2010,648.02,-4.09,0.2,0.05
2010-03-15,batang,巴塘,Batang,4.71,-3.0,1.39,-12.67,1.8104974470899364,0.83,7526678.0,13579622.0,431.90625,99.05,29.85,2010,652.3,-6.19,-0.49,0.24
2010-03-16,batang,巴塘,Batang,0.04,-5.99,0.92,-12.96,2.8298664516212924,0.56,11813686.0,23853816.0,428.9375,99.05,29.85,2010,655.22,-12.42,-0.42,-0.32
2010-03-17,batang,巴塘,Batang,0.0,-5.21,2.84,-13.29,3.3153119425124955,0.72,14809893.0,26871732.0,425.125,99.05,29.85,2010,658.84,-14.79,-0.57,-0.39
2010-03-18,batang,巴塘,Batang,0.0,-4.22,3.72,-13.04,3.526014786119541,0.7,16604964.0,26946818.0,420.90625,99.05,29.85,2010,657.13,-15.41,-0.48,-0.49
2010-03-19,batang,巴塘,Batang,0.08,-3.45,3.7,-11.71,3.607643568600868,0.86,17863180.0,26702232.0,416.78125,99.05,29.85,2010,655.03,-14.98,-0.72,-0.46
2010-03-20,batang,巴塘,Batang,0.05,-1.96,5.25,-10.61,3.886099999270874,0.76,19058014.0,26751560.0,412.875,99.05,29.85,2010,655.06,-13.53,-0.38,-0.61
2010-03-21,batang,巴塘,Batang,0.0,2.81,10.65,-8.39,4.878395081047168,0.98,20733324.0,27165606.0,409.28125,99.05,29.85,2010,648.81,-11.68,0.84,-0.39
2010-03-22,batang,巴塘,Batang,0.35,4.08,11.51,-4.26,4.634815261990767,1.25,20462442.0,25393986.0,407.3125,99.05,29.85,2010,645.47,-5.69,1.17,-0.01
2010-03-23,batang,巴塘,Batang,2.52,4.01,11.13,-1.15,3.391642053381512,1.35,16067502.0,19459396.0,411.25,99.05,29.85,2010,643.74,-0.94,1.32,-0.17
2010-03-24,batang,巴塘,Batang,2.12,5.71,11.96,0.28,3.9549917507914816,1.11,17234940.0,20801360.0,429.28125,99.05,29.85,2010,646.11,-0.37,1.01,-0.02
2010-03-25,batang,巴塘,Batang,5.15,2.05,10.92,-4.19,2.869364418273422,1.1,14673614.0,17816718.0,463.375,99.05,29.85,2010,649.34,-1.8,0.47,-0.01
2010-03-26,batang,巴塘,Batang,12.1,2.46,7.98,-1.61,2.5290617749600046,0.9,12241250.0,15476766.0,496.84375,99.05,29.85,2010,649.18,-0.18,0.74,-0.16
2010-03-27,batang,巴塘,Batang,7.29,0.85,2.57,-1.56,1.855581079391161,0.99,3974488.0,12466312.0,519.96875,99.05,29.85,2010,649.8,-0.67,0.88,-0.32
2010-03-28,batang,巴塘,Batang,2.99,0.09,3.13,-3.56,2.36114560465723,1.05,5529788.0,16550660.0,530.34375,99.05,29.85,2010,648.04,-1.83,1.01,0.0
2010-03-29,batang,巴塘,Batang,0.17,0.07,4.67,-5.47,3.466611450197078,0.78,10688752.0,23065744.0,526.71875,99.05,29.85,2010,647.84,-4.25,0.73,0.21
2010-03-30,batang,巴塘,Batang,1.95,1.51,6.16,-5.43,3.6302156835590353,1.15,14405844.0,23371688.0,512.96875,99.05,29.85,2010,646.45,-3.15,1.13,-0.07
2010-03-31,batang,巴塘,Batang,9.3,0.31,3.35,-1.84,2.1477208726514823,1.05,8905464.0,14907970.0,497.03125,99.05,29.85,2010,644.27,-1.42,0.97,0.08
2010-04-01,batang,巴塘,Batang,13.26,-1.56,1.09,-5.27,1.6265079079396252,0.58,3234452.0,11587244.0,484.375,99.05,29.85,2010,645.6,-2.79,0.09,0.38
2010-04-02,batang,巴塘,Batang,11.92,-1.75,1.68,-4.78,2.005404325640706,0.69,3876252.0,14525132.0,474.125,99.05,29.85,2010,647.1,-3.6,0.36,0.18
2010-04-03,batang,巴塘,Batang,8.18,-1.31,2.57,-4.71,2.247919969977605,0.46,4160936.0,15537576.0,463.8125,99.05,29.85,2010,649.64,-3.2,0.07,0.21
2010-04-04,batang,巴塘,Batang,1.52,-0.37,3.14,-4.24,3.304717339867078,0.68,6452094.0,22637452.0,452.875,99.05,29.85,2010,650.77,-2.98,0.53,0.12
2010-04-05,batang,巴塘,Batang,2.58,0.12,3.11,-3.6,2.959962424106436,0.87,6380252.0,20528906.0,440.03125,99.05,29.85,2010,648.91,-1.71,0.84,0.04
2010-04-06,batang,巴塘,Batang,16.9,0.15,2.62,-2.12,2.50237498227204,0.76,4980904.0,17133522.0,429.78125,99.05,29.85,2010,649.01,-1.23,0.59,0.25
2010-04-07,batang,巴塘,Batang,0.73,-2.38,2.89,-12.39,3.800220584655493,1.08,7801554.0,27066158.0,428.09375,99.05,29.85,2010,655.51,-13.82,-0.81,0.69
2010-04-08,batang,巴塘,Batang,0.72,-5.52,-0.01,-12.57,3.7383786468107294,0.45,9379522.0,30330224.0,421.125,99.05,29.85,2010,653.23,-15.55,0.31,0.12
2010-04-09,batang,巴塘,Batang,1.23,-1.65,3.36,-9.98,4.170403117044357,0.37,8795978.0,28342262.0,410.125,99.05,29.85,2010,650.23,-9.39,-0.1,0.17
2010-04-10,batang,巴塘,Batang,5.81,0.35,3.75,-6.74,3.5224068667054262,0.73,7782210.0,23606204.0,400.90625,99.05,29.85,2010,647.15,-2.23,0.7,0.05
2010-04-11,batang,巴塘,Batang,0.14,0.68,4.95,-5.69,4.110674345816089,0.68,8848676.0,27109902.0,396.65625,99.05,29.85,2010,649.65,-1.98,0.65,0.13
2010-04-12,batang,巴塘,Batang,0.11,-1.36,3.74,-7.9,3.3994516013196674,0.6,8491280.0,24081164.0,393.375,99.05,29.85,2010,650.98,-4.01,0.44,0.2
2010-04-13,batang,巴塘,Batang,15.95,0.51,3.74,-6.94,2.9399033360746603,1.0,7543388.0,20287838.0,390.15625,99.05,29.85,2010,648.61,-1.52,0.88,0.06
2010-04-14,batang,巴塘,Batang,6.67,-0.28,2.13,-4.1,2.15321232045298,0.75,4021574.0,14698362.0,395.5,99.05,29.85,2010,652.99,-2.28,-0.15,0.41
2010-04-15,batang,巴塘,Batang,0.02,-2.35,2.54,-9.08,3.8420080578788816,0.52,8433564.0,27784600.0,399.28125,99.05,29.85,2010,654.91,-6.97,0.33,0.31
2010-04-16,batang,巴塘,Batang,0.0,-2.62,2.89,-10.46,4.244565242783855,0.38,10018260.0,30603966.0,398.0625,99.05,29.85,2010,653.15,-7.33,0.23,0.16
2010-04-17,batang,巴塘,Batang,0.14,-0.73,3.65,-9.16,4.07808667561557,0.63,9695408.0,27785374.0,396.9375,99.05,29.85,2010,651.69,-5.58,0.25,0.16
2010-04-18,batang,巴塘,Batang,0.01,0.66,5.72,-6.84,4.56981537283182,0.48,10747690.0,29058604.0,396.90625,99.05,29.85,2010,650.54,-3.78,0.16,0.06
2010-04-19,batang,巴塘,Batang,0.47,0.1,4.1,-5.55,3.2254015257616944,0.89,8686186.0,22292978.0,399.34375,99.05,29.85,2010,647.54,-2.28,0.86,0.06
2010-04-20,batang,巴塘,Batang,0.07,1.45,5.57,-3.2,3.3965691315675324,0.7,8797188.0,21697396.0,406.34375,99.05,29.85,2010,646.95,-0.87,0.6,0.08
2010-04-21,batang,巴塘,Batang,0.26,2.19,4.86,-2.04,2.9761250407769912,0.91,9563146.0,18968138.0,419.9375,99.05,29.85,2010,648.3,0.3,0.89,-0.15
2010-04-22,batang,巴塘,Batang,11.2,2.68,6.37,0.59,3.114648651694988,0.82,11444098.0,19457022.0,443.96875,99.05,29.85,2010,649.59,1.23,0.81,-0.03
2010-04-23,batang,巴塘,Batang,9.03,0.62,2.5,-1.09,1.937539141565828,1.2,4928182.0,13854500.0,482.625,99.05,29.85,2010,649.66,-0.33,1.17,-0.18
2010-04-24,batang,巴塘,Batang,11.22,1.28,3.24,-0.77,2.35968573284332,1.02,4853914.0,16016674.0,523.09375,99.05,29.85,2010,648.01,0.14,0.99,-0.21
2010-04-25,batang,巴塘,Batang,18.05,-0.49,1.45,-3.67,1.5593492740897972,1.13,3070468.0,11162602.0,555.96875,99.05,29.85,2010,651.14,-2.04,-0.9,0.63
2010-04-26,batang,巴塘,Batang,1.03,-2.87,2.41,-11.39,2.9616957163616644,0.95,6103906.0,21525814.0,584.4375,99.05,29.85,2010,656.2,-10.88,-0.86,0.38
2010-04-27,batang,巴塘,Batang,0.0,-4.05,2.01,-11.54,4.109401590100038,0.64,9604534.0,31858506.0,599.375,99.05,29.85,2010,654.93,-13.04,-0.57,0.27
2010-04-28,batang,巴塘,Batang,0.0,-2.85,3.99,-10.39,4.409062282317647,0.46,10200330.0,31935080.0,596.75,99.05,29.85,2010,654.12,-11.12,-0.4,0.18
2010-04-29,batang,巴塘,Batang,0.0,-0.96,4.33,-10.23,4.695510601938364,0.45,10630666.0,31294052.0,577.6875,99.05,29.85,2010,653.8,-9.08,0.22,0.14
2010-04-30,batang,巴塘,Batang,0.0,1.35,6.11,-5.27,5.177589088954745,0.35,11283236.0,31212852.0,550.625,99.05,29.85,2010,653.73,-6.39,0.17,0.15
2010-05-01,batang,巴塘,Batang,0.0,2.32,8.03,-4.36,5.356404041333696,0.37,14975796.0,31270970.0,527.40625,99.05,29.85,2010,653.81,-4.61,0.25,0.08
2010-05-02,batang,巴塘,Batang,0.06,2.63,7.17,-3.7,4.745040523108533,0.71,17740424.0,28767030.0,513.90625,99.05,29.85,2010,651.24,-1.24,0.7,0.02
2010-05-03,batang,巴塘,Batang,4.77,4.87,9.11,-0.38,4.327789725672492,0.88,16432514.0,24717944.0,513.59375,99.05,29.85,2010,648.82,2.07,0.65,0.15
2010-05-04,batang,巴塘,Batang,2.47,3.42,10.69,-5.79,4.330837350678992,0.44,14385292.0,24543732.0,552.8125,99.05,29.85,2010,650.87,-1.0,-0.24,0.17
2010-05-05,batang,巴塘,Batang,0.01,4.08,10.6,-4.65,5.314939258568495,0.51,20972848.0,29805264.0,651.84375,99.05,29.85,2010,650.01,-0.38,0.5,0.06
2010-05-06,batang,巴塘,Batang,0.06,6.63,12.66,-0.19,4.8462610641378685,0.96,19958954.0,25446986.0,775.28125,99.05,29.85,2010,649.79,1.72,0.95,0.0
2010-05-07,batang,巴塘,Batang,0.1,6.7,12.17,1.98,4.246631211004582,1.16,18159468.0,22219354.0,891.71875,99.05,29.85,2010,648.07,1.77,1.15,0.06
2010-05-08,batang,巴塘,Batang,0.3,6.92,13.04,2.13,5.010335083687284,1.06,21438144.0,25829674.0,1022.875,99.05,29.85,2010,647.08,0.87,1.04,-0.04
2010-05-09,batang,巴塘,Batang,2.53,5.62,10.36,1.74,4.000949905292397,1.24,19291578.0,23097632.0,1176.2188,99.05,29.85,2010,646.46,3.16,1.21,-0.23
2010-05-10,batang,巴塘,Batang,5.54,5.33,12.0,0.35,4.301086859450957,0.88,20101892.0,24091892.0,1365.9688,99.05,29.85,2010,648.08,2.42,0.54,-0.14
2010-05-11,batang,巴塘,Batang,15.58,5.14,10.12,1.74,2.576230005566579,0.88,11817514.0,14661428.0,1592.4688,99.05,29.85,2010,647.61,3.76,0.82,-0.03
2010-05-12,batang,巴塘,Batang,14.76,3.74,7.17,1.42,1.8646807303970605,0.83,7681638.0,11332126.0,1743.5938,99.05,29.85,2010,648.28,3.23,0.78,0.01
2010-05-13,batang,巴塘,Batang,7.47,3.91,7.92,1.52,2.629843769135893,0.89,10453900.0,15679604.0,1796.8438,99.05,29.85,2010,649.83,2.44,0.83,0.06
2010-05-14,batang,巴塘,Batang,3.26,5.45,10.01,1.47,3.657655419882588,1.29,14750082.0,20424756.0,1798.1562,99.05,29.85,2010,648.69,1.56,1.28,0.02
2010-05-15,batang,巴塘,Batang,5.16,4.12,7.82,-0.46,2.493592007907368,1.0,10649104.0,14584464.0,1769.9062,99.05,29.85,2010,648.6,2.0,0.99,-0.06
2010-05-16,batang,巴塘,Batang,0.49,5.7,11.34,0.49,3.456515859510442,0.94,14693084.0,18579814.0,1708.0,99.05,29.85,2010,650.07,1.88,0.89,0.28
2010-05-17,batang,巴塘,Batang,0.11,6.69,13.62,-0.38,4.855293740018868,0.95,20611676.0,24776182.0,1637.2812,99.05,29.85,2010,651.08,-0.07,0.85,0.39
2010-05-18,batang,巴塘,Batang,0.01,8.7,15.64,1.31,6.055568333588214,1.24,24949398.0,29355226.0,1569.4375,99.05,29.85,2010,649.72,0.82,1.21,0.23
2010-05-19,batang,巴塘,Batang,0.5,9.88,15.51,2.94,5.8302350743848885,1.35,23619190.0,27579050.0,1535.8438,99.05,29.85,2010,648.19,3.3,1.32,0.22
2010-05-20,batang,巴塘,Batang,2.51,8.86,14.05,4.66,3.577298210097196,1.5,15006364.0,17485052.0,1569.8125,99.05,29.85,2010,647.97,4.8,1.49,0.05
2010-05-21,batang,巴塘,Batang,18.02,8.26,15.33,3.22,2.8930195538423384,1.17,12203986.0,14289840.0,1678.3125,99.05,29.85,2010,649.0,5.11,0.6,0.4
2010-05-22,batang,巴塘,Batang,1.52,6.81,13.67,-0.65,5.204024938940341,1.06,20325384.0,26051584.0,1859.6562,99.05,29.85,2010,652.15,-2.08,-0.94,-0.08
2010-05-23,batang,巴塘,Batang,0.03,10.49,17.27,2.18,7.182258388152466,0.56,26374478.0,31545756.0,1974.7188,99.05,29.85,2010,650.59,-2.82,0.35,0.06
2010-05-24,batang,巴塘,Batang,0.34,11.65,16.76,5.01,6.3593767674528765,1.38,23803622.0,27873152.0,1992.9688,99.05,29.85,2010,647.72,3.41,1.36,0.07
2010-05-25,batang,巴塘,Batang,2.16,9.3,13.88,4.97,3.979248368591639,1.27,16494250.0,19231696.0,2016.9375,99.05,29.85,2010,646.33,5.25,1.26,-0.02
2010-05-26,batang,巴塘,Batang,9.74,8.63,13.57,5.3,3.6215680286960192,0.93,15227508.0,17742804.0,2062.5938,99.05,29.85,2010,648.34,5.31,0.39,0.24
2010-05-27,batang,巴塘,Batang,8.46,7.99,12.67,5.29,3.1117344860126765,0.5,13045750.0,15201276.0,2161.8125,99.05,29.85,2010,650.64,5.41,-0.21,0.13
2010-05-28,batang,巴塘,Batang,11.25,9.01,15.12,4.54,4.461247426253324,0.71,18766550.0,21869348.0,2217.3125,99.05,29.85,2010,650.56,6.69,0.34,-0.07
2010-05-29,batang,巴塘,Batang,2.14,10.31,16.32,4.8,5.186436418103964,1.0,20482074.0,23869668.0,2269.3125,99.05,29.85,2010,649.39,4.71,0.93,0.14
2010-05-30,batang,巴塘,Batang,0.68,11.65,17.28,5.53,5.198932177492356,1.51,19636050.0,22885280.0,2321.5312,99.05,29.85,2010,648.02,5.33,1.5,0.04
2010-05-31,batang,巴塘,Batang,1.4,11.88,17.69,6.19,5.88054399601484,1.56,22118528.0,25781780.0,2376.3438,99.05,29.85,2010,647.77,4.68,1.51,0.25
2010-06-01,batang,巴塘,Batang,5.15,9.6,15.79,3.25,4.966259195737389,0.82,20131764.0,23470196.0,2491.75,99.05,29.85,2010,649.48,5.07,0.44,0.5
2010-06-02,batang,巴塘,Batang,1.77,9.21,14.93,2.94,5.352212517906971,0.9,21783030.0,25399748.0,2657.5312,99.05,29.85,2010,651.54,3.25,-0.57,0.39
2010-06-03,batang,巴塘,Batang,4.99,10.05,15.46,4.65,5.5744094469610905,0.5,21504506.0,25077152.0,2741.7812,99.05,29.85,2010,651.52,2.49,0.47,0.07
2010-06-04,batang,巴塘,Batang,6.66,8.18,13.73,5.06,4.695041189441519,0.54,19941214.0,23316936.0,2723.0625,99.05,29.85,2010,649.84,6.04,0.4,-0.1
2010-06-05,batang,巴塘,Batang,9.27,9.04,14.12,5.57,4.043467429965617,1.48,17391582.0,20378504.0,2656.9688,99.05,29.85,2010,646.84,5.63,1.43,-0.32
2010-06-06,batang,巴塘,Batang,3.76,9.7,15.24,6.11,3.7453959093092615,1.35,15155190.0,17774928.0,2619.125,99.05,29.85,2010,645.83,5.68,1.32,0.02
2010-06-07,batang,巴塘,Batang,6.22,8.82,14.73,2.67,3.746330705783044,0.6,15454054.0,18055320.0,2638.1562,99.05,29.85,2010,648.58,6.07,0.16,0.19
2010-06-08,batang,巴塘,Batang,5.15,10.67,16.87,5.51,5.404018611588222,0.8,21748542.0,25385632.0,2690.5938,99.05,29.85,2010,648.98,7.88,0.74,-0.1
2010-06-09,batang,巴塘,Batang,0.66,13.53,18.74,8.02,5.556619806445792,1.45,19355536.0,22588084.0,2758.125,99.05,29.85,2010,648.18,6.04,1.42,-0.03
2010-06-10,batang,巴塘,Batang,2.59,12.33,18.32,7.88,5.077414089437265,1.2,19386966.0,22628124.0,2848.4688,99.05,29.85,2010,648.9,8.18,1.15,-0.24
2010-06-11,batang,巴塘,Batang,0.75,13.51,18.91,7.34,6.191054000487156,1.37,21987474.0,25665920.0,3021.8125,99.05,29.85,2010,648.71,5.99,1.35,0.07
2010-06-12,batang,巴塘,Batang,1.6,12.85,18.29,7.16,5.770886968267635,1.23,21111936.0,24646284.0,3251.5938,99.05,29.85,2010,648.71,6.54,1.2,-0.01
2010-06-13,batang,巴塘,Batang,11.38,11.02,17.35,6.95,4.682834435998079,0.78,18322516.0,21393748.0,3518.4688,99.05,29.85,2010,649.3,7.65,0.61,-0.02
2010-06-14,batang,巴塘,Batang,5.67,12.0,17.9,7.96,5.4057092764383246,0.85,20743056.0,24223284.0,3840.2812,99.05,29.85,2010,648.74,8.43,0.76,-0.2
2010-06-15,batang,巴塘,Batang,4.63,12.25,18.57,7.79,5.469926991379662,0.88,20672324.0,24142408.0,3990.0938,99.05,29.85,2010,648.26,7.98,0.75,-0.08
2010-06-16,batang,巴塘,Batang,8.92,11.92,18.56,6.36,5.37172396873178,0.6,20469836.0,23912692.0,4046.9375,99.05,29.85,2010,649.13,9.09,0.3,-0.06
2010-06-17,batang,巴塘,Batang,0.87,14.86,19.77,8.56,6.247194774164736,0.99,21306076.0,24893988.0,4077.375,99.05,29.85,2010,649.13,7.57,0.92,-0.21
2010-06-18,batang,巴塘,Batang,1.22,14.19,18.75,8.07,5.722868205776024,1.36,19996244.0,23368832.0,4064.0,99.05,29.85,2010,648.86,7.71,1.3,-0.02
2010-06-19,batang,巴塘,Batang,13.13,12.97,19.39,6.88,5.832126568046662,0.67,21580096.0,25225152.0,4062.875,99.05,29.85,2010,650.49,9.41,0.42,0.06
2010-06-20,batang,巴塘,Batang,6.97,12.04,17.37,8.24,4.6571534361414,0.33,17297356.0,20223184.0,4142.5,99.05,29.85,2010,651.36,9.63,0.09,-0.01
2010-06-21,batang,巴塘,Batang,10.14,11.93,16.82,9.08,4.234409158044337,0.66,16092034.0,18818504.0,4253.8125,99.05,29.85,2010,650.25,9.35,0.55,-0.18
2010-06-22,batang,巴塘,Batang,8.28,10.02,12.19,8.16,2.0175626693998114,1.14,8262866.0,9663992.0,4350.7188,99.05,29.85,2010,649.44,8.49,1.08,-0.3
2010-06-23,batang,巴塘,Batang,11.68,11.05,15.43,7.71,3.0313820644865124,0.65,11735388.0,13728560.0,4418.0312,99.05,29.85,2010,649.12,8.98,0.5,0.06
2010-06-24,batang,巴塘,Batang,6.68,11.83,17.53,7.78,4.5739933673297335,0.71,17697508.0,20709624.0,4545.1562,99.05,29.85,2010,647.98,9.81,0.66,-0.12
2010-06-25,batang,巴塘,Batang,4.91,12.49,18.37,7.44,5.080198355575047,0.93,19325412.0,22619148.0,4616.0312,99.05,29.85,2010,647.19,9.32,0.88,-0.09
2010-06-26,batang,巴塘,Batang,4.29,13.75,19.77,8.79,5.762733948740848,1.1,21032038.0,24621060.0,4637.9375,99.05,29.85,2010,647.76,9.27,1.02,0.01
2010-06-27,batang,巴塘,Batang,2.68,13.88,19.67,7.85,5.659759589397937,1.02,20605078.0,24126640.0,4662.7188,99.05,29.85,2010,648.11,9.79,0.97,-0.08
2010-06-28,batang,巴塘,Batang,2.53,14.07,19.8,9.25,5.445028485831958,1.08,19438940.0,22766156.0,4712.5625,99.05,29.85,2010,647.76,9.26,1.04,-0.05
2010-06-29,batang,巴塘,Batang,1.36,15.25,20.41,10.54,6.034823508516656,1.1,20698550.0,24246936.0,4761.2344,99.05,29.85,2010,648.31,9.43,1.08,-0.03
2010-06-30,batang,巴塘,Batang,1.34,14.63,19.99,10.18,5.41173425281924,1.08,18654854.0,21857036.0,4797.922000000001,99.05,29.85,2010,648.48,8.86,1.03,-0.04
2010-07-01,batang,巴塘,Batang,1.29,15.05,21.04,9.88,6.316852486724597,1.35,21965488.0,25742564.0,4793.4688,99.05,29.85,2010,648.69,9.07,1.29,-0.15
2010-07-02,batang,巴塘,Batang,0.86,15.61,20.08,10.24,5.769026917615356,1.11,19106230.0,22396132.0,4752.2812,99.05,29.85,2010,649.75,8.7,1.04,-0.15
2010-07-03,batang,巴塘,Batang,0.98,15.48,20.32,10.55,5.904499301193737,1.22,19847942.0,23270976.0,4661.6875,99.05,29.85,2010,650.61,9.01,1.19,-0.17
2010-07-04,batang,巴塘,Batang,12.69,14.33,20.1,10.64,5.196879352849869,0.77,18358442.0,21529720.0,4563.8594,99.05,29.85,2010,651.49,10.34,0.66,-0.06
2010-07-05,batang,巴塘,Batang,3.01,14.04,18.26,10.59,4.3578689434933775,0.76,15398772.0,18062092.0,4545.7344,99.05,29.85,2010,651.31,10.37,0.69,-0.12
2010-07-06,batang,巴塘,Batang,3.35,14.41,19.29,10.42,5.400596279875643,0.93,19296086.0,22638496.0,4635.453,99.05,29.85,2010,650.55,10.67,0.87,-0.18
2010-07-07,batang,巴塘,Batang,19.25,14.33,18.78,10.61,4.282710333803132,0.54,14993832.0,17594544.0,4729.5156,99.05,29.85,2010,650.84,11.22,0.39,0.09
2010-07-08,batang,巴塘,Batang,14.07,12.99,16.48,10.62,3.4493669936665907,0.71,12398372.0,14551720.0,4860.375,99.05,29.85,2010,650.74,9.71,0.12,0.16
2010-07-09,batang,巴塘,Batang,15.71,12.84,17.83,8.53,3.7301665140965774,0.57,13862480.0,16274124.0,5041.8438,99.05,29.85,2010,649.46,11.37,0.24,-0.01
2010-07-10,batang,巴塘,Batang,7.37,12.85,18.3,9.68,4.280929242649977,0.87,15992086.0,18778260.0,5201.8594,99.05,29.85,2010,649.11,10.19,0.7,-0.2
2010-07-11,batang,巴塘,Batang,9.3,12.66,18.0,8.44,4.158391926001076,0.91,15909388.0,18685380.0,5301.953,99.05,29.85,2010,649.38,10.8,0.85,-0.22
2010-07-12,batang,巴塘,Batang,4.25,14.62,20.5,9.9,5.572167941648211,1.16,19415944.0,22808408.0,5378.7812,99.05,29.85,2010,649.18,9.28,1.07,-0.16
2010-07-13,batang,巴塘,Batang,1.28,15.18,19.62,10.51,5.507217521293288,0.94,18841092.0,22139012.0,5481.203,99.05,29.85,2010,650.01,10.07,0.8,-0.28
2010-07-14,batang,巴塘,Batang,7.79,14.32,18.9,11.36,4.690773107993918,0.9,16763338.0,19701576.0,5574.703,99.05,29.85,2010,650.76,11.17,0.86,-0.14
2010-07-15,batang,巴塘,Batang,12.31,12.94,16.63,10.26,3.1970479489591983,0.74,11749662.0,13811192.0,5705.0625,99.05,29.85,2010,650.95,10.81,0.64,-0.09
2010-07-16,batang,巴塘,Batang,25.83,13.16,17.17,10.36,3.721041024830509,0.83,13640048.0,16030220.0,5848.4062,99.05,29.85,2010,650.29,10.58,0.69,-0.26
2010-07-17,batang,巴塘,Batang,15.95,12.13,14.66,9.68,2.8014441509176486,0.59,10240316.0,12032036.0,5995.4688,99.05,29.85,2010,651.17,9.4,-0.04,-0.34
2010-07-18,batang,巴塘,Batang,10.73,10.09,14.08,4.98,2.4789000402095374,0.37,9523408.0,11187016.0,6118.0,99.05,29.85,2010,651.95,7.65,-0.17,-0.02
2010-07-19,batang,巴塘,Batang,1.63,12.93,17.79,7.12,6.110236983908285,0.63,21831416.0,25638448.0,6124.75,99.05,29.85,2010,650.94,6.05,0.12,-0.05
2010-07-20,batang,巴塘,Batang,3.66,12.57,18.03,9.07,5.169613654565858,0.98,19470428.0,22860286.0,5953.6094,99.05,29.85,2010,650.2,8.91,0.93,-0.2
2010-07-21,batang,巴塘,Batang,4.16,14.26,18.63,9.66,4.545644398388459,1.07,15399450.0,18075696.0,5696.078,99.05,29.85,2010,649.41,8.37,1.04,-0.16
2010-07-22,batang,巴塘,Batang,12.89,13.67,18.19,10.43,4.431458953754663,0.67,15888792.0,18646668.0,5459.6875,99.05,29.85,2010,649.88,10.48,0.61,-0.11
2010-07-23,batang,巴塘,Batang,5.48,12.82,18.5,7.81,5.145334801564576,0.43,18880606.0,22152642.0,5302.125,99.05,29.85,2010,650.15,10.59,0.23,-0.14
2010-07-24,batang,巴塘,Batang,2.54,14.27,20.88,9.19,5.698113741148018,0.66,19772882.0,23193568.0,5131.1094,99.05,29.85,2010,649.44,8.5,0.14,-0.26
2010-07-25,batang,巴塘,Batang,9.11,11.77,16.21,9.34,3.997270061940152,0.78,15346682.0,17996858.0,4917.5625,99.05,29.85,2010,650.13,9.34,0.7,-0.11
2010-07-26,batang,巴塘,Batang,4.11,12.41,16.95,8.51,4.177978114600687,1.12,15649916.0,18348212.0,4732.8906,99.05,29.85,2010,652.17,8.75,1.04,-0.29
2010-07-27,batang,巴塘,Batang,3.66,12.42,17.94,7.93,4.233168955784434,0.49,15487132.0,18154140.0,4596.453,99.05,29.85,2010,652.2,8.96,0.31,-0.01
2010-07-28,batang,巴塘,Batang,5.26,12.6,20.76,7.13,5.273866762786751,0.52,19421834.0,22760066.0,4462.172000000001,99.05,29.85,2010,651.28,9.2,-0.18,-0.0
2010-07-29,batang,巴塘,Batang,6.0,12.66,19.71,7.64,5.234114368970965,0.63,19341038.0,22659892.0,4338.6875,99.05,29.85,2010,651.02,9.09,-0.18,0.06
2010-07-30,batang,巴塘,Batang,1.88,14.11,20.76,8.1,6.101231191720482,0.44,21254196.0,24895984.0,4187.0312,99.05,29.85,2010,651.11,8.34,0.09,-0.07
2010-07-31,batang,巴塘,Batang,5.07,13.52,20.41,7.84,5.659300860157829,0.47,20207406.0,23664742.0,4023.0938,99.05,29.85,2010,651.39,9.32,0.12,-0.06
2010-08-01,batang,巴塘,Batang,4.75,12.29,17.43,7.8,4.145820502537888,0.56,15416522.0,18049560.0,3874.375,99.05,29.85,2010,652.22,9.51,0.4,-0.27
2010-08-02,batang,巴塘,Batang,17.83,12.66,18.89,8.43,5.028347854495565,0.78,18886236.0,22106446.0,3795.3906,99.05,29.85,2010,651.53,9.66,0.47,-0.04
2010-08-03,batang,巴塘,Batang,6.13,12.07,16.39,9.26,3.6243725376001295,0.81,13798698.0,16146338.0,3739.5,99.05,29.85,2010,650.51,9.71,0.76,-0.19
2010-08-04,batang,巴塘,Batang,4.93,12.18,16.66,8.18,4.470043909271502,0.83,17013736.0,19904770.0,3679.5156,99.05,29.85,2010,652.09,9.3,0.76,-0.15
2010-08-05,batang,巴塘,Batang,8.19,12.74,18.63,8.15,4.9418621984686695,0.55,18100178.0,21172620.0,3642.6562,99.05,29.85,2010,654.26,9.08,0.27,-0.15
2010-08-06,batang,巴塘,Batang,3.46,11.95,17.82,6.46,5.208735358736341,0.45,19530664.0,22840858.0,3602.1562,99.05,29.85,2010,654.86,8.96,0.25,-0.15
2010-08-07,batang,巴塘,Batang,3.01,13.36,19.54,8.16,5.650200208065367,0.56,20256624.0,23682930.0,3524.3281,99.05,29.85,2010,652.23,8.48,-0.16,-0.19
2010-08-08,batang,巴塘,Batang,5.52,12.55,18.0,7.16,5.190115940410776,0.55,19323508.0,22587134.0,3411.2031,99.05,29.85,2010,650.99,9.69,0.39,-0.17
2010-08-09,batang,巴塘,Batang,4.09,13.24,18.95,8.3,5.260667149260087,0.61,19098544.0,22318670.0,3308.9844,99.05,29.85,2010,650.79,9.36,0.46,-0.23
2010-08-10,batang,巴塘,Batang,0.94,14.81,19.76,9.56,5.94468945400347,1.1,20791802.0,24290852.0,3217.2656,99.05,29.85,2010,651.29,9.35,1.05,-0.22
2010-08-11,batang,巴塘,Batang,0.36,15.45,20.54,10.46,5.51321334801322,1.09,18058940.0,21093190.0,3115.6094,99.05,29.85,2010,652.03,7.81,1.01,-0.27
2010-08-12,batang,巴塘,Batang,0.37,15.97,20.78,10.89,6.193798449742342,1.08,20477374.0,23912870.0,3010.0156,99.05,29.85,2010,651.53,8.72,1.04,-0.19
2010-08-13,batang,巴塘,Batang,1.01,15.09,19.26,10.65,4.759478702487701,0.93,15703892.0,18334852.0,2916.4844,99.05,29.85,2010,650.66,8.35,0.89,-0.09
2010-08-14,batang,巴塘,Batang,8.53,13.05,17.23,9.92,3.300668895470732,0.45,11899556.0,13890572.0,2863.7656,99.05,29.85,2010,651.91,10.4,0.24,0.06
2010-08-15,batang,巴塘,Batang,6.24,14.06,20.56,9.03,5.570483459604831,0.56,19835934.0,23146492.0,2883.7969,99.05,29.85,2010,652.88,10.25,0.15,0.12
2010-08-16,batang,巴塘,Batang,0.22,15.83,21.08,9.67,6.183575484671482,1.05,20183630.0,23539644.0,2894.5781,99.05,29.85,2010,651.17,7.34,1.01,-0.19
2010-08-17,batang,巴塘,Batang,1.22,14.9,19.75,10.6,5.095818968266991,1.15,17232478.0,20087858.0,2835.9219,99.05,29.85,2010,650.05,8.7,1.1,-0.15
2010-08-18,batang,巴塘,Batang,9.81,13.63,17.09,10.26,3.873471515213772,1.08,13744624.0,16013712.0,2811.7031,99.05,29.85,2010,651.41,9.48,1.03,-0.24
2010-08-19,batang,巴塘,Batang,3.32,12.93,16.57,10.1,3.5469517414875744,0.9,12907314.0,15028114.0,2892.3281,99.05,29.85,2010,653.39,9.43,0.84,-0.16
2010-08-20,batang,巴塘,Batang,19.71,13.33,18.39,7.81,4.452367787080989,1.13,16422904.0,19112970.0,2972.2656,99.05,29.85,2010,652.29,9.61,0.73,0.18
2010-08-21,batang,巴塘,Batang,4.58,12.41,16.94,7.64,3.6730423657333713,0.51,13220932.0,15379512.0,3057.875,99.05,29.85,2010,651.99,7.59,0.08,-0.02
2010-08-22,batang,巴塘,Batang,4.26,12.1,16.0,9.33,3.285909811182653,1.36,12709798.0,14776858.0,3120.8125,99.05,29.85,2010,650.73,9.38,1.31,-0.29
2010-08-23,batang,巴塘,Batang,12.23,10.72,14.05,8.34,2.0856308191139914,0.83,8324598.0,9675578.0,3203.1875,99.05,29.85,2010,651.12,9.37,0.7,-0.37
2010-08-24,batang,巴塘,Batang,13.19,11.55,16.52,8.5,3.424999812038941,0.68,13262814.0,15405532.0,3451.4688,99.05,29.85,2010,651.29,9.48,0.52,-0.16
2010-08-25,batang,巴塘,Batang,14.1,12.57,16.71,9.15,3.8610983153059344,0.63,14350424.0,16659476.0,3668.2812,99.05,29.85,2010,651.17,9.66,0.49,-0.19
2010-08-26,batang,巴塘,Batang,9.61,12.08,16.64,9.06,3.1164886951858715,0.48,11690252.0,13563132.0,3717.8125,99.05,29.85,2010,651.75,9.97,0.34,-0.14
2010-08-27,batang,巴塘,Batang,7.21,12.2,16.93,8.89,4.475743463815864,0.51,16864508.0,19553656.0,3687.2812,99.05,29.85,2010,652.4,9.54,0.36,-0.11
2010-08-28,batang,巴塘,Batang,1.0,13.41,18.47,9.2,4.8756942776487735,0.91,17534756.0,20321676.0,3609.5469,99.05,29.85,2010,652.0,8.24,0.82,-0.26
2010-08-29,batang,巴塘,Batang,4.58,14.06,18.53,9.28,4.045915488567792,1.09,13296660.0,15402462.0,3472.3281,99.05,29.85,2010,650.72,6.94,1.07,-0.14
2010-08-30,batang,巴塘,Batang,23.06,11.23,14.86,8.6,2.4577685447201123,0.64,9537336.0,11043200.0,3384.5156,99.05,29.85,2010,650.83,9.5,0.19,-0.19
2010-08-31,batang,巴塘,Batang,10.63,11.63,15.78,8.52,3.1220414973106583,0.7,11778990.0,13633278.0,3459.4219,99.05,29.85,2010,650.95,8.49,0.54,-0.26
2010-09-01,batang,巴塘,Batang,11.92,10.28,15.16,6.59,2.8017935261063456,0.42,11091676.0,12829908.0,3515.125,99.05,29.85,2010,652.06,8.68,-0.05,-0.01
2010-09-02,batang,巴塘,Batang,7.81,11.2,16.61,6.65,4.405676717437778,0.39,17012900.0,19666508.0,3514.0625,99.05,29.85,2010,652.85,8.93,0.08,0.02
2010-09-03,batang,巴塘,Batang,6.24,11.29,16.38,8.17,3.898416450686161,1.03,15563526.0,17978980.0,3448.2188,99.05,29.85,2010,650.78,8.6,0.98,-0.22
2010-09-04,batang,巴塘,Batang,5.21,11.45,15.73,8.58,3.2705721038826527,1.26,12570928.0,14516864.0,3406.25,99.05,29.85,2010,649.22,7.94,1.22,-0.25
2010-09-05,batang,巴塘,Batang,10.03,11.78,16.2,8.62,3.754020950097084,1.13,14539970.0,16782110.0,3480.2656,99.05,29.85,2010,649.22,8.44,1.08,-0.16
2010-09-06,batang,巴塘,Batang,6.96,10.45,13.91,7.11,2.571815086939253,0.58,9612558.0,11086906.0,3646.0156,99.05,29.85,2010,651.59,5.88,-0.37,0.25
2010-09-07,batang,巴塘,Batang,2.73,11.5,16.54,6.86,4.859901899734128,0.86,19166482.0,22098144.0,3746.25,99.05,29.85,2010,651.44,8.27,0.78,-0.14
2010-09-08,batang,巴塘,Batang,1.2,12.23,15.81,8.61,3.6015215947447308,1.46,12832672.0,14786244.0,3662.7344,99.05,29.85,2010,651.06,6.84,1.43,-0.19
2010-09-09,batang,巴塘,Batang,7.56,12.01,16.88,8.78,4.3631044649961614,0.65,16596446.0,19114096.0,3541.9531,99.05,29.85,2010,651.25,8.57,0.59,-0.06
2010-09-10,batang,巴塘,Batang,29.21,10.74,15.33,6.23,3.4790511606245755,0.49,13729668.0,15806160.0,3540.5156,99.05,29.85,2010,651.54,8.7,0.22,-0.06
2010-09-11,batang,巴塘,Batang,9.38,9.62,13.61,6.1,2.5560290269061707,0.77,10453068.0,12074460.0,3600.3438,99.05,29.85,2010,652.86,7.55,0.45,-0.26
2010-09-12,batang,巴塘,Batang,8.83,10.99,14.76,8.28,3.141305218777197,0.65,12221654.0,14072720.0,3554.125,99.05,29.85,2010,652.24,8.23,0.51,-0.24
2010-09-13,batang,巴塘,Batang,4.63,11.2,15.11,8.39,3.7996592009784376,0.49,14673070.0,16872370.0,3452.4688,99.05,29.85,2010,651.43,8.2,0.38,-0.22
2010-09-14,batang,巴塘,Batang,2.82,11.59,17.58,7.78,4.4840496956130975,0.89,17584536.0,20201052.0,3330.9844,99.05,29.85,2010,651.7,8.18,0.83,-0.17
2010-09-15,batang,巴塘,Batang,2.76,11.43,16.38,8.26,4.333115958385544,1.06,17035970.0,19559588.0,3170.6406,99.05,29.85,2010,651.96,7.58,1.0,-0.29
2010-09-16,batang,巴塘,Batang,2.19,11.51,16.3,7.99,4.15486343267602,1.21,16055308.0,18418388.0,2975.9531,99.05,29.85,2010,651.33,6.99,1.15,-0.31
2010-09-17,batang,巴塘,Batang,2.91,11.72,16.39,8.15,4.086616214244154,1.05,15717652.0,18015616.0,2792.1719,99.05,29.85,2010,651.49,7.53,1.0,-0.24
2010-09-18,batang,巴塘,Batang,12.61,10.15,13.1,8.5,2.1692938299784514,0.83,8807394.0,10088708.0,2716.2031,99.05,29.85,2010,652.57,8.35,0.66,-0.39
2010-09-19,batang,巴塘,Batang,6.4,10.48,15.2,7.05,3.747448428192134,1.1,15677040.0,17938660.0,2751.8125,99.05,29.85,2010,652.61,8.14,1.05,-0.28
2010-09-20,batang,巴塘,Batang,0.99,10.77,15.68,5.87,3.9343765967812105,0.97,15431872.0,17643110.0,2766.0156,99.05,29.85,2010,652.43,6.27,0.94,-0.14
2010-09-21,batang,巴塘,Batang,0.15,12.49,17.89,6.12,5.333661861002423,0.95,19327834.0,22078974.0,2691.0781,99.05,29.85,2010,654.02,4.31,0.84,-0.28
2010-09-22,batang,巴塘,Batang,0.6,12.39,17.48,6.93,5.412606969609591,1.07,20004634.0,22833862.0,2604.6875,99.05,29.85,2010,653.75,5.15,1.01,-0.17
2010-09-23,batang,巴塘,Batang,0.39,11.86,16.79,7.67,4.308246938463091,1.13,15709621.0,17915540.0,2526.375,99.05,29.85,2010,651.35,4.93,1.08,-0.15
2010-09-24,batang,巴塘,Batang,0.55,11.58,16.77,7.41,3.9012880450957055,1.29,14382434.0,16388571.0,2433.9688,99.05,29.85,2010,649.54,5.55,1.25,-0.09
2010-09-25,batang,巴塘,Batang,3.19,10.54,16.09,6.47,4.162485325619676,1.08,16840136.0,19173580.0,2337.0469,99.05,29.85,2010,650.36,6.44,1.04,-0.09
2010-09-26,batang,巴塘,Batang,0.98,10.99,16.31,6.43,4.146539764981587,1.29,16287304.0,18527284.0,2268.875,99.05,29.85,2010,651.37,6.03,1.27,-0.08
2010-09-27,batang,巴塘,Batang,0.66,10.68,15.41,6.56,3.6541506367074,1.25,14034698.0,15951808.0,2259.0312,99.05,29.85,2010,651.04,5.29,1.24,-0.12
2010-09-28,batang,巴塘,Batang,6.41,9.49,12.97,3.62,3.204320474443814,0.6,12811456.0,14551671.0,2301.3828,99.05,29.85,2010,653.56,4.94,0.09,0.26
2010-09-29,batang,巴塘,Batang,3.47,8.87,14.11,4.17,3.5151736945064984,0.78,14593533.0,17099202.0,2387.8672,99.05,29.85,2010,653.11,6.16,0.74,-0.1
2010-09-30,batang,巴塘,Batang,0.48,10.02,14.99,4.41,4.125431704898959,1.18,15578143.0,17937738.0,2373.2422,99.05,29.85,2010,651.99,2.54,1.16,-0.08
2010-10-01,batang,巴塘,Batang,8.21,7.53,14.14,2.96,3.464700101569052,0.9,15224850.0,17381064.0,2320.664,99.05,29.85,2010,652.95,3.78,0.27,0.2
2010-10-02,batang,巴塘,Batang,2.36,7.22,12.33,3.06,3.3134647555858963,0.83,14162713.0,17157880.0,2314.3438,99.05,29.85,2010,653.41,4.79,0.77,-0.15
2010-10-03,batang,巴塘,Batang,8.91,7.4,12.95,3.9,3.729472438408701,0.77,16357555.0,18989000.0,2322.3516,99.05,29.85,2010,653.01,4.33,0.49,0.09
2010-10-04,batang,巴塘,Batang,6.85,7.86,13.44,4.1,3.734353415951383,0.82,16022352.0,18708518.0,2354.4375,99.05,29.85,2010,651.82,4.57,0.63,-0.02
2010-10-05,batang,巴塘,Batang,8.21,7.05,13.1,2.72,3.577002936799773,0.95,15865307.0,18348514.0,2372.5625,99.05,29.85,2010,651.61,3.25,0.44,0.17
2010-10-06,batang,巴塘,Batang,4.32,4.09,7.81,0.83,1.653521231082158,0.69,6899778.0,9217782.0,2367.7656,99.05,29.85,2010,654.15,2.16,-0.52,0.35
2010-10-07,batang,巴塘,Batang,1.26,6.15,10.31,0.74,3.350300290863004,0.55,13431956.0,16727200.0,2306.2578,99.05,29.85,2010,653.09,-0.04,-0.26,-0.07
2010-10-08,batang,巴塘,Batang,7.6,6.35,10.38,3.95,2.398472547524343,0.86,10655503.0,12624678.0,2200.3281,99.05,29.85,2010,649.88,4.08,0.84,-0.15
2010-10-09,batang,巴塘,Batang,5.57,5.28,8.41,3.64,1.4047648481081705,1.38,6445776.0,7719970.0,2097.9688,99.05,29.85,2010,645.94,3.55,1.35,-0.24
2010-10-10,batang,巴塘,Batang,1.84,8.22,12.83,3.77,3.6402874755869865,1.18,14846668.0,17209206.0,2030.8516,99.05,29.85,2010,647.5,2.39,1.15,0.07
2010-10-11,batang,巴塘,Batang,0.59,8.47,13.16,3.83,3.708031234642175,1.54,14243270.0,16188930.0,2018.0469,99.05,29.85,2010,650.14,0.18,1.51,0.05
2010-10-12,batang,巴塘,Batang,0.32,9.09,14.21,4.48,4.25805965265625,1.29,16381906.0,18468518.0,1996.8047,99.05,29.85,2010,651.87,-0.44,1.25,0.11
2010-10-13,batang,巴塘,Batang,12.79,8.01,13.84,3.88,3.271627892998993,0.99,14395996.0,16173158.0,1938.7422,99.05,29.85,2010,652.01,4.41,0.45,0.18
2010-10-14,batang,巴塘,Batang,9.4,4.77,8.3,2.99,1.169965525428938,0.41,5283524.0,6274512.0,1881.9844,99.05,29.85,2010,653.85,3.6,-0.03,0.27
2010-10-15,batang,巴塘,Batang,3.88,4.88,7.79,-0.32,1.6833614224449318,0.45,7660322.0,8952164.0,1815.8906,99.05,29.85,2010,654.83,2.85,-0.23,0.04
2010-10-16,batang,巴塘,Batang,1.31,6.34,11.9,-0.44,3.3925096965491446,0.45,14681566.0,16781252.0,1736.0703,99.05,29.85,2010,653.75,-0.13,0.16,-0.24
2010-10-17,batang,巴塘,Batang,11.94,3.82,5.78,2.02,1.1752087148361705,0.35,5638746.0,6507612.0,1653.3984,99.05,29.85,2010,654.69,2.74,-0.14,-0.05
2010-10-18,batang,巴塘,Batang,3.5,4.08,7.93,1.39,2.087332123241145,0.43,8659700.0,11628156.0,1582.7578,99.05,29.85,2010,655.05,2.57,0.12,-0.05
2010-10-19,batang,巴塘,Batang,1.12,4.23,10.24,-0.85,3.1809896259275354,0.56,14036726.0,17347920.0,1512.375,99.05,29.85,2010,655.38,-0.3,-0.44,-0.01
2010-10-20,batang,巴塘,Batang,0.44,5.27,10.68,-0.68,3.9844343445389474,0.55,17271128.0,20215476.0,1442.5469,99.05,29.85,2010,653.65,-4.41,0.29,-0.09
2010-10-21,batang,巴塘,Batang,0.59,5.62,10.23,0.5,3.269036794771908,1.33,14571346.0,16664228.0,1376.0859,99.05,29.85,2010,649.34,-0.71,1.28,-0.25
2010-10-22,batang,巴塘,Batang,1.99,6.74,11.67,2.66,3.2356813442095347,1.39,14093738.0,15935148.0,1314.1641,99.05,29.85,2010,648.41,0.97,1.33,-0.19
2010-10-23,batang,巴塘,Batang,0.58,7.94,12.83,3.55,3.1191965779414232,1.48,12844120.0,14431364.0,1261.5547,99.05,29.85,2010,648.0,2.14,1.44,-0.16
2010-10-24,batang,巴塘,Batang,1.2,8.35,13.56,3.98,3.4918287953029066,1.34,14445984.0,16177888.0,1221.7344,99.05,29.85,2010,648.69,2.26,1.29,-0.1
2010-10-25,batang,巴塘,Batang,0.34,7.79,12.87,2.25,3.733612330821439,1.44,14707070.0,16450852.0,1199.5234,99.05,29.85,2010,650.35,-1.53,1.39,0.1
2010-10-26,batang,巴塘,Batang,0.11,7.01,12.06,2.22,3.807878175538221,1.36,15118122.0,16900868.0,1186.2812,99.05,29.85,2010,651.15,-4.04,1.3,0.21
2010-10-27,batang,巴塘,Batang,0.25,6.82,11.72,1.92,3.531723003611781,1.44,13999136.0,15644772.0,1172.2578,99.05,29.85,2010,650.34,-3.33,1.39,0.13
2010-10-28,batang,巴塘,Batang,1.03,5.65,10.98,1.05,3.5488082731484067,1.21,15190756.0,16996424.0,1154.8984,99.05,29.85,2010,650.92,-4.16,1.05,0.4
2010-10-29,batang,巴塘,Batang,1.8,3.88,10.08,-0.69,2.616912571687372,0.64,12705498.0,14204028.0,1137.2578,99.05,29.85,2010,655.03,-1.0,0.18,-0.18
2010-10-30,batang,巴塘,Batang,0.28,5.94,11.55,-0.72,3.698545435256457,0.91,16558044.0,18518888.0,1116.9453,99.05,29.85,2010,655.66,-1.58,0.85,-0.21
2010-10-31,batang,巴塘,Batang,0.01,6.35,11.63,1.31,3.2837359614511947,1.15,13988832.0,15626324.0,1090.6406,99.05,29.85,2010,652.36,-1.5,1.08,-0.19
2010-11-01,batang,巴塘,Batang,0.38,5.77,10.79,1.25,2.7463673531503248,1.64,12147806.0,13563656.0,1059.6016,99.05,29.85,2010,649.65,0.05,1.63,-0.12
2010-11-02,batang,巴塘,Batang,16.16,3.57,8.51,0.01,1.7119908322042217,1.02,9058104.0,10216772.0,1035.8047,99.05,29.85,2010,650.63,2.06,0.54,0.21
2010-11-03,batang,巴塘,Batang,6.88,-1.09,2.13,-8.99,1.6084623856072158,0.64,5064130.0,11216720.0,1055.1172,99.05,29.85,2010,653.95,-2.61,-0.41,0.39
2010-11-04,batang,巴塘,Batang,0.1,-7.5,0.94,-15.5,1.9953723550590208,0.55,6018434.0,18581476.0,1083.1172,99.05,29.85,2010,655.96,-10.2,-0.55,0.05
2010-11-05,batang,巴塘,Batang,0.01,-8.54,-0.7,-14.47,1.9653918713656933,0.39,6417908.0,18399452.0,1086.0469,99.05,29.85,2010,654.99,-14.13,-0.32,-0.13
2010-11-06,batang,巴塘,Batang,0.04,-4.6,4.4,-13.59,2.398240989668111,0.49,7357050.0,19031576.0,1064.0469,99.05,29.85,2010,653.21,-8.17,0.13,-0.21
2010-11-07,batang,巴塘,Batang,0.27,-2.78,5.99,-11.7,2.061772649848668,0.41,6896716.0,14935660.0,1029.2266,99.05,29.85,2010,653.51,-5.4,-0.0,-0.1
2010-11-08,batang,巴塘,Batang,0.47,-3.1,4.18,-9.98,2.2010789151534262,0.77,8906468.0,16814384.0,993.6797,99.05,29.85,2010,657.01,-6.15,-0.76,-0.01
2010-11-09,batang,巴塘,Batang,0.03,-6.58,1.1,-13.5,1.9402221333749583,0.62,9893724.0,16987548.0,962.875,99.05,29.85,2010,657.8,-10.64,-0.61,-0.08
2010-11-10,batang,巴塘,Batang,0.0,-5.34,3.08,-14.1,2.3353908735187843,0.6,11565226.0,18724068.0,938.0547,99.05,29.85,2010,655.58,-12.13,-0.58,-0.11
2010-11-11,batang,巴塘,Batang,0.0,-5.3,2.24,-11.44,2.3878969064097544,0.49,12382444.0,18802604.0,918.1094,99.05,29.85,2010,652.44,-13.35,-0.39,-0.06
2010-11-12,batang,巴塘,Batang,0.57,-3.47,3.3,-9.86,2.111882002080183,0.42,10787828.0,15484960.0,901.84375,99.05,29.85,2010,648.79,-7.99,-0.09,-0.11
2010-11-13,batang,巴塘,Batang,1.16,-0.28,4.68,-6.3,2.0984913851479083,0.88,9776236.0,13696376.0,888.5547,99.05,29.85,2010,649.59,-4.39,0.83,-0.17
2010-11-14,batang,巴塘,Batang,4.43,-1.18,3.37,-7.38,1.9505054185689648,0.56,9537488.0,13124944.0,878.2969,99.05,29.85,2010,652.51,-4.59,0.43,0.03
2010-11-15,batang,巴塘,Batang,5.07,-2.98,3.66,-9.04,2.045841856456331,0.41,8515838.0,14904644.0,871.34375,99.05,29.85,2010,652.33,-5.86,0.08,-0.02
2010-11-16,batang,巴塘,Batang,2.67,-2.78,3.68,-9.25,1.7819458011949687,0.47,5835966.0,12974180.0,866.35156,99.05,29.85,2010,650.05,-5.14,0.31,-0.1
2010-11-17,batang,巴塘,Batang,8.17,-1.92,3.77,-11.52,1.9914618265909887,0.47,6731508.0,14054976.0,860.9375,99.05,29.85,2010,651.18,-4.05,0.12,0.17
2010-11-18,batang,巴塘,Batang,0.06,-9.04,-1.29,-15.76,1.7530339130684642,0.83,5071070.0,16651908.0,856.03906,99.05,29.85,2010,655.53,-17.29,-0.78,0.07
2010-11-19,batang,巴塘,Batang,2.96,-6.39,-1.18,-14.52,1.9246368553278743,0.35,5401700.0,15866560.0,848.0156,99.05,29.85,2010,648.26,-12.95,0.06,-0.13
2010-11-20,batang,巴塘,Batang,12.04,-2.18,1.51,-6.18,1.4943713152794962,0.61,3263616.0,10857372.0,840.47656,99.05,29.85,2010,645.73,-3.76,-0.25,0.21
2010-11-21,batang,巴塘,Batang,11.71,-3.72,-1.25,-6.55,0.9737670204152336,0.48,2011048.0,7437940.0,837.46875,99.05,29.85,2010,647.38,-4.89,-0.17,0.29
2010-11-22,batang,巴塘,Batang,0.35,-7.61,-1.32,-15.83,1.4703211328023995,0.5,3548086.0,13580532.0,833.0156,99.05,29.85,2010,649.74,-9.92,0.33,0.24
2010-11-23,batang,巴塘,Batang,1.31,-8.96,-4.0,-15.01,1.4019928310774088,0.44,3668382.0,13699460.0,825.64844,99.05,29.85,2010,650.13,-11.7,0.01,0.19
2010-11-24,batang,巴塘,Batang,0.68,-6.33,0.84,-14.61,1.7402060292332922,0.31,3951652.0,14673912.0,818.21094,99.05,29.85,2010,652.46,-9.0,-0.12,0.16
2010-11-25,batang,巴塘,Batang,0.12,-9.85,-3.19,-17.18,1.3828607864214049,0.33,3857302.0,14022488.0,811.25,99.05,29.85,2010,651.96,-12.29,0.04,-0.0
2010-11-26,batang,巴塘,Batang,0.31,-9.73,-2.85,-17.38,1.3371138903801052,0.34,3786156.0,13463692.0,804.4922,99.05,29.85,2010,650.25,-12.24,-0.11,-0.01
2010-11-27,batang,巴塘,Batang,0.35,-4.33,-0.74,-11.07,1.4622004496209224,0.42,3245704.0,11368660.0,798.03125,99.05,29.85,2010,648.77,-6.33,0.36,0.14
2010-11-28,batang,巴塘,Batang,1.73,-1.9,2.06,-5.46,1.5832475833889266,0.67,3370044.0,11530840.0,792.28906,99.05,29.85,2010,648.45,-3.3,0.63,0.16
2010-11-29,batang,巴塘,Batang,11.7,-1.66,2.49,-5.09,1.8851269900110268,0.64,4081542.0,13501552.0,789.4922,99.05,29.85,2010,647.9,-3.42,0.31,0.34
2010-11-30,batang,巴塘,Batang,10.76,-3.5,-1.01,-5.6,0.9684997376339712,0.68,1946756.0,7358728.0,791.09375,99.05,29.85,2010,648.88,-5.09,-0.44,0.48
2010-12-01,batang,巴塘,Batang,0.4,-9.04,-2.79,-16.28,1.3984295400289477,0.74,3726048.0,14400724.0,788.96875,99.05,29.85,2010,652.31,-11.41,-0.68,0.25
2010-12-02,batang,巴塘,Batang,0.01,-12.62,-6.2,-18.39,1.3732895762500783,0.41,4250266.0,16031748.0,781.71094,99.05,29.85,2010,652.96,-17.97,-0.21,0.25
2010-12-03,batang,巴塘,Batang,0.08,-14.95,-7.17,-21.15,1.1393545877500943,0.36,4188708.0,15454568.0,773.78906,99.05,29.85,2010,652.58,-18.29,-0.29,0.11
2010-12-04,batang,巴塘,Batang,0.02,-15.49,-7.97,-22.5,1.1111337379168078,0.41,4329142.0,15622164.0,766.4531,99.05,29.85,2010,652.16,-19.28,-0.26,0.29
2010-12-05,batang,巴塘,Batang,0.01,-14.16,-6.8,-22.01,1.2526280721913257,0.35,4559112.0,16091476.0,759.53906,99.05,29.85,2010,652.22,-18.24,-0.14,0.14
2010-12-06,batang,巴塘,Batang,0.03,-14.42,-5.06,-22.77,1.1934060026349984,0.34,4517056.0,15606212.0,752.91406,99.05,29.85,2010,654.0,-17.97,-0.25,-0.02
2010-12-07,batang,巴塘,Batang,0.01,-12.11,-4.92,-21.09,1.3213012994863798,0.53,4440004.0,15026092.0,746.6094,99.05,29.85,2010,653.61,-17.65,-0.47,0.19
2010-12-08,batang,巴塘,Batang,0.0,-10.62,-3.9,-17.34,1.5189395361871747,0.32,4749186.0,15734396.0,740.5625,99.05,29.85,2010,650.81,-15.67,-0.28,0.08
2010-12-09,batang,巴塘,Batang,0.71,-8.75,-2.84,-15.29,1.4311414209906512,0.23,4126626.0,13363000.0,734.6797,99.05,29.85,2010,647.51,-12.33,-0.06,-0.06
2010-12-10,batang,巴塘,Batang,0.79,-4.18,0.73,-10.41,1.3179147533922573,0.57,3179628.0,10316724.0,729.03125,99.05,29.85,2010,644.87,-6.13,0.53,0.02
2010-12-11,batang,巴塘,Batang,0.53,-4.08,0.35,-8.27,1.5101972179772252,0.9,3712582.0,12021140.0,723.84375,99.05,29.85,2010,642.3,-6.77,0.89,0.01
2010-12-12,batang,巴塘,Batang,2.67,-5.99,-2.02,-11.46,1.4265653420854687,0.52,3750946.0,12041396.0,718.5625,99.05,29.85,2010,643.65,-8.6,-0.05,0.34
2010-12-13,batang,巴塘,Batang,0.12,-10.92,-3.57,-17.05,1.2804484675841643,0.38,4192488.0,13835312.0,713.5156,99.05,29.85,2010,648.42,-13.51,-0.27,0.05
2010-12-14,batang,巴塘,Batang,2.52,-9.39,-3.37,-17.93,1.3826662093254365,0.64,4408570.0,14305072.0,708.2578,99.05,29.85,2010,645.56,-11.79,0.44,-0.03
2010-12-15,batang,巴塘,Batang,0.51,-9.34,-4.51,-16.98,1.6863393972170126,0.95,4559154.0,15329204.0,703.02344,99.05,29.85,2010,650.22,-21.31,-0.42,0.8
2010-12-16,batang,巴塘,Batang,0.0,-16.35,-9.36,-21.77,1.1433345961978312,0.29,4937006.0,16265228.0,698.0078,99.05,29.85,2010,651.9,-24.4,-0.2,0.14
2010-12-17,batang,巴塘,Batang,0.0,-14.85,-8.44,-22.27,1.2283844420030474,0.2,4914756.0,15865440.0,693.09375,99.05,29.85,2010,648.25,-22.42,0.02,-0.02
2010-12-18,batang,巴塘,Batang,0.09,-12.7,-6.32,-21.54,1.2760475841546923,0.59,4894716.0,15492836.0,688.2422,99.05,29.85,2010,647.22,-16.54,0.42,-0.36
2010-12-19,batang,巴塘,Batang,0.15,-10.48,-4.21,-17.1,1.280793371801345,0.77,4581484.0,14275904.0,683.4375,99.05,29.85,2010,647.57,-13.0,0.7,-0.24
2010-12-20,batang,巴塘,Batang,0.05,-13.78,-5.9,-25.03,1.1672289386314765,0.37,4799416.0,14694808.0,678.71875,99.05,29.85,2010,650.47,-17.46,-0.25,0.19
2010-12-21,batang,巴塘,Batang,0.02,-17.28,-10.29,-25.68,1.0012901722146494,0.29,5060378.0,15226248.0,674.03125,99.05,29.85,2010,649.52,-23.37,-0.26,0.07
2010-12-22,batang,巴塘,Batang,0.0,-14.43,-7.85,-22.36,1.204242854379166,0.22,5153344.0,15227308.0,669.375,99.05,29.85,2010,645.54,-20.99,-0.03,-0.08
2010-12-23,batang,巴塘,Batang,0.35,-11.86,-5.81,-18.36,1.3672679934749945,0.47,5329862.0,15449416.0,664.7422,99.05,29.85,2010,644.36,-16.47,0.35,-0.19
2010-12-24,batang,巴塘,Batang,1.51,-9.73,-3.51,-15.2,1.3386099058879164,0.46,4664306.0,13486260.0,660.15625,99.05,29.85,2010,644.92,-13.33,0.16,0.11
2010-12-25,batang,巴塘,Batang,1.14,-11.59,-6.99,-18.3,1.0017545159240109,0.82,3731096.0,11207172.0,655.59375,99.05,29.85,2010,648.28,-15.73,-0.73,0.35
2010-12-26,batang,巴塘,Batang,0.02,-14.16,-7.77,-20.7,1.2146745180169287,0.25,5146648.0,15328816.0,651.0469,99.05,29.85,2010,648.68,-18.73,-0.16,0.11
2010-12-27,batang,巴塘,Batang,0.03,-13.99,-6.4,-21.38,1.163123440366456,0.31,5029940.0,14713084.0,646.5469,99.05,29.85,2010,648.15,-17.68,0.03,-0.1
2010-12-28,batang,巴塘,Batang,0.04,-14.13,-6.28,-22.27,1.144031744974701,0.31,5103054.0,14676388.0,642.0703,99.05,29.85,2010,648.71,-17.18,-0.04,-0.01
2010-12-29,batang,巴塘,Batang,0.03,-12.84,-5.26,-21.96,1.1819092349180722,0.37,4984074.0,14097616.0,637.6172,99.05,29.85,2010,650.75,-16.24,-0.28,0.19
2010-12-30,batang,巴塘,Batang,0.06,-11.54,-4.37,-21.3,1.295750621491382,0.35,5168718.0,14374136.0,633.1719,99.05,29.85,2010,648.64,-14.61,0.03,-0.02
2010-12-31,batang,巴塘,Batang,0.16,-5.78,-1.55,-13.06,1.5111552407693214,0.96,4827628.0,13234900.0,628.77344,99.05,29.85,2010,644.24,-8.54,0.93,-0.14
2011-01-01,batang,巴塘,Batang,3.06,-4.41,0.31,-8.55,1.6340044111280787,1.35,5098414.0,13844460.0,624.9375,99.05,29.85,2011,639.97,-7.29,1.25,0.03
2011-01-02,batang,巴塘,Batang,1.0,-7.19,-1.54,-16.27,1.5774855560100318,0.46,4548384.0,13658088.0,621.625,99.05,29.85,2011,645.74,-12.29,0.06,0.21
2011-01-03,batang,巴塘,Batang,0.06,-14.08,-6.73,-22.68,1.1315034160977973,0.33,4899346.0,14513912.0,617.27344,99.05,29.85,2011,649.15,-17.1,0.05,0.23
2011-01-04,batang,巴塘,Batang,0.03,-14.76,-8.13,-22.54,1.1280771116387796,0.4,5215906.0,15180672.0,612.2344,99.05,29.85,2011,648.75,-18.22,0.18,0.09
2011-01-05,batang,巴塘,Batang,0.07,-12.68,-6.71,-22.98,1.2153073930592375,0.64,5235796.0,14981472.0,607.6094,99.05,29.85,2011,646.95,-15.77,0.59,-0.14
2011-01-06,batang,巴塘,Batang,0.12,-9.83,-3.39,-18.14,1.3412498221938185,0.68,5045380.0,14228748.0,603.21875,99.05,29.85,2011,647.95,-12.42,0.64,-0.09
2011-01-07,batang,巴塘,Batang,0.35,-9.1,-4.26,-17.9,1.2335102846721273,0.81,4499808.0,12550172.0,598.9375,99.05,29.85,2011,647.53,-12.01,0.78,-0.11
2011-01-08,batang,巴塘,Batang,0.27,-6.92,-2.72,-12.05,1.4165330182667226,1.25,4708758.0,13069732.0,594.7344,99.05,29.85,2011,645.32,-10.55,1.24,0.02
2011-01-09,batang,巴塘,Batang,0.15,-8.35,-3.1,-15.25,1.5000571262227458,1.13,5191612.0,14273164.0,590.53125,99.05,29.85,2011,643.76,-13.74,1.11,0.15
2011-01-10,batang,巴塘,Batang,0.99,-10.9,-4.62,-17.97,1.46121718010987,0.51,5877428.0,15891276.0,586.3906,99.05,29.85,2011,643.37,-14.7,0.27,0.12
2011-01-11,batang,巴塘,Batang,0.69,-10.88,-4.98,-17.45,1.3970680410346064,0.46,5080852.0,14170080.0,582.2656,99.05,29.85,2011,644.43,-20.06,-0.02,0.33
2011-01-12,batang,巴塘,Batang,0.0,-13.71,-7.61,-20.97,1.3300116552136871,0.46,6103906.0,16838932.0,578.15625,99.05,29.85,2011,643.45,-18.15,0.4,-0.13
2011-01-13,batang,巴塘,Batang,0.18,-12.03,-6.04,-20.84,1.398961845329645,0.69,6188114.0,16785084.0,574.0625,99.05,29.85,2011,642.88,-15.28,0.62,-0.22
2011-01-14,batang,巴塘,Batang,0.35,-9.08,-3.24,-14.89,1.4010715330341237,0.58,5191386.0,13954772.0,569.9844,99.05,29.85,2011,645.45,-12.14,0.43,-0.02
2011-01-15,batang,巴塘,Batang,1.36,-7.7,-2.61,-13.74,1.4505097450486524,0.87,5263924.0,14137860.0,565.9219,99.05,29.85,2011,644.32,-10.02,0.86,-0.02
2011-01-16,batang,巴塘,Batang,1.01,-8.16,-3.68,-13.54,1.4020967489323313,1.15,5181208.0,14336928.0,561.90625,99.05,29.85,2011,640.54,-10.8,1.15,-0.06
2011-01-17,batang,巴塘,Batang,0.64,-10.32,-5.47,-15.33,1.3390949368745015,0.74,5124482.0,14324896.0,557.8594,99.05,29.85,2011,641.1,-14.17,0.7,0.1
2011-01-18,batang,巴塘,Batang,0.79,-11.92,-8.3,-16.99,1.2025752562286751,1.09,5364682.0,15019328.0,553.8281,99.05,29.85,2011,640.2,-14.88,1.04,-0.25
2011-01-19,batang,巴塘,Batang,1.32,-9.82,-4.83,-13.96,1.4351146044959686,0.8,5298990.0,14996948.0,549.84375,99.05,29.85,2011,640.49,-13.94,0.77,0.13
2011-01-20,batang,巴塘,Batang,0.96,-11.2,-5.95,-18.47,1.4002682486163112,0.57,5134162.0,14919632.0,545.875,99.05,29.85,2011,645.0,-17.99,0.2,0.31
2011-01-21,batang,巴塘,Batang,0.17,-12.83,-7.24,-18.92,1.3594294663456583,0.66,5832174.0,16876804.0,541.9375,99.05,29.85,2011,644.7,-16.64,0.58,-0.18
2011-01-22,batang,巴塘,Batang,0.44,-10.84,-5.48,-17.22,1.4138413482690784,0.77,5568526.0,15930020.0,538.03125,99.05,29.85,2011,645.17,-14.15,0.7,-0.14
2011-01-23,batang,巴塘,Batang,0.8,-7.91,-3.97,-13.44,1.4866933312842745,0.91,5061624.0,14440940.0,534.15625,99.05,29.85,2011,645.81,-11.01,0.88,-0.05
2011-01-24,batang,巴塘,Batang,0.84,-6.49,-2.74,-10.91,1.6176629670634246,1.0,5135166.0,14795204.0,530.3594,99.05,29.85,2011,645.66,-9.49,0.96,-0.05
2011-01-25,batang,巴塘,Batang,0.51,-5.52,-1.66,-8.93,1.665509380804652,1.34,5099520.0,14765812.0,526.6875,99.05,29.85,2011,645.94,-8.89,1.31,0.01
2011-01-26,batang,巴塘,Batang,0.26,-6.01,-1.37,-10.63,1.712134488776867,1.49,5510748.0,15872228.0,523.1719,99.05,29.85,2011,645.94,-9.45,1.47,0.08
2011-01-27,batang,巴塘,Batang,3.71,-7.82,-2.95,-11.7,1.5465067563317587,0.9,5274218.0,15089400.0,519.3281,99.05,29.85,2011,646.79,-10.66,0.42,0.32
2011-01-28,batang,巴塘,Batang,1.2,-8.17,-4.17,-11.79,1.5337741457496736,0.93,4807992.0,15082376.0,515.46875,99.05,29.85,2011,647.53,-11.57,0.9,0.15
2011-01-29,batang,巴塘,Batang,0.75,-7.95,-3.45,-12.54,1.6155956370839657,0.99,5012410.0,15700588.0,511.70312,99.05,29.85,2011,646.72,-11.75,0.96,0.13
2011-01-30,batang,巴塘,Batang,0.98,-7.26,-3.42,-12.01,1.6712089063947144,0.77,5001370.0,15598856.0,507.98438,99.05,29.85,2011,647.57,-10.22,0.69,0.07
2011-01-31,batang,巴塘,Batang,2.05,-7.21,-2.53,-12.03,1.7567909489047944,0.59,5016442.0,15775868.0,504.34375,99.05,29.85,2011,646.01,-11.18,0.43,0.21
2011-02-01,batang,巴塘,Batang,1.11,-10.5,-4.62,-18.91,1.702319740223753,0.33,5455812.0,17721660.0,500.6875,99.05,29.85,2011,648.79,-14.82,0.13,0.07
2011-02-02,batang,巴塘,Batang,0.01,-13.82,-6.16,-20.74,1.4487557736135814,0.3,5687378.0,18212152.0,497.01562,99.05,29.85,2011,651.22,-17.78,-0.11,-0.03
2011-02-03,batang,巴塘,Batang,0.0,-13.99,-6.51,-21.38,1.5709678760354442,0.32,6303176.0,19798996.0,493.39062,99.05,29.85,2011,652.56,-20.1,-0.13,-0.09
2011-02-04,batang,巴塘,Batang,0.0,-13.35,-5.89,-22.25,1.6787972190783984,0.26,6519916.0,20085208.0,489.76562,99.05,29.85,2011,651.89,-21.36,-0.04,-0.11
2011-02-05,batang,巴塘,Batang,0.0,-11.59,-4.31,-19.59,1.8451779381396625,0.35,6656694.0,20123940.0,486.17188,99.05,29.85,2011,650.68,-19.43,0.12,-0.14
2011-02-06,batang,巴塘,Batang,0.0,-9.67,-2.47,-17.21,2.04506017218097,0.27,6748504.0,20024796.0,482.59375,99.05,29.85,2011,648.88,-16.57,0.03,-0.14
2011-02-07,batang,巴塘,Batang,0.0,-9.59,-2.7,-16.46,2.0337954714160005,0.43,6961582.0,20280568.0,479.03125,99.05,29.85,2011,647.06,-15.39,0.27,-0.25
2011-02-08,batang,巴塘,Batang,0.04,-8.03,-1.76,-15.37,2.1518030676217457,0.65,7079906.0,20256988.0,475.46875,99.05,29.85,2011,643.59,-13.46,0.54,-0.32
2011-02-09,batang,巴塘,Batang,7.2,-4.75,0.02,-12.32,2.144204588761389,0.35,5972176.0,16830544.0,472.0625,99.05,29.85,2011,644.48,-7.99,0.03,-0.15
2011-02-10,batang,巴塘,Batang,2.25,-4.95,1.06,-13.9,1.988693256483891,0.62,4691926.0,16030642.0,470.125,99.05,29.85,2011,646.46,-8.91,0.5,-0.09
2011-02-11,batang,巴塘,Batang,1.22,-7.61,-1.73,-14.89,1.99117463825956,0.64,5544416.0,18671104.0,467.15625,99.05,29.85,2011,646.29,-11.11,0.5,-0.24
2011-02-12,batang,巴塘,Batang,1.33,-7.81,-0.54,-16.35,2.030917784203885,0.4,5415582.0,18472104.0,463.375,99.05,29.85,2011,645.99,-12.43,0.14,-0.04
2011-02-13,batang,巴塘,Batang,0.2,-7.72,-1.07,-14.11,2.0229839015138413,0.68,5644692.0,19031600.0,459.46875,99.05,29.85,2011,646.09,-11.81,0.51,-0.29
2011-02-14,batang,巴塘,Batang,0.29,-5.28,0.28,-12.01,2.085695868566099,0.93,5379692.0,17817084.0,455.59375,99.05,29.85,2011,644.39,-8.99,0.84,-0.28
2011-02-15,batang,巴塘,Batang,0.34,-3.37,1.47,-7.38,2.2199317475682534,1.0,5240844.0,17133638.0,451.9375,99.05,29.85,2011,645.81,-7.62,0.88,-0.24
2011-02-16,batang,巴塘,Batang,1.45,-2.15,2.0,-6.13,2.1485004614628243,1.03,5001626.0,16150960.0,448.9375,99.05,29.85,2011,645.66,-5.0,0.99,-0.19
2011-02-17,batang,巴塘,Batang,1.4,-2.97,1.39,-6.72,2.159267529859348,1.51,5381292.0,17547592.0,446.875,99.05,29.85,2011,642.6,-6.23,1.48,-0.1
2011-02-18,batang,巴塘,Batang,0.95,-3.75,0.8,-7.96,2.6459954008123585,1.04,6213548.0,20366220.0,444.875,99.05,29.85,2011,643.3,-10.41,0.92,0.37
2011-02-19,batang,巴塘,Batang,1.16,-4.73,0.3,-9.71,2.319399286069776,0.8,5680060.0,18652352.0,442.53125,99.05,29.85,2011,646.67,-9.94,0.71,0.14
2011-02-20,batang,巴塘,Batang,0.34,-5.88,0.02,-13.74,2.2838339069220046,0.83,5971380.0,19488632.0,438.625,99.05,29.85,2011,647.85,-11.35,0.8,0.01
2011-02-21,batang,巴塘,Batang,0.65,-5.9,-0.95,-14.89,2.2584197940599093,0.78,6092860.0,19585416.0,434.0625,99.05,29.85,2011,647.97,-10.08,0.72,-0.22
2011-02-22,batang,巴塘,Batang,3.24,-6.44,-2.17,-14.37,1.6277233088886636,0.61,4368064.0,14273076.0,429.96875,99.05,29.85,2011,650.18,-9.24,-0.58,0.02
2011-02-23,batang,巴塘,Batang,0.04,-9.32,-3.23,-14.24,2.188239435242304,0.58,6506162.0,21677032.0,426.28125,99.05,29.85,2011,650.67,-16.45,-0.19,-0.36
2011-02-24,batang,巴塘,Batang,0.04,-5.8,0.42,-14.2,2.723649358427513,0.92,7075634.0,23085556.0,422.65625,99.05,29.85,2011,647.86,-13.38,0.88,-0.25
2011-02-25,batang,巴塘,Batang,0.1,-3.75,0.95,-8.69,2.6887042609394944,1.39,6513132.0,20873354.0,419.15625,99.05,29.85,2011,647.06,-11.16,1.36,-0.03
2011-02-26,batang,巴塘,Batang,0.24,-3.85,0.87,-8.32,2.7138863750723283,1.28,6989168.0,21998184.0,415.9375,99.05,29.85,2011,647.0,-9.29,1.23,0.04
2011-02-27,batang,巴塘,Batang,0.15,-3.22,1.12,-7.57,2.746856871546305,1.44,6959354.0,21605958.0,412.78125,99.05,29.85,2011,647.17,-9.06,1.41,0.15
2011-02-28,batang,巴塘,Batang,0.19,-3.66,1.79,-10.64,2.8753560634085185,0.84,6929604.0,21208004.0,410.375,99.05,29.85,2011,649.18,-13.15,0.53,0.42
2011-03-01,batang,巴塘,Batang,0.06,-4.92,1.98,-11.96,2.936529762221817,0.52,7733900.0,23254558.0,407.53125,99.05,29.85,2011,649.86,-12.08,0.38,-0.3
2011-03-02,batang,巴塘,Batang,0.04,-3.64,2.32,-12.74,2.9808644363242838,1.02,7843394.0,23192316.0,403.78125,99.05,29.85,2011,648.83,-10.2,0.94,-0.12
2011-03-03,batang,巴塘,Batang,0.67,-3.18,1.77,-10.05,2.706246523701427,0.85,7200786.0,20951964.0,400.125,99.05,29.85,2011,648.35,-7.0,0.77,-0.31
2011-03-04,batang,巴塘,Batang,0.41,-1.14,3.55,-6.22,2.9702830099869733,1.01,7052676.0,20489356.0,396.78125,99.05,29.85,2011,646.01,-7.05,0.98,0.04
2011-03-05,batang,巴塘,Batang,1.96,-0.7,3.39,-4.78,2.7944616910700883,0.98,6979178.0,19803238.0,394.3125,99.05,29.85,2011,645.54,-3.75,0.95,-0.01
2011-03-06,batang,巴塘,Batang,2.35,-1.34,3.96,-6.74,2.734205980761036,0.55,6673892.0,18894978.0,393.78125,99.05,29.85,2011,648.97,-4.72,0.38,-0.1
2011-03-07,batang,巴塘,Batang,2.05,-1.83,3.62,-7.99,2.802336964466753,0.77,7226406.0,20091000.0,393.09375,99.05,29.85,2011,648.22,-5.95,0.58,0.13
2011-03-08,batang,巴塘,Batang,1.1,-0.42,3.43,-6.66,2.9186744509210123,1.07,7213591.0,19957420.0,390.5,99.05,29.85,2011,645.97,-5.08,1.01,-0.09
2011-03-09,batang,巴塘,Batang,1.93,-0.52,3.13,-3.61,2.6328563968889456,1.61,7301240.5,19735880.0,388.5,99.05,29.85,2011,646.38,-3.42,1.61,-0.11
2011-03-10,batang,巴塘,Batang,3.51,-0.4,3.19,-3.58,2.725260211463153,1.17,7058459.5,18940604.0,389.75,99.05,29.85,2011,646.83,-4.34,1.1,0.15
2011-03-11,batang,巴塘,Batang,10.63,-1.14,1.87,-3.8,2.543308219333309,0.79,6376685.5,18061596.0,394.96875,99.05,29.85,2011,647.23,-3.74,0.58,0.26
2011-03-12,batang,巴塘,Batang,0.85,-1.23,2.5,-4.84,3.055872132664778,1.33,6951765.0,21895616.0,400.6875,99.05,29.85,2011,645.93,-6.81,1.29,0.14
2011-03-13,batang,巴塘,Batang,0.53,-2.37,2.9,-9.1,3.3078765645147583,0.79,7996925.0,23729736.0,400.15625,99.05,29.85,2011,648.26,-9.69,0.52,0.11
2011-03-14,batang,巴塘,Batang,4.31,-5.21,-0.37,-9.47,1.9659750622996104,1.07,5240861.0,15420925.0,395.78125,99.05,29.85,2011,651.09,-12.49,-0.77,0.56
2011-03-15,batang,巴塘,Batang,0.0,-7.41,-3.04,-14.49,2.9290148258346687,0.75,8463182.0,25971056.0,389.59375,99.05,29.85,2011,652.72,-20.1,-0.63,0.34
2011-03-16,batang,巴塘,Batang,0.0,-10.85,-4.72,-16.86,2.4798305382175188,0.64,8942262.0,26936754.0,382.5,99.05,29.85,2011,651.97,-20.06,-0.57,-0.24
2011-03-17,batang,巴塘,Batang,0.0,-6.7,0.69,-17.04,3.0760678159965487,0.58,8959351.0,26506028.0,375.34375,99.05,29.85,2011,647.65,-16.57,0.23,-0.31
2011-03-18,batang,巴塘,Batang,1.28,-2.04,2.74,-9.91,3.1083320473870084,1.19,7978685.0,23182492.0,368.65625,99.05,29.85,2011,643.14,-7.3,1.17,-0.08
2011-03-19,batang,巴塘,Batang,2.07,-0.23,3.97,-4.14,3.044330980935734,1.15,6983632.0,21167552.0,363.6875,99.05,29.85,2011,641.94,-4.24,1.08,-0.03
2011-03-20,batang,巴塘,Batang,7.55,0.58,4.3,-2.76,2.8145249469890974,1.6,7238658.0,20755694.0,361.53125,99.05,29.85,2011,639.88,-1.44,1.58,-0.14
2011-03-21,batang,巴塘,Batang,12.28,0.43,3.39,-1.76,2.8175386037172587,1.35,6545262.0,20233392.0,367.9375,99.05,29.85,2011,642.34,-1.73,1.26,0.17
2011-03-22,batang,巴塘,Batang,9.62,-0.67,1.6,-2.84,2.2042909206703056,0.85,4430170.0,15562838.0,385.0625,99.05,29.85,2011,646.08,-2.56,0.48,0.38
2011-03-23,batang,巴塘,Batang,1.89,0.64,3.85,-3.06,3.33412176804738,1.43,7455766.0,23690588.0,393.71875,99.05,29.85,2011,646.77,-2.32,1.39,0.19
2011-03-24,batang,巴塘,Batang,19.04,-1.1,0.77,-2.37,1.8267294616175,0.67,4086228.0,12923220.0,395.625,99.05,29.85,2011,648.51,-2.44,-0.34,0.41
2011-03-25,batang,巴塘,Batang,15.43,-1.95,-0.13,-4.12,1.2284049279376748,0.53,2386806.0,8743236.0,401.5,99.05,29.85,2011,648.75,-3.24,-0.21,0.44
2011-03-26,batang,巴塘,Batang,1.74,-3.17,1.7,-12.72,3.1339372640641736,0.84,6634280.0,23384356.0,402.34375,99.05,29.85,2011,651.2,-10.41,-0.41,0.59
2011-03-27,batang,巴塘,Batang,0.0,-9.3,-1.8,-17.21,2.7640825862955127,0.77,8824490.0,28864244.0,394.65625,99.05,29.85,2011,653.7,-14.97,-0.53,0.55
2011-03-28,batang,巴塘,Batang,0.02,-7.7,-1.32,-17.07,3.153706409674572,0.41,8904202.0,28543304.0,383.71875,99.05,29.85,2011,652.32,-15.77,0.03,0.19
2011-03-29,batang,巴塘,Batang,1.15,-4.23,-0.21,-11.37,2.911950128338248,0.39,7195222.0,22625364.0,372.875,99.05,29.85,2011,650.18,-7.46,0.2,0.05
2011-03-30,batang,巴塘,Batang,0.28,-1.64,3.51,-6.95,3.3556014082123085,0.57,7455556.0,23632122.0,363.125,99.05,29.85,2011,648.09,-5.6,0.48,0.2
2011-03-31,batang,巴塘,Batang,0.23,-1.09,3.59,-6.37,3.4129674616060446,0.75,7945228.0,23963106.0,354.625,99.05,29.85,2011,647.56,-5.02,0.71,0.09
2011-04-01,batang,巴塘,Batang,0.39,0.27,4.49,-4.82,3.408832438093809,0.74,7968350.0,22588520.0,347.0625,99.05,29.85,2011,647.83,-3.33,0.71,0.08
2011-04-02,batang,巴塘,Batang,0.49,1.13,5.92,-3.01,3.5865140513639377,0.96,8679222.0,23064318.0,341.09375,99.05,29.85,2011,648.01,-3.58,0.9,0.24
2011-04-03,batang,巴塘,Batang,0.21,1.73,5.62,-2.48,3.769755007649757,0.84,9449634.0,23439156.0,336.3125,99.05,29.85,2011,649.1,-3.05,0.77,0.26
2011-04-04,batang,巴塘,Batang,0.17,2.66,6.17,-0.76,3.722412025995217,1.43,9884008.0,23266232.0,332.1875,99.05,29.85,2011,648.99,-2.09,1.42,0.1
2011-04-05,batang,巴塘,Batang,0.37,2.9,7.15,-0.64,3.9599990376398098,1.5,11024962.0,24946652.0,331.625,99.05,29.85,2011,648.81,-1.63,1.49,0.06
2011-04-06,batang,巴塘,Batang,0.62,2.19,6.13,-2.28,4.338875635092177,1.4,12108328.0,26907374.0,337.34375,99.05,29.85,2011,648.13,-5.02,1.29,0.4
2011-04-07,batang,巴塘,Batang,0.73,1.64,5.11,-1.9,4.22618349391787,1.33,12251570.0,26944580.0,344.5,99.05,29.85,2011,648.43,-5.0,1.27,0.21
2011-04-08,batang,巴塘,Batang,1.99,1.86,5.72,-1.25,4.001607144866956,1.36,11885942.0,26109640.0,350.3125,99.05,29.85,2011,649.33,-2.77,1.29,0.07
2011-04-09,batang,巴塘,Batang,6.12,0.78,4.12,-1.23,2.8783202568677404,0.85,8246682.0,19186854.0,359.46875,99.05,29.85,2011,652.62,-1.39,0.33,0.19
2011-04-10,batang,巴塘,Batang,0.65,2.38,5.76,-1.36,4.0845632068209285,1.02,9559446.0,24853422.0,370.875,99.05,29.85,2011,652.77,-3.42,1.0,0.05
2011-04-11,batang,巴塘,Batang,2.99,0.39,5.72,-4.28,3.9219745631386966,0.51,10346820.0,25614152.0,375.125,99.05,29.85,2011,652.0,-2.0,0.33,-0.01
2011-04-12,batang,巴塘,Batang,0.4,-0.13,4.48,-6.77,3.630943443736868,0.53,9522752.0,23942280.0,372.0625,99.05,29.85,2011,652.57,-3.86,-0.48,0.14
2011-04-13,batang,巴塘,Batang,0.08,1.6,7.49,-5.73,4.503110127448932,0.44,11309310.0,27107492.0,362.59375,99.05,29.85,2011,651.48,-4.71,0.04,-0.04
2011-04-14,batang,巴塘,Batang,0.54,3.14,6.66,-2.63,4.488835820735488,0.82,11564420.0,26617992.0,351.0625,99.05,29.85,2011,649.0,-1.58,0.79,-0.05
2011-04-15,batang,巴塘,Batang,2.12,2.7,6.89,-1.08,4.194836499999932,0.75,11357340.0,25398146.0,344.0625,99.05,29.85,2011,648.83,-0.9,0.64,-0.1
2011-04-16,batang,巴塘,Batang,4.39,2.48,7.82,-1.9,4.289423338719482,0.71,12078508.0,25916208.0,344.1875,99.05,29.85,2011,650.43,-1.8,0.19,0.16
2011-04-17,batang,巴塘,Batang,0.6,0.29,4.68,-5.37,4.1717785782042816,0.81,13043326.0,27949504.0,348.40625,99.05,29.85,2011,652.65,-3.89,-0.78,0.07
2011-04-18,batang,巴塘,Batang,0.02,3.25,8.71,-5.06,5.216738047788517,0.75,17236830.0,30192920.0,347.71875,99.05,29.85,2011,649.83,-3.92,0.62,-0.34
2011-04-19,batang,巴塘,Batang,0.33,4.49,9.25,-0.2,4.415573100367528,0.97,15936770.0,24877690.0,344.625,99.05,29.85,2011,648.62,-0.77,0.92,-0.24
2011-04-20,batang,巴塘,Batang,1.09,5.02,9.43,0.92,4.108752407719125,1.1,15471638.0,22863688.0,345.59375,99.05,29.85,2011,647.5,0.19,1.09,-0.09
2011-04-21,batang,巴塘,Batang,8.07,3.41,8.28,-0.16,4.134161429501623,0.66,16586736.0,24409842.0,360.0,99.05,29.85,2011,649.03,0.91,0.5,-0.06
2011-04-22,batang,巴塘,Batang,1.13,3.97,8.49,0.38,4.035096211458424,0.98,14163340.0,23216144.0,395.625,99.05,29.85,2011,649.26,-0.82,0.96,0.01
2011-04-23,batang,巴塘,Batang,3.77,3.4,8.39,-2.34,4.403423029140142,0.83,16896466.0,25699274.0,434.1875,99.05,29.85,2011,649.1,-1.71,0.77,-0.06
2011-04-24,batang,巴塘,Batang,11.34,1.84,5.55,-1.4,3.9678371189028265,0.68,15521616.0,24995302.0,482.1875,99.05,29.85,2011,650.89,-0.54,-0.55,0.21
2011-04-25,batang,巴塘,Batang,0.15,0.17,4.07,-6.34,4.104514203178274,1.12,12342410.0,28103058.0,538.5625,99.05,29.85,2011,653.39,-5.1,-1.06,0.27
2011-04-26,batang,巴塘,Batang,0.0,-0.87,4.75,-7.39,4.4788326930589815,0.92,17447906.0,31662872.0,573.96875,99.05,29.85,2011,655.34,-6.45,-0.88,0.14
2011-04-27,batang,巴塘,Batang,0.0,0.42,6.28,-6.51,4.7275116340762535,0.82,19284436.0,31131512.0,583.78125,99.05,29.85,2011,653.92,-5.69,-0.8,0.07
2011-04-28,batang,巴塘,Batang,0.1,3.89,8.3,-4.0,4.815554766560863,0.52,17426300.0,26435932.0,573.78125,99.05,29.85,2011,650.17,-4.26,-0.28,0.05
2011-04-29,batang,巴塘,Batang,0.06,3.37,9.37,-4.44,5.209927622922481,0.7,20410456.0,29950416.0,553.65625,99.05,29.85,2011,649.69,-3.56,-0.62,-0.16
2011-04-30,batang,巴塘,Batang,0.05,4.43,10.41,-3.73,5.82715018347526,0.59,21917558.0,31633372.0,527.78125,99.05,29.85,2011,650.39,-4.98,-0.05,-0.47
2011-05-01,batang,巴塘,Batang,2.08,6.69,11.15,-0.27,5.665526041845816,0.93,20440554.0,29271814.0,501.15625,99.05,29.85,2011,648.33,-0.28,0.83,-0.2
2011-05-02,batang,巴塘,Batang,11.45,2.77,6.84,0.55,2.7089909198240747,0.91,10971230.0,16857996.0,488.59375,99.05,29.85,2011,649.23,1.06,-0.82,0.31
2011-05-03,batang,巴塘,Batang,6.52,0.69,2.36,-2.82,2.1419292529244536,1.02,6279144.0,14686368.0,492.5,99.05,29.85,2011,651.0,-0.79,-0.9,0.46
2011-05-04,batang,巴塘,Batang,0.01,0.3,6.12,-6.47,4.013472412226542,0.58,12055768.0,26099356.0,494.71875,99.05,29.85,2011,652.27,-4.02,-0.52,0.23
2011-05-05,batang,巴塘,Batang,0.0,1.75,9.11,-5.74,5.428688274430893,0.35,18774358.0,32383508.0,488.96875,99.05,29.85,2011,651.23,-4.99,-0.29,-0.01
2011-05-06,batang,巴塘,Batang,0.01,4.52,12.01,-3.68,6.053154494514294,0.2,20800694.0,32110596.0,475.1875,99.05,29.85,2011,650.26,-4.28,0.06,-0.07
2011-05-07,batang,巴塘,Batang,0.0,5.58,12.29,-2.63,6.158240467043066,0.66,21926330.0,32406236.0,459.8125,99.05,29.85,2011,648.14,-3.11,0.64,-0.1
2011-05-08,batang,巴塘,Batang,0.06,7.12,12.56,-0.4,5.851250081012715,1.06,20760368.0,30195896.0,451.90625,99.05,29.85,2011,646.75,0.5,1.05,-0.04
2011-05-09,batang,巴塘,Batang,0.02,8.04,13.79,1.37,5.659038746385424,0.94,18837146.0,27111964.0,461.4375,99.05,29.85,2011,647.02,-1.36,0.86,0.18
2011-05-10,batang,巴塘,Batang,0.66,6.98,12.56,1.2,5.5459945625556015,0.43,19253624.0,27596236.0,494.8125,99.05,29.85,2011,648.71,0.47,-0.36,-0.0
2011-05-11,batang,巴塘,Batang,1.52,7.39,12.34,2.47,5.276293567426062,0.43,18356428.0,26158260.0,556.65625,99.05,29.85,2011,649.61,2.84,-0.11,0.08
2011-05-12,batang,巴塘,Batang,4.51,7.86,13.11,3.56,4.8518490982813605,0.78,18083348.0,24721622.0,658.375,99.05,29.85,2011,649.63,4.91,0.71,-0.26
2011-05-13,batang,巴塘,Batang,1.16,8.21,13.79,3.46,5.071839159348588,0.81,19343850.0,24810200.0,799.59375,99.05,29.85,2011,649.62,2.67,0.52,-0.08
2011-05-14,batang,巴塘,Batang,0.97,9.68,14.39,3.9,5.298282143194087,1.14,19732384.0,24502276.0,950.6875,99.05,29.85,2011,649.29,2.54,1.1,-0.05
2011-05-15,batang,巴塘,Batang,8.02,6.77,14.7,1.4,4.46419040348245,1.18,19760002.0,23990432.0,1089.8438,99.05,29.85,2011,653.46,2.96,-0.13,0.48
2011-05-16,batang,巴塘,Batang,1.59,4.62,8.87,-1.56,3.6379860491917775,0.98,16022536.0,20051660.0,1220.75,99.05,29.85,2011,657.53,-0.48,-0.94,0.21
2011-05-17,batang,巴塘,Batang,0.16,5.31,11.66,-1.11,5.9993016909125485,1.03,26066940.0,31691732.0,1301.125,99.05,29.85,2011,656.2,-6.24,-0.99,-0.09
2011-05-18,batang,巴塘,Batang,0.06,7.62,14.02,1.05,6.323651252114133,0.47,25368458.0,30149432.0,1314.2188,99.05,29.85,2011,653.23,-5.74,-0.35,-0.16
2011-05-19,batang,巴塘,Batang,1.13,10.69,15.69,3.16,6.629752329360467,0.94,24567186.0,28862912.0,1303.6875,99.05,29.85,2011,649.69,-1.31,0.82,0.01
2011-05-20,batang,巴塘,Batang,4.7,8.5,14.1,3.81,4.948992120085,1.0,21290708.0,24884238.0,1315.2812,99.05,29.85,2011,646.27,4.81,0.97,-0.14
2011-05-21,batang,巴塘,Batang,7.06,8.44,14.71,3.43,4.316819587573157,1.09,18354678.0,21462484.0,1374.5938,99.05,29.85,2011,646.07,4.31,0.73,-0.02
2011-05-22,batang,巴塘,Batang,1.35,10.36,15.58,4.78,5.534049901840247,0.96,21621016.0,25249424.0,1486.6562,99.05,29.85,2011,647.25,3.91,0.82,-0.1
2011-05-23,batang,巴塘,Batang,0.94,11.13,15.94,5.39,5.04509982263174,1.53,18820494.0,21931084.0,1622.9375,99.05,29.85,2011,646.46,3.7,1.5,0.05
2011-05-24,batang,巴塘,Batang,5.73,7.15,13.15,1.37,3.724929679809844,0.97,16503558.0,19225648.0,1816.1562,99.05,29.85,2011,649.96,3.58,-0.35,0.49
2011-05-25,batang,巴塘,Batang,0.2,9.45,15.49,2.72,6.100187035482747,0.78,23840130.0,27771972.0,2004.9688,99.05,29.85,2011,651.82,-0.82,-0.62,0.15
2011-05-26,batang,巴塘,Batang,0.3,9.89,16.28,2.06,6.777833911569787,0.92,26170408.0,30486340.0,2047.5,99.05,29.85,2011,652.81,-1.83,-0.82,0.09
2011-05-27,batang,巴塘,Batang,0.04,12.35,18.1,4.32,7.624262853322028,0.98,27116144.0,31590964.0,2013.4062,99.05,29.85,2011,651.01,-1.65,0.93,-0.07
2011-05-28,batang,巴塘,Batang,0.36,12.8,18.82,6.0,7.007164208304671,1.35,25229712.0,29397366.0,1991.5625,99.05,29.85,2011,649.8,3.15,1.3,0.0
2011-05-29,batang,巴塘,Batang,1.15,12.75,18.26,7.61,6.1775938100135175,1.38,22559274.0,26289516.0,2041.5,99.05,29.85,2011,650.07,5.3,1.34,-0.13
2011-05-30,batang,巴塘,Batang,14.55,10.7,15.96,4.7,4.019447080408087,1.24,15790870.0,18405672.0,2194.0938,99.05,29.85,2011,649.33,6.49,0.71,0.0
2011-05-31,batang,巴塘,Batang,9.88,4.92,6.36,3.57,1.147071477216474,0.88,5343162.0,6577700.0,2424.0,99.05,29.85,2011,649.28,4.31,0.53,-0.17
2011-06-01,batang,巴塘,Batang,3.04,10.29,15.45,5.5,4.905414222627285,1.35,19382124.0,23183352.0,2581.4688,99.05,29.85,2011,648.06,5.56,1.3,-0.09
2011-06-02,batang,巴塘,Batang,0.88,11.19,16.55,5.97,5.002043521348488,1.16,19131648.0,22456116.0,2664.1875,99.05,29.85,2011,649.26,5.75,1.11,-0.17
2011-06-03,batang,巴塘,Batang,1.29,11.7,17.89,5.16,5.4161394320793725,1.06,20568566.0,24023968.0,2757.5312,99.05,29.85,2011,648.37,6.2,1.01,0.08
2011-06-04,batang,巴塘,Batang,0.59,13.0,18.52,6.66,6.0478647084588255,1.34,21778044.0,25406220.0,2836.1562,99.05,29.85,2011,647.7,5.52,1.32,0.01
2011-06-05,batang,巴塘,Batang,14.0,10.59,16.37,6.48,5.115780404244958,0.95,20372116.0,23763212.0,2912.5938,99.05,29.85,2011,649.72,6.38,0.62,0.1
2011-06-06,batang,巴塘,Batang,9.51,7.91,11.37,5.0,2.886010860437963,0.5,12221874.0,14257636.0,3022.125,99.05,29.85,2011,651.63,6.06,-0.38,0.22
2011-06-07,batang,巴塘,Batang,3.39,10.4,16.21,5.73,5.644496676739116,0.99,22795786.0,26594956.0,3039.0,99.05,29.85,2011,650.04,6.07,0.59,-0.07
2011-06-08,batang,巴塘,Batang,1.45,11.75,17.49,6.25,5.786682619187079,1.5,22056236.0,25735172.0,2975.875,99.05,29.85,2011,647.81,5.23,1.45,0.06
2011-06-09,batang,巴塘,Batang,7.03,11.09,16.32,6.74,4.890805378316285,0.82,18848002.0,21994524.0,2930.3438,99.05,29.85,2011,648.03,6.48,0.64,-0.11
2011-06-10,batang,巴塘,Batang,8.79,8.81,10.43,6.94,1.7286077265524786,0.8,7189054.0,8390040.0,2926.7812,99.05,29.85,2011,647.79,7.41,0.74,-0.22
2011-06-11,batang,巴塘,Batang,9.21,11.84,17.17,7.73,5.267119826772545,1.01,20159460.0,23531320.0,2933.5625,99.05,29.85,2011,648.02,7.32,0.8,-0.04
2011-06-12,batang,巴塘,Batang,3.71,11.66,16.6,6.9,4.744395862906412,1.21,18515214.0,21615196.0,2994.5,99.05,29.85,2011,648.4,7.82,1.17,-0.24
2011-06-13,batang,巴塘,Batang,11.0,11.08,17.39,5.88,5.225937760682865,0.72,20441296.0,23868172.0,3010.0,99.05,29.85,2011,648.76,7.7,0.33,-0.08
2011-06-14,batang,巴塘,Batang,2.26,12.03,17.93,6.48,5.920864792297281,0.67,22057960.0,25757340.0,3014.6875,99.05,29.85,2011,649.32,6.41,-0.07,-0.01
2011-06-15,batang,巴塘,Batang,1.88,13.27,18.63,8.97,5.632723498459665,1.33,20651906.0,24118712.0,2944.6875,99.05,29.85,2011,647.63,7.82,1.3,-0.21
2011-06-16,batang,巴塘,Batang,13.77,12.42,17.82,8.9,5.1539347409431215,0.95,19444828.0,22714140.0,2843.3125,99.05,29.85,2011,647.41,8.42,0.7,0.12
2011-06-17,batang,巴塘,Batang,6.77,11.83,17.15,7.32,5.001706987340223,0.43,18820338.0,21988080.0,2882.2812,99.05,29.85,2011,648.81,9.06,0.32,0.05
2011-06-18,batang,巴塘,Batang,2.45,13.67,18.65,8.76,5.9932550811472645,0.88,21805986.0,25483348.0,2995.6562,99.05,29.85,2011,647.91,9.2,0.85,-0.15
2011-06-19,batang,巴塘,Batang,0.67,14.99,19.96,9.99,5.646130840915493,1.24,18790300.0,21963136.0,3058.0312,99.05,29.85,2011,647.41,7.42,1.22,-0.06
2011-06-20,batang,巴塘,Batang,1.11,15.02,20.68,9.49,5.622317603837918,1.0,18937342.0,22140560.0,3126.8125,99.05,29.85,2011,647.76,8.15,0.97,0.02
2011-06-21,batang,巴塘,Batang,2.08,15.02,20.61,9.92,6.183635211105544,0.87,21367886.0,24988952.0,3238.8125,99.05,29.85,2011,647.7,9.36,0.79,-0.12
2011-06-22,batang,巴塘,Batang,8.25,12.59,19.61,7.57,4.998670055122691,0.69,18706732.0,21881416.0,3480.3438,99.05,29.85,2011,648.11,9.6,0.1,0.04
2011-06-23,batang,巴塘,Batang,0.78,14.57,20.09,8.3,6.574568084833554,1.07,22329002.0,26122016.0,3864.5938,99.05,29.85,2011,648.8,5.88,-0.76,-0.03
2011-06-24,batang,巴塘,Batang,4.14,13.94,18.96,8.81,6.329188540095074,0.76,22059088.0,25812208.0,4235.0938,99.05,29.85,2011,649.31,6.47,0.65,-0.35
2011-06-25,batang,巴塘,Batang,5.62,12.69,17.2,8.21,4.938319610730779,1.07,18064460.0,21143012.0,4459.7188,99.05,29.85,2011,648.28,7.52,1.03,-0.17
2011-06-26,batang,巴塘,Batang,9.45,10.16,13.1,6.94,2.859843899784893,0.61,11255726.0,13177348.0,4656.5,99.05,29.85,2011,649.37,7.91,-0.5,0.25
2011-06-27,batang,巴塘,Batang,1.49,11.93,16.81,6.26,6.322310070383747,0.7,23418382.0,27420988.0,4868.6562,99.05,29.85,2011,649.23,5.05,-0.38,0.09
2011-06-28,batang,巴塘,Batang,0.63,13.79,18.93,8.18,6.9057338785806905,1.19,24441862.0,28625168.0,4921.6562,99.05,29.85,2011,648.16,5.94,1.16,-0.13
2011-06-29,batang,巴塘,Batang,0.6,14.19,18.28,9.6,4.911940042239003,1.23,16609136.0,19455756.0,4842.2188,99.05,29.85,2011,648.07,7.51,1.21,-0.03
2011-06-30,batang,巴塘,Batang,0.63,15.06,19.61,10.34,5.584395239774814,1.35,18754104.0,21973980.0,4733.5,99.05,29.85,2011,647.17,8.31,1.32,-0.14
2011-07-01,batang,巴塘,Batang,0.83,15.29,20.28,10.21,5.577411632364453,1.23,18561878.0,21753672.0,4707.7812,99.05,29.85,2011,646.21,8.44,1.19,-0.08
2011-07-02,batang,巴塘,Batang,2.35,15.35,21.14,10.32,5.65839057250987,0.91,18938896.0,22200192.0,4755.7188,99.05,29.85,2011,646.31,8.79,0.85,-0.01
2011-07-03,batang,巴塘,Batang,2.85,14.42,19.11,10.15,4.667324785943318,0.94,16385696.0,19212352.0,4798.4688,99.05,29.85,2011,648.52,10.33,0.88,-0.26
2011-07-04,batang,巴塘,Batang,6.67,13.98,18.33,10.6,4.705340653018872,0.9,16968158.0,19898524.0,4873.3438,99.05,29.85,2011,650.37,10.69,0.81,-0.2
2011-07-05,batang,巴塘,Batang,2.71,14.16,18.52,9.86,4.391300783825266,0.84,15302612.0,17948976.0,5095.0625,99.05,29.85,2011,649.42,9.75,0.83,-0.09
2011-07-06,batang,巴塘,Batang,15.1,13.0,19.14,10.01,4.382060409984882,0.76,16010482.0,18783840.0,5452.2188,99.05,29.85,2011,649.0,9.59,0.46,0.12
2011-07-07,batang,巴塘,Batang,21.88,13.13,18.55,10.51,4.377729598897838,0.67,15867690.0,18619404.0,5789.625,99.05,29.85,2011,650.18,9.73,0.5,0.03
2011-07-08,batang,巴塘,Batang,3.37,12.52,16.72,9.68,4.0422224421765085,0.9,15097814.0,17721010.0,6032.3125,99.05,29.85,2011,650.62,9.48,0.82,-0.29
2011-07-09,batang,巴塘,Batang,4.94,13.21,17.36,9.33,4.473379725247253,0.79,16167828.0,18980012.0,6077.4062,99.05,29.85,2011,649.57,9.39,0.6,-0.07
2011-07-10,batang,巴塘,Batang,2.13,14.42,19.61,9.8,5.38410401129424,1.32,18703904.0,21962968.0,6044.9688,99.05,29.85,2011,648.24,8.7,1.26,-0.16
2011-07-11,batang,巴塘,Batang,2.43,14.26,19.15,10.07,5.12489604806066,1.19,17750810.0,20848746.0,6103.2344,99.05,29.85,2011,647.85,8.6,1.12,-0.17
2011-07-12,batang,巴塘,Batang,17.93,13.3,18.43,8.96,4.562830305127899,1.08,16778872.0,19711560.0,6335.953,99.05,29.85,2011,648.07,9.8,0.64,-0.17
2011-07-13,batang,巴塘,Batang,20.69,10.07,12.0,7.87,1.7633089494019247,0.72,6902858.0,8111040.0,6721.9688,99.05,29.85,2011,650.18,8.45,-0.61,0.06
2011-07-14,batang,巴塘,Batang,10.99,8.3,9.89,6.35,1.5787934004137356,0.5,6431328.0,7558724.0,6952.578,99.05,29.85,2011,651.14,6.72,0.15,0.07
2011-07-15,batang,巴塘,Batang,6.71,8.75,11.77,6.57,2.3488199231612006,0.89,9441426.0,11100204.0,6920.922,99.05,29.85,2011,650.49,5.85,0.84,-0.07
2011-07-16,batang,巴塘,Batang,6.24,10.16,14.81,6.43,4.434023435588413,0.38,17333980.0,20372388.0,6782.297,99.05,29.85,2011,649.28,7.94,0.12,0.03
2011-07-17,batang,巴塘,Batang,5.39,12.35,17.11,7.54,5.590228663659353,0.49,20351222.0,23911434.0,6591.4375,99.05,29.85,2011,648.43,7.04,0.29,0.09
2011-07-18,batang,巴塘,Batang,4.83,8.15,12.61,2.68,2.332220623528351,0.58,9822842.0,11537788.0,6352.578,99.05,29.85,2011,650.03,6.75,0.46,0.14
2011-07-19,batang,巴塘,Batang,0.49,11.62,16.83,4.58,5.630445376181222,0.62,20812786.0,24441350.0,6080.422,99.05,29.85,2011,648.86,5.04,0.35,-0.13
2011-07-20,batang,巴塘,Batang,1.83,13.17,18.59,8.39,6.2048810305722455,0.75,22429768.0,26335356.0,5808.8594,99.05,29.85,2011,648.46,7.68,0.7,-0.05
2011-07-21,batang,巴塘,Batang,3.67,12.29,17.91,6.34,5.28118030442656,0.62,19603238.0,23011570.0,5574.7188,99.05,29.85,2011,649.06,8.4,0.47,-0.16
2011-07-22,batang,巴塘,Batang,1.61,12.83,19.44,6.84,5.800264922765278,0.7,21254174.0,24941964.0,5395.047,99.05,29.85,2011,649.23,8.27,0.56,-0.2
2011-07-23,batang,巴塘,Batang,1.61,14.31,19.79,7.88,5.786732583966353,0.85,19887254.0,23332680.0,5196.9062,99.05,29.85,2011,649.27,7.47,0.75,-0.01
2011-07-24,batang,巴塘,Batang,6.86,12.92,18.07,8.74,4.919224575503458,0.64,17980130.0,21091000.0,4982.672000000001,99.05,29.85,2011,651.73,9.34,0.32,-0.04
2011-07-25,batang,巴塘,Batang,3.02,13.39,19.02,8.77,5.96727367559345,0.57,21491640.0,25203170.0,4844.3594,99.05,29.85,2011,652.17,9.09,0.37,-0.01
2011-07-26,batang,巴塘,Batang,2.69,13.89,19.24,9.21,5.156635030380463,0.7,18161858.0,21294206.0,4721.422000000001,99.05,29.85,2011,651.22,9.02,0.55,-0.22
2011-07-27,batang,巴塘,Batang,1.68,14.19,19.13,9.4,5.3787861049241625,1.34,19148822.0,22445796.0,4611.172000000001,99.05,29.85,2011,649.47,9.15,1.29,-0.31
2011-07-28,batang,巴塘,Batang,1.28,13.69,17.92,9.89,4.228743485856674,1.11,14921840.0,17487176.0,4561.3594,99.05,29.85,2011,649.2,9.17,1.05,-0.18
2011-07-29,batang,巴塘,Batang,6.75,13.2,18.28,9.57,4.626073684277503,0.72,16911222.0,19813962.0,4601.0625,99.05,29.85,2011,649.49,10.01,0.52,-0.0
2011-07-30,batang,巴塘,Batang,5.86,13.38,18.55,10.06,4.469861239510919,1.11,16730668.0,19598370.0,4698.6406,99.05,29.85,2011,648.4,10.6,1.02,-0.42
2011-07-31,batang,巴塘,Batang,12.92,12.79,17.46,10.06,3.5379584218903704,0.79,13227620.0,15491286.0,4724.4688,99.05,29.85,2011,648.35,10.69,0.71,-0.28
2011-08-01,batang,巴塘,Batang,11.4,12.68,17.1,9.0,4.436611305989557,0.65,16568424.0,19397512.0,4844.4375,99.05,29.85,2011,649.44,10.32,0.54,-0.17
2011-08-02,batang,巴塘,Batang,3.11,11.97,15.77,9.56,3.0320007087763408,1.4,11050660.0,12934486.0,4952.6094,99.05,29.85,2011,649.87,8.18,1.34,0.02
2011-08-03,batang,巴塘,Batang,4.15,12.95,17.63,9.33,4.385321740405693,1.24,16299050.0,19074020.0,4886.203,99.05,29.85,2011,648.12,9.18,1.2,-0.07
2011-08-04,batang,巴塘,Batang,12.49,11.09,15.32,7.7,2.90071932234942,0.62,11278666.0,13195410.0,4904.047000000001,99.05,29.85,2011,649.27,9.46,0.0,0.24
2011-08-05,batang,巴塘,Batang,13.18,12.34,17.67,7.78,5.266440672943447,0.79,19964730.0,23352428.0,5021.797000000001,99.05,29.85,2011,650.08,9.1,-0.67,0.19
2011-08-06,batang,巴塘,Batang,9.39,9.87,13.5,6.11,2.595278736094913,0.57,10189094.0,11913322.0,5018.4375,99.05,29.85,2011,651.25,7.38,-0.21,0.25
2011-08-07,batang,巴塘,Batang,2.8,9.34,14.42,3.72,3.6217976940518617,0.47,14549576.0,17008514.0,4852.25,99.05,29.85,2011,652.2,6.7,0.09,-0.06
2011-08-08,batang,巴塘,Batang,2.49,10.61,17.21,4.84,5.635309956760778,0.5,21835408.0,25523016.0,4600.922000000001,99.05,29.85,2011,652.19,6.22,-0.01,-0.16
2011-08-09,batang,巴塘,Batang,0.96,12.64,18.43,6.19,5.869021893800866,0.58,21203174.0,24776472.0,4364.2656,99.05,29.85,2011,651.08,5.99,0.37,-0.26
2011-08-10,batang,巴塘,Batang,2.05,12.4,18.55,7.75,5.595646781064154,0.67,20763874.0,24259138.0,4170.2656,99.05,29.85,2011,651.14,7.81,0.46,-0.26
2011-08-11,batang,巴塘,Batang,0.78,13.38,19.15,8.26,5.675744516446367,0.81,20301138.0,23711700.0,4011.9219,99.05,29.85,2011,650.94,7.47,0.68,-0.26
2011-08-12,batang,巴塘,Batang,0.26,14.29,19.54,8.91,5.804492015039989,0.95,19862920.0,23194848.0,3885.2344,99.05,29.85,2011,650.12,6.68,0.88,-0.23
2011-08-13,batang,巴塘,Batang,0.18,14.47,19.96,9.47,6.3533410911074695,1.1,21976666.0,25656802.0,3746.0781,99.05,29.85,2011,650.39,7.11,1.03,-0.24
2011-08-14,batang,巴塘,Batang,0.99,13.98,19.26,9.32,5.9435540985396935,1.03,20967160.0,24472224.0,3585.625,99.05,29.85,2011,650.54,7.59,0.98,-0.14
2011-08-15,batang,巴塘,Batang,2.88,13.26,18.77,9.4,5.008272675369287,0.96,17997034.0,21001342.0,3425.6562,99.05,29.85,2011,650.64,7.96,0.88,-0.14
2011-08-16,batang,巴塘,Batang,1.26,13.78,18.4,9.32,5.521047681634584,1.27,19410078.0,22637722.0,3291.9375,99.05,29.85,2011,650.08,7.19,1.23,-0.27
2011-08-17,batang,巴塘,Batang,0.58,14.19,19.47,8.79,5.106195466776481,1.21,17275176.0,20138440.0,3180.7969,99.05,29.85,2011,649.51,6.96,1.16,-0.3
2011-08-18,batang,巴塘,Batang,1.21,13.69,17.87,9.14,5.401520270123153,1.29,18759044.0,21856266.0,3068.9375,99.05,29.85,2011,650.85,6.47,1.22,-0.38
2011-08-19,batang,巴塘,Batang,0.39,14.08,18.6,9.38,4.713220768973933,1.11,15442026.0,17980896.0,2952.6562,99.05,29.85,2011,651.98,5.63,1.07,-0.19
2011-08-20,batang,巴塘,Batang,0.87,14.64,19.68,9.95,5.366548085874036,0.77,18118488.0,21087614.0,2834.3594,99.05,29.85,2011,651.98,7.1,0.7,-0.05
2011-08-21,batang,巴塘,Batang,6.89,12.94,17.73,9.39,4.189650832382688,0.79,15519620.0,18054614.0,2730.4219,99.05,29.85,2011,651.57,9.81,0.71,-0.13
2011-08-22,batang,巴塘,Batang,9.53,10.17,14.2,5.45,2.663019332638933,0.65,10592952.0,12316966.0,2681.8906,99.05,29.85,2011,652.41,8.15,-0.08,0.1
2011-08-23,batang,巴塘,Batang,0.6,12.04,17.11,5.57,5.834524109748885,0.8,21004844.0,24407818.0,2696.4844,99.05,29.85,2011,652.62,2.33,-0.61,0.14
2011-08-24,batang,巴塘,Batang,5.45,9.6,15.22,4.97,4.765019144454525,0.44,19071922.0,22151264.0,2700.0312,99.05,29.85,2011,653.02,6.02,-0.05,0.04
2011-08-25,batang,巴塘,Batang,1.43,11.15,16.16,5.52,5.666871401342722,0.54,21002624.0,24436094.0,2664.7188,99.05,29.85,2011,652.58,1.95,-0.52,0.07
2011-08-26,batang,巴塘,Batang,1.37,10.9,15.38,4.95,5.967790882796644,0.67,22432508.0,26045816.0,2602.6094,99.05,29.85,2011,652.95,1.66,-0.1,-0.1
2011-08-27,batang,巴塘,Batang,1.15,10.27,16.0,4.61,5.633888945412713,0.46,21809912.0,25297338.0,2526.0469,99.05,29.85,2011,652.28,3.53,0.24,-0.1
2011-08-28,batang,巴塘,Batang,0.64,11.17,17.09,5.36,5.907620654955743,0.56,22385690.0,25946342.0,2441.0781,99.05,29.85,2011,652.03,4.21,0.35,-0.13
2011-08-29,batang,巴塘,Batang,0.35,12.06,17.74,6.17,5.5515584579786585,0.61,20429680.0,23665482.0,2352.9375,99.05,29.85,2011,653.1,5.02,0.39,-0.34
2011-08-30,batang,巴塘,Batang,1.98,12.46,19.32,6.92,5.94171443532146,0.45,21869146.0,25318960.0,2266.4688,99.05,29.85,2011,653.27,6.87,0.34,-0.18
2011-08-31,batang,巴塘,Batang,0.06,14.21,19.94,7.13,6.544939675400226,0.52,22613996.0,26168000.0,2184.875,99.05,29.85,2011,652.51,4.78,0.24,-0.31
2011-09-01,batang,巴塘,Batang,1.01,14.68,19.65,8.58,6.468555810960227,0.79,22023714.0,25471244.0,2100.875,99.05,29.85,2011,651.33,5.45,0.74,-0.19
2011-09-02,batang,巴塘,Batang,0.08,14.32,19.89,8.77,5.4238217854548605,1.01,17891244.0,20681306.0,2009.9375,99.05,29.85,2011,651.11,4.26,0.97,-0.17
2011-09-03,batang,巴塘,Batang,0.03,15.44,20.88,8.68,6.730289278499298,1.12,22028418.0,25450346.0,1914.6875,99.05,29.85,2011,652.33,4.59,1.09,-0.19
2011-09-04,batang,巴塘,Batang,0.68,14.79,19.88,9.68,6.057268549712679,1.22,20592580.0,23778992.0,1822.1875,99.05,29.85,2011,652.64,6.68,1.16,-0.25
2011-09-05,batang,巴塘,Batang,0.27,14.87,20.23,9.75,5.383661861459093,1.28,17616224.0,20332026.0,1739.9062,99.05,29.85,2011,650.49,6.1,1.24,-0.19
2011-09-06,batang,巴塘,Batang,0.92,13.99,19.41,8.96,4.994131209470685,1.21,17117542.0,19744912.0,1672.6875,99.05,29.85,2011,648.46,6.77,1.19,0.0
2011-09-07,batang,巴塘,Batang,19.22,11.23,16.56,7.44,3.3482143325826565,0.61,12984750.0,14972534.0,1637.1875,99.05,29.85,2011,648.71,8.67,0.3,-0.05
2011-09-08,batang,巴塘,Batang,1.25,10.85,15.34,7.18,3.97487155826268,0.69,15235818.0,17557668.0,1667.3438,99.05,29.85,2011,650.83,5.99,0.45,0.02
2011-09-09,batang,巴塘,Batang,2.43,11.55,16.4,8.03,4.608557149516384,0.76,17520018.0,20179546.0,1711.2344,99.05,29.85,2011,652.9,6.57,0.7,-0.08
2011-09-10,batang,巴塘,Batang,1.94,12.18,18.44,7.95,4.781195802794085,1.6,18353762.0,21128210.0,1732.3438,99.05,29.85,2011,651.42,7.2,1.55,-0.31
2011-09-11,batang,巴塘,Batang,8.91,11.18,15.46,8.37,3.31180650061488,0.81,12775000.0,14698292.0,1729.4375,99.05,29.85,2011,651.43,7.78,0.74,-0.05
2011-09-12,batang,巴塘,Batang,1.59,12.16,17.3,7.95,4.043973991535212,1.32,15095922.0,17361142.0,1733.8906,99.05,29.85,2011,650.85,7.34,1.28,-0.29
2011-09-13,batang,巴塘,Batang,5.67,12.14,17.13,7.99,4.788050925929307,1.05,17954592.0,20634994.0,1773.1406,99.05,29.85,2011,650.41,6.63,0.84,0.21
2011-09-14,batang,巴塘,Batang,2.48,10.86,16.38,4.42,4.391983060938895,0.31,16893314.0,19405976.0,1862.8906,99.05,29.85,2011,650.71,6.76,-0.09,0.19
2011-09-15,batang,巴塘,Batang,0.78,12.51,18.05,5.12,5.227516450327537,0.95,19010782.0,21826022.0,1942.6719,99.05,29.85,2011,649.98,5.18,0.91,-0.16
2011-09-16,batang,巴塘,Batang,0.33,13.26,17.98,8.62,4.2862900903428764,1.21,14388230.0,16505612.0,1960.6875,99.05,29.85,2011,648.42,5.23,1.18,-0.12
2011-09-17,batang,巴塘,Batang,0.73,13.54,18.05,8.99,4.053687981223247,1.29,13648394.0,15643154.0,1926.3594,99.05,29.85,2011,647.63,6.64,1.27,-0.13
2011-09-18,batang,巴塘,Batang,4.62,13.22,19.08,8.85,4.345765534597525,1.03,15627088.0,17897166.0,1890.7969,99.05,29.85,2011,649.89,7.78,0.91,-0.11
2011-09-19,batang,巴塘,Batang,0.69,13.54,19.42,8.65,4.247968845190496,1.37,14592952.0,16699302.0,1901.5781,99.05,29.85,2011,650.45,7.0,1.33,-0.24
2011-09-20,batang,巴塘,Batang,0.74,13.64,18.65,8.52,4.861128212457643,1.38,16572888.0,18947238.0,1950.1641,99.05,29.85,2011,650.45,5.7,1.33,-0.17
2011-09-21,batang,巴塘,Batang,0.84,12.94,18.42,8.5,4.2105130826036286,1.43,14629054.0,16711216.0,2018.4062,99.05,29.85,2011,649.48,6.14,1.41,-0.05
2011-09-22,batang,巴塘,Batang,10.11,12.27,18.55,8.31,4.388820883512353,0.84,16582948.0,18927966.0,2098.2812,99.05,29.85,2011,649.63,7.81,0.75,0.07
2011-09-23,batang,巴塘,Batang,8.02,11.09,16.16,7.18,3.603965074541692,0.67,14347847.0,16363981.0,2186.0078,99.05,29.85,2011,649.86,8.73,0.61,-0.12
2011-09-24,batang,巴塘,Batang,9.67,11.21,16.86,7.16,3.7979184146898186,0.8,15037780.0,17136546.0,2283.9688,99.05,29.85,2011,650.36,8.14,0.65,-0.2
2011-09-25,batang,巴塘,Batang,7.68,11.94,17.32,8.23,4.364221068910073,0.88,16942962.0,19290672.0,2367.7578,99.05,29.85,2011,650.5,8.22,0.81,-0.01
2011-09-26,batang,巴塘,Batang,0.58,12.43,17.92,7.6,4.451218144325871,1.49,15999207.0,18199908.0,2423.8594,99.05,29.85,2011,649.27,5.6,1.47,-0.12
2011-09-27,batang,巴塘,Batang,0.61,12.09,17.68,7.31,4.722524007288863,1.6,17047192.0,19376060.0,2461.2578,99.05,29.85,2011,648.44,4.46,1.58,-0.05
2011-09-28,batang,巴塘,Batang,2.01,11.83,17.13,5.94,4.912384322495359,1.15,18016476.0,20461160.0,2496.4922,99.05,29.85,2011,649.55,3.7,1.0,0.09
2011-09-29,batang,巴塘,Batang,3.14,9.94,15.45,4.93,3.868383702133172,0.57,15217839.0,17393578.0,2567.6484,99.05,29.85,2011,651.53,4.64,0.12,-0.06
2011-09-30,batang,巴塘,Batang,1.8,11.11,16.29,5.28,4.761781961040695,1.04,17299840.0,19882004.0,2646.0469,99.05,29.85,2011,651.0,1.81,0.93,-0.22
2011-10-01,batang,巴塘,Batang,5.56,10.21,15.56,4.83,4.070711678301998,0.87,15546328.0,17718256.0,2642.2578,99.05,29.85,2011,650.03,2.95,0.5,0.04
2011-10-02,batang,巴塘,Batang,5.49,7.71,12.9,4.1,3.1939712967606235,0.81,13957005.0,16023382.0,2588.914,99.05,29.85,2011,650.22,4.8,0.64,-0.34
2011-10-03,batang,巴塘,Batang,9.69,7.67,13.4,2.97,3.2686127831733898,1.49,14661464.0,16680886.0,2543.2812,99.05,29.85,2011,650.34,3.91,0.9,0.14
2011-10-04,batang,巴塘,Batang,7.58,4.44,9.18,2.15,2.0082168688317856,1.02,8842481.0,11707942.0,2522.2422,99.05,29.85,2011,653.68,2.94,-0.92,0.38
2011-10-05,batang,巴塘,Batang,0.75,5.04,9.72,-0.15,2.93032861123034,0.63,12044846.0,15187774.0,2490.1562,99.05,29.85,2011,655.46,-0.56,-0.6,0.06
2011-10-06,batang,巴塘,Batang,0.0,6.45,13.01,-0.12,4.75162307828188,0.55,19635772.0,23301944.0,2388.914,99.05,29.85,2011,655.23,-4.38,-0.45,0.07
2011-10-07,batang,巴塘,Batang,0.1,8.69,14.01,0.53,4.971584025091887,0.92,19628358.0,22581332.0,2250.211,99.05,29.85,2011,653.66,-1.67,0.84,-0.21
2011-10-08,batang,巴塘,Batang,0.16,8.89,14.59,3.35,4.031513243296006,0.87,15836378.0,17966972.0,2111.1328,99.05,29.85,2011,653.02,0.25,0.81,-0.15
2011-10-09,batang,巴塘,Batang,1.03,8.57,13.73,3.33,3.572443585220052,1.03,13975362.0,15769802.0,1983.0234,99.05,29.85,2011,653.05,0.4,0.9,-0.23
2011-10-10,batang,巴塘,Batang,0.18,9.06,14.92,2.96,4.116072285686102,1.07,15882457.0,17876810.0,1871.8125,99.05,29.85,2011,653.8,-0.53,0.99,-0.23
2011-10-11,batang,巴塘,Batang,3.88,6.37,13.74,-0.11,3.3955885439319142,0.55,15529076.0,17453236.0,1779.8047,99.05,29.85,2011,655.77,3.01,-0.12,0.1
2011-10-12,batang,巴塘,Batang,0.47,8.15,14.47,0.46,4.243766284729933,0.54,17338260.0,19488218.0,1705.7422,99.05,29.85,2011,653.91,-1.85,-0.09,-0.06
2011-10-13,batang,巴塘,Batang,0.45,8.51,14.78,2.07,4.574073061261633,0.77,17845608.0,20024714.0,1634.6328,99.05,29.85,2011,652.45,-5.51,-0.5,0.26
2011-10-14,batang,巴塘,Batang,1.25,9.27,15.77,2.02,4.496825408685174,1.08,17618204.0,19748316.0,1561.1406,99.05,29.85,2011,650.21,-0.3,0.64,0.19
2011-10-15,batang,巴塘,Batang,1.78,9.06,14.85,4.75,3.642374769713889,1.64,14476826.0,16212840.0,1494.3125,99.05,29.85,2011,649.08,2.42,1.61,-0.03
2011-10-16,batang,巴塘,Batang,6.54,7.06,11.64,3.56,2.89975957255827,0.61,12916328.0,14484380.0,1455.4609,99.05,29.85,2011,651.12,3.75,0.41,-0.21
2011-10-17,batang,巴塘,Batang,2.24,7.23,12.75,3.38,3.4336039264782854,1.22,14778748.0,16869140.0,1472.3203,99.05,29.85,2011,651.8,1.74,1.11,-0.19
2011-10-18,batang,巴塘,Batang,1.97,6.99,12.33,3.06,3.472131168705613,1.15,15209920.0,17157122.0,1498.4141,99.05,29.85,2011,651.26,1.32,1.12,0.08
2011-10-19,batang,巴塘,Batang,2.49,6.65,12.0,2.6,3.458036845112708,0.9,15014982.0,16980004.0,1489.2891,99.05,29.85,2011,650.53,0.22,0.62,-0.02
2011-10-20,batang,巴塘,Batang,1.6,7.87,13.35,2.81,3.700505465204882,0.86,15071208.0,16933460.0,1446.0625,99.05,29.85,2011,650.98,-0.59,0.66,-0.11
2011-10-21,batang,巴塘,Batang,0.54,8.1,14.57,3.44,3.395833448641225,1.62,13567456.0,15201644.0,1383.3906,99.05,29.85,2011,649.92,1.01,1.57,0.03
2011-10-22,batang,巴塘,Batang,1.08,7.75,13.97,2.24,3.53501477432582,1.69,14703868.0,16454864.0,1317.7891,99.05,29.85,2011,649.13,0.99,1.65,0.22
2011-10-23,batang,巴塘,Batang,6.47,3.69,8.99,-1.62,2.3623306938144744,0.65,11947492.0,13521836.0,1267.1562,99.05,29.85,2011,652.06,1.47,-0.34,0.31
2011-10-24,batang,巴塘,Batang,0.63,5.19,10.66,-0.79,3.5989042715292685,0.86,15108746.0,17717832.0,1240.9141,99.05,29.85,2011,651.96,-5.37,0.68,-0.14
2011-10-25,batang,巴塘,Batang,0.77,6.3,11.86,0.89,3.6185386781450246,1.45,14170492.0,16227928.0,1215.4141,99.05,29.85,2011,650.65,-4.74,1.3,0.36
2011-10-26,batang,巴塘,Batang,0.67,5.39,10.44,0.58,3.728498745731829,1.51,15232488.0,17266224.0,1176.7031,99.05,29.85,2011,649.93,-6.64,1.42,0.25
2011-10-27,batang,巴塘,Batang,1.64,1.97,8.3,-4.19,2.694060768175377,0.86,13906844.0,15714348.0,1130.0625,99.05,29.85,2011,651.93,-3.87,0.07,0.27
2011-10-28,batang,巴塘,Batang,0.39,2.15,7.95,-4.24,3.3107936023359983,0.58,15850030.0,18183196.0,1083.625,99.05,29.85,2011,652.84,-10.79,-0.35,-0.06
2011-10-29,batang,巴塘,Batang,3.11,0.6,6.76,-4.72,2.719695709681876,0.47,14858364.0,16909772.0,1040.6406,99.05,29.85,2011,650.99,-3.89,0.4,0.02
2011-10-30,batang,巴塘,Batang,3.09,1.38,7.1,-4.26,2.7176702823960763,0.72,13581042.0,16214012.0,1001.97656,99.05,29.85,2011,649.54,-4.54,0.47,0.23
2011-10-31,batang,巴塘,Batang,0.67,2.12,7.33,-2.77,3.0900247842572885,0.74,13569260.0,17537612.0,967.8828,99.05,29.85,2011,649.78,-6.11,0.62,-0.04
2011-11-01,batang,巴塘,Batang,1.25,1.61,6.4,-2.2,2.7519487567442167,0.92,12952022.0,16158164.0,938.10156,99.05,29.85,2011,649.23,-4.95,0.9,0.04
2011-11-02,batang,巴塘,Batang,0.92,0.81,5.15,-2.62,2.7004282368262467,0.82,12760514.0,15942376.0,913.72656,99.05,29.85,2011,648.27,-7.38,0.78,0.08
2011-11-03,batang,巴塘,Batang,1.95,0.58,5.33,-3.23,2.5084937058299746,0.72,12116412.0,15070360.0,895.0625,99.05,29.85,2011,649.1,-6.52,0.41,0.03
2011-11-04,batang,巴塘,Batang,0.49,0.4,5.84,-3.66,2.808514801707191,0.4,13513120.0,17270460.0,879.96094,99.05,29.85,2011,650.3,-5.93,0.13,-0.07
2011-11-05,batang,巴塘,Batang,0.79,1.4,6.01,-3.15,2.5724759462678137,1.04,11800406.0,14563204.0,866.25,99.05,29.85,2011,649.13,-6.68,1.01,-0.13
2011-11-06,batang,巴塘,Batang,1.09,0.24,5.48,-4.35,2.3227776278176107,0.83,11518412.0,14062840.0,853.53125,99.05,29.85,2011,649.61,-6.62,0.31,0.13
2011-11-07,batang,巴塘,Batang,2.4,-1.34,3.22,-4.86,2.2501080344448043,1.24,12226250.0,15113828.0,841.7969,99.05,29.85,2011,652.28,-7.27,-1.11,0.45
2011-11-08,batang,巴塘,Batang,0.34,-3.68,0.95,-8.54,2.0859306216253937,1.3,10682038.0,14437388.0,831.2656,99.05,29.85,2011,654.7,-12.77,-1.17,0.55
2011-11-09,batang,巴塘,Batang,0.0,-4.4,1.22,-8.89,2.606623493089126,0.83,14382562.0,19073300.0,821.5078,99.05,29.85,2011,653.98,-16.93,-0.76,0.31
2011-11-10,batang,巴塘,Batang,0.0,-1.01,6.19,-7.73,2.963245974768915,0.37,14479880.0,18620528.0,812.3828,99.05,29.85,2011,651.93,-15.01,-0.23,0.18
2011-11-11,batang,巴塘,Batang,0.06,2.59,9.0,-5.35,3.4182525073338987,0.88,14784818.0,18218756.0,803.71094,99.05,29.85,2011,648.4,-10.19,0.81,-0.12
2011-11-12,batang,巴塘,Batang,3.23,2.14,7.58,-2.36,2.1633295389615403,0.8,10237050.0,12269852.0,795.9375,99.05,29.85,2011,648.62,-3.11,0.61,0.09
2011-11-13,batang,巴塘,Batang,0.24,1.64,7.17,-2.11,2.1939023646339413,1.08,9317560.0,11984644.0,789.9453,99.05,29.85,2011,649.49,-5.67,1.06,-0.13
2011-11-14,batang,巴塘,Batang,0.56,1.75,6.62,-1.64,2.14077453558551,1.06,9372848.0,11674260.0,782.6719,99.05,29.85,2011,649.52,-5.24,1.02,-0.12
2011-11-15,batang,巴塘,Batang,1.62,0.26,5.39,-3.66,2.3386662342821865,0.88,11838856.0,14678972.0,775.1172,99.05,29.85,2011,649.06,-4.97,0.83,-0.14
2011-11-16,batang,巴塘,Batang,0.67,-0.36,4.59,-3.58,2.2660460943632064,0.95,11400946.0,14353064.0,768.4844,99.05,29.85,2011,648.32,-6.36,0.89,-0.16
2011-11-17,batang,巴塘,Batang,1.15,-0.41,4.78,-4.02,2.4492242394557207,0.9,11860182.0,14965324.0,761.9297,99.05,29.85,2011,648.18,-8.97,0.44,0.18
2011-11-18,batang,巴塘,Batang,0.15,-1.86,4.4,-7.63,2.5429509916116166,0.63,12847296.0,16211852.0,755.6953,99.05,29.85,2011,651.57,-14.47,-0.29,0.25
2011-11-19,batang,巴塘,Batang,0.0,-1.61,4.81,-7.94,2.7891153616873563,0.57,14061136.0,17445312.0,749.6953,99.05,29.85,2011,653.51,-18.05,0.32,-0.15
2011-11-20,batang,巴塘,Batang,0.0,-0.03,6.58,-5.68,2.9339479136457465,0.75,14186118.0,17219476.0,743.8906,99.05,29.85,2011,653.85,-13.59,0.72,-0.17
2011-11-21,batang,巴塘,Batang,0.16,-0.33,6.94,-5.45,2.7731212401036,0.54,14132326.0,16781288.0,738.3203,99.05,29.85,2011,655.67,-12.37,-0.25,0.0
2011-11-22,batang,巴塘,Batang,0.01,-0.97,6.56,-7.21,2.7598466149460337,0.82,14518906.0,16945368.0,732.875,99.05,29.85,2011,656.55,-13.23,-0.8,0.07
2011-11-23,batang,巴塘,Batang,0.0,-1.4,5.41,-7.59,2.6761594335358243,0.5,14542176.0,16812312.0,727.5469,99.05,29.85,2011,655.78,-15.13,-0.29,-0.14
2011-11-24,batang,巴塘,Batang,0.0,0.09,6.85,-5.42,2.7998529088576936,0.37,14525874.0,16650364.0,722.28906,99.05,29.85,2011,653.5,-13.76,-0.16,-0.06
2011-11-25,batang,巴塘,Batang,0.0,0.31,7.48,-4.97,2.820114165901781,0.6,14468012.0,16458688.0,717.125,99.05,29.85,2011,652.56,-12.29,-0.56,-0.05
2011-11-26,batang,巴塘,Batang,0.0,1.2,8.42,-4.59,2.9279071122157854,0.45,14524622.0,16425916.0,712.03906,99.05,29.85,2011,651.45,-13.96,-0.29,-0.08
2011-11-27,batang,巴塘,Batang,0.0,2.02,8.89,-3.87,2.9499427407796124,0.38,14361096.0,16164356.0,707.0078,99.05,29.85,2011,649.51,-12.4,0.11,-0.11
2011-11-28,batang,巴塘,Batang,0.0,3.04,9.59,-3.2,3.0919606324717552,0.79,14237558.0,15968268.0,702.03125,99.05,29.85,2011,647.06,-9.2,0.71,-0.18
2011-11-29,batang,巴塘,Batang,0.35,2.49,8.06,-1.99,2.4286283032249782,0.76,11639284.0,13024308.0,697.14844,99.05,29.85,2011,647.89,-5.63,0.68,-0.14
2011-11-30,batang,巴塘,Batang,2.66,1.15,7.45,-5.19,1.9956105964257749,0.94,10055264.0,11267676.0,692.4297,99.05,29.85,2011,650.33,-5.31,0.11,0.01
2011-12-01,batang,巴塘,Batang,0.26,-2.16,3.04,-5.93,2.4382320490160807,1.08,12248904.0,14552416.0,687.8203,99.05,29.85,2011,653.36,-17.58,-1.02,0.06
2011-12-02,batang,巴塘,Batang,0.0,0.41,5.76,-5.51,2.8206921165413426,0.82,12857086.0,15077400.0,682.8906,99.05,29.85,2011,647.52,-19.35,0.76,-0.1
2011-12-03,batang,巴塘,Batang,0.56,1.54,6.83,-3.09,2.572030669349188,1.3,12076686.0,13970300.0,678.0469,99.05,29.85,2011,643.89,-7.46,1.27,-0.18
2011-12-04,batang,巴塘,Batang,0.99,1.82,7.52,-2.31,2.18870175839116,1.52,9313714.0,10972436.0,673.5,99.05,29.85,2011,644.23,-6.64,1.44,0.21
2011-12-05,batang,巴塘,Batang,0.12,1.54,7.68,-3.12,2.3002069846213904,1.44,10831146.0,12677368.0,669.0547,99.05,29.85,2011,647.41,-5.63,1.4,-0.2
2011-12-06,batang,巴塘,Batang,0.12,1.46,7.43,-3.25,2.2365026201789884,1.4,11046434.0,12758532.0,664.4375,99.05,29.85,2011,648.52,-4.73,1.37,-0.26
2011-12-07,batang,巴塘,Batang,0.19,2.79,8.64,-2.16,2.363096075442959,1.38,10482818.0,12012556.0,660.1094,99.05,29.85,2011,649.0,-5.0,1.33,-0.04
2011-12-08,batang,巴塘,Batang,0.68,2.72,8.29,-1.5,2.3970203406531607,1.31,10577088.0,12056760.0,656.4453,99.05,29.85,2011,648.38,-5.78,1.25,0.18
2011-12-09,batang,巴塘,Batang,0.41,2.08,7.54,-1.94,2.088957652591714,1.49,9556206.0,10885496.0,652.8203,99.05,29.85,2011,645.99,-4.76,1.46,-0.12
2011-12-10,batang,巴塘,Batang,2.22,0.17,5.83,-3.71,2.1336075732217568,1.78,10934522.0,12774364.0,648.72656,99.05,29.85,2011,644.86,-6.15,1.68,0.13
2011-12-11,batang,巴塘,Batang,2.45,-1.24,3.86,-4.7,1.9550975371966133,1.21,9691046.0,11867176.0,644.59375,99.05,29.85,2011,646.65,-8.99,1.14,0.09
2011-12-12,batang,巴塘,Batang,0.93,-2.08,2.55,-6.36,1.815033288800684,1.04,8512758.0,11101448.0,640.0547,99.05,29.85,2011,647.38,-10.82,0.98,-0.15
2011-12-13,batang,巴塘,Batang,0.31,-2.29,3.03,-6.3,1.8621746011545008,1.3,9026320.0,11845564.0,634.89844,99.05,29.85,2011,646.16,-9.94,1.26,-0.24
2011-12-14,batang,巴塘,Batang,0.56,-2.45,3.16,-7.03,1.689353897788722,1.15,8137080.0,10615476.0,629.84375,99.05,29.85,2011,646.97,-10.0,1.11,-0.17
2011-12-15,batang,巴塘,Batang,0.47,-2.28,3.39,-7.08,1.7782165698322705,1.34,8753688.0,11393412.0,625.0703,99.05,29.85,2011,646.51,-9.24,1.28,-0.28
2011-12-16,batang,巴塘,Batang,0.94,-2.5,3.02,-5.82,1.871592398467756,1.91,9257042.0,12148212.0,620.5,99.05,29.85,2011,645.67,-9.57,1.83,0.01
2011-12-17,batang,巴塘,Batang,0.84,-2.58,3.02,-7.25,1.9260095004657904,1.47,9103472.0,12284788.0,616.1172,99.05,29.85,2011,647.55,-10.81,1.36,0.08
2011-12-18,batang,巴塘,Batang,0.1,-3.66,1.79,-8.69,1.6809353225940808,1.2,8658996.0,11628172.0,611.7578,99.05,29.85,2011,648.28,-10.53,1.15,-0.24
2011-12-19,batang,巴塘,Batang,0.02,-3.22,3.45,-9.18,2.0490986347795244,1.02,10628804.0,14005816.0,607.33594,99.05,29.85,2011,647.9,-11.74,0.96,0.02
2011-12-20,batang,巴塘,Batang,0.01,-2.28,4.29,-8.45,2.322348812777704,1.15,11863132.0,15265064.0,602.9297,99.05,29.85,2011,647.29,-11.43,1.13,-0.18
2011-12-21,batang,巴塘,Batang,0.01,-1.91,4.66,-7.99,2.2494169484815445,1.17,11865596.0,14899772.0,598.5625,99.05,29.85,2011,647.39,-9.46,1.15,-0.12
2011-12-22,batang,巴塘,Batang,0.01,-1.62,4.94,-7.51,2.1870103742643336,1.28,11446488.0,14064348.0,594.2344,99.05,29.85,2011,646.23,-9.31,1.26,-0.17
2011-12-23,batang,巴塘,Batang,0.0,-1.26,5.1,-7.38,2.3288969825637595,1.15,12287180.0,14831500.0,589.9219,99.05,29.85,2011,646.43,-9.26,1.12,-0.16
2011-12-24,batang,巴塘,Batang,0.0,-1.11,5.57,-6.8,2.3103343604979374,1.52,12203160.0,14492612.0,585.6406,99.05,29.85,2011,645.87,-9.05,1.5,-0.1
2011-12-25,batang,巴塘,Batang,0.02,-1.31,5.45,-6.43,2.282512703683521,1.47,11917514.0,13998828.0,581.4531,99.05,29.85,2011,647.93,-10.24,1.41,-0.07
2011-12-26,batang,巴塘,Batang,0.18,-1.97,3.85,-6.77,2.0376995578755075,1.56,10416064.0,12206804.0,577.25,99.05,29.85,2011,648.21,-11.3,1.47,0.09
2011-12-27,batang,巴塘,Batang,0.12,-1.98,3.8,-7.02,2.2098720615550707,1.49,11250064.0,13174528.0,573.03125,99.05,29.85,2011,648.29,-12.82,1.37,0.18
2011-12-28,batang,巴塘,Batang,0.16,-1.9,3.91,-7.3,2.1311554644780126,1.38,10689780.0,12508176.0,568.8906,99.05,29.85,2011,648.89,-12.83,1.23,0.29
2011-12-29,batang,巴塘,Batang,0.02,-2.0,4.64,-8.08,2.327815528295047,1.16,12707822.0,14804620.0,564.7656,99.05,29.85,2011,649.16,-11.91,1.13,-0.12
2011-12-30,batang,巴塘,Batang,0.01,-1.51,5.09,-7.43,2.2130044431386384,1.01,12126862.0,14037244.0,560.65625,99.05,29.85,2011,650.3,-9.85,0.98,-0.13
2011-12-31,batang,巴塘,Batang,0.0,-0.83,5.84,-7.39,2.3796850496211817,0.93,12975846.0,14903220.0,556.5469,99.05,29.85,2011,650.88,-8.9,0.9,-0.15
2012-01-01,batang,巴塘,Batang,0.01,0.19,6.86,-6.13,2.515209154776413,1.19,13249288.0,15100336.0,552.4531,99.05,29.85,2012,648.97,-7.73,1.15,-0.18
2012-01-02,batang,巴塘,Batang,1.06,-0.69,6.12,-5.22,1.843211216160528,1.93,10555846.0,11988100.0,548.6406,99.05,29.85,2012,644.01,-5.52,1.92,-0.08
2012-01-03,batang,巴塘,Batang,0.54,-2.02,4.05,-6.64,2.240084642916102,1.81,11937022.0,13983352.0,545.3281,99.05,29.85,2012,643.82,-11.21,1.66,0.51
2012-01-04,batang,巴塘,Batang,0.78,-3.86,1.21,-8.39,2.111670087177966,1.65,11315508.0,13566792.0,542.25,99.05,29.85,2012,643.98,-15.63,1.5,0.46
2012-01-05,batang,巴塘,Batang,0.48,-4.54,0.7,-10.07,1.90287760234756,1.22,10646242.0,12778828.0,538.1875,99.05,29.85,2012,645.12,-15.97,0.98,0.24
2012-01-06,batang,巴塘,Batang,0.96,-5.11,0.39,-10.15,1.5900562891870456,1.44,9344718.0,11360988.0,533.8594,99.05,29.85,2012,646.45,-12.93,1.36,-0.19
2012-01-07,batang,巴塘,Batang,0.67,-4.64,1.19,-8.77,1.7988995725144958,1.68,10205904.0,12895836.0,529.65625,99.05,29.85,2012,647.35,-12.64,1.6,0.01
2012-01-08,batang,巴塘,Batang,0.2,-5.06,1.48,-9.29,1.868932954824524,1.86,11160282.0,14118572.0,525.625,99.05,29.85,2012,647.56,-12.89,1.8,0.12
2012-01-09,batang,巴塘,Batang,0.32,-4.14,1.99,-9.48,2.003608097764489,1.8,11589754.0,14560276.0,521.7031,99.05,29.85,2012,647.52,-12.01,1.75,0.08
2012-01-10,batang,巴塘,Batang,0.49,-3.68,2.83,-8.15,1.9214125000534008,1.87,10383630.0,13162864.0,517.90625,99.05,29.85,2012,646.22,-11.69,1.79,0.21
2012-01-11,batang,巴塘,Batang,0.94,-4.75,1.11,-10.22,1.6265251831702678,1.67,9509752.0,12162084.0,514.1719,99.05,29.85,2012,645.77,-11.06,1.62,0.08
2012-01-12,batang,巴塘,Batang,1.14,-6.1,-0.52,-10.61,1.7177786412761826,1.67,10621890.0,14095236.0,510.4375,99.05,29.85,2012,644.36,-12.93,1.6,0.04
2012-01-13,batang,巴塘,Batang,3.09,-6.87,-2.01,-11.33,1.5573163090167723,1.05,9592832.0,13738252.0,506.76562,99.05,29.85,2012,643.3,-11.76,0.98,-0.02
2012-01-14,batang,巴塘,Batang,1.24,-9.01,-4.02,-17.23,1.2878696639678595,0.65,7053018.0,11730552.0,503.10938,99.05,29.85,2012,643.81,-16.32,-0.17,-0.14
2012-01-15,batang,巴塘,Batang,0.03,-12.67,-4.91,-18.71,1.4075408388487818,0.93,9944096.0,16692924.0,499.4375,99.05,29.85,2012,643.67,-20.13,0.82,-0.31
2012-01-16,batang,巴塘,Batang,0.01,-12.86,-6.53,-19.1,1.415580284843294,1.13,10618242.0,17214380.0,495.78125,99.05,29.85,2012,641.84,-20.38,1.05,-0.4
2012-01-17,batang,巴塘,Batang,0.64,-10.65,-4.4,-17.04,1.4104319332324236,1.32,10071544.0,15962012.0,492.125,99.05,29.85,2012,639.25,-15.46,1.24,-0.37
2012-01-18,batang,巴塘,Batang,0.85,-8.04,-2.96,-13.06,1.3670552108591103,1.52,8087908.0,13715836.0,488.5,99.05,29.85,2012,640.02,-11.73,1.51,-0.11
2012-01-19,batang,巴塘,Batang,0.46,-8.03,-2.91,-11.65,1.537896807093292,1.54,9397482.0,15507356.0,484.875,99.05,29.85,2012,641.51,-12.16,1.52,-0.16
2012-01-20,batang,巴塘,Batang,0.9,-6.63,-1.26,-11.63,1.6161288803569225,1.4,8925692.0,14830380.0,481.25,99.05,29.85,2012,640.23,-10.83,1.33,-0.08
2012-01-21,batang,巴塘,Batang,0.66,-7.36,-1.69,-12.73,1.6713237669320975,1.35,8952888.0,15199236.0,477.6875,99.05,29.85,2012,641.33,-13.24,1.27,0.1
2012-01-22,batang,巴塘,Batang,0.24,-8.56,-1.81,-15.64,1.5959051025093716,1.02,9179036.0,15386108.0,474.1875,99.05,29.85,2012,645.0,-14.14,0.9,0.0
2012-01-23,batang,巴塘,Batang,0.11,-10.0,-2.97,-17.45,1.5181123709434945,1.19,10164736.0,16697300.0,470.65625,99.05,29.85,2012,643.55,-14.35,1.13,-0.24
2012-01-24,batang,巴塘,Batang,0.11,-8.6,-0.04,-15.19,1.681310980735268,0.96,10472226.0,16656520.0,467.125,99.05,29.85,2012,643.92,-13.28,0.88,-0.21
2012-01-25,batang,巴塘,Batang,0.09,-8.77,-1.64,-15.43,1.6493265734902562,1.07,10714010.0,16549500.0,463.64062,99.05,29.85,2012,643.64,-13.65,1.02,-0.28
2012-01-26,batang,巴塘,Batang,0.26,-6.78,-0.69,-13.31,1.865597214936452,1.24,11582490.0,17378008.0,460.15625,99.05,29.85,2012,643.02,-11.13,1.17,-0.37
2012-01-27,batang,巴塘,Batang,0.41,-5.55,0.37,-11.18,1.6423154674682467,1.42,9599790.0,14180608.0,456.6875,99.05,29.85,2012,642.91,-9.71,1.37,-0.24
2012-01-28,batang,巴塘,Batang,0.57,-6.59,-0.6,-11.19,1.7550484857762294,1.39,10960188.0,16112288.0,453.25,99.05,29.85,2012,644.07,-11.11,1.3,-0.36
2012-01-29,batang,巴塘,Batang,0.19,-6.8,-1.38,-12.22,1.784120943768897,1.38,11296830.0,16416196.0,449.8125,99.05,29.85,2012,645.54,-11.71,1.31,-0.27
2012-01-30,batang,巴塘,Batang,0.06,-7.8,-0.08,-13.79,1.7688480445324275,1.03,11698276.0,16629936.0,446.40625,99.05,29.85,2012,648.56,-13.18,0.89,-0.33
2012-01-31,batang,巴塘,Batang,0.01,-8.83,-1.8,-15.67,1.838198805303676,1.05,13338706.0,18465040.0,443.03125,99.05,29.85,2012,648.26,-14.44,0.95,-0.38
2012-02-01,batang,巴塘,Batang,0.24,-7.85,-1.77,-14.11,1.902293010030992,1.25,13534130.0,18349844.0,439.6875,99.05,29.85,2012,646.08,-13.49,1.13,-0.48
2012-02-02,batang,巴塘,Batang,0.12,-5.67,1.51,-13.21,2.0995261614136016,0.91,12438926.0,16726212.0,436.34375,99.05,29.85,2012,648.25,-14.1,0.69,0.02
2012-02-03,batang,巴塘,Batang,1.82,-8.06,-0.95,-14.45,1.6821217864742952,1.03,12251384.0,16155756.0,433.03125,99.05,29.85,2012,648.18,-12.91,0.86,-0.45
2012-02-04,batang,巴塘,Batang,0.06,-9.21,-1.84,-15.95,1.7725690737934476,1.15,12819718.0,18203756.0,429.71875,99.05,29.85,2012,648.26,-15.03,0.99,-0.53
2012-02-05,batang,巴塘,Batang,0.42,-6.77,-0.41,-13.93,1.9172016194340664,1.21,12739352.0,17515496.0,426.375,99.05,29.85,2012,645.54,-11.85,1.1,-0.45
2012-02-06,batang,巴塘,Batang,1.16,-4.14,2.02,-8.66,2.0048599254295616,1.19,11576046.0,15940476.0,423.15625,99.05,29.85,2012,645.36,-8.86,1.08,-0.23
2012-02-07,batang,巴塘,Batang,0.07,-3.79,3.1,-8.62,2.25424690357981,1.21,13148900.0,17913860.0,420.0625,99.05,29.85,2012,646.48,-8.54,1.15,-0.34
2012-02-08,batang,巴塘,Batang,0.27,-2.06,4.8,-8.73,2.259274809638197,1.69,13374040.0,17395092.0,417.125,99.05,29.85,2012,644.54,-5.99,1.64,-0.36
2012-02-09,batang,巴塘,Batang,1.67,-1.68,4.65,-5.81,2.275715760961063,2.0,13086304.0,16798876.0,414.78125,99.05,29.85,2012,641.65,-6.57,1.95,-0.01
2012-02-10,batang,巴塘,Batang,1.23,-3.08,2.51,-7.8,2.5194654308651567,1.66,13731180.0,18665760.0,413.96875,99.05,29.85,2012,643.5,-10.56,1.52,0.35
2012-02-11,batang,巴塘,Batang,0.37,-5.11,0.81,-11.64,2.364446891476361,1.8,14192544.0,19234770.0,414.875,99.05,29.85,2012,643.59,-13.46,1.73,0.23
2012-02-12,batang,巴塘,Batang,0.47,-6.48,0.75,-12.41,2.090959241482019,1.52,13413074.0,18097844.0,417.03125,99.05,29.85,2012,644.75,-14.25,1.28,0.24
2012-02-13,batang,巴塘,Batang,1.5,-5.1,1.08,-11.53,2.306153288146509,1.42,14329282.0,19368304.0,418.25,99.05,29.85,2012,645.72,-11.36,1.31,-0.02
2012-02-14,batang,巴塘,Batang,0.95,-3.5,3.06,-8.26,2.360768317772652,1.58,12884522.0,18213910.0,416.6875,99.05,29.85,2012,644.63,-9.81,1.43,0.17
2012-02-15,batang,巴塘,Batang,0.31,-2.78,3.14,-7.04,2.3311866748556365,1.69,12992246.0,18037648.0,412.46875,99.05,29.85,2012,644.94,-7.82,1.66,-0.06
2012-02-16,batang,巴塘,Batang,0.47,-2.04,4.55,-6.71,2.370752276249524,1.78,13230342.0,17685316.0,406.96875,99.05,29.85,2012,645.75,-7.14,1.75,0.05
2012-02-17,batang,巴塘,Batang,0.9,-2.04,4.52,-6.82,2.472494408773621,1.73,13990230.0,18215904.0,401.65625,99.05,29.85,2012,644.73,-7.67,1.7,0.1
2012-02-18,batang,巴塘,Batang,2.55,-4.2,2.69,-11.57,2.2375823263346986,0.77,11973034.0,16775284.0,397.09375,99.05,29.85,2012,646.8,-11.64,0.15,0.04
2012-02-19,batang,巴塘,Batang,1.96,-5.08,1.05,-9.82,2.0292615887819827,1.08,12092742.0,17058712.0,393.0625,99.05,29.85,2012,645.55,-9.47,0.93,-0.47
2012-02-20,batang,巴塘,Batang,0.67,-5.56,0.83,-10.4,2.035977095532195,1.16,11539796.0,17286488.0,389.46875,99.05,29.85,2012,645.26,-10.9,0.97,-0.55
2012-02-21,batang,巴塘,Batang,0.45,-4.05,2.29,-9.89,2.34534874803878,1.24,12587940.0,18619240.0,386.0,99.05,29.85,2012,644.25,-9.74,1.09,-0.45
2012-02-22,batang,巴塘,Batang,0.33,-3.16,3.6,-11.9,2.5343580555136183,1.0,12854522.0,18564090.0,382.40625,99.05,29.85,2012,644.4,-10.27,0.86,-0.23
2012-02-23,batang,巴塘,Batang,0.12,-3.29,5.7,-13.64,2.7346385906334976,0.88,14726500.0,20194106.0,378.59375,99.05,29.85,2012,644.79,-10.69,0.71,-0.22
2012-02-24,batang,巴塘,Batang,0.11,-1.59,7.75,-13.08,2.9937716174968774,1.07,16053490.0,20778046.0,374.625,99.05,29.85,2012,644.87,-8.72,0.92,-0.31
2012-02-25,batang,巴塘,Batang,2.41,0.48,7.34,-5.44,3.072238618861705,1.03,15432752.0,19457100.0,371.125,99.05,29.85,2012,643.84,-6.04,0.9,0.01
2012-02-26,batang,巴塘,Batang,2.82,-0.31,5.67,-4.47,2.527031755333176,1.37,13417792.0,16876432.0,369.46875,99.05,29.85,2012,641.89,-5.56,1.33,0.05
2012-02-27,batang,巴塘,Batang,0.45,-1.97,4.51,-8.92,3.3992550518462874,1.15,16877614.0,22780104.0,370.8125,99.05,29.85,2012,643.03,-15.04,0.15,0.12
2012-02-28,batang,巴塘,Batang,1.43,-2.16,4.2,-8.3,2.5741788242335537,1.32,13741484.0,18036556.0,371.5,99.05,29.85,2012,640.14,-9.44,1.2,-0.22
2012-02-29,batang,巴塘,Batang,2.77,-3.36,2.96,-7.34,2.347740479078263,1.59,13751844.0,18999720.0,368.15625,99.05,29.85,2012,640.48,-7.92,1.51,-0.13
2012-03-01,batang,巴塘,Batang,0.93,-3.89,1.33,-7.79,2.4567609737263503,1.57,12647082.0,19104848.0,363.5625,99.05,29.85,2012,641.18,-11.08,1.48,-0.14
2012-03-02,batang,巴塘,Batang,1.48,-4.53,1.21,-9.75,2.529819081721047,1.73,13581244.0,20866912.0,358.625,99.05,29.85,2012,640.76,-11.62,1.6,-0.0
2012-03-03,batang,巴塘,Batang,0.96,-5.47,0.42,-12.36,2.4183721663743527,1.22,12694141.0,19916848.0,354.0,99.05,29.85,2012,641.68,-13.55,1.09,-0.22
2012-03-04,batang,巴塘,Batang,1.71,-6.5,-0.2,-13.96,2.219090146236474,1.02,12639201.0,19727130.0,349.9375,99.05,29.85,2012,643.56,-12.37,0.81,-0.44
2012-03-05,batang,巴塘,Batang,0.01,-5.64,2.13,-14.7,2.7308453172601843,1.24,14757381.0,23764536.0,346.3125,99.05,29.85,2012,643.06,-12.57,1.07,-0.57
2012-03-06,batang,巴塘,Batang,0.57,-2.56,5.38,-11.95,3.119642741901688,1.17,15626697.0,23137044.0,343.0,99.05,29.85,2012,641.39,-9.56,1.05,-0.34
2012-03-07,batang,巴塘,Batang,1.39,-1.24,4.49,-6.11,2.83454693543799,1.67,13999660.0,19739780.0,340.03125,99.05,29.85,2012,639.53,-8.13,1.63,-0.08
2012-03-08,batang,巴塘,Batang,1.19,-1.06,4.85,-5.49,2.9656734974541425,1.69,14509970.0,20427504.0,337.625,99.05,29.85,2012,640.76,-8.41,1.61,0.07
2012-03-09,batang,巴塘,Batang,1.42,-1.23,4.53,-5.58,3.0320069910083847,1.65,14951272.0,21006292.0,335.25,99.05,29.85,2012,642.37,-8.89,1.6,0.0
2012-03-10,batang,巴塘,Batang,0.64,-1.7,4.48,-7.02,3.25074322813186,1.67,16113035.0,22691508.0,332.90625,99.05,29.85,2012,644.77,-11.07,1.59,0.06
2012-03-11,batang,巴塘,Batang,0.06,-0.73,7.06,-7.26,3.598911612237599,1.43,17877464.0,24058056.0,330.5,99.05,29.85,2012,647.54,-10.33,1.36,0.08
2012-03-12,batang,巴塘,Batang,0.03,-0.37,7.68,-7.96,3.6353305210881057,1.34,18468838.0,23633740.0,328.09375,99.05,29.85,2012,648.68,-10.42,1.24,-0.08
2012-03-13,batang,巴塘,Batang,0.44,0.36,6.92,-7.99,3.608757578190045,1.63,19248664.0,23672256.0,325.71875,99.05,29.85,2012,647.3,-7.57,1.59,-0.22
2012-03-14,batang,巴塘,Batang,2.45,0.54,6.72,-4.51,2.9018609170640564,1.65,15514015.0,19159898.0,324.0625,99.05,29.85,2012,644.66,-4.99,1.61,-0.02
2012-03-15,batang,巴塘,Batang,0.97,-0.19,6.15,-5.96,3.540661295259596,1.93,18436738.0,23139040.0,324.09375,99.05,29.85,2012,645.54,-9.92,1.83,0.2
2012-03-16,batang,巴塘,Batang,1.35,-0.89,5.07,-7.82,3.4321852400711066,1.42,17700664.0,22283782.0,324.5,99.05,29.85,2012,645.78,-12.07,1.09,0.33
2012-03-17,batang,巴塘,Batang,0.01,-1.85,4.64,-8.61,3.841865689090224,0.78,20283030.0,25680308.0,324.96875,99.05,29.85,2012,648.65,-17.01,-0.11,-0.59
2012-03-18,batang,巴塘,Batang,0.26,0.35,7.37,-7.95,4.109267630331949,0.95,20239656.0,24718524.0,324.03125,99.05,29.85,2012,649.1,-15.53,0.75,-0.14
2012-03-19,batang,巴塘,Batang,0.1,2.08,8.73,-5.49,4.1835960636826455,0.48,19727170.0,23490002.0,321.15625,99.05,29.85,2012,650.06,-13.77,0.22,-0.2
2012-03-20,batang,巴塘,Batang,0.1,3.72,10.7,-3.69,4.5304103754305975,1.33,20625582.0,24005184.0,317.1875,99.05,29.85,2012,648.02,-9.55,1.26,-0.17
2012-03-21,batang,巴塘,Batang,1.38,4.14,11.33,-2.07,4.311223531411319,1.51,20400394.0,23462058.0,314.40625,99.05,29.85,2012,645.51,-5.24,1.37,0.12
2012-03-22,batang,巴塘,Batang,1.71,5.22,11.26,-0.89,3.7688139447561193,1.46,16931458.0,19395396.0,317.0,99.05,29.85,2012,645.93,-2.76,1.38,0.1
2012-03-23,batang,巴塘,Batang,10.91,2.1,7.29,-1.74,2.5512116583134623,0.73,12926928.0,15668538.0,330.75,99.05,29.85,2012,648.49,-0.36,0.56,0.11
2012-03-24,batang,巴塘,Batang,3.13,2.45,9.43,-2.2,3.3891213541377154,1.06,13972922.0,20536016.0,358.25,99.05,29.85,2012,649.09,-2.39,0.87,-0.01
2012-03-25,batang,巴塘,Batang,4.93,2.22,8.59,-3.35,3.5249149366796155,1.01,15730394.0,21812470.0,384.59375,99.05,29.85,2012,650.32,-2.08,0.68,0.01
2012-03-26,batang,巴塘,Batang,0.32,2.93,9.85,-2.92,3.927753524462848,1.06,15226278.0,21986252.0,397.65625,99.05,29.85,2012,649.87,-6.63,1.02,-0.15
2012-03-27,batang,巴塘,Batang,2.0,1.75,8.05,-2.34,2.910383180971675,1.01,13538012.0,17803260.0,393.375,99.05,29.85,2012,650.67,-3.11,0.96,0.11
2012-03-28,batang,巴塘,Batang,0.44,4.0,10.38,-1.72,4.307402028111785,1.22,17832718.0,23211190.0,379.625,99.05,29.85,2012,650.39,-6.13,1.19,0.01
2012-03-29,batang,巴塘,Batang,12.05,2.99,9.6,-0.99,2.9987969379611266,1.19,14235894.0,17664974.0,365.53125,99.05,29.85,2012,647.21,-1.68,1.11,0.23
2012-03-30,batang,巴塘,Batang,6.17,-2.89,0.05,-9.58,2.078294786295821,0.94,4463644.0,15405162.0,361.78125,99.05,29.85,2012,653.56,-7.24,-0.83,0.32
2012-03-31,batang,巴塘,Batang,0.0,-7.19,-0.56,-15.31,3.22670293691506,0.69,8931462.0,29356856.0,359.34375,99.05,29.85,2012,655.98,-15.12,-0.64,0.14
2012-04-01,batang,巴塘,Batang,0.0,-6.02,1.76,-15.66,3.5521334471949944,0.44,10456670.0,29497142.0,351.0625,99.05,29.85,2012,654.51,-15.7,-0.41,-0.06
2012-04-02,batang,巴塘,Batang,0.0,-3.03,4.13,-12.82,4.1071844788766025,0.47,13367896.0,29564392.0,341.25,99.05,29.85,2012,655.2,-13.98,-0.37,-0.23
2012-04-03,batang,巴塘,Batang,0.0,0.65,9.24,-9.1,4.8174202380195865,0.58,16731474.0,29461528.0,330.5625,99.05,29.85,2012,652.99,-13.05,0.54,0.05
2012-04-04,batang,巴塘,Batang,0.02,1.65,8.62,-7.19,4.793436695161788,0.45,19737206.0,28374134.0,319.65625,99.05,29.85,2012,650.99,-8.38,0.28,0.01
2012-04-05,batang,巴塘,Batang,0.89,3.96,10.07,-2.83,4.0485412325336405,1.26,17644064.0,22663760.0,309.15625,99.05,29.85,2012,648.65,-3.31,1.21,0.06
2012-04-06,batang,巴塘,Batang,1.8,4.36,9.99,-0.58,3.928570023371887,1.22,17820420.0,21892798.0,300.8125,99.05,29.85,2012,648.28,-1.88,1.2,-0.04
2012-04-07,batang,巴塘,Batang,3.63,3.18,8.93,-0.93,3.343842349820352,1.35,16900428.0,20487226.0,296.84375,99.05,29.85,2012,647.08,-0.66,1.3,-0.22
2012-04-08,batang,巴塘,Batang,10.15,1.36,8.05,-6.21,3.437779523834452,0.83,17939834.0,21982168.0,303.34375,99.05,29.85,2012,647.47,-2.13,0.62,-0.13
2012-04-09,batang,巴塘,Batang,3.62,0.06,6.14,-7.07,3.6837924842669465,0.47,14514286.0,24081610.0,323.0625,99.05,29.85,2012,649.24,-2.97,-0.02,-0.28
2012-04-10,batang,巴塘,Batang,0.32,2.31,9.64,-4.32,4.187558594713436,0.77,16293218.0,24762342.0,341.75,99.05,29.85,2012,648.8,-4.88,0.66,-0.27
2012-04-11,batang,巴塘,Batang,0.25,4.08,10.11,-2.74,4.410288636721912,0.96,18012288.0,23704108.0,352.09375,99.05,29.85,2012,647.15,-6.09,0.92,-0.19
2012-04-12,batang,巴塘,Batang,0.59,5.11,11.24,-1.28,4.746906414108074,1.44,20827802.0,25495778.0,353.3125,99.05,29.85,2012,645.45,-3.55,1.39,0.05
2012-04-13,batang,巴塘,Batang,1.95,5.76,11.4,0.13,4.513220063594591,1.56,19591640.0,23218684.0,347.53125,99.05,29.85,2012,646.56,-3.15,1.49,0.15
2012-04-14,batang,巴塘,Batang,1.76,4.37,10.73,-0.91,3.5238722422104862,1.35,15522978.0,18798622.0,339.75,99.05,29.85,2012,648.41,-3.08,1.31,0.04
2012-04-15,batang,巴塘,Batang,1.32,5.35,11.23,-0.75,4.284437489879782,1.55,19367642.0,22895198.0,331.0,99.05,29.85,2012,646.92,-2.1,1.5,-0.06
2012-04-16,batang,巴塘,Batang,1.17,4.85,11.25,-0.67,4.482656621282153,2.07,20527094.0,24073254.0,321.5,99.05,29.85,2012,645.15,-4.43,1.92,0.4
2012-04-17,batang,巴塘,Batang,4.06,3.84,9.41,-1.2,3.6922690244546335,1.23,17723294.0,20936194.0,315.5625,99.05,29.85,2012,645.67,-2.23,1.16,0.1
2012-04-18,batang,巴塘,Batang,13.2,2.43,6.33,-0.45,2.392061793249512,0.5,10765384.0,14148604.0,318.6875,99.05,29.85,2012,646.58,0.07,0.1,0.1
2012-04-19,batang,巴塘,Batang,5.6,-2.09,2.29,-12.14,1.9921772064983665,0.89,4901510.0,14706560.0,329.6875,99.05,29.85,2012,650.63,-4.73,-0.8,0.35
2012-04-20,batang,巴塘,Batang,0.01,-4.64,2.06,-12.54,3.724075331990192,0.65,11311508.0,29965334.0,333.53125,99.05,29.85,2012,654.05,-11.64,-0.63,0.06
2012-04-21,batang,巴塘,Batang,0.0,-2.23,4.93,-12.35,4.5452481533901326,0.44,15060006.0,31854148.0,328.0,99.05,29.85,2012,650.37,-11.39,-0.38,0.05
2012-04-22,batang,巴塘,Batang,0.44,3.31,9.56,-7.12,4.869913421401415,0.51,16812802.0,27271478.0,317.375,99.05,29.85,2012,645.02,-5.32,0.47,-0.06
2012-04-23,batang,巴塘,Batang,2.66,4.39,10.71,-0.11,3.8849764850799136,1.18,16346914.0,22171478.0,305.34375,99.05,29.85,2012,644.42,-0.44,1.11,0.23
2012-04-24,batang,巴塘,Batang,9.54,3.7,9.57,-0.19,3.488784606160405,0.86,15891444.0,20317588.0,296.78125,99.05,29.85,2012,648.15,0.22,0.5,0.24
2012-04-25,batang,巴塘,Batang,4.23,1.08,4.4,-2.41,3.1787642419069133,0.74,11809220.0,19990330.0,296.03125,99.05,29.85,2012,650.54,-3.36,-0.66,0.0
2012-04-26,batang,巴塘,Batang,8.38,0.55,7.6,-6.14,4.007827950066666,0.35,14204914.0,25318678.0,294.1875,99.05,29.85,2012,649.57,-2.53,-0.14,-0.09
2012-04-27,batang,巴塘,Batang,3.23,1.44,5.74,-4.69,3.287294554039592,0.71,10603130.0,21118054.0,292.25,99.05,29.85,2012,647.2,-0.55,0.64,-0.1
2012-04-28,batang,巴塘,Batang,3.28,2.24,5.99,-0.87,2.929355303126764,0.84,10879458.0,18428948.0,291.5,99.05,29.85,2012,646.31,0.27,0.8,-0.15
2012-04-29,batang,巴塘,Batang,1.51,3.32,8.91,-1.61,3.9967485451686535,1.29,15933826.0,23902598.0,290.40625,99.05,29.85,2012,645.53,-2.03,1.27,0.08
2012-04-30,batang,巴塘,Batang,0.89,3.82,9.17,-0.77,3.604491480346288,1.19,15282462.0,20210782.0,287.34375,99.05,29.85,2012,646.3,-2.56,1.18,0.08
2012-05-01,batang,巴塘,Batang,0.86,5.3,10.85,-0.09,4.606226203000097,1.66,20482060.0,25366308.0,283.03125,99.05,29.85,2012,647.2,-1.76,1.65,0.02
2012-05-02,batang,巴塘,Batang,1.68,5.37,10.73,0.05,4.8867933868994085,1.53,22080816.0,26360244.0,282.84375,99.05,29.85,2012,647.01,-2.88,1.46,0.31
2012-05-03,batang,巴塘,Batang,1.58,5.52,10.35,-0.33,4.8547974236802425,1.16,21558220.0,25287964.0,288.875,99.05,29.85,2012,647.95,-3.74,1.14,0.08
2012-05-04,batang,巴塘,Batang,0.47,6.86,12.67,0.55,5.126065812693572,1.4,21378356.0,24879592.0,299.15625,99.05,29.85,2012,649.34,-4.25,1.37,0.12
2012-05-05,batang,巴塘,Batang,0.5,8.44,14.21,2.07,5.594943549386792,1.39,21998658.0,25518272.0,319.4375,99.05,29.85,2012,650.03,-3.76,1.33,0.22
2012-05-06,batang,巴塘,Batang,0.57,8.84,15.19,1.54,5.9399865338121485,1.32,23282688.0,26983080.0,356.09375,99.05,29.85,2012,649.3,-3.54,1.25,0.3
2012-05-07,batang,巴塘,Batang,0.03,9.9,16.47,2.4,6.595365468505879,1.01,24796224.0,28738132.0,413.21875,99.05,29.85,2012,649.22,-5.43,0.92,0.27
2012-05-08,batang,巴塘,Batang,0.15,10.03,16.4,2.73,6.6068781566542745,0.94,24782006.0,28731776.0,497.28125,99.05,29.85,2012,650.48,-5.19,0.08,0.4
2012-05-09,batang,巴塘,Batang,0.9,10.67,16.73,3.83,6.806745806881176,0.68,25425754.0,29491152.0,604.9375,99.05,29.85,2012,651.82,-3.05,0.13,-0.09
2012-05-10,batang,巴塘,Batang,0.63,11.65,18.1,4.04,7.15695436552473,1.0,25825460.0,29969288.0,723.59375,99.05,29.85,2012,650.98,-2.66,0.92,0.2
2012-05-11,batang,巴塘,Batang,2.07,10.6,16.89,3.42,6.3897521208546735,1.01,24254584.0,28160016.0,851.46875,99.05,29.85,2012,649.18,0.21,0.08,0.32
2012-05-12,batang,巴塘,Batang,0.83,9.84,15.83,3.73,5.611464440426525,0.98,21769062.0,25288304.0,997.0,99.05,29.85,2012,647.27,0.82,0.74,0.14
2012-05-13,batang,巴塘,Batang,1.21,9.79,17.05,3.57,5.5655006621546566,1.03,21588474.0,25090056.0,1127.375,99.05,29.85,2012,646.21,0.72,0.82,0.39
2012-05-14,batang,巴塘,Batang,13.9,5.61,10.56,1.32,2.372202565663744,0.45,10751056.0,12674728.0,1218.9688,99.05,29.85,2012,648.12,4.49,0.19,0.12
2012-05-15,batang,巴塘,Batang,7.22,6.38,10.32,2.45,2.2460519349325385,0.67,9741268.0,11748346.0,1320.3125,99.05,29.85,2012,648.43,4.58,0.62,0.07
2012-05-16,batang,巴塘,Batang,1.6,9.14,14.96,3.01,5.204122558838738,1.7,20412226.0,24110344.0,1409.5625,99.05,29.85,2012,646.88,0.64,1.62,0.28
2012-05-17,batang,巴塘,Batang,1.35,8.88,14.55,3.16,5.343917504974492,0.84,20978420.0,24521848.0,1484.0312,99.05,29.85,2012,648.63,-0.93,0.62,0.32
2012-05-18,batang,巴塘,Batang,0.58,9.31,15.39,1.47,6.357377234834003,1.13,24591628.0,28653348.0,1508.4062,99.05,29.85,2012,651.51,-3.5,-1.05,0.1
2012-05-19,batang,巴塘,Batang,0.07,12.86,19.44,3.81,7.496268479774708,0.99,26309260.0,30628400.0,1474.625,99.05,29.85,2012,650.47,-0.43,0.89,-0.1
2012-05-20,batang,巴塘,Batang,0.75,12.75,18.18,5.92,6.356971415952429,1.17,22312060.0,25972794.0,1441.4375,99.05,29.85,2012,648.94,2.23,1.09,0.16
2012-05-21,batang,巴塘,Batang,0.58,13.9,20.11,6.25,6.6849989796021285,1.22,22392590.0,26068100.0,1488.6562,99.05,29.85,2012,648.0,1.95,1.19,0.07
2012-05-22,batang,巴塘,Batang,0.01,14.07,20.77,6.68,6.685785053733232,1.51,21860848.0,25452936.0,1646.0,99.05,29.85,2012,646.99,1.5,1.41,0.31
2012-05-23,batang,巴塘,Batang,0.79,13.76,19.46,7.52,6.377888062064718,1.48,21543662.0,25086348.0,1842.2812,99.05,29.85,2012,646.4,3.33,1.44,0.04
2012-05-24,batang,巴塘,Batang,0.58,13.39,19.25,7.3,5.419884488842079,1.57,18034004.0,21003132.0,1989.6875,99.05,29.85,2012,646.48,3.84,1.52,0.03
2012-05-25,batang,巴塘,Batang,6.44,10.36,16.12,4.6,4.737397598612443,0.69,18485920.0,21531844.0,2114.6875,99.05,29.85,2012,649.89,5.47,-0.13,0.12
2012-05-26,batang,巴塘,Batang,2.26,11.71,18.87,6.23,6.088116756584424,0.75,22999724.0,26791544.0,2236.1875,99.05,29.85,2012,649.81,5.77,0.63,0.02
2012-05-27,batang,巴塘,Batang,0.12,14.34,20.4,7.89,6.732721213243227,1.29,22354696.0,26043944.0,2307.4375,99.05,29.85,2012,648.38,2.95,1.26,-0.14
2012-05-28,batang,巴塘,Batang,2.61,13.48,20.18,7.35,5.609878650138785,1.07,19321380.0,22513024.0,2364.9062,99.05,29.85,2012,649.34,4.88,0.63,0.01
2012-05-29,batang,巴塘,Batang,4.41,12.45,19.03,8.08,6.0326872675060175,0.74,22332806.0,26025272.0,2435.75,99.05,29.85,2012,651.2,6.79,-0.08,-0.2
2012-05-30,batang,巴塘,Batang,1.91,12.46,18.07,8.52,5.266768770816754,1.6,20193642.0,23535536.0,2528.3438,99.05,29.85,2012,649.0,7.68,1.52,-0.43
2012-05-31,batang,巴塘,Batang,16.66,11.99,18.37,7.96,4.848438214377119,0.97,18364630.0,21406260.0,2611.5625,99.05,29.85,2012,649.05,7.59,0.7,-0.04
2012-06-01,batang,巴塘,Batang,2.74,11.43,17.38,5.31,4.817428932423321,0.98,17748660.0,20695976.0,2738.375,99.05,29.85,2012,649.64,4.43,0.88,-0.01
2012-06-02,batang,巴塘,Batang,4.14,8.06,10.79,6.67,1.6405045659648234,1.35,6682586.0,7913804.0,2863.8438,99.05,29.85,2012,647.4,5.84,1.32,-0.28
2012-06-03,batang,巴塘,Batang,1.21,11.83,17.62,7.4,4.5841917368118485,1.39,17386968.0,20369920.0,2975.4062,99.05,29.85,2012,644.64,7.08,1.35,-0.27
2012-06-04,batang,巴塘,Batang,0.88,12.27,17.55,6.66,5.726983727648072,1.78,21174250.0,24723540.0,3148.4062,99.05,29.85,2012,645.28,5.08,1.75,0.01
2012-06-05,batang,巴塘,Batang,1.12,12.31,16.59,7.05,5.212749528308948,1.22,18588892.0,21686200.0,3299.9062,99.05,29.85,2012,646.74,4.46,1.14,0.12
2012-06-06,batang,巴塘,Batang,4.88,13.02,19.0,7.72,6.012636758269086,1.1,21628612.0,25231140.0,3366.6875,99.05,29.85,2012,646.77,5.77,0.73,-0.03
2012-06-07,batang,巴塘,Batang,5.22,12.09,17.91,8.28,4.683178204693276,0.8,17501460.0,20419508.0,3425.7188,99.05,29.85,2012,647.82,7.72,0.61,-0.23
2012-06-08,batang,巴塘,Batang,0.48,14.04,19.39,8.47,5.8993082162906205,1.22,19799984.0,23103384.0,3471.0312,99.05,29.85,2012,647.48,4.61,1.16,-0.13
2012-06-09,batang,巴塘,Batang,0.92,13.82,19.63,8.35,5.747021514700244,1.39,19825046.0,23135480.0,3452.5,99.05,29.85,2012,646.13,5.99,1.34,-0.14
2012-06-10,batang,巴塘,Batang,0.42,14.5,20.33,8.08,6.534337666021756,1.31,22183572.0,25891156.0,3423.125,99.05,29.85,2012,644.94,5.61,1.28,0.03
2012-06-11,batang,巴塘,Batang,0.82,14.57,20.96,8.03,6.509633395604593,0.99,22112832.0,25811756.0,3469.0312,99.05,29.85,2012,645.81,5.8,0.83,0.21
2012-06-12,batang,巴塘,Batang,1.62,13.97,19.39,8.03,6.416858711690799,1.09,22718300.0,26521920.0,3611.2812,99.05,29.85,2012,646.6,7.12,1.0,0.07
2012-06-13,batang,巴塘,Batang,8.75,12.58,20.3,7.74,5.500461453070162,0.83,20421572.0,23843476.0,3812.1875,99.05,29.85,2012,647.9,7.87,0.29,0.14
2012-06-14,batang,巴塘,Batang,12.67,12.31,18.4,8.42,5.267667441676501,0.52,19517598.0,22791768.0,3998.5938,99.05,29.85,2012,648.56,8.36,0.19,-0.04
2012-06-15,batang,巴塘,Batang,16.57,11.22,16.73,7.38,4.661601842115369,0.7,18313936.0,21390792.0,4155.4375,99.05,29.85,2012,647.52,8.94,0.13,-0.33
2012-06-16,batang,巴塘,Batang,9.29,11.6,17.02,8.16,4.306653477199881,0.65,16404028.0,19171924.0,4358.5312,99.05,29.85,2012,647.13,8.5,0.5,-0.32
2012-06-17,batang,巴塘,Batang,8.27,12.3,18.07,9.0,4.692353671497915,0.82,17845274.0,20853780.0,4567.625,99.05,29.85,2012,647.58,9.39,0.67,-0.34
2012-06-18,batang,巴塘,Batang,10.63,13.2,18.93,9.69,5.179462970453184,0.61,18771490.0,21938312.0,4709.6562,99.05,29.85,2012,647.64,9.15,0.38,-0.02
2012-06-19,batang,巴塘,Batang,14.2,12.48,17.65,9.52,4.758965028642319,0.4,17494826.0,20449864.0,4834.0312,99.05,29.85,2012,646.62,9.49,0.15,-0.12
2012-06-20,batang,巴塘,Batang,13.54,11.97,17.57,9.19,4.128491978742141,0.84,16017432.0,18727004.0,4987.2812,99.05,29.85,2012,646.28,9.9,0.73,-0.35
2012-06-21,batang,巴塘,Batang,13.18,12.46,16.6,9.77,4.82462948970873,0.53,17945990.0,20986292.0,5133.1875,99.05,29.85,2012,648.06,9.69,0.32,-0.14
2012-06-22,batang,巴塘,Batang,4.87,12.96,17.68,8.58,5.62382358843127,0.39,20332568.0,23781684.0,5257.4688,99.05,29.85,2012,648.73,8.94,-0.12,0.09
2012-06-23,batang,巴塘,Batang,12.59,11.94,17.54,7.93,4.63311464018552,0.74,17787962.0,20810536.0,5299.7188,99.05,29.85,2012,646.76,9.43,0.69,-0.17
2012-06-24,batang,巴塘,Batang,8.51,11.54,15.17,8.17,3.3329435178840305,1.11,12891558.0,15085440.0,5310.0625,99.05,29.85,2012,645.46,8.78,1.07,-0.12
2012-06-25,batang,巴塘,Batang,1.96,12.48,17.06,8.08,4.221920271694259,1.29,15326572.0,17937184.0,5368.3438,99.05,29.85,2012,645.45,7.44,1.24,0.05
2012-06-26,batang,巴塘,Batang,3.73,12.51,16.65,8.88,4.012777578435772,1.21,14791888.0,17315608.0,5452.0312,99.05,29.85,2012,645.64,8.38,1.18,-0.12
2012-06-27,batang,巴塘,Batang,4.28,13.42,18.7,9.33,5.4047081424988095,0.99,19859418.0,23254532.0,5544.0625,99.05,29.85,2012,646.56,9.4,0.91,-0.06
2012-06-28,batang,巴塘,Batang,1.88,14.58,18.97,10.07,5.516797107704061,0.95,18845332.0,22071296.0,5631.625,99.05,29.85,2012,647.4,8.08,0.86,-0.18
2012-06-29,batang,巴塘,Batang,9.12,12.95,18.07,8.68,4.633437057183388,0.57,17040588.0,19962820.0,5727.5625,99.05,29.85,2012,648.42,10.36,0.43,-0.21
2012-06-30,batang,巴塘,Batang,5.47,12.98,16.87,9.82,4.040405585278282,0.83,14950192.0,17517140.0,5844.172,99.05,29.85,2012,649.1,10.22,0.75,-0.33
2012-07-01,batang,巴塘,Batang,2.41,14.13,18.9,10.38,5.123671516825274,1.16,18266520.0,21407096.0,5951.4688,99.05,29.85,2012,649.53,9.57,1.06,-0.35
2012-07-02,batang,巴塘,Batang,8.62,13.4,18.14,9.67,4.508679659303884,0.66,16167968.0,18953036.0,6043.2344,99.05,29.85,2012,648.24,9.62,0.58,-0.1
2012-07-03,batang,巴塘,Batang,23.23,12.69,17.43,9.8,3.766703612871523,0.61,13967742.0,16376628.0,6151.0,99.05,29.85,2012,646.44,10.57,0.49,-0.18
2012-07-04,batang,巴塘,Batang,10.8,12.31,17.6,7.34,4.602755320540847,0.32,16817084.0,19721832.0,6285.5625,99.05,29.85,2012,647.49,9.16,0.17,-0.0
2012-07-05,batang,巴塘,Batang,4.36,12.89,18.25,9.18,4.522382641591291,1.16,16997746.0,19937364.0,6357.2344,99.05,29.85,2012,647.85,9.59,1.09,-0.24
2012-07-06,batang,巴塘,Batang,2.51,14.05,18.76,9.64,5.056577078175036,1.21,17885828.0,20983992.0,6287.3594,99.05,29.85,2012,646.85,9.08,1.15,-0.22
2012-07-07,batang,巴塘,Batang,2.71,14.25,20.02,9.83,5.779731099995798,1.22,20655914.0,24239216.0,6208.125,99.05,29.85,2012,646.17,9.29,1.17,-0.14
2012-07-08,batang,巴塘,Batang,1.76,14.9,20.34,10.17,6.011245426788777,0.88,20667220.0,24258300.0,6179.4062,99.05,29.85,2012,647.37,9.06,0.8,-0.12
2012-07-09,batang,巴塘,Batang,4.88,15.11,20.69,11.22,5.916273684939162,0.76,20152488.0,23659004.0,6147.0312,99.05,29.85,2012,648.93,9.3,0.62,0.06
2012-07-10,batang,巴塘,Batang,5.8,13.7,18.54,9.94,4.582912803817818,0.68,16512068.0,19389544.0,6122.6406,99.05,29.85,2012,649.33,10.77,0.51,-0.26
2012-07-11,batang,巴塘,Batang,7.18,14.16,19.66,9.87,5.294754388877598,0.82,18907316.0,22206496.0,6146.1406,99.05,29.85,2012,648.47,10.45,0.78,-0.03
2012-07-12,batang,巴塘,Batang,9.06,12.28,16.47,7.87,3.6442844756908266,0.35,13269564.0,15587504.0,6207.0156,99.05,29.85,2012,649.33,9.39,0.18,0.16
2012-07-13,batang,巴塘,Batang,2.16,14.34,19.9,9.36,5.654375305608994,0.83,19689346.0,23134180.0,6253.5,99.05,29.85,2012,648.31,8.88,0.76,-0.23
2012-07-14,batang,巴塘,Batang,8.38,13.55,18.55,10.06,4.528636051942391,1.02,16571230.0,19475988.0,6225.6406,99.05,29.85,2012,647.37,10.33,0.96,-0.21
2012-07-15,batang,巴塘,Batang,13.06,12.89,18.14,8.34,4.189745237143625,0.7,15591514.0,18327910.0,6279.922,99.05,29.85,2012,648.03,10.82,0.59,-0.15
2012-07-16,batang,巴塘,Batang,14.1,12.96,18.32,9.29,4.221004167459691,0.7,15493414.0,18207944.0,6402.0625,99.05,29.85,2012,648.25,10.17,0.54,0.01
2012-07-17,batang,巴塘,Batang,9.02,13.0,16.65,10.33,3.563718721887312,0.54,12946090.0,15211438.0,6431.8125,99.05,29.85,2012,648.8,10.68,0.47,-0.12
2012-07-18,batang,巴塘,Batang,9.9,12.48,16.81,9.84,3.4750679976912315,0.99,13199176.0,15503316.0,6419.4062,99.05,29.85,2012,649.08,10.3,0.91,-0.14
2012-07-19,batang,巴塘,Batang,7.7,12.73,17.7,9.83,3.779478593147422,0.94,13926734.0,16355894.0,6373.0156,99.05,29.85,2012,649.21,9.55,0.85,-0.37
2012-07-20,batang,巴塘,Batang,3.01,13.89,19.1,10.09,5.0710159327720055,1.17,18367324.0,21565712.0,6322.2812,99.05,29.85,2012,648.87,9.85,1.11,-0.32
2012-07-21,batang,巴塘,Batang,15.23,13.47,17.15,10.25,3.987028691998741,0.59,14317262.0,16806452.0,6282.5156,99.05,29.85,2012,649.18,10.66,0.38,0.14
2012-07-22,batang,巴塘,Batang,14.35,12.88,17.56,10.36,3.4829141752934603,0.49,12638124.0,14832228.0,6305.1406,99.05,29.85,2012,648.3,10.45,0.27,-0.02
2012-07-23,batang,巴塘,Batang,6.19,11.35,13.97,9.65,2.344385792361659,0.81,8744872.0,10260398.0,6322.0,99.05,29.85,2012,648.81,8.77,0.76,-0.25
2012-07-24,batang,巴塘,Batang,10.41,13.22,18.5,9.7,5.207236537754345,0.76,18985142.0,22269754.0,6305.797,99.05,29.85,2012,649.46,9.36,0.65,-0.15
2012-07-25,batang,巴塘,Batang,1.3,14.45,19.46,9.63,5.763962848435881,0.89,20170454.0,23654484.0,6264.125,99.05,29.85,2012,650.1,9.19,0.78,-0.34
2012-07-26,batang,巴塘,Batang,0.74,15.41,19.66,10.79,5.9878613949205945,1.21,19979538.0,23425210.0,6101.4062,99.05,29.85,2012,648.79,8.3,1.18,-0.18
2012-07-27,batang,巴塘,Batang,3.09,14.1,18.97,9.67,4.628619618631873,0.82,16162116.0,18944696.0,5861.797,99.05,29.85,2012,648.28,9.42,0.73,-0.2
2012-07-28,batang,巴塘,Batang,7.44,12.97,18.31,9.32,4.997258399657024,0.5,18251100.0,21388870.0,5727.75,99.05,29.85,2012,649.84,10.05,0.41,0.08
2012-07-29,batang,巴塘,Batang,1.61,14.06,18.89,8.95,5.902854077023879,0.64,20439470.0,23946926.0,5641.422,99.05,29.85,2012,649.93,7.14,0.53,-0.17
2012-07-30,batang,巴塘,Batang,0.08,15.72,20.79,9.77,6.469293009322198,0.8,21197218.0,24828224.0,5445.578,99.05,29.85,2012,648.15,6.77,0.75,-0.17
2012-07-31,batang,巴塘,Batang,19.1,13.69,18.54,9.37,4.135000478338487,0.84,14647810.0,17153298.0,5179.3906,99.05,29.85,2012,647.93,9.65,0.57,-0.13
2012-08-01,batang,巴塘,Batang,16.8,10.89,14.37,8.55,2.6615103846621087,0.51,10207434.0,11950740.0,5027.6562,99.05,29.85,2012,649.96,8.9,0.37,-0.11
2012-08-02,batang,巴塘,Batang,6.84,11.41,15.73,8.14,3.9201980162189214,0.53,14873848.0,17411704.0,5035.297000000001,99.05,29.85,2012,650.5,8.6,0.41,-0.12
2012-08-03,batang,巴塘,Batang,1.2,13.55,18.26,8.71,5.590729254377863,1.0,19996416.0,23401150.0,4983.2656,99.05,29.85,2012,649.42,7.89,0.96,-0.12
2012-08-04,batang,巴塘,Batang,0.52,14.75,19.17,9.94,5.5820387033218175,1.15,18794506.0,21989164.0,4881.7656,99.05,29.85,2012,649.13,7.53,1.09,-0.27
2012-08-05,batang,巴塘,Batang,2.31,13.69,18.67,9.68,5.001602758050087,0.86,17770148.0,20785700.0,4746.672000000001,99.05,29.85,2012,649.83,8.75,0.78,-0.15
2012-08-06,batang,巴塘,Batang,3.56,12.84,17.9,8.99,4.569120223782023,0.73,16898410.0,19760910.0,4598.3906,99.05,29.85,2012,650.51,9.64,0.65,-0.21
2012-08-07,batang,巴塘,Batang,7.61,12.73,19.01,8.38,5.31091855263199,0.78,19774782.0,23119496.0,4458.1562,99.05,29.85,2012,651.52,8.99,0.66,-0.2
2012-08-08,batang,巴塘,Batang,1.4,14.07,20.04,9.17,6.0127670789271885,0.71,21190840.0,24769030.0,4340.4062,99.05,29.85,2012,651.09,8.44,0.55,-0.38
2012-08-09,batang,巴塘,Batang,3.79,13.52,19.74,8.81,5.637668544407108,0.68,20247414.0,23660060.0,4206.828,99.05,29.85,2012,650.4,8.72,0.55,-0.24
2012-08-10,batang,巴塘,Batang,5.25,12.9,19.34,7.89,5.430517463667004,0.93,20184110.0,23580704.0,4057.9062,99.05,29.85,2012,650.84,8.68,0.84,-0.3
2012-08-11,batang,巴塘,Batang,0.11,14.76,20.1,8.6,5.853614880369692,0.91,19189496.0,22413750.0,3931.7031,99.05,29.85,2012,651.04,4.66,0.87,-0.15
2012-08-12,batang,巴塘,Batang,0.01,15.83,21.06,9.99,6.916842320168249,0.67,22713854.0,26523344.0,3805.9688,99.05,29.85,2012,649.99,6.01,0.65,-0.07
2012-08-13,batang,巴塘,Batang,1.77,14.8,21.13,8.89,6.331544422987284,0.7,21907782.0,25576696.0,3672.9688,99.05,29.85,2012,650.01,8.82,0.61,-0.21
2012-08-14,batang,巴塘,Batang,2.22,14.8,21.13,9.74,5.921791720016472,0.72,20485140.0,23910440.0,3551.7656,99.05,29.85,2012,650.89,9.19,0.49,-0.3
2012-08-15,batang,巴塘,Batang,0.61,15.3,20.08,10.49,5.476705333166689,0.9,18314610.0,21372556.0,3458.1719,99.05,29.85,2012,651.58,8.54,0.78,-0.34
2012-08-16,batang,巴塘,Batang,0.67,15.61,20.33,10.67,5.579177058953603,1.08,18198064.0,21224982.0,3383.0938,99.05,29.85,2012,651.45,7.78,1.04,-0.2
2012-08-17,batang,巴塘,Batang,0.4,15.75,20.26,11.12,5.2915216750984895,1.02,16867124.0,19661562.0,3311.8594,99.05,29.85,2012,651.27,7.16,0.94,-0.29
2012-08-18,batang,巴塘,Batang,0.27,16.09,21.42,11.2,6.283052130371113,1.04,20254454.0,23598550.0,3265.8906,99.05,29.85,2012,650.98,6.95,0.89,-0.37
2012-08-19,batang,巴塘,Batang,6.72,14.04,19.42,9.81,4.89702123921774,0.72,16984574.0,19779264.0,3275.4062,99.05,29.85,2012,650.95,8.09,0.48,-0.01
2012-08-20,batang,巴塘,Batang,7.66,12.51,17.73,8.84,4.541962033374963,0.8,17198296.0,20015650.0,3329.1562,99.05,29.85,2012,650.45,9.64,0.69,-0.18
2012-08-21,batang,巴塘,Batang,25.49,11.22,16.28,8.2,3.1139942468789537,0.8,12212938.0,14208558.0,3391.125,99.05,29.85,2012,651.54,9.19,0.33,-0.19
2012-08-22,batang,巴塘,Batang,22.18,8.98,11.82,7.2,1.7363850914942298,0.66,7108436.0,8283874.0,3514.5,99.05,29.85,2012,652.22,7.51,-0.52,-0.2
2012-08-23,batang,巴塘,Batang,10.59,9.94,13.5,7.25,2.2912012113208164,0.66,9112966.0,10599892.0,3636.5,99.05,29.85,2012,651.63,7.96,0.22,-0.17
2012-08-24,batang,巴塘,Batang,6.24,10.89,16.01,7.43,4.011529694834387,0.49,15596674.0,18117470.0,3652.625,99.05,29.85,2012,652.1,8.38,0.36,0.01
2012-08-25,batang,巴塘,Batang,5.05,11.36,16.58,7.38,4.559494807953751,0.44,17509852.0,20327010.0,3612.875,99.05,29.85,2012,652.6,8.89,0.21,0.03
2012-08-26,batang,巴塘,Batang,1.92,13.09,18.53,8.61,5.575938238886012,0.74,20211806.0,23449900.0,3549.5469,99.05,29.85,2012,651.09,7.32,0.63,-0.22
2012-08-27,batang,巴塘,Batang,0.91,13.93,18.34,9.23,4.9049018471144334,1.04,16728640.0,19397936.0,3456.1094,99.05,29.85,2012,650.35,6.62,0.99,-0.13
2012-08-28,batang,巴塘,Batang,5.15,12.69,17.38,9.67,3.999693651974397,0.6,14815770.0,17172072.0,3353.4844,99.05,29.85,2012,651.4,9.66,0.54,-0.11
2012-08-29,batang,巴塘,Batang,3.91,13.19,18.02,9.34,4.510637797429762,0.98,16685626.0,19328066.0,3308.4219,99.05,29.85,2012,650.74,9.42,0.94,-0.2
2012-08-30,batang,巴塘,Batang,5.92,13.17,17.99,9.39,4.493235842108232,0.72,16616372.0,19239032.0,3330.6562,99.05,29.85,2012,649.98,10.01,0.66,-0.11
2012-08-31,batang,巴塘,Batang,10.19,12.54,17.26,8.42,4.118118590718598,0.86,15772776.0,18252976.0,3423.3594,99.05,29.85,2012,649.18,10.09,0.77,0.01
2012-09-01,batang,巴塘,Batang,1.92,11.25,14.91,8.5,3.10883642920766,1.21,10775214.0,12460298.0,3596.0938,99.05,29.85,2012,653.12,4.95,-1.08,0.48
2012-09-02,batang,巴塘,Batang,1.84,9.84,12.24,6.46,3.345589287749112,0.71,12391940.0,14324070.0,3698.7188,99.05,29.85,2012,654.68,2.27,-0.48,0.05
2012-09-03,batang,巴塘,Batang,6.58,7.15,10.13,4.82,2.235207726329032,0.55,9466612.0,10938680.0,3598.5312,99.05,29.85,2012,654.32,4.02,-0.25,0.11
2012-09-04,batang,巴塘,Batang,7.0,8.17,12.96,4.85,3.7246394488632935,0.57,15840034.0,18298322.0,3418.1719,99.05,29.85,2012,654.25,5.49,0.43,-0.03
2012-09-05,batang,巴塘,Batang,3.59,9.46,14.89,5.58,4.633749633952832,0.7,19106996.0,22055962.0,3279.0469,99.05,29.85,2012,654.55,6.01,0.65,-0.07
2012-09-06,batang,巴塘,Batang,1.15,11.18,15.86,6.28,4.564181283234155,0.93,16990106.0,19599392.0,3156.7031,99.05,29.85,2012,654.42,4.11,0.82,-0.14
2012-09-07,batang,巴塘,Batang,0.17,12.44,17.2,7.5,4.621468963188969,1.03,15921132.0,18355952.0,3024.4531,99.05,29.85,2012,653.32,3.23,0.95,-0.17
2012-09-08,batang,巴塘,Batang,0.64,12.89,17.88,7.61,5.044216081242984,0.71,18332260.0,21124068.0,2877.5781,99.05,29.85,2012,653.35,7.04,0.6,-0.14
2012-09-09,batang,巴塘,Batang,0.28,13.63,18.61,8.41,4.64616911829294,1.15,15623218.0,17993248.0,2732.4688,99.05,29.85,2012,651.84,5.45,1.12,-0.14
2012-09-10,batang,巴塘,Batang,11.36,12.27,17.58,8.51,4.344060936424596,0.83,16185738.0,18633032.0,2617.7188,99.05,29.85,2012,651.4,7.57,0.47,0.16
2012-09-11,batang,巴塘,Batang,17.09,10.84,15.79,7.88,3.2146148883742978,0.63,12664114.0,14569850.0,2588.625,99.05,29.85,2012,650.55,8.43,0.44,-0.03
2012-09-12,batang,巴塘,Batang,10.98,5.84,8.35,2.25,1.2017017459679369,0.68,5606358.0,6471050.0,2658.25,99.05,29.85,2012,652.66,5.07,-0.48,0.19
2012-09-13,batang,巴塘,Batang,1.51,8.93,14.07,3.11,4.368256366593473,0.67,17337244.0,19968400.0,2733.3906,99.05,29.85,2012,651.88,1.23,-0.25,-0.13
2012-09-14,batang,巴塘,Batang,3.06,9.2,14.45,5.74,4.139975266838513,1.28,17683748.0,20331960.0,2725.0938,99.05,29.85,2012,649.69,5.42,1.23,-0.3
2012-09-15,batang,巴塘,Batang,4.92,8.96,13.09,6.17,2.832330066931199,1.6,12201328.0,14012008.0,2673.8438,99.05,29.85,2012,647.9,6.07,1.56,-0.33
2012-09-16,batang,巴塘,Batang,9.69,10.03,14.94,6.91,3.5157073121272693,0.93,14569278.0,16714702.0,2673.7656,99.05,29.85,2012,650.94,7.51,0.89,-0.01
2012-09-17,batang,巴塘,Batang,7.88,9.15,12.87,6.86,1.9266580662728308,0.68,8015208.0,9188188.0,2748.0781,99.05,29.85,2012,651.76,7.62,0.64,0.0
2012-09-18,batang,巴塘,Batang,6.98,10.69,15.87,7.38,3.483454154972744,0.75,14037750.0,16076760.0,2806.0312,99.05,29.85,2012,650.13,8.35,0.71,-0.01
2012-09-19,batang,巴塘,Batang,5.85,10.53,14.35,7.06,3.1216189489909194,1.01,12771460.0,14612734.0,2837.9922,99.05,29.85,2012,649.36,8.16,0.96,-0.08
2012-09-20,batang,巴塘,Batang,8.12,10.53,15.56,7.2,3.1038598317661323,0.91,12535046.0,14331442.0,2892.9766,99.05,29.85,2012,649.55,7.91,0.85,0.03
2012-09-21,batang,巴塘,Batang,6.6,10.2,14.38,7.22,2.478787090697752,1.18,9696994.0,11075128.0,2919.0078,99.05,29.85,2012,650.71,6.87,1.15,0.09
2012-09-22,batang,巴塘,Batang,8.8,8.31,10.09,6.93,1.6257207919316743,0.75,6993852.0,7986578.0,2929.4375,99.05,29.85,2012,650.74,6.97,0.67,0.16
2012-09-23,batang,巴塘,Batang,4.27,9.85,14.09,6.97,2.6730148455414686,0.88,10958806.0,12499063.0,2918.6562,99.05,29.85,2012,650.04,7.38,0.77,0.1
2012-09-24,batang,巴塘,Batang,1.83,11.08,16.38,6.73,4.047475164277267,1.28,16131427.0,18382946.0,2863.0,99.05,29.85,2012,649.1,6.96,1.23,-0.18
2012-09-25,batang,巴塘,Batang,0.95,11.62,16.58,6.89,4.513399314054055,1.17,17004622.0,19360112.0,2802.6094,99.05,29.85,2012,651.14,5.38,1.14,-0.06
2012-09-26,batang,巴塘,Batang,2.01,10.48,15.25,6.61,3.963873465162581,0.69,15477166.0,17606394.0,2797.5469,99.05,29.85,2012,654.13,5.24,0.53,-0.07
2012-09-27,batang,巴塘,Batang,4.13,10.75,16.12,6.73,4.15357081430659,0.74,16352711.0,18587568.0,2828.1406,99.05,29.85,2012,654.39,6.2,0.55,-0.11
2012-09-28,batang,巴塘,Batang,4.6,10.12,15.25,6.8,3.664346917641607,0.64,14938147.0,16965298.0,2799.7656,99.05,29.85,2012,653.93,7.28,0.58,-0.17
2012-09-29,batang,巴塘,Batang,16.38,9.57,14.63,5.45,3.5860717004999474,0.72,15130613.0,17170368.0,2736.1875,99.05,29.85,2012,653.46,7.38,0.3,-0.05
2012-09-30,batang,巴塘,Batang,2.41,8.87,14.32,5.17,3.653816415989824,0.47,15122487.0,17362568.0,2727.7812,99.05,29.85,2012,653.41,5.99,0.28,-0.11
2012-10-01,batang,巴塘,Batang,1.76,10.31,15.14,6.3,3.7642464157463618,1.05,15005917.0,17089076.0,2686.875,99.05,29.85,2012,652.06,5.81,1.03,-0.11
2012-10-02,batang,巴塘,Batang,2.97,9.43,15.54,6.03,3.491323031193136,1.03,14775901.0,16759969.0,2590.4766,99.05,29.85,2012,650.62,6.29,0.97,-0.11
2012-10-03,batang,巴塘,Batang,12.15,8.23,12.34,5.76,2.8498470649815704,1.11,13018574.0,14733224.0,2545.8594,99.05,29.85,2012,648.82,6.48,1.05,-0.18
2012-10-04,batang,巴塘,Batang,3.13,9.33,14.59,5.65,3.3308383110846265,1.55,13830759.0,15707707.0,2612.0312,99.05,29.85,2012,647.57,5.1,1.51,-0.15
2012-10-05,batang,巴塘,Batang,3.23,9.56,14.42,6.73,3.3234131603190167,1.6,13722940.0,15516919.0,2699.039,99.05,29.85,2012,649.88,5.29,1.55,-0.28
2012-10-06,batang,巴塘,Batang,1.68,9.8,14.93,5.54,3.8053088866894447,1.45,15281755.0,17248352.0,2729.836,99.05,29.85,2012,651.98,4.27,1.4,-0.12
2012-10-07,batang,巴塘,Batang,0.21,10.28,15.69,4.51,4.3787977408655285,1.44,16276410.0,18350368.0,2647.336,99.05,29.85,2012,652.32,1.32,1.36,0.07
2012-10-08,batang,巴塘,Batang,1.29,9.22,14.31,4.54,4.0582295363367615,1.18,15878028.0,17884384.0,2514.1953,99.05,29.85,2012,652.4,1.1,1.07,-0.22
2012-10-09,batang,巴塘,Batang,1.02,8.51,13.27,4.49,3.3933769429474085,1.47,13943218.0,15691422.0,2394.4766,99.05,29.85,2012,651.86,2.78,1.44,-0.12
2012-10-10,batang,巴塘,Batang,0.73,8.57,13.56,4.67,3.654826201741457,1.66,15598316.0,17539834.0,2285.5469,99.05,29.85,2012,650.68,3.42,1.65,-0.11
2012-10-11,batang,巴塘,Batang,1.83,8.31,13.56,4.74,3.165931858003391,1.51,13644318.0,15329814.0,2196.6406,99.05,29.85,2012,649.59,3.99,1.5,-0.11
2012-10-12,batang,巴塘,Batang,1.86,8.73,13.36,3.99,3.7370223466079855,1.54,15009958.0,16850716.0,2173.9688,99.05,29.85,2012,649.18,1.79,1.52,-0.02
2012-10-13,batang,巴塘,Batang,1.17,8.17,13.44,2.88,4.3570599688343465,1.61,16692270.0,18724886.0,2227.8047,99.05,29.85,2012,649.83,-3.34,1.5,0.44
2012-10-14,batang,巴塘,Batang,0.07,7.43,12.93,2.35,4.282614207440703,1.52,16628766.0,18642376.0,2251.6094,99.05,29.85,2012,650.32,-5.14,1.44,0.33
2012-10-15,batang,巴塘,Batang,0.05,6.9,12.29,1.79,4.393157588010488,1.24,17768428.0,19905654.0,2189.7656,99.05,29.85,2012,652.56,-6.31,0.73,0.47
2012-10-16,batang,巴塘,Batang,3.65,4.55,9.69,1.01,3.4643640607056647,0.52,16620512.0,18624888.0,2087.375,99.05,29.85,2012,654.94,-0.46,-0.33,0.13
2012-10-17,batang,巴塘,Batang,1.86,6.01,11.54,1.01,4.048720062641452,1.58,16709860.0,19183154.0,1968.8047,99.05,29.85,2012,652.04,-4.73,1.51,0.27
2012-10-18,batang,巴塘,Batang,0.07,6.05,11.56,0.83,4.169202044820073,1.35,17211496.0,19522564.0,1850.9531,99.05,29.85,2012,651.09,-6.19,1.23,0.38
2012-10-19,batang,巴塘,Batang,1.92,5.21,10.86,0.68,3.742708971843432,0.85,16818692.0,18947556.0,1737.875,99.05,29.85,2012,651.95,-3.74,0.74,0.05
2012-10-20,batang,巴塘,Batang,0.45,5.06,10.18,0.74,3.4018039611936777,0.87,15289324.0,17172500.0,1633.5391,99.05,29.85,2012,652.61,-3.38,0.77,-0.11
2012-10-21,batang,巴塘,Batang,1.02,6.33,11.81,0.49,3.946179621897317,1.11,17038652.0,19096672.0,1536.4688,99.05,29.85,2012,653.05,-2.86,1.06,-0.18
2012-10-22,batang,巴塘,Batang,0.09,7.15,12.21,1.35,3.754800474100034,1.56,15550228.0,17406052.0,1451.7109,99.05,29.85,2012,651.55,-1.28,1.55,-0.1
2012-10-23,batang,巴塘,Batang,1.15,6.48,11.84,1.39,3.8000255983998072,1.4,15800322.0,17701556.0,1377.625,99.05,29.85,2012,649.77,-3.37,1.25,0.33
2012-10-24,batang,巴塘,Batang,1.7,4.27,9.49,-0.32,2.995034941949175,1.6,13553966.0,15215804.0,1318.7031,99.05,29.85,2012,648.12,-3.41,1.56,0.06
2012-10-25,batang,巴塘,Batang,3.98,4.01,9.65,-0.97,3.390185926444663,1.25,15661742.0,17674188.0,1271.5547,99.05,29.85,2012,649.27,-4.82,1.02,0.44
2012-10-26,batang,巴塘,Batang,1.54,4.06,9.46,-0.53,3.2027178344138507,1.3,12647574.0,16017124.0,1230.7656,99.05,29.85,2012,651.0,-5.73,1.26,0.03
2012-10-27,batang,巴塘,Batang,0.08,4.75,10.18,-0.58,3.5470833563989017,1.35,14129190.0,16886506.0,1188.0312,99.05,29.85,2012,652.01,-7.17,1.28,0.11
2012-10-28,batang,巴塘,Batang,0.13,4.74,9.92,-0.38,3.781826619378617,1.25,15868292.0,18393998.0,1140.5547,99.05,29.85,2012,652.45,-7.54,1.2,0.07
2012-10-29,batang,巴塘,Batang,1.29,3.61,8.97,-0.76,3.2716679824927097,0.94,14947602.0,17039612.0,1093.1719,99.05,29.85,2012,653.37,-6.31,0.07,0.4
2012-10-30,batang,巴塘,Batang,0.27,2.76,8.05,-1.22,3.469234822427252,0.62,16088150.0,18568924.0,1049.9688,99.05,29.85,2012,653.54,-10.68,-0.37,0.04
2012-10-31,batang,巴塘,Batang,0.2,4.01,9.05,-1.22,3.4451536047190667,0.75,15166558.0,17268540.0,1010.71094,99.05,29.85,2012,651.75,-9.38,0.39,0.3
2012-11-01,batang,巴塘,Batang,0.47,3.84,9.72,-0.99,3.55459753921812,0.91,15417990.0,17409472.0,974.9531,99.05,29.85,2012,650.1,-12.0,0.08,0.3
2012-11-02,batang,巴塘,Batang,0.5,3.26,8.82,-1.94,2.969162442386136,1.08,12944326.0,14553304.0,944.22656,99.05,29.85,2012,649.98,-9.17,-0.17,0.38
2012-11-03,batang,巴塘,Batang,0.0,2.52,7.54,-2.21,3.612256399593975,0.67,17204078.0,19288816.0,918.27344,99.05,29.85,2012,651.2,-13.36,-0.2,0.15
2012-11-04,batang,巴塘,Batang,1.1,3.52,8.48,-0.42,3.2208879320953767,0.89,14915712.0,16718888.0,896.2422,99.05,29.85,2012,648.64,-6.82,0.79,0.01
2012-11-05,batang,巴塘,Batang,0.39,3.71,8.23,-0.58,2.9710974676861257,1.05,13731548.0,15392280.0,877.59375,99.05,29.85,2012,648.7,-4.8,1.0,-0.11
2012-11-06,batang,巴塘,Batang,1.1,4.06,9.26,-0.09,2.7166044863055263,1.38,11968018.0,13440080.0,861.9922,99.05,29.85,2012,648.34,-3.99,1.35,-0.03
2012-11-07,batang,巴塘,Batang,0.76,4.57,9.62,-0.06,3.2422238040655267,1.62,13234232.0,14963604.0,849.65625,99.05,29.85,2012,646.33,-6.67,1.47,0.41
2012-11-08,batang,巴塘,Batang,1.37,2.88,7.89,-2.15,3.1191364251054003,1.59,14013684.0,15947092.0,840.83594,99.05,29.85,2012,645.12,-7.63,1.39,0.43
2012-11-09,batang,巴塘,Batang,0.42,1.18,5.99,-2.5,2.6334480416150474,0.84,13091484.0,14893916.0,834.59375,99.05,29.85,2012,648.92,-8.2,0.4,0.16
2012-11-10,batang,巴塘,Batang,0.0,1.78,6.59,-2.43,3.2893326376208702,0.53,16012472.0,18174232.0,829.4922,99.05,29.85,2012,651.91,-13.17,-0.38,0.03
2012-11-11,batang,巴塘,Batang,0.02,3.02,7.92,-1.45,3.3616929340149,1.35,14766622.0,16648912.0,823.5547,99.05,29.85,2012,649.22,-10.72,1.28,0.2
2012-11-12,batang,巴塘,Batang,1.05,2.11,6.96,-1.37,2.7934757709176155,0.72,13397592.0,15140172.0,815.84375,99.05,29.85,2012,651.3,-8.44,0.32,0.06
2012-11-13,batang,巴塘,Batang,0.01,2.74,7.67,-1.65,3.3248580606587765,1.27,14503638.0,16405124.0,807.3281,99.05,29.85,2012,649.5,-12.39,1.04,0.48
2012-11-14,batang,巴塘,Batang,0.01,2.35,7.25,-1.87,3.1506056048114264,1.44,14449052.0,16260628.0,798.6797,99.05,29.85,2012,648.13,-9.57,1.37,0.23
2012-11-15,batang,巴塘,Batang,3.04,0.97,7.57,-3.52,2.580223461401905,1.43,12518578.0,14087768.0,790.8828,99.05,29.85,2012,651.18,-8.8,0.37,0.39
2012-11-16,batang,巴塘,Batang,0.0,-0.61,3.37,-3.49,3.018918749311944,0.88,14395474.0,17515572.0,784.8906,99.05,29.85,2012,655.55,-18.74,-0.85,0.11
2012-11-17,batang,巴塘,Batang,0.0,0.74,6.17,-3.34,3.155038373438773,0.64,14760714.0,17603092.0,778.2344,99.05,29.85,2012,652.35,-18.03,0.46,-0.06
2012-11-18,batang,巴塘,Batang,0.0,2.76,8.61,-2.94,3.332859630398917,1.08,14684020.0,17143412.0,771.41406,99.05,29.85,2012,649.39,-10.62,1.03,-0.17
2012-11-19,batang,巴塘,Batang,0.03,2.73,8.44,-2.11,2.7813935780200114,1.39,12609376.0,14476800.0,765.1875,99.05,29.85,2012,648.16,-6.24,1.38,-0.07
2012-11-20,batang,巴塘,Batang,0.13,2.35,7.87,-2.53,2.8790594262820326,1.4,12767006.0,14553992.0,759.3828,99.05,29.85,2012,648.64,-9.01,1.3,0.24
2012-11-21,batang,巴塘,Batang,0.16,2.6,8.19,-2.21,2.7567037188386023,1.41,12837194.0,14549316.0,754.14844,99.05,29.85,2012,647.51,-6.0,1.39,-0.11
2012-11-22,batang,巴塘,Batang,1.24,2.35,7.72,-2.22,2.6329759329796203,1.32,12394628.0,14098700.0,749.4297,99.05,29.85,2012,647.16,-5.83,1.2,0.19
2012-11-23,batang,巴塘,Batang,0.4,2.6,8.44,-2.05,2.4736787061738643,1.73,11125330.0,12675508.0,744.89844,99.05,29.85,2012,646.42,-5.22,1.67,0.11
2012-11-24,batang,巴塘,Batang,0.18,0.81,7.41,-3.3,2.4003955170592453,2.25,12035302.0,13682388.0,740.40625,99.05,29.85,2012,644.61,-6.52,2.17,0.41
2012-11-25,batang,巴塘,Batang,5.19,0.0,5.11,-2.86,2.3271769007068737,1.42,12261158.0,14029776.0,735.97656,99.05,29.85,2012,646.41,-7.26,0.94,0.6
2012-11-26,batang,巴塘,Batang,1.11,-0.07,5.43,-3.42,2.1454737239020063,1.39,9213774.0,12647720.0,734.0156,99.05,29.85,2012,646.34,-7.34,1.3,0.1
2012-11-27,batang,巴塘,Batang,1.74,-1.0,3.72,-4.14,2.058298325283416,1.39,9447234.0,13015880.0,732.6797,99.05,29.85,2012,645.96,-7.5,1.31,0.02
2012-11-28,batang,巴塘,Batang,0.67,-1.01,4.63,-4.13,2.14055844803446,1.28,9956842.0,13731016.0,729.5703,99.05,29.85,2012,646.72,-7.45,1.2,-0.11
2012-11-29,batang,巴塘,Batang,1.0,-1.38,3.7,-4.48,1.8268431642603988,1.52,8519920.0,11646540.0,723.8047,99.05,29.85,2012,645.62,-7.28,1.46,-0.33
2012-11-30,batang,巴塘,Batang,0.72,-1.02,4.14,-4.28,1.9979632931240403,1.59,8925172.0,12382728.0,717.0469,99.05,29.85,2012,645.56,-7.72,1.52,0.08
2012-12-01,batang,巴塘,Batang,5.74,-1.46,1.36,-3.97,1.7041196543895747,0.63,8001438.0,11215000.0,710.97656,99.05,29.85,2012,648.49,-6.13,0.39,-0.05
2012-12-02,batang,巴塘,Batang,1.89,-3.46,3.41,-11.45,1.6897198361247427,0.49,6679134.0,12304704.0,706.4531,99.05,29.85,2012,651.22,-7.66,0.05,-0.13
2012-12-03,batang,巴塘,Batang,0.37,-2.97,3.0,-9.94,1.9974684920432488,0.66,7577982.0,14206740.0,700.83594,99.05,29.85,2012,649.13,-8.52,0.47,-0.34
2012-12-04,batang,巴塘,Batang,0.44,-1.84,3.99,-9.97,2.3400643008172266,0.64,8454984.0,14798964.0,695.0156,99.05,29.85,2012,650.43,-13.51,-0.37,0.13
2012-12-05,batang,巴塘,Batang,0.01,-2.81,5.49,-10.47,2.3865462522555108,0.41,9846296.0,16066496.0,689.5156,99.05,29.85,2012,650.54,-15.13,0.11,-0.31
2012-12-06,batang,巴塘,Batang,0.0,-1.7,5.55,-9.11,2.4780147791795804,0.5,10309792.0,15842940.0,684.1406,99.05,29.85,2012,650.58,-13.45,-0.38,-0.16
2012-12-07,batang,巴塘,Batang,0.37,-1.74,4.2,-8.52,2.367051490665957,0.54,10646154.0,15451372.0,678.97656,99.05,29.85,2012,648.98,-10.54,0.26,-0.39
2012-12-08,batang,巴塘,Batang,1.36,-0.76,4.21,-5.47,1.8548302067838789,0.86,8487216.0,11838852.0,674.0625,99.05,29.85,2012,646.92,-5.86,0.76,-0.36
2012-12-09,batang,巴塘,Batang,1.9,-1.07,3.01,-4.27,1.832974714861764,0.83,8408074.0,12122492.0,669.4922,99.05,29.85,2012,645.51,-5.37,0.79,-0.21
2012-12-10,batang,巴塘,Batang,3.34,-1.86,3.07,-5.89,1.9230109570933205,0.73,8934914.0,13404512.0,665.0469,99.05,29.85,2012,646.9,-5.64,0.57,-0.32
2012-12-11,batang,巴塘,Batang,1.33,-2.08,2.6,-5.52,1.6657546304003883,1.04,6569720.0,11263228.0,660.71094,99.05,29.85,2012,646.18,-6.97,0.92,-0.35
2012-12-12,batang,巴塘,Batang,0.5,-2.8,3.3,-7.59,1.856808748376448,1.71,7459886.0,13030428.0,655.8125,99.05,29.85,2012,644.37,-8.7,1.66,0.06
2012-12-13,batang,巴塘,Batang,0.63,-3.51,1.77,-7.34,1.8391497588833217,1.34,7689658.0,12988888.0,650.8047,99.05,29.85,2012,646.67,-10.25,1.27,-0.16
2012-12-14,batang,巴塘,Batang,1.1,-4.53,0.93,-9.61,1.6702010914329537,0.99,7341224.0,12535692.0,645.78125,99.05,29.85,2012,649.14,-10.52,0.91,-0.23
2012-12-15,batang,巴塘,Batang,0.15,-5.79,2.58,-14.01,1.7435721071011632,0.66,7973862.0,13454848.0,640.8594,99.05,29.85,2012,650.48,-14.57,0.37,-0.26
2012-12-16,batang,巴塘,Batang,0.01,-4.94,2.31,-14.84,2.0420190638126523,0.98,9527662.0,15486640.0,636.08594,99.05,29.85,2012,648.99,-13.39,0.86,-0.45
2012-12-17,batang,巴塘,Batang,2.24,-2.94,3.83,-10.18,2.010496179848424,0.69,9078310.0,14116944.0,631.46094,99.05,29.85,2012,649.84,-9.23,0.47,-0.3
2012-12-18,batang,巴塘,Batang,0.01,-2.57,3.85,-9.27,2.234737231128675,1.03,8962730.0,14871348.0,626.9531,99.05,29.85,2012,648.02,-11.59,0.88,-0.46
2012-12-19,batang,巴塘,Batang,0.15,-2.68,3.82,-8.31,2.050509798401952,1.5,9223636.0,14521400.0,622.27344,99.05,29.85,2012,643.48,-8.85,1.46,-0.22
2012-12-20,batang,巴塘,Batang,0.3,-2.1,3.63,-5.71,1.8174727253651848,1.75,8267772.0,12535204.0,617.7656,99.05,29.85,2012,643.8,-7.32,1.72,-0.13
2012-12-21,batang,巴塘,Batang,0.5,-2.39,2.94,-6.42,1.8288782773955468,1.5,8330960.0,12351372.0,613.89844,99.05,29.85,2012,646.04,-8.42,1.46,0.01
2012-12-22,batang,巴塘,Batang,5.19,-3.42,1.17,-8.32,1.6692109444439978,0.8,8046058.0,11875416.0,609.8125,99.05,29.85,2012,649.17,-9.0,0.03,0.05
2012-12-23,batang,巴塘,Batang,0.0,-10.36,-4.32,-17.06,1.5717906946394566,0.67,8349746.0,15946096.0,605.2578,99.05,29.85,2012,653.14,-18.29,-0.36,-0.46
2012-12-24,batang,巴塘,Batang,0.0,-10.74,-3.13,-18.94,1.6225228240366127,0.75,8708158.0,16225228.0,600.5,99.05,29.85,2012,648.71,-22.48,0.43,-0.58
2012-12-25,batang,巴塘,Batang,0.01,-9.02,-2.03,-16.73,1.7465638029036834,1.02,8783184.0,16001700.0,595.91406,99.05,29.85,2012,645.2,-19.55,0.87,-0.48
2012-12-26,batang,巴塘,Batang,0.87,-9.48,-3.43,-17.7,1.3174232442438198,0.58,6973270.0,12500460.0,591.52344,99.05,29.85,2012,646.46,-16.35,0.32,-0.3
2012-12-27,batang,巴塘,Batang,0.01,-9.86,-3.3,-21.13,1.544229629346734,0.91,8218646.0,15035812.0,587.1953,99.05,29.85,2012,646.95,-18.48,0.63,-0.57
2012-12-28,batang,巴塘,Batang,0.1,-6.51,0.05,-12.66,1.9127030096276256,1.2,8733502.0,15602400.0,582.875,99.05,29.85,2012,643.58,-15.46,1.15,-0.32
2012-12-29,batang,巴塘,Batang,1.39,-4.77,1.03,-10.21,1.8012552102428554,1.13,8040346.0,14056920.0,578.59375,99.05,29.85,2012,644.38,-10.57,1.09,-0.25
2012-12-30,batang,巴塘,Batang,4.43,-4.1,-0.77,-6.99,1.26920732019379,0.77,4923628.0,9670148.0,574.6328,99.05,29.85,2012,644.44,-7.23,0.72,-0.17
2012-12-31,batang,巴塘,Batang,5.93,-5.28,-1.89,-12.55,1.0986829548615191,0.42,3486472.0,8684600.0,571.4219,99.05,29.85,2012,645.56,-8.07,-0.24,0.02
2013-01-01,batang,巴塘,Batang,0.05,-9.36,-2.35,-18.78,1.4083481700781817,0.78,4563326.0,14280560.0,567.58594,99.05,29.85,2013,647.82,-13.4,0.32,-0.47
2013-01-02,batang,巴塘,Batang,0.12,-8.13,-1.93,-18.61,1.4399699484087018,1.22,4746820.0,14401500.0,563.03125,99.05,29.85,2013,646.78,-11.61,1.12,-0.44
2013-01-03,batang,巴塘,Batang,0.67,-5.19,-0.18,-10.69,1.5898784448283896,1.39,4508586.0,13301116.0,558.5156,99.05,29.85,2013,644.83,-9.37,1.36,-0.18
2013-01-04,batang,巴塘,Batang,0.72,-5.3,-0.54,-8.45,1.5214455794782606,1.39,4413280.0,12804820.0,554.21875,99.05,29.85,2013,643.56,-9.29,1.37,-0.18
2013-01-05,batang,巴塘,Batang,0.41,-5.33,0.12,-9.18,1.5989091791451384,1.54,4858454.0,13783408.0,550.0469,99.05,29.85,2013,643.15,-9.28,1.51,-0.23
2013-01-06,batang,巴塘,Batang,0.29,-6.88,-1.18,-10.62,1.5867288813694251,1.58,5316400.0,14588444.0,545.90625,99.05,29.85,2013,643.72,-11.63,1.53,-0.17
2013-01-07,batang,巴塘,Batang,0.91,-7.78,-2.45,-11.76,1.473981270913859,1.42,5368804.0,14259196.0,541.84375,99.05,29.85,2013,642.07,-12.08,1.36,-0.24
2013-01-08,batang,巴塘,Batang,0.76,-7.84,-2.28,-13.16,1.5071831937605795,0.98,5075084.0,13703392.0,537.8594,99.05,29.85,2013,643.19,-13.45,0.87,-0.02
2013-01-09,batang,巴塘,Batang,3.2,-8.72,-3.72,-13.61,1.3428908055960016,0.81,5025814.0,13208980.0,533.90625,99.05,29.85,2013,644.32,-12.34,0.45,-0.61
2013-01-10,batang,巴塘,Batang,6.12,-7.47,-3.77,-11.1,1.2994586640348509,0.74,4059514.0,11880536.0,530.0156,99.05,29.85,2013,644.27,-10.73,0.46,-0.39
2013-01-11,batang,巴塘,Batang,2.85,-9.7,-4.74,-18.78,1.259123470422147,0.59,3945650.0,12879708.0,526.2656,99.05,29.85,2013,646.26,-12.91,0.13,-0.14
2013-01-12,batang,巴塘,Batang,0.07,-14.31,-6.3,-25.31,1.1897665628444547,0.46,4630966.0,15505272.0,522.3281,99.05,29.85,2013,648.42,-18.95,0.13,-0.33
2013-01-13,batang,巴塘,Batang,0.01,-15.06,-7.38,-26.76,1.2315110360138994,0.48,5136208.0,16862744.0,518.3906,99.05,29.85,2013,647.0,-20.04,0.27,-0.31
2013-01-14,batang,巴塘,Batang,0.01,-13.56,-5.51,-23.78,1.3521773713916558,0.52,5313988.0,17099824.0,514.5,99.05,29.85,2013,646.67,-18.02,0.3,-0.32
2013-01-15,batang,巴塘,Batang,0.03,-13.51,-6.52,-24.65,1.244060799696196,0.66,5097862.0,16085032.0,510.64062,99.05,29.85,2013,648.33,-17.1,0.5,-0.36
2013-01-16,batang,巴塘,Batang,0.03,-11.88,-3.8,-21.21,1.397416410859465,0.69,5337698.0,16525084.0,506.8125,99.05,29.85,2013,650.25,-15.41,0.49,-0.36
2013-01-17,batang,巴塘,Batang,0.03,-10.61,-3.16,-21.59,1.5207334842553617,0.46,5354320.0,16272728.0,503.0,99.05,29.85,2013,652.66,-14.02,0.23,-0.32
2013-01-18,batang,巴塘,Batang,0.0,-7.99,-1.17,-16.36,1.674759558266632,0.8,5456478.0,16192436.0,499.1875,99.05,29.85,2013,651.92,-11.39,0.69,-0.34
2013-01-19,batang,巴塘,Batang,0.1,-5.68,0.99,-13.38,1.7717407939992342,1.35,5438078.0,15603744.0,495.39062,99.05,29.85,2013,647.62,-9.76,1.32,-0.2
2013-01-20,batang,巴塘,Batang,0.33,-5.82,-0.44,-10.19,1.8635522104375688,1.43,5784204.0,16135556.0,491.70312,99.05,29.85,2013,646.3,-11.07,1.37,-0.01
2013-01-21,batang,巴塘,Batang,0.13,-7.58,-1.35,-15.94,1.767502865779513,1.21,5772962.0,15771056.0,487.98438,99.05,29.85,2013,648.74,-14.9,1.06,0.1
2013-01-22,batang,巴塘,Batang,0.21,-10.92,-3.28,-21.56,1.4722517201194552,0.59,6004424.0,15998476.0,484.34375,99.05,29.85,2013,650.26,-15.53,0.27,-0.44
2013-01-23,batang,巴塘,Batang,0.06,-11.28,-2.3,-22.52,1.5952655620518943,0.55,6718534.0,17518668.0,480.75,99.05,29.85,2013,649.54,-16.95,0.05,-0.43
2013-01-24,batang,巴塘,Batang,0.01,-9.41,-2.27,-20.78,1.7856643393688338,0.74,6962468.0,17725780.0,477.14062,99.05,29.85,2013,647.79,-16.13,0.54,-0.39
2013-01-25,batang,巴塘,Batang,1.1,-8.7,-1.69,-17.55,1.7889837699306774,0.57,6739888.0,16765872.0,473.51562,99.05,29.85,2013,647.94,-15.77,0.02,-0.19
2013-01-26,batang,巴塘,Batang,0.01,-11.47,-3.74,-19.49,1.6242674629997895,0.63,7197680.0,18166656.0,469.92188,99.05,29.85,2013,649.48,-17.36,-0.38,-0.48
2013-01-27,batang,巴塘,Batang,0.14,-8.41,-0.87,-18.13,1.9774645619041016,0.68,7385624.0,18214492.0,466.34375,99.05,29.85,2013,648.19,-17.01,0.49,-0.24
2013-01-28,batang,巴塘,Batang,0.0,-8.78,-1.52,-16.83,2.036378974556756,0.64,7822780.0,18956420.0,462.79688,99.05,29.85,2013,649.62,-18.79,0.4,-0.47
2013-01-29,batang,巴塘,Batang,0.0,-7.42,0.35,-15.98,2.184122797428077,0.91,8139326.0,19041420.0,459.25,99.05,29.85,2013,648.11,-17.52,0.78,-0.41
2013-01-30,batang,巴塘,Batang,0.01,-7.48,0.36,-15.15,2.093359580918247,0.94,8635950.0,18286608.0,455.70312,99.05,29.85,2013,648.46,-17.15,0.81,-0.11
2013-01-31,batang,巴塘,Batang,0.0,-7.23,-0.18,-16.18,2.21583268212619,0.86,9982442.0,19304412.0,452.1875,99.05,29.85,2013,650.17,-16.55,0.71,-0.44
2013-02-01,batang,巴塘,Batang,0.0,-5.54,1.53,-12.69,2.2726233942305334,0.97,10380066.0,18615384.0,448.70312,99.05,29.85,2013,650.09,-12.84,0.85,-0.38
2013-02-02,batang,巴塘,Batang,0.28,-5.45,1.19,-13.38,2.0257038904004574,1.33,10229726.0,17208072.0,445.21875,99.05,29.85,2013,647.78,-10.92,1.28,-0.22
2013-02-03,batang,巴塘,Batang,0.13,-5.48,0.77,-11.37,2.056986746395116,0.98,10116668.0,16500320.0,441.76562,99.05,29.85,2013,648.58,-12.79,0.91,-0.29
2013-02-04,batang,巴塘,Batang,0.18,-5.87,1.47,-12.45,2.1031273480851063,0.57,10658354.0,16917352.0,438.39062,99.05,29.85,2013,650.88,-13.85,0.06,-0.22
2013-02-05,batang,巴塘,Batang,0.0,-4.98,3.12,-14.31,2.546349883915493,0.6,12865486.0,19750342.0,435.01562,99.05,29.85,2013,653.24,-14.09,0.3,-0.45
2013-02-06,batang,巴塘,Batang,0.01,-1.66,5.48,-10.75,2.9757946465258973,0.88,13298498.0,19770398.0,431.8125,99.05,29.85,2013,649.43,-11.51,0.8,-0.32
2013-02-07,batang,巴塘,Batang,0.13,-1.13,5.84,-8.05,2.574375299164976,1.52,12401932.0,18029984.0,430.40625,99.05,29.85,2013,647.22,-6.65,1.49,-0.21
2013-02-08,batang,巴塘,Batang,0.64,-0.11,6.0,-4.62,2.702473558232957,1.68,12096628.0,17482078.0,433.09375,99.05,29.85,2013,646.07,-6.86,1.58,0.3
2013-02-09,batang,巴塘,Batang,0.43,-1.29,4.38,-8.15,2.878654997411571,1.26,12328746.0,17819208.0,440.96875,99.05,29.85,2013,647.62,-13.73,0.89,0.62
2013-02-10,batang,巴塘,Batang,0.17,-3.07,4.09,-8.87,2.4792858230363475,1.41,12257792.0,17594576.0,447.65625,99.05,29.85,2013,647.78,-11.74,1.33,-0.06
2013-02-11,batang,巴塘,Batang,0.07,-2.19,5.05,-9.2,2.803989659923156,1.29,13500666.0,19202860.0,447.625,99.05,29.85,2013,648.47,-11.52,1.17,0.03
2013-02-12,batang,巴塘,Batang,0.12,-0.92,6.08,-7.4,2.6818451195885302,1.54,12505638.0,17671298.0,442.125,99.05,29.85,2013,648.01,-8.42,1.45,0.14
2013-02-13,batang,巴塘,Batang,0.93,-0.83,4.69,-5.06,2.5876136678605293,1.9,12420374.0,17533454.0,435.03125,99.05,29.85,2013,646.23,-7.3,1.76,0.36
2013-02-14,batang,巴塘,Batang,0.52,-0.83,4.72,-5.63,2.6924095373200245,1.64,12148288.0,17273284.0,429.0,99.05,29.85,2013,646.67,-9.15,1.47,0.42
2013-02-15,batang,巴塘,Batang,0.08,-1.0,5.31,-6.36,2.9071864801393734,1.59,13451942.0,19022836.0,425.0625,99.05,29.85,2013,648.33,-9.85,1.43,0.25
2013-02-16,batang,巴塘,Batang,0.22,-0.38,5.77,-5.45,2.619977399054924,1.85,12083554.0,16950948.0,421.34375,99.05,29.85,2013,647.78,-7.42,1.75,0.19
2013-02-17,batang,巴塘,Batang,5.59,-0.38,4.2,-3.63,2.26001206258912,1.61,11633612.0,16364568.0,416.90625,99.05,29.85,2013,643.24,-3.46,1.56,-0.29
2013-02-18,batang,巴塘,Batang,1.79,-1.14,3.89,-5.36,2.6432790461980424,1.37,11136628.0,18686176.0,415.53125,99.05,29.85,2013,643.42,-6.24,1.32,0.23
2013-02-19,batang,巴塘,Batang,0.52,-3.46,1.92,-9.64,2.7057363932780807,1.31,12149188.0,20080888.0,414.3125,99.05,29.85,2013,647.03,-12.1,1.18,0.27
2013-02-20,batang,巴塘,Batang,0.21,-3.36,2.39,-10.22,2.6452436889563025,1.4,12579294.0,20097896.0,411.5,99.05,29.85,2013,647.65,-10.57,1.35,-0.06
2013-02-21,batang,巴塘,Batang,0.5,-2.24,3.19,-9.83,2.695069615479288,1.08,11953448.0,18602240.0,407.59375,99.05,29.85,2013,650.31,-10.61,0.94,0.28
2013-02-22,batang,巴塘,Batang,0.0,-3.57,2.82,-10.81,2.956177798379401,0.91,15064974.0,22319574.0,402.15625,99.05,29.85,2013,652.98,-11.35,0.81,-0.28
2013-02-23,batang,巴塘,Batang,0.0,-1.93,4.38,-9.67,3.3156206790178966,0.95,16137888.0,22651912.0,395.6875,99.05,29.85,2013,652.58,-12.33,0.9,-0.09
2013-02-24,batang,巴塘,Batang,0.0,-0.62,5.58,-8.32,3.477527946899582,1.16,16928374.0,22629466.0,389.28125,99.05,29.85,2013,651.21,-10.53,1.12,-0.21
2013-02-25,batang,巴塘,Batang,0.04,-0.04,5.96,-6.26,3.515500656717422,1.24,16774192.0,21542516.0,383.71875,99.05,29.85,2013,650.55,-12.25,1.07,0.42
2013-02-26,batang,巴塘,Batang,0.0,0.61,7.18,-5.9,3.8460134002225104,0.89,18368514.0,22939364.0,378.96875,99.05,29.85,2013,651.67,-13.03,0.86,-0.02
2013-02-27,batang,巴塘,Batang,0.0,2.04,9.05,-5.57,4.196500997573105,1.05,19177596.0,23391910.0,374.78125,99.05,29.85,2013,649.73,-13.03,1.04,-0.04
2013-02-28,batang,巴塘,Batang,0.11,2.74,9.71,-3.87,4.0262428282581695,1.47,19059062.0,22823804.0,371.5625,99.05,29.85,2013,647.08,-7.28,1.46,-0.01
2013-03-01,batang,巴塘,Batang,0.39,3.61,9.95,-2.01,3.7597464340638536,1.52,16823198.0,19998662.0,369.75,99.05,29.85,2013,648.99,-6.4,1.31,0.45
2013-03-02,batang,巴塘,Batang,3.81,3.57,9.62,-1.22,3.7920793713688856,1.15,17339708.0,20505716.0,370.875,99.05,29.85,2013,651.72,-5.87,0.98,0.18
2013-03-03,batang,巴塘,Batang,1.64,2.5,7.91,-2.22,3.807268775175958,1.18,16565735.0,21187564.0,376.78125,99.05,29.85,2013,651.53,-8.5,1.04,0.43
2013-03-04,batang,巴塘,Batang,0.68,0.12,5.69,-4.59,3.4810598440895784,0.88,16984266.0,21176284.0,380.625,99.05,29.85,2013,653.52,-11.99,-0.43,0.03
2013-03-05,batang,巴塘,Batang,0.12,1.8,8.35,-4.83,4.112340575982213,0.67,19238910.0,23234904.0,377.8125,99.05,29.85,2013,652.57,-13.73,0.6,-0.07
2013-03-06,batang,巴塘,Batang,2.52,0.26,6.41,-4.06,3.273637167749877,0.92,17110292.0,20148744.0,371.125,99.05,29.85,2013,654.0,-9.24,-0.83,0.12
2013-03-07,batang,巴塘,Batang,3.39,0.23,4.51,-4.42,3.2425391997647286,0.55,16163892.0,20313548.0,364.15625,99.05,29.85,2013,654.17,-6.76,-0.39,-0.0
2013-03-08,batang,巴塘,Batang,2.12,-0.72,4.85,-7.26,3.16990156495472,0.46,14447547.0,20791272.0,357.8125,99.05,29.85,2013,651.16,-6.44,-0.12,0.17
2013-03-09,batang,巴塘,Batang,0.03,-0.47,6.57,-7.69,3.7936242691363913,0.44,17708384.0,24075414.0,352.25,99.05,29.85,2013,649.16,-11.46,0.18,-0.12
2013-03-10,batang,巴塘,Batang,0.1,1.68,8.07,-5.82,4.141713003524185,1.05,19398262.0,24492062.0,347.0,99.05,29.85,2013,648.23,-8.98,1.03,-0.04
2013-03-11,batang,巴塘,Batang,0.79,1.78,7.61,-3.56,3.769718722643522,1.27,17781224.0,21699356.0,342.71875,99.05,29.85,2013,647.35,-9.23,1.18,0.36
2013-03-12,batang,巴塘,Batang,0.32,-0.05,4.89,-5.07,3.1520259474625303,0.76,16335422.0,19626364.0,339.625,99.05,29.85,2013,649.29,-9.19,-0.69,0.11
2013-03-13,batang,巴塘,Batang,0.08,1.32,7.07,-5.26,3.9387835126910566,0.55,19390854.0,22896706.0,338.3125,99.05,29.85,2013,650.59,-12.26,0.06,-0.18
2013-03-14,batang,巴塘,Batang,0.23,2.78,8.99,-4.35,4.278945259240291,0.84,20382304.0,23639758.0,339.84375,99.05,29.85,2013,650.74,-9.99,0.74,-0.01
2013-03-15,batang,巴塘,Batang,1.28,2.96,9.05,-2.81,3.589891348534328,1.05,17833672.0,20475832.0,342.96875,99.05,29.85,2013,650.99,-4.28,0.97,-0.17
2013-03-16,batang,巴塘,Batang,1.51,4.56,10.74,-0.77,4.045779852947331,1.2,18380046.0,21116772.0,346.03125,99.05,29.85,2013,650.32,-5.08,1.14,0.22
2013-03-17,batang,巴塘,Batang,3.51,2.26,8.02,-1.57,3.2370674930094827,0.9,16222170.0,19308414.0,351.65625,99.05,29.85,2013,647.71,-3.04,0.8,-0.29
2013-03-18,batang,巴塘,Batang,2.59,0.66,5.53,-4.16,2.9579588009294664,1.47,15457440.0,19190904.0,360.46875,99.05,29.85,2013,643.29,-5.06,1.44,-0.06
2013-03-19,batang,巴塘,Batang,7.44,-0.16,5.72,-5.16,3.247403081739956,0.79,17130220.0,21205074.0,368.28125,99.05,29.85,2013,646.82,-6.28,0.09,0.37
2013-03-20,batang,巴塘,Batang,0.18,-0.67,4.56,-5.97,3.7414635535737433,0.58,14805336.0,24357168.0,375.34375,99.05,29.85,2013,649.16,-9.61,0.35,-0.19
2013-03-21,batang,巴塘,Batang,0.15,1.28,7.64,-5.87,4.099279728717125,1.14,17509388.0,24939560.0,377.53125,99.05,29.85,2013,646.4,-8.69,1.09,-0.13
2013-03-22,batang,巴塘,Batang,5.39,0.89,6.08,-3.14,3.0376350016543,0.94,14612744.0,19289326.0,374.40625,99.05,29.85,2013,646.4,-4.11,0.83,-0.02
2013-03-23,batang,巴塘,Batang,1.35,-1.24,4.27,-7.61,3.5454442026484925,0.66,15508994.0,24705866.0,370.6875,99.05,29.85,2013,649.97,-5.72,-0.36,-0.08
2013-03-24,batang,巴塘,Batang,0.8,0.4,8.25,-7.84,4.124363050611989,0.56,18744330.0,26230516.0,363.0625,99.05,29.85,2013,648.03,-6.02,0.24,-0.25
2013-03-25,batang,巴塘,Batang,6.7,0.98,7.82,-5.3,3.83243732169798,0.63,18665942.0,24078420.0,352.3125,99.05,29.85,2013,646.63,-4.17,-0.01,-0.23
2013-03-26,batang,巴塘,Batang,2.42,0.27,4.29,-4.16,2.7785443244615484,0.86,11312370.0,18583918.0,344.53125,99.05,29.85,2013,645.9,-2.78,0.78,-0.13
2013-03-27,batang,巴塘,Batang,3.95,-0.72,6.0,-6.95,3.3896973073153847,0.51,15338266.0,22899188.0,337.25,99.05,29.85,2013,647.84,-4.06,0.2,0.2
2013-03-28,batang,巴塘,Batang,0.01,-0.8,5.0,-6.97,3.997396312901012,0.71,17568246.0,26856888.0,330.46875,99.05,29.85,2013,649.71,-8.3,-0.42,-0.32
2013-03-29,batang,巴塘,Batang,6.49,0.53,8.58,-8.0,3.8773146351859418,0.45,18162906.0,24516202.0,322.6875,99.05,29.85,2013,647.69,-4.14,0.02,-0.05
2013-03-30,batang,巴塘,Batang,9.52,-0.52,4.0,-7.68,2.5978956378249465,0.44,10452610.0,17288502.0,317.15625,99.05,29.85,2013,647.71,-2.82,-0.13,-0.09
2013-03-31,batang,巴塘,Batang,13.4,-0.09,2.43,-2.58,2.4692765096580067,0.54,5576008.0,16448516.0,315.625,99.05,29.85,2013,648.06,-1.84,0.26,0.2
2013-04-01,batang,巴塘,Batang,0.57,-0.35,4.22,-7.43,3.415122176204698,1.04,6499816.0,23382912.0,319.78125,99.05,29.85,2013,648.62,-5.55,0.98,0.29
2013-04-02,batang,巴塘,Batang,0.08,-3.42,3.17,-16.05,3.4673428486233973,0.56,8179616.0,26482054.0,318.25,99.05,29.85,2013,649.66,-7.6,-0.0,0.44
2013-04-03,batang,巴塘,Batang,0.04,-3.6,4.42,-14.93,3.6166442847386073,0.32,10344606.0,27001446.0,311.40625,99.05,29.85,2013,647.67,-7.83,-0.11,0.18
2013-04-04,batang,巴塘,Batang,3.01,-1.16,2.83,-12.51,2.6849203087124307,0.66,9253928.0,18973238.0,304.375,99.05,29.85,2013,644.17,-3.32,0.58,-0.06
2013-04-05,batang,巴塘,Batang,10.36,-1.86,0.95,-4.87,1.674253017758455,0.94,5098118.0,12482014.0,300.03125,99.05,29.85,2013,646.11,-3.61,-0.64,0.57
2013-04-06,batang,巴塘,Batang,2.61,-1.3,2.52,-6.47,3.06636697220016,0.66,6667796.0,21519774.0,299.6875,99.05,29.85,2013,645.06,-4.76,0.3,0.36
2013-04-07,batang,巴塘,Batang,0.47,-2.25,3.1,-12.07,3.606761661133106,0.65,10136642.0,26209626.0,298.71875,99.05,29.85,2013,647.04,-7.2,0.21,0.45
2013-04-08,batang,巴塘,Batang,0.32,-2.32,3.87,-12.83,3.888667876557789,0.47,13778298.0,27786948.0,295.21875,99.05,29.85,2013,649.57,-7.67,-0.34,0.18
2013-04-09,batang,巴塘,Batang,0.47,-0.14,6.71,-9.44,4.375525781480326,0.37,16401934.0,28248066.0,290.0625,99.05,29.85,2013,650.46,-5.27,-0.12,0.05
2013-04-10,batang,巴塘,Batang,6.15,0.99,7.69,-6.49,3.512268082756017,0.64,14033250.0,22524680.0,284.8125,99.05,29.85,2013,648.72,-2.0,0.4,0.2
2013-04-11,batang,巴塘,Batang,19.16,0.89,4.16,-2.75,2.721732084750808,0.61,9566752.0,17718962.0,283.125,99.05,29.85,2013,648.45,-0.51,0.51,-0.19
2013-04-12,batang,巴塘,Batang,15.71,-0.86,1.29,-4.4,1.3963721636791098,0.48,2490256.0,9572142.0,289.375,99.05,29.85,2013,650.2,-1.67,-0.16,0.29
2013-04-13,batang,巴塘,Batang,0.86,-0.3,4.23,-4.93,3.4581510648504112,0.48,6454700.0,22852832.0,296.1875,99.05,29.85,2013,652.3,-3.74,-0.17,0.29
2013-04-14,batang,巴塘,Batang,4.71,0.58,2.77,-4.62,2.503303135222969,0.8,5024100.0,16829060.0,296.1875,99.05,29.85,2013,649.77,-1.03,0.73,-0.09
2013-04-15,batang,巴塘,Batang,2.19,1.0,3.75,-2.3,3.2372937854419623,0.76,6984270.0,21129614.0,296.15625,99.05,29.85,2013,648.1,-1.5,0.2,0.29
2013-04-16,batang,巴塘,Batang,0.32,-0.07,3.62,-4.22,3.6716444405960624,0.73,8434542.0,24448324.0,298.1875,99.05,29.85,2013,647.55,-4.73,-0.68,0.18
2013-04-17,batang,巴塘,Batang,1.36,1.2,5.56,-4.06,4.160916660023373,0.51,10750832.0,26051862.0,297.125,99.05,29.85,2013,646.5,-2.39,0.43,-0.07
2013-04-18,batang,巴塘,Batang,0.26,3.16,7.71,-1.66,4.30517352166725,0.98,13825076.0,25324072.0,293.875,99.05,29.85,2013,646.83,-2.82,0.94,0.12
2013-04-19,batang,巴塘,Batang,0.13,2.79,8.39,-5.77,4.598738258758479,0.66,17018786.0,26805482.0,290.90625,99.05,29.85,2013,648.65,-3.87,0.53,0.27
2013-04-20,batang,巴塘,Batang,0.18,2.74,8.45,-6.24,5.016015924821884,0.4,19450152.0,28950022.0,287.96875,99.05,29.85,2013,651.0,-3.22,0.18,-0.04
2013-04-21,batang,巴塘,Batang,0.39,4.34,9.27,-2.45,4.522783774791328,1.14,18768036.0,25703596.0,286.15625,99.05,29.85,2013,649.86,-1.67,1.11,0.03
2013-04-22,batang,巴塘,Batang,0.44,5.39,11.17,0.22,4.710846189840513,1.25,19710478.0,25042518.0,290.9375,99.05,29.85,2013,649.61,-2.69,1.17,0.18
2013-04-23,batang,巴塘,Batang,5.05,2.53,9.25,-4.72,3.996774737012272,0.8,20097480.0,24677424.0,304.5625,99.05,29.85,2013,650.67,-0.37,0.68,-0.24
2013-04-24,batang,巴塘,Batang,1.45,2.81,9.02,-3.42,4.323922806531804,0.58,20096790.0,25133406.0,323.15625,99.05,29.85,2013,651.72,-2.91,0.2,0.13
2013-04-25,batang,巴塘,Batang,3.88,2.27,9.18,-3.65,4.7313833279576825,0.37,23301048.0,28039076.0,343.90625,99.05,29.85,2013,652.3,-1.2,-0.24,-0.03
2013-04-26,batang,巴塘,Batang,2.5,2.3,10.77,-3.79,4.44774066961419,0.4,21415186.0,26304126.0,372.75,99.05,29.85,2013,651.58,-1.65,-0.16,-0.03
2013-04-27,batang,巴塘,Batang,0.27,7.09,13.5,-1.99,5.70435679634501,0.52,23643488.0,28105740.0,404.875,99.05,29.85,2013,649.64,-1.58,0.28,-0.19
2013-04-28,batang,巴塘,Batang,5.78,4.46,12.3,-1.53,4.274801866379905,0.81,20911662.0,24364182.0,441.46875,99.05,29.85,2013,649.16,1.0,0.45,-0.23
2013-04-29,batang,巴塘,Batang,1.66,6.11,14.26,-0.2,4.833284178138912,0.58,21288198.0,25250394.0,493.0,99.05,29.85,2013,649.61,1.63,0.35,-0.15
2013-04-30,batang,巴塘,Batang,2.04,7.75,15.01,1.96,5.604733591931906,0.68,24055168.0,27971748.0,565.25,99.05,29.85,2013,649.38,2.77,0.53,-0.0
2013-05-01,batang,巴塘,Batang,2.53,7.84,15.14,3.03,5.058218897516831,0.81,21906704.0,25352460.0,667.09375,99.05,29.85,2013,646.68,3.24,0.67,-0.01
2013-05-02,batang,巴塘,Batang,1.76,7.2,12.14,2.62,3.6942645328158976,1.21,16439490.0,19026790.0,798.5,99.05,29.85,2013,645.7,3.04,1.12,-0.13
2013-05-03,batang,巴塘,Batang,7.78,5.46,11.59,1.48,3.0478526142383062,1.65,15625616.0,18186276.0,955.28125,99.05,29.85,2013,645.91,3.29,1.54,-0.57
2013-05-04,batang,巴塘,Batang,2.19,5.64,11.42,0.6,4.204547498259438,1.55,19545266.0,23090816.0,1092.7812,99.05,29.85,2013,647.68,0.04,1.52,-0.14
2013-05-05,batang,巴塘,Batang,10.61,5.44,11.45,0.79,4.270682095894517,0.77,19505502.0,22854044.0,1160.8438,99.05,29.85,2013,648.68,0.35,0.5,0.23
2013-05-06,batang,巴塘,Batang,7.6,3.68,10.49,-1.38,4.426609364657001,0.27,16251638.0,24580270.0,1182.7188,99.05,29.85,2013,648.39,0.29,0.11,0.1
2013-05-07,batang,巴塘,Batang,4.27,3.9,10.44,-0.49,4.8603418769562055,0.44,18067050.0,27411260.0,1169.0938,99.05,29.85,2013,647.82,0.8,0.34,0.1
2013-05-08,batang,巴塘,Batang,11.83,4.31,11.58,-2.43,4.621696710654003,0.61,18926000.0,26070604.0,1142.5938,99.05,29.85,2013,648.18,0.93,0.15,0.2
2013-05-09,batang,巴塘,Batang,9.36,2.95,7.77,-1.64,3.976099952767128,0.52,12300156.0,23623896.0,1131.0312,99.05,29.85,2013,649.67,1.12,-0.39,0.16
2013-05-10,batang,巴塘,Batang,5.14,2.57,7.47,-2.33,3.9056038166818654,0.57,12543878.0,23491248.0,1111.5312,99.05,29.85,2013,650.19,-0.04,-0.46,0.22
2013-05-11,batang,巴塘,Batang,4.11,2.08,8.08,-4.39,4.374941862526067,0.48,15856434.0,26607868.0,1075.3125,99.05,29.85,2013,649.87,-0.49,-0.33,0.1
2013-05-12,batang,巴塘,Batang,1.22,5.27,10.63,-2.2,4.285957492823911,0.8,15658548.0,23115590.0,1020.0625,99.05,29.85,2013,649.2,0.11,0.63,-0.09
2013-05-13,batang,巴塘,Batang,1.29,7.44,13.64,2.25,4.511021743051668,1.25,18181832.0,23155736.0,968.0,99.05,29.85,2013,647.39,2.38,1.23,0.12
2013-05-14,batang,巴塘,Batang,1.63,7.35,13.06,1.6,4.167805070045008,1.12,17457964.0,20900122.0,938.59375,99.05,29.85,2013,647.41,1.78,1.09,0.14
2013-05-15,batang,巴塘,Batang,1.66,8.58,15.01,2.99,5.275752331859239,1.07,21856756.0,25689892.0,947.90625,99.05,29.85,2013,647.36,2.42,0.97,0.02
2013-05-16,batang,巴塘,Batang,9.27,8.37,14.65,3.41,3.913022522404118,1.69,16323494.0,19048024.0,1007.25,99.05,29.85,2013,648.25,2.94,1.67,-0.06
2013-05-17,batang,巴塘,Batang,11.23,5.5,9.68,2.81,2.123677396817788,1.01,8680922.0,12010320.0,1146.2188,99.05,29.85,2013,648.58,4.2,0.97,0.15
2013-05-18,batang,巴塘,Batang,9.1,6.37,11.31,2.91,3.1463256478587907,0.58,13216036.0,16431068.0,1360.4062,99.05,29.85,2013,649.31,4.14,-0.22,0.28
2013-05-19,batang,巴塘,Batang,5.97,3.59,8.91,-2.08,2.312533381653205,0.62,10434730.0,13431384.0,1551.2188,99.05,29.85,2013,650.87,2.03,-0.39,0.34
2013-05-20,batang,巴塘,Batang,0.73,4.7,11.17,-1.38,5.493606163375663,0.96,24462970.0,30076876.0,1596.75,99.05,29.85,2013,651.84,-4.07,-0.91,0.23
2013-05-21,batang,巴塘,Batang,0.03,9.07,15.82,1.34,6.786595042232688,0.7,26393406.0,31182196.0,1531.1562,99.05,29.85,2013,650.94,-3.41,-0.6,0.13
2013-05-22,batang,巴塘,Batang,2.31,10.12,17.16,4.1,6.492640218768138,0.61,25307526.0,29556320.0,1453.7812,99.05,29.85,2013,650.87,2.64,0.03,-0.17
2013-05-23,batang,巴塘,Batang,6.25,8.9,13.56,5.4,3.87572162889248,0.86,16179036.0,18851868.0,1416.25,99.05,29.85,2013,651.09,5.64,0.58,-0.07
2013-05-24,batang,巴塘,Batang,7.16,8.62,13.66,3.38,3.550352897414938,0.94,14908276.0,17434120.0,1439.5,99.05,29.85,2013,649.38,5.43,0.66,0.1
2013-05-25,batang,巴塘,Batang,0.77,8.68,14.44,1.42,5.7547586397526205,1.13,23123046.0,27132692.0,1500.75,99.05,29.85,2013,650.43,-0.57,-1.01,0.27
2013-05-26,batang,巴塘,Batang,0.08,12.66,18.72,3.81,7.494248703697539,0.77,26369050.0,30755988.0,1556.3438,99.05,29.85,2013,650.17,-1.47,0.57,-0.1
2013-05-27,batang,巴塘,Batang,0.01,13.94,20.3,6.94,7.7001244038640735,1.34,26705566.0,31117524.0,1643.25,99.05,29.85,2013,649.29,2.97,1.31,-0.17
2013-05-28,batang,巴塘,Batang,0.19,13.92,19.76,8.06,6.428703365177249,1.43,22420358.0,26123348.0,1834.0625,99.05,29.85,2013,649.03,5.62,1.38,-0.18
2013-05-29,batang,巴塘,Batang,0.79,13.11,18.88,8.23,5.216203101026446,1.6,18641540.0,21724116.0,2122.6875,99.05,29.85,2013,649.61,6.57,1.57,-0.14
2013-05-30,batang,巴塘,Batang,0.87,13.21,19.3,7.54,5.6569225309461375,1.56,20289232.0,23646860.0,2468.375,99.05,29.85,2013,649.24,6.31,1.53,-0.13
2013-05-31,batang,巴塘,Batang,0.67,13.45,19.54,7.55,5.358533546537125,1.4,18593892.0,21673668.0,2861.1875,99.05,29.85,2013,649.04,5.93,1.38,0.03
2013-06-01,batang,巴塘,Batang,10.03,10.3,16.09,6.29,4.055517049651328,0.71,16229058.0,18920816.0,3259.0,99.05,29.85,2013,650.73,7.65,0.04,-0.04
2013-06-02,batang,巴塘,Batang,3.92,11.24,16.75,7.18,5.156948460237016,0.69,19896616.0,23197420.0,3615.5625,99.05,29.85,2013,650.6,7.24,0.47,-0.2
2013-06-03,batang,巴塘,Batang,10.17,10.67,15.86,6.75,4.534632289273671,0.62,17925610.0,20903328.0,3811.25,99.05,29.85,2013,650.25,8.12,0.49,-0.08
2013-06-04,batang,巴塘,Batang,5.42,10.94,16.78,6.59,4.634622889335428,0.76,18107400.0,21164972.0,3856.8438,99.05,29.85,2013,650.29,7.51,0.71,-0.0
2013-06-05,batang,巴塘,Batang,8.38,11.62,17.0,7.21,5.254623987125232,0.52,20050190.0,23399620.0,3855.8125,99.05,29.85,2013,650.17,8.7,0.24,0.1
2013-06-06,batang,巴塘,Batang,4.17,12.33,17.27,8.16,5.127629648055397,0.69,19359618.0,22587184.0,3885.3438,99.05,29.85,2013,649.97,9.18,0.65,-0.17
2013-06-07,batang,巴塘,Batang,1.69,13.64,19.27,7.83,5.866121680861412,1.16,21199596.0,24733692.0,3959.5,99.05,29.85,2013,648.24,7.99,1.11,-0.11
2013-06-08,batang,巴塘,Batang,11.71,12.14,18.59,5.56,5.369843460058839,0.71,20282480.0,23666220.0,4079.5625,99.05,29.85,2013,648.11,8.33,0.34,0.23
2013-06-09,batang,巴塘,Batang,3.13,11.43,17.23,5.39,5.437813759328438,1.08,20958092.0,24457860.0,4267.375,99.05,29.85,2013,649.94,6.17,-1.03,0.21
2013-06-10,batang,巴塘,Batang,0.0,9.26,14.1,3.06,7.300639364407097,1.22,28302898.0,33033188.0,4418.9062,99.05,29.85,2013,653.08,-6.48,-1.19,-0.0
2013-06-11,batang,巴塘,Batang,0.03,12.18,17.38,5.08,7.483642526932327,0.74,26611232.0,31062908.0,4396.125,99.05,29.85,2013,650.51,-2.66,-0.1,-0.09
2013-06-12,batang,巴塘,Batang,0.39,13.05,18.42,7.6,6.955325057522511,1.27,24733558.0,28874508.0,4260.8438,99.05,29.85,2013,648.94,3.37,1.2,-0.06
2013-06-13,batang,巴塘,Batang,0.29,13.56,18.55,8.06,5.555065438861033,1.55,18694738.0,21827540.0,4097.7812,99.05,29.85,2013,647.94,4.6,1.5,-0.2
2013-06-14,batang,巴塘,Batang,0.1,14.57,19.85,8.99,6.623407413080442,1.47,21719692.0,25363352.0,3987.8125,99.05,29.85,2013,648.34,3.62,1.43,-0.2
2013-06-15,batang,巴塘,Batang,0.07,15.08,20.68,8.97,7.252411491845645,1.26,24070440.0,28110900.0,3981.9375,99.05,29.85,2013,649.46,4.5,1.19,-0.23
2013-06-16,batang,巴塘,Batang,0.02,16.12,21.43,10.28,7.725820521066852,1.31,24838736.0,29014008.0,4034.875,99.05,29.85,2013,649.41,4.63,1.28,-0.21
2013-06-17,batang,巴塘,Batang,0.21,16.35,21.67,10.24,7.468363972840753,1.19,24196780.0,28271096.0,4056.2812,99.05,29.85,2013,647.78,6.43,1.16,-0.11
2013-06-18,batang,巴塘,Batang,0.41,15.39,20.89,9.69,6.703222072546008,1.27,22461984.0,26249828.0,4025.3125,99.05,29.85,2013,646.35,7.22,1.24,-0.18
2013-06-19,batang,巴塘,Batang,0.93,15.52,21.12,9.7,6.718962903728854,1.29,22402440.0,26186336.0,3973.4688,99.05,29.85,2013,646.77,7.27,1.25,-0.21
2013-06-20,batang,巴塘,Batang,3.2,15.49,20.47,10.08,5.9587039673178905,1.02,19739880.0,23079612.0,3924.3125,99.05,29.85,2013,647.62,7.89,0.86,-0.29
2013-06-21,batang,巴塘,Batang,7.78,12.32,16.04,9.6,3.062449302177477,0.87,11390232.0,13320092.0,3938.6562,99.05,29.85,2013,650.14,9.65,0.81,-0.17
2013-06-22,batang,巴塘,Batang,14.42,12.4,16.34,9.99,3.355366541558676,0.6,12376584.0,14477176.0,4086.1875,99.05,29.85,2013,650.45,9.73,-0.03,-0.01
2013-06-23,batang,巴塘,Batang,7.44,13.12,18.0,10.06,4.499990189684207,0.79,16680314.0,19514868.0,4305.4688,99.05,29.85,2013,648.74,10.38,0.63,-0.26
2013-06-24,batang,巴塘,Batang,16.65,12.64,16.61,9.81,4.236817203604792,0.5,15599950.0,18255804.0,4465.2188,99.05,29.85,2013,649.39,10.03,0.05,-0.07
2013-06-25,batang,巴塘,Batang,13.69,12.59,17.46,8.78,4.2813527139010485,0.68,16164620.0,18919904.0,4605.25,99.05,29.85,2013,649.53,10.68,0.54,-0.06
2013-06-26,batang,巴塘,Batang,14.62,12.25,16.1,9.66,3.5515497373586618,0.31,13004778.0,15224492.0,4682.6875,99.05,29.85,2013,649.63,9.82,0.13,0.15
2013-06-27,batang,巴塘,Batang,5.09,10.95,15.15,6.42,3.210394916557388,0.94,12010026.0,14061236.0,4713.4062,99.05,29.85,2013,649.48,6.76,0.82,0.11
2013-06-28,batang,巴塘,Batang,2.64,12.57,16.32,7.16,4.275759216708972,1.2,15695798.0,18381000.0,4578.8125,99.05,29.85,2013,647.7,8.07,1.16,-0.08
2013-06-29,batang,巴塘,Batang,6.72,13.88,19.05,9.93,5.065309684715044,1.03,18179560.0,21295716.0,4389.1875,99.05,29.85,2013,647.57,9.54,0.99,-0.02
2013-06-30,batang,巴塘,Batang,8.25,13.72,19.47,9.58,5.294550095668272,0.73,19376954.0,22703996.0,4291.8438,99.05,29.85,2013,647.48,11.08,0.68,0.04
2013-07-01,batang,巴塘,Batang,4.71,13.86,18.0,10.25,4.330654177690656,0.61,15426262.0,18077460.0,4269.8125,99.05,29.85,2013,647.08,10.75,0.39,0.04
2013-07-02,batang,巴塘,Batang,3.81,14.0,19.08,10.4,4.706248664692901,0.93,17188080.0,20147244.0,4269.75,99.05,29.85,2013,648.07,11.27,0.88,-0.21
2013-07-03,batang,巴塘,Batang,1.64,15.6,19.81,11.07,5.677230257530932,0.94,19193178.0,22502884.0,4278.1562,99.05,29.85,2013,647.95,10.13,0.92,-0.07
2013-07-04,batang,巴塘,Batang,15.09,13.92,18.19,10.74,3.630077634083439,0.54,12856612.0,15077200.0,4308.875,99.05,29.85,2013,648.48,11.35,0.18,0.15
2013-07-05,batang,巴塘,Batang,4.9,11.81,14.65,8.36,2.389477973548933,0.89,8747484.0,10260308.0,4403.7812,99.05,29.85,2013,650.34,9.01,0.85,-0.08
2013-07-06,batang,巴塘,Batang,3.13,14.45,20.15,9.78,5.348157123041756,0.76,18478504.0,21679072.0,4448.5312,99.05,29.85,2013,650.06,8.99,0.72,-0.1
2013-07-07,batang,巴塘,Batang,0.67,14.91,19.41,10.4,4.811291631324642,1.26,16083598.0,18873628.0,4337.7344,99.05,29.85,2013,648.06,8.95,1.24,-0.15
2013-07-08,batang,巴塘,Batang,0.81,14.88,20.03,9.93,5.437962634209822,1.45,18408224.0,21605700.0,4236.9062,99.05,29.85,2013,646.43,8.52,1.43,-0.05
2013-07-09,batang,巴塘,Batang,6.85,14.06,19.49,9.86,5.1296437247379405,1.18,18391702.0,21591864.0,4245.6406,99.05,29.85,2013,645.93,9.71,1.13,-0.08
2013-07-10,batang,巴塘,Batang,8.99,12.7,17.44,9.9,3.164031583564943,0.74,11519114.0,13526912.0,4387.7812,99.05,29.85,2013,647.62,9.89,0.63,-0.34
2013-07-11,batang,巴塘,Batang,2.98,14.53,19.99,10.37,5.360301814694466,1.05,18877342.0,22171700.0,4545.2344,99.05,29.85,2013,649.06,9.99,1.01,-0.2
2013-07-12,batang,巴塘,Batang,2.17,14.22,18.61,10.59,4.560641166595151,0.99,16011774.0,18809712.0,4617.8906,99.05,29.85,2013,649.75,9.99,0.92,-0.27
2013-07-13,batang,巴塘,Batang,0.98,15.3,20.01,11.04,5.724067165397824,1.16,19668284.0,23110348.0,4692.922000000001,99.05,29.85,2013,649.04,10.1,1.11,-0.22
2013-07-14,batang,巴塘,Batang,0.74,15.42,20.43,10.92,5.989403679692968,1.23,20112412.0,23637156.0,4720.9844,99.05,29.85,2013,649.37,8.81,1.14,-0.4
2013-07-15,batang,巴塘,Batang,0.32,16.05,20.71,11.14,5.484022611567244,0.95,17256270.0,20284282.0,4678.1875,99.05,29.85,2013,649.78,7.1,0.9,-0.22
2013-07-16,batang,巴塘,Batang,0.26,16.39,21.45,11.46,6.6433414547199945,1.4,21183506.0,24894970.0,4598.9375,99.05,29.85,2013,648.41,7.53,1.38,-0.16
2013-07-17,batang,巴塘,Batang,17.55,15.13,19.88,9.97,5.2605882831193895,0.88,17646548.0,20733554.0,4488.7188,99.05,29.85,2013,647.2,9.03,0.73,-0.08
2013-07-18,batang,巴塘,Batang,22.53,13.08,18.4,10.21,3.9956631569543513,0.47,14367872.0,16878594.0,4466.8594,99.05,29.85,2013,647.31,10.12,0.4,-0.09
2013-07-19,batang,巴塘,Batang,6.58,12.42,15.79,10.21,2.6005189286019688,0.74,9057138.0,10637802.0,4617.1562,99.05,29.85,2013,648.96,8.36,0.68,-0.19
2013-07-20,batang,巴塘,Batang,5.87,12.85,17.83,9.38,4.139769506140399,0.81,15335810.0,18005874.0,4744.1875,99.05,29.85,2013,648.76,10.05,0.77,-0.16
2013-07-21,batang,巴塘,Batang,15.8,12.82,17.41,9.27,3.7857366608620966,0.94,13907578.0,16325492.0,4724.922000000001,99.05,29.85,2013,648.33,9.6,0.51,0.04
2013-07-22,batang,巴塘,Batang,2.84,13.59,18.93,8.67,5.771423558419661,0.61,20581666.0,24153212.0,4685.672000000001,99.05,29.85,2013,649.74,8.85,0.14,0.01
2013-07-23,batang,巴塘,Batang,1.43,13.24,17.88,8.88,5.122002395274414,1.25,18818490.0,22078170.0,4595.9844,99.05,29.85,2013,649.42,8.73,1.2,-0.29
2013-07-24,batang,巴塘,Batang,1.7,13.53,18.78,9.63,4.748450071039297,1.1,17202520.0,20179292.0,4399.047000000001,99.05,29.85,2013,648.23,9.4,1.04,-0.25
2013-07-25,batang,巴塘,Batang,1.98,14.07,18.8,9.56,4.972869717739751,1.2,17375788.0,20378180.0,4187.5156,99.05,29.85,2013,647.22,8.67,1.14,-0.29
2013-07-26,batang,巴塘,Batang,4.82,13.54,18.19,9.53,5.014019485893394,1.1,18457834.0,21640588.0,4090.5469,99.05,29.85,2013,648.84,9.9,1.04,-0.23
2013-07-27,batang,巴塘,Batang,1.59,14.2,19.57,9.34,5.730428886084683,1.07,20114412.0,23577556.0,4147.9375,99.05,29.85,2013,649.79,8.39,1.02,-0.2
2013-07-28,batang,巴塘,Batang,9.45,14.45,19.89,9.87,5.86275088780384,0.94,20565498.0,24100710.0,4243.547000000001,99.05,29.85,2013,650.61,9.1,0.66,0.07
2013-07-29,batang,巴塘,Batang,2.92,12.05,15.46,8.65,3.3506686673088057,0.83,12123028.0,14204960.0,4276.297000000001,99.05,29.85,2013,651.92,7.78,-0.59,0.19
2013-07-30,batang,巴塘,Batang,6.63,12.53,17.42,8.17,5.660531834549367,0.65,21114646.0,24732054.0,4230.047000000001,99.05,29.85,2013,650.59,9.03,0.5,-0.13
2013-07-31,batang,巴塘,Batang,7.56,10.72,16.09,5.72,3.8225089806492143,0.4,14758954.0,17285616.0,4087.3125,99.05,29.85,2013,650.1,8.65,-0.12,0.0
2013-08-01,batang,巴塘,Batang,0.6,13.65,19.17,6.47,6.457397838576419,0.83,22250228.0,26049722.0,3922.1719,99.05,29.85,2013,650.33,3.94,-0.31,-0.13
2013-08-02,batang,巴塘,Batang,5.72,12.34,18.22,7.74,5.691915700942402,0.52,21032036.0,24618136.0,3755.7031,99.05,29.85,2013,652.51,8.08,0.25,-0.14
2013-08-03,batang,巴塘,Batang,2.25,12.24,17.39,6.46,5.5178410553568105,0.41,20358286.0,23824900.0,3580.4219,99.05,29.85,2013,652.62,8.41,0.07,-0.11
2013-08-04,batang,巴塘,Batang,1.59,12.8,18.53,7.4,5.867607249719859,0.53,21392844.0,25029384.0,3427.8125,99.05,29.85,2013,651.37,8.16,0.22,-0.14
2013-08-05,batang,巴塘,Batang,1.99,12.81,18.15,8.58,5.145699322292817,0.96,19333018.0,22612940.0,3266.125,99.05,29.85,2013,650.65,9.28,0.91,-0.1
2013-08-06,batang,巴塘,Batang,0.95,13.23,18.12,8.59,4.7956343428298025,1.23,17027340.0,19912406.0,3108.9375,99.05,29.85,2013,649.42,7.47,1.19,-0.16
2013-08-07,batang,巴塘,Batang,16.12,11.86,17.35,8.35,4.2934301666875365,0.72,16239144.0,18985890.0,2994.1406,99.05,29.85,2013,650.95,8.56,0.39,0.16
2013-08-08,batang,巴塘,Batang,2.98,10.89,15.12,6.85,3.7859346291072735,0.56,14449858.0,16887502.0,2988.5469,99.05,29.85,2013,652.4,7.3,0.53,-0.05
2013-08-09,batang,巴塘,Batang,6.56,11.87,16.71,7.65,5.096915550596983,0.76,19470808.0,22752650.0,3003.4844,99.05,29.85,2013,651.54,8.41,0.71,-0.1
2013-08-10,batang,巴塘,Batang,6.96,11.66,16.84,8.4,4.559670991476588,0.63,17411390.0,20342136.0,2960.2031,99.05,29.85,2013,651.46,8.74,0.56,-0.19
2013-08-11,batang,巴塘,Batang,10.51,9.18,13.85,3.45,2.243437665749433,0.52,8991706.0,10501496.0,2871.2344,99.05,29.85,2013,652.57,7.08,-0.2,0.26
2013-08-12,batang,巴塘,Batang,0.57,12.67,18.02,4.23,6.241501315057808,0.71,22359274.0,26110164.0,2798.875,99.05,29.85,2013,651.94,4.22,-0.46,-0.02
2013-08-13,batang,巴塘,Batang,0.24,14.28,19.8,7.76,6.957911051256449,0.59,23798362.0,27783620.0,2709.5469,99.05,29.85,2013,650.96,4.24,0.27,-0.18
2013-08-14,batang,巴塘,Batang,1.67,12.94,19.81,6.18,5.9474186643751645,0.57,21515278.0,25113012.0,2589.8594,99.05,29.85,2013,651.11,7.25,0.25,-0.29
2013-08-15,batang,巴塘,Batang,3.2,13.28,20.49,7.57,6.076619936647519,0.37,21854292.0,25502836.0,2457.8906,99.05,29.85,2013,650.92,9.19,0.23,-0.13
2013-08-16,batang,巴塘,Batang,2.66,13.56,20.12,8.7,5.989806346717549,0.57,21461094.0,25029984.0,2328.4688,99.05,29.85,2013,650.21,8.55,0.43,-0.24
2013-08-17,batang,巴塘,Batang,1.4,13.47,19.48,7.31,5.577449734251894,0.68,19809440.0,23091282.0,2206.125,99.05,29.85,2013,650.84,7.37,0.58,-0.23
2013-08-18,batang,巴塘,Batang,0.9,13.79,19.83,7.99,6.385774957201227,0.72,22473532.0,26183148.0,2090.0,99.05,29.85,2013,651.27,6.42,0.61,-0.32
2013-08-19,batang,巴塘,Batang,0.5,14.47,20.17,8.75,6.833944052856142,0.75,23575214.0,27452142.0,1977.6562,99.05,29.85,2013,650.81,6.18,0.67,-0.31
2013-08-20,batang,巴塘,Batang,4.51,11.6,16.84,7.92,4.824503447154557,0.75,18596156.0,21643850.0,1870.4844,99.05,29.85,2013,651.15,8.19,0.63,-0.21
2013-08-21,batang,巴塘,Batang,1.23,13.04,18.19,8.2,5.45311989622135,0.77,19589400.0,22788160.0,1780.5938,99.05,29.85,2013,650.8,6.72,0.6,-0.4
2013-08-22,batang,巴塘,Batang,4.21,13.1,18.93,7.55,5.602290943329927,0.56,20366284.0,23679456.0,1709.875,99.05,29.85,2013,651.01,8.42,0.37,-0.28
2013-08-23,batang,巴塘,Batang,4.82,13.2,18.95,8.85,5.500579734018384,0.46,20072416.0,23325646.0,1656.5469,99.05,29.85,2013,651.68,9.89,0.27,-0.21
2013-08-24,batang,巴塘,Batang,10.17,13.16,18.78,9.09,5.138714242783823,0.41,18685608.0,21702606.0,1625.625,99.05,29.85,2013,651.26,9.87,0.03,-0.05
2013-08-25,batang,巴塘,Batang,11.4,13.18,18.76,8.34,4.884739882777613,0.58,17791118.0,20652420.0,1663.8281,99.05,29.85,2013,650.59,9.31,0.2,0.1
2013-08-26,batang,巴塘,Batang,4.28,12.9,17.94,9.21,4.7803058665716085,1.0,17952712.0,20828384.0,1681.5,99.05,29.85,2013,650.36,9.24,0.87,-0.4
2013-08-27,batang,巴塘,Batang,2.21,13.39,18.81,9.61,4.828128598099585,1.02,17636914.0,20452094.0,1657.7969,99.05,29.85,2013,650.43,8.96,0.92,-0.19
2013-08-28,batang,巴塘,Batang,8.37,12.47,18.47,8.13,4.457095615528191,0.64,16651366.0,19299460.0,1628.0938,99.05,29.85,2013,651.1,9.08,0.34,0.14
2013-08-29,batang,巴塘,Batang,5.57,12.57,16.97,8.89,4.221726428271188,0.8,16031932.0,18569390.0,1644.2344,99.05,29.85,2013,650.85,9.91,0.74,-0.2
2013-08-30,batang,巴塘,Batang,10.12,11.58,16.0,9.09,3.048740169301469,0.86,11959278.0,13846698.0,1705.8906,99.05,29.85,2013,650.86,9.67,0.79,-0.28
2013-08-31,batang,巴塘,Batang,2.54,12.17,17.07,9.39,3.316161111059179,1.13,12432914.0,14385772.0,1790.375,99.05,29.85,2013,650.88,8.73,1.06,-0.34
2013-09-01,batang,巴塘,Batang,17.89,12.25,17.34,9.47,3.4458448805622948,0.94,13149250.0,15208620.0,1876.4844,99.05,29.85,2013,650.76,9.57,0.82,-0.25
2013-09-02,batang,巴塘,Batang,13.65,12.45,17.99,9.39,4.019255463998813,0.73,15284498.0,17669622.0,2009.9219,99.05,29.85,2013,650.2,9.96,0.67,-0.22
2013-09-03,batang,巴塘,Batang,14.99,10.79,13.44,8.78,2.046946113714635,0.69,8102488.0,9364082.0,2227.1875,99.05,29.85,2013,649.15,9.41,0.55,-0.24
2013-09-04,batang,巴塘,Batang,17.93,11.57,16.29,9.11,3.444247820326162,1.07,13529894.0,15624212.0,2520.375,99.05,29.85,2013,647.83,8.88,1.0,-0.05
2013-09-05,batang,巴塘,Batang,17.72,9.38,12.08,7.48,1.2648372994963226,0.7,5293392.0,6110482.0,2822.1406,99.05,29.85,2013,649.43,8.72,0.46,-0.18
2013-09-06,batang,巴塘,Batang,1.83,9.4,13.13,7.27,2.0956233758327354,1.65,8074422.0,9315336.0,3100.2656,99.05,29.85,2013,650.74,6.09,1.6,-0.36
2013-09-07,batang,巴塘,Batang,2.63,10.81,15.81,6.76,4.2292088728951045,1.41,16773030.0,19339182.0,3245.6562,99.05,29.85,2013,650.78,6.22,1.35,-0.3
2013-09-08,batang,巴塘,Batang,9.13,9.99,16.28,6.07,4.615870381269427,1.09,18978380.0,21905790.0,3274.0625,99.05,29.85,2013,652.46,5.91,0.44,0.19
2013-09-09,batang,巴塘,Batang,9.24,8.14,12.79,5.05,2.8945347129199663,0.69,12450826.0,14380630.0,3317.7031,99.05,29.85,2013,653.18,6.11,-0.05,0.31
2013-09-10,batang,巴塘,Batang,14.28,8.27,13.62,3.95,3.510726912983054,0.57,14979536.0,17260404.0,3286.8281,99.05,29.85,2013,652.33,6.02,0.12,0.24
2013-09-11,batang,巴塘,Batang,5.7,6.87,11.86,2.91,2.681289412345728,0.67,11837246.0,13716540.0,3161.4375,99.05,29.85,2013,654.12,4.47,-0.55,0.19
2013-09-12,batang,巴塘,Batang,0.73,8.71,13.86,2.43,4.925529336226528,0.8,20049182.0,23124878.0,2994.7031,99.05,29.85,2013,656.18,1.44,-0.77,0.09
2013-09-13,batang,巴塘,Batang,0.11,10.74,16.37,2.61,6.106319815990603,0.39,23070376.0,26537728.0,2811.2969,99.05,29.85,2013,654.9,-0.59,-0.17,-0.05
2013-09-14,batang,巴塘,Batang,0.57,11.64,16.39,4.59,5.948971238303455,1.14,21617672.0,24837958.0,2602.4844,99.05,29.85,2013,652.04,0.77,1.08,-0.21
2013-09-15,batang,巴塘,Batang,0.72,11.2,15.41,6.2,4.999768473375219,1.27,18796266.0,21581154.0,2410.8125,99.05,29.85,2013,650.05,3.67,1.22,-0.18
2013-09-16,batang,巴塘,Batang,0.84,11.32,15.98,7.02,4.445555649891252,1.17,16634254.0,19081408.0,2271.8438,99.05,29.85,2013,650.14,4.75,1.11,-0.14
2013-09-17,batang,巴塘,Batang,0.32,11.56,16.4,7.2,3.6559105655560566,1.04,13067034.0,14977776.0,2151.2812,99.05,29.85,2013,651.03,4.8,1.01,-0.17
2013-09-18,batang,巴塘,Batang,0.46,12.48,17.61,7.41,4.651330298028909,0.87,16990106.0,19456568.0,2029.2031,99.05,29.85,2013,652.26,6.19,0.83,-0.06
2013-09-19,batang,巴塘,Batang,2.3,12.06,17.37,7.88,4.219224133102362,0.86,16007606.0,18317844.0,1914.9531,99.05,29.85,2013,652.36,7.78,0.81,-0.14
2013-09-20,batang,巴塘,Batang,6.56,11.95,17.47,8.67,4.297207909521582,0.74,16387112.0,18736490.0,1828.8438,99.05,29.85,2013,652.4,7.88,0.63,-0.09
2013-09-21,batang,巴塘,Batang,0.94,13.1,17.08,8.66,4.704165147292271,1.08,17135658.0,19574296.0,1786.6406,99.05,29.85,2013,650.88,7.44,1.04,-0.21
2013-09-22,batang,巴塘,Batang,3.0,12.43,17.46,8.67,4.4234726416499415,0.79,16320402.0,18626902.0,1774.0781,99.05,29.85,2013,650.47,6.84,0.49,-0.0
2013-09-23,batang,巴塘,Batang,7.09,10.75,15.72,7.21,3.217500451993228,0.45,12677650.0,14458972.0,1786.8438,99.05,29.85,2013,651.68,8.35,0.29,-0.15
2013-09-24,batang,巴塘,Batang,5.52,10.56,15.7,7.58,3.809060573400216,0.87,15674487.0,17861516.0,1827.8281,99.05,29.85,2013,651.92,8.14,0.8,-0.22
2013-09-25,batang,巴塘,Batang,3.09,10.91,16.46,7.13,4.222164300167612,1.22,16939458.0,19285762.0,1881.2188,99.05,29.85,2013,651.86,6.67,1.17,-0.16
2013-09-26,batang,巴塘,Batang,10.26,10.22,15.98,4.93,3.8145772870919057,1.36,15841899.0,18021708.0,1958.4844,99.05,29.85,2013,651.44,6.56,0.69,0.21
2013-09-27,batang,巴塘,Batang,0.13,8.88,14.43,2.64,4.870855771857293,1.16,18784318.0,21363032.0,2089.2344,99.05,29.85,2013,654.62,-2.83,-1.07,-0.0
2013-09-28,batang,巴塘,Batang,0.0,9.84,15.63,2.52,5.582623795529977,0.6,21724858.0,24681042.0,2167.9062,99.05,29.85,2013,653.74,-1.48,-0.05,-0.27
2013-09-29,batang,巴塘,Batang,0.96,9.1,14.13,5.38,3.867448213766432,1.59,15742973.0,17866994.0,2137.6406,99.05,29.85,2013,651.71,3.14,1.56,-0.32
2013-09-30,batang,巴塘,Batang,1.08,9.74,13.72,5.07,3.511285297940639,1.02,13404865.0,15199186.0,2050.2969,99.05,29.85,2013,652.27,2.86,1.0,-0.15
2013-10-01,batang,巴塘,Batang,7.12,8.45,13.84,5.37,3.318948978768553,0.63,14215551.0,16114876.0,1977.1875,99.05,29.85,2013,654.66,5.65,0.52,-0.23
2013-10-02,batang,巴塘,Batang,6.89,8.5,14.56,4.99,3.699284262551643,1.06,15982018.0,18097846.0,1997.7344,99.05,29.85,2013,654.3,4.53,0.53,0.04
2013-10-03,batang,巴塘,Batang,7.27,8.41,14.23,4.32,3.746946730251656,0.98,16026918.0,18442684.0,2062.6719,99.05,29.85,2013,652.27,4.69,0.59,0.13
2013-10-04,batang,巴塘,Batang,20.06,6.39,12.91,1.74,2.9545564544027463,0.83,13563315.0,15703999.0,2136.7656,99.05,29.85,2013,651.27,4.1,0.18,0.23
2013-10-05,batang,巴塘,Batang,1.38,3.64,9.64,-0.38,3.071317716610485,0.98,11097281.0,17971616.0,2175.875,99.05,29.85,2013,653.96,0.27,-0.94,0.24
2013-10-06,batang,巴塘,Batang,6.97,3.89,8.85,-0.14,2.1685121250620534,0.83,8952226.0,12241073.0,2105.7812,99.05,29.85,2013,656.8,1.14,-0.77,0.28
2013-10-07,batang,巴塘,Batang,4.32,1.93,3.96,-0.76,1.6318701512692264,0.92,5446920.5,10351654.0,1998.625,99.05,29.85,2013,658.53,0.54,-0.8,0.36
2013-10-08,batang,巴塘,Batang,0.12,1.29,8.31,-5.51,3.093451644111454,0.88,11766835.0,19154576.0,1880.7656,99.05,29.85,2013,658.61,-3.99,-0.8,0.32
2013-10-09,batang,巴塘,Batang,0.0,2.81,10.28,-5.49,4.039966142525491,0.58,16954028.0,23304000.0,1757.2188,99.05,29.85,2013,658.01,-3.29,-0.52,0.25
2013-10-10,batang,巴塘,Batang,0.0,6.55,14.27,-2.05,4.638534115193677,0.4,18598348.0,23004182.0,1637.0156,99.05,29.85,2013,658.03,-1.3,-0.33,0.1
2013-10-11,batang,巴塘,Batang,0.0,8.06,14.31,-0.02,4.829894047460085,0.53,19326662.0,22577476.0,1528.5469,99.05,29.85,2013,655.72,-1.72,0.46,0.02
2013-10-12,batang,巴塘,Batang,0.04,8.32,14.47,1.69,4.673392644465856,0.67,19086542.0,21754952.0,1440.6406,99.05,29.85,2013,652.91,-0.37,0.6,0.01
2013-10-13,batang,巴塘,Batang,0.18,8.69,14.4,2.05,4.5173023928887766,0.76,18449522.0,20812192.0,1377.25,99.05,29.85,2013,652.35,0.63,0.7,-0.0
2013-10-14,batang,巴塘,Batang,0.72,9.94,14.59,2.93,4.027782844722818,1.07,15652870.0,17579424.0,1333.5781,99.05,29.85,2013,652.3,2.62,1.03,-0.13
2013-10-15,batang,巴塘,Batang,1.36,9.6,14.67,5.04,3.537295484172306,1.53,14053864.0,15747800.0,1318.0078,99.05,29.85,2013,650.63,3.79,1.48,-0.0
2013-10-16,batang,巴塘,Batang,5.51,8.39,13.88,4.5,3.412385153555503,0.82,14717536.0,16481954.0,1349.75,99.05,29.85,2013,651.54,4.54,0.74,-0.04
2013-10-17,batang,巴塘,Batang,1.38,8.64,13.7,3.73,3.7133827069248926,1.27,14966662.0,16888604.0,1440.2422,99.05,29.85,2013,651.92,1.8,1.23,0.0
2013-10-18,batang,巴塘,Batang,0.53,8.11,12.81,3.62,3.395352549339841,1.42,13411156.0,15053340.0,1522.9766,99.05,29.85,2013,652.19,0.54,1.38,-0.08
2013-10-19,batang,巴塘,Batang,0.65,7.85,13.32,3.41,3.54060706657318,1.63,14339422.0,16069524.0,1551.3672,99.05,29.85,2013,651.54,0.45,1.56,0.1
2013-10-20,batang,巴塘,Batang,0.54,7.96,13.35,2.99,3.90782072473277,1.65,14975410.0,16779352.0,1532.5547,99.05,29.85,2013,649.58,-2.21,1.54,0.29
2013-10-21,batang,巴塘,Batang,4.08,5.75,10.99,1.27,3.15759304235582,1.09,14196336.0,15964784.0,1502.1406,99.05,29.85,2013,649.82,-0.36,1.05,0.15
2013-10-22,batang,巴塘,Batang,10.49,2.59,7.91,-0.06,2.003295093444935,0.79,9914234.0,12027520.0,1499.9062,99.05,29.85,2013,653.4,0.42,-0.56,0.43
2013-10-23,batang,巴塘,Batang,2.66,-2.13,2.94,-9.81,2.0063459940184267,0.98,7935444.0,14644364.0,1490.4531,99.05,29.85,2013,655.97,-5.56,-0.9,0.31
2013-10-24,batang,巴塘,Batang,0.02,-4.21,2.45,-11.84,2.594963653371744,0.58,11742128.0,19966056.0,1430.6094,99.05,29.85,2013,654.75,-10.1,-0.54,-0.04
2013-10-25,batang,巴塘,Batang,1.81,0.73,7.27,-7.02,3.2409392438770133,0.39,12979162.0,20023552.0,1345.9062,99.05,29.85,2013,651.52,-4.17,0.34,-0.01
2013-10-26,batang,巴塘,Batang,2.84,0.54,7.02,-6.05,2.6879693561687894,0.58,11773130.0,17138240.0,1259.5469,99.05,29.85,2013,651.4,-2.85,0.22,0.05
2013-10-27,batang,巴塘,Batang,0.59,0.27,5.79,-5.75,2.5994143617722973,0.6,11558638.0,16790580.0,1179.0938,99.05,29.85,2013,649.71,-3.03,0.26,-0.08
2013-10-28,batang,巴塘,Batang,2.1,1.75,7.15,-1.35,2.4563871561353405,1.25,11625594.0,15762748.0,1105.4922,99.05,29.85,2013,647.87,-1.26,1.22,-0.14
2013-10-29,batang,巴塘,Batang,8.02,0.6,4.8,-4.74,2.1781759280354875,0.89,10599706.0,14506588.0,1043.5156,99.05,29.85,2013,649.28,-1.48,0.85,0.01
2013-10-30,batang,巴塘,Batang,0.81,-2.29,2.69,-7.99,2.1041930754615548,0.68,8327154.0,15560320.0,992.41406,99.05,29.85,2013,651.26,-4.38,0.49,-0.35
2013-10-31,batang,巴塘,Batang,7.22,-1.87,3.86,-5.94,2.402698480988162,0.45,10119688.0,16982296.0,944.0469,99.05,29.85,2013,651.61,-3.98,0.08,-0.18
2013-11-01,batang,巴塘,Batang,0.74,-1.57,2.68,-5.49,2.3814091421561008,0.87,7265870.0,16902004.0,901.58594,99.05,29.85,2013,650.81,-5.33,0.82,-0.21
2013-11-02,batang,巴塘,Batang,0.8,-1.53,3.58,-6.51,2.372123359553225,0.91,8044086.0,16688788.0,863.2656,99.05,29.85,2013,650.77,-5.73,0.84,-0.22
2013-11-03,batang,巴塘,Batang,0.69,-2.36,3.91,-8.68,2.23644462431386,0.78,8632100.0,16210184.0,830.0,99.05,29.85,2013,652.43,-6.31,0.66,-0.24
2013-11-04,batang,巴塘,Batang,1.1,-1.86,5.23,-10.94,2.3089031085630767,0.81,9317862.0,15808100.0,803.2031,99.05,29.85,2013,653.22,-7.73,0.69,0.04
2013-11-05,batang,巴塘,Batang,1.02,-5.84,3.22,-16.33,2.2105163804805814,0.46,10004554.0,18379344.0,783.4844,99.05,29.85,2013,655.96,-10.18,-0.25,-0.3
2013-11-06,batang,巴塘,Batang,0.01,-4.37,3.7,-17.05,2.4019782498824664,0.52,11284664.0,18578388.0,769.4297,99.05,29.85,2013,654.78,-9.53,-0.03,-0.3
2013-11-07,batang,巴塘,Batang,0.0,-0.68,6.1,-9.42,2.8736250870219755,0.82,12314878.0,18726324.0,759.0469,99.05,29.85,2013,651.72,-7.79,0.79,-0.12
2013-11-08,batang,巴塘,Batang,0.0,0.13,6.69,-7.13,2.925760080752557,0.97,13029700.0,18165784.0,750.9453,99.05,29.85,2013,651.29,-7.92,0.94,0.01
2013-11-09,batang,巴塘,Batang,0.0,0.42,7.99,-6.1,3.0173969933381897,0.97,13826630.0,17958448.0,744.28906,99.05,29.85,2013,652.8,-9.76,0.95,-0.17
2013-11-10,batang,巴塘,Batang,0.0,1.49,9.02,-6.46,3.243672014197297,0.9,14716314.0,18181560.0,738.02344,99.05,29.85,2013,652.26,-10.48,0.84,-0.21
2013-11-11,batang,巴塘,Batang,0.0,1.65,8.49,-4.8,3.29645364139986,0.86,15117052.0,18071344.0,731.85156,99.05,29.85,2013,650.46,-12.14,0.81,0.06
2013-11-12,batang,巴塘,Batang,0.0,1.8,8.41,-4.65,3.341705581564073,1.07,15446680.0,18085640.0,725.8672,99.05,29.85,2013,649.87,-11.63,1.05,0.04
2013-11-13,batang,巴塘,Batang,0.0,1.21,7.68,-4.32,3.1905084882565684,0.91,15508336.0,17898704.0,720.09375,99.05,29.85,2013,649.47,-11.52,0.88,0.06
2013-11-14,batang,巴塘,Batang,0.0,1.54,8.0,-4.79,3.0916430846266745,1.09,14748918.0,16852852.0,714.5,99.05,29.85,2013,650.33,-10.68,1.04,0.16
2013-11-15,batang,巴塘,Batang,0.0,1.97,8.32,-3.55,3.048243033688008,0.89,14409002.0,16342168.0,709.03125,99.05,29.85,2013,651.76,-10.53,0.78,0.23
2013-11-16,batang,巴塘,Batang,0.01,2.11,8.13,-2.97,2.8664456353780285,0.4,13934890.0,15716016.0,703.78906,99.05,29.85,2013,653.23,-10.47,-0.16,0.18
2013-11-17,batang,巴塘,Batang,0.09,2.41,8.77,-3.09,3.0651968840895707,0.61,14693422.0,16497424.0,698.5781,99.05,29.85,2013,652.67,-9.83,-0.29,0.22
2013-11-18,batang,巴塘,Batang,2.07,1.49,7.58,-3.42,2.769301983242223,0.58,14085296.0,15779764.0,693.4922,99.05,29.85,2013,651.99,-7.71,-0.45,0.11
2013-11-19,batang,巴塘,Batang,5.11,-1.8,4.89,-7.89,1.9739382675225448,0.44,10629756.0,13491528.0,688.53906,99.05,29.85,2013,651.32,-5.49,-0.39,-0.0
2013-11-20,batang,巴塘,Batang,0.07,-1.53,4.4,-7.55,2.299662482630541,0.69,10406588.0,14662184.0,683.7969,99.05,29.85,2013,648.85,-10.7,0.36,-0.16
2013-11-21,batang,巴塘,Batang,0.27,-0.33,5.6,-5.16,2.477373807899345,0.9,10848324.0,14611960.0,678.72656,99.05,29.85,2013,648.37,-10.83,0.79,0.08
2013-11-22,batang,巴塘,Batang,0.06,-0.05,6.08,-5.46,2.5522794411003846,1.17,12064826.0,15624096.0,673.8906,99.05,29.85,2013,648.42,-7.87,1.14,-0.18
2013-11-23,batang,巴塘,Batang,2.16,-1.13,6.55,-7.26,2.22145390093021,1.32,10910078.0,13664344.0,668.97656,99.05,29.85,2013,649.77,-9.46,0.15,0.37
2013-11-24,batang,巴塘,Batang,0.0,-2.61,2.87,-8.54,2.5133562129288087,0.45,12851008.0,16843528.0,664.3125,99.05,29.85,2013,650.9,-14.71,0.11,-0.05
2013-11-25,batang,巴塘,Batang,0.65,-0.6,6.77,-6.33,2.5081400045564712,0.54,12357692.0,15710756.0,659.3906,99.05,29.85,2013,648.89,-8.81,0.4,-0.08
2013-11-26,batang,巴塘,Batang,0.95,0.13,7.23,-6.22,2.294195417815309,0.79,11242856.0,13859340.0,654.5547,99.05,29.85,2013,647.88,-7.03,0.62,-0.07
2013-11-27,batang,巴塘,Batang,2.59,-0.49,5.97,-5.86,1.895901969423859,0.37,9607072.0,11996628.0,650.02344,99.05,29.85,2013,650.96,-5.13,0.03,-0.13
2013-11-28,batang,巴塘,Batang,0.05,1.06,7.49,-6.65,2.430470825287471,0.83,11295760.0,14182400.0,645.8672,99.05,29.85,2013,651.11,-6.05,0.76,-0.18
2013-11-29,batang,巴塘,Batang,7.43,0.58,6.51,-4.74,1.8097381697214825,0.83,9003196.0,10967688.0,641.375,99.05,29.85,2013,649.78,-3.89,0.42,-0.14
2013-11-30,batang,巴塘,Batang,0.6,-2.16,2.59,-9.15,2.2465408764247305,0.87,8240776.0,14950264.0,639.1172,99.05,29.85,2013,653.13,-10.2,-0.85,0.14
2013-12-01,batang,巴塘,Batang,0.0,-4.52,1.15,-10.45,2.2443468999374963,0.4,10308994.0,16524896.0,634.3281,99.05,29.85,2013,653.68,-15.29,-0.35,-0.14
2013-12-02,batang,巴塘,Batang,0.0,-3.36,2.93,-9.39,2.325778031347701,0.47,10435382.0,16008340.0,628.60156,99.05,29.85,2013,652.63,-15.52,-0.41,-0.19
2013-12-03,batang,巴塘,Batang,0.0,-2.52,4.16,-9.75,2.441634809050253,0.7,11050098.0,16210820.0,623.2578,99.05,29.85,2013,651.85,-13.45,0.5,-0.35
2013-12-04,batang,巴塘,Batang,0.16,-1.12,5.63,-7.69,2.317234618832996,0.73,10488446.0,14618544.0,618.1328,99.05,29.85,2013,649.4,-9.58,0.63,-0.01
2013-12-05,batang,巴塘,Batang,1.79,-1.14,5.77,-8.44,2.330183305575668,0.39,11180636.0,14834856.0,613.3047,99.05,29.85,2013,649.49,-9.76,-0.27,-0.09
2013-12-06,batang,巴塘,Batang,0.08,-2.45,3.78,-8.82,2.2076683831850907,0.48,10827328.0,14734056.0,608.8125,99.05,29.85,2013,649.77,-11.83,-0.38,-0.07
2013-12-07,batang,巴塘,Batang,0.04,-2.05,3.83,-9.55,2.316458836431581,0.91,11799530.0,15518420.0,604.0625,99.05,29.85,2013,648.38,-9.73,0.87,-0.18
2013-12-08,batang,巴塘,Batang,0.36,-1.71,6.25,-9.34,2.3543290620294206,0.61,11563580.0,14817524.0,599.3594,99.05,29.85,2013,648.91,-13.52,0.09,0.03
2013-12-09,batang,巴塘,Batang,0.39,-1.1,5.36,-9.87,2.1891290647271866,1.19,10819970.0,13561864.0,594.65625,99.05,29.85,2013,646.08,-9.11,1.14,-0.02
2013-12-10,batang,巴塘,Batang,3.28,-1.71,3.32,-6.18,1.9772973380345693,0.96,10276218.0,12814440.0,590.1953,99.05,29.85,2013,645.39,-8.55,0.95,-0.09
2013-12-11,batang,巴塘,Batang,1.96,-3.37,2.3,-8.04,1.915559131762916,0.81,9274342.0,13574828.0,586.4375,99.05,29.85,2013,644.81,-10.05,0.75,-0.14
2013-12-12,batang,巴塘,Batang,4.71,-4.26,0.11,-8.18,1.5919835841969057,0.45,7231856.0,12069552.0,582.1406,99.05,29.85,2013,645.67,-7.99,0.17,-0.32
2013-12-13,batang,巴塘,Batang,1.47,-6.74,-1.73,-13.02,1.4240196867092785,0.93,5516960.0,12330068.0,577.875,99.05,29.85,2013,645.59,-11.27,0.83,-0.38
2013-12-14,batang,巴塘,Batang,4.39,-8.31,-3.48,-13.36,1.2067310157506317,1.07,5329306.0,11334832.0,573.125,99.05,29.85,2013,647.33,-12.65,-0.21,0.22
2013-12-15,batang,巴塘,Batang,0.52,-11.14,-8.83,-15.17,1.1584999312868332,1.3,4035430.0,11563488.0,568.2969,99.05,29.85,2013,651.02,-19.07,-1.27,0.2
2013-12-16,batang,巴塘,Batang,0.0,-17.0,-10.88,-24.42,1.0581494145965018,0.73,5687840.0,15948328.0,563.7344,99.05,29.85,2013,650.88,-25.45,-0.63,-0.3
2013-12-17,batang,巴塘,Batang,0.01,-15.79,-8.95,-26.15,1.1717436686933742,0.45,5819986.0,15906712.0,559.2969,99.05,29.85,2013,648.25,-26.49,-0.31,-0.3
2013-12-18,batang,巴塘,Batang,0.01,-12.2,-5.09,-20.58,1.4384249605759498,0.55,5954970.0,15831220.0,554.90625,99.05,29.85,2013,646.04,-22.13,0.07,-0.38
2013-12-19,batang,巴塘,Batang,0.02,-11.61,-4.97,-20.26,1.3652267537361369,0.88,6050996.0,15429764.0,550.5625,99.05,29.85,2013,644.55,-17.4,0.75,-0.32
2013-12-20,batang,巴塘,Batang,0.23,-11.77,-5.21,-21.11,1.1988326553114468,0.9,5744452.0,14182580.0,546.2031,99.05,29.85,2013,645.7,-15.45,0.75,-0.32
2013-12-21,batang,巴塘,Batang,0.32,-10.3,-3.72,-16.71,1.2429853833786866,0.89,5537184.0,13403472.0,541.8594,99.05,29.85,2013,647.16,-14.05,0.75,-0.34
2013-12-22,batang,巴塘,Batang,0.45,-7.86,-2.4,-12.02,1.358016917147132,0.9,5416506.0,12861228.0,537.59375,99.05,29.85,2013,646.56,-11.35,0.82,-0.21
2013-12-23,batang,巴塘,Batang,0.22,-8.53,-2.14,-17.28,1.31572533231737,0.82,5510302.0,12981288.0,533.375,99.05,29.85,2013,647.84,-11.59,0.74,-0.25
2013-12-24,batang,巴塘,Batang,0.06,-9.64,-1.72,-18.43,1.318704873837452,0.84,6051504.0,13850716.0,529.15625,99.05,29.85,2013,649.0,-12.92,0.74,-0.29
2013-12-25,batang,巴塘,Batang,0.09,-9.42,-1.7,-20.1,1.302796670457039,0.84,6163930.0,13614660.0,524.9531,99.05,29.85,2013,648.59,-12.36,0.78,-0.26
2013-12-26,batang,巴塘,Batang,0.19,-7.36,-1.49,-14.6,1.3897164868303435,1.07,6096690.0,13129360.0,520.7656,99.05,29.85,2013,646.87,-10.59,1.04,-0.2
2013-12-27,batang,巴塘,Batang,0.28,-4.85,0.29,-9.26,1.4736899442797455,1.22,5903722.0,12319160.0,516.7344,99.05,29.85,2013,646.44,-8.0,1.2,-0.13
2013-12-28,batang,巴塘,Batang,0.33,-3.86,1.27,-8.28,1.6079904754277947,1.37,6503824.0,12729584.0,512.8906,99.05,29.85,2013,644.88,-7.52,1.36,-0.01
2013-12-29,batang,巴塘,Batang,0.18,-5.24,1.15,-12.99,1.6843883915763278,0.94,7401418.0,13640956.0,509.14062,99.05,29.85,2013,646.52,-9.99,0.86,0.09
2013-12-30,batang,巴塘,Batang,0.26,-7.07,0.77,-15.9,1.4231564158650594,0.78,7150176.0,12516660.0,505.125,99.05,29.85,2013,649.87,-11.43,0.62,-0.15
2013-12-31,batang,巴塘,Batang,0.08,-9.64,-1.12,-19.26,1.37402205513124,0.69,8293412.0,14063160.0,500.84375,99.05,29.85,2013,651.12,-13.51,0.46,-0.33
2014-01-01,batang,巴塘,Batang,0.04,-8.97,-0.49,-19.58,1.4279346310697576,0.91,8549546.0,14161348.0,496.71875,99.05,29.85,2014,647.8,-13.47,0.78,-0.32
2014-01-02,batang,巴塘,Batang,0.05,-8.78,0.12,-19.04,1.4595829845376758,0.8,8811548.0,14216968.0,492.65625,99.05,29.85,2014,647.85,-13.3,0.61,-0.34
2014-01-03,batang,巴塘,Batang,0.25,-9.35,0.25,-20.68,1.3771145283069055,0.6,8580288.0,13476612.0,488.67188,99.05,29.85,2014,649.89,-14.27,0.17,-0.29
2014-01-04,batang,巴塘,Batang,0.03,-8.18,-0.98,-20.8,1.6222391565308945,0.91,9803280.0,15129820.0,484.70312,99.05,29.85,2014,646.89,-13.99,0.72,-0.36
2014-01-05,batang,巴塘,Batang,0.1,-6.21,1.1,-13.25,1.7517831725346364,1.22,10001456.0,14997376.0,480.78125,99.05,29.85,2014,643.24,-11.79,1.17,-0.22
2014-01-06,batang,巴塘,Batang,0.3,-6.77,-0.05,-13.27,1.6253319441627745,1.13,9337538.0,13698744.0,476.875,99.05,29.85,2014,642.55,-13.4,1.07,0.05
2014-01-07,batang,巴塘,Batang,0.31,-7.87,-0.7,-16.66,1.6415847303656843,1.12,9838198.0,14456392.0,472.98438,99.05,29.85,2014,644.83,-15.67,0.91,0.19
2014-01-08,batang,巴塘,Batang,0.18,-8.04,-0.55,-18.01,1.5038946694163895,1.06,9927064.0,14229056.0,469.10938,99.05,29.85,2014,646.79,-12.83,0.98,-0.27
2014-01-09,batang,巴塘,Batang,0.17,-6.96,-0.37,-12.71,1.602578521147788,1.16,10063912.0,14239524.0,465.28125,99.05,29.85,2014,646.38,-12.17,1.07,-0.37
2014-01-10,batang,巴塘,Batang,0.69,-5.95,0.15,-10.59,1.5763847826098858,1.31,9440746.0,13203724.0,461.48438,99.05,29.85,2014,646.51,-11.12,1.26,-0.21
2014-01-11,batang,巴塘,Batang,0.58,-5.68,0.09,-10.28,1.7202343840666394,1.35,9693084.0,13880004.0,457.70312,99.05,29.85,2014,647.11,-12.05,1.31,0.03
2014-01-12,batang,巴塘,Batang,3.91,-8.18,-3.64,-19.14,1.0042307044845078,0.6,5635236.0,8898868.0,454.0,99.05,29.85,2014,649.21,-12.67,-0.4,0.19
2014-01-13,batang,巴塘,Batang,0.02,-13.68,-5.89,-23.28,1.3236435012048329,0.64,9106754.0,16448204.0,450.35938,99.05,29.85,2014,651.32,-20.87,0.41,-0.41
2014-01-14,batang,巴塘,Batang,0.0,-11.59,-4.38,-19.87,1.5180476077003404,0.79,9751536.0,16559652.0,446.73438,99.05,29.85,2014,648.98,-20.03,0.67,-0.33
2014-01-15,batang,巴塘,Batang,0.07,-9.75,-2.3,-18.92,1.6441218594936966,0.9,10479252.0,17075968.0,443.07812,99.05,29.85,2014,648.48,-15.16,0.79,-0.37
2014-01-16,batang,巴塘,Batang,2.59,-7.8,-0.91,-17.04,1.5304347970243064,0.67,8847808.0,14134968.0,439.4375,99.05,29.85,2014,650.4,-11.84,0.34,-0.32
2014-01-17,batang,巴塘,Batang,0.08,-9.81,-1.45,-18.11,1.5605942387008005,0.63,8877320.0,16092092.0,435.84375,99.05,29.85,2014,653.57,-14.09,0.28,-0.46
2014-01-18,batang,巴塘,Batang,0.0,-9.01,-1.78,-17.92,1.7221867224603695,0.9,9974264.0,17276784.0,432.29688,99.05,29.85,2014,653.02,-14.16,0.75,-0.42
2014-01-19,batang,巴塘,Batang,1.59,-8.16,-0.97,-15.96,1.6547561394575503,0.97,9283018.0,15726884.0,428.75,99.05,29.85,2014,650.17,-13.4,0.67,-0.18
2014-01-20,batang,巴塘,Batang,0.07,-10.58,-4.17,-18.98,1.4967263102031276,0.89,8478798.0,15743456.0,425.20312,99.05,29.85,2014,654.28,-17.3,-0.79,-0.12
2014-01-21,batang,巴塘,Batang,0.0,-11.32,-2.84,-21.12,1.7158151510914643,0.48,10346386.0,18139008.0,421.65625,99.05,29.85,2014,654.25,-21.77,-0.05,-0.4
2014-01-22,batang,巴塘,Batang,0.0,-8.34,0.41,-18.54,2.026347487108916,0.49,10695812.0,18036556.0,418.14062,99.05,29.85,2014,652.55,-20.4,0.12,-0.4
2014-01-23,batang,巴塘,Batang,0.0,-6.25,1.54,-15.74,2.223023197416238,0.84,11066532.0,17987656.0,414.64062,99.05,29.85,2014,648.96,-16.74,0.74,-0.35
2014-01-24,batang,巴塘,Batang,0.03,-5.17,2.86,-13.3,2.1596533186765696,0.88,11414370.0,17670628.0,411.23438,99.05,29.85,2014,649.02,-10.65,0.74,-0.46
2014-01-25,batang,巴塘,Batang,1.65,-2.97,3.54,-11.14,1.916189084446386,1.14,9445516.0,13990936.0,407.96875,99.05,29.85,2014,648.1,-7.96,1.1,-0.17
2014-01-26,batang,巴塘,Batang,1.2,-3.14,4.04,-10.99,2.3550262824463046,0.98,10381330.0,16871176.0,405.70312,99.05,29.85,2014,649.54,-10.65,0.86,-0.24
2014-01-27,batang,巴塘,Batang,1.07,-3.34,2.56,-10.83,2.009009612599399,1.04,9760122.0,15076904.0,402.875,99.05,29.85,2014,648.25,-8.2,0.91,-0.4
2014-01-28,batang,巴塘,Batang,3.38,-4.15,2.27,-14.41,1.9541592328444533,0.8,9420970.0,14918740.0,399.04688,99.05,29.85,2014,649.74,-9.41,0.16,-0.02
2014-01-29,batang,巴塘,Batang,0.06,-8.79,-1.13,-16.04,1.913720148549796,0.71,10506766.0,18115036.0,395.28125,99.05,29.85,2014,653.21,-16.77,-0.19,-0.63
2014-01-30,batang,巴塘,Batang,0.0,-5.77,1.42,-15.5,2.3619747883064903,0.95,11260670.0,18933960.0,391.53125,99.05,29.85,2014,650.69,-15.77,0.77,-0.47
2014-01-31,batang,巴塘,Batang,0.0,-6.33,2.04,-15.36,2.2441358208399125,0.78,11607530.0,18905304.0,387.9375,99.05,29.85,2014,651.19,-14.02,0.52,-0.53
2014-02-01,batang,巴塘,Batang,0.0,-6.14,2.04,-16.59,2.341868007293236,0.61,12180884.0,19199940.0,384.4375,99.05,29.85,2014,651.68,-15.09,-0.05,-0.55
2014-02-02,batang,巴塘,Batang,0.0,-3.83,4.24,-12.37,2.6912173515476794,0.56,12774948.0,19391012.0,380.96875,99.05,29.85,2014,650.28,-15.3,-0.03,-0.45
2014-02-03,batang,巴塘,Batang,0.0,-2.12,5.01,-11.46,2.9706222678996004,0.81,13561428.0,19507736.0,377.59375,99.05,29.85,2014,646.84,-15.39,0.5,-0.4
2014-02-04,batang,巴塘,Batang,0.24,-1.51,5.88,-8.41,2.839045747187688,1.44,14245770.0,19486896.0,374.28125,99.05,29.85,2014,642.66,-9.22,1.38,-0.27
2014-02-05,batang,巴塘,Batang,0.64,-1.28,4.55,-5.28,2.447413394229916,1.55,12273222.0,16523000.0,371.78125,99.05,29.85,2014,642.22,-7.86,1.48,-0.14
2014-02-06,batang,巴塘,Batang,0.88,-1.61,4.45,-8.5,2.448608399829648,1.29,12197694.0,16304244.0,370.4375,99.05,29.85,2014,643.0,-9.15,1.14,0.24
2014-02-07,batang,巴塘,Batang,0.73,-2.88,3.35,-10.11,2.379422009535112,1.36,13222250.0,17361480.0,369.125,99.05,29.85,2014,642.23,-9.56,1.28,-0.26
2014-02-08,batang,巴塘,Batang,0.87,-1.57,4.07,-6.01,2.4267499231813963,1.57,12548074.0,16571144.0,366.71875,99.05,29.85,2014,639.49,-8.27,1.5,0.18
2014-02-09,batang,巴塘,Batang,1.14,-1.6,4.39,-5.88,2.358274510201744,1.69,12404786.0,16476504.0,364.1875,99.05,29.85,2014,639.64,-7.58,1.66,0.09
2014-02-10,batang,巴塘,Batang,1.33,-2.4,3.5,-6.48,2.269964386596424,1.69,12009680.0,16349000.0,361.90625,99.05,29.85,2014,640.37,-8.58,1.67,0.04
2014-02-11,batang,巴塘,Batang,0.56,-3.76,2.92,-9.3,2.2459069098202984,1.98,12012240.0,16693556.0,360.0625,99.05,29.85,2014,638.38,-11.58,1.94,0.31
2014-02-12,batang,巴塘,Batang,0.14,-3.69,2.66,-9.56,2.500216943526488,1.5,13408232.0,18143804.0,357.96875,99.05,29.85,2014,640.74,-13.22,1.28,0.38
2014-02-13,batang,巴塘,Batang,0.5,-4.17,2.86,-10.08,2.3262711569348684,1.39,13207832.0,17705368.0,354.96875,99.05,29.85,2014,644.11,-12.05,1.32,-0.12
2014-02-14,batang,巴塘,Batang,0.27,-3.51,3.57,-9.55,2.420661078631231,1.68,14380026.0,18985920.0,350.9375,99.05,29.85,2014,643.16,-9.68,1.65,-0.14
2014-02-15,batang,巴塘,Batang,0.65,-1.45,5.52,-6.09,2.4638128490489257,1.79,13438424.0,17453616.0,346.34375,99.05,29.85,2014,641.31,-7.25,1.72,0.09
2014-02-16,batang,巴塘,Batang,3.4,-1.06,4.29,-4.74,2.408998724648607,1.66,13327420.0,17437860.0,342.6875,99.05,29.85,2014,640.79,-5.39,1.61,-0.18
2014-02-17,batang,巴塘,Batang,8.97,-3.53,1.6,-8.18,1.7299057489543808,1.46,8637064.0,13762656.0,341.375,99.05,29.85,2014,643.06,-7.1,0.67,0.2
2014-02-18,batang,巴塘,Batang,0.0,-8.67,-3.85,-18.19,2.364600288562349,1.01,8722184.0,21383948.0,341.34375,99.05,29.85,2014,649.83,-25.14,-0.76,0.56
2014-02-19,batang,巴塘,Batang,0.0,-12.09,-5.19,-20.61,2.024806995156163,0.75,9868760.0,22828356.0,339.5,99.05,29.85,2014,649.6,-25.12,0.57,-0.38
2014-02-20,batang,巴塘,Batang,0.04,-9.91,-3.89,-16.72,2.1678476500004225,0.94,10112046.0,22308080.0,336.09375,99.05,29.85,2014,647.63,-19.45,0.83,-0.35
2014-02-21,batang,巴塘,Batang,0.06,-9.34,-1.83,-19.28,2.090036191971432,0.96,10438070.0,21979348.0,331.71875,99.05,29.85,2014,648.84,-14.58,0.86,-0.33
2014-02-22,batang,巴塘,Batang,0.19,-8.04,-1.61,-19.02,2.1614282847438844,1.0,10738740.0,21514456.0,326.96875,99.05,29.85,2014,649.76,-12.45,0.91,-0.33
2014-02-23,batang,巴塘,Batang,0.56,-2.2,3.04,-10.31,2.5588968974474025,1.3,10366982.0,19365562.0,322.5,99.05,29.85,2014,648.24,-6.51,1.29,-0.09
2014-02-24,batang,巴塘,Batang,1.46,-3.52,3.16,-15.67,2.42481388091863,0.79,10542116.0,18405828.0,319.125,99.05,29.85,2014,649.59,-8.61,0.56,0.13
2014-02-25,batang,巴塘,Batang,0.01,-7.47,0.38,-16.5,2.366317122587464,0.83,13033864.0,22033644.0,316.28125,99.05,29.85,2014,651.32,-13.36,0.66,-0.41
2014-02-26,batang,巴塘,Batang,0.26,-3.29,3.02,-13.51,2.8850832520264613,1.25,14286906.0,22703140.0,314.375,99.05,29.85,2014,648.02,-8.96,1.19,-0.33
2014-02-27,batang,巴塘,Batang,0.5,-0.74,4.17,-5.0,2.8813561225787776,1.52,13050332.0,19747934.0,312.71875,99.05,29.85,2014,646.74,-7.08,1.45,0.19
2014-02-28,batang,巴塘,Batang,0.36,-0.49,4.85,-5.14,3.0147721915562444,1.55,14300798.0,20572204.0,310.84375,99.05,29.85,2014,646.55,-6.9,1.48,0.3
2014-03-01,batang,巴塘,Batang,0.16,-0.64,5.25,-5.41,3.1224942665539466,1.56,15779932.0,21559996.0,309.15625,99.05,29.85,2014,645.93,-7.22,1.5,0.31
2014-03-02,batang,巴塘,Batang,0.22,-0.65,5.16,-7.09,3.0769465005060805,1.59,15637974.0,20562748.0,309.125,99.05,29.85,2014,645.09,-8.47,1.4,0.38
2014-03-03,batang,巴塘,Batang,0.5,-1.1,5.59,-7.77,3.1867994538101563,1.44,16638464.0,21409156.0,311.3125,99.05,29.85,2014,646.88,-10.01,1.18,0.47
2014-03-04,batang,巴塘,Batang,0.29,-0.98,5.83,-8.29,3.295082560682272,1.22,17138112.0,21680748.0,313.625,99.05,29.85,2014,649.18,-10.79,1.11,0.16
2014-03-05,batang,巴塘,Batang,0.53,-2.04,4.63,-7.62,2.726761631091158,1.5,15793027.0,19676552.0,313.53125,99.05,29.85,2014,646.31,-8.7,1.42,0.13
2014-03-06,batang,巴塘,Batang,0.91,-1.93,4.53,-7.62,2.95366571364586,1.73,16387603.0,20852048.0,311.5,99.05,29.85,2014,645.86,-10.33,1.59,0.35
2014-03-07,batang,巴塘,Batang,0.08,-1.9,4.65,-8.18,3.3396240107170776,1.46,18196074.0,22924800.0,308.4375,99.05,29.85,2014,647.26,-12.89,1.28,0.4
2014-03-08,batang,巴塘,Batang,1.15,-3.35,3.66,-11.76,2.9902017343525777,1.1,17679828.0,22173256.0,304.5,99.05,29.85,2014,648.98,-12.41,0.94,0.0
2014-03-09,batang,巴塘,Batang,0.68,-2.95,4.27,-11.99,2.9647481072826407,0.94,17044048.0,21398166.0,299.8125,99.05,29.85,2014,649.66,-11.77,0.82,-0.11
2014-03-10,batang,巴塘,Batang,0.52,-1.88,5.15,-11.43,3.0946303508467405,1.16,17108324.0,21395884.0,294.5625,99.05,29.85,2014,649.48,-10.75,1.06,-0.17
2014-03-11,batang,巴塘,Batang,0.32,-0.96,5.54,-8.2,3.2376188633709653,1.02,16868060.0,20858468.0,289.375,99.05,29.85,2014,648.63,-11.69,0.9,0.12
2014-03-12,batang,巴塘,Batang,0.38,-0.77,5.42,-9.49,3.5516136434424337,1.13,19326926.0,23538280.0,284.71875,99.05,29.85,2014,648.42,-10.16,1.06,-0.24
2014-03-13,batang,巴塘,Batang,3.19,0.7,6.48,-4.82,3.3266709078658194,1.15,17024320.0,20848620.0,280.5,99.05,29.85,2014,648.99,-6.78,1.06,0.21
2014-03-14,batang,巴塘,Batang,0.95,0.44,5.66,-4.36,3.1576078362223963,0.93,15055321.0,19633962.0,278.6875,99.05,29.85,2014,650.28,-7.31,0.89,-0.14
2014-03-15,batang,巴塘,Batang,0.8,-1.34,5.84,-9.84,3.4811060504811646,0.87,18499642.0,23428476.0,276.9375,99.05,29.85,2014,653.27,-10.76,-0.52,-0.2
2014-03-16,batang,巴塘,Batang,0.03,-0.2,7.63,-10.29,4.048860270799339,0.76,20561042.0,25373296.0,273.40625,99.05,29.85,2014,653.44,-13.63,0.44,-0.56
2014-03-17,batang,巴塘,Batang,0.01,1.74,8.78,-8.89,4.418220905491175,1.03,21620224.0,25884944.0,269.84375,99.05,29.85,2014,651.39,-10.63,0.96,-0.26
2014-03-18,batang,巴塘,Batang,0.21,2.33,9.07,-4.41,4.1132540543451,0.72,19890132.0,23303894.0,267.125,99.05,29.85,2014,650.63,-9.07,0.6,-0.2
2014-03-19,batang,巴塘,Batang,0.37,2.81,8.75,-3.96,4.012174749463329,1.36,19379424.0,22416406.0,265.4375,99.05,29.85,2014,648.31,-7.74,1.32,0.05
2014-03-20,batang,巴塘,Batang,1.58,1.3,7.28,-4.01,3.54995543480676,1.57,19008756.0,22252018.0,267.0625,99.05,29.85,2014,647.7,-6.13,1.54,-0.06
2014-03-21,batang,巴塘,Batang,0.73,0.45,5.61,-4.83,3.7102050635310007,1.28,19457970.0,22996328.0,272.9375,99.05,29.85,2014,646.5,-10.04,1.25,0.0
2014-03-22,batang,巴塘,Batang,0.37,0.46,5.2,-4.51,3.635938697282026,1.08,18829784.0,22244692.0,280.875,99.05,29.85,2014,646.71,-10.4,1.06,-0.14
2014-03-23,batang,巴塘,Batang,1.43,1.5,6.46,-4.42,4.077755566068294,0.81,20408504.0,24018142.0,290.03125,99.05,29.85,2014,648.14,-9.7,0.78,0.03
2014-03-24,batang,巴塘,Batang,2.66,0.75,5.99,-4.23,3.986466366716791,0.42,20641542.0,24676988.0,299.34375,99.05,29.85,2014,648.2,-5.49,-0.22,-0.01
2014-03-25,batang,巴塘,Batang,0.22,0.75,6.42,-4.37,4.04565039676361,0.56,19941722.0,24592612.0,304.3125,99.05,29.85,2014,648.58,-9.86,-0.0,-0.09
2014-03-26,batang,巴塘,Batang,1.74,2.15,9.22,-4.19,4.300717763638286,0.93,21425792.0,25347674.0,302.4375,99.05,29.85,2014,647.69,-7.03,0.66,0.22
2014-03-27,batang,巴塘,Batang,2.96,1.09,8.31,-4.61,3.5692463590851724,0.76,18768766.0,22312998.0,296.65625,99.05,29.85,2014,648.12,-4.55,0.36,0.02
2014-03-28,batang,巴塘,Batang,1.18,2.57,9.03,-4.47,4.017692531735483,0.52,18769712.0,22981376.0,289.09375,99.05,29.85,2014,648.7,-5.31,0.33,0.01
2014-03-29,batang,巴塘,Batang,8.17,1.22,8.1,-5.29,3.300745747077128,0.58,16175638.0,20519042.0,280.90625,99.05,29.85,2014,647.55,-2.76,0.42,-0.02
2014-03-30,batang,巴塘,Batang,5.6,1.55,7.23,-2.36,3.018668175284536,0.73,12503200.0,18786684.0,276.0625,99.05,29.85,2014,647.0,-1.98,0.52,-0.02
2014-03-31,batang,巴塘,Batang,12.0,-0.59,1.51,-4.01,1.6607427067176523,0.65,4849948.0,11440080.0,276.0,99.05,29.85,2014,646.19,-1.85,0.57,0.12
2014-04-01,batang,巴塘,Batang,1.49,-1.67,3.65,-8.8,3.387112495527038,0.8,7135996.0,24572146.0,283.96875,99.05,29.85,2014,645.81,-5.57,0.74,0.2
2014-04-02,batang,巴塘,Batang,0.23,-2.44,2.84,-8.46,3.1454014337320286,0.61,7963220.0,22865312.0,289.71875,99.05,29.85,2014,647.88,-7.03,0.55,0.15
2014-04-03,batang,巴塘,Batang,0.33,-1.46,4.37,-8.18,3.363333884167958,0.76,11057502.0,23792496.0,288.25,99.05,29.85,2014,649.51,-6.15,0.72,-0.07
2014-04-04,batang,巴塘,Batang,1.13,0.09,5.14,-6.68,3.4848764387670537,0.79,13309174.0,22611092.0,283.34375,99.05,29.85,2014,648.8,-6.17,0.75,0.05
2014-04-05,batang,巴塘,Batang,0.98,-2.65,3.98,-11.48,3.7442482588522448,0.96,17531522.0,27858216.0,277.625,99.05,29.85,2014,650.73,-10.37,-0.77,0.18
2014-04-06,batang,巴塘,Batang,0.04,-0.41,7.0,-11.33,4.284603588970266,0.36,19696464.0,27387780.0,271.34375,99.05,29.85,2014,650.72,-10.04,-0.16,-0.22
2014-04-07,batang,巴塘,Batang,0.17,3.4,10.39,-4.61,4.967123776776305,0.44,22008174.0,27614152.0,264.1875,99.05,29.85,2014,649.56,-5.5,0.31,-0.18
2014-04-08,batang,巴塘,Batang,0.22,5.1,11.37,-3.05,4.719729192054578,1.04,21231436.0,25208024.0,258.25,99.05,29.85,2014,648.71,-3.01,1.03,-0.13
2014-04-09,batang,巴塘,Batang,0.76,5.8,12.28,-0.18,4.523042331902619,1.0,20625436.0,23950754.0,256.78125,99.05,29.85,2014,649.23,-0.39,0.97,-0.07
2014-04-10,batang,巴塘,Batang,1.08,6.63,13.78,0.14,4.997543052061988,1.75,21083700.0,24344550.0,264.09375,99.05,29.85,2014,648.88,-4.44,1.65,0.33
2014-04-11,batang,巴塘,Batang,0.1,6.07,12.29,-0.8,5.378472442064233,1.5,22657680.0,26047646.0,282.90625,99.05,29.85,2014,649.14,-8.9,1.24,0.66
2014-04-12,batang,巴塘,Batang,1.53,5.63,11.0,-0.09,5.1261241310722685,1.14,22312846.0,25617652.0,310.1875,99.05,29.85,2014,650.26,-7.66,1.11,0.13
2014-04-13,batang,巴塘,Batang,0.0,6.33,12.66,0.19,5.822524131225804,1.73,24387498.0,27970800.0,339.625,99.05,29.85,2014,650.96,-10.06,1.53,0.61
2014-04-14,batang,巴塘,Batang,0.11,6.22,12.37,-0.1,5.407383060146958,1.6,22426450.0,25716398.0,364.15625,99.05,29.85,2014,650.32,-9.63,1.41,0.55
2014-04-15,batang,巴塘,Batang,1.82,5.77,11.75,0.12,5.15270743815634,1.55,22171092.0,25457372.0,383.28125,99.05,29.85,2014,649.72,-7.69,1.32,0.61
2014-04-16,batang,巴塘,Batang,0.08,6.3,12.43,0.6,5.369827270934518,1.35,22991212.0,26400688.0,397.71875,99.05,29.85,2014,648.53,-6.58,1.33,0.09
2014-04-17,batang,巴塘,Batang,0.56,5.92,11.92,0.37,4.8672482575270966,1.69,21794360.0,25042382.0,409.625,99.05,29.85,2014,648.69,-3.66,1.66,0.17
2014-04-18,batang,巴塘,Batang,0.78,6.35,13.15,-0.24,5.008380283674018,1.29,21946200.0,25238694.0,421.75,99.05,29.85,2014,651.13,-3.32,1.22,0.19
2014-04-19,batang,巴塘,Batang,0.13,8.6,15.26,0.92,6.2140257726504124,1.65,24780020.0,28477204.0,436.875,99.05,29.85,2014,649.89,-4.6,1.6,0.22
2014-04-20,batang,巴塘,Batang,0.12,9.07,16.4,2.6,5.727450159990766,1.86,22332116.0,25671550.0,465.59375,99.05,29.85,2014,648.39,-2.56,1.71,0.55
2014-04-21,batang,巴塘,Batang,0.63,8.19,13.83,2.1,5.302007219548401,1.33,20800524.0,23928448.0,518.34375,99.05,29.85,2014,650.41,-4.68,1.0,0.56
2014-04-22,batang,巴塘,Batang,1.65,7.91,13.86,1.64,5.287903119162051,1.34,21396462.0,24619246.0,591.46875,99.05,29.85,2014,650.37,-3.47,1.16,0.47
2014-04-23,batang,巴塘,Batang,0.53,8.5,15.46,2.33,5.779746016930336,1.82,23063604.0,26548742.0,681.625,99.05,29.85,2014,648.15,-3.39,1.37,0.75
2014-04-24,batang,巴塘,Batang,1.19,7.1,13.29,1.04,5.325330074834169,1.71,22069430.0,25482342.0,780.25,99.05,29.85,2014,647.53,-4.8,1.58,0.44
2014-04-25,batang,巴塘,Batang,1.64,5.74,12.16,0.05,4.57968603328154,1.3,20568826.0,23738306.0,854.875,99.05,29.85,2014,649.08,-2.73,1.24,0.21
2014-04-26,batang,巴塘,Batang,1.32,6.94,12.61,1.0,5.447896346695509,0.74,22722870.0,26366674.0,905.53125,99.05,29.85,2014,650.89,-5.34,0.35,0.29
2014-04-27,batang,巴塘,Batang,1.02,7.6,15.12,1.82,5.390860087885928,1.1,22684016.0,26208450.0,926.78125,99.05,29.85,2014,650.33,-1.65,1.0,0.23
2014-04-28,batang,巴塘,Batang,7.35,5.9,12.39,0.19,4.284103879691832,1.17,19514036.0,22608714.0,909.09375,99.05,29.85,2014,649.56,-0.32,0.61,0.39
2014-04-29,batang,巴塘,Batang,1.63,3.59,8.95,-2.51,4.451175612311909,1.21,19324174.0,25572240.0,881.8125,99.05,29.85,2014,651.76,-3.91,-1.16,0.28
2014-04-30,batang,巴塘,Batang,0.19,5.79,12.05,-1.38,6.04804527753219,0.78,25146670.0,30543712.0,843.03125,99.05,29.85,2014,651.38,-9.06,-0.55,-0.09
2014-05-01,batang,巴塘,Batang,1.09,7.25,15.73,-0.41,5.7898219529512405,0.49,24018752.0,28131184.0,787.78125,99.05,29.85,2014,651.08,-3.07,0.05,0.08
2014-05-02,batang,巴塘,Batang,4.83,6.18,12.2,1.37,4.374430792483337,0.91,20151776.0,23387034.0,733.9375,99.05,29.85,2014,650.55,2.12,0.86,-0.19
2014-05-03,batang,巴塘,Batang,2.1,7.09,12.94,0.92,4.699968547674669,0.8,19946774.0,23241716.0,704.40625,99.05,29.85,2014,648.98,-0.26,0.75,0.2
2014-05-04,batang,巴塘,Batang,13.17,4.17,10.44,-0.49,3.274389351509932,0.54,15285270.0,18403624.0,708.0,99.05,29.85,2014,650.04,1.76,-0.33,0.2
2014-05-05,batang,巴塘,Batang,1.74,4.27,10.55,-0.99,4.633274537958812,0.6,17508990.0,26143984.0,743.1875,99.05,29.85,2014,651.49,0.87,-0.12,0.05
2014-05-06,batang,巴塘,Batang,11.29,5.63,13.16,1.12,4.381195387474837,0.66,18592226.0,23482446.0,773.125,99.05,29.85,2014,650.3,1.78,0.17,0.04
2014-05-07,batang,巴塘,Batang,6.14,4.55,9.79,1.3,3.375882826796453,0.76,12875666.0,19155514.0,775.53125,99.05,29.85,2014,648.44,2.1,0.68,-0.24
2014-05-08,batang,巴塘,Batang,4.17,4.86,8.37,1.46,3.2749987849203888,0.77,12879944.0,18340070.0,771.5,99.05,29.85,2014,645.96,2.36,0.71,-0.04
2014-05-09,batang,巴塘,Batang,7.71,6.3,12.09,1.98,4.211216411632488,1.05,18054356.0,22865682.0,782.46875,99.05,29.85,2014,644.68,2.88,0.88,-0.01
2014-05-10,batang,巴塘,Batang,8.9,3.42,6.55,0.76,1.846368356596336,0.5,7792094.0,10751960.0,811.5,99.05,29.85,2014,648.71,2.61,0.1,0.05
2014-05-11,batang,巴塘,Batang,5.29,4.18,7.36,1.4,2.1501213679715,0.73,8276134.0,12189738.0,840.9375,99.05,29.85,2014,649.16,2.25,0.69,-0.2
2014-05-12,batang,巴塘,Batang,1.42,7.49,13.54,1.13,4.665995508658956,1.24,17897190.0,23255996.0,851.3125,99.05,29.85,2014,648.63,0.82,1.16,0.41
2014-05-13,batang,巴塘,Batang,0.95,7.57,12.36,2.06,3.8121965630482832,1.2,15725316.0,18939972.0,847.6875,99.05,29.85,2014,648.51,2.4,1.18,0.21
2014-05-14,batang,巴塘,Batang,1.01,9.61,15.01,4.33,4.716171006804356,1.72,18594280.0,21848518.0,837.75,99.05,29.85,2014,646.68,2.85,1.68,0.28
2014-05-15,batang,巴塘,Batang,0.33,9.49,15.73,3.36,6.075740576300372,1.96,23662516.0,27596156.0,839.59375,99.05,29.85,2014,645.95,-1.37,1.85,0.48
2014-05-16,batang,巴塘,Batang,1.53,8.85,13.94,2.93,4.696853109372409,1.41,18616716.0,21684536.0,876.21875,99.05,29.85,2014,647.95,0.83,1.33,0.15
2014-05-17,batang,巴塘,Batang,0.42,9.91,15.14,4.4,5.3784775810461545,0.96,20907642.0,24334688.0,935.71875,99.05,29.85,2014,649.89,1.91,0.89,0.08
2014-05-18,batang,巴塘,Batang,1.45,11.16,17.46,3.42,6.537908993233192,1.21,24518302.0,28534204.0,989.40625,99.05,29.85,2014,650.14,1.2,0.61,0.35
2014-05-19,batang,巴塘,Batang,1.06,11.44,17.82,5.33,6.257330749634253,0.96,23463700.0,27308788.0,1071.4688,99.05,29.85,2014,650.46,3.11,0.78,0.0
2014-05-20,batang,巴塘,Batang,0.24,12.31,18.04,5.53,6.177300967444585,1.37,22240550.0,25887856.0,1185.7812,99.05,29.85,2014,647.92,3.03,1.33,0.17
2014-05-21,batang,巴塘,Batang,0.25,12.02,17.47,6.62,5.913622157077593,1.41,22046388.0,25664272.0,1314.75,99.05,29.85,2014,647.0,4.65,1.38,-0.13
2014-05-22,batang,巴塘,Batang,0.52,12.37,18.31,6.25,5.4742832107453445,1.65,19144504.0,22289744.0,1478.1562,99.05,29.85,2014,646.64,3.3,1.61,0.16
2014-05-23,batang,巴塘,Batang,0.03,13.37,19.71,6.26,6.567538743565002,1.37,21863782.0,25459480.0,1703.9062,99.05,29.85,2014,649.09,0.23,1.26,0.37
2014-05-24,batang,巴塘,Batang,0.02,13.81,20.72,6.4,7.290275354743298,1.56,24163322.0,28140500.0,1935.5938,99.05,29.85,2014,650.95,-0.05,1.5,0.22
2014-05-25,batang,巴塘,Batang,0.08,13.75,19.77,7.17,6.517544502185693,1.53,21756718.0,25341088.0,2120.3125,99.05,29.85,2014,651.7,2.32,1.45,0.07
2014-05-26,batang,巴塘,Batang,0.68,13.73,19.9,7.9,6.257675158718919,1.28,21427586.0,24960404.0,2231.7812,99.05,29.85,2014,651.6,4.16,1.22,-0.02
2014-05-27,batang,巴塘,Batang,0.7,13.54,19.9,8.18,5.427509834896678,1.57,18347376.0,21374844.0,2288.6875,99.05,29.85,2014,649.7,4.94,1.54,-0.04
2014-05-28,batang,巴塘,Batang,0.94,13.89,20.18,8.09,5.914733597238553,1.55,20157516.0,23487772.0,2336.2812,99.05,29.85,2014,649.02,5.26,1.52,0.01
2014-05-29,batang,巴塘,Batang,0.45,13.4,19.86,7.38,5.723541497165709,1.66,19551352.0,22783644.0,2423.4062,99.05,29.85,2014,648.45,4.52,1.63,-0.07
2014-05-30,batang,巴塘,Batang,0.52,14.06,20.97,7.09,7.030686398777273,1.46,23045614.0,26859796.0,2566.4375,99.05,29.85,2014,648.49,0.58,1.3,0.38
2014-05-31,batang,巴塘,Batang,1.54,12.54,16.88,7.68,6.361062750725912,0.62,22683086.0,26439648.0,2666.875,99.05,29.85,2014,650.52,2.5,-0.28,0.0
2014-06-01,batang,巴塘,Batang,0.54,14.12,19.79,7.35,6.9718736610121255,1.08,23849454.0,27803300.0,2661.3125,99.05,29.85,2014,650.52,3.85,1.0,-0.28
2014-06-02,batang,巴塘,Batang,0.01,15.98,22.29,8.59,8.018500247047845,1.18,25658634.0,29916324.0,2568.3438,99.05,29.85,2014,649.06,2.43,1.15,-0.02
2014-06-03,batang,巴塘,Batang,0.06,16.38,22.77,9.2,8.032377592458731,1.31,25445566.0,29671388.0,2447.0938,99.05,29.85,2014,648.13,3.41,1.27,-0.13
2014-06-04,batang,巴塘,Batang,0.26,16.43,23.04,9.85,7.730723464058991,1.42,24535250.0,28613500.0,2353.375,99.05,29.85,2014,647.83,4.72,1.39,-0.06
2014-06-05,batang,巴塘,Batang,1.87,15.98,22.14,9.5,6.7381271414944885,1.17,21393564.0,24952892.0,2328.4375,99.05,29.85,2014,647.62,4.86,1.11,-0.08
2014-06-06,batang,巴塘,Batang,3.63,12.85,18.72,9.24,4.326376148822511,0.65,15620732.0,18224420.0,2381.625,99.05,29.85,2014,648.99,8.37,-0.02,-0.22
2014-06-07,batang,巴塘,Batang,6.29,13.25,19.1,9.04,5.320825564611809,1.07,19552872.0,22811452.0,2493.3438,99.05,29.85,2014,647.56,8.63,0.98,-0.24
2014-06-08,batang,巴塘,Batang,6.56,13.29,19.2,9.32,5.4886607866150525,1.17,20335336.0,23727856.0,2626.3438,99.05,29.85,2014,646.55,8.79,1.09,-0.25
2014-06-09,batang,巴塘,Batang,4.82,14.01,20.66,9.82,5.972244418895885,1.02,21174256.0,24709512.0,2773.625,99.05,29.85,2014,646.64,7.98,0.96,-0.06
2014-06-10,batang,巴塘,Batang,3.28,14.03,19.74,9.72,6.165070417267122,1.14,21881970.0,25539124.0,2934.2188,99.05,29.85,2014,647.42,7.7,1.03,-0.24
2014-06-11,batang,巴塘,Batang,1.04,14.01,20.19,9.47,5.331302626898268,1.53,18529334.0,21628244.0,3112.2188,99.05,29.85,2014,646.95,7.49,1.48,-0.19
2014-06-12,batang,巴塘,Batang,1.32,14.27,19.98,9.21,6.175216218253063,1.84,21720286.0,25356120.0,3236.7188,99.05,29.85,2014,645.96,7.27,1.81,-0.17
2014-06-13,batang,巴塘,Batang,0.76,14.17,20.1,9.55,6.287673393413013,1.8,21844066.0,25504764.0,3326.125,99.05,29.85,2014,646.15,6.36,1.74,-0.14
2014-06-14,batang,巴塘,Batang,1.1,14.09,19.95,9.53,5.775898137737727,1.76,19947994.0,23293444.0,3424.8125,99.05,29.85,2014,647.51,6.74,1.73,-0.19
2014-06-15,batang,巴塘,Batang,14.85,12.94,19.33,7.3,5.156225986795373,1.31,19077374.0,22280080.0,3530.1875,99.05,29.85,2014,648.79,7.99,0.21,0.28
2014-06-16,batang,巴塘,Batang,3.23,9.02,11.61,6.19,2.807597585208452,0.89,10757442.0,12565496.0,3618.1562,99.05,29.85,2014,651.57,3.88,-0.38,0.24
2014-06-17,batang,巴塘,Batang,2.0,11.6,16.24,6.02,6.0656860565983886,0.54,22245664.0,25992284.0,3605.75,99.05,29.85,2014,649.73,2.66,0.43,-0.08
2014-06-18,batang,巴塘,Batang,0.28,13.87,19.89,7.31,6.117238736526524,1.41,20524362.0,23985612.0,3468.4062,99.05,29.85,2014,647.06,3.97,1.36,-0.16
2014-06-19,batang,巴塘,Batang,0.99,14.91,20.43,8.88,6.4015642273856965,1.21,21533526.0,25170156.0,3294.5312,99.05,29.85,2014,645.99,6.54,1.18,-0.08
2014-06-20,batang,巴塘,Batang,8.17,14.06,19.93,10.15,5.201781347345147,1.29,18364754.0,21471756.0,3208.5625,99.05,29.85,2014,646.51,8.62,0.89,-0.03
2014-06-21,batang,巴塘,Batang,3.05,13.64,19.53,9.5,4.798071843798011,1.42,17177342.0,20088244.0,3294.1875,99.05,29.85,2014,647.89,8.63,1.36,-0.34
2014-06-22,batang,巴塘,Batang,9.2,13.32,19.25,9.46,4.514694913323027,1.16,16515684.0,19317848.0,3487.2188,99.05,29.85,2014,648.15,9.35,1.1,-0.15
2014-06-23,batang,巴塘,Batang,1.43,14.98,20.32,10.5,5.5172354689087495,1.41,18660446.0,21831504.0,3695.2812,99.05,29.85,2014,646.38,8.47,1.38,-0.17
2014-06-24,batang,巴塘,Batang,0.73,15.37,21.17,10.31,5.614755623348337,1.59,18264062.0,21372364.0,3876.5,99.05,29.85,2014,645.62,7.66,1.57,-0.06
2014-06-25,batang,巴塘,Batang,0.95,16.24,22.46,11.03,6.544623603162568,1.36,21044346.0,24630592.0,4001.2812,99.05,29.85,2014,647.31,7.5,1.31,-0.05
2014-06-26,batang,巴塘,Batang,1.06,16.34,22.93,10.53,6.52434574190062,0.85,21015816.0,24603196.0,4065.2812,99.05,29.85,2014,649.48,7.27,0.77,-0.01
2014-06-27,batang,巴塘,Batang,4.43,15.7,22.45,9.64,6.387309423655138,0.91,21225014.0,24853340.0,4162.8125,99.05,29.85,2014,649.85,8.18,0.82,-0.06
2014-06-28,batang,巴塘,Batang,11.44,12.76,18.0,8.47,4.287423272698012,0.71,15834964.0,18545804.0,4357.4062,99.05,29.85,2014,650.08,9.72,0.19,0.16
2014-06-29,batang,巴塘,Batang,14.12,11.06,14.85,8.54,2.4561120093919406,0.81,9260930.0,10848416.0,4607.875,99.05,29.85,2014,649.92,8.35,0.66,-0.14
2014-06-30,batang,巴塘,Batang,19.28,10.87,13.72,8.37,2.1561005511689726,0.59,8207408.0,9616912.0,4850.375,99.05,29.85,2014,651.11,8.85,-0.45,0.24
2014-07-01,batang,巴塘,Batang,5.83,10.97,15.97,7.36,3.748114575402048,0.76,14408316.0,16885024.0,5057.0312,99.05,29.85,2014,652.09,7.6,-0.4,0.16
2014-07-02,batang,巴塘,Batang,11.16,12.19,17.15,8.96,4.442891311941319,0.81,16799800.0,19692460.0,5136.2812,99.05,29.85,2014,649.47,9.16,0.7,0.02
2014-07-03,batang,巴塘,Batang,9.36,11.78,16.41,7.22,3.9248524083453216,0.49,14611492.0,17131188.0,5132.7812,99.05,29.85,2014,648.95,8.6,0.1,0.02
2014-07-04,batang,巴塘,Batang,0.76,15.23,19.36,9.28,6.297014532194043,1.02,21125928.0,24774104.0,5111.3438,99.05,29.85,2014,648.52,7.69,0.98,-0.23
2014-07-05,batang,巴塘,Batang,5.58,14.42,19.82,10.1,4.9426794478506535,0.9,17007524.0,19949208.0,4931.4375,99.05,29.85,2014,649.5,8.99,0.84,-0.05
2014-07-06,batang,巴塘,Batang,6.84,14.42,19.47,9.96,5.042296701667448,0.54,17665360.0,20725728.0,4741.0938,99.05,29.85,2014,649.64,10.95,0.43,-0.08
2014-07-07,batang,巴塘,Batang,5.02,14.04,19.12,10.36,4.431130610275057,0.89,15994630.0,18768096.0,4638.5312,99.05,29.85,2014,648.96,11.14,0.82,-0.2
2014-07-08,batang,巴塘,Batang,1.25,15.25,20.51,11.27,5.223858182747587,1.25,17679110.0,20749856.0,4595.25,99.05,29.85,2014,648.21,9.7,1.2,-0.22
2014-07-09,batang,巴塘,Batang,0.87,16.38,20.52,11.64,5.489416633039764,1.19,17390836.0,20415920.0,4551.1562,99.05,29.85,2014,648.41,8.84,1.15,-0.13
2014-07-10,batang,巴塘,Batang,9.55,14.24,20.09,10.67,4.9466751297852944,0.7,17648172.0,20723236.0,4562.5312,99.05,29.85,2014,649.25,11.28,0.6,-0.06
2014-07-11,batang,巴塘,Batang,21.53,14.4,19.44,10.79,4.510536759361116,0.76,16137272.0,18953584.0,4733.8438,99.05,29.85,2014,649.17,11.93,0.64,-0.29
2014-07-12,batang,巴塘,Batang,8.66,12.32,16.69,10.08,3.085838493001772,0.68,11336048.0,13317006.0,4966.4688,99.05,29.85,2014,650.99,9.62,0.61,-0.11
2014-07-13,batang,巴塘,Batang,21.35,11.61,13.83,9.42,2.2411641362307257,0.48,8473434.0,9957130.0,5070.7188,99.05,29.85,2014,651.23,10.45,0.32,-0.32
2014-07-14,batang,巴塘,Batang,16.07,10.71,12.83,8.79,2.211818416421922,0.71,8457732.0,9938964.0,5039.4688,99.05,29.85,2014,651.05,8.56,0.63,0.04
2014-07-15,batang,巴塘,Batang,10.01,8.36,10.32,7.0,0.9678838660571194,0.36,3862214.0,4540194.0,5005.9688,99.05,29.85,2014,651.87,7.12,0.04,0.08
2014-07-16,batang,巴塘,Batang,2.47,12.61,17.39,6.87,5.7319472812858425,0.42,20799680.0,24444412.0,4965.2188,99.05,29.85,2014,650.49,8.15,0.0,-0.01
2014-07-17,batang,巴塘,Batang,2.4,13.44,17.56,8.17,4.824974034799941,0.88,16913766.0,19871052.0,4873.9688,99.05,29.85,2014,649.29,7.7,0.83,-0.16
2014-07-18,batang,巴塘,Batang,7.01,12.38,17.23,9.76,3.7435064701335294,1.24,14332292.0,16835392.0,4703.4062,99.05,29.85,2014,648.75,9.69,1.17,-0.36
2014-07-19,batang,巴塘,Batang,9.7,13.2,18.04,10.08,4.517167264212024,1.09,16836436.0,19773606.0,4562.0625,99.05,29.85,2014,649.47,10.15,0.97,-0.39
2014-07-20,batang,巴塘,Batang,1.59,14.1,18.21,10.06,4.744417973925282,1.14,16574668.0,19461430.0,4475.1562,99.05,29.85,2014,650.09,9.11,1.07,-0.31
2014-07-21,batang,巴塘,Batang,1.37,14.44,19.86,9.94,5.616012667552559,1.04,19619108.0,23029738.0,4404.6094,99.05,29.85,2014,650.06,9.02,0.96,-0.27
2014-07-22,batang,巴塘,Batang,3.57,13.85,19.24,8.43,5.900017228205912,0.98,21042044.0,24694030.0,4333.5,99.05,29.85,2014,650.51,8.44,0.9,-0.13
2014-07-23,batang,巴塘,Batang,5.58,12.68,17.86,8.74,5.461429815807552,0.94,20308176.0,23826872.0,4248.0156,99.05,29.85,2014,650.77,8.29,0.86,-0.27
2014-07-24,batang,巴塘,Batang,7.12,11.43,14.31,8.74,3.426191890551164,0.54,12810110.0,15025636.0,4218.3125,99.05,29.85,2014,651.25,8.19,0.05,-0.03
2014-07-25,batang,巴塘,Batang,5.96,12.33,17.16,8.62,4.982596895205912,0.72,18773094.0,22016164.0,4232.3594,99.05,29.85,2014,652.05,9.35,0.63,-0.14
2014-07-26,batang,巴塘,Batang,15.12,12.59,17.83,8.83,4.823540182848312,0.77,18037550.0,21148710.0,4234.953,99.05,29.85,2014,652.93,9.47,0.69,-0.15
2014-07-27,batang,巴塘,Batang,8.45,11.61,16.64,8.48,4.165445635159792,0.6,15866474.0,18599508.0,4263.297000000001,99.05,29.85,2014,652.44,9.07,0.28,-0.12
2014-07-28,batang,巴塘,Batang,2.72,12.59,17.68,8.32,5.0742133052478255,0.7,18821288.0,22056802.0,4279.922000000001,99.05,29.85,2014,650.31,8.98,0.58,-0.23
2014-07-29,batang,巴塘,Batang,2.36,14.21,19.17,8.34,5.371678747449889,0.91,18726996.0,21941032.0,4212.3906,99.05,29.85,2014,649.9,8.6,0.78,-0.33
2014-07-30,batang,巴塘,Batang,19.16,13.84,19.14,9.8,5.1166406032230585,0.97,18582866.0,21766942.0,4090.0,99.05,29.85,2014,650.57,10.15,0.76,-0.23
2014-07-31,batang,巴塘,Batang,5.29,12.21,17.43,7.43,4.123629271162272,0.57,15260482.0,17871100.0,4017.7344,99.05,29.85,2014,650.77,8.91,0.41,-0.18
2014-08-01,batang,巴塘,Batang,6.72,13.55,19.46,8.3,5.544217281270328,0.48,19930128.0,23334090.0,3959.5,99.05,29.85,2014,649.91,10.23,0.26,0.03
2014-08-02,batang,巴塘,Batang,2.09,13.72,19.13,9.64,5.424133276954403,1.08,19709856.0,23070196.0,3845.75,99.05,29.85,2014,649.38,9.3,0.99,-0.35
2014-08-03,batang,巴塘,Batang,1.36,14.26,18.6,9.84,4.88645543827504,1.03,16841292.0,19708500.0,3688.2812,99.05,29.85,2014,648.55,8.56,0.97,-0.23
2014-08-04,batang,巴塘,Batang,1.77,14.19,18.94,10.36,5.304610538742712,1.06,18885184.0,22094634.0,3529.1406,99.05,29.85,2014,648.66,9.54,0.96,-0.34
2014-08-05,batang,巴塘,Batang,2.65,14.27,19.12,10.35,4.880543396237393,1.21,17356148.0,20301370.0,3409.1406,99.05,29.85,2014,648.89,9.88,1.16,-0.29
2014-08-06,batang,巴塘,Batang,0.97,14.81,18.88,10.13,4.380945538837084,1.08,14476012.0,16928680.0,3434.5312,99.05,29.85,2014,649.06,8.65,1.03,-0.22
2014-08-07,batang,巴塘,Batang,0.85,15.68,20.16,10.4,5.610439269821316,1.22,18456896.0,21578052.0,3548.9688,99.05,29.85,2014,648.74,8.65,1.17,-0.26
2014-08-08,batang,巴塘,Batang,4.6,15.71,20.17,10.72,5.514507480015564,1.1,18357424.0,21456760.0,3628.625,99.05,29.85,2014,648.8,9.45,1.07,-0.04
2014-08-09,batang,巴塘,Batang,5.65,13.69,17.44,10.45,3.4397911657623603,0.7,12092320.0,14133136.0,3687.6406,99.05,29.85,2014,649.97,10.1,0.47,-0.28
2014-08-10,batang,巴塘,Batang,20.85,14.08,19.67,10.69,4.64568546061392,0.81,17019978.0,19885306.0,3738.8594,99.05,29.85,2014,649.16,11.9,0.69,-0.18
2014-08-11,batang,巴塘,Batang,15.35,12.68,16.05,10.51,2.39520132682436,0.84,8572560.0,10012782.0,3842.6719,99.05,29.85,2014,648.36,9.88,0.72,-0.27
2014-08-12,batang,巴塘,Batang,15.19,11.02,13.57,8.87,1.9424953538877243,0.59,7462712.0,8714722.0,4034.0625,99.05,29.85,2014,649.21,9.53,-0.21,0.16
2014-08-13,batang,巴塘,Batang,4.7,11.0,14.81,7.78,2.858792775309108,0.74,10943120.0,12774308.0,4207.2344,99.05,29.85,2014,650.79,8.25,0.64,-0.01
2014-08-14,batang,巴塘,Batang,10.96,9.62,12.52,7.72,2.1684203817982004,1.27,8898312.0,10385502.0,4225.5938,99.05,29.85,2014,651.31,7.58,1.21,-0.25
2014-08-15,batang,巴塘,Batang,5.4,10.33,14.32,8.07,2.5175424451119905,1.02,9875702.0,11526236.0,4224.8906,99.05,29.85,2014,650.81,7.71,0.98,-0.17
2014-08-16,batang,巴塘,Batang,6.94,10.49,14.32,7.43,2.015768409245265,0.81,7816608.0,9118512.0,4315.1406,99.05,29.85,2014,650.26,8.44,0.73,-0.27
2014-08-17,batang,巴塘,Batang,8.69,12.32,16.82,7.71,3.938069901336237,0.81,14593532.0,17011656.0,4424.9062,99.05,29.85,2014,650.1,8.58,0.64,0.05
2014-08-18,batang,巴塘,Batang,8.57,13.0,18.1,9.3,4.618130478759076,0.42,16808020.0,19585300.0,4533.9688,99.05,29.85,2014,652.98,10.01,0.21,-0.1
2014-08-19,batang,巴塘,Batang,2.14,13.37,18.83,9.7,4.680660636953355,0.76,16818910.0,19584928.0,4612.797000000001,99.05,29.85,2014,653.05,8.82,0.66,-0.25
2014-08-20,batang,巴塘,Batang,3.71,13.14,18.06,9.14,4.398707710535171,1.53,16182530.0,18834728.0,4554.672000000001,99.05,29.85,2014,650.68,8.72,1.47,-0.33
2014-08-21,batang,巴塘,Batang,8.46,11.56,15.78,8.79,3.1922912259623084,0.98,12499230.0,14539206.0,4542.5938,99.05,29.85,2014,650.13,9.36,0.9,-0.33
2014-08-22,batang,巴塘,Batang,7.51,12.08,17.26,8.08,3.928956398438053,1.27,14686370.0,17074142.0,4731.453,99.05,29.85,2014,650.03,7.76,1.24,-0.1
2014-08-23,batang,巴塘,Batang,17.09,9.11,11.52,7.32,1.6183706600846242,0.5,6662384.0,7742512.0,4959.6094,99.05,29.85,2014,652.43,8.27,-0.31,0.27
2014-08-24,batang,巴塘,Batang,9.08,9.07,12.46,7.41,2.292256376505456,0.64,9352196.0,10860808.0,5075.9375,99.05,29.85,2014,652.68,7.0,0.47,-0.02
2014-08-25,batang,巴塘,Batang,5.88,11.08,15.73,7.77,3.957036489485512,1.14,15747950.0,18280968.0,4985.0625,99.05,29.85,2014,651.46,7.9,1.11,-0.18
2014-08-26,batang,巴塘,Batang,9.53,10.39,14.27,7.88,3.607796501041686,0.57,14351874.0,16653092.0,4865.0,99.05,29.85,2014,651.91,8.22,0.51,-0.2
2014-08-27,batang,巴塘,Batang,10.69,11.11,15.1,8.04,3.880365835131402,0.42,14905268.0,17283926.0,4832.9375,99.05,29.85,2014,652.36,8.47,0.38,-0.1
2014-08-28,batang,巴塘,Batang,5.16,9.97,13.62,7.03,2.859588751080348,0.75,11569612.0,13408920.0,4807.547000000001,99.05,29.85,2014,653.33,7.83,0.7,-0.23
2014-08-29,batang,巴塘,Batang,3.38,11.67,17.37,7.05,4.840617528738841,1.11,18880194.0,21870100.0,4719.7344,99.05,29.85,2014,652.74,7.61,1.05,-0.2
2014-08-30,batang,巴塘,Batang,3.67,11.89,17.24,8.42,4.3486890898551005,0.9,16515678.0,19122674.0,4596.8125,99.05,29.85,2014,652.41,7.79,0.85,-0.17
2014-08-31,batang,巴塘,Batang,1.53,12.92,17.19,8.36,4.955710476394993,1.18,18025964.0,20859526.0,4506.7188,99.05,29.85,2014,651.3,7.13,1.16,-0.11
2014-09-01,batang,巴塘,Batang,1.15,13.28,17.3,8.53,4.895209370649988,1.17,17032676.0,19698460.0,4462.0,99.05,29.85,2014,651.58,5.95,1.13,-0.08
2014-09-02,batang,巴塘,Batang,8.68,11.29,16.85,8.24,3.908983518244552,0.82,15236030.0,17613582.0,4506.797000000001,99.05,29.85,2014,652.51,8.12,0.75,-0.18
2014-09-03,batang,巴塘,Batang,9.91,11.24,16.3,8.28,3.8326976404455286,0.66,14992146.0,17323336.0,4626.9844,99.05,29.85,2014,652.04,8.75,0.47,-0.08
2014-09-04,batang,巴塘,Batang,4.32,11.42,15.95,8.35,3.991358533601968,0.54,15328380.0,17699830.0,4697.672000000001,99.05,29.85,2014,650.98,8.41,0.37,-0.09
2014-09-05,batang,巴塘,Batang,3.04,12.07,16.44,8.57,4.26590326000529,0.8,16456370.0,18993532.0,4596.25,99.05,29.85,2014,650.29,9.26,0.73,-0.26
2014-09-06,batang,巴塘,Batang,0.83,13.67,17.68,8.96,4.318179855326888,1.13,14856032.0,17136600.0,4417.2656,99.05,29.85,2014,651.12,7.3,1.08,-0.28
2014-09-07,batang,巴塘,Batang,0.59,13.66,18.31,9.11,4.321953421104102,1.08,14785932.0,17045496.0,4226.5156,99.05,29.85,2014,651.6,6.94,1.02,-0.19
2014-09-08,batang,巴塘,Batang,1.18,13.01,17.43,9.1,4.036448553334012,0.93,14297842.0,16475620.0,4063.0625,99.05,29.85,2014,650.66,7.31,0.83,-0.2
2014-09-09,batang,巴塘,Batang,0.97,13.49,17.92,9.31,4.25553756247965,1.16,14659220.0,16883366.0,3975.2188,99.05,29.85,2014,650.11,7.01,1.12,-0.21
2014-09-10,batang,巴塘,Batang,0.95,12.6,17.31,8.16,4.683250719200382,1.28,17025108.0,19597868.0,3966.375,99.05,29.85,2014,650.44,6.44,1.24,-0.2
2014-09-11,batang,巴塘,Batang,0.66,12.57,17.0,7.91,4.062092321832778,0.77,14466400.0,16643770.0,3943.6406,99.05,29.85,2014,650.98,6.15,0.7,-0.05
2014-09-12,batang,巴塘,Batang,0.77,13.15,17.69,7.87,4.850042945643398,1.01,17122378.0,19688758.0,3871.9062,99.05,29.85,2014,650.44,6.02,0.95,-0.14
2014-09-13,batang,巴塘,Batang,0.56,13.09,17.72,7.92,4.4321803846393655,1.37,15328344.0,17616490.0,3801.1094,99.05,29.85,2014,650.23,6.03,1.31,-0.32
2014-09-14,batang,巴塘,Batang,0.62,12.9,17.82,7.99,4.42784126002868,1.38,15249210.0,17517766.0,3699.2656,99.05,29.85,2014,650.54,5.43,1.34,-0.22
2014-09-15,batang,巴塘,Batang,0.35,12.64,17.31,8.29,4.165086099787085,1.4,14249916.0,16361396.0,3572.5156,99.05,29.85,2014,650.22,5.17,1.36,-0.24
2014-09-16,batang,巴塘,Batang,0.42,12.89,17.83,8.29,4.315656747548199,1.17,14619478.0,16770714.0,3456.1875,99.05,29.85,2014,649.94,4.53,1.12,-0.23
2014-09-17,batang,巴塘,Batang,4.05,12.37,16.82,7.82,4.873970565042692,0.53,17976630.0,20605504.0,3406.0781,99.05,29.85,2014,652.04,6.54,-0.28,0.09
2014-09-18,batang,巴塘,Batang,6.41,10.97,16.58,6.95,3.660021939847859,0.5,14368930.0,16455850.0,3453.5156,99.05,29.85,2014,653.98,8.48,-0.29,0.11
2014-09-19,batang,巴塘,Batang,0.57,11.18,15.01,7.26,3.54434458785029,0.43,13236104.0,15144340.0,3437.75,99.05,29.85,2014,653.27,5.23,0.28,-0.04
2014-09-20,batang,巴塘,Batang,1.92,11.5,16.84,7.64,4.312436626761867,1.13,16809768.0,19218170.0,3319.5,99.05,29.85,2014,650.82,7.09,1.08,-0.22
2014-09-21,batang,巴塘,Batang,2.75,11.18,15.37,7.33,3.5097196083018143,1.49,13373904.0,15276958.0,3171.9062,99.05,29.85,2014,650.55,6.47,1.45,-0.21
2014-09-22,batang,巴塘,Batang,1.63,10.79,16.01,7.69,3.1759871057647766,1.38,12537524.0,14310442.0,3085.5156,99.05,29.85,2014,650.01,7.11,1.33,-0.28
2014-09-23,batang,巴塘,Batang,10.62,9.23,14.19,4.59,2.964838634667532,0.56,12308717.0,14039352.0,3136.8438,99.05,29.85,2014,651.5,7.0,-0.05,0.14
2014-09-24,batang,巴塘,Batang,5.74,9.75,14.65,5.13,3.8561925299863113,1.11,16420858.0,18711334.0,3259.7969,99.05,29.85,2014,651.36,6.91,1.07,-0.26
2014-09-25,batang,巴塘,Batang,2.79,10.18,15.83,6.14,4.314595217875482,1.19,17683464.0,20133032.0,3329.6562,99.05,29.85,2014,650.76,5.73,1.12,-0.2
2014-09-26,batang,巴塘,Batang,0.4,10.8,15.8,5.55,4.1344943576040025,1.47,15476395.0,17605344.0,3367.2031,99.05,29.85,2014,650.45,3.86,1.42,-0.17
2014-09-27,batang,巴塘,Batang,8.19,9.26,15.9,4.76,3.415002533773404,1.27,14274329.0,16225582.0,3353.6875,99.05,29.85,2014,651.78,5.28,0.66,0.12
2014-09-28,batang,巴塘,Batang,1.43,8.6,13.47,4.41,4.034646312183494,0.65,16278975.0,18632474.0,3343.1094,99.05,29.85,2014,653.92,1.55,-0.14,0.19
2014-09-29,batang,巴塘,Batang,2.85,7.87,13.06,3.37,3.693185907022277,0.65,16132871.0,18380984.0,3318.375,99.05,29.85,2014,653.88,4.99,0.48,-0.2
2014-09-30,batang,巴塘,Batang,0.41,9.28,14.32,3.48,4.440935075837089,1.19,16785100.0,19067116.0,3199.6562,99.05,29.85,2014,653.46,-1.2,1.08,0.01
2014-10-01,batang,巴塘,Batang,3.28,7.66,13.27,3.23,4.290624169434927,0.69,18558032.0,21045912.0,3044.4531,99.05,29.85,2014,655.17,2.37,-0.42,0.07
2014-10-02,batang,巴塘,Batang,14.25,5.8,12.36,-0.64,3.6543267471933913,0.53,17144674.0,19468784.0,2915.7656,99.05,29.85,2014,653.51,3.58,0.29,0.0
2014-10-03,batang,巴塘,Batang,3.28,3.96,8.7,-0.61,3.5105629498848216,0.63,12770832.0,20111032.0,2817.0156,99.05,29.85,2014,653.67,1.47,-0.57,0.2
2014-10-04,batang,巴塘,Batang,0.1,4.74,11.0,-0.2,3.8692232122661134,0.82,15268460.0,20154316.0,2704.2969,99.05,29.85,2014,656.14,-3.92,-0.77,0.21
2014-10-05,batang,巴塘,Batang,0.05,5.3,11.44,-0.33,4.465295075224693,0.77,18659092.0,22768388.0,2579.2188,99.05,29.85,2014,657.87,-5.1,-0.66,0.04
2014-10-06,batang,巴塘,Batang,0.01,7.66,13.37,-0.01,4.8947033603214765,0.95,19679580.0,23021640.0,2446.7656,99.05,29.85,2014,655.17,-2.8,0.88,-0.19
2014-10-07,batang,巴塘,Batang,0.15,8.46,14.04,2.27,4.525375503824813,0.95,18214916.0,20833978.0,2316.5938,99.05,29.85,2014,653.22,-0.25,0.92,-0.12
2014-10-08,batang,巴塘,Batang,0.27,7.99,13.43,2.94,3.9139697236427193,0.72,16321008.0,18483124.0,2200.3906,99.05,29.85,2014,653.13,1.28,0.62,-0.08
2014-10-09,batang,巴塘,Batang,0.64,8.1,13.33,2.79,4.057533107847078,0.91,16939178.0,19101764.0,2102.164,99.05,29.85,2014,652.16,1.08,0.8,-0.23
2014-10-10,batang,巴塘,Batang,0.39,8.5,13.79,3.21,3.752679286477018,1.25,14683452.0,16522730.0,2016.4297,99.05,29.85,2014,650.87,-0.01,1.19,-0.22
2014-10-11,batang,巴塘,Batang,0.63,8.3,12.72,3.82,3.0973067786951383,1.43,11926724.0,13406596.0,1936.0312,99.05,29.85,2014,651.38,1.14,1.38,-0.28
2014-10-12,batang,巴塘,Batang,0.3,8.82,13.67,3.95,3.548483072229132,1.32,13617558.0,15290870.0,1857.2578,99.05,29.85,2014,652.98,0.73,1.26,-0.24
2014-10-13,batang,巴塘,Batang,0.79,9.02,14.36,4.02,3.5201424906673093,1.08,13692210.0,15359400.0,1787.4531,99.05,29.85,2014,653.81,1.38,0.95,-0.25
2014-10-14,batang,巴塘,Batang,0.84,9.81,14.75,4.62,3.577626783586332,1.14,13543654.0,15179182.0,1733.6953,99.05,29.85,2014,653.93,2.24,1.07,-0.16
2014-10-15,batang,巴塘,Batang,0.14,10.26,15.85,5.32,3.076154931072153,1.32,10994826.0,12312596.0,1689.6797,99.05,29.85,2014,651.65,3.13,1.29,-0.04
2014-10-16,batang,巴塘,Batang,0.47,9.79,15.55,3.87,3.944845960472871,1.36,14873124.0,16652694.0,1647.5078,99.05,29.85,2014,651.86,1.38,1.33,-0.07
2014-10-17,batang,巴塘,Batang,0.08,8.69,14.78,2.67,3.941027506791279,1.53,14599264.0,16343060.0,1608.4609,99.05,29.85,2014,651.58,-1.9,1.49,0.08
2014-10-18,batang,巴塘,Batang,0.02,7.75,13.46,2.36,4.399565680186762,1.52,17125814.0,19171126.0,1595.5078,99.05,29.85,2014,650.48,-4.48,1.48,0.13
2014-10-19,batang,巴塘,Batang,1.97,5.0,10.87,-0.78,3.4683107080030533,1.33,15726208.0,17603424.0,1595.4062,99.05,29.85,2014,650.81,-3.13,1.16,0.2
2014-10-20,batang,巴塘,Batang,0.17,4.66,10.54,-0.82,3.941262986757732,0.84,16365968.0,19395304.0,1573.0391,99.05,29.85,2014,653.83,-9.96,-0.73,0.13
2014-10-21,batang,巴塘,Batang,0.03,6.48,12.02,-0.43,4.356807636621489,0.97,17281346.0,20021330.0,1530.8594,99.05,29.85,2014,654.44,-8.42,0.93,-0.09
2014-10-22,batang,巴塘,Batang,1.12,4.78,9.78,-0.24,3.6022546280640944,0.88,15995448.0,18274174.0,1480.0234,99.05,29.85,2014,654.01,-4.82,0.16,0.3
2014-10-23,batang,巴塘,Batang,6.85,2.28,8.54,-2.97,2.9242853570518235,0.39,14928864.0,17135260.0,1423.8906,99.05,29.85,2014,653.05,-1.08,-0.06,0.17
2014-10-24,batang,巴塘,Batang,0.16,1.52,7.51,-2.81,3.0257958385472947,0.75,12796860.0,17276216.0,1368.0781,99.05,29.85,2014,653.82,-8.12,-0.66,0.01
2014-10-25,batang,巴塘,Batang,0.01,4.33,10.31,-1.97,3.999005034527397,0.64,16167950.0,20413842.0,1309.5312,99.05,29.85,2014,653.73,-9.29,0.48,-0.19
2014-10-26,batang,巴塘,Batang,0.19,4.91,10.02,0.0,3.1561047832023617,1.15,12726768.0,15275924.0,1252.5,99.05,29.85,2014,652.81,-4.63,1.14,0.0
2014-10-27,batang,巴塘,Batang,4.93,2.83,8.56,-0.87,2.930717512773972,0.72,14580160.0,17021812.0,1201.6719,99.05,29.85,2014,651.19,-1.43,0.64,0.01
2014-10-28,batang,巴塘,Batang,1.02,2.97,8.06,-1.35,3.04579001996687,0.6,12777198.0,16909752.0,1162.8359,99.05,29.85,2014,650.55,-3.93,0.44,0.02
2014-10-29,batang,巴塘,Batang,0.98,3.19,7.97,-1.25,3.048972388634464,1.05,13092704.0,16321624.0,1128.5781,99.05,29.85,2014,650.07,-5.22,1.01,-0.03
2014-10-30,batang,巴塘,Batang,0.18,3.26,8.37,-0.75,3.0149456009999365,1.0,13060702.0,15692796.0,1096.2891,99.05,29.85,2014,650.75,-6.4,0.91,-0.03
2014-10-31,batang,巴塘,Batang,0.07,4.88,10.78,-0.34,3.295568004218228,1.22,13737338.0,16044200.0,1065.5391,99.05,29.85,2014,650.47,-4.86,1.2,-0.02
2014-11-01,batang,巴塘,Batang,0.22,5.34,10.85,0.43,2.9008797765029737,1.11,11961476.0,13716816.0,1037.2812,99.05,29.85,2014,650.8,-3.39,1.07,-0.12
2014-11-02,batang,巴塘,Batang,1.98,5.28,10.48,0.58,2.651003011130013,1.34,11136360.0,12651168.0,1013.5469,99.05,29.85,2014,650.83,-1.84,1.32,0.06
2014-11-03,batang,巴塘,Batang,10.1,1.83,6.68,-2.01,1.7557796076798382,0.44,7780142.0,10533176.0,998.85156,99.05,29.85,2014,650.62,-0.04,0.17,0.08
2014-11-04,batang,巴塘,Batang,0.55,0.61,5.67,-4.27,2.403018563298746,0.46,9063260.0,14846620.0,994.53125,99.05,29.85,2014,651.05,-3.69,0.27,0.09
2014-11-05,batang,巴塘,Batang,0.56,1.17,6.05,-3.23,2.57640908781089,0.89,10623602.0,15697444.0,986.3047,99.05,29.85,2014,650.25,-4.09,0.82,-0.24
2014-11-06,batang,巴塘,Batang,1.1,1.77,7.33,-3.77,2.755371596849674,0.77,11105970.0,15316080.0,972.46875,99.05,29.85,2014,650.02,-7.69,0.66,0.2
2014-11-07,batang,巴塘,Batang,0.36,0.7,6.81,-4.03,3.0665216690179617,0.47,13542556.0,18082492.0,955.0781,99.05,29.85,2014,652.39,-10.56,-0.19,0.08
2014-11-08,batang,巴塘,Batang,0.0,3.64,10.04,-2.85,3.4125887140800137,0.9,14311140.0,18147028.0,935.4375,99.05,29.85,2014,651.51,-5.44,0.88,-0.02
2014-11-09,batang,巴塘,Batang,0.0,4.22,10.96,-1.52,3.026803021448313,0.75,13197234.0,15890812.0,916.8281,99.05,29.85,2014,652.16,-2.91,0.69,-0.13
2014-11-10,batang,巴塘,Batang,0.01,5.24,11.86,-1.65,3.3492036663936995,0.93,14640648.0,17034740.0,900.5547,99.05,29.85,2014,650.5,-2.1,0.88,-0.18
2014-11-11,batang,巴塘,Batang,0.13,5.56,10.74,0.13,2.664181875939036,1.33,10920638.0,12465088.0,887.7578,99.05,29.85,2014,649.22,-1.79,1.31,-0.1
2014-11-12,batang,巴塘,Batang,8.14,4.82,10.89,0.55,2.679333023535792,0.95,12047988.0,13655108.0,878.4219,99.05,29.85,2014,649.48,-1.37,0.77,0.17
2014-11-13,batang,巴塘,Batang,4.5,0.56,4.66,-4.04,1.7787744655749318,0.51,7632608.0,11309416.0,878.21094,99.05,29.85,2014,651.74,-1.38,-0.03,-0.09
2014-11-14,batang,巴塘,Batang,1.26,1.91,7.85,-1.6,2.2596348492185467,0.88,8732908.0,13083056.0,874.58594,99.05,29.85,2014,650.1,-3.23,0.77,-0.14
2014-11-15,batang,巴塘,Batang,2.07,1.93,7.11,-1.69,2.108931119644209,0.83,8983832.0,12479072.0,865.78906,99.05,29.85,2014,649.88,-1.96,0.65,-0.18
2014-11-16,batang,巴塘,Batang,1.22,3.71,9.06,-0.64,2.5346997972361263,1.4,9914768.0,13201276.0,855.08594,99.05,29.85,2014,648.8,-2.73,1.37,-0.04
2014-11-17,batang,巴塘,Batang,2.89,1.99,7.08,-1.41,2.35172493987889,0.9,10432468.0,13521844.0,845.46875,99.05,29.85,2014,650.54,-3.54,0.72,-0.03
2014-11-18,batang,巴塘,Batang,5.64,-0.72,4.77,-6.77,1.973028967657155,0.52,9696924.0,13218232.0,838.1953,99.05,29.85,2014,653.04,-3.09,-0.2,-0.11
2014-11-19,batang,巴塘,Batang,0.16,-1.16,4.12,-6.54,2.2113337395354966,0.69,8725874.0,14077160.0,830.6875,99.05,29.85,2014,651.2,-8.73,0.52,-0.17
2014-11-20,batang,巴塘,Batang,0.91,-1.58,3.28,-5.64,1.9477524611449075,0.46,8664112.0,13217828.0,822.1719,99.05,29.85,2014,650.05,-5.12,0.35,-0.22
2014-11-21,batang,巴塘,Batang,0.44,-0.18,5.14,-5.85,2.2532756669733374,0.97,9473844.0,13812984.0,813.3047,99.05,29.85,2014,647.95,-7.11,0.89,-0.21
2014-11-22,batang,巴塘,Batang,0.77,0.67,4.91,-2.12,2.297035996801565,1.13,9905404.0,13862816.0,804.83594,99.05,29.85,2014,647.28,-5.34,1.04,-0.19
2014-11-23,batang,巴塘,Batang,0.64,1.07,6.35,-2.8,2.2411595018272856,1.36,9766284.0,13193716.0,797.3672,99.05,29.85,2014,646.87,-4.88,1.34,-0.11
2014-11-24,batang,巴塘,Batang,2.84,-2.45,3.72,-9.3,1.6971440073538069,0.62,8876670.0,11912200.0,791.0781,99.05,29.85,2014,650.88,-6.36,-0.2,0.08
2014-11-25,batang,巴塘,Batang,0.01,-4.6,1.08,-9.74,2.1562555954811,0.59,11079918.0,16055260.0,785.3906,99.05,29.85,2014,649.57,-13.66,0.21,-0.34
2014-11-26,batang,巴塘,Batang,0.0,-2.46,3.29,-8.44,2.3091324011529304,0.99,10736086.0,15157836.0,780.0,99.05,29.85,2014,645.72,-12.36,0.93,0.04
2014-11-27,batang,巴塘,Batang,0.15,-2.3,3.56,-7.5,2.2849253053807064,0.99,11323798.0,15421816.0,774.3672,99.05,29.85,2014,647.22,-10.16,0.93,-0.2
2014-11-28,batang,巴塘,Batang,0.45,-2.42,3.27,-6.62,1.88040134756398,1.19,9353472.0,12475844.0,768.14844,99.05,29.85,2014,646.05,-9.27,1.15,-0.04
2014-11-29,batang,巴塘,Batang,0.07,-1.98,4.6,-7.19,2.1911473982598504,0.88,10786610.0,14130168.0,761.83594,99.05,29.85,2014,647.46,-10.89,0.8,-0.05
2014-11-30,batang,巴塘,Batang,0.0,-0.69,5.91,-7.54,2.496095025711536,0.66,12230270.0,15518604.0,755.875,99.05,29.85,2014,649.17,-9.67,0.53,-0.21
2014-12-01,batang,巴塘,Batang,0.0,0.16,6.72,-4.76,2.498495756851697,0.83,12493716.0,15331928.0,750.2656,99.05,29.85,2014,648.82,-6.85,0.78,-0.21
2014-12-02,batang,巴塘,Batang,0.01,0.49,7.12,-4.98,2.389983900480378,0.88,12265754.0,14635736.0,744.8672,99.05,29.85,2014,648.8,-5.49,0.83,-0.24
2014-12-03,batang,巴塘,Batang,0.09,1.49,8.05,-4.26,2.144353963085152,0.77,10441770.0,12198028.0,739.6094,99.05,29.85,2014,648.76,-4.86,0.69,-0.19
2014-12-04,batang,巴塘,Batang,0.13,1.74,7.81,-3.08,1.9075476791000043,1.02,9113590.0,10528080.0,734.5625,99.05,29.85,2014,650.27,-4.05,0.96,-0.12
2014-12-05,batang,巴塘,Batang,0.03,1.85,7.46,-2.75,2.190437607661168,0.95,10697758.0,12230496.0,729.52344,99.05,29.85,2014,650.14,-4.51,0.91,-0.14
2014-12-06,batang,巴塘,Batang,1.28,1.69,7.85,-1.94,2.0563856782814693,0.94,10219752.0,11604768.0,724.5078,99.05,29.85,2014,648.61,-4.11,0.82,-0.16
2014-12-07,batang,巴塘,Batang,1.18,1.17,6.57,-2.17,1.9106257861158475,0.94,9567964.0,10876720.0,719.6953,99.05,29.85,2014,648.26,-4.66,0.79,-0.2
2014-12-08,batang,巴塘,Batang,0.43,2.45,7.78,-1.43,2.0364687161372355,1.34,9182384.0,10470540.0,714.8672,99.05,29.85,2014,647.48,-4.22,1.31,-0.13
2014-12-09,batang,巴塘,Batang,1.28,2.05,7.61,-1.81,2.209117388216622,1.67,10557344.0,12054664.0,710.35156,99.05,29.85,2014,647.5,-4.17,1.64,0.08
2014-12-10,batang,巴塘,Batang,0.76,0.83,7.42,-3.19,2.104307246596605,1.98,10442156.0,11959360.0,707.15625,99.05,29.85,2014,645.79,-5.5,1.93,0.23
2014-12-11,batang,巴塘,Batang,0.26,0.58,6.55,-3.23,2.420739817205276,1.86,11803152.0,13598576.0,704.3672,99.05,29.85,2014,646.7,-7.69,1.79,0.38
2014-12-12,batang,巴塘,Batang,0.2,0.51,5.63,-3.79,2.1706595575493672,1.61,10579850.0,12139000.0,699.8281,99.05,29.85,2014,649.16,-7.08,1.59,0.05
2014-12-13,batang,巴塘,Batang,0.12,1.07,6.45,-3.16,2.35680818672806,1.37,11283150.0,12926620.0,693.84375,99.05,29.85,2014,650.36,-7.34,1.35,-0.04
2014-12-14,batang,巴塘,Batang,0.04,1.06,7.44,-3.26,2.3927702864706,1.65,11969824.0,13619092.0,687.8906,99.05,29.85,2014,648.8,-6.21,1.62,0.13
2014-12-15,batang,巴塘,Batang,0.51,1.13,7.44,-3.11,2.0761421575700707,1.79,10090640.0,11434916.0,682.7656,99.05,29.85,2014,648.38,-5.41,1.73,0.22
2014-12-16,batang,巴塘,Batang,0.66,-0.02,5.8,-4.39,2.1831621776497068,1.94,10912752.0,12422204.0,678.3125,99.05,29.85,2014,647.91,-7.72,1.88,0.25
2014-12-17,batang,巴塘,Batang,4.0,-2.18,2.38,-5.04,1.897447685324693,1.46,11122760.0,12818908.0,674.25,99.05,29.85,2014,647.07,-8.17,1.07,0.4
2014-12-18,batang,巴塘,Batang,0.21,-4.68,-0.83,-8.84,2.0773474130513967,1.1,10011228.0,13441088.0,670.3906,99.05,29.85,2014,651.38,-21.7,-0.98,0.25
2014-12-19,batang,巴塘,Batang,0.0,-3.61,2.08,-9.29,2.381829616871186,0.74,11984314.0,15445496.0,665.5156,99.05,29.85,2014,651.34,-23.56,0.46,0.29
2014-12-20,batang,巴塘,Batang,0.0,-1.78,4.09,-8.87,2.551385910392112,0.79,12000192.0,15092028.0,660.5625,99.05,29.85,2014,648.99,-21.13,0.72,0.22
2014-12-21,batang,巴塘,Batang,0.0,-1.73,4.37,-7.8,2.658211952151487,1.14,12556886.0,15470512.0,655.75,99.05,29.85,2014,648.59,-19.11,1.09,-0.28
2014-12-22,batang,巴塘,Batang,0.02,-2.43,3.62,-7.39,2.389592168244665,1.43,12226200.0,14839780.0,651.09375,99.05,29.85,2014,646.94,-14.42,1.23,0.34
2014-12-23,batang,巴塘,Batang,0.2,-3.18,2.15,-8.25,2.089543554680539,1.15,11804530.0,14188676.0,646.59375,99.05,29.85,2014,649.11,-11.96,1.09,-0.26
2014-12-24,batang,巴塘,Batang,1.37,-3.02,2.14,-8.33,1.989338478927713,1.28,11020160.0,13384152.0,642.1719,99.05,29.85,2014,649.04,-11.08,1.2,0.1
2014-12-25,batang,巴塘,Batang,0.09,-3.23,2.85,-8.19,1.7695836920336985,1.28,9525616.0,11834476.0,637.8281,99.05,29.85,2014,647.56,-10.68,1.23,-0.23
2014-12-26,batang,巴塘,Batang,0.12,-3.17,3.5,-8.5,1.924165945968791,1.41,10982076.0,13475820.0,633.46875,99.05,29.85,2014,645.72,-9.93,1.36,-0.26
2014-12-27,batang,巴塘,Batang,4.51,-2.38,2.65,-6.9,1.7405912444085747,1.3,9219052.0,11272880.0,629.21875,99.05,29.85,2014,649.01,-9.08,0.89,0.04
2014-12-28,batang,巴塘,Batang,1.79,-5.68,-1.96,-9.99,1.4106603691426431,0.88,6335924.0,11001344.0,625.78125,99.05,29.85,2014,652.08,-11.47,-0.75,-0.02
2014-12-29,batang,巴塘,Batang,0.15,-5.48,0.71,-12.07,1.6432794417758003,0.84,7893838.0,12973864.0,621.4375,99.05,29.85,2014,649.43,-11.46,0.71,-0.19
2014-12-30,batang,巴塘,Batang,0.0,-5.67,1.26,-13.67,1.9351371635803352,0.81,9974376.0,15496424.0,616.71875,99.05,29.85,2014,650.96,-12.82,0.66,-0.35
2014-12-31,batang,巴塘,Batang,0.0,-3.29,2.82,-11.7,2.092885750952866,0.87,9738514.0,14533004.0,612.21875,99.05,29.85,2014,652.38,-11.63,0.78,-0.31
2015-01-01,batang,巴塘,Batang,0.0,-2.16,4.81,-8.5,2.397781840157415,0.9,11002362.0,15644612.0,607.8906,99.05,29.85,2015,652.2,-12.13,0.84,-0.24
2015-01-02,batang,巴塘,Batang,0.0,-2.14,4.64,-9.36,2.3374280682975628,0.75,11546524.0,15650272.0,603.65625,99.05,29.85,2015,652.15,-10.22,0.65,-0.3
2015-01-03,batang,巴塘,Batang,0.01,-2.02,5.36,-9.29,2.229855325636359,1.01,11852978.0,15371240.0,599.4375,99.05,29.85,2015,651.08,-8.04,0.93,-0.33
2015-01-04,batang,巴塘,Batang,0.74,-0.14,5.76,-7.0,1.997025743876344,1.42,10374602.0,12972904.0,595.3125,99.05,29.85,2015,645.64,-4.6,1.34,-0.37
2015-01-05,batang,巴塘,Batang,4.02,-2.78,2.96,-8.73,1.7911421780296133,1.09,10258354.0,12951680.0,591.7344,99.05,29.85,2015,644.63,-7.3,0.78,0.15
2015-01-06,batang,巴塘,Batang,0.08,-6.22,0.14,-12.1,1.8324398041760408,0.6,9534870.0,14152452.0,588.5156,99.05,29.85,2015,648.48,-18.0,0.02,-0.07
2015-01-07,batang,巴塘,Batang,0.35,-6.32,-1.09,-12.44,1.5835090360139925,1.23,9387948.0,13484372.0,584.2031,99.05,29.85,2015,648.1,-11.62,1.13,-0.41
2015-01-08,batang,巴塘,Batang,1.47,-6.28,-0.81,-10.25,1.7003791250522562,1.1,10192824.0,14806132.0,579.8281,99.05,29.85,2015,649.59,-11.02,0.89,-0.29
2015-01-09,batang,巴塘,Batang,1.26,-8.29,-4.47,-11.67,1.3824990919290807,1.13,7694506.0,12510220.0,575.6719,99.05,29.85,2015,650.99,-14.57,-1.11,0.06
2015-01-10,batang,巴塘,Batang,1.02,-10.88,-6.51,-18.27,1.0393793050945923,1.13,6195028.0,10670208.0,571.6094,99.05,29.85,2015,650.47,-16.61,-1.1,0.05
2015-01-11,batang,巴塘,Batang,0.0,-15.71,-8.98,-21.73,1.2002164699816724,0.89,9974976.0,16973396.0,567.6406,99.05,29.85,2015,652.39,-23.96,-0.77,-0.43
2015-01-12,batang,巴塘,Batang,0.0,-14.3,-6.17,-22.25,1.347882815304436,0.66,10316682.0,17116856.0,563.71875,99.05,29.85,2015,652.13,-23.55,-0.4,-0.45
2015-01-13,batang,巴塘,Batang,0.0,-12.27,-5.02,-21.27,1.4884570548199094,0.69,10334870.0,16750608.0,559.7969,99.05,29.85,2015,650.14,-21.31,0.51,-0.37
2015-01-14,batang,巴塘,Batang,0.0,-10.77,-3.0,-17.91,1.5960189760899188,0.88,10735626.0,16950660.0,555.8594,99.05,29.85,2015,649.85,-18.22,0.75,-0.37
2015-01-15,batang,巴塘,Batang,0.03,-10.69,-3.4,-17.32,1.5075889481891198,1.02,10979548.0,16902796.0,551.9531,99.05,29.85,2015,650.08,-15.33,0.9,-0.41
2015-01-16,batang,巴塘,Batang,0.1,-10.65,-2.64,-16.98,1.393453566883616,1.04,10300396.0,15612868.0,548.0781,99.05,29.85,2015,650.25,-14.88,0.93,-0.41
2015-01-17,batang,巴塘,Batang,0.63,-9.13,-2.25,-16.41,1.5961310912567914,0.8,10520902.0,15675256.0,544.21875,99.05,29.85,2015,650.45,-14.83,0.38,-0.31
2015-01-18,batang,巴塘,Batang,1.62,-7.91,-3.9,-13.75,1.394087095408925,0.36,8053600.0,12462760.0,540.4219,99.05,29.85,2015,648.96,-12.38,-0.21,-0.24
2015-01-19,batang,巴塘,Batang,1.35,-8.58,-2.54,-17.02,1.488015213397088,0.47,7822152.0,13680212.0,536.6719,99.05,29.85,2015,647.69,-14.72,0.19,-0.05
2015-01-20,batang,巴塘,Batang,0.44,-9.93,-3.43,-17.79,1.6227573311400574,0.55,9342384.0,16083800.0,532.9219,99.05,29.85,2015,651.19,-17.52,0.3,-0.26
2015-01-21,batang,巴塘,Batang,0.0,-10.27,-1.56,-18.5,1.7718914031817563,0.6,10768880.0,17966280.0,529.21875,99.05,29.85,2015,653.11,-18.87,0.44,-0.31
2015-01-22,batang,巴塘,Batang,0.0,-9.73,-1.75,-18.75,1.8123276404483608,0.71,11002730.0,17751060.0,525.5,99.05,29.85,2015,651.2,-19.1,0.62,-0.29
2015-01-23,batang,巴塘,Batang,0.04,-8.79,-1.85,-16.17,1.8076587910771569,1.03,11363974.0,17744568.0,521.78125,99.05,29.85,2015,646.95,-15.18,0.97,-0.31
2015-01-24,batang,巴塘,Batang,0.13,-5.87,0.74,-13.01,1.82558635078448,1.04,10562626.0,15944524.0,518.1094,99.05,29.85,2015,648.17,-9.86,0.98,-0.28
2015-01-25,batang,巴塘,Batang,0.05,-7.04,0.14,-12.81,1.7951265150339677,0.96,11352700.0,16539176.0,514.5781,99.05,29.85,2015,650.15,-11.2,0.9,-0.26
2015-01-26,batang,巴塘,Batang,0.08,-6.22,0.8,-13.38,1.919557690998348,1.04,12166426.0,17134432.0,511.0625,99.05,29.85,2015,649.94,-10.38,0.97,-0.35
2015-01-27,batang,巴塘,Batang,0.18,-3.54,2.06,-11.09,1.9227983794660808,1.3,11202124.0,15325248.0,507.79688,99.05,29.85,2015,646.96,-7.21,1.26,-0.23
2015-01-28,batang,巴塘,Batang,0.44,-2.09,3.82,-6.33,2.100590799704644,1.6,11692070.0,15569164.0,505.10938,99.05,29.85,2015,645.2,-6.48,1.57,0.08
2015-01-29,batang,巴塘,Batang,1.54,-3.32,2.84,-8.69,2.089786678386882,1.63,12432506.0,16313488.0,503.0,99.05,29.85,2015,645.79,-8.23,1.58,0.02
2015-01-30,batang,巴塘,Batang,1.08,-5.44,0.68,-11.94,1.896538478913489,1.36,11756550.0,16256488.0,500.9375,99.05,29.85,2015,644.46,-10.26,1.29,-0.18
2015-01-31,batang,巴塘,Batang,0.45,-8.4,-1.87,-14.99,1.6866800793559356,1.22,11545724.0,16016100.0,498.39062,99.05,29.85,2015,647.38,-15.02,1.1,-0.11
2015-02-01,batang,巴塘,Batang,0.43,-10.48,-3.93,-17.79,1.5385803484966123,1.18,12353574.0,17237976.0,495.875,99.05,29.85,2015,649.68,-15.33,0.99,-0.38
2015-02-02,batang,巴塘,Batang,0.03,-11.22,-3.51,-18.51,1.6487401355235087,0.9,13516240.0,18758140.0,493.34375,99.05,29.85,2015,652.77,-16.78,0.78,-0.37
2015-02-03,batang,巴塘,Batang,0.0,-9.58,-1.27,-18.23,1.8689216256758,0.82,14064258.0,19136932.0,490.01562,99.05,29.85,2015,652.93,-15.72,0.71,-0.3
2015-02-04,batang,巴塘,Batang,0.15,-8.85,-1.64,-17.54,1.9185387908400395,1.07,14482484.0,19316056.0,485.6875,99.05,29.85,2015,649.05,-14.8,0.99,-0.36
2015-02-05,batang,巴塘,Batang,0.94,-6.71,0.4,-13.5,1.9928782045029976,0.88,13478768.0,17782288.0,480.9375,99.05,29.85,2015,649.18,-11.69,0.77,-0.33
2015-02-06,batang,巴塘,Batang,0.36,-7.26,0.15,-13.21,1.7843931764811287,1.0,12392610.0,16521338.0,476.34375,99.05,29.85,2015,648.56,-11.87,0.9,-0.29
2015-02-07,batang,巴塘,Batang,0.28,-6.0,0.87,-11.67,2.0955134605056727,1.07,13903844.0,18344276.0,472.03125,99.05,29.85,2015,647.76,-11.03,1.0,-0.34
2015-02-08,batang,巴塘,Batang,1.63,-3.36,2.89,-8.67,2.170628530610602,1.18,12606916.0,16627816.0,468.125,99.05,29.85,2015,647.37,-8.28,1.1,-0.09
2015-02-09,batang,巴塘,Batang,1.37,-3.54,2.01,-7.57,2.0982253346215654,1.29,11916782.0,16313508.0,464.75,99.05,29.85,2015,648.19,-8.35,1.23,-0.18
2015-02-10,batang,巴塘,Batang,6.3,-4.69,1.12,-15.07,1.9059836059280808,0.64,10631300.0,15145332.0,461.65625,99.05,29.85,2015,649.32,-8.62,0.38,-0.22
2015-02-11,batang,巴塘,Batang,0.04,-8.65,-1.66,-16.71,1.980582560735337,0.72,9718118.0,18832648.0,458.59375,99.05,29.85,2015,650.72,-15.99,-0.25,-0.65
2015-02-12,batang,巴塘,Batang,0.16,-7.13,-0.33,-16.57,2.1542590368284533,0.87,10445830.0,19066996.0,454.65625,99.05,29.85,2015,647.74,-14.58,0.65,-0.56
2015-02-13,batang,巴塘,Batang,0.72,-5.52,-0.55,-10.2,1.8341118357918988,1.17,8753758.0,15557252.0,450.59375,99.05,29.85,2015,644.63,-10.21,1.07,-0.42
2015-02-14,batang,巴塘,Batang,0.61,-6.67,-0.32,-14.84,2.0942121394216944,0.71,10240016.0,18203660.0,446.875,99.05,29.85,2015,645.02,-12.56,0.59,-0.31
2015-02-15,batang,巴塘,Batang,0.5,-7.28,-0.98,-15.14,2.1278481179309288,0.72,11097318.0,19193644.0,443.28125,99.05,29.85,2015,648.27,-13.16,0.27,-0.44
2015-02-16,batang,巴塘,Batang,0.19,-7.14,-0.78,-14.95,2.1580570417680875,0.56,11039208.0,18636484.0,439.8125,99.05,29.85,2015,650.01,-15.31,-0.32,-0.37
2015-02-17,batang,巴塘,Batang,0.0,-8.39,-0.12,-16.86,2.3024277269897486,0.83,13578566.0,21841364.0,436.375,99.05,29.85,2015,649.0,-16.85,0.52,-0.49
2015-02-18,batang,巴塘,Batang,0.02,-7.05,0.46,-16.93,2.460398902677348,1.0,14378468.0,21988692.0,432.875,99.05,29.85,2015,647.21,-15.47,0.85,-0.46
2015-02-19,batang,巴塘,Batang,0.74,-5.13,1.68,-12.34,2.2030372459840164,1.13,12175334.0,17886648.0,429.34375,99.05,29.85,2015,646.9,-11.79,1.05,-0.23
2015-02-20,batang,巴塘,Batang,0.29,-4.53,2.51,-12.38,2.624676028484114,0.99,13871102.0,20168924.0,425.90625,99.05,29.85,2015,648.22,-13.83,0.87,-0.24
2015-02-21,batang,巴塘,Batang,1.57,-4.45,2.49,-13.18,2.7531461381691007,1.07,15579410.0,21891612.0,422.5,99.05,29.85,2015,647.24,-11.98,0.96,-0.4
2015-02-22,batang,巴塘,Batang,0.47,-4.52,1.82,-12.49,2.592352610517518,0.68,12904350.0,19616090.0,419.21875,99.05,29.85,2015,649.25,-14.13,-0.07,-0.37
2015-02-23,batang,巴塘,Batang,0.04,-3.96,3.8,-13.44,2.8167205519859544,0.74,15275252.0,21229072.0,415.875,99.05,29.85,2015,649.78,-12.3,0.53,-0.45
2015-02-24,batang,巴塘,Batang,0.05,-2.05,4.9,-11.29,3.0790314151228952,0.9,16247156.0,21259774.0,412.59375,99.05,29.85,2015,648.09,-10.94,0.78,-0.41
2015-02-25,batang,巴塘,Batang,0.17,-0.51,6.66,-8.22,3.1019172860131348,1.19,16516630.0,20623726.0,410.15625,99.05,29.85,2015,647.04,-7.56,1.1,-0.41
2015-02-26,batang,巴塘,Batang,1.09,0.8,6.37,-4.96,2.6137450655709458,1.4,13851964.0,16832108.0,410.03125,99.05,29.85,2015,645.43,-4.03,1.34,-0.34
2015-02-27,batang,巴塘,Batang,3.1,0.71,6.4,-2.7,2.499445234659708,1.48,13777798.0,16842380.0,413.34375,99.05,29.85,2015,645.37,-2.89,1.46,0.01
2015-02-28,batang,巴塘,Batang,0.73,2.09,8.7,-2.77,3.2577725374539805,1.65,15140862.0,19322142.0,419.8125,99.05,29.85,2015,648.52,-5.15,1.55,0.22
2015-03-01,batang,巴塘,Batang,1.04,2.24,8.84,-2.8,3.3739863559068435,1.51,16235718.0,19810134.0,427.78125,99.05,29.85,2015,650.17,-5.29,1.46,0.11
2015-03-02,batang,巴塘,Batang,0.43,2.5,8.78,-2.69,3.2395969241441454,1.68,15630710.0,18598108.0,435.09375,99.05,29.85,2015,647.27,-5.07,1.61,0.2
2015-03-03,batang,巴塘,Batang,0.97,1.72,8.58,-3.64,3.326285078873764,1.98,17014128.0,20076102.0,441.46875,99.05,29.85,2015,642.54,-6.08,1.86,0.32
2015-03-04,batang,巴塘,Batang,0.64,0.89,6.8,-3.83,3.385117720050929,2.04,17798392.0,20902218.0,446.90625,99.05,29.85,2015,642.21,-8.01,1.9,0.46
2015-03-05,batang,巴塘,Batang,0.43,0.13,6.21,-5.02,3.2169157240252173,1.78,16959198.0,19888296.0,450.4375,99.05,29.85,2015,644.95,-9.65,1.57,0.57
2015-03-06,batang,巴塘,Batang,1.17,-0.15,5.81,-4.76,3.0104619568101976,1.64,16245083.0,19195352.0,450.90625,99.05,29.85,2015,646.05,-8.49,1.57,0.13
2015-03-07,batang,巴塘,Batang,0.89,0.74,6.72,-4.26,3.3523294727763666,1.66,16605583.0,19882824.0,446.90625,99.05,29.85,2015,647.3,-9.85,1.46,0.51
2015-03-08,batang,巴塘,Batang,0.07,1.19,7.5,-4.7,3.6914943875797497,1.51,18625270.0,21941430.0,438.875,99.05,29.85,2015,649.84,-9.51,1.48,0.03
2015-03-09,batang,巴塘,Batang,0.52,2.68,9.75,-3.37,3.912458406909834,1.79,19459844.0,22542428.0,428.40625,99.05,29.85,2015,650.35,-6.56,1.68,0.36
2015-03-10,batang,巴塘,Batang,1.04,3.01,9.04,-2.54,4.264319088123695,1.81,20080226.0,23060258.0,418.0,99.05,29.85,2015,649.66,-9.82,1.54,0.76
2015-03-11,batang,巴塘,Batang,0.86,1.55,6.8,-2.77,3.307608055390772,0.85,15185829.0,18062588.0,409.625,99.05,29.85,2015,652.24,-13.31,0.03,0.4
2015-03-12,batang,巴塘,Batang,0.09,3.29,9.94,-3.0,4.532287675392334,1.29,20508384.0,23870364.0,401.5,99.05,29.85,2015,650.8,-12.56,1.14,0.26
2015-03-13,batang,巴塘,Batang,0.51,3.77,10.5,-2.15,4.379640797418388,1.55,20768620.0,23847644.0,394.15625,99.05,29.85,2015,649.32,-6.85,1.43,0.16
2015-03-14,batang,巴塘,Batang,0.99,3.85,9.94,-1.8,3.8677868043404056,1.73,18358856.0,21065542.0,388.625,99.05,29.85,2015,648.87,-4.96,1.67,0.27
2015-03-15,batang,巴塘,Batang,1.97,3.17,9.69,-1.33,3.586542955300017,1.25,18316546.0,21061864.0,384.375,99.05,29.85,2015,650.92,-2.52,1.17,-0.04
2015-03-16,batang,巴塘,Batang,1.38,4.15,10.61,-1.49,3.531591019487044,1.53,16576079.0,19105832.0,381.78125,99.05,29.85,2015,648.8,-3.27,1.48,0.01
2015-03-17,batang,巴塘,Batang,1.8,3.53,9.89,-2.27,3.681529983090707,1.62,17776286.0,20564492.0,381.0625,99.05,29.85,2015,646.26,-4.32,1.42,0.33
2015-03-18,batang,巴塘,Batang,1.33,2.37,9.92,-2.51,3.769369102868154,2.16,18823132.0,22102732.0,384.3125,99.05,29.85,2015,646.26,-6.66,1.99,0.51
2015-03-19,batang,巴塘,Batang,1.37,1.69,8.05,-3.38,3.808040626283968,2.07,19383358.0,22723476.0,391.21875,99.05,29.85,2015,647.77,-8.26,1.86,0.49
2015-03-20,batang,巴塘,Batang,1.58,1.44,6.11,-2.84,3.5607434786675363,0.95,17653368.0,20745936.0,399.6875,99.05,29.85,2015,651.82,-9.03,0.41,0.55
2015-03-21,batang,巴塘,Batang,1.08,3.16,8.18,-2.46,4.307193326489407,1.36,20097834.0,23577034.0,405.625,99.05,29.85,2015,651.13,-8.76,1.3,0.12
2015-03-22,batang,巴塘,Batang,0.78,2.58,8.82,-2.22,3.759079213432442,1.0,18220192.0,21091098.0,405.875,99.05,29.85,2015,652.05,-7.38,0.08,0.16
2015-03-23,batang,巴塘,Batang,2.27,3.39,9.99,-2.09,4.2612254202589686,1.16,20849080.0,23944816.0,400.875,99.05,29.85,2015,651.85,-5.58,0.45,0.3
2015-03-24,batang,巴塘,Batang,0.37,2.61,7.53,-2.04,4.082364134252567,0.92,18190656.0,21875250.0,393.3125,99.05,29.85,2015,654.0,-13.63,-0.86,-0.19
2015-03-25,batang,巴塘,Batang,0.05,4.47,10.39,-1.74,4.985662919538952,0.57,21806098.0,25481898.0,383.09375,99.05,29.85,2015,653.65,-15.0,-0.24,-0.17
2015-03-26,batang,巴塘,Batang,0.29,5.41,11.13,-1.14,4.636240189449898,0.78,19869960.0,22868724.0,371.96875,99.05,29.85,2015,653.66,-9.26,0.71,-0.11
2015-03-27,batang,巴塘,Batang,0.28,5.09,11.43,-0.99,4.9071699397284725,0.7,22099868.0,25288286.0,363.25,99.05,29.85,2015,651.94,-6.54,0.31,0.04
2015-03-28,batang,巴塘,Batang,0.65,3.38,9.88,-2.21,3.65524096083562,0.83,17383416.0,19851018.0,358.0,99.05,29.85,2015,650.99,-5.9,0.23,0.31
2015-03-29,batang,巴塘,Batang,0.06,6.58,12.97,-1.8,5.198395580669128,0.71,21688544.0,24828210.0,354.0625,99.05,29.85,2015,650.3,-9.16,0.44,-0.03
2015-03-30,batang,巴塘,Batang,0.02,7.26,14.23,0.29,5.4661096291964775,1.24,22478412.0,25671452.0,352.5,99.05,29.85,2015,648.77,-6.43,1.21,-0.01
2015-03-31,batang,巴塘,Batang,0.57,5.89,12.89,0.47,3.992201789464704,1.7,17527250.0,20011152.0,359.3125,99.05,29.85,2015,646.21,-2.5,1.68,0.1
2015-04-01,batang,巴塘,Batang,1.85,5.01,10.99,-0.23,4.147584392263783,1.06,19310374.0,22072716.0,376.34375,99.05,29.85,2015,646.3,-2.36,0.78,0.37
2015-04-02,batang,巴塘,Batang,1.14,4.44,11.12,-0.73,4.2578563509905525,1.22,19994040.0,23063792.0,406.34375,99.05,29.85,2015,643.96,-3.91,1.18,0.23
2015-04-03,batang,巴塘,Batang,1.04,4.9,11.59,-0.76,4.521191869822753,1.05,20947526.0,24036566.0,445.90625,99.05,29.85,2015,643.93,-3.74,0.82,0.22
2015-04-04,batang,巴塘,Batang,1.72,4.07,10.86,-0.74,3.724390345394853,1.41,18325698.0,20991732.0,478.78125,99.05,29.85,2015,645.13,-2.21,1.36,0.05
2015-04-05,batang,巴塘,Batang,0.98,4.4,11.79,-0.98,4.150872986136065,2.17,19704868.0,22728574.0,495.375,99.05,29.85,2015,645.5,-4.19,2.03,0.31
2015-04-06,batang,巴塘,Batang,1.27,4.19,9.7,-0.95,3.831806551214261,1.68,18314126.0,21136850.0,500.125,99.05,29.85,2015,646.82,-3.31,1.66,0.1
2015-04-07,batang,巴塘,Batang,1.61,4.91,10.6,-0.41,4.4988115979481424,1.3,20356440.0,23677918.0,504.09375,99.05,29.85,2015,648.75,-4.67,1.22,0.36
2015-04-08,batang,巴塘,Batang,2.13,4.87,10.27,-0.07,4.179208330037298,1.63,19201834.0,22333544.0,511.0625,99.05,29.85,2015,647.32,-3.41,1.54,0.37
2015-04-09,batang,巴塘,Batang,1.12,4.73,10.31,-0.96,4.243460408557747,1.74,19205210.0,22401482.0,515.875,99.05,29.85,2015,646.97,-4.64,1.69,0.29
2015-04-10,batang,巴塘,Batang,6.47,2.62,8.33,-1.17,3.2277166855476995,1.06,16031372.0,18925456.0,517.65625,99.05,29.85,2015,649.16,-3.14,0.56,0.35
2015-04-11,batang,巴塘,Batang,1.56,1.51,6.27,-1.58,3.50336520297306,1.36,14811842.0,20603446.0,517.78125,99.05,29.85,2015,653.95,-8.01,-1.34,0.0
2015-04-12,batang,巴塘,Batang,0.23,1.73,7.22,-2.77,4.165249209357417,1.08,18268704.0,23774416.0,506.8125,99.05,29.85,2015,656.87,-12.21,-1.06,0.04
2015-04-13,batang,巴塘,Batang,0.13,5.14,11.02,-2.27,4.911490291524721,1.07,20468996.0,25031908.0,486.53125,99.05,29.85,2015,653.39,-7.52,0.93,0.03
2015-04-14,batang,巴塘,Batang,3.77,3.5,10.87,-4.74,3.4655402377868025,0.98,16844628.0,19918644.0,463.40625,99.05,29.85,2015,652.84,-1.57,-0.26,0.32
2015-04-15,batang,巴塘,Batang,0.02,6.07,13.0,-3.92,5.199926634415349,0.83,22020420.0,25842566.0,441.28125,99.05,29.85,2015,654.32,-6.27,-0.51,-0.25
2015-04-16,batang,巴塘,Batang,0.14,9.67,16.62,2.66,5.968615056908541,1.54,22614080.0,26135398.0,419.78125,99.05,29.85,2015,650.01,-2.79,1.38,0.51
2015-04-17,batang,巴塘,Batang,2.07,7.96,14.05,2.07,4.979963146263748,1.72,20788236.0,23923600.0,407.3125,99.05,29.85,2015,646.79,-0.72,1.67,0.2
2015-04-18,batang,巴塘,Batang,3.51,5.62,12.05,1.45,3.6918991052393992,1.88,17825696.0,20540434.0,407.59375,99.05,29.85,2015,645.89,0.68,1.86,0.03
2015-04-19,batang,巴塘,Batang,6.16,2.22,5.61,-2.31,2.1994591739490508,0.79,9375230.0,12781132.0,419.78125,99.05,29.85,2015,650.3,-2.01,-0.31,0.21
2015-04-20,batang,巴塘,Batang,0.05,5.53,12.93,-1.54,5.489439752596762,1.1,21653052.0,27901424.0,447.8125,99.05,29.85,2015,650.12,-7.9,0.94,0.41
2015-04-21,batang,巴塘,Batang,0.2,6.95,13.24,-0.14,5.3320084188015855,1.37,21947606.0,26297872.0,479.0,99.05,29.85,2015,648.12,-3.38,1.34,0.14
2015-04-22,batang,巴塘,Batang,9.64,5.23,11.67,0.89,3.6853433928949495,1.21,18005922.0,21127878.0,503.25,99.05,29.85,2015,648.17,2.23,1.19,-0.09
2015-04-23,batang,巴塘,Batang,20.29,3.63,9.3,0.15,2.9825282880511748,0.75,12786000.0,17562078.0,530.21875,99.05,29.85,2015,650.88,1.62,0.04,0.24
2015-04-24,batang,巴塘,Batang,9.04,1.83,5.18,-1.6,3.4606485463391583,0.42,6289872.0,21032896.0,566.4375,99.05,29.85,2015,652.34,-0.42,-0.26,0.11
2015-04-25,batang,巴塘,Batang,1.87,2.04,7.57,-2.65,4.543917900189836,0.52,8160986.0,27302190.0,590.375,99.05,29.85,2015,652.62,-3.04,-0.33,0.11
2015-04-26,batang,巴塘,Batang,6.07,0.36,3.34,-2.51,2.4050747290841734,0.53,5517088.0,15748212.0,595.125,99.05,29.85,2015,652.55,-1.15,-0.5,0.06
2015-04-27,batang,巴塘,Batang,0.61,0.1,6.89,-9.95,3.948932012496017,0.38,9929612.0,25438520.0,586.125,99.05,29.85,2015,651.85,-3.37,-0.09,-0.12
2015-04-28,batang,巴塘,Batang,1.39,1.32,8.13,-7.81,4.46889392330512,0.37,15528792.0,27410348.0,566.40625,99.05,29.85,2015,651.59,-2.38,0.04,-0.18
2015-04-29,batang,巴塘,Batang,0.48,5.41,11.0,-1.89,4.69077489147743,1.08,17574916.0,25113940.0,540.90625,99.05,29.85,2015,649.5,-1.66,0.99,-0.29
2015-04-30,batang,巴塘,Batang,7.54,4.65,11.77,-2.26,4.732047714547992,0.86,21533170.0,26911318.0,521.25,99.05,29.85,2015,649.08,0.79,0.47,-0.01
2015-05-01,batang,巴塘,Batang,0.82,5.61,10.96,-0.71,4.890982531209211,0.87,19858466.0,25736166.0,522.90625,99.05,29.85,2015,650.08,-1.82,-0.3,0.07
2015-05-02,batang,巴塘,Batang,1.53,7.8,12.76,1.49,5.091867825707483,1.24,20473208.0,24684516.0,541.1875,99.05,29.85,2015,648.9,-0.61,1.14,0.12
2015-05-03,batang,巴塘,Batang,0.93,8.81,14.36,2.97,5.207664398704932,1.56,20457132.0,23984416.0,568.90625,99.05,29.85,2015,649.13,-0.63,1.54,0.15
2015-05-04,batang,巴塘,Batang,2.56,8.59,13.39,2.54,5.335563223802753,1.56,21697162.0,25212280.0,602.3125,99.05,29.85,2015,649.04,-0.28,1.48,0.33
2015-05-05,batang,巴塘,Batang,5.18,5.27,11.65,-0.81,3.890972195357312,0.67,17635334.0,20498708.0,645.65625,99.05,29.85,2015,650.13,-0.53,-0.12,0.22
2015-05-06,batang,巴塘,Batang,0.26,8.4,14.02,1.43,5.802454999022751,0.75,22749094.0,26499732.0,701.9375,99.05,29.85,2015,649.93,-5.86,0.07,0.1
2015-05-07,batang,巴塘,Batang,0.85,8.1,14.16,1.17,5.617987725241712,0.85,23121130.0,26838948.0,749.0,99.05,29.85,2015,650.37,-1.08,0.12,0.16
2015-05-08,batang,巴塘,Batang,0.44,8.13,13.19,2.29,6.147452647922447,0.8,24550930.0,28476184.0,771.84375,99.05,29.85,2015,650.42,-6.62,-0.57,0.0
2015-05-09,batang,巴塘,Batang,1.94,6.75,13.76,-0.03,5.329441422289318,0.49,23063016.0,26753916.0,773.96875,99.05,29.85,2015,650.18,0.15,-0.12,0.11
2015-05-10,batang,巴塘,Batang,1.87,7.62,15.86,0.43,5.555701092471824,0.63,23453564.0,27218168.0,766.40625,99.05,29.85,2015,652.03,0.39,-0.51,0.17
2015-05-11,batang,巴塘,Batang,0.0,10.98,16.05,2.15,7.1406991612860775,0.6,26253848.0,30482004.0,758.375,99.05,29.85,2015,652.28,-5.5,-0.07,-0.06
2015-05-12,batang,巴塘,Batang,11.94,8.55,15.37,3.64,4.934637265629402,0.73,20568882.0,23908928.0,760.875,99.05,29.85,2015,650.19,3.72,0.31,0.11
2015-05-13,batang,巴塘,Batang,1.47,8.91,15.3,3.12,5.374447169819597,0.44,20952242.0,25220160.0,793.25,99.05,29.85,2015,649.75,3.11,0.1,-0.02
2015-05-14,batang,巴塘,Batang,0.64,11.14,18.58,3.94,6.276753150950923,0.78,23443856.0,27520482.0,828.90625,99.05,29.85,2015,650.04,2.61,0.71,0.1
2015-05-15,batang,巴塘,Batang,1.2,11.93,17.99,5.72,5.950866218252134,1.25,21935160.0,25570676.0,881.59375,99.05,29.85,2015,650.17,3.87,1.2,-0.2
2015-05-16,batang,巴塘,Batang,2.2,10.44,16.25,6.1,4.333159502444854,1.36,16944908.0,19723380.0,990.71875,99.05,29.85,2015,648.42,5.11,1.31,-0.22
2015-05-17,batang,巴塘,Batang,19.0,7.78,15.78,3.0,3.6240614695342033,1.03,16162206.0,18811680.0,1184.25,99.05,29.85,2015,649.25,5.33,-0.09,0.31
2015-05-18,batang,巴塘,Batang,15.11,6.28,12.59,2.51,3.1357466015991053,0.44,13593488.0,16158040.0,1470.9062,99.05,29.85,2015,650.51,3.81,-0.28,0.13
2015-05-19,batang,巴塘,Batang,0.94,9.38,15.38,3.47,5.400774497170986,0.59,20996654.0,25289436.0,1649.2812,99.05,29.85,2015,649.77,4.11,0.04,-0.05
2015-05-20,batang,巴塘,Batang,0.57,12.24,17.42,6.22,6.413048131539124,0.95,23059734.0,26990140.0,1649.4375,99.05,29.85,2015,649.45,2.62,0.79,-0.13
2015-05-21,batang,巴塘,Batang,0.85,12.6,18.29,7.42,5.853941471967247,1.56,21058682.0,24533972.0,1610.8125,99.05,29.85,2015,648.15,4.5,1.53,-0.1
2015-05-22,batang,巴塘,Batang,1.26,12.25,17.42,6.8,5.869079746112115,1.28,21241202.0,24733092.0,1644.0625,99.05,29.85,2015,647.24,3.79,1.23,0.14
2015-05-23,batang,巴塘,Batang,1.34,11.47,16.99,5.87,5.299081084694653,1.45,19613908.0,22839680.0,1751.4688,99.05,29.85,2015,646.85,3.77,1.4,0.1
2015-05-24,batang,巴塘,Batang,0.86,11.15,16.46,5.99,4.8684740514463085,1.51,17895042.0,20840802.0,1889.5312,99.05,29.85,2015,647.63,3.44,1.46,0.07
2015-05-25,batang,巴塘,Batang,2.77,10.81,16.38,5.66,5.007397089945441,0.89,19044092.0,22182420.0,1961.3438,99.05,29.85,2015,648.74,4.23,0.76,0.09
2015-05-26,batang,巴塘,Batang,1.0,12.5,17.31,7.02,6.128014512314064,0.74,22016270.0,25688368.0,1989.2188,99.05,29.85,2015,649.3,3.9,0.64,0.06
2015-05-27,batang,巴塘,Batang,0.45,12.84,19.18,6.78,5.6700977842511335,1.69,19393276.0,22604064.0,2017.375,99.05,29.85,2015,647.57,3.22,1.65,0.09
2015-05-28,batang,巴塘,Batang,5.01,12.24,18.69,6.16,5.549579261833539,1.12,19903488.0,23194604.0,2037.0625,99.05,29.85,2015,647.65,3.83,0.64,0.39
2015-05-29,batang,巴塘,Batang,1.86,11.33,17.0,5.55,5.9942508588445484,0.49,22498144.0,26246924.0,2044.5938,99.05,29.85,2015,650.88,4.81,-0.09,-0.01
2015-05-30,batang,巴塘,Batang,0.43,13.15,18.68,7.24,6.8656413403485725,1.31,24278938.0,28307180.0,2053.2812,99.05,29.85,2015,649.89,3.36,1.24,0.0
2015-05-31,batang,巴塘,Batang,0.43,13.22,19.18,7.6,6.02348192696486,1.65,21007764.0,24489872.0,2033.5938,99.05,29.85,2015,647.21,4.42,1.6,-0.03
2015-06-01,batang,巴塘,Batang,0.57,13.59,20.09,7.5,6.098937021467704,1.65,20805214.0,24254420.0,1968.5,99.05,29.85,2015,647.43,4.21,1.6,-0.04
2015-06-02,batang,巴塘,Batang,0.52,14.19,19.81,8.43,5.823839255123319,1.39,19064516.0,22227496.0,1902.9375,99.05,29.85,2015,649.48,4.0,1.35,-0.14
2015-06-03,batang,巴塘,Batang,0.78,14.43,20.83,8.58,5.660904904973755,1.33,18607216.0,21697360.0,1873.4375,99.05,29.85,2015,650.67,5.18,1.27,-0.17
2015-06-04,batang,巴塘,Batang,2.81,14.27,19.26,9.19,6.102124989037904,0.51,21126406.0,24639280.0,1892.0625,99.05,29.85,2015,650.81,7.34,0.41,-0.18
2015-06-05,batang,巴塘,Batang,3.79,13.93,19.94,9.4,6.044262430851848,0.82,21434910.0,25001924.0,1989.5,99.05,29.85,2015,649.11,8.01,0.72,-0.18
2015-06-06,batang,巴塘,Batang,1.23,13.34,18.26,8.86,4.70012430688802,1.14,16566926.0,19325796.0,2112.5938,99.05,29.85,2015,648.38,7.46,1.09,-0.13
2015-06-07,batang,巴塘,Batang,6.07,13.58,19.21,9.49,4.986955027644125,0.92,17462636.0,20374044.0,2235.3125,99.05,29.85,2015,648.07,7.35,0.78,-0.06
2015-06-08,batang,巴塘,Batang,23.87,9.05,12.94,4.57,3.00923323665044,0.88,12670670.0,14790768.0,2399.3125,99.05,29.85,2015,649.63,7.09,-0.55,0.29
2015-06-09,batang,巴塘,Batang,9.14,4.99,7.68,1.37,1.46661010769646,0.55,6508106.0,8048036.0,2600.9375,99.05,29.85,2015,651.48,4.1,0.07,0.37
2015-06-10,batang,巴塘,Batang,1.37,10.38,15.15,3.69,4.8726299500436285,0.62,17871982.0,21419232.0,2678.5,99.05,29.85,2015,651.49,2.37,-0.55,-0.01
2015-06-11,batang,巴塘,Batang,3.6,11.92,16.94,7.56,5.814155948349314,1.32,22302122.0,26238032.0,2593.8438,99.05,29.85,2015,649.91,6.73,1.26,-0.3
2015-06-12,batang,巴塘,Batang,2.95,11.99,16.99,7.55,5.222107798039684,1.23,19880526.0,23237864.0,2469.4062,99.05,29.85,2015,648.44,7.04,1.15,-0.27
2015-06-13,batang,巴塘,Batang,2.53,12.85,17.76,8.28,5.50795405655288,1.4,20244526.0,23641944.0,2419.0938,99.05,29.85,2015,647.35,6.93,1.34,-0.18
2015-06-14,batang,巴塘,Batang,1.36,12.9,17.49,7.87,5.350777574829122,1.58,19281778.0,22516596.0,2490.6562,99.05,29.85,2015,647.64,6.28,1.55,-0.19
2015-06-15,batang,巴塘,Batang,1.29,13.01,18.49,8.61,5.431900874227936,1.72,19581064.0,22868256.0,2662.7188,99.05,29.85,2015,647.89,6.38,1.69,-0.14
2015-06-16,batang,巴塘,Batang,1.27,13.93,19.38,8.52,6.062048633690464,1.36,21340582.0,24928700.0,2866.6875,99.05,29.85,2015,648.07,6.91,1.33,-0.03
2015-06-17,batang,巴塘,Batang,1.66,14.06,19.92,8.19,6.308137876082609,1.06,22064156.0,25779460.0,2980.125,99.05,29.85,2015,647.97,6.78,0.98,-0.11
2015-06-18,batang,巴塘,Batang,2.24,14.22,20.18,9.29,6.281844294157783,1.05,22046336.0,25764728.0,3039.0938,99.05,29.85,2015,648.77,7.58,0.99,-0.19
2015-06-19,batang,巴塘,Batang,10.5,14.05,20.03,9.95,6.335779365163448,0.97,22656146.0,26482036.0,3163.2812,99.05,29.85,2015,649.13,8.51,0.77,0.01
2015-06-20,batang,巴塘,Batang,7.96,12.05,17.25,7.84,4.869000661617858,0.58,18336004.0,21437956.0,3394.0625,99.05,29.85,2015,650.85,9.02,-0.34,0.09
2015-06-21,batang,巴塘,Batang,4.39,12.83,18.69,8.74,5.6887275909559,0.91,21167468.0,24752844.0,3588.7188,99.05,29.85,2015,649.29,8.45,0.81,-0.15
2015-06-22,batang,巴塘,Batang,1.13,14.74,20.44,9.22,6.017292088269159,1.45,20456808.0,23927208.0,3656.4375,99.05,29.85,2015,646.69,7.36,1.41,-0.03
2015-06-23,batang,巴塘,Batang,0.56,16.08,21.65,10.31,6.606794342843141,1.2,21187788.0,24787340.0,3661.2812,99.05,29.85,2015,647.1,6.51,1.16,0.04
2015-06-24,batang,巴塘,Batang,9.44,13.97,20.32,9.62,5.565505819072318,0.8,19923124.0,23313188.0,3721.2188,99.05,29.85,2015,648.24,9.66,0.7,0.03
2015-06-25,batang,巴塘,Batang,4.96,14.61,20.38,10.7,5.761974750571678,1.01,20453340.0,23939448.0,3914.5938,99.05,29.85,2015,646.98,10.16,0.94,-0.28
2015-06-26,batang,巴塘,Batang,0.46,16.35,21.85,10.42,6.805305666226423,1.39,22150470.0,25930864.0,4083.8438,99.05,29.85,2015,646.19,8.12,1.37,-0.07
2015-06-27,batang,巴塘,Batang,0.33,16.12,21.16,10.54,6.317665446463388,1.32,20536138.0,24045696.0,4173.375,99.05,29.85,2015,648.96,8.17,1.31,-0.01
2015-06-28,batang,巴塘,Batang,0.48,16.66,22.13,10.99,6.443644279802709,1.11,20610034.0,24138252.0,4181.125,99.05,29.85,2015,650.58,8.3,1.09,-0.0
2015-06-29,batang,巴塘,Batang,3.34,16.52,21.93,10.92,6.356242551090762,0.79,20553248.0,24077252.0,4184.0312,99.05,29.85,2015,649.78,8.51,0.73,0.12
2015-06-30,batang,巴塘,Batang,18.08,12.89,17.08,10.04,3.046258552587416,0.69,11322050.0,13266580.0,4245.9375,99.05,29.85,2015,650.19,11.26,0.58,-0.12
2015-07-01,batang,巴塘,Batang,5.3,13.34,19.16,9.27,4.660331123014919,1.05,17165362.0,20117580.0,4443.25,99.05,29.85,2015,649.33,9.84,1.01,-0.22
2015-07-02,batang,巴塘,Batang,6.47,14.14,20.06,9.68,5.514885818831291,1.05,19710124.0,23104340.0,4757.4062,99.05,29.85,2015,648.19,9.54,0.95,0.09
2015-07-03,batang,巴塘,Batang,8.94,14.32,20.53,10.06,5.79279285581853,0.99,20536960.0,24078656.0,5151.6875,99.05,29.85,2015,647.3,9.42,0.89,0.03
2015-07-04,batang,巴塘,Batang,17.87,11.37,16.37,7.8,3.006337338040825,0.8,11577184.0,13576616.0,5578.5938,99.05,29.85,2015,649.28,9.2,-0.36,0.3
2015-07-05,batang,巴塘,Batang,1.02,12.12,16.76,5.83,6.390853952385997,1.09,23009296.0,26988468.0,5932.7812,99.05,29.85,2015,650.9,2.49,-1.04,0.23
2015-07-06,batang,巴塘,Batang,0.0,14.46,19.53,7.56,7.3431779640209935,0.65,24465252.0,28702760.0,6014.3438,99.05,29.85,2015,650.12,0.76,0.02,-0.16
2015-07-07,batang,巴塘,Batang,1.46,13.28,18.49,9.14,6.510764107761268,1.49,23557868.0,27644408.0,5916.7812,99.05,29.85,2015,649.71,6.09,1.43,-0.3
2015-07-08,batang,巴塘,Batang,5.55,13.39,17.64,8.88,4.702440862499575,1.2,16135212.0,18937016.0,5884.0312,99.05,29.85,2015,650.08,6.64,0.59,0.12
2015-07-09,batang,巴塘,Batang,0.58,13.77,19.08,8.41,6.7991886556463,1.08,23529560.0,27622764.0,5964.4375,99.05,29.85,2015,651.59,4.53,-0.68,-0.16
2015-07-10,batang,巴塘,Batang,2.18,12.98,18.79,8.84,6.161569115241902,0.87,22367614.0,26264976.0,6064.3438,99.05,29.85,2015,651.56,7.04,0.72,-0.28
2015-07-11,batang,巴塘,Batang,0.66,14.52,19.57,9.68,5.214774187954683,0.98,17086338.0,20067074.0,6090.1875,99.05,29.85,2015,650.21,5.91,0.91,-0.2
2015-07-12,batang,巴塘,Batang,11.85,14.08,19.77,10.54,5.24652414876931,0.49,18346612.0,21552296.0,6008.75,99.05,29.85,2015,650.2,9.74,0.02,0.1
2015-07-13,batang,巴塘,Batang,11.47,12.47,15.82,10.18,2.7719933061874205,0.74,9907532.0,11642416.0,5880.2812,99.05,29.85,2015,649.94,9.15,0.2,-0.17
2015-07-14,batang,巴塘,Batang,18.27,10.22,16.34,6.17,2.8205358357210075,0.87,11464804.0,13474420.0,5764.0938,99.05,29.85,2015,649.62,8.72,-0.21,0.22
2015-07-15,batang,巴塘,Batang,4.84,9.56,14.53,5.05,3.561335945259255,0.52,13879644.0,16315552.0,5677.4375,99.05,29.85,2015,650.06,5.35,-0.13,0.24
2015-07-16,batang,巴塘,Batang,1.74,10.56,15.09,4.89,6.117998522439518,0.88,23789794.0,27958160.0,5556.25,99.05,29.85,2015,649.59,4.25,-0.75,0.4
2015-07-17,batang,巴塘,Batang,0.94,11.6,16.03,6.56,6.5708253300776445,0.66,24139382.0,28362460.0,5348.625,99.05,29.85,2015,649.51,2.6,-0.45,0.16
2015-07-18,batang,巴塘,Batang,2.92,11.15,16.39,3.6,5.900516052013375,0.32,22088242.0,25946424.0,5090.0312,99.05,29.85,2015,649.9,5.96,0.16,0.02
2015-07-19,batang,巴塘,Batang,6.04,11.37,17.28,5.57,5.629707618769486,0.44,21058774.0,24731152.0,4820.0,99.05,29.85,2015,650.23,6.26,0.34,-0.14
2015-07-20,batang,巴塘,Batang,6.02,11.94,16.32,7.76,4.458339098363521,0.78,16827938.0,19764586.0,4565.7188,99.05,29.85,2015,650.25,8.59,0.73,-0.14
2015-07-21,batang,巴塘,Batang,10.08,11.41,15.19,8.56,3.666307762117656,0.41,13818022.0,16221606.0,4350.5,99.05,29.85,2015,651.13,9.13,0.14,0.01
2015-07-22,batang,巴塘,Batang,5.79,12.01,16.52,8.08,4.497444228729192,0.47,16681856.0,19577182.0,4184.75,99.05,29.85,2015,651.5,8.77,0.06,0.13
2015-07-23,batang,巴塘,Batang,4.13,11.65,17.42,5.22,5.744514930666263,0.59,21498838.0,25224900.0,4030.3906,99.05,29.85,2015,652.0,6.44,-0.26,0.22
2015-07-24,batang,巴塘,Batang,1.12,10.93,16.28,4.5,6.131223860181704,0.9,23271590.0,27297396.0,3852.4375,99.05,29.85,2015,652.78,3.25,-0.86,-0.01
2015-07-25,batang,巴塘,Batang,0.3,12.21,18.22,5.59,7.117946415569514,0.95,25826310.0,30287082.0,3650.875,99.05,29.85,2015,652.01,2.24,-0.75,-0.18
2015-07-26,batang,巴塘,Batang,1.97,12.19,18.52,5.95,6.766266889796424,0.89,24768888.0,29040094.0,3445.3906,99.05,29.85,2015,651.61,3.81,-0.36,-0.31
2015-07-27,batang,巴塘,Batang,4.87,10.61,16.69,5.44,5.847292467227825,0.5,22619034.0,26513042.0,3248.5312,99.05,29.85,2015,650.87,6.18,0.09,-0.2
2015-07-28,batang,巴塘,Batang,4.15,9.94,16.39,5.38,5.1158220296430725,0.45,20152194.0,23616158.0,3069.1719,99.05,29.85,2015,650.83,6.36,-0.02,-0.11
2015-07-29,batang,巴塘,Batang,3.06,10.44,17.1,4.5,5.151897220264402,0.47,19955914.0,23382334.0,2910.3594,99.05,29.85,2015,651.0,6.37,-0.04,-0.23
2015-07-30,batang,巴塘,Batang,4.86,11.68,17.55,6.59,5.355913468556609,0.37,19932702.0,23350044.0,2772.7812,99.05,29.85,2015,651.43,7.55,-0.06,-0.03
2015-07-31,batang,巴塘,Batang,4.8,11.65,17.67,6.26,5.014102910658076,0.35,18669152.0,21862220.0,2652.625,99.05,29.85,2015,652.3,7.89,0.16,0.08
2015-08-01,batang,巴塘,Batang,2.98,12.42,20.47,5.56,5.871556918832109,0.44,21472784.0,25139516.0,2543.7969,99.05,29.85,2015,652.83,7.52,0.15,-0.1
2015-08-02,batang,巴塘,Batang,0.75,13.98,20.65,6.7,6.0595159408770725,0.54,21133154.0,24737000.0,2432.5781,99.05,29.85,2015,651.6,7.51,0.31,-0.28
2015-08-03,batang,巴塘,Batang,7.11,13.43,19.02,9.56,5.0383310990182375,0.41,17930460.0,20983242.0,2322.9219,99.05,29.85,2015,650.25,9.34,0.3,-0.1
2015-08-04,batang,巴塘,Batang,13.61,12.33,17.19,9.03,4.070376433737854,0.31,14940396.0,17479536.0,2228.2188,99.05,29.85,2015,649.75,10.0,-0.04,-0.01
2015-08-05,batang,巴塘,Batang,4.98,12.87,19.08,8.78,5.570004821953267,0.62,20591430.0,24085490.0,2159.375,99.05,29.85,2015,649.63,9.52,0.38,-0.27
2015-08-06,batang,巴塘,Batang,15.67,11.51,17.46,8.83,3.5617140296995324,1.3,14249974.0,16663046.0,2113.9531,99.05,29.85,2015,649.59,9.19,1.19,-0.42
2015-08-07,batang,巴塘,Batang,13.98,10.75,13.47,9.33,2.282367210812992,0.74,8922848.0,10431790.0,2111.1719,99.05,29.85,2015,651.25,9.04,0.7,-0.04
2015-08-08,batang,巴塘,Batang,9.84,10.52,16.42,4.24,4.211758590481907,0.32,16302696.0,19055868.0,2153.6562,99.05,29.85,2015,651.51,8.46,-0.19,-0.01
2015-08-09,batang,巴塘,Batang,1.63,11.58,16.87,5.98,5.705091761236111,0.75,21554396.0,25188786.0,2198.375,99.05,29.85,2015,651.28,6.03,-0.37,-0.03
2015-08-10,batang,巴塘,Batang,3.65,11.37,17.1,6.41,5.549926176588361,0.46,21020712.0,24559128.0,2194.4531,99.05,29.85,2015,652.54,7.19,0.25,-0.11
2015-08-11,batang,巴塘,Batang,1.29,12.06,17.87,4.69,5.541722514990821,0.49,20503844.0,23949458.0,2142.4688,99.05,29.85,2015,652.97,7.1,0.22,0.06
2015-08-12,batang,巴塘,Batang,0.42,14.12,19.6,5.98,6.4862880524348965,0.6,22251276.0,25984364.0,2062.0312,99.05,29.85,2015,652.24,4.85,-0.03,-0.14
2015-08-13,batang,巴塘,Batang,0.63,14.79,19.81,8.94,6.49826459515574,1.09,21906488.0,25574534.0,1976.0156,99.05,29.85,2015,651.11,6.01,1.03,-0.2
2015-08-14,batang,巴塘,Batang,5.82,13.54,18.5,9.52,4.612459750735753,0.68,16413758.0,19156848.0,1892.875,99.05,29.85,2015,651.0,9.03,0.52,-0.1
2015-08-15,batang,巴塘,Batang,2.8,14.22,18.84,10.1,4.885291214010594,1.0,17316412.0,20207534.0,1864.4219,99.05,29.85,2015,650.49,9.78,0.95,-0.26
2015-08-16,batang,巴塘,Batang,26.66,13.47,19.05,8.69,4.213808716175236,0.79,15385884.0,17945478.0,1889.3125,99.05,29.85,2015,650.62,10.48,0.28,-0.2
2015-08-17,batang,巴塘,Batang,9.89,11.53,16.97,8.07,3.1715228185993127,0.87,12200576.0,14230226.0,1981.7188,99.05,29.85,2015,649.98,9.02,0.46,-0.36
2015-08-18,batang,巴塘,Batang,8.59,13.49,18.54,9.88,4.341308314862904,1.1,15828484.0,18445588.0,2140.2344,99.05,29.85,2015,649.38,9.7,1.03,-0.14
2015-08-19,batang,巴塘,Batang,24.67,11.7,17.24,5.92,3.754974370537432,1.24,15154546.0,17649716.0,2386.7969,99.05,29.85,2015,651.35,9.7,0.42,-0.01
2015-08-20,batang,巴塘,Batang,16.67,7.5,10.19,4.44,1.0763328534795598,0.59,4563420.0,5373022.0,2700.7812,99.05,29.85,2015,654.28,6.63,-0.23,0.36
2015-08-21,batang,巴塘,Batang,14.04,6.51,8.16,4.59,1.0902603182383872,0.7,4827744.0,5645048.0,2920.5312,99.05,29.85,2015,653.52,5.53,-0.61,0.32
2015-08-22,batang,巴塘,Batang,2.86,8.65,12.27,4.54,2.6802514002761733,0.86,10865266.0,12701056.0,2976.75,99.05,29.85,2015,651.13,5.3,0.66,0.05
2015-08-23,batang,巴塘,Batang,6.87,10.56,15.84,6.82,3.689033849606494,0.9,14668362.0,17075676.0,2872.0938,99.05,29.85,2015,649.79,7.57,0.78,-0.29
2015-08-24,batang,巴塘,Batang,7.29,11.97,17.53,8.36,4.780764022341497,0.85,18236402.0,21188474.0,2737.3906,99.05,29.85,2015,649.53,8.15,0.64,0.12
2015-08-25,batang,巴塘,Batang,6.39,11.58,16.51,8.29,4.2442170867846905,0.44,16179312.0,18782670.0,2659.9531,99.05,29.85,2015,650.85,9.17,0.32,-0.05
2015-08-26,batang,巴塘,Batang,4.6,12.57,17.5,8.76,4.821186092253614,0.73,18089368.0,20986862.0,2620.75,99.05,29.85,2015,650.9,9.1,0.68,-0.08
2015-08-27,batang,巴塘,Batang,12.75,12.05,16.44,9.12,3.69707213295526,0.39,13814940.0,16021874.0,2575.0625,99.05,29.85,2015,651.45,9.57,0.08,0.03
2015-08-28,batang,巴塘,Batang,21.67,10.95,16.22,7.28,3.1617251785710048,0.63,12482236.0,14466170.0,2573.4844,99.05,29.85,2015,650.72,9.21,0.27,-0.34
2015-08-29,batang,巴塘,Batang,7.45,10.96,15.97,7.26,3.665012567786603,0.73,14233474.0,16544540.0,2623.8281,99.05,29.85,2015,650.71,7.84,0.61,-0.22
2015-08-30,batang,巴塘,Batang,5.23,10.17,13.17,8.45,2.6061478917080843,1.28,10585536.0,12265914.0,2661.8438,99.05,29.85,2015,650.56,7.72,1.21,-0.33
2015-08-31,batang,巴塘,Batang,8.01,11.4,16.65,7.82,3.994625129476572,0.97,15903674.0,18406540.0,2650.0312,99.05,29.85,2015,650.36,8.91,0.92,-0.23
2015-09-01,batang,巴塘,Batang,2.65,11.42,16.69,8.18,4.111392523806663,1.39,16360426.0,18922222.0,2675.5,99.05,29.85,2015,649.89,7.91,1.34,-0.33
2015-09-02,batang,巴塘,Batang,1.54,12.48,17.78,8.77,4.862237590590577,1.44,18644646.0,21552202.0,2691.1094,99.05,29.85,2015,650.41,8.08,1.38,-0.33
2015-09-03,batang,巴塘,Batang,4.09,13.01,18.02,9.15,4.806785653679249,0.92,17811852.0,20579228.0,2692.7656,99.05,29.85,2015,652.09,8.76,0.84,-0.11
2015-09-04,batang,巴塘,Batang,4.05,12.97,18.2,9.03,4.456138547977738,0.57,16245760.0,18759962.0,2680.0781,99.05,29.85,2015,653.05,8.72,0.43,-0.01
2015-09-05,batang,巴塘,Batang,6.08,12.68,17.86,9.4,4.669072783862422,0.55,17488580.0,20185212.0,2637.2031,99.05,29.85,2015,652.62,9.87,0.33,-0.04
2015-09-06,batang,巴塘,Batang,4.02,12.15,16.66,9.27,3.790898487166364,0.91,14553218.0,16785482.0,2589.4375,99.05,29.85,2015,651.83,9.25,0.86,-0.21
2015-09-07,batang,巴塘,Batang,3.47,13.0,17.81,9.45,4.626314643612163,1.16,17396772.0,20057628.0,2526.3906,99.05,29.85,2015,650.53,9.06,1.09,-0.28
2015-09-08,batang,巴塘,Batang,0.9,14.11,18.62,9.39,4.8524955063819215,1.0,16772542.0,19327468.0,2457.9375,99.05,29.85,2015,651.03,7.55,0.9,-0.24
2015-09-09,batang,巴塘,Batang,0.91,13.74,18.49,9.88,4.827506433318578,1.29,16948296.0,19519782.0,2409.3281,99.05,29.85,2015,653.09,7.49,1.21,-0.33
2015-09-10,batang,巴塘,Batang,4.74,12.21,17.81,8.71,4.306388940234793,1.15,16531454.0,19029708.0,2327.875,99.05,29.85,2015,653.81,8.37,1.08,-0.2
2015-09-11,batang,巴塘,Batang,17.23,12.36,17.8,8.84,4.630530576348979,0.82,17607340.0,20258206.0,2277.9375,99.05,29.85,2015,652.92,8.68,0.54,-0.03
2015-09-12,batang,巴塘,Batang,8.29,11.02,16.42,7.81,3.1804432060727885,1.03,12821374.0,14746818.0,2349.875,99.05,29.85,2015,652.54,8.76,0.96,-0.32
2015-09-13,batang,巴塘,Batang,12.77,10.78,16.26,7.48,3.527311076913215,0.7,13845596.0,15915314.0,2551.2656,99.05,29.85,2015,652.31,7.56,0.45,-0.05
2015-09-14,batang,巴塘,Batang,7.03,10.04,14.98,6.54,3.153165892351653,0.56,12783604.0,14687250.0,2803.9844,99.05,29.85,2015,652.52,8.13,0.46,-0.12
2015-09-15,batang,巴塘,Batang,2.73,11.9,17.35,7.33,4.688041364363602,1.15,18040182.0,20713650.0,2874.3906,99.05,29.85,2015,651.44,7.22,1.09,-0.2
2015-09-16,batang,巴塘,Batang,8.01,11.15,16.89,7.86,4.1588353797726585,1.04,16618438.0,19063740.0,2777.5,99.05,29.85,2015,651.39,7.79,0.96,-0.13
2015-09-17,batang,巴塘,Batang,3.63,11.59,16.51,7.63,4.240725215393342,0.94,16623004.0,19054172.0,2671.5156,99.05,29.85,2015,652.59,8.12,0.85,-0.3
2015-09-18,batang,巴塘,Batang,3.17,11.4,16.41,7.66,4.185410205603677,0.89,16174840.0,18523738.0,2645.1875,99.05,29.85,2015,653.38,7.05,0.82,-0.17
2015-09-19,batang,巴塘,Batang,6.31,10.34,15.47,7.59,3.671487241534479,0.58,14811680.0,16951634.0,2662.7969,99.05,29.85,2015,653.18,8.0,0.43,-0.08
2015-09-20,batang,巴塘,Batang,0.59,12.15,16.91,7.41,4.702921658914249,1.11,17448844.0,19949536.0,2699.5938,99.05,29.85,2015,650.48,5.93,1.08,-0.0
2015-09-21,batang,巴塘,Batang,3.22,12.66,17.61,7.48,3.938863155146053,1.19,13811890.0,15778168.0,2649.7344,99.05,29.85,2015,649.41,6.12,1.05,0.09
2015-09-22,batang,巴塘,Batang,2.27,11.44,16.95,8.0,3.7785689510109535,0.79,14598562.0,16664184.0,2577.9531,99.05,29.85,2015,651.39,7.62,0.18,-0.14
2015-09-23,batang,巴塘,Batang,0.62,13.34,18.61,8.65,4.241267455397458,1.41,14872083.0,16960156.0,2568.7031,99.05,29.85,2015,648.75,7.19,1.39,-0.09
2015-09-24,batang,巴塘,Batang,0.64,12.29,17.63,8.22,3.81432522275588,1.41,14012823.0,15967795.0,2496.25,99.05,29.85,2015,647.95,7.14,1.39,-0.14
2015-09-25,batang,巴塘,Batang,1.17,12.03,17.34,8.07,4.02161970569169,1.54,15249804.0,17362312.0,2449.0625,99.05,29.85,2015,648.02,7.18,1.49,-0.26
2015-09-26,batang,巴塘,Batang,0.73,12.53,18.04,7.99,4.207813810828184,1.48,15283913.0,17387716.0,2476.25,99.05,29.85,2015,649.68,6.61,1.43,-0.2
2015-09-27,batang,巴塘,Batang,0.56,12.32,17.97,7.57,4.183922221296871,1.47,14734058.0,16747396.0,2490.7031,99.05,29.85,2015,650.65,5.14,1.42,-0.21
2015-09-28,batang,巴塘,Batang,0.14,12.14,17.6,6.7,5.025996975328649,1.41,17998280.0,20440952.0,2426.8125,99.05,29.85,2015,651.98,3.39,1.34,-0.21
2015-09-29,batang,巴塘,Batang,0.07,11.99,17.6,6.98,4.845120032574363,1.02,17572570.0,19940268.0,2307.3438,99.05,29.85,2015,654.1,3.45,0.93,-0.27
2015-09-30,batang,巴塘,Batang,1.09,12.75,18.63,6.49,5.373064536993924,0.77,19464762.0,22068824.0,2182.4062,99.05,29.85,2015,655.56,4.32,0.28,-0.12
2015-10-01,batang,巴塘,Batang,3.7,10.71,16.69,5.84,4.021314507169112,0.95,16316138.0,18484320.0,2080.7188,99.05,29.85,2015,655.31,7.19,0.85,-0.32
2015-10-02,batang,巴塘,Batang,0.27,11.55,16.6,6.77,4.212711612735728,1.24,14868768.0,16831108.0,2005.5156,99.05,29.85,2015,652.15,2.72,1.18,-0.14
2015-10-03,batang,巴塘,Batang,0.81,10.93,14.98,7.1,3.9080371174699855,1.47,14170897.0,16026285.0,1942.7812,99.05,29.85,2015,652.55,3.4,1.42,-0.2
2015-10-04,batang,巴塘,Batang,1.05,11.36,15.6,7.26,4.323357637654901,1.38,15615299.0,17645842.0,1909.4844,99.05,29.85,2015,653.79,3.12,1.31,-0.24
2015-10-05,batang,巴塘,Batang,0.09,11.0,16.82,5.13,4.980072094940302,1.29,18001146.0,20325508.0,1956.5625,99.05,29.85,2015,653.05,0.06,1.22,-0.07
2015-10-06,batang,巴塘,Batang,0.37,11.02,16.74,4.87,4.797849767890943,0.74,17764438.0,20041548.0,2009.0312,99.05,29.85,2015,653.04,0.4,0.49,-0.03
2015-10-07,batang,巴塘,Batang,2.36,10.02,14.83,5.14,4.332131382874048,0.81,16791442.0,18929284.0,1977.875,99.05,29.85,2015,653.04,1.89,0.64,-0.13
2015-10-08,batang,巴塘,Batang,2.94,9.02,13.75,5.25,3.653905558816768,0.6,14930278.0,16816882.0,1910.0703,99.05,29.85,2015,651.48,3.58,0.27,-0.05
2015-10-09,batang,巴塘,Batang,22.94,5.86,11.62,1.69,2.364076473685496,0.94,11580251.0,13080477.0,1885.1484,99.05,29.85,2015,649.99,4.37,-0.17,0.14
2015-10-10,batang,巴塘,Batang,12.83,2.49,5.02,1.17,1.9086675191676352,0.72,6098842.0,11848956.0,1911.6016,99.05,29.85,2015,652.94,1.6,-0.67,-0.09
2015-10-11,batang,巴塘,Batang,15.21,1.06,2.62,-2.15,1.7807033648760884,0.39,3109854.0,11153584.0,1903.5234,99.05,29.85,2015,654.75,0.15,0.3,0.09
2015-10-12,batang,巴塘,Batang,0.1,-1.11,4.81,-10.12,2.833676121250005,0.43,5622506.0,19382680.0,1847.4375,99.05,29.85,2015,655.71,-3.31,0.2,-0.07
2015-10-13,batang,巴塘,Batang,0.07,-4.08,3.32,-11.92,2.5878962175841225,0.41,6396316.0,20094072.0,1754.7422,99.05,29.85,2015,657.42,-6.53,-0.35,-0.03
2015-10-14,batang,巴塘,Batang,0.04,0.05,4.99,-10.68,2.9321044607810967,0.33,6512988.0,18592704.0,1651.3281,99.05,29.85,2015,657.51,-3.92,-0.27,-0.01
2015-10-15,batang,巴塘,Batang,1.09,2.18,6.84,-2.21,3.168554736016453,0.44,8976326.0,18716330.0,1551.8984,99.05,29.85,2015,655.76,-1.54,0.35,-0.21
2015-10-16,batang,巴塘,Batang,0.4,2.84,7.66,-1.1,2.9451437237219267,0.69,10794594.0,17373410.0,1462.1562,99.05,29.85,2015,654.23,-0.39,0.47,-0.36
2015-10-17,batang,巴塘,Batang,2.35,3.85,9.09,-0.41,3.3707471833507103,0.59,14020532.0,18757622.0,1383.0938,99.05,29.85,2015,654.46,-0.69,0.08,-0.03
2015-10-18,batang,巴塘,Batang,0.83,3.0,8.26,-1.94,3.1891522773352112,0.74,14009974.0,18459892.0,1320.9688,99.05,29.85,2015,655.74,-1.55,-0.71,0.17
2015-10-19,batang,巴塘,Batang,0.01,4.08,10.52,-1.94,3.975508984976983,0.56,17210514.0,21006258.0,1268.6875,99.05,29.85,2015,654.48,-6.32,-0.48,0.02
2015-10-20,batang,巴塘,Batang,0.0,6.45,12.69,-1.0,4.506268713811796,0.7,18409526.0,21505408.0,1215.3984,99.05,29.85,2015,652.23,-6.82,0.53,-0.24
2015-10-21,batang,巴塘,Batang,0.01,7.61,13.62,1.08,4.379636015179703,1.12,18123360.0,20679046.0,1162.0781,99.05,29.85,2015,651.09,-1.14,1.06,-0.27
2015-10-22,batang,巴塘,Batang,0.54,7.1,11.87,2.75,3.5047491300924154,1.06,14678958.0,16550184.0,1115.4141,99.05,29.85,2015,651.48,-0.43,0.99,-0.11
2015-10-23,batang,巴塘,Batang,1.2,6.78,12.09,2.58,3.468515666239078,1.46,14473364.0,16263984.0,1079.4062,99.05,29.85,2015,650.58,-1.1,1.39,-0.02
2015-10-24,batang,巴塘,Batang,1.2,4.73,9.88,0.03,3.1846286580871968,0.71,14639136.0,16524420.0,1052.2109,99.05,29.85,2015,652.79,-2.27,0.51,0.08
2015-10-25,batang,巴塘,Batang,0.68,5.81,10.73,-0.06,3.8965054696371735,1.08,17324012.0,19460432.0,1028.3281,99.05,29.85,2015,653.36,-2.71,1.05,-0.13
2015-10-26,batang,巴塘,Batang,1.24,6.88,12.07,0.93,3.937126535430312,0.95,16776284.0,18787948.0,1005.28906,99.05,29.85,2015,653.1,-1.93,0.83,-0.12
2015-10-27,batang,巴塘,Batang,0.8,6.69,12.12,1.85,3.2521601577609984,1.3,13057168.0,14609876.0,982.6172,99.05,29.85,2015,651.6,-2.43,1.24,0.06
2015-10-28,batang,巴塘,Batang,0.36,6.51,11.72,1.33,3.4511435617618105,1.11,14354506.0,16047048.0,959.4297,99.05,29.85,2015,652.21,-2.71,1.07,-0.01
2015-10-29,batang,巴塘,Batang,0.55,5.28,11.05,0.7,3.060331510853964,0.91,13585680.0,15181484.0,936.5781,99.05,29.85,2015,653.17,-2.44,0.84,-0.1
2015-10-30,batang,巴塘,Batang,4.25,2.63,9.1,-3.67,2.520041294922648,0.71,13305098.0,14865048.0,915.125,99.05,29.85,2015,654.39,-0.58,0.24,0.1
2015-10-31,batang,巴塘,Batang,0.27,3.06,8.74,-3.05,3.109006267332381,0.62,14242136.0,16755376.0,897.96094,99.05,29.85,2015,656.15,-6.3,-0.53,-0.2
2015-11-01,batang,巴塘,Batang,2.34,4.15,9.16,-0.84,3.2603289857334907,0.49,14947282.0,17144816.0,880.8672,99.05,29.85,2015,654.56,-4.08,0.45,0.0
2015-11-02,batang,巴塘,Batang,1.78,2.32,8.2,-2.04,2.8170487527856065,0.53,13644610.0,16583280.0,865.25,99.05,29.85,2015,652.47,-1.37,0.33,-0.03
2015-11-03,batang,巴塘,Batang,0.18,3.4,8.85,-2.07,3.173416505512068,0.95,14709888.0,17215876.0,851.52344,99.05,29.85,2015,651.22,-4.28,0.9,-0.14
2015-11-04,batang,巴塘,Batang,0.7,3.56,8.55,0.37,2.700090955344,1.21,12843064.0,14790500.0,839.1172,99.05,29.85,2015,649.62,-2.11,1.19,-0.08
2015-11-05,batang,巴塘,Batang,1.01,3.59,8.38,-0.45,3.0205897568096014,1.37,14077436.0,16208780.0,828.21875,99.05,29.85,2015,648.5,-3.64,1.34,-0.02
2015-11-06,batang,巴塘,Batang,0.87,3.07,8.1,-0.92,2.768485838525032,1.47,12530666.0,14381608.0,818.83594,99.05,29.85,2015,649.1,-5.18,1.43,0.11
2015-11-07,batang,巴塘,Batang,1.07,2.32,6.76,-1.62,2.9326562612134826,1.41,13379316.0,15360028.0,810.4453,99.05,29.85,2015,651.73,-7.94,1.35,0.28
2015-11-08,batang,巴塘,Batang,0.39,2.98,8.02,-1.64,3.389769285915301,0.91,15626264.0,17870480.0,802.71875,99.05,29.85,2015,653.72,-8.85,0.85,-0.04
2015-11-09,batang,巴塘,Batang,0.02,3.74,9.16,-1.39,3.498214734544318,1.21,15486054.0,17547220.0,795.02344,99.05,29.85,2015,651.44,-8.39,1.19,0.05
2015-11-10,batang,巴塘,Batang,0.06,3.43,8.28,-1.24,3.431274998605045,1.12,15522796.0,17466908.0,787.7031,99.05,29.85,2015,649.71,-8.73,1.09,0.04
2015-11-11,batang,巴塘,Batang,0.14,2.88,7.34,-1.18,3.0892696500264414,1.09,13779884.0,15448900.0,780.78125,99.05,29.85,2015,649.56,-10.29,1.02,0.26
2015-11-12,batang,巴塘,Batang,0.24,2.52,7.19,-1.35,2.8843081404616244,0.48,13835152.0,15479956.0,774.28125,99.05,29.85,2015,651.59,-9.65,0.24,0.1
2015-11-13,batang,巴塘,Batang,0.14,4.27,9.52,-1.25,3.5799610116495213,0.91,15708520.0,17545800.0,767.47656,99.05,29.85,2015,650.9,-9.71,0.75,0.05
2015-11-14,batang,巴塘,Batang,0.0,4.41,9.81,-0.11,3.3262821225655936,1.11,15130920.0,16876924.0,760.1953,99.05,29.85,2015,648.1,-4.75,1.1,-0.06
2015-11-15,batang,巴塘,Batang,0.03,3.67,8.54,-0.25,2.5593153243162616,1.13,11469014.0,12783640.0,753.4922,99.05,29.85,2015,647.82,-4.59,1.09,-0.15
2015-11-16,batang,巴塘,Batang,0.16,4.24,8.81,-0.52,2.7593672775228275,1.4,12058006.0,13454948.0,747.1172,99.05,29.85,2015,646.87,-4.1,1.37,-0.06
2015-11-17,batang,巴塘,Batang,2.86,3.07,7.95,0.38,2.4031310713544847,0.83,11735480.0,13298392.0,741.8594,99.05,29.85,2015,649.39,-2.15,0.61,-0.04
2015-11-18,batang,巴塘,Batang,1.21,1.6,5.45,-2.8,1.4121780922298257,0.86,6199096.0,7262708.0,739.46875,99.05,29.85,2015,652.55,-4.37,0.46,0.2
2015-11-19,batang,巴塘,Batang,0.05,0.62,6.51,-3.2,2.514672804633105,0.68,12262548.0,14428528.0,736.6328,99.05,29.85,2015,654.89,-9.66,-0.62,0.04
2015-11-20,batang,巴塘,Batang,0.0,3.31,9.41,-2.63,3.2902114785360377,0.53,14628914.0,16899532.0,731.14844,99.05,29.85,2015,654.04,-12.66,0.33,-0.12
2015-11-21,batang,巴塘,Batang,0.0,3.79,9.85,-1.38,3.3449446331579504,0.88,14703618.0,16753632.0,724.78906,99.05,29.85,2015,652.87,-9.0,0.83,-0.16
2015-11-22,batang,巴塘,Batang,0.0,4.76,10.9,-0.92,3.3360520359849937,0.82,14624744.0,16504556.0,718.4375,99.05,29.85,2015,652.97,-5.84,0.75,-0.21
2015-11-23,batang,巴塘,Batang,0.0,4.9,10.44,-0.04,3.2092851882561075,1.03,14264570.0,15998668.0,712.3203,99.05,29.85,2015,651.47,-3.72,1.0,-0.08
2015-11-24,batang,巴塘,Batang,0.44,4.42,10.15,-0.15,2.8779807116133496,0.78,13208178.0,14764952.0,706.78906,99.05,29.85,2015,651.35,-3.08,0.7,-0.13
2015-11-25,batang,巴塘,Batang,3.57,2.24,7.82,-1.42,2.0962061329859103,0.45,10844068.0,12171800.0,701.77344,99.05,29.85,2015,651.6,-1.07,0.38,-0.07
2015-11-26,batang,巴塘,Batang,0.51,3.37,8.05,-1.25,2.5054267923474134,1.16,10959112.0,12861020.0,697.7656,99.05,29.85,2015,648.39,-4.18,1.12,-0.14
2015-11-27,batang,巴塘,Batang,0.87,1.95,7.03,-1.55,2.1120397498914887,1.56,9655644.0,11164880.0,692.6797,99.05,29.85,2015,647.0,-4.76,1.54,-0.09
2015-11-28,batang,巴塘,Batang,0.63,2.64,7.48,-1.32,2.417386564740601,0.91,10310004.0,11969132.0,687.5469,99.05,29.85,2015,651.72,-8.43,0.71,0.38
2015-11-29,batang,巴塘,Batang,0.2,3.13,8.67,-1.25,2.666963749770052,0.78,12068260.0,13841248.0,682.71094,99.05,29.85,2015,653.09,-6.2,0.7,-0.03
2015-11-30,batang,巴塘,Batang,0.55,2.68,8.42,-1.43,2.521448676425054,0.88,12105444.0,13733832.0,677.83594,99.05,29.85,2015,650.97,-4.34,0.76,-0.12
2015-12-01,batang,巴塘,Batang,6.58,1.05,6.38,-3.4,1.903695926718228,0.53,10163536.0,11471752.0,673.5469,99.05,29.85,2015,650.46,-2.77,0.28,0.04
2015-12-02,batang,巴塘,Batang,4.28,-0.57,4.0,-3.72,2.039900023857044,0.52,9135338.0,13478560.0,671.7969,99.05,29.85,2015,650.56,-3.44,0.33,-0.08
2015-12-03,batang,巴塘,Batang,0.94,-0.75,2.83,-3.56,2.0223328724359657,1.18,8092874.0,13189740.0,668.46875,99.05,29.85,2015,648.29,-5.84,1.14,-0.09
2015-12-04,batang,巴塘,Batang,2.89,-4.21,0.4,-11.69,1.2256706076891652,0.58,5529150.0,9151852.0,663.625,99.05,29.85,2015,649.22,-7.77,0.09,0.11
2015-12-05,batang,巴塘,Batang,0.03,-6.54,-1.33,-11.51,1.7052009052464732,0.37,7556098.0,13964616.0,658.8906,99.05,29.85,2015,652.6,-13.85,-0.08,-0.28
2015-12-06,batang,巴塘,Batang,0.0,-6.03,-0.05,-11.98,1.9871225550451337,0.39,8992106.0,15933388.0,654.3281,99.05,29.85,2015,653.63,-14.22,0.0,-0.37
2015-12-07,batang,巴塘,Batang,0.17,-5.24,-0.25,-11.21,1.8546225467097923,0.48,8474700.0,14285768.0,649.6328,99.05,29.85,2015,651.49,-12.64,0.32,-0.22
2015-12-08,batang,巴塘,Batang,0.47,-4.74,1.13,-10.56,2.020720787363984,0.26,9354122.0,15286960.0,644.47656,99.05,29.85,2015,650.17,-11.58,0.06,-0.18
2015-12-09,batang,巴塘,Batang,0.06,-5.15,1.37,-11.03,1.9387859341934093,0.48,9352354.0,14948628.0,639.0,99.05,29.85,2015,650.39,-12.45,0.28,-0.25
2015-12-10,batang,巴塘,Batang,0.11,-4.59,1.27,-12.2,1.9915822803240653,1.01,10093118.0,15454316.0,633.6875,99.05,29.85,2015,646.36,-10.79,0.94,-0.31
2015-12-11,batang,巴塘,Batang,0.28,-3.06,2.93,-6.81,1.6575396512593623,1.22,8167230.0,12135796.0,628.7344,99.05,29.85,2015,644.43,-7.41,1.14,-0.31
2015-12-12,batang,巴塘,Batang,0.7,-2.82,2.9,-6.91,1.766900530415998,1.23,8498034.0,12321236.0,624.03125,99.05,29.85,2015,644.59,-8.44,1.18,-0.13
2015-12-13,batang,巴塘,Batang,0.9,-3.37,2.07,-7.1,1.7340369120675303,1.25,8604156.0,12471104.0,619.40625,99.05,29.85,2015,646.32,-8.92,1.21,-0.17
2015-12-14,batang,巴塘,Batang,0.83,-3.7,1.83,-8.3,1.7467535294397816,1.42,8347338.0,12330684.0,614.8594,99.05,29.85,2015,644.63,-10.32,1.37,-0.04
2015-12-15,batang,巴塘,Batang,1.41,-5.11,-0.06,-9.95,1.5977055662822732,1.37,8128444.0,12423792.0,610.3906,99.05,29.85,2015,645.37,-10.92,1.33,-0.12
2015-12-16,batang,巴塘,Batang,0.79,-6.73,-1.22,-12.61,1.4462510328367204,1.2,7703276.0,12202904.0,605.9922,99.05,29.85,2015,647.11,-12.39,1.13,-0.24
2015-12-17,batang,巴塘,Batang,0.42,-6.17,-0.44,-12.92,1.5575708658140817,1.43,8560884.0,13516196.0,601.59375,99.05,29.85,2015,645.22,-10.88,1.35,-0.38
2015-12-18,batang,巴塘,Batang,1.14,-6.59,-1.05,-10.74,1.4913561389260992,1.37,7927558.0,12757352.0,597.1953,99.05,29.85,2015,644.75,-11.98,1.32,-0.1
2015-12-19,batang,巴塘,Batang,1.85,-8.19,-2.62,-18.13,1.2488420636437758,0.7,6747372.0,11236168.0,592.8281,99.05,29.85,2015,647.7,-13.43,0.6,-0.14
2015-12-20,batang,巴塘,Batang,0.41,-10.08,-3.74,-18.82,1.3499621594572218,1.28,8011902.0,14531760.0,588.4844,99.05,29.85,2015,646.33,-14.87,1.13,-0.49
2015-12-21,batang,巴塘,Batang,0.67,-8.4,-2.76,-14.44,1.3940074639587412,1.19,7008442.0,13145408.0,584.1328,99.05,29.85,2015,647.94,-13.78,1.08,-0.4
2015-12-22,batang,巴塘,Batang,0.35,-8.78,-3.19,-15.3,1.4359127570787331,1.23,7718908.0,14141284.0,579.7969,99.05,29.85,2015,648.16,-13.88,1.13,-0.41
2015-12-23,batang,巴塘,Batang,0.45,-7.73,-2.32,-12.96,1.3731046617867408,1.27,7179406.0,13101172.0,575.4922,99.05,29.85,2015,646.65,-11.68,1.17,-0.41
2015-12-24,batang,巴塘,Batang,0.17,-8.38,-1.74,-14.76,1.3854251068200618,1.13,7511700.0,13503476.0,571.21875,99.05,29.85,2015,647.24,-12.63,0.99,-0.43
2015-12-25,batang,巴塘,Batang,0.36,-9.12,-2.67,-15.47,1.401690154022145,0.93,7902462.0,13856496.0,566.97656,99.05,29.85,2015,647.86,-14.05,0.78,-0.32
2015-12-26,batang,巴塘,Batang,0.06,-9.77,-3.37,-15.7,1.5250254302276889,0.54,8582236.0,14946684.0,562.7656,99.05,29.85,2015,650.68,-16.85,0.32,-0.38
2015-12-27,batang,巴塘,Batang,0.0,-9.59,-2.96,-17.12,1.5308003531421397,0.52,8663724.0,14615176.0,558.58594,99.05,29.85,2015,652.07,-18.0,0.29,-0.39
2015-12-28,batang,巴塘,Batang,0.03,-7.46,-0.55,-14.52,1.6885854173262915,0.63,8968518.0,14626940.0,554.4453,99.05,29.85,2015,651.49,-14.65,0.46,-0.35
2015-12-29,batang,巴塘,Batang,0.14,-5.97,0.53,-13.36,1.7526855714333585,0.82,9432826.0,14827984.0,550.3594,99.05,29.85,2015,650.81,-10.53,0.7,-0.39
2015-12-30,batang,巴塘,Batang,0.4,-3.9,1.43,-9.19,1.5481744770810129,0.9,7651682.0,11656716.0,546.3125,99.05,29.85,2015,650.64,-8.07,0.82,-0.34
2015-12-31,batang,巴塘,Batang,0.5,-3.19,3.32,-7.89,1.71386694552647,1.39,8253982.0,12299320.0,542.3906,99.05,29.85,2015,651.16,-8.5,1.35,-0.16
2016-01-01,batang,巴塘,Batang,3.35,-6.41,-0.19,-13.39,1.4740440952053933,0.6,8733134.0,12801004.0,538.5625,99.05,29.85,2016,652.87,-9.24,0.06,-0.2
2016-01-02,batang,巴塘,Batang,0.03,-11.2,-4.59,-17.08,1.3737001391665835,0.57,8424152.0,14811128.0,534.64844,99.05,29.85,2016,651.71,-16.97,0.15,-0.36
2016-01-03,batang,巴塘,Batang,0.27,-9.26,-2.23,-17.74,1.5891646051764483,0.75,9346860.0,15682616.0,530.625,99.05,29.85,2016,648.72,-14.91,0.63,-0.32
2016-01-04,batang,巴塘,Batang,0.39,-10.62,-2.93,-18.07,1.445993886112718,0.57,8357112.0,14610056.0,526.6953,99.05,29.85,2016,650.39,-19.06,-0.35,-0.31
2016-01-05,batang,巴塘,Batang,0.0,-11.02,-3.42,-19.61,1.5581442854767833,0.63,9863124.0,16284376.0,522.78906,99.05,29.85,2016,649.75,-19.76,0.43,-0.39
2016-01-06,batang,巴塘,Batang,0.06,-8.86,-2.24,-17.02,1.5333418446947258,0.77,9193672.0,14765728.0,518.90625,99.05,29.85,2016,649.23,-14.34,0.64,-0.34
2016-01-07,batang,巴塘,Batang,0.01,-8.95,-1.74,-15.38,1.6047485680432272,0.6,9948994.0,15588296.0,515.03906,99.05,29.85,2016,649.48,-13.78,0.41,-0.38
2016-01-08,batang,巴塘,Batang,0.3,-7.46,-1.48,-14.78,1.5487359137426882,0.97,9318268.0,14222012.0,511.15625,99.05,29.85,2016,645.96,-11.99,0.85,-0.43
2016-01-09,batang,巴塘,Batang,0.61,-7.05,-1.51,-12.13,1.5509414533674912,1.02,8648218.0,13273808.0,507.29688,99.05,29.85,2016,644.27,-13.31,0.96,-0.26
2016-01-10,batang,巴塘,Batang,0.62,-8.96,-1.36,-17.11,1.5992577870108355,0.53,9522344.0,14652580.0,503.48438,99.05,29.85,2016,648.23,-18.19,-0.02,-0.0
2016-01-11,batang,巴塘,Batang,0.0,-9.86,-2.05,-18.35,1.7355890508445926,0.8,11050304.0,16927808.0,499.6484400000001,99.05,29.85,2016,648.25,-19.84,0.65,-0.41
2016-01-12,batang,巴塘,Batang,0.0,-9.14,-1.22,-17.55,1.8069592244558008,0.7,11350984.0,16991340.0,495.8203,99.05,29.85,2016,647.4,-18.76,0.57,-0.36
2016-01-13,batang,巴塘,Batang,0.01,-7.44,0.08,-15.72,1.8409969270604103,1.0,11356864.0,16572380.0,492.03125,99.05,29.85,2016,644.62,-13.98,0.92,-0.31
2016-01-14,batang,巴塘,Batang,0.29,-7.78,-1.41,-13.93,1.510258418020037,0.89,9557364.0,13663952.0,488.2734400000001,99.05,29.85,2016,645.31,-13.29,0.82,-0.26
2016-01-15,batang,巴塘,Batang,0.02,-8.27,-1.71,-14.69,1.7431185456183675,1.04,11623576.0,16496628.0,484.51562,99.05,29.85,2016,642.96,-14.56,0.92,-0.4
2016-01-16,batang,巴塘,Batang,2.54,-7.95,-0.92,-17.08,1.4788251814608182,0.71,9713160.0,13575500.0,480.8047,99.05,29.85,2016,645.18,-12.69,-0.08,-0.04
2016-01-17,batang,巴塘,Batang,0.04,-11.8,-4.51,-18.21,1.5099956375552537,0.59,10488728.0,16615568.0,477.125,99.05,29.85,2016,647.85,-19.92,-0.07,-0.46
2016-01-18,batang,巴塘,Batang,0.0,-10.02,-2.22,-19.05,1.7919885970040397,0.68,11527952.0,17706172.0,473.4375,99.05,29.85,2016,645.79,-20.05,0.54,-0.35
2016-01-19,batang,巴塘,Batang,0.0,-7.34,-0.27,-16.27,1.9732637498471184,1.18,11669564.0,17467176.0,469.75,99.05,29.85,2016,645.16,-15.41,1.12,-0.32
2016-01-20,batang,巴塘,Batang,0.43,-6.09,-0.26,-12.95,1.6470512008401903,1.57,10425684.0,15229120.0,466.0859400000001,99.05,29.85,2016,644.46,-9.72,1.55,-0.13
2016-01-21,batang,巴塘,Batang,0.86,-4.75,1.46,-10.38,1.956632897753392,1.38,10124570.0,14926380.0,462.5625,99.05,29.85,2016,644.12,-12.13,1.26,0.43
2016-01-22,batang,巴塘,Batang,4.5,-5.6,-0.83,-10.1,1.7354990897945657,0.81,9242676.0,13987204.0,459.23438,99.05,29.85,2016,646.03,-11.33,0.44,0.25
2016-01-23,batang,巴塘,Batang,3.22,-6.28,-1.17,-10.22,1.66078444941192,0.68,7023492.0,13713796.0,456.03125,99.05,29.85,2016,646.42,-12.18,0.3,0.17
2016-01-24,batang,巴塘,Batang,2.69,-6.42,-2.25,-10.28,1.5692993984220995,0.71,5907656.0,13219120.0,452.47656,99.05,29.85,2016,646.77,-11.4,0.64,-0.14
2016-01-25,batang,巴塘,Batang,1.33,-7.03,-2.53,-11.16,1.5602613395028817,1.31,5892448.0,14155160.0,448.75,99.05,29.85,2016,644.51,-11.85,1.25,-0.19
2016-01-26,batang,巴塘,Batang,0.58,-8.8,-3.71,-13.57,1.4859277858621915,1.18,5993122.0,14247404.0,445.10156,99.05,29.85,2016,644.36,-14.94,1.12,-0.2
2016-01-27,batang,巴塘,Batang,0.28,-10.13,-3.93,-14.83,1.4533562026371285,1.15,6677930.0,15734676.0,441.4922,99.05,29.85,2016,643.9,-14.95,0.98,-0.49
2016-01-28,batang,巴塘,Batang,0.66,-9.99,-4.5,-16.23,1.605534952391612,0.66,7241420.0,16674888.0,437.97656,99.05,29.85,2016,645.4,-14.84,0.38,-0.51
2016-01-29,batang,巴塘,Batang,0.27,-10.9,-4.11,-17.95,1.4936300208488142,0.76,7147880.0,16421312.0,434.5,99.05,29.85,2016,648.09,-15.84,0.42,-0.58
2016-01-30,batang,巴塘,Batang,0.01,-9.21,-2.81,-17.64,1.7799582993371772,1.0,8059198.0,17885312.0,431.03125,99.05,29.85,2016,645.02,-15.54,0.85,-0.5
2016-01-31,batang,巴塘,Batang,0.13,-8.18,-1.41,-15.17,1.889487814877664,1.06,8869712.0,18653020.0,427.5625,99.05,29.85,2016,645.75,-12.97,0.9,-0.52
2016-02-01,batang,巴塘,Batang,0.38,-5.88,0.33,-12.59,1.6330703370167532,1.12,6945198.0,14030024.0,424.14062,99.05,29.85,2016,646.24,-10.12,0.98,-0.47
2016-02-02,batang,巴塘,Batang,0.46,-4.87,0.64,-11.34,1.9084323970919044,1.25,8394506.0,15956842.0,420.82812,99.05,29.85,2016,646.07,-9.2,1.15,-0.42
2016-02-03,batang,巴塘,Batang,0.62,-3.69,2.89,-9.73,1.9286908578249573,1.08,8113180.0,14654512.0,417.59375,99.05,29.85,2016,645.66,-8.64,0.96,-0.31
2016-02-04,batang,巴塘,Batang,1.47,-6.19,0.82,-15.62,1.618121467125396,0.61,7822130.0,13673412.0,414.39062,99.05,29.85,2016,649.31,-10.2,0.2,-0.51
2016-02-05,batang,巴塘,Batang,0.05,-7.25,0.16,-15.84,2.0081260421599416,0.65,10213156.0,17839912.0,410.90625,99.05,29.85,2016,650.37,-13.28,-0.2,-0.51
2016-02-06,batang,巴塘,Batang,0.28,-5.21,0.9,-13.71,2.0710256714301933,0.79,9820010.0,16475004.0,407.34375,99.05,29.85,2016,651.44,-11.78,-0.6,-0.34
2016-02-07,batang,巴塘,Batang,0.64,-2.89,2.31,-10.24,1.943587142672056,1.08,8759590.0,14360332.0,403.96875,99.05,29.85,2016,649.82,-7.34,0.79,-0.48
2016-02-08,batang,巴塘,Batang,0.61,-0.95,4.61,-5.82,2.4182706434939694,1.29,10110324.0,16043324.0,400.90625,99.05,29.85,2016,646.97,-7.16,1.23,-0.27
2016-02-09,batang,巴塘,Batang,0.53,-3.32,1.88,-8.26,2.096614703080077,1.09,9897520.0,15378780.0,398.5,99.05,29.85,2016,645.24,-9.37,1.01,-0.3
2016-02-10,batang,巴塘,Batang,0.57,-4.05,1.73,-9.44,2.060927057365078,1.12,10136126.0,15615164.0,395.125,99.05,29.85,2016,644.13,-10.38,1.02,-0.36
2016-02-11,batang,巴塘,Batang,1.08,-3.13,3.43,-9.16,2.2356696827514284,1.46,10795258.0,16588848.0,391.39062,99.05,29.85,2016,642.06,-9.37,1.39,-0.3
2016-02-12,batang,巴塘,Batang,1.08,-2.45,4.04,-6.5,2.5224947040455588,1.51,11308112.0,17759338.0,387.98438,99.05,29.85,2016,643.04,-10.21,1.39,0.15
2016-02-13,batang,巴塘,Batang,0.37,-2.81,3.61,-6.32,2.375807313533082,1.65,11522332.0,17952956.0,384.95312,99.05,29.85,2016,644.94,-8.63,1.61,-0.3
2016-02-14,batang,巴塘,Batang,0.3,-2.05,4.36,-6.74,2.444344478440289,1.36,11426422.0,17436656.0,382.0625,99.05,29.85,2016,646.58,-8.04,1.29,-0.29
2016-02-15,batang,巴塘,Batang,0.5,-1.16,5.24,-6.84,2.573475262205275,1.38,11600180.0,17355556.0,379.39062,99.05,29.85,2016,647.47,-7.8,1.34,-0.08
2016-02-16,batang,巴塘,Batang,0.25,-0.94,5.65,-5.63,2.6256411567381512,1.44,12406672.0,18106504.0,377.03125,99.05,29.85,2016,647.76,-6.62,1.4,-0.29
2016-02-17,batang,巴塘,Batang,0.4,-0.54,7.08,-8.03,2.7029456609191698,1.02,12650304.0,17589084.0,375.26562,99.05,29.85,2016,648.52,-7.2,0.91,-0.21
2016-02-18,batang,巴塘,Batang,0.38,-0.35,6.51,-7.74,2.8181279170479105,0.98,13966746.0,18400142.0,373.3125,99.05,29.85,2016,647.83,-6.61,0.85,-0.26
2016-02-19,batang,巴塘,Batang,1.18,-2.11,4.91,-9.52,2.0441518066249134,0.64,11248098.0,14439728.0,370.71875,99.05,29.85,2016,650.65,-5.77,-0.21,-0.55
2016-02-20,batang,巴塘,Batang,0.38,0.7,7.79,-8.85,2.496123314280791,1.53,12840084.0,16353004.0,368.375,99.05,29.85,2016,645.83,-3.74,1.45,-0.37
2016-02-21,batang,巴塘,Batang,23.48,2.0,7.42,-1.72,2.6575419689906616,1.18,13410890.0,16719890.0,372.64062,99.05,29.85,2016,643.7,-1.37,1.14,0.08
2016-02-22,batang,巴塘,Batang,6.0,-0.12,3.06,-3.6,2.4292341508585165,1.17,4458082.0,16739880.0,394.8125,99.05,29.85,2016,646.76,-3.41,1.14,-0.04
2016-02-23,batang,巴塘,Batang,8.99,-2.41,1.79,-6.16,2.2852363387248547,0.74,4820344.0,16880302.0,416.4375,99.05,29.85,2016,647.97,-5.42,0.08,0.45
2016-02-24,batang,巴塘,Batang,1.99,-4.45,0.68,-10.01,2.355229238408466,0.83,4905228.0,18027310.0,420.78125,99.05,29.85,2016,649.69,-12.07,0.2,0.44
2016-02-25,batang,巴塘,Batang,2.31,-8.11,-4.62,-14.7,1.5735594477776955,0.9,4206418.0,14920454.0,410.14062,99.05,29.85,2016,654.22,-12.8,-0.84,0.25
2016-02-26,batang,巴塘,Batang,0.01,-12.88,-6.2,-20.52,1.8800687278386603,0.51,6508084.0,23093944.0,395.3125,99.05,29.85,2016,656.05,-17.77,-0.48,-0.1
2016-02-27,batang,巴塘,Batang,0.0,-14.05,-7.58,-22.19,1.8157440363640065,0.78,6891458.0,23931784.0,381.6875,99.05,29.85,2016,656.63,-22.69,-0.77,0.0
2016-02-28,batang,巴塘,Batang,0.0,-14.68,-8.01,-21.52,1.790526106113654,0.74,7171326.0,24376902.0,370.25,99.05,29.85,2016,659.06,-23.89,-0.73,-0.0
2016-02-29,batang,巴塘,Batang,0.0,-12.58,-5.47,-22.03,2.1039857459175737,0.44,7323512.0,24374670.0,360.82812,99.05,29.85,2016,655.3,-23.74,-0.39,-0.16
2016-03-01,batang,巴塘,Batang,0.0,-8.43,-0.71,-18.0,2.606519537781492,0.37,7407682.0,24146772.0,353.01562,99.05,29.85,2016,651.57,-17.01,-0.0,-0.3
2016-03-02,batang,巴塘,Batang,0.33,-8.98,-1.35,-18.14,2.049519952840085,0.54,6327784.0,20156580.0,346.39062,99.05,29.85,2016,652.95,-13.92,-0.47,-0.13
2016-03-03,batang,巴塘,Batang,0.01,-9.73,-0.73,-20.61,2.2849264970082794,0.45,7557768.0,23353316.0,340.625,99.05,29.85,2016,652.03,-14.45,-0.14,-0.27
2016-03-04,batang,巴塘,Batang,0.01,-8.66,-0.64,-20.72,2.332112791069726,0.63,7616336.0,22784000.0,335.48438,99.05,29.85,2016,652.95,-14.33,-0.62,-0.07
2016-03-05,batang,巴塘,Batang,0.0,-9.68,-0.86,-16.99,2.4868741393434592,0.5,8676272.0,25093800.0,330.84375,99.05,29.85,2016,653.6,-17.34,-0.47,-0.1
2016-03-06,batang,巴塘,Batang,0.0,-5.7,2.24,-17.36,3.1191830952654658,0.46,8933019.0,25083334.0,326.5625,99.05,29.85,2016,650.25,-17.23,0.21,-0.29
2016-03-07,batang,巴塘,Batang,0.5,-2.74,4.01,-11.14,3.257333150835899,0.65,8745639.0,23739416.0,322.67188,99.05,29.85,2016,647.78,-9.1,0.6,-0.14
2016-03-08,batang,巴塘,Batang,6.76,-1.05,3.71,-6.29,2.828673183085193,0.74,7630397.0,20032550.0,319.54688,99.05,29.85,2016,646.72,-3.54,0.65,-0.2
2016-03-09,batang,巴塘,Batang,8.06,-2.69,1.82,-11.14,2.0470232824303847,0.59,4826247.5,15259571.0,318.59375,99.05,29.85,2016,648.13,-4.66,0.22,0.12
2016-03-10,batang,巴塘,Batang,5.1,-3.63,2.64,-12.84,2.8461515857427235,0.35,6405179.0,21414122.0,317.79688,99.05,29.85,2016,649.69,-6.55,-0.04,0.06
2016-03-11,batang,巴塘,Batang,0.58,-3.05,2.69,-10.23,2.8903104314527743,0.6,6501080.0,21979770.0,315.04688,99.05,29.85,2016,649.14,-5.78,0.52,-0.06
2016-03-12,batang,巴塘,Batang,0.56,0.06,5.78,-5.52,3.0675138930162427,0.84,6370358.5,20279492.0,311.14062,99.05,29.85,2016,647.47,-4.45,0.79,-0.03
2016-03-13,batang,巴塘,Batang,0.8,2.18,6.2,-3.37,3.5333393091717578,1.13,7347506.0,21809544.0,308.17188,99.05,29.85,2016,648.34,-2.83,1.11,-0.08
2016-03-14,batang,巴塘,Batang,0.53,2.06,5.61,-2.02,3.3394528020577314,1.55,8774119.0,21412164.0,307.48438,99.05,29.85,2016,647.08,-2.54,1.53,0.01
2016-03-15,batang,巴塘,Batang,0.28,1.08,7.26,-5.11,3.795039262363821,1.53,12581193.0,23628748.0,309.79688,99.05,29.85,2016,646.45,-7.87,1.36,0.42
2016-03-16,batang,巴塘,Batang,1.18,-0.03,5.55,-5.26,3.254988557381128,1.36,13011384.0,21785116.0,313.26562,99.05,29.85,2016,646.2,-6.41,1.3,-0.08
2016-03-17,batang,巴塘,Batang,0.48,-2.86,2.8,-10.88,3.359403627372207,0.65,14627614.0,23747796.0,313.1875,99.05,29.85,2016,649.62,-14.0,-0.17,0.32
2016-03-18,batang,巴塘,Batang,0.01,-3.38,3.82,-11.57,3.6156439121974064,0.72,17291608.0,26845386.0,310.07812,99.05,29.85,2016,648.69,-13.02,0.26,-0.62
2016-03-19,batang,巴塘,Batang,0.33,-1.23,5.02,-10.7,3.8229164029083593,0.68,17471746.0,26142766.0,305.60938,99.05,29.85,2016,647.54,-8.31,0.51,-0.41
2016-03-20,batang,巴塘,Batang,0.11,0.08,6.2,-7.87,3.8867115040663474,0.85,17226072.0,25188008.0,300.71875,99.05,29.85,2016,647.79,-7.63,0.75,-0.35
2016-03-21,batang,巴塘,Batang,2.73,0.24,5.43,-6.52,3.1162207704789324,0.95,14356052.0,20752912.0,295.5625,99.05,29.85,2016,646.31,-4.01,0.86,-0.29
2016-03-22,batang,巴塘,Batang,0.61,0.81,5.17,-4.73,3.3054996560773,1.01,13835092.0,20919948.0,291.40625,99.05,29.85,2016,646.11,-5.39,0.97,-0.22
2016-03-23,batang,巴塘,Batang,5.42,-0.61,4.16,-4.8,3.3015624405733486,0.95,15299216.0,22839514.0,288.375,99.05,29.85,2016,649.02,-5.26,-0.01,0.31
2016-03-24,batang,巴塘,Batang,0.16,-4.52,1.02,-13.31,2.8624701966949737,1.06,12551486.0,22151896.0,286.39062,99.05,29.85,2016,654.69,-14.65,-0.94,-0.08
2016-03-25,batang,巴塘,Batang,0.0,-3.15,3.38,-13.64,3.865210128226861,0.45,16633198.0,27771756.0,283.09375,99.05,29.85,2016,653.69,-14.63,-0.05,-0.4
2016-03-26,batang,巴塘,Batang,0.01,0.04,6.15,-7.05,4.375150101906745,0.66,17817600.0,27788346.0,278.8125,99.05,29.85,2016,652.58,-10.49,-0.1,-0.49
2016-03-27,batang,巴塘,Batang,1.18,2.53,9.28,-4.42,4.21220795078282,0.99,16989282.0,25349808.0,274.6875,99.05,29.85,2016,650.37,-3.65,0.91,-0.32
2016-03-28,batang,巴塘,Batang,0.81,3.29,8.36,-2.38,3.450238755240149,1.42,14055752.0,20881862.0,273.53125,99.05,29.85,2016,648.39,-1.15,1.4,-0.16
2016-03-29,batang,巴塘,Batang,2.86,0.89,7.31,-5.79,3.4422612114078515,1.15,16240772.0,22900344.0,278.15625,99.05,29.85,2016,649.3,-3.29,0.59,0.28
2016-03-30,batang,巴塘,Batang,0.06,2.37,8.31,-5.48,4.299960343863734,1.0,17863062.0,25035172.0,287.28125,99.05,29.85,2016,651.6,-7.23,0.95,-0.11
2016-03-31,batang,巴塘,Batang,0.2,3.46,9.04,-3.18,4.383872379889013,0.98,18944312.0,24581474.0,300.09375,99.05,29.85,2016,649.74,-5.36,0.9,-0.34
2016-04-01,batang,巴塘,Batang,1.3,2.83,9.26,-2.8,4.300178453838063,0.61,20019432.0,24842694.0,313.5625,99.05,29.85,2016,649.11,-3.72,0.3,-0.32
2016-04-02,batang,巴塘,Batang,0.81,2.27,8.97,-5.54,3.9400107652389775,0.56,19117074.0,23215194.0,319.90625,99.05,29.85,2016,650.34,-3.56,-0.27,-0.26
2016-04-03,batang,巴塘,Batang,0.0,5.34,11.99,-5.04,5.302490359618553,0.87,22984632.0,27500060.0,319.03125,99.05,29.85,2016,651.24,-5.71,-0.08,-0.54
2016-04-04,batang,巴塘,Batang,0.27,7.02,13.88,0.6,5.228773719424916,1.11,21810974.0,25776282.0,316.4375,99.05,29.85,2016,648.25,-2.58,1.08,-0.15
2016-04-05,batang,巴塘,Batang,6.14,5.89,12.85,-0.59,4.04668186753715,0.94,18039712.0,21027518.0,322.09375,99.05,29.85,2016,647.11,-0.27,0.77,-0.0
2016-04-06,batang,巴塘,Batang,0.39,5.94,12.37,-0.71,4.845986556329749,0.64,19584854.0,24824706.0,354.875,99.05,29.85,2016,648.86,-1.89,0.55,-0.26
2016-04-07,batang,巴塘,Batang,1.59,3.43,8.57,-0.74,2.918985211465432,1.1,14706910.0,17459678.0,422.59375,99.05,29.85,2016,649.56,0.37,1.06,-0.18
2016-04-08,batang,巴塘,Batang,5.91,2.54,6.7,-0.41,2.147734882289704,1.08,10352734.0,13364872.0,503.84375,99.05,29.85,2016,648.44,0.43,1.06,-0.14
2016-04-09,batang,巴塘,Batang,0.73,3.88,10.61,-2.22,4.100497693147614,0.91,18192440.0,22933268.0,576.25,99.05,29.85,2016,648.83,-2.85,0.87,0.05
2016-04-10,batang,巴塘,Batang,0.74,3.67,10.55,-2.83,4.733135009082632,0.68,22445070.0,26638250.0,624.59375,99.05,29.85,2016,649.84,-3.35,0.61,-0.03
2016-04-11,batang,巴塘,Batang,3.56,3.57,9.04,-2.3,3.602835020588621,0.69,17650130.0,20521770.0,652.40625,99.05,29.85,2016,647.71,-0.91,0.47,-0.11
2016-04-12,batang,巴塘,Batang,9.04,2.8,9.7,-2.27,3.994065537405592,0.6,18744724.0,23839900.0,665.5,99.05,29.85,2016,646.54,-0.08,0.11,-0.36
2016-04-13,batang,巴塘,Batang,4.52,2.24,6.08,-0.28,2.6729868668917183,1.13,11076592.0,17342754.0,665.625,99.05,29.85,2016,646.22,0.35,1.07,-0.04
2016-04-14,batang,巴塘,Batang,2.06,3.95,9.79,-0.23,4.3765678377010415,1.41,17659478.0,25394022.0,652.8125,99.05,29.85,2016,646.78,-2.52,1.38,0.13
2016-04-15,batang,巴塘,Batang,2.8,1.01,6.03,-4.2,3.1824641744797666,0.86,12599566.0,19082216.0,633.5,99.05,29.85,2016,649.98,-7.33,-0.43,0.31
2016-04-16,batang,巴塘,Batang,5.5,2.8,9.42,-3.46,3.97986210361633,1.28,17448614.0,23882200.0,609.0,99.05,29.85,2016,648.99,-3.51,0.35,0.32
2016-04-17,batang,巴塘,Batang,0.25,0.39,5.7,-4.18,4.77764092985723,0.78,19373932.0,30038988.0,580.78125,99.05,29.85,2016,651.94,-11.59,-0.47,0.24
2016-04-18,batang,巴塘,Batang,0.25,4.18,10.3,-3.31,5.05497623569777,1.01,20470642.0,27740874.0,546.71875,99.05,29.85,2016,649.54,-5.69,0.99,-0.11
2016-04-19,batang,巴塘,Batang,5.65,3.63,8.83,-2.44,2.965590209346107,0.89,13698518.0,17070302.0,510.0625,99.05,29.85,2016,649.58,-0.04,0.58,0.1
2016-04-20,batang,巴塘,Batang,0.16,6.26,12.16,-1.17,5.123115020019241,1.02,19285338.0,25928310.0,481.78125,99.05,29.85,2016,649.37,-3.29,0.9,-0.2
2016-04-21,batang,巴塘,Batang,5.13,3.36,8.57,-0.48,2.584743868714529,1.04,12433588.0,15356770.0,464.15625,99.05,29.85,2016,646.88,0.53,0.94,0.03
2016-04-22,batang,巴塘,Batang,0.8,4.94,12.11,-0.13,4.942420091710185,0.84,20155056.0,26602552.0,462.53125,99.05,29.85,2016,645.7,-2.81,0.67,0.08
2016-04-23,batang,巴塘,Batang,10.94,2.22,5.21,0.02,1.7110111796041398,0.71,7643756.0,10208036.0,472.71875,99.05,29.85,2016,644.77,-0.06,0.63,-0.26
2016-04-24,batang,巴塘,Batang,10.97,1.39,3.55,-0.83,2.644929785569179,1.02,6927810.0,17729454.0,488.6875,99.05,29.85,2016,644.95,-0.17,0.99,-0.12
2016-04-25,batang,巴塘,Batang,1.7,-0.02,5.55,-9.24,3.417486209217492,0.9,7445670.0,23555494.0,504.8125,99.05,29.85,2016,648.04,-3.1,0.85,0.13
2016-04-26,batang,巴塘,Batang,0.06,0.15,7.56,-8.01,4.570740388414442,0.29,14247082.0,29094346.0,511.78125,99.05,29.85,2016,651.73,-3.55,-0.11,0.03
2016-04-27,batang,巴塘,Batang,5.7,2.05,8.87,-6.1,4.180730201931346,0.44,15767204.0,25175506.0,511.4375,99.05,29.85,2016,650.19,-1.13,0.25,-0.12
2016-04-28,batang,巴塘,Batang,22.0,1.72,4.67,-0.83,2.724475762652895,0.36,7340312.0,16526010.0,511.28125,99.05,29.85,2016,649.67,0.13,-0.0,-0.22
2016-04-29,batang,巴塘,Batang,8.03,0.39,3.91,-4.15,2.9458381627601886,0.38,5024948.0,18994678.0,520.1875,99.05,29.85,2016,650.75,-0.79,-0.12,0.15
2016-04-30,batang,巴塘,Batang,4.34,1.83,6.21,-3.33,4.261447039850811,0.45,7674736.0,25880440.0,523.9375,99.05,29.85,2016,650.45,-1.6,0.11,0.36
2016-05-01,batang,巴塘,Batang,4.81,0.74,3.91,-3.41,3.141820766888645,0.61,6086688.0,20613412.0,514.5625,99.05,29.85,2016,650.84,-0.78,-0.34,0.32
2016-05-02,batang,巴塘,Batang,0.04,-0.79,4.86,-11.36,3.8048855899418936,0.69,8711070.0,26396452.0,499.65625,99.05,29.85,2016,654.53,-4.47,-0.64,0.19
2016-05-03,batang,巴塘,Batang,0.01,0.71,7.09,-10.46,4.4695517156583575,0.45,12815222.0,28087640.0,481.875,99.05,29.85,2016,652.07,-4.6,-0.42,-0.0
2016-05-04,batang,巴塘,Batang,0.0,2.42,9.59,-6.01,5.438537972489643,0.4,19651922.0,31696768.0,460.78125,99.05,29.85,2016,650.72,-4.76,-0.35,-0.08
2016-05-05,batang,巴塘,Batang,0.11,5.01,12.45,-5.2,5.909720437861568,0.33,23504604.0,30980468.0,441.3125,99.05,29.85,2016,650.37,-4.48,0.08,-0.01
2016-05-06,batang,巴塘,Batang,0.88,6.21,12.49,-0.82,5.650513753657668,0.77,24333582.0,29427074.0,435.375,99.05,29.85,2016,649.25,-0.77,0.69,0.18
2016-05-07,batang,巴塘,Batang,0.33,8.44,14.98,1.44,5.949561338060926,0.94,24162924.0,28367528.0,457.4375,99.05,29.85,2016,649.78,-0.61,0.84,0.33
2016-05-08,batang,巴塘,Batang,3.88,7.63,14.87,0.6,5.255956533692118,1.09,22734778.0,26459580.0,519.625,99.05,29.85,2016,651.1,1.32,0.35,0.49
2016-05-09,batang,巴塘,Batang,1.05,7.07,12.74,1.56,5.157087170374067,1.0,21238590.0,24834272.0,632.125,99.05,29.85,2016,653.62,-4.14,-0.95,0.15
2016-05-10,batang,巴塘,Batang,0.38,8.04,13.63,0.77,6.2607777064457215,1.02,25205458.0,29325144.0,770.34375,99.05,29.85,2016,654.1,-5.7,-0.92,0.2
2016-05-11,batang,巴塘,Batang,0.0,11.07,17.98,2.9,7.30695210787592,0.65,26824834.0,31163224.0,891.8125,99.05,29.85,2016,650.95,-5.24,0.49,0.19
2016-05-12,batang,巴塘,Batang,0.07,12.38,18.38,4.74,7.485047768022432,1.36,26415950.0,30687248.0,1021.875,99.05,29.85,2016,648.93,-1.7,1.33,-0.03
2016-05-13,batang,巴塘,Batang,1.14,10.08,16.39,4.48,5.663969126014299,1.7,22276864.0,25889120.0,1221.7812,99.05,29.85,2016,648.12,1.83,1.63,0.22
2016-05-14,batang,巴塘,Batang,10.45,8.64,15.39,2.46,4.769737125731101,1.09,20233410.0,23545576.0,1445.5,99.05,29.85,2016,650.25,4.01,0.61,0.12
2016-05-15,batang,巴塘,Batang,10.79,6.01,11.3,2.21,3.353835643836092,0.62,13774694.0,17869262.0,1625.0938,99.05,29.85,2016,652.21,3.85,0.41,0.04
2016-05-16,batang,巴塘,Batang,2.09,7.16,12.0,2.82,3.937703066766948,1.39,15700626.0,20575210.0,1722.7188,99.05,29.85,2016,648.53,2.8,1.37,-0.16
2016-05-17,batang,巴塘,Batang,18.91,6.55,12.36,2.79,3.4911838982649863,0.92,15339696.0,18717436.0,1767.3125,99.05,29.85,2016,648.63,4.11,0.83,-0.14
2016-05-18,batang,巴塘,Batang,11.55,3.17,7.07,0.24,1.4938057950085517,0.64,5924548.0,9051856.0,1828.375,99.05,29.85,2016,649.88,2.83,0.22,0.24
2016-05-19,batang,巴塘,Batang,0.81,5.02,11.75,-1.85,5.067167266157306,0.86,20121700.0,27663912.0,1853.3125,99.05,29.85,2016,651.28,-1.43,-0.77,0.32
2016-05-20,batang,巴塘,Batang,0.01,10.16,16.33,0.83,6.978751651708096,1.11,25702542.0,31404890.0,1829.4062,99.05,29.85,2016,648.72,-1.12,1.05,0.18
2016-05-21,batang,巴塘,Batang,7.93,9.06,14.07,4.65,3.990749625032758,1.11,16382440.0,19288380.0,1791.5,99.05,29.85,2016,649.25,4.97,1.05,-0.2
2016-05-22,batang,巴塘,Batang,12.65,4.32,7.63,1.45,1.129138220322771,0.89,5616414.0,6627900.0,1799.1562,99.05,29.85,2016,650.66,3.71,0.28,0.42
2016-05-23,batang,巴塘,Batang,1.16,8.24,14.39,2.13,5.363805426754318,0.51,21460120.0,25374284.0,1834.3438,99.05,29.85,2016,651.01,-0.04,0.15,0.2
2016-05-24,batang,巴塘,Batang,0.12,11.11,16.98,3.72,7.082008235475062,1.17,26526460.0,30998244.0,1834.6562,99.05,29.85,2016,647.44,0.11,1.15,0.15
2016-05-25,batang,巴塘,Batang,1.09,11.2,15.56,6.35,5.265285423000831,1.63,20492354.0,23881124.0,1830.8438,99.05,29.85,2016,645.95,5.22,1.61,-0.07
2016-05-26,batang,巴塘,Batang,1.46,10.92,16.16,6.27,5.436163723179426,1.89,21489124.0,25034796.0,1860.6875,99.05,29.85,2016,646.67,4.58,1.87,0.06
2016-05-27,batang,巴塘,Batang,2.36,11.16,16.37,4.3,6.130606433274562,1.41,23315780.0,27164584.0,1939.0625,99.05,29.85,2016,647.91,2.87,1.34,0.25
2016-05-28,batang,巴塘,Batang,2.98,10.85,16.13,5.32,5.740517223654653,0.84,22335680.0,26024460.0,2047.8125,99.05,29.85,2016,649.05,5.26,0.53,0.01
2016-05-29,batang,巴塘,Batang,1.78,11.56,17.11,6.8,5.735885767092544,1.55,22436748.0,26146444.0,2177.5312,99.05,29.85,2016,648.19,5.87,1.52,-0.12
2016-05-30,batang,巴塘,Batang,1.6,11.34,16.81,5.8,5.729890000704643,1.6,22125208.0,25786632.0,2303.5625,99.05,29.85,2016,648.06,4.63,1.57,-0.03
2016-05-31,batang,巴塘,Batang,0.23,12.06,17.76,6.16,5.462805308866263,1.54,19261810.0,22451984.0,2367.0,99.05,29.85,2016,648.7,2.81,1.51,-0.03
2016-06-01,batang,巴塘,Batang,4.17,10.88,16.61,4.05,5.416856607443309,1.12,20697154.0,24128940.0,2371.3438,99.05,29.85,2016,649.8,3.86,0.75,0.1
2016-06-02,batang,巴塘,Batang,0.16,10.58,15.76,4.5,6.8327347712905455,1.19,25228148.0,29417520.0,2349.9062,99.05,29.85,2016,651.38,-3.51,-1.09,0.27
2016-06-03,batang,巴塘,Batang,0.09,10.7,16.08,4.2,7.459350650408528,0.88,27770260.0,32384352.0,2295.7188,99.05,29.85,2016,652.02,-4.2,-0.67,-0.04
2016-06-04,batang,巴塘,Batang,0.36,11.25,16.49,3.44,5.568982178595348,0.6,19816150.0,23109896.0,2204.4375,99.05,29.85,2016,653.04,-3.13,-0.3,0.08
2016-06-05,batang,巴塘,Batang,0.35,13.14,17.69,5.4,7.384194562380602,0.79,25698676.0,29974308.0,2085.0625,99.05,29.85,2016,652.59,-0.01,0.73,-0.09
2016-06-06,batang,巴塘,Batang,7.54,10.37,16.21,4.64,5.2931368350617785,0.77,21063196.0,24570624.0,1968.2188,99.05,29.85,2016,652.5,6.25,0.31,0.16
2016-06-07,batang,巴塘,Batang,0.58,12.31,16.57,6.14,5.611876658905457,0.68,19963380.0,23291304.0,1890.3125,99.05,29.85,2016,651.76,2.94,0.05,0.02
2016-06-08,batang,巴塘,Batang,9.32,10.85,16.92,7.54,4.406125239886303,1.07,17484390.0,20402128.0,1850.3125,99.05,29.85,2016,649.23,7.21,1.03,-0.16
2016-06-09,batang,巴塘,Batang,16.12,10.87,16.35,7.02,4.903414988000397,0.47,19055152.0,22241240.0,1867.2812,99.05,29.85,2016,649.4,8.31,0.16,-0.2
2016-06-10,batang,巴塘,Batang,20.58,11.08,16.64,7.02,4.914039197817779,0.52,18942520.0,22116476.0,1933.9688,99.05,29.85,2016,649.8,7.92,0.1,0.05
2016-06-11,batang,巴塘,Batang,3.7,11.71,17.22,7.47,5.519222203999266,0.74,20846230.0,24338924.0,2001.9688,99.05,29.85,2016,650.22,6.64,-0.37,0.07
2016-06-12,batang,巴塘,Batang,7.7,12.16,17.41,8.36,5.525918633936117,0.67,20891842.0,24390928.0,2016.4375,99.05,29.85,2016,649.95,8.62,0.52,-0.12
2016-06-13,batang,巴塘,Batang,3.55,10.45,13.37,7.61,2.78639801919828,0.92,10843306.0,12660048.0,2003.6875,99.05,29.85,2016,649.4,7.52,0.84,-0.26
2016-06-14,batang,巴塘,Batang,15.27,11.8,16.72,7.45,4.423237526814911,0.89,16916242.0,19754800.0,2000.125,99.05,29.85,2016,647.68,8.32,0.54,0.12
2016-06-15,batang,巴塘,Batang,4.34,9.44,12.8,5.67,2.6601184141698866,0.71,10682412.0,12474296.0,2054.4062,99.05,29.85,2016,650.51,6.92,-0.28,0.19
2016-06-16,batang,巴塘,Batang,11.92,11.54,17.22,7.27,4.794119718670063,0.59,18222636.0,21286300.0,2115.0938,99.05,29.85,2016,650.39,8.0,0.38,-0.25
2016-06-17,batang,巴塘,Batang,2.41,12.52,17.92,7.83,5.362629092462329,0.77,20141120.0,23532228.0,2165.9688,99.05,29.85,2016,649.85,8.93,0.65,-0.16
2016-06-18,batang,巴塘,Batang,13.49,13.25,19.06,8.53,5.458476859728232,0.91,20115536.0,23508096.0,2185.5625,99.05,29.85,2016,650.44,9.19,0.7,0.0
2016-06-19,batang,巴塘,Batang,5.58,13.06,18.31,9.08,5.021081759400626,0.47,18065634.0,21115948.0,2236.9375,99.05,29.85,2016,650.91,8.7,0.06,0.01
2016-06-20,batang,巴塘,Batang,8.99,12.07,16.88,9.24,3.6507186189246834,0.71,13938082.0,16295096.0,2319.2812,99.05,29.85,2016,650.13,10.11,0.64,-0.13
2016-06-21,batang,巴塘,Batang,11.2,13.22,17.88,9.51,4.7456579275656425,0.66,17489072.0,20452052.0,2441.625,99.05,29.85,2016,650.19,10.65,0.53,-0.18
2016-06-22,batang,巴塘,Batang,6.12,13.36,18.77,9.05,5.168548119140419,0.95,19336858.0,22617996.0,2616.0,99.05,29.85,2016,649.4,10.49,0.88,-0.24
2016-06-23,batang,巴塘,Batang,3.0,13.85,18.83,9.4,4.972964306750068,0.96,17834190.0,20864884.0,2790.2812,99.05,29.85,2016,649.25,9.58,0.89,-0.08
2016-06-24,batang,巴塘,Batang,2.48,14.51,19.86,10.34,5.629432046294332,1.17,19941362.0,23334804.0,2965.0938,99.05,29.85,2016,649.43,9.58,1.11,-0.14
2016-06-25,batang,巴塘,Batang,2.46,14.77,20.19,10.7,5.8172910745097575,1.02,20286212.0,23743264.0,3183.4688,99.05,29.85,2016,650.56,9.44,0.96,-0.11
2016-06-26,batang,巴塘,Batang,13.91,13.59,18.52,10.02,4.538594237739778,0.69,16340472.0,19129808.0,3487.9688,99.05,29.85,2016,651.07,10.22,0.43,-0.09
2016-06-27,batang,巴塘,Batang,11.53,13.17,18.41,9.16,4.389418234273746,0.52,16066134.0,18812288.0,3848.8438,99.05,29.85,2016,650.79,11.05,0.4,-0.12
2016-06-28,batang,巴塘,Batang,5.36,13.65,19.48,7.66,5.528120029878575,0.58,19963464.0,23380060.0,4032.7031,99.05,29.85,2016,652.26,10.44,0.31,-0.0
2016-06-29,batang,巴塘,Batang,10.94,13.7,18.88,9.66,4.939590698401871,1.02,18047170.0,21140712.0,4042.0938,99.05,29.85,2016,650.63,10.13,0.93,-0.24
2016-06-30,batang,巴塘,Batang,14.19,10.82,12.79,8.52,1.659065660175775,0.56,6414664.0,7515900.0,4036.3594,99.05,29.85,2016,650.29,9.71,0.13,0.22
2016-07-01,batang,巴塘,Batang,14.52,10.43,12.66,8.77,2.1708800902604466,0.51,8449094.0,9902304.0,4121.297000000001,99.05,29.85,2016,649.6,8.92,0.46,-0.12
2016-07-02,batang,巴塘,Batang,13.27,11.32,15.83,7.72,3.28653099345418,0.43,12455194.0,14600640.0,4141.172000000001,99.05,29.85,2016,650.08,9.3,0.14,-0.18
2016-07-03,batang,巴塘,Batang,3.66,12.45,17.76,8.04,5.177849387454613,0.64,19203436.0,22514444.0,4126.2344,99.05,29.85,2016,650.08,8.75,0.39,-0.08
2016-07-04,batang,巴塘,Batang,1.73,14.23,19.5,9.2,5.29899079192018,1.13,18730666.0,21965660.0,4045.5312,99.05,29.85,2016,648.55,9.29,1.06,-0.23
2016-07-05,batang,巴塘,Batang,3.72,14.45,19.35,10.89,4.829218622205555,1.13,16711986.0,19602376.0,3983.6875,99.05,29.85,2016,648.44,9.36,1.08,-0.16
2016-07-06,batang,巴塘,Batang,10.93,13.31,17.66,10.44,4.2380111612918645,0.73,15628346.0,18334616.0,4092.9531,99.05,29.85,2016,649.45,11.11,0.62,-0.25
2016-07-07,batang,巴塘,Batang,15.81,12.04,15.94,9.72,2.8835244171788053,1.07,11325326.0,13290154.0,4318.172000000001,99.05,29.85,2016,649.54,10.62,0.97,-0.43
2016-07-08,batang,巴塘,Batang,13.42,11.46,14.65,9.42,2.404243531180269,0.94,9380256.0,11009804.0,4573.75,99.05,29.85,2016,649.28,9.95,0.86,-0.34
2016-07-09,batang,巴塘,Batang,9.65,12.43,16.95,9.97,3.1820560046731265,0.86,11921720.0,13995108.0,4801.953,99.05,29.85,2016,648.95,10.18,0.79,-0.12
2016-07-10,batang,巴塘,Batang,2.07,13.67,18.49,9.76,4.736382712223649,1.06,17254424.0,20260480.0,4877.8594,99.05,29.85,2016,648.77,10.11,1.0,-0.23
2016-07-11,batang,巴塘,Batang,2.56,14.22,19.78,9.27,5.394300881068785,0.95,19235586.0,22591640.0,4836.078,99.05,29.85,2016,649.52,10.07,0.87,-0.22
2016-07-12,batang,巴塘,Batang,1.35,15.21,19.88,9.97,5.387051235922688,1.12,18305998.0,21504696.0,4847.1406,99.05,29.85,2016,649.64,9.71,1.06,-0.25
2016-07-13,batang,巴塘,Batang,30.63,14.46,19.81,11.11,5.1294166536802175,0.85,18258196.0,21453736.0,4901.1094,99.05,29.85,2016,648.9,11.11,0.76,-0.01
2016-07-14,batang,巴塘,Batang,13.56,12.97,16.91,8.29,3.2941378021688084,0.73,11307840.0,13289816.0,5010.8438,99.05,29.85,2016,650.96,7.75,-0.47,0.08
2016-07-15,batang,巴塘,Batang,0.26,14.39,19.18,8.09,6.425519827283537,0.36,21790132.0,25613428.0,5059.578,99.05,29.85,2016,651.03,5.17,0.22,0.03
2016-07-16,batang,巴塘,Batang,1.49,14.52,18.94,9.33,6.7001738182878485,0.8,23056094.0,27095382.0,4890.4844,99.05,29.85,2016,651.11,7.23,0.77,-0.0
2016-07-17,batang,巴塘,Batang,4.13,14.56,19.02,10.18,4.838263828375356,1.37,16583632.0,19485112.0,4622.2188,99.05,29.85,2016,649.17,9.17,1.34,-0.12
2016-07-18,batang,巴塘,Batang,10.62,12.71,16.99,9.76,2.9377808106006937,0.46,10558824.0,12403942.0,4414.8125,99.05,29.85,2016,648.77,10.0,0.3,-0.04
2016-07-19,batang,巴塘,Batang,4.31,13.73,18.67,9.8,5.009612579415691,0.53,17957500.0,21088940.0,4348.375,99.05,29.85,2016,649.51,10.91,0.34,-0.14
2016-07-20,batang,巴塘,Batang,2.12,14.57,19.77,10.55,4.923204027779282,1.03,17249676.0,20252808.0,4259.8438,99.05,29.85,2016,649.76,10.27,0.97,-0.19
2016-07-21,batang,巴塘,Batang,28.69,13.3,19.24,9.63,3.7156673508013167,0.92,13674908.0,16051604.0,4132.1562,99.05,29.85,2016,650.13,10.8,0.48,0.05
2016-07-22,batang,巴塘,Batang,7.84,11.9,17.2,8.65,3.9367851051572655,0.73,14824774.0,17398188.0,4112.375,99.05,29.85,2016,650.63,8.9,0.59,-0.04
2016-07-23,batang,巴塘,Batang,5.6,13.4,19.01,8.93,5.2511096486156505,1.14,19344802.0,22697318.0,4130.953,99.05,29.85,2016,649.6,9.34,1.09,-0.17
2016-07-24,batang,巴塘,Batang,13.79,11.31,13.93,9.39,1.8335265467421191,0.6,6811232.0,7989540.0,4132.1094,99.05,29.85,2016,651.38,9.3,0.43,-0.07
2016-07-25,batang,巴塘,Batang,10.03,12.1,16.35,9.22,3.7089372543485735,1.02,13919226.0,16323094.0,4220.9375,99.05,29.85,2016,653.1,8.77,0.95,-0.09
2016-07-26,batang,巴塘,Batang,11.1,10.91,13.94,9.34,2.48469637643984,0.54,9467456.0,11103400.0,4301.453,99.05,29.85,2016,654.02,8.79,0.14,0.17
2016-07-27,batang,巴塘,Batang,7.04,10.76,15.86,5.96,4.443919879039552,0.33,16997320.0,19925704.0,4322.625,99.05,29.85,2016,653.51,8.14,-0.07,0.03
2016-07-28,batang,巴塘,Batang,5.89,10.27,16.04,6.35,4.583888631476841,0.55,18149540.0,21270566.0,4207.8125,99.05,29.85,2016,652.55,7.75,0.23,-0.08
2016-07-29,batang,巴塘,Batang,4.29,11.24,16.97,6.75,5.3374333226736415,0.61,20471666.0,23985666.0,4021.6719,99.05,29.85,2016,651.8,7.45,0.47,-0.17
2016-07-30,batang,巴塘,Batang,7.76,10.38,15.44,6.27,4.791624489995024,0.45,18819446.0,22043790.0,3824.125,99.05,29.85,2016,652.39,8.09,0.27,-0.11
2016-07-31,batang,巴塘,Batang,6.06,10.73,15.23,6.83,4.4946391304502775,0.52,17544768.0,20548694.0,3668.8594,99.05,29.85,2016,652.25,8.36,0.4,-0.13
2016-08-01,batang,巴塘,Batang,4.6,11.65,17.52,7.54,5.174824996996699,0.65,19831480.0,23219378.0,3522.3125,99.05,29.85,2016,651.77,8.63,0.52,-0.06
2016-08-02,batang,巴塘,Batang,4.46,12.72,18.2,7.83,5.61686707065715,0.53,20606070.0,24119922.0,3397.0156,99.05,29.85,2016,651.09,8.81,0.38,-0.15
2016-08-03,batang,巴塘,Batang,3.35,12.51,17.78,7.13,5.062586641386104,0.48,18695748.0,21878968.0,3290.2188,99.05,29.85,2016,651.43,9.43,0.31,-0.09
2016-08-04,batang,巴塘,Batang,13.27,13.19,18.71,8.04,5.332566297615582,0.56,19325622.0,22610776.0,3187.1562,99.05,29.85,2016,651.56,9.32,0.32,-0.05
2016-08-05,batang,巴塘,Batang,12.99,12.67,16.99,9.25,4.371950644659224,0.53,16157602.0,18900598.0,3106.4062,99.05,29.85,2016,652.41,10.14,0.13,-0.24
2016-08-06,batang,巴塘,Batang,6.76,9.82,14.53,4.06,2.7868182020348287,0.51,10881404.0,12727846.0,3067.2344,99.05,29.85,2016,652.92,6.92,-0.1,-0.06
2016-08-07,batang,巴塘,Batang,0.49,13.44,19.78,5.71,6.233421880900714,0.8,21988764.0,25711094.0,3031.7344,99.05,29.85,2016,651.6,5.79,-0.54,-0.06
2016-08-08,batang,巴塘,Batang,3.97,11.98,18.97,5.95,6.2053019296337375,0.59,23305204.0,27240850.0,2945.6562,99.05,29.85,2016,650.76,7.37,0.17,-0.01
2016-08-09,batang,巴塘,Batang,4.88,10.8,15.73,5.43,4.206299029357665,0.66,16472158.0,19249526.0,2810.6094,99.05,29.85,2016,650.78,8.01,0.47,-0.22
2016-08-10,batang,巴塘,Batang,3.97,11.65,16.24,6.41,4.953346733001065,0.52,18799352.0,21963930.0,2672.0469,99.05,29.85,2016,651.7,8.58,0.42,-0.14
2016-08-11,batang,巴塘,Batang,1.4,13.48,18.36,8.17,5.684874436714518,0.9,20491422.0,23934758.0,2529.1719,99.05,29.85,2016,652.21,8.16,0.81,-0.23
2016-08-12,batang,巴塘,Batang,1.79,14.42,19.95,9.03,5.855828381425169,0.75,20424744.0,23851052.0,2394.5312,99.05,29.85,2016,651.45,8.7,0.65,-0.18
2016-08-13,batang,巴塘,Batang,1.26,14.44,20.1,9.37,5.864538965429115,0.87,20712940.0,24181824.0,2272.4219,99.05,29.85,2016,651.09,9.44,0.74,-0.34
2016-08-14,batang,巴塘,Batang,1.41,14.52,19.35,8.52,6.041624942956994,0.75,21093848.0,24620990.0,2165.4531,99.05,29.85,2016,650.68,8.87,0.65,-0.22
2016-08-15,batang,巴塘,Batang,1.26,14.74,20.74,9.18,6.082623137464826,0.55,20956316.0,24454904.0,2070.0156,99.05,29.85,2016,649.92,8.75,0.37,-0.3
2016-08-16,batang,巴塘,Batang,0.75,15.03,19.76,9.98,5.759958636475593,1.03,19452412.0,22687844.0,1979.2031,99.05,29.85,2016,649.91,7.99,0.94,-0.36
2016-08-17,batang,巴塘,Batang,0.56,15.46,21.07,9.0,6.1264606355246976,0.72,20410178.0,23791614.0,1889.4531,99.05,29.85,2016,649.89,7.5,0.69,-0.17
2016-08-18,batang,巴塘,Batang,0.01,16.14,22.24,9.4,7.0306206183707465,0.58,23231168.0,27066212.0,1802.1406,99.05,29.85,2016,650.43,7.65,0.27,-0.28
2016-08-19,batang,巴塘,Batang,4.89,14.28,21.1,7.46,5.759412692399235,0.55,20372260.0,23723588.0,1723.2969,99.05,29.85,2016,651.68,10.05,0.35,-0.24
2016-08-20,batang,巴塘,Batang,0.3,15.95,21.85,9.1,6.583343524919304,0.76,21733840.0,25294468.0,1663.3906,99.05,29.85,2016,652.43,7.49,0.58,-0.33
2016-08-21,batang,巴塘,Batang,0.22,16.68,22.29,10.57,7.187251898404219,0.95,23288186.0,27089740.0,1602.3906,99.05,29.85,2016,652.59,7.41,0.85,-0.35
2016-08-22,batang,巴塘,Batang,0.89,15.43,21.26,9.87,6.2538016156105325,0.86,21183696.0,24628754.0,1541.6875,99.05,29.85,2016,653.06,8.51,0.7,-0.43
2016-08-23,batang,巴塘,Batang,1.96,14.83,20.41,9.13,5.844748044847767,0.93,20163552.0,23430558.0,1488.4219,99.05,29.85,2016,652.96,8.51,0.8,-0.37
2016-08-24,batang,巴塘,Batang,0.76,15.33,20.74,9.5,6.469173952749888,0.95,21687148.0,25188004.0,1443.2031,99.05,29.85,2016,653.24,6.9,0.88,-0.3
2016-08-25,batang,巴塘,Batang,0.6,15.99,21.64,9.8,7.076382310151418,0.89,23132606.0,26852092.0,1402.0,99.05,29.85,2016,654.3,5.63,0.82,-0.26
2016-08-26,batang,巴塘,Batang,0.03,16.14,21.33,9.88,6.506556903717253,0.86,20966220.0,24325328.0,1365.75,99.05,29.85,2016,654.65,5.76,0.79,-0.17
2016-08-27,batang,巴塘,Batang,3.62,14.7,20.43,9.6,5.9123567164355615,0.83,20633758.0,23927468.0,1337.9844,99.05,29.85,2016,654.4,8.86,0.68,-0.23
2016-08-28,batang,巴塘,Batang,0.83,15.26,19.95,10.16,5.606902675702885,1.11,18634280.0,21597292.0,1327.4531,99.05,29.85,2016,652.06,7.55,1.09,-0.11
2016-08-29,batang,巴塘,Batang,1.99,15.08,20.17,10.53,5.15910256845671,0.93,17115704.0,19827210.0,1325.3594,99.05,29.85,2016,650.09,7.46,0.89,-0.01
2016-08-30,batang,巴塘,Batang,3.65,14.44,19.79,10.05,5.1470696494711365,1.01,17919824.0,20746446.0,1348.1562,99.05,29.85,2016,649.35,8.64,0.97,0.01
2016-08-31,batang,巴塘,Batang,5.5,13.93,19.23,9.36,4.732751111892696,0.62,16763598.0,19398296.0,1419.2969,99.05,29.85,2016,649.0,9.19,0.56,0.09
2016-09-01,batang,巴塘,Batang,7.56,13.27,18.92,9.28,4.4523610951511525,0.68,16273592.0,18822904.0,1533.75,99.05,29.85,2016,648.65,9.63,0.64,-0.02
2016-09-02,batang,巴塘,Batang,8.79,12.97,18.36,9.53,4.128919503901387,0.9,15424658.0,17830418.0,1673.5938,99.05,29.85,2016,648.05,9.77,0.84,-0.16
2016-09-03,batang,巴塘,Batang,5.95,13.88,18.83,9.68,4.372421119488582,0.99,15449654.0,17849764.0,1851.625,99.05,29.85,2016,648.54,8.93,0.96,-0.08
2016-09-04,batang,巴塘,Batang,9.47,12.65,18.16,9.73,3.561604780521765,0.67,13410128.0,15487078.0,2085.7188,99.05,29.85,2016,649.73,10.39,0.53,-0.36
2016-09-05,batang,巴塘,Batang,16.29,12.07,17.45,9.45,3.3394906258429966,0.59,12735628.0,14699900.0,2345.0469,99.05,29.85,2016,650.35,10.03,0.41,-0.21
2016-09-06,batang,巴塘,Batang,12.0,10.04,13.25,7.68,1.9906735240087483,0.42,7935152.0,9152674.0,2553.2969,99.05,29.85,2016,651.54,8.79,0.1,-0.13
2016-09-07,batang,巴塘,Batang,6.8,12.0,16.66,8.51,3.95137581878964,0.89,15394090.0,17750344.0,2692.5781,99.05,29.85,2016,650.18,9.46,0.82,-0.26
2016-09-08,batang,巴塘,Batang,8.21,12.08,17.86,8.34,4.368987119197188,0.86,16721366.0,19268340.0,2747.4375,99.05,29.85,2016,650.88,8.51,0.62,0.12
2016-09-09,batang,巴塘,Batang,5.01,11.31,16.88,5.78,4.202566331918344,0.6,16332858.0,18813854.0,2796.5781,99.05,29.85,2016,652.99,8.32,-0.52,0.07
2016-09-10,batang,巴塘,Batang,1.41,10.8,16.04,5.72,5.139117395623285,0.74,19970552.0,22989828.0,2796.6719,99.05,29.85,2016,653.62,5.06,-0.26,0.16
2016-09-11,batang,巴塘,Batang,1.78,11.03,16.42,6.25,4.773987156552852,1.48,18682502.0,21494260.0,2718.7188,99.05,29.85,2016,651.86,5.36,1.46,-0.18
2016-09-12,batang,巴塘,Batang,8.39,10.1,14.91,6.74,4.026187777125712,0.79,16240184.0,18675668.0,2656.7031,99.05,29.85,2016,653.01,6.48,0.61,-0.26
2016-09-13,batang,巴塘,Batang,1.65,11.86,16.59,7.11,4.876951225106409,1.2,18400440.0,21147866.0,2696.0156,99.05,29.85,2016,652.66,5.93,1.16,-0.18
2016-09-14,batang,巴塘,Batang,13.34,11.42,16.56,7.65,4.147621188091389,0.87,15957790.0,18331020.0,2676.125,99.05,29.85,2016,652.64,7.11,0.34,0.09
2016-09-15,batang,巴塘,Batang,7.76,10.21,15.62,7.69,3.4276489868504822,0.55,13821036.0,15871520.0,2625.2656,99.05,29.85,2016,652.63,8.12,0.27,-0.1
2016-09-16,batang,巴塘,Batang,3.06,11.04,16.23,7.68,4.004042755318775,0.78,16006586.0,18363878.0,2568.625,99.05,29.85,2016,651.55,8.44,0.67,-0.24
2016-09-17,batang,巴塘,Batang,3.55,12.18,17.08,8.02,4.396070798576432,0.92,16577714.0,19002310.0,2499.3125,99.05,29.85,2016,651.61,7.56,0.82,-0.14
2016-09-18,batang,巴塘,Batang,23.73,11.47,16.82,7.42,4.14608182039813,0.77,16195544.0,18548004.0,2460.0625,99.05,29.85,2016,651.79,8.14,0.43,-0.01
2016-09-19,batang,巴塘,Batang,17.11,10.04,14.97,7.13,3.5437976073513977,0.48,14349400.0,16426602.0,2479.0625,99.05,29.85,2016,651.97,8.0,0.3,-0.0
2016-09-20,batang,巴塘,Batang,2.09,10.32,14.21,4.85,4.310426759612024,0.78,16946094.0,19375532.0,2508.0938,99.05,29.85,2016,654.28,4.89,-0.46,0.06
2016-09-21,batang,巴塘,Batang,0.87,9.35,13.71,4.47,3.768570763527548,1.07,15136058.0,17288664.0,2497.7812,99.05,29.85,2016,654.87,3.85,0.97,-0.26
2016-09-22,batang,巴塘,Batang,6.53,9.37,13.79,6.55,2.854600580807551,1.11,11721974.0,13380467.0,2425.5,99.05,29.85,2016,652.07,6.0,0.87,-0.13
2016-09-23,batang,巴塘,Batang,2.41,10.34,15.7,6.85,3.7158641927210434,1.43,15045700.0,17159834.0,2394.8594,99.05,29.85,2016,649.8,6.15,1.4,-0.23
2016-09-24,batang,巴塘,Batang,4.99,10.06,15.01,6.82,3.389875687432267,0.91,13894089.0,15832839.0,2394.6172,99.05,29.85,2016,650.44,7.03,0.82,-0.27
2016-09-25,batang,巴塘,Batang,1.26,11.48,15.84,6.94,3.949498098024682,1.27,14783489.0,16831368.0,2397.1328,99.05,29.85,2016,650.87,5.74,1.26,-0.11
2016-09-26,batang,巴塘,Batang,2.05,11.67,15.82,7.58,3.79409574620946,1.02,13740996.0,15631224.0,2438.539,99.05,29.85,2016,651.79,4.97,0.99,-0.04
2016-09-27,batang,巴塘,Batang,15.76,9.37,13.96,6.67,2.9139828164461643,0.82,12272320.0,13997021.0,2541.5469,99.05,29.85,2016,653.71,7.19,-0.29,0.31
2016-09-28,batang,巴塘,Batang,5.1,10.14,15.41,6.77,3.638683512828844,0.66,14697755.0,16708235.0,2650.461,99.05,29.85,2016,652.76,6.8,0.43,-0.06
2016-09-29,batang,巴塘,Batang,16.02,10.35,15.8,6.55,4.109676472721056,0.84,16805820.0,19084896.0,2678.3047,99.05,29.85,2016,652.26,6.99,0.29,0.06
2016-09-30,batang,巴塘,Batang,6.69,9.61,16.13,4.93,3.833926332676236,0.56,15944845.0,18084372.0,2651.1016,99.05,29.85,2016,652.9,7.23,0.03,0.08
2016-10-01,batang,巴塘,Batang,0.65,9.77,15.43,3.62,4.582690710893624,0.9,17696826.0,20063128.0,2595.336,99.05,29.85,2016,655.93,0.66,-0.88,0.07
2016-10-02,batang,巴塘,Batang,0.0,10.89,17.15,3.46,5.503906043115253,0.55,20641462.0,23370268.0,2508.7578,99.05,29.85,2016,656.03,-1.63,-0.42,0.06
2016-10-03,batang,巴塘,Batang,0.54,10.81,16.14,4.48,5.116773302704647,1.03,19187020.0,21701944.0,2378.211,99.05,29.85,2016,653.17,0.9,0.94,-0.19
2016-10-04,batang,巴塘,Batang,0.35,10.5,15.02,4.28,4.111343981691936,0.8,15839166.0,17899182.0,2245.6094,99.05,29.85,2016,652.2,3.71,0.69,-0.18
2016-10-05,batang,巴塘,Batang,1.04,10.78,15.31,6.66,3.956570979826144,1.21,15136346.0,17090710.0,2127.2422,99.05,29.85,2016,651.22,4.58,1.18,-0.2
2016-10-06,batang,巴塘,Batang,0.33,10.08,14.64,5.7,3.325667826502752,1.22,12178747.0,13740028.0,2021.9375,99.05,29.85,2016,651.38,2.77,1.15,-0.23
2016-10-07,batang,巴塘,Batang,0.35,10.16,14.43,6.0,3.1256642500747667,1.28,11462748.0,12920688.0,1946.3125,99.05,29.85,2016,651.7,3.61,1.23,-0.28
2016-10-08,batang,巴塘,Batang,0.73,10.96,15.69,6.72,3.931749055030612,1.32,14858074.0,16734621.0,1903.3359,99.05,29.85,2016,650.89,4.55,1.3,-0.16
2016-10-09,batang,巴塘,Batang,1.04,10.41,15.64,6.75,3.2466897709180444,1.48,12407932.0,13964069.0,1897.0312,99.05,29.85,2016,649.59,5.1,1.45,-0.21
2016-10-10,batang,巴塘,Batang,0.48,10.76,15.85,6.73,3.4272499950990314,1.6,12906566.0,14512736.0,1917.7969,99.05,29.85,2016,649.23,5.11,1.57,-0.19
2016-10-11,batang,巴塘,Batang,0.39,10.15,15.34,6.15,3.4254964073768805,1.66,13178072.0,14805460.0,1949.9844,99.05,29.85,2016,650.13,4.42,1.62,-0.15
2016-10-12,batang,巴塘,Batang,0.91,8.92,13.47,5.76,2.6714543195033063,1.72,10841160.0,12170622.0,1983.7188,99.05,29.85,2016,650.9,4.65,1.67,-0.36
2016-10-13,batang,巴塘,Batang,1.28,9.3,14.46,5.65,3.262719280024975,1.56,13452492.0,15089460.0,2030.3203,99.05,29.85,2016,650.82,4.66,1.53,-0.24
2016-10-14,batang,巴塘,Batang,0.75,10.6,16.0,4.36,4.235140251933373,1.14,15063586.0,16883652.0,2099.6016,99.05,29.85,2016,651.21,-0.59,0.97,0.34
2016-10-15,batang,巴塘,Batang,0.96,9.14,14.28,3.73,4.143913809368101,0.84,16329370.0,18287602.0,2117.1328,99.05,29.85,2016,653.1,0.05,0.79,-0.21
2016-10-16,batang,巴塘,Batang,7.18,7.17,12.94,1.63,3.763900640639689,0.94,16526690.0,18510784.0,2058.2188,99.05,29.85,2016,653.97,1.23,0.23,0.27
2016-10-17,batang,巴塘,Batang,3.05,5.11,10.64,0.12,3.2563701878230176,0.47,12706686.0,17430962.0,1983.9453,99.05,29.85,2016,653.39,2.1,0.0,-0.06
2016-10-18,batang,巴塘,Batang,0.03,6.96,12.56,-0.15,3.713724168826837,1.05,13048670.0,16839736.0,1902.6953,99.05,29.85,2016,651.59,-3.77,0.98,-0.17
2016-10-19,batang,巴塘,Batang,0.15,7.28,12.59,1.34,4.115401260160246,1.02,15503444.0,18909660.0,1808.5703,99.05,29.85,2016,650.17,-3.42,0.97,-0.09
2016-10-20,batang,巴塘,Batang,0.0,6.95,12.73,1.31,4.360660637251941,0.91,17603602.0,20661828.0,1715.5078,99.05,29.85,2016,649.44,-3.61,0.82,-0.12
2016-10-21,batang,巴塘,Batang,0.0,8.25,14.29,1.21,4.65048735135426,1.27,18186342.0,20867156.0,1626.5469,99.05,29.85,2016,649.08,-2.64,1.23,-0.3
2016-10-22,batang,巴塘,Batang,0.03,7.59,13.22,1.89,3.944107377278276,1.15,15794522.0,17886034.0,1538.0312,99.05,29.85,2016,649.54,-2.16,1.07,-0.15
2016-10-23,batang,巴塘,Batang,0.34,7.11,12.41,1.54,3.5020130619702576,1.31,13944738.0,15688728.0,1453.1719,99.05,29.85,2016,649.17,-2.26,1.29,-0.03
2016-10-24,batang,巴塘,Batang,0.09,7.41,13.07,1.48,4.031891608075895,1.28,16093670.0,18044792.0,1374.7031,99.05,29.85,2016,649.26,-3.45,1.25,-0.07
2016-10-25,batang,巴塘,Batang,0.01,7.35,13.09,1.86,4.153118139695218,1.66,16833606.0,18840956.0,1300.8984,99.05,29.85,2016,648.96,-2.69,1.62,0.06
2016-10-26,batang,巴塘,Batang,0.69,6.88,13.05,2.33,3.463568799115272,1.85,14109936.0,15783544.0,1231.1484,99.05,29.85,2016,650.66,-1.33,1.77,0.08
2016-10-27,batang,巴塘,Batang,0.48,7.12,12.82,2.66,3.762936843822752,1.78,14750884.0,16512036.0,1166.4922,99.05,29.85,2016,651.45,-2.97,1.64,0.34
2016-10-28,batang,巴塘,Batang,2.57,5.66,12.19,1.22,3.18810807629269,1.12,13581506.0,15343236.0,1111.5469,99.05,29.85,2016,651.46,-2.76,0.9,0.35
2016-10-29,batang,巴塘,Batang,0.67,5.53,10.33,1.23,3.1897910175328565,1.15,12979230.0,14754552.0,1072.4375,99.05,29.85,2016,652.18,-4.89,1.1,-0.02
2016-10-30,batang,巴塘,Batang,0.97,5.7,11.55,1.05,3.661995199805777,0.98,15254108.0,17189616.0,1040.3516,99.05,29.85,2016,653.63,-6.49,0.78,0.34
2016-10-31,batang,巴塘,Batang,0.68,4.32,9.31,-0.07,3.0098639704763364,0.41,13611140.0,15514048.0,1006.5,99.05,29.85,2016,655.95,-4.9,0.03,-0.01
2016-11-01,batang,巴塘,Batang,0.44,5.16,10.13,-0.15,3.5400657405279325,1.04,15580162.0,17658596.0,971.10156,99.05,29.85,2016,654.03,-3.96,0.99,-0.07
2016-11-02,batang,巴塘,Batang,0.6,5.45,10.86,0.25,3.71122725804248,1.05,15377764.0,17287220.0,936.46094,99.05,29.85,2016,654.32,-8.0,0.99,0.09
2016-11-03,batang,巴塘,Batang,0.38,5.38,10.76,0.46,3.5905947856220264,0.81,15425720.0,17273736.0,905.21875,99.05,29.85,2016,653.5,-6.6,0.67,0.03
2016-11-04,batang,巴塘,Batang,0.99,5.59,10.83,0.26,3.299831015498203,0.86,14428866.0,16124276.0,878.8047,99.05,29.85,2016,650.66,-3.16,0.69,0.08
2016-11-05,batang,巴塘,Batang,0.79,6.94,10.7,1.64,2.7737600044406325,1.08,10496112.0,11718848.0,857.25,99.05,29.85,2016,649.05,-2.83,1.05,0.01
2016-11-06,batang,巴塘,Batang,3.2,4.78,9.22,2.03,1.7727246173425424,1.24,8327840.0,9427700.0,839.53906,99.05,29.85,2016,650.23,1.76,1.23,-0.05
2016-11-07,batang,巴塘,Batang,4.48,3.61,8.27,0.94,1.7033417409393603,1.49,9010832.0,10346552.0,827.40625,99.05,29.85,2016,650.69,1.77,1.46,-0.04
2016-11-08,batang,巴塘,Batang,13.54,2.32,6.91,-1.23,1.3088596138827524,0.85,6744770.0,8062632.0,821.4453,99.05,29.85,2016,651.33,1.11,0.53,0.27
2016-11-09,batang,巴塘,Batang,0.88,1.01,7.43,-3.81,2.727275100640672,0.51,9176058.0,16505112.0,823.46094,99.05,29.85,2016,653.95,-4.53,0.12,0.13
2016-11-10,batang,巴塘,Batang,0.04,1.16,5.7,-3.84,2.8472045397902788,0.86,10907026.0,16867660.0,819.03906,99.05,29.85,2016,652.25,-6.34,0.76,-0.2
2016-11-11,batang,巴塘,Batang,0.06,1.34,7.52,-3.0,2.3386382086660835,1.18,9877952.0,13868008.0,809.7422,99.05,29.85,2016,651.09,-4.27,1.14,-0.19
2016-11-12,batang,巴塘,Batang,0.04,1.52,7.79,-2.53,2.3617492781983827,1.08,10960616.0,14262904.0,799.5,99.05,29.85,2016,652.01,-3.2,1.01,-0.3
2016-11-13,batang,巴塘,Batang,0.11,2.61,8.22,-1.97,2.2252709594884847,1.1,10068110.0,12399804.0,787.8828,99.05,29.85,2016,652.29,-2.65,1.04,-0.26
2016-11-14,batang,巴塘,Batang,0.25,3.28,8.46,-0.58,2.3327510397374644,1.07,10542726.0,12547564.0,776.64844,99.05,29.85,2016,652.03,-2.4,1.0,-0.27
2016-11-15,batang,巴塘,Batang,0.31,4.22,9.96,-0.01,2.6864685184650696,1.55,11547366.0,13475504.0,767.1172,99.05,29.85,2016,651.09,-2.89,1.51,0.08
2016-11-16,batang,巴塘,Batang,0.17,3.03,8.46,-1.4,2.7817997696521832,1.3,12045216.0,13901496.0,759.9297,99.05,29.85,2016,651.89,-7.04,1.26,0.04
2016-11-17,batang,巴塘,Batang,1.85,1.67,7.55,-2.64,2.64178295413202,0.85,12683910.0,14521760.0,754.83594,99.05,29.85,2016,652.22,-7.98,0.49,0.13
2016-11-18,batang,巴塘,Batang,0.0,2.59,8.08,-2.78,3.2467106357084345,0.85,14671794.0,17078568.0,752.53125,99.05,29.85,2016,651.31,-10.48,0.8,-0.18
2016-11-19,batang,巴塘,Batang,0.0,2.65,8.05,-2.02,3.1201159682864907,0.84,14595902.0,16747376.0,748.89844,99.05,29.85,2016,649.88,-7.88,0.79,-0.21
2016-11-20,batang,巴塘,Batang,0.32,2.99,8.3,-1.97,3.0375857369605885,0.78,14120968.0,16035952.0,742.7422,99.05,29.85,2016,650.71,-7.43,0.61,-0.09
2016-11-21,batang,巴塘,Batang,0.0,3.19,8.85,-2.06,3.1208170330131213,0.92,14603390.0,16470556.0,735.33594,99.05,29.85,2016,649.93,-6.53,0.85,-0.22
2016-11-22,batang,巴塘,Batang,0.12,4.15,10.06,-1.89,3.2188397006969995,1.04,14399152.0,16163544.0,728.0156,99.05,29.85,2016,649.01,-5.94,1.01,-0.08
2016-11-23,batang,巴塘,Batang,0.08,4.61,10.13,-1.12,3.2017031601708967,1.16,14202600.0,15891500.0,721.4297,99.05,29.85,2016,649.76,-4.59,1.11,-0.21
2016-11-24,batang,巴塘,Batang,0.01,3.59,8.78,-0.75,3.0141687986933454,1.24,13690738.0,15290836.0,715.5469,99.05,29.85,2016,648.14,-5.93,1.19,-0.17
2016-11-25,batang,巴塘,Batang,1.03,2.15,7.93,-2.74,2.5042963121706974,0.74,12193568.0,13604892.0,710.25,99.05,29.85,2016,649.13,-6.55,0.14,0.06
2016-11-26,batang,巴塘,Batang,0.18,2.44,7.41,-2.91,2.7835189365633566,0.85,12739490.0,14256892.0,705.2656,99.05,29.85,2016,650.09,-10.21,0.48,-0.01
2016-11-27,batang,巴塘,Batang,0.55,1.93,7.33,-1.74,2.356196173268632,0.98,11450436.0,12796940.0,700.3125,99.05,29.85,2016,649.29,-5.95,0.87,-0.13
2016-11-28,batang,巴塘,Batang,3.67,0.62,5.12,-3.4,1.6066255610048068,0.84,8391720.0,9440060.0,695.4922,99.05,29.85,2016,650.59,-4.09,0.58,0.06
2016-11-29,batang,巴塘,Batang,3.29,0.86,6.15,-3.71,2.2089961258329627,0.81,10523692.0,13068952.0,691.5078,99.05,29.85,2016,651.71,-5.27,0.5,-0.17
2016-11-30,batang,巴塘,Batang,0.36,0.81,5.6,-2.8,2.1494322853486216,1.01,9010396.0,12359384.0,688.4297,99.05,29.85,2016,651.54,-6.15,0.96,-0.2
2016-12-01,batang,巴塘,Batang,0.22,0.83,5.27,-2.4,2.073113776909437,1.23,8665818.0,11236556.0,683.64844,99.05,29.85,2016,649.99,-7.22,1.18,-0.23
2016-12-02,batang,巴塘,Batang,4.18,0.49,5.17,-2.97,2.094365339400549,0.94,9687652.0,12261812.0,678.7031,99.05,29.85,2016,650.58,-6.28,0.79,-0.01
2016-12-03,batang,巴塘,Batang,1.19,-4.89,1.12,-12.92,1.6826694488105347,0.84,7255710.0,11790772.0,675.27344,99.05,29.85,2016,654.58,-15.03,-0.77,0.15
2016-12-04,batang,巴塘,Batang,0.0,-8.19,-2.27,-14.2,1.8718967357990048,0.56,10770504.0,16393016.0,670.85156,99.05,29.85,2016,656.15,-19.67,-0.49,-0.24
2016-12-05,batang,巴塘,Batang,0.0,-4.81,1.88,-12.44,2.180597138432589,0.36,10886604.0,16096240.0,665.6719,99.05,29.85,2016,655.67,-17.56,-0.09,-0.25
2016-12-06,batang,巴塘,Batang,0.0,-2.56,4.43,-9.22,2.3111638330880906,0.49,10817324.0,15381076.0,660.34375,99.05,29.85,2016,654.36,-13.52,0.22,-0.24
2016-12-07,batang,巴塘,Batang,0.01,-3.11,4.02,-8.74,2.2865846526063858,0.53,11536466.0,15720864.0,655.0156,99.05,29.85,2016,655.44,-13.19,-0.46,-0.2
2016-12-08,batang,巴塘,Batang,0.0,-3.38,4.11,-9.2,2.2925620118011745,0.37,12069638.0,15877688.0,649.8672,99.05,29.85,2016,653.56,-15.32,-0.11,-0.24
2016-12-09,batang,巴塘,Batang,0.0,-2.66,4.87,-8.58,2.336176555523989,0.33,12340580.0,15736276.0,644.875,99.05,29.85,2016,652.71,-13.98,-0.24,-0.12
2016-12-10,batang,巴塘,Batang,0.0,-1.02,6.91,-8.72,2.5716221103966026,0.62,12752730.0,15798280.0,639.9453,99.05,29.85,2016,650.52,-13.26,0.49,-0.24
2016-12-11,batang,巴塘,Batang,0.0,-0.36,7.05,-6.73,2.4868927025781664,0.82,12673364.0,15298536.0,635.0703,99.05,29.85,2016,647.76,-8.66,0.76,-0.19
2016-12-12,batang,巴塘,Batang,0.0,-0.86,6.26,-6.39,2.3662768040976503,0.35,12764942.0,15079588.0,630.2578,99.05,29.85,2016,649.94,-7.98,-0.22,-0.13
2016-12-13,batang,巴塘,Batang,0.0,1.45,8.36,-6.3,2.699756461705756,0.89,13014362.0,15115368.0,625.4922,99.05,29.85,2016,649.21,-7.92,0.85,-0.19
2016-12-14,batang,巴塘,Batang,0.05,2.32,8.62,-3.62,2.7573560065532545,1.24,13189466.0,15118392.0,620.8203,99.05,29.85,2016,648.15,-5.65,1.2,-0.2
2016-12-15,batang,巴塘,Batang,4.18,-0.24,5.99,-6.46,1.8564415019205027,0.8,10289978.0,11805348.0,616.52344,99.05,29.85,2016,651.33,-4.52,0.09,0.08
2016-12-16,batang,巴塘,Batang,0.05,-0.99,5.22,-6.62,2.02716695120636,0.89,9587534.0,12254140.0,613.2969,99.05,29.85,2016,651.23,-9.45,0.67,-0.21
2016-12-17,batang,巴塘,Batang,0.02,-0.07,5.49,-5.04,2.318295716191664,0.96,11079254.0,13771488.0,610.21875,99.05,29.85,2016,649.67,-8.42,0.88,-0.29
2016-12-18,batang,巴塘,Batang,0.07,-0.09,6.68,-5.37,2.2790545945920115,0.92,11217304.0,13595032.0,606.25,99.05,29.85,2016,649.45,-8.18,0.85,-0.11
2016-12-19,batang,巴塘,Batang,0.04,-0.14,6.02,-5.45,2.1897307789478844,0.86,11240862.0,13342288.0,601.1172,99.05,29.85,2016,648.08,-7.06,0.78,-0.25
2016-12-20,batang,巴塘,Batang,0.92,0.53,6.99,-4.33,1.9379451405464403,0.91,9825542.0,11506332.0,595.8906,99.05,29.85,2016,648.25,-5.1,0.75,-0.2
2016-12-21,batang,巴塘,Batang,0.2,-0.61,6.12,-5.6,2.135147732719925,0.65,11513092.0,13404828.0,591.0703,99.05,29.85,2016,653.2,-7.1,-0.52,-0.25
2016-12-22,batang,巴塘,Batang,0.09,1.69,7.83,-5.69,2.6554354838930525,1.03,13096210.0,15062536.0,586.41406,99.05,29.85,2016,650.32,-5.99,0.92,-0.31
2016-12-23,batang,巴塘,Batang,0.38,2.55,7.97,-1.67,2.166237889992125,1.28,9609096.0,11008848.0,582.0078,99.05,29.85,2016,646.64,-4.93,1.23,-0.07
2016-12-24,batang,巴塘,Batang,0.55,1.95,8.34,-1.89,2.2062770358956785,1.82,10240136.0,11831000.0,577.97656,99.05,29.85,2016,644.6,-4.62,1.78,0.08
2016-12-25,batang,巴塘,Batang,0.19,1.36,8.21,-2.68,2.253775241804388,1.88,10790102.0,12427772.0,574.3828,99.05,29.85,2016,646.21,-5.52,1.84,0.1
2016-12-26,batang,巴塘,Batang,3.57,-0.18,5.22,-5.63,2.1410925964276046,1.47,10738160.0,12416408.0,571.14844,99.05,29.85,2016,647.56,-7.96,0.89,0.3
2016-12-27,batang,巴塘,Batang,2.03,-5.52,-3.41,-10.67,1.0260885093553287,0.9,4749216.0,6792576.0,568.2969,99.05,29.85,2016,650.51,-12.84,-0.71,0.28
2016-12-28,batang,巴塘,Batang,0.0,-5.6,0.25,-11.99,2.0193686022950548,0.91,10886960.0,15598556.0,563.8281,99.05,29.85,2016,650.78,-15.15,0.89,-0.12
2016-12-29,batang,巴塘,Batang,0.0,-4.15,1.99,-9.44,2.094399076065283,1.02,10451578.0,14423996.0,558.9219,99.05,29.85,2016,651.42,-15.48,0.99,-0.12
2016-12-30,batang,巴塘,Batang,0.0,-3.95,2.42,-9.78,2.238338971447132,1.0,11690160.0,15748388.0,554.40625,99.05,29.85,2016,651.67,-14.46,0.96,-0.23
2016-12-31,batang,巴塘,Batang,0.0,-3.47,3.16,-9.45,2.3331122843407828,1.38,11919818.0,15685848.0,550.0156,99.05,29.85,2016,649.93,-14.74,1.37,-0.09
2017-01-01,batang,巴塘,Batang,0.02,-3.12,2.94,-8.96,2.231816809143909,1.32,11537156.0,14882516.0,545.6719,99.05,29.85,2017,651.19,-13.14,1.28,0.07
2017-01-02,batang,巴塘,Batang,0.56,-2.98,2.89,-7.79,2.086180276487715,1.31,11001070.0,14079356.0,541.40625,99.05,29.85,2017,651.61,-11.35,1.26,-0.03
2017-01-03,batang,巴塘,Batang,0.89,-2.34,2.58,-7.93,2.015831337178261,1.24,10427202.0,13360204.0,537.21875,99.05,29.85,2017,650.12,-9.68,1.19,-0.11
2017-01-04,batang,巴塘,Batang,2.9,-2.55,2.52,-7.04,1.9549035982327323,0.76,10027064.0,13197340.0,533.2656,99.05,29.85,2017,647.97,-9.63,0.66,-0.12
2017-01-05,batang,巴塘,Batang,1.28,-5.98,-0.71,-11.47,1.613596240283217,1.08,8091894.0,12954280.0,529.5469,99.05,29.85,2017,646.97,-12.46,1.02,-0.11
2017-01-06,batang,巴塘,Batang,0.1,-7.54,-1.34,-14.12,1.656895070323022,0.86,9234190.0,14105528.0,525.4844,99.05,29.85,2017,647.15,-15.99,0.79,-0.05
2017-01-07,batang,巴塘,Batang,0.01,-7.19,-0.62,-14.82,1.8800894989927333,0.87,10906754.0,16171996.0,521.3594,99.05,29.85,2017,646.08,-15.25,0.82,-0.19
2017-01-08,batang,巴塘,Batang,0.14,-6.55,-0.49,-11.85,1.69111567316371,1.28,9951902.0,14440960.0,517.3281,99.05,29.85,2017,645.57,-12.73,1.23,-0.15
2017-01-09,batang,巴塘,Batang,0.17,-6.29,0.3,-11.58,1.7644285247493432,1.42,10388844.0,14858540.0,513.2969,99.05,29.85,2017,644.97,-12.85,1.38,-0.09
2017-01-10,batang,巴塘,Batang,2.69,-5.45,-0.71,-11.55,1.6645899382289846,1.49,9900972.0,14143020.0,509.26562,99.05,29.85,2017,644.65,-10.02,1.42,-0.12
2017-01-11,batang,巴塘,Batang,1.55,-5.88,-1.29,-10.54,1.5318926700129334,1.36,7756812.0,13354196.0,505.28125,99.05,29.85,2017,644.13,-9.87,1.33,-0.09
2017-01-12,batang,巴塘,Batang,0.91,-6.7,-1.84,-10.27,1.6337710306821167,1.12,8236602.0,14494680.0,501.29688,99.05,29.85,2017,644.24,-11.48,1.1,0.07
2017-01-13,batang,巴塘,Batang,0.22,-8.42,-2.91,-17.27,1.5465350492898025,1.02,8311666.0,14681664.0,497.35938,99.05,29.85,2017,644.8,-14.04,0.99,0.09
2017-01-14,batang,巴塘,Batang,0.03,-9.63,-3.38,-16.57,1.6205632265356642,0.76,9589118.0,16425428.0,493.45312,99.05,29.85,2017,647.72,-15.23,0.7,0.04
2017-01-15,batang,巴塘,Batang,0.0,-9.26,-2.52,-18.46,1.7561052716382213,0.81,10403960.0,17236912.0,489.57812,99.05,29.85,2017,648.03,-16.26,0.76,-0.13
2017-01-16,batang,巴塘,Batang,0.0,-8.23,-1.26,-14.61,1.7948270407109763,1.14,10739074.0,17195232.0,485.6875,99.05,29.85,2017,646.37,-14.38,1.13,-0.06
2017-01-17,batang,巴塘,Batang,0.06,-7.53,-1.05,-13.76,1.7094152262164402,1.33,10449278.0,16226512.0,481.8125,99.05,29.85,2017,647.5,-12.54,1.32,0.03
2017-01-18,batang,巴塘,Batang,0.04,-7.32,-0.55,-12.92,1.7596314881190978,1.15,10761076.0,16267412.0,477.92188,99.05,29.85,2017,650.75,-12.51,1.13,0.02
2017-01-19,batang,巴塘,Batang,0.01,-6.33,0.75,-12.7,1.9147778041785048,1.03,11339300.0,16572744.0,474.09375,99.05,29.85,2017,650.64,-11.98,1.01,-0.04
2017-01-20,batang,巴塘,Batang,0.01,-5.84,1.72,-12.29,2.03534462510669,0.96,12080718.0,17018308.0,470.3125,99.05,29.85,2017,650.33,-12.0,0.9,-0.01
2017-01-21,batang,巴塘,Batang,0.28,-5.24,2.15,-12.7,2.131878830871836,0.69,12470134.0,16995456.0,466.59375,99.05,29.85,2017,653.3,-11.7,0.61,-0.03
2017-01-22,batang,巴塘,Batang,0.0,-4.98,2.08,-13.25,2.198537104949972,0.95,13085524.0,17479708.0,462.90625,99.05,29.85,2017,651.92,-11.78,0.92,-0.14
2017-01-23,batang,巴塘,Batang,0.27,-4.02,2.6,-10.71,2.121735390678339,1.0,12074590.0,15733488.0,459.28125,99.05,29.85,2017,651.03,-11.31,0.95,0.07
2017-01-24,batang,巴塘,Batang,0.32,-3.99,3.16,-11.39,2.4145122537205044,0.56,13212248.0,17083864.0,455.8125,99.05,29.85,2017,654.6,-17.07,0.08,0.26
2017-01-25,batang,巴塘,Batang,0.0,-4.52,3.49,-13.83,2.486223699551289,0.47,14447878.0,18337584.0,452.40625,99.05,29.85,2017,656.49,-16.59,0.35,-0.13
2017-01-26,batang,巴塘,Batang,0.0,-2.73,5.77,-12.01,2.7348351272034312,0.6,14760090.0,18301100.0,448.90625,99.05,29.85,2017,653.96,-16.77,0.51,-0.13
2017-01-27,batang,巴塘,Batang,0.0,-0.92,6.58,-9.32,2.9443640945584417,1.3,14903514.0,18043272.0,445.4375,99.05,29.85,2017,648.7,-12.99,1.29,-0.09
2017-01-28,batang,巴塘,Batang,0.98,-1.92,4.11,-7.32,2.4907972527914923,1.35,13543368.0,16270600.0,442.59375,99.05,29.85,2017,646.08,-11.15,1.19,0.37
2017-01-29,batang,巴塘,Batang,0.14,-3.31,3.11,-9.7,2.6479067253383177,0.85,14943894.0,18305232.0,440.0625,99.05,29.85,2017,649.34,-15.57,0.81,-0.08
2017-01-30,batang,巴塘,Batang,0.0,-3.25,2.95,-10.01,2.483426839635518,1.18,13910934.0,16729122.0,436.84375,99.05,29.85,2017,647.28,-15.2,1.16,-0.02
2017-01-31,batang,巴塘,Batang,0.44,-3.33,2.57,-9.17,2.1855665761652934,1.24,12731854.0,15192104.0,433.5,99.05,29.85,2017,647.2,-12.0,1.18,-0.1
2017-02-01,batang,巴塘,Batang,0.92,-2.04,3.92,-7.21,2.427740091024124,1.45,13035756.0,15879236.0,430.125,99.05,29.85,2017,648.43,-11.13,1.37,0.2
2017-02-02,batang,巴塘,Batang,1.06,-3.2,2.19,-8.75,2.2098283158537786,0.97,12087762.0,15077428.0,426.6875,99.05,29.85,2017,649.27,-12.77,0.89,-0.01
2017-02-03,batang,巴塘,Batang,0.44,-5.25,1.28,-11.93,2.153712724892006,0.62,12307174.0,15698676.0,423.15625,99.05,29.85,2017,651.69,-20.66,-0.45,-0.18
2017-02-04,batang,巴塘,Batang,0.0,-3.14,5.02,-13.17,2.899958213294916,0.57,15839438.0,19698144.0,419.5625,99.05,29.85,2017,653.01,-20.33,0.42,-0.16
2017-02-05,batang,巴塘,Batang,0.0,-0.75,7.61,-10.5,3.24116163286673,0.78,16252252.0,19659456.0,416.0625,99.05,29.85,2017,650.29,-17.28,0.72,-0.21
2017-02-06,batang,巴塘,Batang,0.03,1.11,9.01,-6.71,3.432305933501324,1.39,16575178.0,19521288.0,413.15625,99.05,29.85,2017,645.54,-11.16,1.37,-0.16
2017-02-07,batang,巴塘,Batang,0.26,0.45,5.81,-4.85,2.680758056729053,1.29,12495976.0,14550588.0,412.15625,99.05,29.85,2017,645.83,-11.9,1.1,0.5
2017-02-08,batang,巴塘,Batang,0.22,1.42,7.99,-5.69,3.36882867955758,1.2,15631584.0,18060384.0,412.8125,99.05,29.85,2017,648.09,-13.9,0.89,0.42
2017-02-09,batang,巴塘,Batang,1.32,1.41,8.87,-4.18,3.268490830673297,1.65,16511592.0,18917860.0,413.4375,99.05,29.85,2017,644.88,-8.19,1.51,0.32
2017-02-10,batang,巴塘,Batang,0.93,0.96,6.68,-3.89,2.808175851438248,1.73,14132368.0,16155696.0,412.8125,99.05,29.85,2017,645.17,-7.83,1.62,0.41
2017-02-11,batang,巴塘,Batang,3.89,-0.25,4.78,-4.71,2.5941435299046733,0.91,13651204.0,15995988.0,411.15625,99.05,29.85,2017,649.59,-8.49,0.5,0.35
2017-02-12,batang,巴塘,Batang,0.86,-0.88,4.62,-5.07,2.512057295490198,1.05,12307684.0,15809224.0,410.28125,99.05,29.85,2017,651.14,-9.36,0.98,-0.2
2017-02-13,batang,巴塘,Batang,0.44,-1.01,4.38,-5.38,2.52558796095688,0.74,12697488.0,16069388.0,407.4375,99.05,29.85,2017,651.29,-9.49,0.68,-0.08
2017-02-14,batang,巴塘,Batang,1.12,-1.04,4.36,-5.98,2.6527171552356585,0.67,13623750.0,16837352.0,402.34375,99.05,29.85,2017,652.24,-10.5,0.38,-0.02
2017-02-15,batang,巴塘,Batang,0.09,-2.64,2.42,-8.09,3.1705041420559823,0.99,16532170.0,20724776.0,396.40625,99.05,29.85,2017,653.81,-21.3,-0.88,-0.17
2017-02-16,batang,巴塘,Batang,0.0,-0.09,7.31,-8.65,3.6944721830707032,0.81,17528490.0,21477352.0,390.5625,99.05,29.85,2017,651.6,-23.45,0.74,-0.12
2017-02-17,batang,巴塘,Batang,0.0,1.92,8.54,-5.47,3.8084377290845777,0.57,17451684.0,20752048.0,385.46875,99.05,29.85,2017,652.15,-19.2,0.35,-0.04
2017-02-18,batang,巴塘,Batang,0.84,1.39,9.03,-3.58,3.1877925411881494,0.77,15614490.0,18167142.0,381.34375,99.05,29.85,2017,651.41,-9.67,0.32,0.22
2017-02-19,batang,巴塘,Batang,0.02,3.4,10.61,-3.78,3.983192675597734,1.12,18158006.0,20977502.0,377.59375,99.05,29.85,2017,647.02,-9.3,1.09,-0.06
2017-02-20,batang,巴塘,Batang,0.71,1.7,7.11,-2.89,2.4808969573953146,1.19,12035852.0,13782624.0,374.65625,99.05,29.85,2017,642.8,-5.95,1.14,0.1
2017-02-21,batang,巴塘,Batang,2.81,0.32,5.22,-3.33,2.1196947492738736,1.56,11894030.0,13839028.0,372.375,99.05,29.85,2017,643.4,-3.9,1.52,-0.14
2017-02-22,batang,巴塘,Batang,1.9,0.77,7.18,-3.28,2.4612732841602463,1.71,12005714.0,15063724.0,372.375,99.05,29.85,2017,643.15,-5.37,1.62,0.19
2017-02-23,batang,巴塘,Batang,1.28,0.31,6.39,-5.44,3.0624597115395766,1.89,14793000.0,18856190.0,374.21875,99.05,29.85,2017,644.38,-8.6,1.69,0.53
2017-02-24,batang,巴塘,Batang,0.46,-1.13,4.5,-5.63,3.0789060616034862,1.71,15598336.0,19818110.0,375.4375,99.05,29.85,2017,645.65,-11.84,1.52,0.58
2017-02-25,batang,巴塘,Batang,1.06,-0.88,4.3,-4.95,3.1442403008440936,1.29,14358356.0,18433862.0,374.84375,99.05,29.85,2017,646.25,-17.51,0.48,0.85
2017-02-26,batang,巴塘,Batang,0.53,-1.11,4.35,-5.41,2.842018277916996,1.68,14765060.0,18739934.0,372.75,99.05,29.85,2017,645.01,-9.7,1.61,0.19
2017-02-27,batang,巴塘,Batang,1.77,-0.35,5.09,-4.93,3.0268278164407847,1.48,14519980.0,18870490.0,369.0625,99.05,29.85,2017,647.16,-10.11,1.27,0.53
2017-02-28,batang,巴塘,Batang,0.75,0.17,6.4,-5.1,3.421178063815812,0.93,15368684.0,19968946.0,364.3125,99.05,29.85,2017,649.39,-15.59,0.38,0.59
2017-03-01,batang,巴塘,Batang,0.17,0.55,7.3,-5.36,3.538984155613563,1.65,17501738.0,21907972.0,358.375,99.05,29.85,2017,647.67,-9.37,1.61,0.13
2017-03-02,batang,巴塘,Batang,1.18,1.4,7.53,-3.83,3.28125755364595,1.75,15686614.0,19331314.0,352.28125,99.05,29.85,2017,644.55,-7.59,1.57,0.47
2017-03-03,batang,巴塘,Batang,3.82,0.4,5.81,-3.0,2.7451408135557043,1.53,14816121.0,18587190.0,347.625,99.05,29.85,2017,642.41,-4.04,1.48,0.16
2017-03-04,batang,巴塘,Batang,1.8,-0.12,5.91,-3.66,2.8157755812473315,1.53,14426184.0,19232608.0,345.0,99.05,29.85,2017,643.02,-5.28,1.51,-0.1
2017-03-05,batang,巴塘,Batang,1.24,0.04,5.39,-3.63,3.058945164082957,1.61,14755877.0,19692704.0,342.375,99.05,29.85,2017,643.02,-7.67,1.56,0.07
2017-03-06,batang,巴塘,Batang,1.45,-0.48,5.19,-4.83,3.1169769792316075,2.0,15181457.0,20544040.0,338.90625,99.05,29.85,2017,643.06,-9.02,1.79,0.54
2017-03-07,batang,巴塘,Batang,2.46,-1.59,3.14,-5.95,2.8031462097428204,1.01,13709462.0,18936568.0,335.125,99.05,29.85,2017,645.39,-9.5,0.82,0.35
2017-03-08,batang,巴塘,Batang,1.1,-2.44,2.64,-6.55,2.5745667469016067,1.23,12381737.0,18069236.0,331.46875,99.05,29.85,2017,644.93,-10.23,1.19,-0.14
2017-03-09,batang,巴塘,Batang,0.96,-2.41,3.13,-6.92,3.057624185780861,1.43,14717458.0,21623256.0,327.5625,99.05,29.85,2017,642.87,-12.06,1.3,0.14
2017-03-10,batang,巴塘,Batang,1.1,-0.63,4.61,-6.07,3.1595848799987345,1.59,14626210.0,21299408.0,323.90625,99.05,29.85,2017,644.42,-8.32,1.48,0.23
2017-03-11,batang,巴塘,Batang,2.15,-0.13,4.58,-4.21,2.845913403369724,1.84,14586265.0,20529808.0,320.625,99.05,29.85,2017,643.91,-4.39,1.8,-0.3
2017-03-12,batang,巴塘,Batang,3.82,-1.7,3.95,-7.44,2.7903517614102205,1.72,15133127.0,22308854.0,318.09375,99.05,29.85,2017,641.9,-5.03,1.65,-0.24
2017-03-13,batang,巴塘,Batang,0.55,-1.82,3.86,-7.88,3.4229100071207346,1.45,15144211.0,24440692.0,316.3125,99.05,29.85,2017,646.08,-10.56,1.18,0.42
2017-03-14,batang,巴塘,Batang,0.16,-2.01,3.82,-7.53,3.07934687348266,1.69,15121990.0,22904566.0,313.375,99.05,29.85,2017,646.21,-8.89,1.66,0.08
2017-03-15,batang,巴塘,Batang,0.23,-1.0,4.42,-7.62,3.691272416858208,1.04,16978902.0,24213596.0,309.65625,99.05,29.85,2017,648.2,-12.6,0.71,0.56
2017-03-16,batang,巴塘,Batang,1.68,-0.64,4.26,-4.89,3.2473350122012263,1.15,15836697.0,21879760.0,306.0625,99.05,29.85,2017,646.78,-7.64,1.06,0.02
2017-03-17,batang,巴塘,Batang,1.11,-0.77,3.7,-4.55,3.4018332208123803,1.49,16694596.0,23048286.0,302.96875,99.05,29.85,2017,645.74,-9.19,1.42,0.07
2017-03-18,batang,巴塘,Batang,1.05,-1.88,2.98,-5.47,3.20514047887416,1.73,16995744.0,23570532.0,299.96875,99.05,29.85,2017,645.93,-9.38,1.67,0.06
2017-03-19,batang,巴塘,Batang,2.98,-2.61,2.13,-7.45,2.4871244985616103,0.72,13015239.0,17980220.0,297.15625,99.05,29.85,2017,648.04,-7.69,0.66,0.05
2017-03-20,batang,巴塘,Batang,1.92,-1.3,3.09,-6.94,3.1415992298499287,1.31,14547892.0,22288332.0,294.75,99.05,29.85,2017,646.97,-7.64,1.25,-0.16
2017-03-21,batang,巴塘,Batang,3.75,-5.31,3.19,-16.88,2.356315945884383,0.59,12141924.0,19350166.0,292.3125,99.05,29.85,2017,647.94,-9.9,-0.25,-0.06
2017-03-22,batang,巴塘,Batang,0.03,-4.17,3.21,-14.84,3.2208342538607413,0.9,15183372.0,25481290.0,289.40625,99.05,29.85,2017,649.84,-11.57,0.76,-0.41
2017-03-23,batang,巴塘,Batang,0.03,0.4,7.33,-9.83,4.106743816368857,1.05,17915880.0,26773048.0,286.4375,99.05,29.85,2017,649.31,-7.18,0.97,-0.34
2017-03-24,batang,巴塘,Batang,1.34,2.7,9.16,-5.21,4.044721863645743,1.29,18226276.0,23951236.0,284.65625,99.05,29.85,2017,648.36,-4.75,1.27,0.0
2017-03-25,batang,巴塘,Batang,3.31,-0.82,3.33,-6.82,2.2321101556931744,0.86,10377732.0,14170166.0,286.84375,99.05,29.85,2017,651.94,-7.61,-0.57,-0.07
2017-03-26,batang,巴塘,Batang,0.04,1.74,7.84,-6.73,4.479060528588797,1.01,19820242.0,26749818.0,290.53125,99.05,29.85,2017,651.48,-8.84,0.72,-0.33
2017-03-27,batang,巴塘,Batang,1.03,0.33,5.37,-5.18,2.974782926065498,0.76,14452276.0,18358070.0,294.40625,99.05,29.85,2017,652.36,-7.41,-0.65,0.03
2017-03-28,batang,巴塘,Batang,0.24,3.51,9.88,-5.1,4.572408723878559,0.87,20196058.0,24967872.0,296.21875,99.05,29.85,2017,650.44,-8.05,0.83,-0.11
2017-03-29,batang,巴塘,Batang,1.76,4.42,10.4,-2.1,4.138009574363509,0.9,18302738.0,21869846.0,294.8125,99.05,29.85,2017,649.6,-5.01,0.75,0.16
2017-03-30,batang,巴塘,Batang,3.82,2.11,7.57,-3.23,2.863294817655712,0.76,13989108.0,17309234.0,293.34375,99.05,29.85,2017,652.5,-1.65,-0.71,0.1
2017-03-31,batang,巴塘,Batang,1.58,3.1,10.04,-2.89,4.45972587502875,0.9,20017716.0,24787054.0,290.90625,99.05,29.85,2017,653.38,-8.12,-0.66,0.14
2017-04-01,batang,巴塘,Batang,2.28,5.51,11.37,-0.36,4.673679262184393,1.28,20627276.0,24479526.0,286.4375,99.05,29.85,2017,649.18,-3.14,1.21,-0.12
2017-04-02,batang,巴塘,Batang,8.25,2.81,7.6,-0.55,2.354032791659997,1.08,10479856.0,14193566.0,286.25,99.05,29.85,2017,646.9,-0.1,1.06,-0.05
2017-04-03,batang,巴塘,Batang,5.78,1.13,4.27,-2.03,2.326935672561495,0.73,8592498.0,15136428.0,295.5625,99.05,29.85,2017,648.52,-0.38,0.55,0.25
2017-04-04,batang,巴塘,Batang,1.68,2.21,6.79,-3.65,3.606070407498953,0.74,13205424.0,21713580.0,306.8125,99.05,29.85,2017,649.13,-2.56,0.45,0.29
2017-04-05,batang,巴塘,Batang,0.05,1.06,8.04,-4.09,4.4517468738528345,0.69,19394420.0,27460752.0,314.75,99.05,29.85,2017,650.21,-7.57,-0.6,0.21
2017-04-06,batang,巴塘,Batang,0.0,4.57,12.07,-3.46,5.39789604484565,0.75,22498562.0,28520122.0,321.03125,99.05,29.85,2017,649.32,-8.3,0.71,0.08
2017-04-07,batang,巴塘,Batang,0.59,6.28,13.63,-1.41,5.434717595753464,0.82,23196022.0,27613870.0,323.46875,99.05,29.85,2017,648.63,-3.04,0.75,0.17
2017-04-08,batang,巴塘,Batang,1.66,7.0,14.08,0.23,4.720477467723712,1.67,20614360.0,23925420.0,323.21875,99.05,29.85,2017,648.32,-0.58,1.58,0.36
2017-04-09,batang,巴塘,Batang,1.84,6.29,13.18,0.46,4.657742259134196,1.94,20873958.0,24040122.0,332.34375,99.05,29.85,2017,646.53,-2.03,1.8,0.49
2017-04-10,batang,巴塘,Batang,2.32,4.76,12.5,-0.23,4.3253571005234575,2.02,20579090.0,23910334.0,370.375,99.05,29.85,2017,645.5,-3.14,1.88,0.36
2017-04-11,batang,巴塘,Batang,4.93,3.28,10.07,-0.87,4.07259739367369,1.34,19981156.0,23492880.0,448.9375,99.05,29.85,2017,647.97,-4.29,0.33,0.86
2017-04-12,batang,巴塘,Batang,3.07,2.29,8.34,-2.39,3.9756577495384255,0.73,18609024.0,23325422.0,531.375,99.05,29.85,2017,651.93,-5.04,-0.49,0.17
2017-04-13,batang,巴塘,Batang,0.68,3.67,9.43,-1.72,4.55410618362849,0.73,20023798.0,24582484.0,576.0,99.05,29.85,2017,651.92,-8.29,-0.04,0.39
2017-04-14,batang,巴塘,Batang,0.28,5.32,11.01,-1.08,5.3053475096647045,0.92,22572924.0,26750908.0,582.75,99.05,29.85,2017,649.78,-9.6,0.86,0.21
2017-04-15,batang,巴塘,Batang,0.68,5.82,11.39,-0.35,5.317200089181502,1.49,23253592.0,27038288.0,568.21875,99.05,29.85,2017,648.27,-5.97,1.39,0.37
2017-04-16,batang,巴塘,Batang,7.36,3.0,9.72,-2.21,3.1729094248785112,1.53,15862984.0,18599080.0,546.09375,99.05,29.85,2017,651.59,-2.72,-0.15,0.72
2017-04-17,batang,巴塘,Batang,0.39,2.35,6.17,-2.46,3.521611318119064,1.31,13348928.0,19273648.0,524.75,99.05,29.85,2017,653.75,-8.78,-1.25,0.27
2017-04-18,batang,巴塘,Batang,0.01,4.42,10.93,-1.47,5.249478256850722,0.91,21531064.0,27907312.0,500.96875,99.05,29.85,2017,650.12,-8.23,-0.88,0.13
2017-04-19,batang,巴塘,Batang,0.05,8.84,16.01,-0.02,6.341021590339317,0.83,23660554.0,28424556.0,473.09375,99.05,29.85,2017,648.08,-7.88,0.59,0.4
2017-04-20,batang,巴塘,Batang,3.57,7.41,14.07,1.67,4.932516983897026,1.07,20996218.0,24477018.0,451.53125,99.05,29.85,2017,647.63,0.15,0.79,0.08
2017-04-21,batang,巴塘,Batang,6.1,3.17,9.91,-3.39,3.123505092950716,0.6,15244568.0,18312312.0,448.71875,99.05,29.85,2017,650.16,0.73,-0.33,-0.01
2017-04-22,batang,巴塘,Batang,1.54,6.11,13.51,-1.41,4.460937902191041,0.81,19464078.0,22939348.0,456.46875,99.05,29.85,2017,649.49,-0.6,0.43,-0.0
2017-04-23,batang,巴塘,Batang,2.35,7.66,14.17,1.62,4.999101177515024,0.93,21701216.0,25168600.0,466.46875,99.05,29.85,2017,647.77,2.4,0.78,-0.18
2017-04-24,batang,巴塘,Batang,8.35,7.25,13.04,1.66,4.261102788525529,0.98,18913224.0,21841882.0,482.4375,99.05,29.85,2017,646.5,2.88,0.86,0.06
2017-04-25,batang,巴塘,Batang,11.14,4.31,8.13,1.79,1.9804299943083383,0.7,8574500.0,11412188.0,522.28125,99.05,29.85,2017,647.14,3.33,0.68,-0.0
2017-04-26,batang,巴塘,Batang,8.64,3.38,5.56,1.06,1.8105724956723248,0.96,8035254.0,11003880.0,594.65625,99.05,29.85,2017,648.66,2.15,0.95,0.06
2017-04-27,batang,巴塘,Batang,3.69,5.22,10.71,0.6,3.970981702228851,0.95,16834576.0,21734904.0,692.40625,99.05,29.85,2017,648.6,0.67,0.87,0.17
2017-04-28,batang,巴塘,Batang,2.39,5.06,11.48,-0.32,4.292591880829157,1.18,18969352.0,23532372.0,805.21875,99.05,29.85,2017,649.18,-1.03,1.12,0.23
2017-04-29,batang,巴塘,Batang,2.83,4.37,11.69,-1.93,4.18218605812249,0.88,19675906.0,23407460.0,900.71875,99.05,29.85,2017,649.87,-0.9,0.7,0.19
2017-04-30,batang,巴塘,Batang,0.9,5.1,12.49,-1.34,4.8213719888960025,0.72,22028832.0,25999214.0,940.65625,99.05,29.85,2017,650.42,-0.97,-0.05,0.12
2017-05-01,batang,巴塘,Batang,1.04,7.92,14.32,1.27,4.765145732099005,1.49,19646414.0,22850244.0,926.28125,99.05,29.85,2017,649.27,-0.31,1.45,0.24
2017-05-02,batang,巴塘,Batang,2.46,8.11,14.87,0.79,5.3018523463508425,1.76,21380148.0,24812090.0,884.71875,99.05,29.85,2017,649.15,-2.34,1.39,0.7
2017-05-03,batang,巴塘,Batang,0.48,7.45,12.95,1.21,6.3276481024459335,0.91,25055554.0,30019760.0,840.4375,99.05,29.85,2017,651.9,-8.14,-0.47,0.17
2017-05-04,batang,巴塘,Batang,2.83,6.85,13.71,2.3,4.920180114631557,1.02,21464098.0,25070094.0,794.15625,99.05,29.85,2017,650.92,0.09,0.89,0.04
2017-05-05,batang,巴塘,Batang,3.21,6.79,12.65,1.92,4.7176971794090585,1.45,20725770.0,24454964.0,751.03125,99.05,29.85,2017,650.07,0.17,1.43,0.02
2017-05-06,batang,巴塘,Batang,4.59,6.67,12.42,1.48,4.763644715352583,1.13,20922254.0,24748340.0,718.71875,99.05,29.85,2017,650.86,0.63,0.95,0.18
2017-05-07,batang,巴塘,Batang,0.26,5.61,10.85,-0.16,5.6383705841831055,1.13,23331110.0,28556288.0,704.40625,99.05,29.85,2017,653.13,-8.44,-1.0,0.39
2017-05-08,batang,巴塘,Batang,0.23,7.32,13.49,1.01,6.362203812288791,0.99,25845014.0,30451520.0,694.875,99.05,29.85,2017,652.97,-7.74,-0.87,0.11
2017-05-09,batang,巴塘,Batang,0.3,10.47,17.19,3.03,6.760378044464121,0.96,24937354.0,29043638.0,680.9375,99.05,29.85,2017,651.58,-4.75,0.87,0.15
2017-05-10,batang,巴塘,Batang,1.53,8.63,14.74,2.76,4.563652698150485,1.19,18025822.0,20942152.0,670.09375,99.05,29.85,2017,651.28,0.14,1.12,0.13
2017-05-11,batang,巴塘,Batang,3.84,7.21,12.82,1.32,4.615941713324699,0.72,19764658.0,23227908.0,675.28125,99.05,29.85,2017,653.81,2.15,-0.51,0.29
2017-05-12,batang,巴塘,Batang,0.61,8.16,13.72,2.78,6.250544356480303,1.07,25006228.0,29132236.0,702.71875,99.05,29.85,2017,653.39,-5.56,-0.73,-0.01
2017-05-13,batang,巴塘,Batang,1.29,8.69,15.99,2.58,5.205231201090442,1.42,21213660.0,24670208.0,733.28125,99.05,29.85,2017,651.27,0.6,0.41,0.35
2017-05-14,batang,巴塘,Batang,0.85,6.64,10.63,1.78,4.267314714399647,1.1,17083142.0,19984348.0,751.84375,99.05,29.85,2017,652.15,-4.98,-1.05,0.07
2017-05-15,batang,巴塘,Batang,0.32,8.22,13.48,2.58,5.8754991584451615,1.01,23146872.0,26982736.0,759.90625,99.05,29.85,2017,651.17,-5.73,-0.8,-0.05
2017-05-16,batang,巴塘,Batang,1.88,7.71,12.89,3.15,5.175559834969961,0.86,21871924.0,25457724.0,752.625,99.05,29.85,2017,650.16,0.8,0.8,-0.06
2017-05-17,batang,巴塘,Batang,3.76,10.09,16.96,4.11,5.5285650481846735,1.17,21318996.0,24818260.0,734.5,99.05,29.85,2017,647.91,1.5,1.06,-0.15
2017-05-18,batang,巴塘,Batang,10.66,8.82,15.11,4.49,5.008647051946674,0.5,20660468.0,24060264.0,722.28125,99.05,29.85,2017,649.95,5.54,-0.04,-0.01
2017-05-19,batang,巴塘,Batang,1.13,10.94,16.38,5.09,5.504777365393269,0.98,20854324.0,24444460.0,734.09375,99.05,29.85,2017,648.87,3.91,0.93,-0.05
2017-05-20,batang,巴塘,Batang,1.13,12.11,16.93,7.03,5.829938730690457,0.71,21060114.0,24535448.0,767.5625,99.05,29.85,2017,648.17,3.22,0.6,0.1
2017-05-21,batang,巴塘,Batang,1.04,12.77,18.69,6.41,5.8754531421432254,1.35,20649790.0,24042552.0,839.78125,99.05,29.85,2017,648.02,3.62,1.32,0.13
2017-05-22,batang,巴塘,Batang,7.05,11.08,17.25,6.18,5.4595007409226985,0.57,20941174.0,24381312.0,983.75,99.05,29.85,2017,650.52,6.32,-0.13,0.19
2017-05-23,batang,巴塘,Batang,1.68,12.81,17.93,7.03,6.146137347042727,1.22,22246420.0,25912936.0,1177.9062,99.05,29.85,2017,649.59,5.11,1.14,0.18
2017-05-24,batang,巴塘,Batang,16.27,10.15,16.63,5.04,5.212663607252158,1.21,21202194.0,24693308.0,1386.4688,99.05,29.85,2017,650.34,5.3,0.23,0.43
2017-05-25,batang,巴塘,Batang,3.2,7.21,11.73,1.5,2.958644650754512,0.75,12422490.0,14488504.0,1586.125,99.05,29.85,2017,652.83,2.8,-0.55,0.08
2017-05-26,batang,巴塘,Batang,0.44,9.8,15.28,4.31,5.628797888368125,0.74,21777006.0,25377336.0,1645.9062,99.05,29.85,2017,651.8,0.87,0.22,-0.26
2017-05-27,batang,巴塘,Batang,5.97,9.18,15.79,4.8,4.646156412269622,1.13,19454252.0,22666876.0,1619.2188,99.05,29.85,2017,651.06,4.94,0.97,-0.51
2017-05-28,batang,巴塘,Batang,2.23,11.25,16.13,6.25,5.794283934927902,1.63,22396214.0,26096944.0,1645.8125,99.05,29.85,2017,649.21,4.29,1.58,-0.11
2017-05-29,batang,巴塘,Batang,2.12,11.84,16.85,6.33,4.4339422976745135,1.12,15824530.0,18440224.0,1712.125,99.05,29.85,2017,650.14,4.62,1.08,-0.03
2017-05-30,batang,巴塘,Batang,8.6,10.06,13.81,7.46,2.8616020260925823,1.06,11326260.0,13200600.0,1775.0,99.05,29.85,2017,650.0,6.96,1.03,-0.12
2017-05-31,batang,巴塘,Batang,5.53,9.41,14.22,6.46,2.708808414870427,1.34,11031640.0,12867572.0,1865.9688,99.05,29.85,2017,648.28,6.4,1.3,0.17
2017-06-01,batang,巴塘,Batang,0.6,13.04,17.8,7.19,5.774872460400838,1.29,20506782.0,23910956.0,1990.9688,99.05,29.85,2017,647.48,5.28,1.27,0.11
2017-06-02,batang,巴塘,Batang,0.78,13.09,18.67,7.35,5.597721908715823,1.42,19734596.0,23009912.0,2131.3125,99.05,29.85,2017,646.82,5.34,1.38,0.09
2017-06-03,batang,巴塘,Batang,13.49,10.74,17.98,4.69,4.92402216885661,1.46,19404138.0,22628740.0,2285.8125,99.05,29.85,2017,647.22,5.29,0.6,0.43
2017-06-04,batang,巴塘,Batang,1.55,7.78,12.33,1.89,4.821742372422934,0.96,19113924.0,22351076.0,2459.6562,99.05,29.85,2017,649.82,-3.31,-0.84,0.4
2017-06-05,batang,巴塘,Batang,1.59,7.52,13.26,0.3,5.980392724466037,1.18,24905636.0,29085100.0,2549.0938,99.05,29.85,2017,652.27,-3.58,-1.01,0.39
2017-06-06,batang,巴塘,Batang,0.0,9.71,15.07,1.94,7.134199088322954,0.73,27549640.0,32153008.0,2505.1562,99.05,29.85,2017,653.13,-3.4,-0.12,-0.14
2017-06-07,batang,巴塘,Batang,0.19,13.23,17.97,6.69,6.175368580579466,1.32,20342234.0,23737512.0,2380.0938,99.05,29.85,2017,650.73,0.1,1.25,0.06
2017-06-08,batang,巴塘,Batang,0.42,13.92,19.57,7.42,6.651735083901548,1.5,22417408.0,26158828.0,2247.1562,99.05,29.85,2017,648.87,3.23,1.46,-0.0
2017-06-09,batang,巴塘,Batang,6.98,11.54,17.53,5.74,5.419115623533549,0.56,20487376.0,23908676.0,2155.8125,99.05,29.85,2017,650.05,7.0,0.15,-0.02
2017-06-10,batang,巴塘,Batang,1.23,14.41,20.1,7.86,6.533435828463122,1.55,22114528.0,25811180.0,2141.5625,99.05,29.85,2017,648.56,5.27,1.5,0.02
2017-06-11,batang,巴塘,Batang,1.04,14.39,19.66,8.44,6.2323752614660375,1.33,21179734.0,24722840.0,2158.0938,99.05,29.85,2017,648.89,5.9,1.29,-0.03
2017-06-12,batang,巴塘,Batang,1.67,13.96,18.58,9.17,4.819316091913351,1.28,16380730.0,19122944.0,2174.375,99.05,29.85,2017,648.9,7.22,1.24,-0.16
2017-06-13,batang,巴塘,Batang,0.49,14.42,19.51,9.68,4.815593416097063,1.59,15609126.0,18224872.0,2202.6562,99.05,29.85,2017,649.25,6.76,1.56,-0.07
2017-06-14,batang,巴塘,Batang,5.4,13.89,19.8,9.33,4.80964794141805,1.07,16856242.0,19683976.0,2286.125,99.05,29.85,2017,649.81,8.46,0.94,-0.12
2017-06-15,batang,巴塘,Batang,9.81,13.81,19.97,9.24,5.976607947140044,0.73,21380292.0,24970280.0,2490.0,99.05,29.85,2017,649.14,8.8,0.51,0.03
2017-06-16,batang,巴塘,Batang,2.5,14.46,20.14,10.11,6.271916541078671,0.96,21826310.0,25496060.0,2783.8125,99.05,29.85,2017,648.66,7.81,0.85,-0.19
2017-06-17,batang,巴塘,Batang,15.04,12.96,19.18,9.08,4.649360443102824,0.98,16996808.0,19859280.0,2994.8438,99.05,29.85,2017,647.77,8.56,0.58,-0.11
2017-06-18,batang,巴塘,Batang,25.83,11.92,17.27,8.56,4.370234402888948,0.58,16562076.0,19356704.0,3149.7812,99.05,29.85,2017,648.04,9.4,-0.05,-0.04
2017-06-19,batang,巴塘,Batang,15.19,9.73,13.48,8.19,2.6738623117156126,0.59,10567478.0,12355428.0,3286.1562,99.05,29.85,2017,649.79,7.22,0.02,0.11
2017-06-20,batang,巴塘,Batang,5.54,11.05,16.03,8.16,4.456692580689499,0.61,17123562.0,20022012.0,3312.2812,99.05,29.85,2017,648.59,7.5,0.37,-0.1
2017-06-21,batang,巴塘,Batang,9.08,11.98,17.1,8.59,4.945501768564917,0.58,18650074.0,21810300.0,3275.9062,99.05,29.85,2017,648.0,8.87,0.48,-0.16
2017-06-22,batang,巴塘,Batang,4.71,13.09,17.89,9.28,5.511408212756243,0.63,20106118.0,23517336.0,3259.125,99.05,29.85,2017,648.8,9.06,0.56,-0.13
2017-06-23,batang,巴塘,Batang,4.39,13.62,18.7,9.32,5.733067755923048,0.9,20736136.0,24259976.0,3359.75,99.05,29.85,2017,648.25,8.88,0.76,-0.06
2017-06-24,batang,巴塘,Batang,16.45,12.97,18.42,9.93,4.919634150606966,0.57,18102502.0,21182948.0,3538.8438,99.05,29.85,2017,648.38,10.2,0.39,0.01
2017-06-25,batang,巴塘,Batang,20.31,11.44,16.61,8.4,3.845316801671213,0.45,14618998.0,17110596.0,3907.0938,99.05,29.85,2017,650.03,9.34,0.11,0.13
2017-06-26,batang,巴塘,Batang,5.19,11.26,17.01,5.32,5.289256877555808,0.38,20051428.0,23472856.0,4329.125,99.05,29.85,2017,651.06,8.02,-0.05,0.18
2017-06-27,batang,巴塘,Batang,2.27,13.08,19.02,7.05,6.236262268537789,0.4,22183716.0,25974848.0,4590.5,99.05,29.85,2017,650.59,6.34,0.02,0.07
2017-06-28,batang,巴塘,Batang,3.46,12.5,17.49,7.6,5.20184864266472,0.4,18962430.0,22208700.0,4719.5,99.05,29.85,2017,650.69,8.41,0.15,0.11
2017-06-29,batang,巴塘,Batang,6.81,12.72,18.32,8.53,4.763237049540953,0.7,17484472.0,20481584.0,4845.125,99.05,29.85,2017,649.26,8.85,0.53,0.19
2017-06-30,batang,巴塘,Batang,2.4,10.89,15.38,7.28,3.4503121013488696,0.87,13236394.0,15506820.0,4982.2812,99.05,29.85,2017,649.19,7.39,0.75,0.14
2017-07-01,batang,巴塘,Batang,7.31,10.9,13.76,8.13,2.5753403685199685,0.86,9976194.0,11691608.0,5098.125,99.05,29.85,2017,648.4,8.68,0.78,-0.31
2017-07-02,batang,巴塘,Batang,16.13,12.32,16.88,9.71,3.825778130453216,0.72,14283662.0,16744748.0,5252.1562,99.05,29.85,2017,648.77,9.57,0.4,0.02
2017-07-03,batang,巴塘,Batang,6.65,12.55,17.54,9.54,3.9073464026114175,0.71,14291202.0,16755848.0,5498.0938,99.05,29.85,2017,649.46,9.0,0.57,-0.15
2017-07-04,batang,巴塘,Batang,3.62,11.78,15.62,9.1,2.7513397700307487,1.45,10445024.0,12249420.0,5732.25,99.05,29.85,2017,648.92,9.06,1.38,-0.42
2017-07-05,batang,巴塘,Batang,11.9,13.35,18.18,9.74,4.537035981854318,1.06,16691740.0,19578936.0,5891.4062,99.05,29.85,2017,649.52,9.93,1.0,-0.28
2017-07-06,batang,巴塘,Batang,14.19,13.9,18.82,10.79,4.828147270198439,0.7,17284924.0,20279384.0,6153.4688,99.05,29.85,2017,649.7,10.59,0.62,-0.14
2017-07-07,batang,巴塘,Batang,15.41,12.92,16.92,10.31,3.5614804167805527,0.83,13169566.0,15455412.0,6398.8125,99.05,29.85,2017,650.19,10.48,0.68,-0.38
2017-07-08,batang,巴塘,Batang,17.4,11.88,14.91,8.95,2.1463589404305377,0.56,8007200.0,9398736.0,6570.7656,99.05,29.85,2017,650.38,10.3,0.2,-0.21
2017-07-09,batang,巴塘,Batang,9.32,11.1,16.45,7.81,4.04481366910039,0.61,15270570.0,17926456.0,6717.3125,99.05,29.85,2017,652.57,7.06,-0.47,0.1
2017-07-10,batang,巴塘,Batang,8.86,9.89,14.98,5.99,4.221947968944252,0.39,16621088.0,19517048.0,6789.1562,99.05,29.85,2017,653.62,7.5,0.02,-0.01
2017-07-11,batang,巴塘,Batang,5.32,10.23,15.45,6.53,4.978152127567896,0.74,19910354.0,23384418.0,6706.6406,99.05,29.85,2017,652.91,7.09,0.65,-0.09
2017-07-12,batang,巴塘,Batang,4.15,11.46,16.45,7.67,5.6233106678111175,0.88,21796778.0,25608984.0,6556.922,99.05,29.85,2017,651.91,7.59,0.8,-0.15
2017-07-13,batang,巴塘,Batang,3.11,11.84,16.78,5.59,5.738148192946162,0.46,21390622.0,25134610.0,6398.4844,99.05,29.85,2017,650.84,7.88,0.2,0.09
2017-07-14,batang,巴塘,Batang,0.99,13.66,19.18,7.13,6.796591182822764,0.7,23847898.0,28026786.0,6252.0938,99.05,29.85,2017,650.91,5.98,-0.21,-0.12
2017-07-15,batang,巴塘,Batang,4.14,13.39,20.0,6.37,6.746716863863415,0.5,23976962.0,28185070.0,6084.6406,99.05,29.85,2017,651.72,7.36,0.12,-0.27
2017-07-16,batang,巴塘,Batang,5.09,12.0,17.38,6.86,5.25115719119027,0.56,19762450.0,23225418.0,5888.1406,99.05,29.85,2017,652.47,9.14,0.41,-0.22
2017-07-17,batang,巴塘,Batang,2.59,12.68,18.56,6.21,5.783341072808836,0.68,21430046.0,25179076.0,5698.4688,99.05,29.85,2017,652.78,8.97,0.48,-0.28
2017-07-18,batang,巴塘,Batang,1.5,13.36,18.21,7.85,5.667712953776487,0.62,20329932.0,23881656.0,5522.703,99.05,29.85,2017,652.71,8.74,0.53,-0.21
2017-07-19,batang,巴塘,Batang,2.37,14.06,19.91,8.06,6.151763648851791,0.52,21496426.0,25245546.0,5328.875,99.05,29.85,2017,650.88,8.5,0.12,-0.06
2017-07-20,batang,巴塘,Batang,9.67,12.78,18.81,8.18,5.3597446155006985,0.74,19922228.0,23391386.0,5131.1406,99.05,29.85,2017,650.64,9.47,0.57,-0.02
2017-07-21,batang,巴塘,Batang,4.58,13.29,18.81,8.38,5.702552295668025,0.9,20929956.0,24568312.0,4937.6562,99.05,29.85,2017,651.92,9.16,0.8,-0.31
2017-07-22,batang,巴塘,Batang,5.08,12.84,18.25,9.22,4.946694307576619,0.99,18470718.0,21677172.0,4756.6094,99.05,29.85,2017,652.3,9.27,0.91,-0.29
2017-07-23,batang,巴塘,Batang,8.94,12.59,18.22,9.24,5.086006701008473,1.0,19270856.0,22610616.0,4590.328,99.05,29.85,2017,650.82,9.25,0.94,-0.27
2017-07-24,batang,巴塘,Batang,12.62,11.41,15.34,8.92,3.8658602307259375,0.88,15160746.0,17784608.0,4451.7188,99.05,29.85,2017,650.03,9.23,0.77,-0.34
2017-07-25,batang,巴塘,Batang,7.53,11.15,15.46,8.95,3.005714402189562,0.93,11596010.0,13614156.0,4339.75,99.05,29.85,2017,650.76,8.6,0.85,-0.34
2017-07-26,batang,巴塘,Batang,2.79,13.13,18.25,9.1,5.210151895056925,1.12,19405058.0,22757586.0,4226.0625,99.05,29.85,2017,650.88,9.27,1.05,-0.32
2017-07-27,batang,巴塘,Batang,3.2,13.4,18.35,8.51,4.8839199678439735,0.88,17652030.0,20692310.0,4112.9688,99.05,29.85,2017,651.52,9.21,0.8,-0.21
2017-07-28,batang,巴塘,Batang,5.31,13.07,18.12,9.31,5.1664363000993845,0.82,19186830.0,22484786.0,4048.5469,99.05,29.85,2017,653.1,9.9,0.67,-0.13
2017-07-29,batang,巴塘,Batang,9.24,12.96,18.3,8.9,5.295030756838256,0.42,19112148.0,22392800.0,4102.0625,99.05,29.85,2017,652.64,8.99,0.18,-0.1
2017-07-30,batang,巴塘,Batang,4.24,12.68,18.04,6.81,5.104670915564633,0.34,18624856.0,21817148.0,4194.2188,99.05,29.85,2017,651.04,10.01,0.18,-0.13
2017-07-31,batang,巴塘,Batang,0.95,15.35,20.77,8.86,6.194753833757545,0.7,20857094.0,24425550.0,4161.2344,99.05,29.85,2017,649.4,8.54,0.63,-0.17
2017-08-01,batang,巴塘,Batang,4.81,14.42,20.49,9.58,5.626497623521297,0.67,19711302.0,23077894.0,4036.1094,99.05,29.85,2017,649.78,9.76,0.52,-0.06
2017-08-02,batang,巴塘,Batang,9.9,13.65,18.68,10.19,4.430329137678446,0.53,15892888.0,18604000.0,3896.0781,99.05,29.85,2017,649.76,10.82,0.13,0.06
2017-08-03,batang,巴塘,Batang,7.71,13.87,19.3,9.93,5.269287405921541,0.39,18722386.0,21909958.0,3813.9219,99.05,29.85,2017,649.15,10.95,0.11,-0.01
2017-08-04,batang,巴塘,Batang,2.53,14.54,20.25,9.49,5.84210415974478,0.73,20524142.0,24012742.0,3771.7656,99.05,29.85,2017,650.2,9.93,0.61,-0.27
2017-08-05,batang,巴塘,Batang,0.77,16.12,21.21,10.67,6.383605971288451,0.88,21174486.0,24767292.0,3698.8125,99.05,29.85,2017,651.17,9.29,0.8,-0.28
2017-08-06,batang,巴塘,Batang,0.49,16.45,20.83,11.46,6.4183295422004605,1.13,20807430.0,24331652.0,3577.0312,99.05,29.85,2017,651.09,8.56,1.09,-0.2
2017-08-07,batang,巴塘,Batang,10.62,14.79,20.24,11.47,4.168886930084579,0.83,14378840.0,16811002.0,3433.7969,99.05,29.85,2017,651.34,10.83,0.28,0.13
2017-08-08,batang,巴塘,Batang,13.62,13.75,20.06,8.38,4.91700206090818,0.84,17908110.0,20932204.0,3348.2812,99.05,29.85,2017,651.28,10.49,-0.07,0.24
2017-08-09,batang,巴塘,Batang,27.82,11.33,16.41,7.07,3.4206516141626584,0.56,13015352.0,15210182.0,3325.0156,99.05,29.85,2017,650.92,8.72,0.22,-0.09
2017-08-10,batang,巴塘,Batang,17.15,8.29,9.74,6.34,0.8549593343260309,0.49,3418354.0,3999528.0,3333.4219,99.05,29.85,2017,649.39,7.07,0.1,-0.2
2017-08-11,batang,巴塘,Batang,8.83,10.27,13.79,7.63,2.450288007959531,0.55,9554916.0,11164566.0,3373.5469,99.05,29.85,2017,649.87,8.18,0.31,0.15
2017-08-12,batang,巴塘,Batang,2.34,12.55,17.7,8.3,5.136574663521814,0.5,18928730.0,22107418.0,3424.1094,99.05,29.85,2017,650.61,8.96,0.16,0.1
2017-08-13,batang,巴塘,Batang,7.49,12.61,17.54,9.18,4.148710002480429,0.74,15440176.0,18027232.0,3386.9219,99.05,29.85,2017,651.58,9.6,0.62,-0.22
2017-08-14,batang,巴塘,Batang,9.9,14.02,19.08,9.62,5.234415597045127,0.71,18749964.0,21885644.0,3296.8594,99.05,29.85,2017,651.12,10.26,0.64,-0.09
2017-08-15,batang,巴塘,Batang,7.54,12.8,17.49,10.12,3.9329366406725113,0.44,14415588.0,16821668.0,3237.125,99.05,29.85,2017,650.99,10.46,0.31,-0.04
2017-08-16,batang,巴塘,Batang,2.31,13.7,18.78,10.07,4.773864102110993,0.84,17278964.0,20153804.0,3199.3281,99.05,29.85,2017,650.83,9.99,0.78,-0.2
2017-08-17,batang,巴塘,Batang,2.96,13.81,18.26,10.1,4.490913040290458,1.06,15942042.0,18583580.0,3123.6406,99.05,29.85,2017,650.01,9.19,1.01,-0.22
2017-08-18,batang,巴塘,Batang,12.02,12.1,16.05,9.25,3.0236063223124217,1.01,11635544.0,13558772.0,3050.4844,99.05,29.85,2017,651.22,10.0,0.89,-0.44
2017-08-19,batang,巴塘,Batang,0.93,13.47,17.54,9.62,4.058259732463297,1.14,14446380.0,16822764.0,3031.2031,99.05,29.85,2017,651.86,8.98,1.08,-0.25
2017-08-20,batang,巴塘,Batang,0.69,14.59,18.65,10.35,4.879111313427344,1.2,16668372.0,19400440.0,3031.1406,99.05,29.85,2017,650.98,8.68,1.14,-0.27
2017-08-21,batang,巴塘,Batang,0.73,14.3,18.8,10.04,4.960872509117914,1.42,16899860.0,19658266.0,3022.5469,99.05,29.85,2017,650.62,7.79,1.37,-0.34
2017-08-22,batang,巴塘,Batang,0.5,14.48,19.39,9.41,5.300527076703927,1.04,17720752.0,20602468.0,3002.8125,99.05,29.85,2017,652.17,6.38,0.98,-0.26
2017-08-23,batang,巴塘,Batang,0.37,15.51,20.6,9.97,6.451936906735276,1.01,21471316.0,24950412.0,2964.4844,99.05,29.85,2017,652.82,7.01,0.93,-0.24
2017-08-24,batang,巴塘,Batang,1.99,14.27,20.22,8.43,6.0273070713655565,0.83,21318288.0,24759364.0,2900.0938,99.05,29.85,2017,652.12,8.55,0.71,-0.27
2017-08-25,batang,巴塘,Batang,3.05,13.1,18.15,8.9,4.870250109523504,0.93,17945424.0,20831642.0,2815.0156,99.05,29.85,2017,651.51,8.86,0.82,-0.35
2017-08-26,batang,巴塘,Batang,3.49,12.8,18.4,9.1,4.790788486659333,1.27,18078430.0,20974342.0,2728.2969,99.05,29.85,2017,651.61,8.66,1.2,-0.34
2017-08-27,batang,巴塘,Batang,0.58,14.0,18.66,9.06,4.369852825688532,1.06,14894328.0,17271482.0,2651.4062,99.05,29.85,2017,651.74,7.75,1.0,-0.28
2017-08-28,batang,巴塘,Batang,1.38,14.28,18.98,10.32,5.361462470414073,1.18,18631300.0,21593424.0,2586.25,99.05,29.85,2017,651.76,7.83,1.13,-0.24
2017-08-29,batang,巴塘,Batang,1.98,14.16,18.71,10.03,5.521919573764553,1.0,19330026.0,22391592.0,2541.3438,99.05,29.85,2017,652.29,7.72,0.94,-0.19
2017-08-30,batang,巴塘,Batang,6.22,13.19,18.14,9.55,4.710562919886024,1.0,17616658.0,20396308.0,2524.8906,99.05,29.85,2017,652.38,9.7,0.91,-0.27
2017-08-31,batang,巴塘,Batang,2.8,13.21,17.7,9.42,4.369650898723219,1.06,15780474.0,18259818.0,2570.4375,99.05,29.85,2017,651.21,8.37,1.02,-0.16
2017-09-01,batang,巴塘,Batang,4.98,13.41,19.07,9.3,4.690750876813419,0.92,16995734.0,19656230.0,2687.7031,99.05,29.85,2017,649.6,8.75,0.86,-0.07
2017-09-02,batang,巴塘,Batang,0.86,13.91,18.98,9.64,4.973440672313849,1.39,17518300.0,20250070.0,2858.1875,99.05,29.85,2017,648.72,7.95,1.37,-0.08
2017-09-03,batang,巴塘,Batang,1.01,13.55,18.77,9.5,4.479758897726853,1.53,15834230.0,18293446.0,3023.0469,99.05,29.85,2017,649.47,7.97,1.5,-0.26
2017-09-04,batang,巴塘,Batang,4.71,13.42,19.03,9.51,4.492139954292341,1.1,16197940.0,18703666.0,3155.4219,99.05,29.85,2017,650.17,8.52,0.95,-0.08
2017-09-05,batang,巴塘,Batang,13.94,11.64,18.1,7.29,3.9037530623479375,0.81,15242408.0,17593008.0,3335.5781,99.05,29.85,2017,651.92,9.03,0.4,0.11
2017-09-06,batang,巴塘,Batang,5.24,12.07,17.5,8.21,4.246180033851393,0.52,15994148.0,18448554.0,3580.2812,99.05,29.85,2017,652.88,8.76,0.31,-0.06
2017-09-07,batang,巴塘,Batang,1.24,13.53,18.55,9.09,5.031425189302465,1.32,18041414.0,20800476.0,3716.375,99.05,29.85,2017,651.37,7.63,1.28,-0.2
2017-09-08,batang,巴塘,Batang,0.79,13.72,18.72,9.18,5.015575856409703,1.17,17542212.0,20214076.0,3693.6719,99.05,29.85,2017,650.55,6.96,1.15,-0.1
2017-09-09,batang,巴塘,Batang,10.68,11.12,17.79,6.37,4.156227691173027,0.96,16507946.0,19013228.0,3636.9375,99.05,29.85,2017,652.12,7.83,-0.12,0.26
2017-09-10,batang,巴塘,Batang,0.68,11.25,15.66,6.41,4.529135179133164,1.0,16286690.0,18746924.0,3632.8281,99.05,29.85,2017,654.7,2.23,-0.98,0.1
2017-09-11,batang,巴塘,Batang,3.65,11.25,15.95,6.68,4.163838789059541,0.63,15700656.0,18062586.0,3655.0625,99.05,29.85,2017,654.37,5.76,0.54,-0.11
2017-09-12,batang,巴塘,Batang,4.67,11.48,16.54,7.95,4.440941362814664,1.08,17664836.0,20312952.0,3627.6406,99.05,29.85,2017,653.7,8.14,0.99,-0.32
2017-09-13,batang,巴塘,Batang,1.73,12.84,17.71,8.16,4.511039059829203,1.0,16191238.0,18608078.0,3539.2344,99.05,29.85,2017,653.21,6.64,0.98,-0.08
2017-09-14,batang,巴塘,Batang,2.39,12.36,17.38,8.73,4.59140387596753,0.76,17026416.0,19559072.0,3434.2734,99.05,29.85,2017,653.2,7.18,0.63,0.05
2017-09-15,batang,巴塘,Batang,1.9,12.64,17.72,9.11,4.882452389572496,0.79,18441588.0,21174062.0,3381.9219,99.05,29.85,2017,653.5,8.79,0.73,-0.19
2017-09-16,batang,巴塘,Batang,0.97,13.65,18.35,8.87,4.747455439455497,1.13,16709864.0,19169166.0,3344.4688,99.05,29.85,2017,653.84,7.3,1.05,-0.32
2017-09-17,batang,巴塘,Batang,0.93,13.39,17.72,9.19,4.451265403289812,1.17,15341570.0,17584024.0,3270.8203,99.05,29.85,2017,653.07,6.22,1.14,-0.15
2017-09-18,batang,巴塘,Batang,0.81,12.75,17.44,8.33,4.190668028851517,1.11,14889180.0,17051272.0,3193.1172,99.05,29.85,2017,652.06,6.39,1.09,0.0
2017-09-19,batang,巴塘,Batang,3.4,13.02,18.01,8.38,4.365865572877591,0.89,15569048.0,17815128.0,3138.789,99.05,29.85,2017,651.92,6.73,0.83,0.05
2017-09-20,batang,巴塘,Batang,7.67,12.39,17.52,9.33,4.305942967994883,0.77,16382756.0,18729990.0,3134.2188,99.05,29.85,2017,651.82,8.86,0.68,-0.07
2017-09-21,batang,巴塘,Batang,7.77,11.29,16.21,8.51,3.2729828369448706,0.71,12874750.0,14708010.0,3192.1016,99.05,29.85,2017,651.3,8.83,0.57,-0.1
2017-09-22,batang,巴塘,Batang,3.45,11.87,16.68,8.1,3.4708011407393182,0.99,13205111.0,15073761.0,3250.4062,99.05,29.85,2017,651.18,8.08,0.91,-0.16
2017-09-23,batang,巴塘,Batang,0.65,12.86,17.77,7.87,3.776767215485093,1.15,13006997.0,14833497.0,3253.789,99.05,29.85,2017,652.1,6.12,1.1,-0.16
2017-09-24,batang,巴塘,Batang,0.29,12.63,17.58,8.2,3.345274239771253,1.08,11107709.0,12657091.0,3232.75,99.05,29.85,2017,651.32,5.15,0.98,-0.25
2017-09-25,batang,巴塘,Batang,0.34,12.75,17.3,8.41,3.3236419643574475,1.13,11073636.0,12607216.0,3177.5781,99.05,29.85,2017,651.42,5.71,1.03,-0.35
2017-09-26,batang,巴塘,Batang,0.44,13.36,18.11,8.82,3.9119520247659016,1.28,12910578.0,14687263.0,3093.6328,99.05,29.85,2017,652.27,5.58,1.23,-0.27
2017-09-27,batang,巴塘,Batang,0.75,12.55,17.79,7.73,4.000899471893792,0.73,14421585.0,16393169.0,3002.9453,99.05,29.85,2017,653.08,6.15,0.59,-0.16
2017-09-28,batang,巴塘,Batang,0.9,12.03,16.92,7.55,4.29745875375371,1.2,16024273.0,18198354.0,2941.336,99.05,29.85,2017,651.7,6.19,1.17,-0.09
2017-09-29,batang,巴塘,Batang,0.49,11.75,16.79,7.62,3.9841304494168623,1.32,14444825.0,16391587.0,2926.8125,99.05,29.85,2017,651.94,5.06,1.29,-0.11
2017-09-30,batang,巴塘,Batang,1.16,12.27,17.53,7.15,3.692134894091552,1.23,12907380.0,14634528.0,2915.0781,99.05,29.85,2017,652.31,5.45,1.22,-0.14
2017-10-01,batang,巴塘,Batang,4.0,11.18,15.95,7.96,3.3608449928441964,0.62,13120677.0,14864296.0,2909.586,99.05,29.85,2017,652.74,7.89,0.47,-0.14
2017-10-02,batang,巴塘,Batang,1.02,12.08,17.2,7.76,4.244871076520706,1.5,15876732.0,17970500.0,2940.7266,99.05,29.85,2017,651.4,6.36,1.48,-0.2
2017-10-03,batang,巴塘,Batang,1.25,11.63,16.16,7.63,3.9489668173416383,1.5,14709202.0,16635641.0,2988.3203,99.05,29.85,2017,652.21,5.74,1.49,-0.17
2017-10-04,batang,巴塘,Batang,3.68,7.84,10.44,2.81,2.096532238104545,0.68,8563622.0,9686883.0,3060.9531,99.05,29.85,2017,655.19,3.67,-0.02,0.26
2017-10-05,batang,巴塘,Batang,0.56,10.55,16.46,2.95,5.0261685977674535,0.87,19015180.0,21483984.0,3158.914,99.05,29.85,2017,654.37,0.42,0.77,-0.13
2017-10-06,batang,巴塘,Batang,0.02,11.78,17.82,4.3,5.500685743845248,1.01,20147920.0,22737514.0,3175.0078,99.05,29.85,2017,653.54,1.41,0.95,-0.16
2017-10-07,batang,巴塘,Batang,0.04,11.62,17.17,6.05,4.661399766988229,1.24,16726575.0,18857018.0,3082.7344,99.05,29.85,2017,652.75,2.28,1.15,-0.3
2017-10-08,batang,巴塘,Batang,0.38,11.27,16.43,6.74,3.9969961008044073,1.48,14268905.0,16071936.0,2948.086,99.05,29.85,2017,652.68,3.33,1.44,-0.21
2017-10-09,batang,巴塘,Batang,0.55,10.95,16.05,6.17,3.427040829029077,1.41,11896955.0,13389137.0,2809.0469,99.05,29.85,2017,653.19,3.12,1.38,-0.18
2017-10-10,batang,巴塘,Batang,0.4,10.62,16.1,6.58,3.5098727246853105,1.44,13242564.0,14890580.0,2676.2188,99.05,29.85,2017,653.17,4.62,1.4,-0.31
2017-10-11,batang,巴塘,Batang,0.48,11.66,16.99,6.62,3.740322839920839,1.5,12667634.0,14232870.0,2567.2031,99.05,29.85,2017,652.22,3.21,1.44,-0.09
2017-10-12,batang,巴塘,Batang,0.61,10.87,16.77,6.55,3.608744388907009,1.54,13274774.0,14902648.0,2509.4453,99.05,29.85,2017,650.48,4.26,1.5,-0.07
2017-10-13,batang,巴塘,Batang,1.72,10.89,17.29,6.58,4.1876657190753335,1.47,15914668.0,17850894.0,2513.7266,99.05,29.85,2017,648.97,4.0,1.35,-0.15
2017-10-14,batang,巴塘,Batang,0.5,10.66,15.85,6.13,3.5913421831530665,1.7,13055208.0,14632276.0,2512.9219,99.05,29.85,2017,648.84,3.67,1.67,-0.18
2017-10-15,batang,巴塘,Batang,0.4,10.62,16.77,5.59,3.7112280265233055,1.74,13457250.0,15070428.0,2467.0234,99.05,29.85,2017,649.73,3.25,1.71,-0.1
2017-10-16,batang,巴塘,Batang,0.36,9.75,15.18,5.13,3.776486183096012,1.71,14175302.0,15870922.0,2410.125,99.05,29.85,2017,650.79,2.07,1.68,-0.0
2017-10-17,batang,巴塘,Batang,0.07,10.0,15.51,4.09,4.503870620446575,1.15,16513660.0,18486178.0,2365.961,99.05,29.85,2017,652.32,-1.85,1.06,-0.11
2017-10-18,batang,巴塘,Batang,0.0,9.86,15.65,3.67,4.775382421763488,1.18,17963388.0,20104962.0,2308.1719,99.05,29.85,2017,652.91,-1.58,1.11,-0.27
2017-10-19,batang,巴塘,Batang,0.07,10.09,15.97,3.95,4.615878215688199,1.13,17260702.0,19314384.0,2222.7422,99.05,29.85,2017,652.37,-0.79,1.04,-0.15
2017-10-20,batang,巴塘,Batang,0.15,9.94,15.76,4.46,4.346059906882543,1.32,16082108.0,17992092.0,2127.1562,99.05,29.85,2017,651.51,-0.37,1.27,-0.28
2017-10-21,batang,巴塘,Batang,4.44,6.85,10.65,4.58,1.6376663908327245,1.2,7272542.0,8139688.0,2031.2969,99.05,29.85,2017,650.06,4.41,1.16,-0.29
2017-10-22,batang,巴塘,Batang,13.92,5.24,7.57,3.54,0.9743720683821784,0.88,4874010.0,5482940.0,1947.3203,99.05,29.85,2017,650.02,4.64,0.85,0.05
2017-10-23,batang,巴塘,Batang,2.32,6.89,13.2,2.99,2.938198072017708,1.61,12724724.0,14493776.0,1911.1172,99.05,29.85,2017,649.62,1.91,1.57,-0.08
2017-10-24,batang,巴塘,Batang,1.31,6.36,11.57,2.88,2.92270176126175,1.68,12948554.0,14639956.0,1895.4062,99.05,29.85,2017,650.69,1.19,1.64,-0.12
2017-10-25,batang,巴塘,Batang,2.27,6.06,11.5,1.28,3.53022235402336,1.33,14798164.0,16894124.0,1859.0234,99.05,29.85,2017,652.48,-2.65,1.29,0.24
2017-10-26,batang,巴塘,Batang,2.41,4.58,9.13,0.65,3.1816199649294354,0.71,14677920.0,16673216.0,1804.8672,99.05,29.85,2017,653.7,-2.15,-0.06,0.23
2017-10-27,batang,巴塘,Batang,0.38,5.8,11.88,0.59,3.3293874207909417,0.88,13428402.0,15482848.0,1751.1484,99.05,29.85,2017,652.5,-5.63,0.73,-0.11
2017-10-28,batang,巴塘,Batang,0.03,6.57,12.34,1.03,3.5999134877505834,1.36,14277406.0,16223640.0,1688.1875,99.05,29.85,2017,653.1,-3.87,1.33,-0.13
2017-10-29,batang,巴塘,Batang,0.02,6.37,12.06,1.59,3.740799296518471,1.48,14998418.0,16904032.0,1608.9375,99.05,29.85,2017,654.59,-4.64,1.45,-0.05
2017-10-30,batang,巴塘,Batang,6.39,4.18,8.32,1.68,1.8403851041554893,1.17,8449108.0,9510740.0,1527.9062,99.05,29.85,2017,652.95,-0.03,1.14,-0.15
2017-10-31,batang,巴塘,Batang,4.92,2.1,7.58,-2.6,2.124519286904259,1.0,9774498.0,13389928.0,1461.8438,99.05,29.85,2017,651.74,0.05,0.92,0.03
2017-11-01,batang,巴塘,Batang,4.23,0.42,5.36,-3.05,2.3254822654588323,0.78,10131878.0,15004576.0,1414.9844,99.05,29.85,2017,654.06,-3.0,-0.51,0.39
2017-11-02,batang,巴塘,Batang,2.62,-1.17,1.83,-4.07,2.200994938792249,1.06,9170714.0,15327324.0,1375.7812,99.05,29.85,2017,654.92,-5.15,-0.99,0.33
2017-11-03,batang,巴塘,Batang,0.72,-2.54,1.4,-6.85,2.389681754575664,0.93,10032032.0,17654824.0,1328.9531,99.05,29.85,2017,656.62,-6.93,-0.86,0.32
2017-11-04,batang,巴塘,Batang,0.07,-2.84,2.9,-8.34,2.4090592266612902,0.45,10163412.0,17181888.0,1273.7422,99.05,29.85,2017,656.05,-8.11,-0.4,0.02
2017-11-05,batang,巴塘,Batang,0.02,-2.93,3.56,-8.83,2.6782111298337785,0.39,12316382.0,19030444.0,1218.3906,99.05,29.85,2017,654.94,-9.43,0.08,-0.08
2017-11-06,batang,巴塘,Batang,0.0,-2.33,4.43,-9.09,2.7727747756379166,0.57,13396090.0,19061360.0,1168.3359,99.05,29.85,2017,655.73,-10.68,-0.56,0.01
2017-11-07,batang,巴塘,Batang,0.0,-0.87,6.17,-7.81,3.003764540667748,0.54,14265326.0,19027296.0,1125.0234,99.05,29.85,2017,655.6,-11.64,0.2,-0.14
2017-11-08,batang,巴塘,Batang,0.0,0.57,7.22,-5.37,3.066406667871489,0.76,14616482.0,18508908.0,1088.2734,99.05,29.85,2017,653.33,-8.35,0.76,-0.0
2017-11-09,batang,巴塘,Batang,0.01,0.83,7.16,-4.33,2.9292126670684406,0.9,13872540.0,16896996.0,1057.2578,99.05,29.85,2017,651.85,-9.75,0.87,0.14
2017-11-10,batang,巴塘,Batang,0.0,1.04,7.13,-4.38,3.0183140709782723,0.95,14611582.0,17347560.0,1030.8203,99.05,29.85,2017,652.19,-9.4,0.9,0.26
2017-11-11,batang,巴塘,Batang,0.13,1.33,7.18,-3.59,3.0655377028313926,0.63,14942734.0,17394768.0,1008.02344,99.05,29.85,2017,652.05,-10.35,0.53,0.2
2017-11-12,batang,巴塘,Batang,0.02,2.28,8.28,-2.93,3.1467567157977063,0.72,15096232.0,17315516.0,988.25,99.05,29.85,2017,650.03,-8.16,0.68,0.16
2017-11-13,batang,巴塘,Batang,0.0,3.13,9.2,-1.97,2.982617225084176,0.91,13827822.0,15698108.0,970.78125,99.05,29.85,2017,649.72,-6.35,0.88,0.12
2017-11-14,batang,巴塘,Batang,0.02,3.53,9.55,-1.98,3.2146204067085336,0.89,15253218.0,17185692.0,955.0469,99.05,29.85,2017,651.42,-4.83,0.87,0.02
2017-11-15,batang,巴塘,Batang,0.0,4.24,9.93,-2.05,3.2144770109569687,1.03,14793604.0,16581824.0,940.64844,99.05,29.85,2017,651.18,-4.18,1.02,0.0
2017-11-16,batang,巴塘,Batang,0.01,6.03,11.91,-0.68,3.2851370664636232,1.06,14284834.0,15963404.0,927.47656,99.05,29.85,2017,650.17,-1.63,1.04,0.17
2017-11-17,batang,巴塘,Batang,0.1,6.01,11.33,1.69,2.9254443069212708,1.04,12398512.0,13832808.0,915.78906,99.05,29.85,2017,650.46,-1.75,1.02,0.05
2017-11-18,batang,巴塘,Batang,0.24,5.57,10.04,1.76,2.5747695395725256,1.36,10716218.0,11962388.0,905.0469,99.05,29.85,2017,649.92,-1.59,1.35,-0.07
2017-11-19,batang,巴塘,Batang,0.28,5.52,10.87,0.6,2.7846880530926006,1.51,11685318.0,13069884.0,895.7578,99.05,29.85,2017,649.19,-1.94,1.5,0.1
2017-11-20,batang,巴塘,Batang,0.31,4.23,10.47,-0.19,2.8915269786508246,1.87,12540928.0,14086824.0,888.4375,99.05,29.85,2017,648.08,-4.0,1.8,0.41
2017-11-21,batang,巴塘,Batang,0.3,3.69,9.62,-1.13,2.8445619544689595,1.76,12708332.0,14280580.0,882.58594,99.05,29.85,2017,647.29,-4.51,1.71,0.35
2017-11-22,batang,巴塘,Batang,0.27,2.2,9.17,-2.78,2.442362961364103,2.05,11298270.0,12740944.0,878.0,99.05,29.85,2017,646.39,-5.33,1.94,0.45
2017-11-23,batang,巴塘,Batang,0.55,2.73,7.34,-2.75,2.9203830267059887,1.69,12516922.0,14081520.0,874.35156,99.05,29.85,2017,647.55,-8.84,1.39,0.76
2017-11-24,batang,巴塘,Batang,0.75,1.56,6.31,-1.93,2.328368036218614,1.05,10310752.0,11833124.0,870.97656,99.05,29.85,2017,648.71,-9.51,0.5,0.49
2017-11-25,batang,巴塘,Batang,1.27,-0.18,4.58,-3.55,2.222066909008358,0.74,11705208.0,13428048.0,864.6797,99.05,29.85,2017,651.34,-7.91,0.48,-0.08
2017-11-26,batang,巴塘,Batang,0.15,1.09,6.65,-3.8,2.586314215186924,1.48,11750676.0,13712876.0,854.6172,99.05,29.85,2017,649.09,-9.36,1.45,-0.01
2017-11-27,batang,巴塘,Batang,0.6,0.58,5.5,-3.15,2.4974780585856164,1.1,11871518.0,13775348.0,844.03906,99.05,29.85,2017,647.38,-10.17,1.0,-0.03
2017-11-28,batang,巴塘,Batang,1.63,-0.57,4.26,-4.26,2.032358700804731,1.26,10353914.0,12171192.0,834.7656,99.05,29.85,2017,647.56,-7.85,1.21,-0.03
2017-11-29,batang,巴塘,Batang,1.45,-0.36,4.0,-4.17,2.1411216499921624,0.92,10538262.0,12803300.0,826.7422,99.05,29.85,2017,649.52,-8.32,0.89,-0.03
2017-11-30,batang,巴塘,Batang,0.65,-0.67,4.49,-4.4,2.1893108956372407,1.09,10351348.0,12903892.0,819.53906,99.05,29.85,2017,649.38,-9.81,1.03,-0.08
2017-12-01,batang,巴塘,Batang,2.2,-1.46,4.17,-4.99,2.0120310702771325,0.68,10485046.0,13045888.0,812.78906,99.05,29.85,2017,649.93,-7.99,0.47,-0.13
2017-12-02,batang,巴塘,Batang,0.53,-0.44,5.41,-5.18,2.472100713447296,0.82,11293760.0,14875112.0,806.3047,99.05,29.85,2017,650.05,-10.3,0.78,0.01
2017-12-03,batang,巴塘,Batang,0.0,0.28,6.72,-5.24,2.6165115595735644,0.56,12230534.0,15583364.0,800.0625,99.05,29.85,2017,650.56,-9.29,0.51,-0.08
2017-12-04,batang,巴塘,Batang,0.0,0.75,7.08,-4.16,2.6212725842707214,0.73,12524926.0,15361728.0,794.0156,99.05,29.85,2017,650.06,-7.89,0.68,-0.14
2017-12-05,batang,巴塘,Batang,0.0,1.86,8.21,-3.65,2.717906446247885,1.07,12675138.0,15099172.0,788.1406,99.05,29.85,2017,648.09,-6.58,1.06,-0.08
2017-12-06,batang,巴塘,Batang,0.0,2.53,8.91,-3.13,2.7566034503776846,0.93,12874248.0,14985032.0,782.8906,99.05,29.85,2017,648.14,-5.74,0.91,-0.02
2017-12-07,batang,巴塘,Batang,0.01,2.99,9.72,-2.9,2.761881141775001,1.12,13006596.0,14898592.0,779.34375,99.05,29.85,2017,648.98,-4.42,1.1,-0.11
2017-12-08,batang,巴塘,Batang,2.46,1.9,8.53,-4.07,1.8614549702750736,0.9,9205540.0,10470672.0,777.5156,99.05,29.85,2017,651.22,-3.07,0.38,0.14
2017-12-09,batang,巴塘,Batang,0.07,1.27,7.61,-3.82,2.493948831942282,0.35,12130506.0,14137092.0,774.625,99.05,29.85,2017,652.96,-9.94,-0.01,-0.01
2017-12-10,batang,巴塘,Batang,0.0,2.33,9.17,-3.04,2.874315147129604,0.33,13556436.0,15568732.0,768.5703,99.05,29.85,2017,651.73,-12.43,0.18,-0.07
2017-12-11,batang,巴塘,Batang,0.0,2.96,9.11,-3.07,3.009828538293156,0.64,13606762.0,15462548.0,761.64844,99.05,29.85,2017,650.18,-11.05,0.55,-0.06
2017-12-12,batang,巴塘,Batang,0.01,2.91,8.62,-1.87,2.6647508031679927,1.15,12683272.0,14317668.0,755.09375,99.05,29.85,2017,647.43,-4.44,1.14,-0.07
2017-12-13,batang,巴塘,Batang,0.02,3.79,9.54,-2.05,2.811089081138085,1.04,12263920.0,13781336.0,749.39844,99.05,29.85,2017,648.58,-6.49,0.97,0.14
2017-12-14,batang,巴塘,Batang,0.05,3.45,8.62,-0.72,2.3582141221155712,1.28,10474456.0,11743272.0,744.96875,99.05,29.85,2017,648.75,-4.09,1.28,-0.07
2017-12-15,batang,巴塘,Batang,0.31,3.48,8.86,-0.32,2.3381444665075906,1.11,10100280.0,11342816.0,741.0781,99.05,29.85,2017,649.99,-5.17,1.09,0.03
2017-12-16,batang,巴塘,Batang,0.09,3.34,8.26,-0.63,2.406943158471525,1.45,10501840.0,11782160.0,736.7578,99.05,29.85,2017,650.47,-4.69,1.44,-0.11
2017-12-17,batang,巴塘,Batang,0.04,3.06,8.57,-1.14,2.7402974186578017,1.29,12182506.0,13652572.0,731.7578,99.05,29.85,2017,650.25,-6.88,1.27,0.08
2017-12-18,batang,巴塘,Batang,0.82,2.03,7.44,-1.87,2.313361964482896,0.56,11321526.0,12672016.0,726.5156,99.05,29.85,2017,653.08,-6.37,0.34,0.14
2017-12-19,batang,巴塘,Batang,0.0,2.88,8.46,-1.94,2.960665174696089,0.71,12959768.0,14492028.0,721.15625,99.05,29.85,2017,654.82,-15.82,-0.47,0.35
2017-12-20,batang,巴塘,Batang,0.0,3.08,8.28,-1.95,2.981474504750264,0.71,13477326.0,15055404.0,715.6406,99.05,29.85,2017,654.05,-11.06,0.6,-0.12
2017-12-21,batang,巴塘,Batang,0.03,2.92,7.46,-0.96,2.363505451335576,1.01,10833322.0,12096972.0,710.2344,99.05,29.85,2017,650.67,-5.29,0.97,-0.13
2017-12-22,batang,巴塘,Batang,0.59,3.19,7.55,-0.84,2.0892243805656068,1.32,9113224.0,10191360.0,704.9375,99.05,29.85,2017,647.51,-4.0,1.3,-0.11
2017-12-23,batang,巴塘,Batang,5.09,0.97,5.88,-3.33,1.3093417693915033,0.6,6548064.0,7661208.0,700.8906,99.05,29.85,2017,649.94,-2.59,-0.05,0.22
2017-12-24,batang,巴塘,Batang,0.46,0.32,4.5,-4.02,1.4639068746132269,1.12,6099890.0,8041832.0,698.5781,99.05,29.85,2017,649.65,-5.35,0.96,-0.15
2017-12-25,batang,巴塘,Batang,0.11,1.29,6.9,-2.93,2.433846692318625,1.32,9908902.0,12710096.0,694.8594,99.05,29.85,2017,649.75,-8.83,1.29,0.03
2017-12-26,batang,巴塘,Batang,0.19,1.12,6.8,-3.26,2.7967606492134007,1.11,11711558.0,14502620.0,690.28125,99.05,29.85,2017,650.43,-13.56,0.97,0.18
2017-12-27,batang,巴塘,Batang,0.68,-0.92,3.94,-4.98,2.1912154094032985,0.58,10298590.0,12733816.0,685.3125,99.05,29.85,2017,651.03,-15.63,-0.15,-0.0
2017-12-28,batang,巴塘,Batang,0.0,0.09,6.17,-5.92,2.7928941346850777,1.11,12774598.0,15561340.0,680.15625,99.05,29.85,2017,650.63,-13.78,1.03,-0.31
2017-12-29,batang,巴塘,Batang,0.01,1.42,7.34,-3.92,2.8201527994869906,1.32,12864822.0,15339148.0,674.84375,99.05,29.85,2017,649.75,-9.01,1.31,-0.01
2017-12-30,batang,巴塘,Batang,0.16,0.67,5.69,-3.42,2.2095041523526047,1.47,9791440.0,11553620.0,669.625,99.05,29.85,2017,648.98,-8.81,1.42,0.25
2017-12-31,batang,巴塘,Batang,0.0,0.28,5.76,-4.22,2.780015800746485,1.65,12484712.0,14607068.0,664.59375,99.05,29.85,2017,646.98,-13.29,1.45,0.55
2018-01-01,batang,巴塘,Batang,0.03,-0.17,5.84,-5.0,2.523648864646152,1.63,12145912.0,14105776.0,659.625,99.05,29.85,2018,646.4,-10.83,1.55,0.19
2018-01-02,batang,巴塘,Batang,2.97,-0.84,4.0,-4.71,1.937290491298567,1.64,9493784.0,11006716.0,654.8125,99.05,29.85,2018,645.25,-8.83,1.59,-0.02
2018-01-03,batang,巴塘,Batang,5.11,-3.46,0.94,-9.89,1.4479676464225384,0.93,7516018.0,10828112.0,650.6719,99.05,29.85,2018,643.64,-6.89,0.86,0.07
2018-01-04,batang,巴塘,Batang,0.03,-9.71,-4.23,-14.4,1.4260486787409274,1.0,8678924.0,15042844.0,647.1719,99.05,29.85,2018,647.43,-13.92,0.92,-0.37
2018-01-05,batang,巴塘,Batang,0.07,-10.09,-5.76,-14.89,1.407911249598099,1.37,9707154.0,15787156.0,643.2969,99.05,29.85,2018,644.0,-14.19,1.3,-0.39
2018-01-06,batang,巴塘,Batang,0.66,-7.92,-3.96,-12.14,1.405105948933414,1.45,8607588.0,13813908.0,638.875,99.05,29.85,2018,642.05,-11.88,1.39,-0.25
2018-01-07,batang,巴塘,Batang,0.85,-7.5,-3.66,-10.73,1.4394124444455088,1.36,8191084.0,13526644.0,633.9375,99.05,29.85,2018,642.61,-11.84,1.34,-0.03
2018-01-08,batang,巴塘,Batang,0.52,-9.22,-2.96,-17.27,1.266666810638185,1.06,7505916.0,12729664.0,628.9375,99.05,29.85,2018,646.27,-13.55,0.97,-0.19
2018-01-09,batang,巴塘,Batang,0.21,-9.5,-2.93,-16.29,1.4597910600783262,0.66,8778500.0,14734908.0,624.09375,99.05,29.85,2018,648.37,-13.79,0.54,-0.24
2018-01-10,batang,巴塘,Batang,0.04,-9.68,-2.86,-14.77,1.4797670745407092,0.7,9246784.0,15213828.0,619.3281,99.05,29.85,2018,648.84,-13.84,0.56,-0.28
2018-01-11,batang,巴塘,Batang,0.01,-9.85,-2.75,-15.74,1.5837468029140152,0.61,10250806.0,16348052.0,614.6719,99.05,29.85,2018,649.73,-14.15,0.47,-0.31
2018-01-12,batang,巴塘,Batang,0.02,-8.78,-2.47,-15.26,1.5717654739981437,1.03,10183928.0,15801256.0,610.0781,99.05,29.85,2018,647.36,-13.21,0.99,-0.27
2018-01-13,batang,巴塘,Batang,1.27,-5.52,-0.01,-13.58,1.837416914678512,0.67,10086904.0,15152912.0,605.5469,99.05,29.85,2018,646.82,-9.78,0.61,-0.25
2018-01-14,batang,巴塘,Batang,0.43,-4.91,0.92,-11.35,1.6374975907840783,1.14,8783744.0,13881488.0,601.53125,99.05,29.85,2018,647.27,-7.99,1.05,-0.33
2018-01-15,batang,巴塘,Batang,1.93,-5.73,-0.57,-10.66,1.5366699779221558,1.05,8691900.0,13229836.0,597.78125,99.05,29.85,2018,645.48,-9.22,0.97,-0.25
2018-01-16,batang,巴塘,Batang,0.04,-8.28,-1.48,-15.05,1.729630515126008,0.98,9816610.0,17171508.0,593.8125,99.05,29.85,2018,647.84,-12.28,0.9,-0.34
2018-01-17,batang,巴塘,Batang,0.05,-9.06,-1.73,-15.69,1.6101842775730848,0.92,10010510.0,16151868.0,589.71875,99.05,29.85,2018,648.42,-14.03,0.86,-0.28
2018-01-18,batang,巴塘,Batang,0.04,-7.71,-0.0,-15.14,1.7233512603419203,0.96,10429092.0,16226968.0,585.5469,99.05,29.85,2018,648.52,-12.4,0.88,-0.33
2018-01-19,batang,巴塘,Batang,0.15,-6.02,0.53,-12.95,1.8313796527783788,0.93,10653768.0,15974616.0,581.3281,99.05,29.85,2018,648.34,-10.01,0.87,-0.29
2018-01-20,batang,巴塘,Batang,0.28,-4.47,1.27,-9.14,1.668654103767772,0.96,9232952.0,13431848.0,577.1875,99.05,29.85,2018,647.16,-7.96,0.78,-0.28
2018-01-21,batang,巴塘,Batang,0.01,-5.24,2.75,-13.42,2.1998742033281498,0.45,11915558.0,16847876.0,573.1719,99.05,29.85,2018,650.08,-15.33,-0.0,-0.17
2018-01-22,batang,巴塘,Batang,0.0,-7.24,1.24,-15.72,2.0653980224213506,0.62,13023632.0,17844992.0,569.1875,99.05,29.85,2018,649.5,-15.69,0.49,-0.27
2018-01-23,batang,巴塘,Batang,0.0,-5.73,1.63,-15.05,2.266958533232016,0.86,13575902.0,18130764.0,565.1406,99.05,29.85,2018,646.28,-15.02,0.78,-0.29
2018-01-24,batang,巴塘,Batang,0.07,-3.43,3.07,-10.08,2.141707881412985,1.4,12596198.0,16346340.0,561.09375,99.05,29.85,2018,642.1,-8.95,1.35,-0.31
2018-01-25,batang,巴塘,Batang,0.53,-3.59,2.21,-8.53,2.0181405060860085,1.37,11602226.0,14786984.0,557.3125,99.05,29.85,2018,642.53,-10.19,1.29,-0.02
2018-01-26,batang,巴塘,Batang,0.73,-4.94,0.92,-10.53,1.8208080273045604,1.81,11370114.0,14766436.0,554.71875,99.05,29.85,2018,641.09,-10.71,1.78,-0.04
2018-01-27,batang,巴塘,Batang,0.58,-6.02,-0.17,-11.16,1.8880165055484093,1.5,12118224.0,15773688.0,552.9844,99.05,29.85,2018,641.47,-12.93,1.39,0.11
2018-01-28,batang,巴塘,Batang,0.22,-6.81,-0.68,-11.48,1.7642275701773849,1.25,11835290.0,15443192.0,550.375,99.05,29.85,2018,643.82,-13.02,1.17,-0.22
2018-01-29,batang,巴塘,Batang,0.11,-6.0,1.01,-11.86,1.8935445368659305,1.08,12462146.0,16088960.0,546.3594,99.05,29.85,2018,644.27,-11.65,1.01,-0.34
2018-01-30,batang,巴塘,Batang,1.05,-5.16,1.45,-11.73,1.8951285405886944,0.87,12149294.0,15488160.0,541.71875,99.05,29.85,2018,644.11,-9.84,0.71,-0.36
2018-01-31,batang,巴塘,Batang,1.38,-4.64,2.02,-11.32,1.935447475296876,1.02,12066008.0,15742204.0,537.09375,99.05,29.85,2018,645.73,-8.92,0.89,-0.42
2018-02-01,batang,巴塘,Batang,0.25,-3.26,2.94,-8.89,2.1114364813268605,1.44,12413888.0,16422096.0,532.6406,99.05,29.85,2018,643.65,-7.91,1.36,-0.41
2018-02-02,batang,巴塘,Batang,1.34,-3.07,1.64,-8.45,1.955010965828458,1.36,11144340.0,14839760.0,528.65625,99.05,29.85,2018,644.43,-7.54,1.33,-0.22
2018-02-03,batang,巴塘,Batang,1.08,-2.2,3.74,-8.57,2.1344876386072307,1.51,11276226.0,15111874.0,525.2656,99.05,29.85,2018,643.01,-7.9,1.46,-0.1
2018-02-04,batang,巴塘,Batang,4.5,-1.76,3.71,-7.17,2.134770737292236,1.0,10612334.0,14563498.0,522.34375,99.05,29.85,2018,644.56,-7.32,0.93,0.16
2018-02-05,batang,巴塘,Batang,0.54,-3.05,2.83,-8.03,2.1246896521317904,1.18,9570228.0,15558388.0,519.5625,99.05,29.85,2018,646.81,-8.82,1.1,-0.25
2018-02-06,batang,巴塘,Batang,0.22,-2.31,4.43,-8.15,2.2548911361505906,1.33,10482464.0,16202836.0,515.7344,99.05,29.85,2018,644.22,-7.93,1.28,-0.23
2018-02-07,batang,巴塘,Batang,1.66,-0.35,5.09,-5.26,2.365368552421544,1.29,10631316.0,15658012.0,512.1875,99.05,29.85,2018,642.42,-5.42,1.22,-0.1
2018-02-08,batang,巴塘,Batang,1.89,-1.25,4.2,-5.83,2.2386108934740685,1.57,10472160.0,15544596.0,510.98438,99.05,29.85,2018,640.68,-6.38,1.51,0.2
2018-02-09,batang,巴塘,Batang,1.48,-2.78,2.87,-7.23,2.2520651926085784,1.55,10695026.0,16331728.0,510.35938,99.05,29.85,2018,641.97,-9.23,1.44,0.17
2018-02-10,batang,巴塘,Batang,2.15,-3.96,1.36,-10.15,2.126316044499236,1.14,9877016.0,15885468.0,508.46875,99.05,29.85,2018,646.37,-10.93,1.04,0.01
2018-02-11,batang,巴塘,Batang,1.18,-5.35,2.17,-11.1,2.0144877480660592,1.03,10331156.0,16879828.0,504.90625,99.05,29.85,2018,650.22,-10.28,0.74,-0.55
2018-02-12,batang,巴塘,Batang,1.14,-4.3,3.08,-10.59,2.1185224351902785,1.03,10047950.0,16670148.0,500.34375,99.05,29.85,2018,651.8,-9.69,0.77,-0.48
2018-02-13,batang,巴塘,Batang,0.15,-2.34,3.81,-9.9,2.325669705309688,1.5,10604354.0,17046832.0,495.3125,99.05,29.85,2018,649.79,-7.86,1.43,-0.3
2018-02-14,batang,巴塘,Batang,2.12,-1.35,5.0,-6.18,2.612313833757424,1.64,11814638.0,17965306.0,490.5625,99.05,29.85,2018,647.47,-8.12,1.55,0.15
2018-02-15,batang,巴塘,Batang,1.32,-4.89,2.3,-13.66,2.461920956173906,0.87,10237398.0,18143758.0,486.75,99.05,29.85,2018,651.02,-18.29,-0.45,-0.04
2018-02-16,batang,巴塘,Batang,0.02,-5.94,1.17,-14.47,2.402533782526949,1.23,12673466.0,20202684.0,482.53125,99.05,29.85,2018,649.43,-14.41,1.04,-0.61
2018-02-17,batang,巴塘,Batang,0.11,-3.84,4.24,-12.63,2.629862007531525,1.78,14032494.0,20958232.0,477.96875,99.05,29.85,2018,645.09,-11.05,1.68,-0.14
2018-02-18,batang,巴塘,Batang,0.84,-3.54,2.05,-8.18,2.3062551677766323,1.81,12649468.0,18444204.0,473.78125,99.05,29.85,2018,645.47,-9.07,1.74,-0.11
2018-02-19,batang,巴塘,Batang,0.72,-2.35,4.01,-7.64,2.4440722669154216,1.78,12295584.0,17974688.0,469.90625,99.05,29.85,2018,645.66,-8.54,1.74,0.11
2018-02-20,batang,巴塘,Batang,0.48,-2.8,4.71,-8.72,2.9564281772946583,1.38,15144108.0,21507678.0,466.15625,99.05,29.85,2018,647.05,-11.65,1.22,-0.02
2018-02-21,batang,巴塘,Batang,0.94,-2.74,3.2,-8.43,2.389079876849689,1.1,12223828.0,17107244.0,462.53125,99.05,29.85,2018,645.81,-9.5,0.99,-0.24
2018-02-22,batang,巴塘,Batang,1.52,-2.74,1.96,-7.23,2.0717329743030657,0.95,10619534.0,15001708.0,459.03125,99.05,29.85,2018,646.47,-7.72,0.78,-0.47
2018-02-23,batang,巴塘,Batang,1.15,-2.77,2.99,-9.2,2.5679447223830136,1.06,12537322.0,18519238.0,455.5625,99.05,29.85,2018,646.64,-9.83,0.96,-0.15
2018-02-24,batang,巴塘,Batang,1.54,-5.19,2.28,-13.54,2.1649199503998355,0.84,12282318.0,18056976.0,452.21875,99.05,29.85,2018,650.76,-9.55,0.45,-0.41
2018-02-25,batang,巴塘,Batang,0.02,-4.85,2.32,-13.78,2.679739046218951,0.93,14397214.0,21755012.0,448.78125,99.05,29.85,2018,649.89,-11.6,0.63,-0.53
2018-02-26,batang,巴塘,Batang,1.6,-2.8,3.06,-10.82,2.4102763827519675,0.78,12156514.0,17509374.0,445.15625,99.05,29.85,2018,648.02,-8.23,0.62,-0.31
2018-02-27,batang,巴塘,Batang,0.26,-3.15,4.16,-10.38,3.069949235598564,0.7,15751626.0,22738438.0,441.6875,99.05,29.85,2018,649.24,-9.83,-0.27,-0.37
2018-02-28,batang,巴塘,Batang,0.0,-1.31,5.93,-10.93,3.2656972131576265,1.08,16505936.0,22231588.0,438.15625,99.05,29.85,2018,647.95,-9.64,0.93,-0.44
2018-03-01,batang,巴塘,Batang,0.17,-0.68,6.73,-8.68,3.326145525650748,0.99,17165458.0,21988178.0,434.71875,99.05,29.85,2018,647.36,-8.73,0.84,-0.44
2018-03-02,batang,巴塘,Batang,0.58,-0.49,6.34,-6.6,3.0332623438602715,0.77,16088194.0,19830516.0,431.375,99.05,29.85,2018,646.57,-7.04,0.65,-0.38
2018-03-03,batang,巴塘,Batang,0.58,0.64,6.62,-5.54,3.1129213141208467,1.27,15846482.0,19314858.0,427.96875,99.05,29.85,2018,643.71,-7.04,1.22,-0.21
2018-03-04,batang,巴塘,Batang,0.55,0.93,7.22,-4.33,3.2300199129565126,1.2,16081335.0,19322820.0,424.6875,99.05,29.85,2018,646.46,-8.19,1.14,-0.3
2018-03-05,batang,巴塘,Batang,1.1,1.16,6.13,-3.26,2.7927260578072133,1.39,14623552.0,17404842.0,421.75,99.05,29.85,2018,646.55,-4.53,1.35,-0.32
2018-03-06,batang,巴塘,Batang,0.61,0.15,5.96,-4.26,3.01617266699356,1.77,15860305.0,19050860.0,420.09375,99.05,29.85,2018,645.97,-8.0,1.7,0.02
2018-03-07,batang,巴塘,Batang,5.75,-3.52,2.55,-12.93,1.9135299838068929,0.71,11394852.0,14132970.0,419.15625,99.05,29.85,2018,650.76,-8.41,-0.4,0.16
2018-03-08,batang,巴塘,Batang,0.19,-6.01,1.83,-14.06,2.8697425545299264,0.71,16045094.0,24059742.0,416.90625,99.05,29.85,2018,653.35,-14.84,-0.6,-0.28
2018-03-09,batang,巴塘,Batang,0.07,-1.84,5.5,-13.09,3.4836990956823795,0.96,16851024.0,23520272.0,413.625,99.05,29.85,2018,649.75,-13.77,0.76,-0.14
2018-03-10,batang,巴塘,Batang,1.03,-0.98,5.27,-7.09,3.2515273339864814,0.81,16208563.0,21488228.0,410.40625,99.05,29.85,2018,648.93,-9.37,0.29,-0.11
2018-03-11,batang,巴塘,Batang,0.7,-1.15,5.28,-7.25,3.2808777649333765,0.67,16719568.0,21915102.0,407.25,99.05,29.85,2018,649.23,-8.8,0.55,-0.16
2018-03-12,batang,巴塘,Batang,2.39,-2.94,4.25,-9.99,3.051159678043556,0.48,17560188.0,22286860.0,403.5625,99.05,29.85,2018,649.16,-7.87,-0.14,-0.16
2018-03-13,batang,巴塘,Batang,0.06,-4.31,3.05,-10.9,2.884145183688768,0.97,16767075.0,22351788.0,399.65625,99.05,29.85,2018,649.58,-13.19,-0.95,-0.17
2018-03-14,batang,巴塘,Batang,0.04,-3.65,4.31,-11.21,3.2306537690944124,0.96,18722070.0,24107220.0,395.8125,99.05,29.85,2018,650.06,-14.15,-0.92,-0.21
2018-03-15,batang,巴塘,Batang,0.06,1.52,8.98,-10.14,4.256970433371023,0.99,19725920.0,24390260.0,392.09375,99.05,29.85,2018,647.53,-13.88,0.8,-0.3
2018-03-16,batang,巴塘,Batang,1.1,1.44,6.38,-3.15,2.7401481079239804,1.38,13129658.0,15908422.0,388.75,99.05,29.85,2018,645.79,-6.01,1.34,-0.1
2018-03-17,batang,巴塘,Batang,0.94,1.69,8.98,-3.73,3.551386280603709,1.64,16460069.0,20120660.0,385.875,99.05,29.85,2018,646.14,-9.38,1.51,0.17
2018-03-18,batang,巴塘,Batang,3.17,0.5,6.47,-4.27,3.1915832009780067,1.3,16420620.0,19880204.0,383.59375,99.05,29.85,2018,648.26,-7.64,0.36,0.41
2018-03-19,batang,巴塘,Batang,0.02,-1.12,4.42,-5.47,4.101454108235651,1.05,20565652.0,26655404.0,381.34375,99.05,29.85,2018,651.79,-16.95,-0.97,-0.07
2018-03-20,batang,巴塘,Batang,0.07,1.39,9.39,-5.69,4.401203454331912,0.85,20566456.0,25309948.0,377.875,99.05,29.85,2018,650.3,-15.77,-0.32,0.13
2018-03-21,batang,巴塘,Batang,0.29,0.21,6.24,-4.9,3.962815042476454,1.01,20766088.0,24673664.0,374.3125,99.05,29.85,2018,651.02,-11.6,-0.99,0.05
2018-03-22,batang,巴塘,Batang,0.35,2.86,9.61,-4.95,4.321716079430198,0.87,20575202.0,24088548.0,370.96875,99.05,29.85,2018,647.49,-8.65,0.66,-0.01
2018-03-23,batang,巴塘,Batang,1.39,2.7,8.98,-1.72,3.4048589628000085,1.09,16754332.0,19492768.0,368.28125,99.05,29.85,2018,647.75,-4.57,1.06,0.07
2018-03-24,batang,巴塘,Batang,2.12,1.52,8.84,-4.5,3.3559428337020805,0.73,17559354.0,20419986.0,366.21875,99.05,29.85,2018,650.96,-4.17,0.1,-0.01
2018-03-25,batang,巴塘,Batang,0.13,4.23,10.58,-4.11,4.425728128299039,0.82,19853666.0,23380916.0,363.65625,99.05,29.85,2018,651.31,-6.98,0.58,-0.23
2018-03-26,batang,巴塘,Batang,9.94,1.29,7.7,-2.78,2.7611000221610924,0.93,14574192.0,17019014.0,361.75,99.05,29.85,2018,651.01,-3.68,-0.05,0.31
2018-03-27,batang,巴塘,Batang,0.89,-0.77,3.4,-4.41,3.0233320855058725,1.38,12212988.0,20975360.0,362.0625,99.05,29.85,2018,651.17,-6.76,-1.32,0.29
2018-03-28,batang,巴塘,Batang,0.0,-1.87,3.62,-6.53,3.9867352202744426,0.98,18226202.0,28149072.0,359.6875,99.05,29.85,2018,651.39,-11.65,-0.94,-0.07
2018-03-29,batang,巴塘,Batang,0.0,3.14,10.54,-6.34,5.095297390028902,0.96,20151374.0,27793638.0,355.28125,99.05,29.85,2018,648.97,-13.35,0.86,-0.15
2018-03-30,batang,巴塘,Batang,2.07,2.73,8.21,-1.81,3.8625479870614186,0.82,17720938.0,22339526.0,351.25,99.05,29.85,2018,649.74,-4.32,0.75,-0.21
2018-03-31,batang,巴塘,Batang,3.02,2.28,8.13,-2.51,3.830626365160476,0.88,18209058.0,22946748.0,348.46875,99.05,29.85,2018,651.37,-3.77,0.14,0.09
2018-04-01,batang,巴塘,Batang,1.95,1.16,6.33,-3.95,3.548742041906542,0.95,17493330.0,22351796.0,346.90625,99.05,29.85,2018,652.95,-4.64,-0.91,0.2
2018-04-02,batang,巴塘,Batang,0.46,0.46,6.12,-4.57,4.112669369053349,1.08,20891590.0,26111032.0,345.53125,99.05,29.85,2018,653.35,-9.19,-1.04,0.15
2018-04-03,batang,巴塘,Batang,0.0,3.26,10.4,-4.3,5.152344575054331,0.73,23703858.0,28439908.0,344.0625,99.05,29.85,2018,651.42,-10.42,-0.55,-0.18
2018-04-04,batang,巴塘,Batang,1.3,5.12,10.6,-1.16,4.9443974319768,0.84,21657768.0,25278208.0,342.40625,99.05,29.85,2018,647.91,-7.56,0.72,-0.03
2018-04-05,batang,巴塘,Batang,2.87,3.58,10.41,-2.26,4.2533690902330425,1.11,20459432.0,23621548.0,340.65625,99.05,29.85,2018,649.43,-5.49,-0.69,0.47
2018-04-06,batang,巴塘,Batang,0.67,0.47,3.97,-2.67,2.7917018971632688,1.14,12288792.0,15624200.0,338.84375,99.05,29.85,2018,654.3,-11.61,-1.08,0.03
2018-04-07,batang,巴塘,Batang,2.81,2.26,7.93,-2.72,4.248276450201521,0.73,20060532.0,24731836.0,335.40625,99.05,29.85,2018,652.17,-6.73,0.07,0.14
2018-04-08,batang,巴塘,Batang,0.43,5.12,10.67,-2.25,4.730785400573889,0.53,19630428.0,24421440.0,331.96875,99.05,29.85,2018,651.5,-5.28,0.14,0.07
2018-04-09,batang,巴塘,Batang,12.34,3.62,12.02,-3.11,4.192490390529294,0.47,20071846.0,23766984.0,330.0,99.05,29.85,2018,650.6,-0.03,0.22,-0.07
2018-04-10,batang,巴塘,Batang,0.12,4.87,12.09,-2.02,4.658867048251767,0.54,15946550.0,24791258.0,333.59375,99.05,29.85,2018,649.31,-2.23,0.21,0.08
2018-04-11,batang,巴塘,Batang,0.96,6.67,12.95,0.08,5.219176407903627,1.02,20359876.0,26383786.0,334.15625,99.05,29.85,2018,647.52,-1.81,0.98,0.17
2018-04-12,batang,巴塘,Batang,0.62,7.31,13.45,1.1,4.986608705012364,1.31,20284732.0,24294998.0,336.375,99.05,29.85,2018,646.89,-1.87,1.25,0.21
2018-04-13,batang,巴塘,Batang,1.69,6.22,13.66,0.22,4.411704621004652,1.79,19636878.0,22896096.0,352.59375,99.05,29.85,2018,647.02,-1.32,1.76,0.12
2018-04-14,batang,巴塘,Batang,7.67,4.51,11.01,-0.09,4.015683267941244,1.1,18913764.0,22039938.0,397.0625,99.05,29.85,2018,648.13,-2.09,0.88,0.34
2018-04-15,batang,巴塘,Batang,1.5,1.55,6.44,-4.16,3.2394578438251784,0.9,13362386.0,19351394.0,473.9375,99.05,29.85,2018,651.53,-5.58,-0.77,0.04
2018-04-16,batang,巴塘,Batang,0.0,2.66,8.81,-3.5,5.3924007458717895,0.69,23448288.0,30496576.0,545.25,99.05,29.85,2018,652.69,-12.25,-0.54,-0.23
2018-04-17,batang,巴塘,Batang,0.04,5.49,12.04,-0.96,5.612371869003191,0.67,23287270.0,28230576.0,581.5,99.05,29.85,2018,651.67,-10.73,0.16,-0.14
2018-04-18,batang,巴塘,Batang,1.09,7.08,12.32,0.37,5.772195184853983,1.3,23926036.0,28074150.0,586.90625,99.05,29.85,2018,648.26,-5.18,1.26,0.05
2018-04-19,batang,巴塘,Batang,2.52,4.9,12.85,-1.79,4.502763278461524,0.85,21397274.0,24868674.0,581.875,99.05,29.85,2018,647.06,-0.11,0.6,-0.02
2018-04-20,batang,巴塘,Batang,0.37,8.05,14.47,-0.49,5.421988711995417,1.26,21918704.0,25306454.0,582.125,99.05,29.85,2018,647.48,-3.17,1.22,0.09
2018-04-21,batang,巴塘,Batang,1.71,7.68,13.92,1.92,4.718973476012206,0.96,20029306.0,23062858.0,600.375,99.05,29.85,2018,648.11,0.71,0.92,0.2
2018-04-22,batang,巴塘,Batang,0.92,8.97,14.82,2.89,4.745361149053911,1.45,18818936.0,21666828.0,640.125,99.05,29.85,2018,648.44,0.54,1.41,0.18
2018-04-23,batang,巴塘,Batang,1.02,9.69,15.87,3.6,5.175228873419788,1.48,19656714.0,22629672.0,703.5625,99.05,29.85,2018,648.99,-0.52,1.45,0.01
2018-04-24,batang,巴塘,Batang,1.36,8.82,16.09,1.61,5.345730172551582,1.8,20660768.0,23800124.0,801.0625,99.05,29.85,2018,648.87,-2.64,1.74,0.3
2018-04-25,batang,巴塘,Batang,10.78,5.8,12.99,0.84,4.723108607412648,1.14,21415700.0,24860994.0,912.59375,99.05,29.85,2018,649.41,-1.57,-0.25,0.68
2018-04-26,batang,巴塘,Batang,7.12,2.19,5.34,-0.49,3.359981636364807,0.62,11903276.0,20541658.0,1017.34375,99.05,29.85,2018,651.31,-0.38,-0.52,0.22
2018-04-27,batang,巴塘,Batang,3.13,1.41,7.25,-4.02,4.1604426957310405,0.7,15077900.0,26717198.0,1065.7188,99.05,29.85,2018,651.77,-1.18,0.37,-0.48
2018-04-28,batang,巴塘,Batang,0.41,3.75,10.26,-2.87,4.823264786914331,0.55,18954478.0,26695696.0,1055.8125,99.05,29.85,2018,651.36,-4.23,-0.09,-0.34
2018-04-29,batang,巴塘,Batang,1.46,6.23,11.44,-0.07,5.066764543603704,1.16,20752666.0,26109900.0,1012.21875,99.05,29.85,2018,648.98,-2.15,1.06,-0.41
2018-04-30,batang,巴塘,Batang,4.32,6.09,11.89,1.04,4.462567934819238,0.88,19599218.0,23740576.0,960.3125,99.05,29.85,2018,649.53,1.54,0.75,-0.31
2018-05-01,batang,巴塘,Batang,10.16,4.76,10.6,0.74,3.872458253618975,0.32,16446586.0,20870492.0,930.34375,99.05,29.85,2018,651.42,2.25,-0.02,-0.16
2018-05-02,batang,巴塘,Batang,3.26,4.91,10.1,0.47,4.050376258684806,0.31,15192074.0,21531758.0,919.65625,99.05,29.85,2018,652.76,1.09,-0.02,-0.03
2018-05-03,batang,巴塘,Batang,5.0,6.34,12.44,1.61,4.288682275186122,0.79,17889492.0,22747190.0,900.3125,99.05,29.85,2018,651.34,2.87,0.76,-0.14
2018-05-04,batang,巴塘,Batang,1.61,7.97,13.18,2.2,5.051320065342146,1.19,19891628.0,24365494.0,875.71875,99.05,29.85,2018,648.67,-0.18,1.14,0.02
2018-05-05,batang,巴塘,Batang,6.59,5.39,11.37,-0.38,3.828959101723237,0.83,17613336.0,20859914.0,855.4375,99.05,29.85,2018,648.43,1.64,0.64,-0.0
2018-05-06,batang,巴塘,Batang,1.35,5.54,12.8,-0.78,4.834317939059003,0.59,20882552.0,25511826.0,848.4375,99.05,29.85,2018,649.74,-0.18,0.14,0.13
2018-05-07,batang,巴塘,Batang,0.78,8.65,15.6,1.32,5.969980365766017,1.26,24102050.0,28361914.0,843.59375,99.05,29.85,2018,647.86,-0.77,1.24,-0.06
2018-05-08,batang,巴塘,Batang,1.57,8.22,15.55,1.57,5.262344726749569,1.0,22049724.0,25660212.0,846.21875,99.05,29.85,2018,648.1,1.48,0.95,0.03
2018-05-09,batang,巴塘,Batang,0.56,8.16,14.29,2.81,4.147153262768959,1.6,17102806.0,19857472.0,855.28125,99.05,29.85,2018,649.44,1.54,1.58,-0.06
2018-05-10,batang,巴塘,Batang,1.41,9.4,14.81,2.95,5.754840265850643,1.61,22219342.0,25799580.0,872.21875,99.05,29.85,2018,649.21,-1.58,1.53,0.28
2018-05-11,batang,巴塘,Batang,5.7,6.78,13.58,0.74,5.054528800316336,1.61,22227970.0,25843752.0,910.3125,99.05,29.85,2018,650.52,-1.47,0.4,0.77
2018-05-12,batang,巴塘,Batang,1.14,6.14,9.79,1.88,4.300499036766108,1.07,16587650.0,20940592.0,975.3125,99.05,29.85,2018,653.07,-4.41,-0.98,0.12
2018-05-13,batang,巴塘,Batang,7.82,4.88,10.21,1.09,4.257974120042103,0.53,18696960.0,22856484.0,1031.1875,99.05,29.85,2018,650.82,-0.35,0.14,0.14
2018-05-14,batang,巴塘,Batang,1.23,6.53,12.79,-0.05,5.6589701349339725,0.62,20897242.0,28799344.0,1037.25,99.05,29.85,2018,648.74,-0.79,0.19,0.14
2018-05-15,batang,巴塘,Batang,0.03,10.51,16.93,2.08,7.001015699580113,1.15,25448008.0,30976280.0,1010.0,99.05,29.85,2018,647.52,-1.35,1.13,-0.05
2018-05-16,batang,巴塘,Batang,1.84,10.54,17.37,3.8,6.2921080243181216,0.96,24259872.0,28499652.0,997.15625,99.05,29.85,2018,648.24,2.85,0.33,0.1
2018-05-17,batang,巴塘,Batang,3.08,9.7,16.22,4.1,5.527541730629811,0.63,22107712.0,25775048.0,1017.375,99.05,29.85,2018,648.68,4.67,0.42,-0.16
2018-05-18,batang,巴塘,Batang,0.82,11.0,16.4,5.38,5.9765027974594815,1.16,22570362.0,26275116.0,1076.8125,99.05,29.85,2018,648.3,2.34,1.12,-0.12
2018-05-19,batang,巴塘,Batang,0.3,11.87,16.99,6.04,6.1294993843781125,1.1,22391614.0,26062096.0,1205.4375,99.05,29.85,2018,648.77,2.65,1.04,-0.22
2018-05-20,batang,巴塘,Batang,0.04,12.95,19.07,6.15,6.1542031064783655,1.31,20861466.0,24282276.0,1364.3438,99.05,29.85,2018,649.02,1.07,1.28,-0.14
2018-05-21,batang,巴塘,Batang,0.5,13.38,18.98,6.79,6.643230811175187,0.95,23127204.0,26923032.0,1511.1875,99.05,29.85,2018,650.38,3.05,0.83,-0.26
2018-05-22,batang,巴塘,Batang,2.56,12.76,19.45,7.94,6.292822002187469,1.04,23282064.0,27106824.0,1680.8438,99.05,29.85,2018,651.32,6.51,0.97,-0.3
2018-05-23,batang,巴塘,Batang,0.86,13.41,20.08,8.18,5.933572700331259,1.46,20665142.0,24063316.0,1898.8438,99.05,29.85,2018,648.88,4.93,1.42,-0.18
2018-05-24,batang,巴塘,Batang,0.88,13.7,20.77,7.11,5.73525267639805,1.41,19658562.0,22894280.0,2127.5938,99.05,29.85,2018,647.25,5.26,1.39,0.05
2018-05-25,batang,巴塘,Batang,0.63,14.31,20.63,7.9,6.403446483514919,1.27,21871860.0,25474384.0,2348.875,99.05,29.85,2018,648.25,5.51,1.24,-0.03
2018-05-26,batang,巴塘,Batang,7.26,11.96,18.84,7.54,5.037316096629505,0.76,18711068.0,21797452.0,2546.1875,99.05,29.85,2018,650.22,6.47,0.47,0.04
2018-05-27,batang,巴塘,Batang,2.18,11.56,17.46,7.59,4.899495578558841,1.69,18858338.0,21971448.0,2714.0938,99.05,29.85,2018,649.12,6.08,1.63,-0.39
2018-05-28,batang,巴塘,Batang,1.32,11.67,17.9,5.99,5.632697226408608,1.9,20923890.0,24380600.0,2837.8438,99.05,29.85,2018,648.01,3.76,1.87,0.04
2018-05-29,batang,巴塘,Batang,4.79,11.42,16.69,6.13,5.045663590190254,1.32,18134314.0,21132656.0,2954.0,99.05,29.85,2018,649.21,2.67,1.28,0.07
2018-05-30,batang,巴塘,Batang,9.83,7.71,11.97,5.64,2.594349936674976,1.06,11564918.0,13482764.0,3036.9062,99.05,29.85,2018,650.37,5.89,1.04,-0.14
2018-05-31,batang,巴塘,Batang,1.95,11.85,16.91,6.16,4.956474697023066,1.28,18114804.0,21166328.0,3065.1562,99.05,29.85,2018,650.52,5.0,1.25,-0.07
2018-06-01,batang,巴塘,Batang,9.93,10.93,15.86,7.04,5.00340702884215,0.39,19096200.0,22281284.0,3055.5938,99.05,29.85,2018,652.31,7.01,-0.26,0.11
2018-06-02,batang,巴塘,Batang,2.91,11.75,16.89,7.62,5.047069142953909,1.12,19348978.0,22567112.0,3031.5938,99.05,29.85,2018,650.4,7.07,1.05,-0.3
2018-06-03,batang,巴塘,Batang,25.39,10.51,16.64,5.86,4.8042896432563404,0.95,19512324.0,22758064.0,3000.75,99.05,29.85,2018,650.3,7.54,0.16,0.08
2018-06-04,batang,巴塘,Batang,3.07,6.89,10.32,1.43,2.6622237353911142,0.75,11391542.0,13429376.0,3002.0,99.05,29.85,2018,654.11,3.73,-0.64,0.21
2018-06-05,batang,巴塘,Batang,0.18,10.86,16.65,3.56,7.041366116204463,0.7,26103184.0,30544476.0,2977.2188,99.05,29.85,2018,654.32,-2.15,-0.67,-0.08
2018-06-06,batang,巴塘,Batang,0.17,13.16,18.7,6.43,7.437526368601199,1.08,25713824.0,30013120.0,2878.5938,99.05,29.85,2018,652.1,-0.14,0.96,-0.39
2018-06-07,batang,巴塘,Batang,5.39,11.38,15.64,6.18,4.911443208589343,1.19,18072246.0,21087188.0,2731.8438,99.05,29.85,2018,650.22,4.07,0.78,-0.01
2018-06-08,batang,巴塘,Batang,1.11,10.77,16.42,4.36,6.7849385750897575,1.08,25550932.0,29816504.0,2613.6562,99.05,29.85,2018,649.78,-0.27,-0.89,-0.1
2018-06-09,batang,巴塘,Batang,8.42,11.37,17.45,7.08,5.641209017197112,0.85,21589652.0,25196140.0,2539.1562,99.05,29.85,2018,648.44,5.96,0.42,-0.2
2018-06-10,batang,巴塘,Batang,0.94,13.66,18.91,7.63,6.499422213356861,0.74,22896044.0,26777248.0,2478.4688,99.05,29.85,2018,647.55,6.22,0.66,-0.13
2018-06-11,batang,巴塘,Batang,15.83,12.67,17.94,9.46,4.727575897211112,0.8,17533110.0,20476124.0,2408.9688,99.05,29.85,2018,646.24,8.9,0.48,-0.24
2018-06-12,batang,巴塘,Batang,5.63,12.49,16.68,9.45,4.225147406528346,1.09,15867700.0,18525740.0,2386.25,99.05,29.85,2018,645.61,8.87,0.97,-0.41
2018-06-13,batang,巴塘,Batang,9.62,11.77,17.18,9.15,3.4269536267715144,1.25,13263416.0,15486908.0,2431.0625,99.05,29.85,2018,645.24,8.9,1.19,-0.3
2018-06-14,batang,巴塘,Batang,3.96,12.25,16.14,9.21,3.720267626659113,1.35,13990466.0,16338336.0,2551.2188,99.05,29.85,2018,645.34,8.61,1.29,-0.31
2018-06-15,batang,巴塘,Batang,1.48,14.47,20.0,9.46,6.136611953631629,1.47,21415766.0,25011204.0,2752.625,99.05,29.85,2018,645.87,7.7,1.43,-0.21
2018-06-16,batang,巴塘,Batang,4.18,13.08,18.52,9.16,4.790996157760488,0.95,17534436.0,20483088.0,2990.9062,99.05,29.85,2018,647.22,8.82,0.84,-0.32
2018-06-17,batang,巴塘,Batang,0.48,14.66,20.23,9.11,6.102165749710503,1.48,20498246.0,23949560.0,3223.6562,99.05,29.85,2018,646.24,6.36,1.46,-0.12
2018-06-18,batang,巴塘,Batang,0.31,15.65,21.25,9.83,6.288099069912707,1.23,20300566.0,23723668.0,3361.1875,99.05,29.85,2018,646.76,6.27,1.2,-0.11
2018-06-19,batang,巴塘,Batang,4.97,14.55,20.43,10.09,6.103763685558968,0.93,21228830.0,24813944.0,3397.9688,99.05,29.85,2018,648.39,8.35,0.77,0.15
2018-06-20,batang,巴塘,Batang,5.55,15.0,20.35,10.1,6.161230062798074,0.99,21134974.0,24709824.0,3464.0938,99.05,29.85,2018,648.93,8.58,0.85,-0.2
2018-06-21,batang,巴塘,Batang,9.88,14.53,19.78,10.26,5.8086926452192165,0.58,20139522.0,23551156.0,3657.5938,99.05,29.85,2018,648.98,9.12,0.42,0.05
2018-06-22,batang,巴塘,Batang,5.72,13.95,19.55,10.04,5.163458430032287,0.58,18374830.0,21493204.0,3744.3438,99.05,29.85,2018,648.83,10.26,0.35,-0.29
2018-06-23,batang,巴塘,Batang,5.28,14.51,19.79,10.17,5.424729669872487,0.57,18808718.0,22005016.0,3713.3438,99.05,29.85,2018,648.2,9.54,0.5,-0.08
2018-06-24,batang,巴塘,Batang,4.99,14.2,19.4,9.87,5.128219113463037,0.69,18194972.0,21291660.0,3668.5938,99.05,29.85,2018,647.96,10.43,0.54,-0.3
2018-06-25,batang,巴塘,Batang,6.89,14.59,20.59,10.19,5.784393138533408,0.7,20259276.0,23712388.0,3656.875,99.05,29.85,2018,647.74,10.02,0.55,-0.19
2018-06-26,batang,巴塘,Batang,10.22,13.11,17.68,10.02,3.6907292601361896,0.83,13747210.0,16093784.0,3690.875,99.05,29.85,2018,650.01,11.01,0.75,-0.3
2018-06-27,batang,巴塘,Batang,12.95,14.03,19.07,10.93,4.880269915189453,0.87,17626936.0,20640188.0,3758.5,99.05,29.85,2018,650.64,10.77,0.79,-0.19
2018-06-28,batang,巴塘,Batang,9.46,13.31,17.3,10.38,3.705332513709058,0.79,13491926.0,15801388.0,3860.5,99.05,29.85,2018,650.31,10.57,0.74,-0.15
2018-06-29,batang,巴塘,Batang,8.47,13.79,18.95,10.05,4.712316349150528,0.48,16722322.0,19589260.0,3986.7812,99.05,29.85,2018,648.92,10.42,0.33,0.03
2018-06-30,batang,巴塘,Batang,5.83,14.03,19.76,9.67,5.196916043417484,0.57,18504814.0,21681912.0,4127.625,99.05,29.85,2018,648.86,10.75,0.36,0.05
2018-07-01,batang,巴塘,Batang,1.42,15.45,20.08,10.68,6.0407886501528205,1.24,20505254.0,24030832.0,4258.4688,99.05,29.85,2018,647.24,9.25,1.21,-0.17
2018-07-02,batang,巴塘,Batang,7.38,13.28,17.75,10.26,3.494064814387924,0.81,12576678.0,14743092.0,4347.0312,99.05,29.85,2018,646.43,10.19,0.72,-0.18
2018-07-03,batang,巴塘,Batang,0.55,15.03,20.26,10.48,5.27529381526196,1.44,17574822.0,20604932.0,4503.875,99.05,29.85,2018,645.19,8.4,1.41,0.08
2018-07-04,batang,巴塘,Batang,0.78,15.62,20.65,10.24,5.660067498187244,1.12,18661650.0,21884800.0,4715.625,99.05,29.85,2018,646.17,8.66,1.1,0.01
2018-07-05,batang,巴塘,Batang,1.98,15.92,21.23,10.92,6.147012687454383,0.84,20383712.0,23909404.0,4961.0625,99.05,29.85,2018,647.54,9.2,0.76,0.02
2018-07-06,batang,巴塘,Batang,14.24,15.51,20.93,11.87,5.2225172899344265,0.59,17665856.0,20726560.0,5160.0,99.05,29.85,2018,648.91,11.0,0.33,-0.14
2018-07-07,batang,巴塘,Batang,7.31,15.03,19.53,11.54,4.892332020951256,0.82,17053350.0,20010208.0,5354.9688,99.05,29.85,2018,649.44,11.52,0.68,-0.02
2018-07-08,batang,巴塘,Batang,24.37,13.61,16.62,10.05,3.213256650467705,0.77,11410128.0,13391912.0,5519.2812,99.05,29.85,2018,649.3,10.72,0.67,-0.2
2018-07-09,batang,巴塘,Batang,7.85,12.76,16.8,9.82,2.827402617748925,1.14,9805534.0,11511512.0,5661.4062,99.05,29.85,2018,649.57,8.78,1.05,-0.36
2018-07-10,batang,巴塘,Batang,17.72,13.14,18.13,10.68,3.473441136719997,0.72,12675108.0,14884832.0,5791.8125,99.05,29.85,2018,649.28,10.75,0.54,-0.32
2018-07-11,batang,巴塘,Batang,10.06,13.57,18.55,10.28,4.408949701901918,0.62,15948526.0,18732120.0,5922.9062,99.05,29.85,2018,649.62,11.05,0.52,-0.15
2018-07-12,batang,巴塘,Batang,9.68,12.97,16.86,10.55,3.661804616136726,0.84,13545390.0,15912472.0,6000.375,99.05,29.85,2018,649.73,10.55,0.75,-0.24
2018-07-13,batang,巴塘,Batang,9.11,12.79,17.34,9.28,3.684003975621041,0.65,13441296.0,15793630.0,6036.5938,99.05,29.85,2018,649.64,9.95,0.4,-0.18
2018-07-14,batang,巴塘,Batang,2.59,14.16,19.36,9.81,5.307851045778206,0.99,18940080.0,22259170.0,5987.5312,99.05,29.85,2018,648.52,9.97,0.94,-0.19
2018-07-15,batang,巴塘,Batang,8.22,12.61,17.27,8.92,3.5446007917469777,0.53,13006442.0,15288304.0,5885.9375,99.05,29.85,2018,649.93,10.34,0.21,0.08
2018-07-16,batang,巴塘,Batang,4.45,13.51,18.42,9.23,5.574443444445206,0.51,19806062.0,23277390.0,5837.4688,99.05,29.85,2018,650.5,8.96,0.28,-0.16
2018-07-17,batang,巴塘,Batang,4.49,13.16,17.71,9.59,4.631810391375455,1.11,17205002.0,20215172.0,5695.9062,99.05,29.85,2018,650.66,9.8,1.04,-0.25
2018-07-18,batang,巴塘,Batang,2.37,14.29,18.68,10.78,5.020881582161592,1.35,17861058.0,20981334.0,5447.1562,99.05,29.85,2018,649.94,9.8,1.28,-0.36
2018-07-19,batang,巴塘,Batang,2.43,14.66,19.4,10.57,5.317480986009974,1.29,18527570.0,21759394.0,5238.047000000001,99.05,29.85,2018,649.84,9.51,1.21,-0.35
2018-07-20,batang,巴塘,Batang,15.55,13.41,18.4,9.94,3.9862789186380354,0.84,14437860.0,16951554.0,5209.0312,99.05,29.85,2018,650.45,10.33,0.61,-0.18
2018-07-21,batang,巴塘,Batang,10.22,11.51,14.59,8.92,2.4840320443064003,0.81,9502624.0,11155768.0,5218.7344,99.05,29.85,2018,651.1,9.68,0.62,-0.36
2018-07-22,batang,巴塘,Batang,10.43,13.2,18.35,9.35,4.800972229087368,1.22,17723744.0,20800736.0,5200.375,99.05,29.85,2018,649.49,9.22,1.15,-0.31
2018-07-23,batang,巴塘,Batang,11.88,12.3,17.67,8.95,3.5996862769021702,0.49,13115708.0,15389476.0,5173.828,99.05,29.85,2018,650.01,8.94,-0.11,-0.03
2018-07-24,batang,巴塘,Batang,18.61,12.66,17.93,8.63,5.194779093571903,0.62,19333958.0,22679120.0,5154.8125,99.05,29.85,2018,650.98,9.88,-0.14,-0.0
2018-07-25,batang,巴塘,Batang,3.07,12.56,17.04,8.84,4.548737708386809,0.35,16367442.0,19195342.0,5068.2344,99.05,29.85,2018,651.15,8.04,0.17,-0.11
2018-07-26,batang,巴塘,Batang,2.08,14.93,20.23,10.02,6.353824891625731,0.76,21865408.0,25636238.0,4864.328,99.05,29.85,2018,650.12,8.99,0.69,-0.2
2018-07-27,batang,巴塘,Batang,1.35,14.93,20.21,10.97,6.208464798901348,1.03,21428700.0,25118474.0,4611.9375,99.05,29.85,2018,649.51,8.87,0.9,-0.38
2018-07-28,batang,巴塘,Batang,4.96,13.54,17.89,9.42,4.579690679579373,0.97,16797180.0,19684542.0,4379.3438,99.05,29.85,2018,649.72,10.36,0.87,-0.28
2018-07-29,batang,巴塘,Batang,11.86,12.68,16.63,9.61,3.7008707497992326,0.77,13656928.0,16000402.0,4213.7188,99.05,29.85,2018,649.93,9.8,0.72,-0.14
2018-07-30,batang,巴塘,Batang,1.55,12.23,15.06,9.58,4.397357541552158,1.12,16305320.0,19097278.0,4140.297000000001,99.05,29.85,2018,649.58,7.64,1.07,-0.14
2018-07-31,batang,巴塘,Batang,14.21,9.72,11.56,8.59,1.7731965269082972,1.04,7055662.0,8261378.0,4086.4688,99.05,29.85,2018,649.12,7.85,0.94,-0.22
2018-08-01,batang,巴塘,Batang,1.43,12.72,16.76,8.97,3.7909396368972033,1.29,13550610.0,15865928.0,4069.6875,99.05,29.85,2018,648.41,8.05,1.22,-0.38
2018-08-02,batang,巴塘,Batang,10.94,12.55,18.3,8.45,4.194745273064831,0.72,15625322.0,18290436.0,4100.9688,99.05,29.85,2018,648.96,9.67,0.65,-0.02
2018-08-03,batang,巴塘,Batang,8.29,12.71,17.62,7.66,4.292491547710327,0.42,15745162.0,18427084.0,4140.625,99.05,29.85,2018,649.54,10.4,0.14,-0.12
2018-08-04,batang,巴塘,Batang,9.01,13.22,18.36,8.85,5.256192694851126,0.67,19270926.0,22546720.0,4137.703,99.05,29.85,2018,651.11,9.93,0.51,-0.26
2018-08-05,batang,巴塘,Batang,19.14,11.72,18.32,4.96,4.99033144747112,0.7,19092040.0,22331292.0,4136.828,99.05,29.85,2018,651.81,8.49,0.1,0.3
2018-08-06,batang,巴塘,Batang,3.13,12.87,18.35,6.49,5.713292908513802,0.54,20861640.0,24396184.0,4090.8125,99.05,29.85,2018,651.37,8.64,0.27,-0.24
2018-08-07,batang,巴塘,Batang,4.81,13.02,18.54,8.98,5.236310774915417,0.64,19135486.0,22372988.0,3955.2031,99.05,29.85,2018,650.72,9.12,0.51,-0.16
2018-08-08,batang,巴塘,Batang,6.16,12.56,17.43,8.67,4.525681621366387,0.67,16902758.0,19756924.0,3825.9531,99.05,29.85,2018,651.44,9.73,0.59,-0.21
2018-08-09,batang,巴塘,Batang,5.63,13.04,18.3,9.34,5.043798913353377,0.68,18486472.0,21603758.0,3728.8438,99.05,29.85,2018,651.44,9.37,0.58,-0.21
2018-08-10,batang,巴塘,Batang,7.58,12.27,17.12,8.17,3.9052098793930368,0.49,14540674.0,16988274.0,3645.0938,99.05,29.85,2018,650.66,9.9,0.31,-0.1
2018-08-11,batang,巴塘,Batang,5.3,12.87,17.73,8.93,4.680895818701214,0.6,17257878.0,20158092.0,3586.7656,99.05,29.85,2018,649.02,9.89,0.52,-0.14
2018-08-12,batang,巴塘,Batang,13.91,12.04,16.91,9.08,3.4312852215772613,0.99,13141416.0,15345324.0,3531.2344,99.05,29.85,2018,648.26,9.52,0.91,-0.25
2018-08-13,batang,巴塘,Batang,10.21,12.67,17.24,9.37,4.404015454102488,0.47,16258198.0,18980238.0,3497.6094,99.05,29.85,2018,649.47,10.22,0.37,-0.1
2018-08-14,batang,巴塘,Batang,8.64,13.27,17.91,9.78,5.2272351180660594,0.59,19086038.0,22277866.0,3528.25,99.05,29.85,2018,650.83,9.99,0.52,-0.13
2018-08-15,batang,巴塘,Batang,5.41,12.71,17.54,8.57,4.4178069708331575,0.81,16428436.0,19171796.0,3512.4219,99.05,29.85,2018,653.22,9.36,0.71,-0.28
2018-08-16,batang,巴塘,Batang,18.11,12.95,18.86,7.84,5.1607327299824055,0.58,18955598.0,22108466.0,3495.1719,99.05,29.85,2018,652.86,9.47,0.21,0.22
2018-08-17,batang,巴塘,Batang,5.73,12.88,18.33,8.23,5.1320562786922,0.5,18834734.0,21956808.0,3494.2031,99.05,29.85,2018,651.43,9.59,0.27,-0.11
2018-08-18,batang,巴塘,Batang,4.73,12.89,18.44,9.44,5.446847054966726,0.69,20074900.0,23389146.0,3437.3594,99.05,29.85,2018,650.33,8.71,0.61,-0.21
2018-08-19,batang,巴塘,Batang,3.94,12.82,17.65,9.04,5.0349565841342825,0.73,18847954.0,21947692.0,3363.7656,99.05,29.85,2018,650.51,9.77,0.58,-0.08
2018-08-20,batang,巴塘,Batang,5.45,13.99,18.94,9.83,5.23912054539932,0.77,18564724.0,21606694.0,3313.3594,99.05,29.85,2018,650.35,8.99,0.71,-0.11
2018-08-21,batang,巴塘,Batang,9.4,11.72,15.89,6.21,2.872882293635997,0.37,10646506.0,12384662.0,3288.8125,99.05,29.85,2018,650.81,8.87,-0.08,-0.11
2018-08-22,batang,巴塘,Batang,7.12,12.83,18.7,7.23,5.112648970787115,0.48,18765796.0,21818972.0,3301.9375,99.05,29.85,2018,651.19,9.28,-0.03,-0.01
2018-08-23,batang,巴塘,Batang,2.72,12.92,17.18,9.26,4.566862286388177,0.77,16954692.0,19701364.0,3260.875,99.05,29.85,2018,651.34,9.57,0.71,-0.2
2018-08-24,batang,巴塘,Batang,1.01,14.33,19.1,9.6,5.360073268615968,1.26,18829632.0,21868308.0,3171.9531,99.05,29.85,2018,649.84,8.56,1.2,-0.3
2018-08-25,batang,巴塘,Batang,9.96,12.04,15.27,9.91,2.8968002587566284,0.68,10790666.0,12527094.0,3094.0625,99.05,29.85,2018,650.1,9.27,0.52,-0.26
2018-08-26,batang,巴塘,Batang,3.31,12.38,15.84,9.46,3.761937969282103,1.21,14383344.0,16686028.0,3089.9062,99.05,29.85,2018,650.08,9.29,1.13,-0.31
2018-08-27,batang,巴塘,Batang,1.68,13.42,18.31,9.83,4.163014053866898,1.06,14922634.0,17304942.0,3052.5,99.05,29.85,2018,650.55,8.89,0.99,-0.28
2018-08-28,batang,巴塘,Batang,5.45,13.23,18.5,9.53,4.6678899660361495,1.01,17477420.0,20255932.0,3010.75,99.05,29.85,2018,651.18,9.91,0.97,-0.19
2018-08-29,batang,巴塘,Batang,6.32,13.4,18.13,10.42,4.505323385020922,0.78,16694506.0,19338560.0,3040.4844,99.05,29.85,2018,650.84,10.55,0.71,-0.15
2018-08-30,batang,巴塘,Batang,1.81,13.84,18.87,9.87,5.155043158898288,1.19,18667688.0,21612302.0,3085.4219,99.05,29.85,2018,650.8,8.96,1.09,-0.32
2018-08-31,batang,巴塘,Batang,1.08,14.44,18.71,9.81,4.909928424802769,1.19,16626698.0,19238852.0,3078.25,99.05,29.85,2018,651.23,7.6,1.13,-0.32
2018-09-01,batang,巴塘,Batang,0.51,14.59,19.0,9.68,4.430764826236484,1.06,14460682.0,16724170.0,3021.2031,99.05,29.85,2018,651.2,6.92,1.03,-0.19
2018-09-02,batang,巴塘,Batang,0.98,14.72,19.53,9.85,4.766819166353128,0.95,15919490.0,18401822.0,2970.4375,99.05,29.85,2018,651.05,7.51,0.86,-0.29
2018-09-03,batang,巴塘,Batang,1.18,14.89,19.45,10.12,5.622095703361106,1.14,19247076.0,22236610.0,3001.8125,99.05,29.85,2018,651.63,8.07,1.09,-0.29
2018-09-04,batang,巴塘,Batang,0.26,13.91,18.77,9.1,4.024517498857358,1.0,13262390.0,15314518.0,3042.5938,99.05,29.85,2018,651.67,6.38,0.91,-0.25
2018-09-05,batang,巴塘,Batang,0.74,14.64,19.81,9.31,4.9380628804202935,0.8,16939196.0,19548550.0,2997.6562,99.05,29.85,2018,651.12,8.39,0.68,-0.12
2018-09-06,batang,巴塘,Batang,3.82,13.39,18.42,10.16,3.995389087437732,0.83,14555130.0,16790266.0,2911.8594,99.05,29.85,2018,651.63,9.73,0.75,-0.16
2018-09-07,batang,巴塘,Batang,36.22,12.07,16.74,5.86,3.3289721250364988,0.67,12764906.0,14719906.0,2877.1094,99.05,29.85,2018,652.14,9.99,0.32,-0.06
2018-09-08,batang,巴塘,Batang,12.85,9.02,13.09,4.47,2.039174670729876,0.83,7885470.0,9651478.0,2942.2344,99.05,29.85,2018,652.21,6.85,0.68,-0.34
2018-09-09,batang,巴塘,Batang,21.0,11.49,16.29,8.68,3.4440302814494563,0.76,13371886.0,15722006.0,3031.5938,99.05,29.85,2018,651.92,9.73,0.48,-0.33
2018-09-10,batang,巴塘,Batang,8.93,11.5,17.03,8.89,3.640431193896041,0.78,14073198.0,16275678.0,3153.625,99.05,29.85,2018,652.07,8.6,0.73,-0.14
2018-09-11,batang,巴塘,Batang,8.17,10.45,14.22,7.94,2.7835162202892274,0.91,11439128.0,13176966.0,3316.5156,99.05,29.85,2018,650.47,8.81,0.85,-0.26
2018-09-12,batang,巴塘,Batang,7.24,10.43,14.53,8.08,2.968322238011623,1.11,12364566.0,14225158.0,3528.0938,99.05,29.85,2018,649.27,8.57,1.03,-0.33
2018-09-13,batang,巴塘,Batang,6.35,11.54,16.25,7.79,4.031183658460169,1.07,15685020.0,18029720.0,3748.0938,99.05,29.85,2018,650.4,7.74,1.03,-0.24
2018-09-14,batang,巴塘,Batang,0.83,11.46,16.21,8.01,4.288886640702399,1.66,16550234.0,19010754.0,3880.0312,99.05,29.85,2018,651.93,6.34,1.64,-0.25
2018-09-15,batang,巴塘,Batang,0.72,11.46,16.1,7.02,4.038207003158708,1.29,14996210.0,17217708.0,3904.7656,99.05,29.85,2018,652.64,5.56,1.26,-0.19
2018-09-16,batang,巴塘,Batang,0.62,12.03,16.36,7.23,4.112435821263444,1.16,14691474.0,16852248.0,3858.4531,99.05,29.85,2018,651.85,5.14,1.12,-0.16
2018-09-17,batang,巴塘,Batang,0.58,12.99,17.22,9.01,4.705938258947692,1.05,16598490.0,19025414.0,3788.5781,99.05,29.85,2018,651.38,5.66,0.99,-0.21
2018-09-18,batang,巴塘,Batang,2.34,12.03,17.19,9.13,4.524464004446348,1.12,17408934.0,19937232.0,3651.7812,99.05,29.85,2018,652.28,7.65,1.06,-0.24
2018-09-19,batang,巴塘,Batang,3.71,11.92,17.01,8.47,4.480052616739773,1.24,17416584.0,19929822.0,3467.3438,99.05,29.85,2018,653.01,7.65,1.19,-0.25
2018-09-20,batang,巴塘,Batang,10.9,10.8,15.84,7.84,3.5722332587825587,0.66,14188802.0,16223030.0,3310.75,99.05,29.85,2018,654.06,8.04,0.56,-0.1
2018-09-21,batang,巴塘,Batang,11.74,10.92,15.89,8.1,3.788690621848784,0.51,15028106.0,17168854.0,3250.3125,99.05,29.85,2018,654.95,8.76,0.39,-0.05
2018-09-22,batang,巴塘,Batang,2.95,11.06,15.69,7.47,3.5549632131129103,0.41,13838720.0,15796352.0,3263.1562,99.05,29.85,2018,655.37,8.39,0.33,-0.01
2018-09-23,batang,巴塘,Batang,1.29,12.19,16.16,8.06,3.8644522228599225,1.0,14077430.0,16054022.0,3218.7031,99.05,29.85,2018,653.28,6.45,0.98,-0.03
2018-09-24,batang,巴塘,Batang,0.9,11.98,16.97,7.42,3.974568904284973,0.91,14991719.0,17083552.0,3133.0,99.05,29.85,2018,651.11,7.32,0.9,0.07
2018-09-25,batang,巴塘,Batang,0.5,12.48,17.62,7.76,4.470587222214913,0.93,16424549.0,18699626.0,3078.5625,99.05,29.85,2018,650.45,6.48,0.9,0.02
2018-09-26,batang,巴塘,Batang,0.75,12.63,17.3,7.88,3.947064653043436,0.95,13960121.0,15881179.0,3041.0781,99.05,29.85,2018,651.06,5.86,0.92,-0.03
2018-09-27,batang,巴塘,Batang,8.94,10.72,16.76,7.34,3.9318278855750255,0.57,15607142.0,17739668.0,3032.2969,99.05,29.85,2018,652.51,7.41,0.24,0.21
2018-09-28,batang,巴塘,Batang,10.55,8.85,12.83,6.06,2.7250491380592266,0.48,11486240.0,13042824.0,3066.7344,99.05,29.85,2018,653.51,7.09,0.34,-0.13
2018-09-29,batang,巴塘,Batang,14.07,9.63,15.18,5.78,3.788366253590485,0.78,15880058.0,18020266.0,3100.3906,99.05,29.85,2018,652.55,6.81,0.43,0.09
2018-09-30,batang,巴塘,Batang,8.0,8.49,13.36,5.69,3.1174077159113223,0.51,13336957.0,15168425.0,3101.5781,99.05,29.85,2018,652.29,6.63,0.43,0.05
2018-10-01,batang,巴塘,Batang,5.06,8.58,13.48,4.75,3.3635944501528687,1.12,15029137.0,17158940.0,3108.6719,99.05,29.85,2018,651.18,6.43,1.08,-0.24
2018-10-02,batang,巴塘,Batang,2.91,8.79,14.41,4.58,3.745649539594449,1.43,15939138.0,18092092.0,3144.7031,99.05,29.85,2018,650.15,4.14,1.39,-0.1
2018-10-03,batang,巴塘,Batang,16.38,5.06,9.49,2.67,1.84672403547976,0.48,8771161.0,10154093.0,3254.625,99.05,29.85,2018,652.56,4.44,-0.21,0.04
2018-10-04,batang,巴塘,Batang,1.5,7.47,12.57,2.58,3.8693811890765017,1.36,14256412.0,18213888.0,3351.5938,99.05,29.85,2018,652.11,-0.28,1.31,-0.07
2018-10-05,batang,巴塘,Batang,1.06,7.63,12.59,2.62,4.04042391075266,1.17,16082385.0,19131830.0,3259.3125,99.05,29.85,2018,651.76,-0.04,1.07,-0.05
2018-10-06,batang,巴塘,Batang,2.15,7.16,11.7,2.92,3.820746157320969,1.12,15854119.0,18277468.0,3111.6797,99.05,29.85,2018,651.52,-0.42,1.03,0.05
2018-10-07,batang,巴塘,Batang,2.28,6.63,11.8,1.87,3.945297432289319,1.52,17108872.0,19519408.0,2970.1094,99.05,29.85,2018,650.51,-0.79,1.42,0.13
2018-10-08,batang,巴塘,Batang,4.44,5.12,10.96,0.69,3.5646069197469226,1.03,16539273.0,18967380.0,2847.2422,99.05,29.85,2018,650.22,-0.71,0.97,0.11
2018-10-09,batang,巴塘,Batang,8.15,3.1,8.76,-3.55,3.0231048390025377,0.56,14627409.0,17610732.0,2735.8281,99.05,29.85,2018,652.09,0.42,-0.08,0.26
2018-10-10,batang,巴塘,Batang,5.65,2.53,8.57,-3.04,2.9878181707046534,0.44,12554122.0,17575916.0,2618.7266,99.05,29.85,2018,652.4,-0.09,0.25,-0.06
2018-10-11,batang,巴塘,Batang,2.56,3.29,9.29,-1.51,3.0180494936203752,0.74,12210704.0,17695318.0,2482.6875,99.05,29.85,2018,652.83,0.39,0.53,-0.14
2018-10-12,batang,巴塘,Batang,6.49,3.93,8.23,-0.11,1.8772637746429184,0.93,8185414.0,10742950.0,2340.461,99.05,29.85,2018,651.02,1.8,0.89,-0.19
2018-10-13,batang,巴塘,Batang,13.35,3.97,9.75,0.0,2.5683299147779683,0.83,11560754.0,15187992.0,2220.0234,99.05,29.85,2018,650.06,2.58,0.52,-0.1
2018-10-14,batang,巴塘,Batang,8.16,1.35,8.78,-6.83,2.7869359105284683,0.81,10511078.0,17911700.0,2144.0938,99.05,29.85,2018,651.26,-1.09,0.09,-0.04
2018-10-15,batang,巴塘,Batang,7.69,-0.63,6.08,-5.7,2.633113490185585,0.28,7396074.0,17312538.0,2072.0781,99.05,29.85,2018,651.9,-2.43,-0.09,-0.13
2018-10-16,batang,巴塘,Batang,0.41,0.5,6.73,-6.67,2.6251714500477346,0.34,6267800.0,16428746.0,1977.9062,99.05,29.85,2018,652.31,-2.51,-0.17,-0.03
2018-10-17,batang,巴塘,Batang,0.48,3.01,9.66,-7.26,3.355683079536639,0.52,9966194.0,19012468.0,1872.4453,99.05,29.85,2018,649.46,-2.45,0.38,-0.16
2018-10-18,batang,巴塘,Batang,6.7,4.0,9.82,0.3,3.3124618165607065,0.79,12115464.0,18467416.0,1773.2344,99.05,29.85,2018,649.17,-0.74,0.67,-0.17
2018-10-19,batang,巴塘,Batang,1.59,3.53,8.78,0.19,3.1386652776334665,0.88,10143282.0,17814912.0,1692.2656,99.05,29.85,2018,650.7,-1.26,0.83,-0.13
2018-10-20,batang,巴塘,Batang,0.69,4.6,10.67,-1.38,3.3659086348520115,1.24,11770600.0,17325196.0,1612.7734,99.05,29.85,2018,651.75,-3.46,1.18,0.12
2018-10-21,batang,巴塘,Batang,0.92,3.74,9.5,-1.45,3.2826930280391164,0.93,13816874.0,18096676.0,1539.7188,99.05,29.85,2018,652.29,-2.52,0.85,-0.1
2018-10-22,batang,巴塘,Batang,1.47,4.47,10.18,-1.26,3.3520214077677024,1.34,14188752.0,17531400.0,1473.4297,99.05,29.85,2018,650.98,-3.11,1.3,0.05
2018-10-23,batang,巴塘,Batang,0.15,4.83,10.25,-1.19,3.6227708304309982,1.52,14734994.0,17509276.0,1414.3516,99.05,29.85,2018,650.39,-6.08,1.39,0.33
2018-10-24,batang,巴塘,Batang,0.05,4.73,10.16,-0.25,3.575454904066385,1.4,14595398.0,16946532.0,1361.5469,99.05,29.85,2018,650.87,-7.44,1.28,0.36
2018-10-25,batang,巴塘,Batang,0.83,4.15,9.39,-0.42,3.4178793878443687,1.0,15304022.0,17543628.0,1314.9297,99.05,29.85,2018,653.05,-5.59,0.88,0.19
2018-10-26,batang,巴塘,Batang,0.33,5.0,10.17,-0.06,3.5531750171113727,1.34,14722766.0,16810860.0,1273.4766,99.05,29.85,2018,653.75,-6.65,1.25,0.33
2018-10-27,batang,巴塘,Batang,0.02,5.49,10.56,0.42,3.9113475567980567,1.15,16272282.0,18420948.0,1234.8516,99.05,29.85,2018,654.43,-7.59,1.05,0.28
2018-10-28,batang,巴塘,Batang,0.95,5.65,10.34,0.9,3.5165317146179875,0.86,15145766.0,17044884.0,1198.5938,99.05,29.85,2018,653.75,-4.28,0.74,0.0
2018-10-29,batang,巴塘,Batang,4.62,2.68,8.76,-1.41,2.8504015066927493,1.11,13810186.0,15807660.0,1168.1484,99.05,29.85,2018,654.71,-4.51,-0.2,0.52
2018-10-30,batang,巴塘,Batang,0.0,0.26,4.58,-2.92,3.1381303751669085,1.34,14860566.0,17801572.0,1143.8984,99.05,29.85,2018,658.64,-13.43,-1.3,0.09
2018-10-31,batang,巴塘,Batang,0.0,1.14,6.35,-3.24,3.408141979508118,0.78,16790070.0,19749652.0,1117.6016,99.05,29.85,2018,656.59,-10.58,-0.77,0.01
2018-11-01,batang,巴塘,Batang,0.02,2.43,7.78,-2.34,3.4665329946681407,0.52,16580504.0,19133816.0,1091.5156,99.05,29.85,2018,653.56,-9.34,-0.12,-0.14
2018-11-02,batang,巴塘,Batang,0.04,3.55,8.37,-0.98,3.3552935137774917,1.18,15633094.0,17794948.0,1067.7891,99.05,29.85,2018,650.92,-5.46,1.13,-0.23
2018-11-03,batang,巴塘,Batang,0.93,3.94,8.74,0.25,2.9090051115017417,1.21,13079304.0,14853488.0,1047.0078,99.05,29.85,2018,649.83,-4.23,1.12,-0.05
2018-11-04,batang,巴塘,Batang,1.47,3.6,8.63,-0.33,2.7736958049215774,1.5,12854002.0,14639804.0,1031.2969,99.05,29.85,2018,648.24,-3.33,1.44,-0.14
2018-11-05,batang,巴塘,Batang,1.98,2.82,8.02,-1.39,2.634626545241124,1.49,13113296.0,15141504.0,1021.3594,99.05,29.85,2018,647.94,-2.48,1.44,-0.19
2018-11-06,batang,巴塘,Batang,3.97,2.3,7.54,-2.3,2.6390261289236525,1.89,13014382.0,15243556.0,1016.6406,99.05,29.85,2018,647.78,-3.73,1.69,0.18
2018-11-07,batang,巴塘,Batang,0.84,-1.98,2.56,-5.72,2.618815073573651,1.36,11084440.0,15050144.0,1017.125,99.05,29.85,2018,654.3,-19.14,-1.08,0.77
2018-11-08,batang,巴塘,Batang,0.0,-1.82,3.95,-6.39,3.006435606858102,0.69,14536866.0,19094860.0,1014.7969,99.05,29.85,2018,652.23,-18.41,0.47,-0.05
2018-11-09,batang,巴塘,Batang,0.0,-0.67,4.95,-6.01,3.0996415074662456,1.03,14628886.0,18589352.0,1004.46094,99.05,29.85,2018,650.23,-15.18,1.0,-0.17
2018-11-10,batang,巴塘,Batang,0.0,0.03,5.43,-4.16,2.963485194392548,1.11,14576756.0,17958892.0,986.8672,99.05,29.85,2018,650.82,-9.91,1.08,-0.14
2018-11-11,batang,巴塘,Batang,0.05,0.23,5.22,-4.22,2.5639988001442164,1.04,12134978.0,14591152.0,966.6875,99.05,29.85,2018,650.92,-10.58,0.97,0.15
2018-11-12,batang,巴塘,Batang,0.02,0.76,6.28,-3.97,2.819378105327374,1.22,13871166.0,16379224.0,947.85156,99.05,29.85,2018,648.92,-8.54,1.19,0.0
2018-11-13,batang,巴塘,Batang,0.54,0.61,5.27,-3.46,2.23672681751218,1.41,11208742.0,13099016.0,931.5781,99.05,29.85,2018,647.33,-6.13,1.37,-0.14
2018-11-14,batang,巴塘,Batang,1.07,1.2,5.86,-2.73,2.539055291457136,1.42,12305366.0,14484504.0,917.71875,99.05,29.85,2018,648.01,-6.5,1.35,0.02
2018-11-15,batang,巴塘,Batang,1.41,0.32,5.33,-3.34,2.279650726571389,1.68,11683382.0,13845132.0,906.02344,99.05,29.85,2018,647.22,-6.03,1.64,-0.04
2018-11-16,batang,巴塘,Batang,1.54,0.43,5.41,-3.44,2.2429617879898,1.65,11927364.0,14290252.0,896.08594,99.05,29.85,2018,645.8,-4.57,1.61,-0.04
2018-11-17,batang,巴塘,Batang,3.54,0.13,4.69,-2.98,2.127507454109546,1.63,11066926.0,13683736.0,888.875,99.05,29.85,2018,645.66,-4.71,1.53,0.19
2018-11-18,batang,巴塘,Batang,2.53,-1.34,3.13,-4.69,1.7817592469073171,0.79,7473662.0,11581972.0,885.27344,99.05,29.85,2018,649.57,-6.59,0.66,0.09
2018-11-19,batang,巴塘,Batang,0.62,-0.89,3.78,-4.29,2.0612619203452307,0.99,8981126.0,13294036.0,879.2656,99.05,29.85,2018,649.98,-6.59,0.96,-0.0
2018-11-20,batang,巴塘,Batang,3.09,-1.12,3.01,-4.81,2.111869675118515,0.84,9874910.0,14202528.0,870.7578,99.05,29.85,2018,650.14,-5.61,0.66,0.05
2018-11-21,batang,巴塘,Batang,0.99,-3.21,3.31,-12.09,2.2217630127360746,0.49,10187106.0,16231948.0,863.1172,99.05,29.85,2018,652.5,-7.71,0.2,-0.16
2018-11-22,batang,巴塘,Batang,0.06,-4.62,3.64,-13.46,2.173042137408048,0.45,10777980.0,16574508.0,854.96094,99.05,29.85,2018,654.76,-11.2,-0.26,-0.33
2018-11-23,batang,巴塘,Batang,0.0,-2.88,4.06,-10.71,2.350903518204222,0.63,11480296.0,16745680.0,846.8047,99.05,29.85,2018,651.95,-9.14,0.46,-0.22
2018-11-24,batang,巴塘,Batang,0.0,-6.42,0.2,-13.18,1.935198417989299,0.96,11935170.0,16588456.0,839.4531,99.05,29.85,2018,655.8,-12.64,-0.94,-0.1
2018-11-25,batang,巴塘,Batang,0.0,-6.92,0.6,-13.69,1.9908939592173145,0.62,12392828.0,16874124.0,832.65625,99.05,29.85,2018,655.14,-15.03,-0.39,-0.37
2018-11-26,batang,巴塘,Batang,0.0,-3.08,3.53,-12.33,2.442771059429006,0.76,12426054.0,16528428.0,826.2578,99.05,29.85,2018,652.29,-14.85,0.66,-0.19
2018-11-27,batang,巴塘,Batang,0.0,-4.31,2.74,-10.75,2.315488526244076,0.71,12866432.0,16641008.0,820.21094,99.05,29.85,2018,655.95,-16.09,-0.64,-0.08
2018-11-28,batang,巴塘,Batang,0.0,-4.16,3.77,-11.16,2.3211307874152616,0.52,13094492.0,16610976.0,814.3281,99.05,29.85,2018,656.01,-16.36,-0.18,-0.35
2018-11-29,batang,巴塘,Batang,0.0,-0.25,6.66,-9.54,2.749292027823261,0.66,13073072.0,16197556.0,808.53906,99.05,29.85,2018,652.9,-13.89,0.56,-0.25
2018-11-30,batang,巴塘,Batang,0.13,-0.06,6.21,-5.85,2.613848463401064,0.69,12932800.0,15594476.0,802.91406,99.05,29.85,2018,651.08,-10.41,0.63,-0.2
2018-12-01,batang,巴塘,Batang,3.78,-2.77,3.84,-10.18,1.6017594069686916,0.72,9071944.0,11039300.0,797.47656,99.05,29.85,2018,648.71,-7.95,0.57,0.0
2018-12-02,batang,巴塘,Batang,0.28,-3.47,3.23,-9.75,1.8395629109157208,1.24,9411884.0,12873024.0,792.3828,99.05,29.85,2018,647.09,-10.43,1.17,-0.1
2018-12-03,batang,巴塘,Batang,3.13,-2.58,2.47,-8.24,1.8580820283830384,0.73,9388828.0,12686644.0,786.9453,99.05,29.85,2018,649.58,-8.76,0.65,-0.01
2018-12-04,batang,巴塘,Batang,0.11,-3.19,3.74,-8.96,1.8383857616111232,1.09,8427676.0,12898368.0,782.0156,99.05,29.85,2018,649.66,-9.55,1.04,-0.23
2018-12-05,batang,巴塘,Batang,0.15,-1.94,4.03,-8.44,1.803599901143832,1.07,8174198.0,11891716.0,776.5156,99.05,29.85,2018,647.99,-7.85,1.03,-0.17
2018-12-06,batang,巴塘,Batang,0.63,-2.3,3.19,-7.26,1.6361498209154095,1.58,8020884.0,11283416.0,771.1797,99.05,29.85,2018,646.68,-7.08,1.56,-0.07
2018-12-07,batang,巴塘,Batang,0.05,-3.68,2.39,-8.57,1.9763771350999253,1.68,10417258.0,14442036.0,766.1406,99.05,29.85,2018,647.27,-10.47,1.66,0.03
2018-12-08,batang,巴塘,Batang,0.46,-4.96,1.73,-12.26,1.927515100594185,1.03,10317542.0,14120256.0,760.90625,99.05,29.85,2018,649.0,-14.44,0.89,0.01
2018-12-09,batang,巴塘,Batang,0.09,-4.98,1.72,-12.28,1.91906378612946,1.24,10619170.0,14370368.0,755.78125,99.05,29.85,2018,647.97,-13.33,1.17,-0.11
2018-12-10,batang,巴塘,Batang,0.28,-4.13,1.77,-8.8,1.7780384005047465,1.14,9519464.0,12671560.0,750.7656,99.05,29.85,2018,648.92,-11.56,1.09,-0.2
2018-12-11,batang,巴塘,Batang,0.21,-4.21,1.87,-10.61,1.9072894825507167,1.41,9914162.0,13142512.0,745.8125,99.05,29.85,2018,649.22,-13.41,1.3,0.07
2018-12-12,batang,巴塘,Batang,0.22,-4.59,1.88,-10.96,1.895207890734012,1.13,10288316.0,13480064.0,740.8906,99.05,29.85,2018,650.25,-13.93,1.0,0.01
2018-12-13,batang,巴塘,Batang,0.16,-4.31,2.46,-10.28,1.7022518420234098,1.21,9179200.0,11918672.0,736.0156,99.05,29.85,2018,650.85,-12.17,1.12,-0.17
2018-12-14,batang,巴塘,Batang,0.48,-2.31,3.26,-7.91,2.086837795643871,1.32,10751658.0,13830468.0,731.1406,99.05,29.85,2018,650.48,-9.89,1.26,-0.04
2018-12-15,batang,巴塘,Batang,1.36,-1.63,3.59,-6.29,1.9077448919752176,0.78,9034220.0,11804052.0,726.4375,99.05,29.85,2018,652.37,-10.31,0.5,0.26
2018-12-16,batang,巴塘,Batang,0.38,-3.8,2.39,-11.05,1.7447062651507204,0.43,9351290.0,12464964.0,722.1094,99.05,29.85,2018,654.88,-10.71,-0.32,-0.12
2018-12-17,batang,巴塘,Batang,0.35,-4.24,1.44,-12.85,1.9539091679212133,0.55,10902620.0,14350388.0,717.1406,99.05,29.85,2018,653.98,-11.73,-0.01,-0.35
2018-12-18,batang,巴塘,Batang,12.34,-1.76,0.67,-5.66,1.1184289150364342,0.95,5573982.0,7711600.0,713.4531,99.05,29.85,2018,648.08,-4.2,0.85,0.02
2018-12-19,batang,巴塘,Batang,2.9,-8.5,-2.13,-19.83,0.919791968816096,0.64,2544302.0,8576524.0,714.6875,99.05,29.85,2018,651.39,-11.6,-0.37,0.32
2018-12-20,batang,巴塘,Batang,0.11,-14.46,-7.73,-23.27,1.0772359771305264,0.52,4342234.0,14333744.0,710.9375,99.05,29.85,2018,650.23,-18.31,0.47,-0.04
2018-12-21,batang,巴塘,Batang,0.7,-9.62,-4.96,-22.9,1.2336161723335732,0.81,4000970.0,12973668.0,704.1719,99.05,29.85,2018,648.21,-12.46,0.76,-0.15
2018-12-22,batang,巴塘,Batang,0.5,-10.41,-3.56,-19.27,1.0873240326672209,0.58,3591334.0,11642300.0,697.7969,99.05,29.85,2018,652.03,-12.92,0.41,0.19
2018-12-23,batang,巴塘,Batang,0.05,-13.76,-6.84,-21.45,1.1042268279818477,0.45,4400298.0,14005644.0,691.9531,99.05,29.85,2018,651.29,-17.34,0.39,0.02
2018-12-24,batang,巴塘,Batang,0.04,-13.67,-6.66,-24.21,1.1670844356062722,0.56,4773958.0,14897776.0,686.5625,99.05,29.85,2018,648.26,-17.59,0.52,-0.12
2018-12-25,batang,巴塘,Batang,0.2,-12.43,-5.1,-20.33,1.2145696845581857,0.61,4782598.0,14666184.0,681.4531,99.05,29.85,2018,646.72,-15.57,0.57,-0.1
2018-12-26,batang,巴塘,Batang,0.23,-12.76,-6.06,-20.36,1.1271766876205749,0.7,4625486.0,14003916.0,676.6875,99.05,29.85,2018,647.71,-15.84,0.57,-0.08
2018-12-27,batang,巴塘,Batang,0.26,-11.53,-5.58,-16.25,1.1380435562956002,1.09,4602588.0,13758988.0,672.0781,99.05,29.85,2018,645.73,-14.51,1.06,-0.24
2018-12-28,batang,巴塘,Batang,0.76,-11.59,-6.01,-16.33,1.2257641858873185,0.85,4865522.0,14385140.0,667.59375,99.05,29.85,2018,646.19,-15.02,0.79,-0.19
2018-12-29,batang,巴塘,Batang,2.57,-12.28,-6.89,-23.66,0.8800586606702573,0.68,3343746.0,10109792.0,663.21875,99.05,29.85,2018,649.62,-16.15,-0.49,0.36
2018-12-30,batang,巴塘,Batang,0.03,-18.87,-11.06,-26.29,0.9272731097025187,0.24,5065794.0,15651468.0,658.8906,99.05,29.85,2018,653.76,-24.15,-0.03,0.03
2018-12-31,batang,巴塘,Batang,0.0,-18.44,-10.51,-26.6,0.9793458516287432,0.29,5320228.0,16138028.0,654.5625,99.05,29.85,2018,653.1,-24.15,0.1,0.02
2019-01-01,batang,巴塘,Batang,0.0,-17.13,-9.05,-25.42,1.067876460523696,0.29,5453426.0,16234396.0,650.28125,99.05,29.85,2019,653.2,-22.26,0.12,0.01
2019-01-02,batang,巴塘,Batang,0.0,-15.26,-7.81,-24.6,1.1991232323129395,0.39,5589796.0,16338560.0,646.03125,99.05,29.85,2019,651.7,-20.86,0.27,-0.12
2019-01-03,batang,巴塘,Batang,0.61,-14.35,-8.2,-20.75,1.172600309062508,0.56,5471602.0,15702764.0,641.8125,99.05,29.85,2019,649.29,-18.03,0.42,-0.19
2019-01-04,batang,巴塘,Batang,1.66,-12.13,-5.97,-18.34,1.0803151187218645,0.65,4375296.0,12746144.0,637.6094,99.05,29.85,2019,650.57,-15.31,0.51,0.15
2019-01-05,batang,巴塘,Batang,0.06,-15.63,-9.35,-24.62,1.0393791962798096,0.54,5079040.0,15017468.0,633.46875,99.05,29.85,2019,652.72,-19.14,0.51,-0.01
2019-01-06,batang,巴塘,Batang,0.07,-13.8,-6.88,-25.77,1.2003363936882017,0.71,5412050.0,15722788.0,629.34375,99.05,29.85,2019,651.97,-17.89,0.67,-0.15
2019-01-07,batang,巴塘,Batang,0.27,-11.44,-5.09,-17.23,1.2782571880905578,0.74,5231152.0,14971128.0,625.2344,99.05,29.85,2019,651.11,-14.14,0.67,-0.21
2019-01-08,batang,巴塘,Batang,0.71,-10.29,-4.22,-15.07,1.0797230033416414,0.55,3985132.0,11369864.0,621.1719,99.05,29.85,2019,647.38,-13.04,0.47,-0.12
2019-01-09,batang,巴塘,Batang,0.45,-10.76,-5.43,-16.2,1.1980184893941694,0.65,4659744.0,13227368.0,617.125,99.05,29.85,2019,647.4,-13.51,0.56,-0.01
2019-01-10,batang,巴塘,Batang,0.81,-12.28,-6.1,-18.35,1.1464608994676946,0.51,4787494.0,13538596.0,613.1094,99.05,29.85,2019,648.18,-15.2,0.38,0.14
2019-01-11,batang,巴塘,Batang,0.2,-13.93,-7.4,-19.37,1.105800367322525,0.66,5151632.0,14616084.0,609.1094,99.05,29.85,2019,649.96,-17.32,0.55,-0.0
2019-01-12,batang,巴塘,Batang,0.2,-13.46,-6.55,-21.14,1.1956771505282164,0.69,5491478.0,15417132.0,605.125,99.05,29.85,2019,651.01,-17.07,0.54,-0.03
2019-01-13,batang,巴塘,Batang,0.15,-13.38,-7.17,-20.82,1.1465838670342274,0.77,5370482.0,14899012.0,601.1406,99.05,29.85,2019,649.51,-16.7,0.74,-0.11
2019-01-14,batang,巴塘,Batang,0.3,-11.71,-5.22,-19.01,1.2311971585743344,0.74,5305752.0,14564856.0,597.15625,99.05,29.85,2019,647.8,-14.58,0.72,-0.1
2019-01-15,batang,巴塘,Batang,1.02,-12.76,-6.1,-24.87,0.9519561755453604,0.85,3985858.0,10983656.0,593.21875,99.05,29.85,2019,650.14,-18.3,-0.72,0.43
2019-01-16,batang,巴塘,Batang,0.01,-19.02,-10.49,-30.87,1.017782517618681,0.24,6297074.0,17364496.0,589.2656,99.05,29.85,2019,652.87,-24.87,0.03,-0.01
2019-01-17,batang,巴塘,Batang,0.0,-15.15,-8.37,-26.58,1.264682163090986,0.7,6405342.0,17374404.0,585.34375,99.05,29.85,2019,649.95,-22.29,0.61,-0.17
2019-01-18,batang,巴塘,Batang,0.15,-12.36,-6.06,-18.43,1.4491336649945343,0.7,6524806.0,17405176.0,581.40625,99.05,29.85,2019,647.96,-16.98,0.67,-0.17
2019-01-19,batang,巴塘,Batang,0.29,-13.15,-6.01,-21.74,1.16538914105084,0.68,5612442.0,14858544.0,577.53125,99.05,29.85,2019,649.3,-16.17,0.54,0.0
2019-01-20,batang,巴塘,Batang,0.08,-14.62,-6.41,-23.54,1.1374645151252754,0.44,5793618.0,15200656.0,573.6875,99.05,29.85,2019,650.64,-18.41,0.26,0.06
2019-01-21,batang,巴塘,Batang,0.06,-15.21,-6.67,-26.0,1.1565043236630954,0.39,6161996.0,15951088.0,569.84375,99.05,29.85,2019,651.66,-19.02,0.26,-0.01
2019-01-22,batang,巴塘,Batang,0.06,-14.66,-5.8,-26.08,1.1884099560091708,0.38,6207738.0,15839932.0,566.0,99.05,29.85,2019,651.22,-18.37,0.23,-0.08
2019-01-23,batang,巴塘,Batang,0.15,-15.11,-6.47,-23.63,1.1625205197397777,0.49,6437764.0,16224204.0,562.21875,99.05,29.85,2019,650.91,-18.62,0.36,-0.1
2019-01-24,batang,巴塘,Batang,0.16,-13.61,-5.02,-21.82,1.2608830467992471,0.56,6480852.0,16190828.0,558.40625,99.05,29.85,2019,651.68,-17.24,0.37,-0.03
2019-01-25,batang,巴塘,Batang,0.12,-11.91,-4.92,-20.43,1.354488378618298,0.64,6434222.0,15903820.0,554.65625,99.05,29.85,2019,653.22,-15.45,0.57,-0.11
2019-01-26,batang,巴塘,Batang,0.36,-8.54,-3.06,-18.64,1.5336344021440205,0.8,6295630.0,15315628.0,550.90625,99.05,29.85,2019,651.09,-11.59,0.78,-0.16
2019-01-27,batang,巴塘,Batang,0.67,-4.45,-0.37,-10.42,1.6576312118251233,1.23,5876550.0,14163040.0,547.65625,99.05,29.85,2019,649.05,-6.94,1.21,-0.19
2019-01-28,batang,巴塘,Batang,0.65,-5.58,-0.27,-14.24,1.8420203103673136,1.12,6585204.0,15928024.0,544.59375,99.05,29.85,2019,647.98,-9.63,1.1,-0.04
2019-01-29,batang,巴塘,Batang,2.73,-7.03,-2.07,-14.11,1.7296878443372594,0.66,6570592.0,15871384.0,541.03125,99.05,29.85,2019,645.6,-9.63,0.57,-0.03
2019-01-30,batang,巴塘,Batang,1.34,-10.47,-4.32,-19.45,1.4457405310878997,0.77,5352166.0,14351784.0,537.0625,99.05,29.85,2019,649.89,-19.54,-0.2,0.42
2019-01-31,batang,巴塘,Batang,0.0,-13.46,-6.27,-22.28,1.5008242663773113,0.52,7103320.0,18778676.0,533.15625,99.05,29.85,2019,652.76,-18.92,0.45,-0.11
2019-02-01,batang,巴塘,Batang,0.01,-12.0,-5.23,-22.88,1.5433498970424535,0.84,7207654.0,18601718.0,529.375,99.05,29.85,2019,650.28,-16.39,0.78,-0.23
2019-02-02,batang,巴塘,Batang,0.45,-9.87,-2.96,-18.58,1.506174815131114,1.01,6690410.0,16875192.0,525.6875,99.05,29.85,2019,647.87,-12.52,0.99,-0.12
2019-02-03,batang,巴塘,Batang,0.39,-8.61,-3.5,-12.88,1.597849423340455,0.99,6557640.0,16452004.0,522.09375,99.05,29.85,2019,649.56,-11.68,0.97,-0.01
2019-02-04,batang,巴塘,Batang,0.48,-9.85,-2.94,-21.38,1.5357563066727735,0.69,6530376.0,16215792.0,518.59375,99.05,29.85,2019,651.06,-13.24,0.63,0.08
2019-02-05,batang,巴塘,Batang,0.05,-13.92,-7.03,-23.59,1.3755402515232422,0.68,7416496.0,18229992.0,515.09375,99.05,29.85,2019,650.12,-18.24,0.63,-0.16
2019-02-06,batang,巴塘,Batang,0.16,-11.04,-3.03,-20.87,1.7288997064385827,0.7,8142508.0,19677764.0,511.59375,99.05,29.85,2019,648.68,-14.75,0.63,-0.2
2019-02-07,batang,巴塘,Batang,0.17,-7.63,-1.16,-14.62,1.8373784283962509,0.85,7415720.0,17661592.0,508.125,99.05,29.85,2019,650.16,-10.98,0.82,-0.01
2019-02-08,batang,巴塘,Batang,0.37,-4.27,0.31,-11.38,1.93560255994164,1.29,7475502.0,16540620.0,504.78125,99.05,29.85,2019,649.36,-7.12,1.21,-0.34
2019-02-09,batang,巴塘,Batang,3.55,-3.05,1.29,-7.62,1.6048035819817976,1.39,6474018.0,13360818.0,502.4375,99.05,29.85,2019,646.36,-4.78,1.33,-0.32
2019-02-10,batang,巴塘,Batang,5.07,-5.48,-0.52,-10.19,1.8895355477348337,0.53,6554138.0,15848626.0,501.8125,99.05,29.85,2019,649.47,-7.81,0.29,0.15
2019-02-11,batang,巴塘,Batang,0.48,-7.74,-2.5,-13.71,1.6332838371277738,1.0,5954646.0,16104296.0,500.40625,99.05,29.85,2019,651.56,-10.65,0.96,-0.01
2019-02-12,batang,巴塘,Batang,0.21,-10.04,-3.44,-19.02,1.5552799031601952,0.68,6358106.0,16691736.0,497.75,99.05,29.85,2019,653.63,-13.13,0.6,0.06
2019-02-13,batang,巴塘,Batang,0.06,-13.29,-5.18,-23.29,1.5529842820272843,0.54,7838224.0,19745340.0,494.59375,99.05,29.85,2019,654.3,-16.8,0.45,-0.09
2019-02-14,batang,巴塘,Batang,0.07,-13.51,-5.05,-23.66,1.5591866827058722,0.49,8185038.0,19863384.0,490.59375,99.05,29.85,2019,652.48,-17.39,0.35,-0.02
2019-02-15,batang,巴塘,Batang,0.43,-8.82,-3.03,-23.81,1.8493916170820184,0.73,8011186.0,18695572.0,486.0,99.05,29.85,2019,650.17,-12.31,0.67,-0.16
2019-02-16,batang,巴塘,Batang,2.36,-4.6,-0.06,-9.14,1.8809382003201005,1.17,7073240.0,15934928.0,481.4375,99.05,29.85,2019,646.36,-7.77,1.13,-0.13
2019-02-17,batang,巴塘,Batang,2.0,-5.9,-0.49,-12.88,1.9220540635349108,1.0,7186172.0,17569028.0,477.5625,99.05,29.85,2019,641.83,-8.29,0.97,0.1
2019-02-18,batang,巴塘,Batang,0.28,-9.93,-4.28,-15.53,1.862977247992728,0.85,8350066.0,20500464.0,474.03125,99.05,29.85,2019,643.99,-13.25,0.83,-0.02
2019-02-19,batang,巴塘,Batang,0.49,-8.2,-3.1,-14.56,1.8559466565018392,0.85,7847672.0,18635346.0,470.375,99.05,29.85,2019,646.08,-11.05,0.82,-0.01
2019-02-20,batang,巴塘,Batang,1.96,-7.87,-2.25,-15.53,1.9494972529507304,0.71,8011668.0,18705044.0,466.6875,99.05,29.85,2019,649.73,-11.32,0.62,0.15
2019-02-21,batang,巴塘,Batang,0.03,-10.74,-2.68,-21.11,1.9424110869775029,0.44,8617920.0,21085596.0,463.25,99.05,29.85,2019,652.12,-14.19,0.35,-0.1
2019-02-22,batang,巴塘,Batang,0.11,-11.71,-3.49,-20.63,1.7447314250971393,0.54,8774348.0,20249544.0,459.875,99.05,29.85,2019,648.99,-15.26,0.43,-0.09
2019-02-23,batang,巴塘,Batang,0.68,-6.65,-1.69,-18.85,2.152772018741897,0.83,9042864.0,19803534.0,456.46875,99.05,29.85,2019,646.12,-9.93,0.79,-0.13
2019-02-24,batang,巴塘,Batang,1.54,-2.89,1.53,-7.22,2.290999396483275,1.12,9024542.0,18333104.0,453.3125,99.05,29.85,2019,645.7,-5.4,1.11,-0.01
2019-02-25,batang,巴塘,Batang,0.78,-3.94,0.78,-8.43,2.128982954264872,1.54,9763236.0,18660594.0,451.75,99.05,29.85,2019,644.46,-6.65,1.52,-0.15
2019-02-26,batang,巴塘,Batang,1.49,-5.66,0.05,-9.94,2.1340292097757287,1.23,10752848.0,19688876.0,449.59375,99.05,29.85,2019,643.91,-8.61,1.22,0.06
2019-02-27,batang,巴塘,Batang,0.98,-4.18,0.85,-9.35,2.4837936912919285,1.06,10895234.0,20168140.0,446.21875,99.05,29.85,2019,644.99,-8.93,1.03,0.1
2019-02-28,batang,巴塘,Batang,3.47,-4.65,0.36,-9.29,2.219163187348625,1.28,10937574.0,19553446.0,442.625,99.05,29.85,2019,642.63,-7.6,1.23,-0.25
2019-03-01,batang,巴塘,Batang,0.43,-7.0,-1.45,-16.57,2.474267349665188,1.0,11240076.0,22580732.0,439.21875,99.05,29.85,2019,645.22,-13.83,0.78,0.42
2019-03-02,batang,巴塘,Batang,0.04,-11.49,-3.6,-19.46,2.106136632486096,0.47,12525112.0,23645314.0,435.65625,99.05,29.85,2019,649.19,-17.13,0.33,0.1
2019-03-03,batang,巴塘,Batang,0.0,-11.24,-4.45,-21.36,2.2249577227968445,0.54,13498224.0,24616374.0,432.03125,99.05,29.85,2019,647.31,-18.46,0.49,-0.07
2019-03-04,batang,巴塘,Batang,0.24,-8.18,-2.08,-16.78,2.4160807807138864,0.6,13137992.0,23050224.0,428.59375,99.05,29.85,2019,644.06,-13.41,0.56,-0.09
2019-03-05,batang,巴塘,Batang,0.58,-5.66,-0.58,-12.73,2.4455602476141407,0.92,12682164.0,21660612.0,425.3125,99.05,29.85,2019,644.7,-9.2,0.91,-0.0
2019-03-06,batang,巴塘,Batang,0.83,-4.56,0.19,-9.17,2.4671542106526174,1.15,12715610.0,21260132.0,422.0625,99.05,29.85,2019,644.52,-7.96,1.13,0.09
2019-03-07,batang,巴塘,Batang,1.54,-4.67,-0.11,-8.71,2.4565769873682046,1.18,12800186.0,21203980.0,418.9375,99.05,29.85,2019,644.58,-8.38,1.14,0.23
2019-03-08,batang,巴塘,Batang,0.99,-5.96,-0.26,-11.9,2.4661919642774603,0.92,12864221.0,21914144.0,415.875,99.05,29.85,2019,645.55,-10.27,0.84,0.22
2019-03-09,batang,巴塘,Batang,1.46,-7.01,0.3,-17.61,2.5693430193600846,0.61,13413001.0,23075264.0,412.84375,99.05,29.85,2019,647.26,-12.36,0.42,-0.01
2019-03-10,batang,巴塘,Batang,0.05,-7.83,0.26,-18.16,2.5804162894576845,0.61,14739741.0,24381448.0,409.90625,99.05,29.85,2019,648.98,-12.61,0.41,0.04
2019-03-11,batang,巴塘,Batang,0.04,-7.6,0.34,-17.63,2.568020031882876,0.67,15240925.0,24171498.0,406.875,99.05,29.85,2019,649.67,-12.26,0.49,-0.1
2019-03-12,batang,巴塘,Batang,0.59,-4.45,2.0,-17.67,2.8369242181122982,0.77,14864613.0,23081732.0,403.8125,99.05,29.85,2019,648.59,-8.86,0.7,-0.05
2019-03-13,batang,巴塘,Batang,0.94,-2.72,4.29,-11.41,2.900682593454872,0.75,14023033.0,21716632.0,400.8125,99.05,29.85,2019,651.73,-6.84,0.63,-0.04
2019-03-14,batang,巴塘,Batang,0.09,-2.59,3.43,-12.17,3.0753833995514785,0.95,15592622.0,23589864.0,398.125,99.05,29.85,2019,651.84,-6.46,0.9,-0.21
2019-03-15,batang,巴塘,Batang,1.28,0.85,5.07,-6.03,2.7093564778294668,1.3,12264469.0,18302552.0,395.875,99.05,29.85,2019,649.92,-2.35,1.29,-0.08
2019-03-16,batang,巴塘,Batang,3.11,0.68,5.05,-2.88,3.0224779450305013,1.47,13690833.0,20588796.0,398.4375,99.05,29.85,2019,648.91,-3.45,1.43,0.06
2019-03-17,batang,巴塘,Batang,2.18,-1.0,4.41,-8.17,3.084408146076938,0.66,12931209.0,20944284.0,408.53125,99.05,29.85,2019,651.74,-5.99,0.42,0.1
2019-03-18,batang,巴塘,Batang,1.17,-0.65,4.75,-8.12,3.0731232425145074,1.29,13735842.0,21674182.0,416.53125,99.05,29.85,2019,648.32,-5.52,1.23,-0.23
2019-03-19,batang,巴塘,Batang,2.83,-0.98,4.05,-5.39,2.9838251146920256,1.08,13324385.0,21310436.0,417.375,99.05,29.85,2019,646.11,-5.03,0.97,-0.03
2019-03-20,batang,巴塘,Batang,0.74,-1.11,3.55,-5.68,3.2231339988598835,1.27,14051182.0,22672080.0,414.375,99.05,29.85,2019,646.36,-7.45,1.22,-0.09
2019-03-21,batang,巴塘,Batang,0.84,-1.16,3.89,-6.85,3.255379738248664,1.13,14292338.0,22534618.0,407.5625,99.05,29.85,2019,647.57,-8.1,1.1,0.01
2019-03-22,batang,巴塘,Batang,2.93,-0.08,4.74,-6.46,3.3324989663422024,1.17,14363372.0,22362776.0,399.53125,99.05,29.85,2019,647.9,-6.05,1.11,0.0
2019-03-23,batang,巴塘,Batang,11.46,-1.15,2.28,-4.24,2.29944990306794,1.0,9669494.0,16574122.0,393.65625,99.05,29.85,2019,647.44,-3.85,0.55,0.31
2019-03-24,batang,巴塘,Batang,0.49,-3.53,2.26,-12.92,3.4728023179472807,0.57,8983488.0,26324150.0,390.75,99.05,29.85,2019,650.39,-9.4,0.3,0.11
2019-03-25,batang,巴塘,Batang,0.25,-3.03,3.12,-13.04,3.3331250542423683,0.98,11131672.0,26160568.0,385.53125,99.05,29.85,2019,650.81,-7.44,0.91,-0.14
2019-03-26,batang,巴塘,Batang,0.5,0.03,5.65,-5.39,3.2512228175438507,1.46,11530942.0,22587190.0,379.1875,99.05,29.85,2019,650.42,-4.93,1.43,-0.03
2019-03-27,batang,巴塘,Batang,2.65,-0.63,4.98,-7.44,3.3879972490303656,1.34,14114596.0,24487620.0,374.6875,99.05,29.85,2019,651.0,-5.11,0.52,0.25
2019-03-28,batang,巴塘,Batang,0.01,-5.05,0.9,-11.08,3.469382143161491,0.75,16110334.0,28218028.0,371.84375,99.05,29.85,2019,652.34,-13.97,-0.55,-0.43
2019-03-29,batang,巴塘,Batang,0.0,-1.62,5.08,-11.31,4.180592609467788,0.54,17159152.0,28223998.0,367.90625,99.05,29.85,2019,650.7,-13.19,0.15,-0.45
2019-03-30,batang,巴塘,Batang,0.1,0.58,7.12,-8.33,4.414905678773784,0.73,18074260.0,27967082.0,363.5625,99.05,29.85,2019,650.46,-7.62,0.57,-0.39
2019-03-31,batang,巴塘,Batang,0.46,2.12,6.4,-7.32,3.7697631754114,1.26,16008638.0,23929434.0,359.5,99.05,29.85,2019,650.18,-2.52,1.17,-0.41
2019-04-01,batang,巴塘,Batang,1.17,2.85,6.82,-0.99,3.617404624384135,1.52,15334158.0,22822800.0,358.0,99.05,29.85,2019,648.76,-1.32,1.5,-0.22
2019-04-02,batang,巴塘,Batang,0.91,1.84,5.91,-1.99,3.780711931812344,1.35,15653632.0,23381428.0,364.0625,99.05,29.85,2019,649.15,-5.04,1.33,-0.02
2019-04-03,batang,巴塘,Batang,2.57,-0.34,3.26,-4.51,2.460440898671599,0.57,10787040.0,16118922.0,379.3125,99.05,29.85,2019,650.24,-4.07,0.52,-0.07
2019-04-04,batang,巴塘,Batang,5.33,-0.66,4.11,-7.37,2.983037579108893,0.85,13201268.0,20747302.0,400.5625,99.05,29.85,2019,651.87,-4.08,0.2,0.06
2019-04-05,batang,巴塘,Batang,0.27,-2.66,2.79,-9.67,3.3453268612809794,1.1,14330670.0,25215730.0,418.8125,99.05,29.85,2019,653.91,-9.27,-1.09,-0.04
2019-04-06,batang,巴塘,Batang,0.0,-3.89,2.74,-10.39,3.828362774908995,0.8,18137824.0,29795652.0,424.34375,99.05,29.85,2019,654.03,-12.41,-0.56,-0.49
2019-04-07,batang,巴塘,Batang,0.0,1.25,7.01,-10.11,4.754147085027872,1.12,18813964.0,29066066.0,418.875,99.05,29.85,2019,649.59,-10.75,1.04,-0.3
2019-04-08,batang,巴塘,Batang,4.6,1.22,7.08,-3.83,3.639694890369668,0.75,16367904.0,23177804.0,407.8125,99.05,29.85,2019,648.5,-2.63,0.2,-0.07
2019-04-09,batang,巴塘,Batang,0.32,2.64,6.75,-2.31,4.356359439014055,0.7,16981218.0,25572914.0,396.9375,99.05,29.85,2019,649.73,-3.79,0.38,-0.22
2019-04-10,batang,巴塘,Batang,1.64,0.63,5.23,-6.81,2.949248940398,0.73,13330814.0,18398350.0,388.21875,99.05,29.85,2019,651.11,-5.2,-0.65,0.04
2019-04-11,batang,巴塘,Batang,0.0,2.08,9.19,-6.56,5.135458902538163,0.68,22824624.0,29969994.0,379.375,99.05,29.85,2019,651.03,-10.35,0.1,-0.44
2019-04-12,batang,巴塘,Batang,0.09,3.15,10.45,-4.67,5.102473439752076,0.52,22598302.0,28064334.0,369.8125,99.05,29.85,2019,651.54,-11.59,-0.18,-0.19
2019-04-13,batang,巴塘,Batang,0.0,4.62,11.6,-3.6,5.526489027696668,0.87,24572626.0,29694328.0,363.0,99.05,29.85,2019,651.86,-6.34,0.79,-0.31
2019-04-14,batang,巴塘,Batang,0.02,5.15,11.17,-1.86,5.0386586199772925,0.97,22535496.0,26869306.0,364.625,99.05,29.85,2019,651.32,-3.42,0.9,-0.29
2019-04-15,batang,巴塘,Batang,9.64,3.6,10.09,-0.84,4.556478224407443,0.45,21660238.0,25722800.0,377.03125,99.05,29.85,2019,651.82,-0.81,-0.03,-0.11
2019-04-16,batang,巴塘,Batang,0.66,3.29,10.3,-4.97,4.324829759054176,0.7,17131200.0,25237482.0,401.3125,99.05,29.85,2019,651.74,-1.14,0.51,-0.06
2019-04-17,batang,巴塘,Batang,0.18,3.2,10.48,-4.45,4.468791073495352,0.56,19794130.0,25470122.0,424.8125,99.05,29.85,2019,651.36,-3.09,0.33,-0.2
2019-04-18,batang,巴塘,Batang,0.09,4.7,11.48,-4.43,4.565866494086706,0.93,20389708.0,24894028.0,438.75,99.05,29.85,2019,649.44,-2.4,0.88,-0.15
2019-04-19,batang,巴塘,Batang,0.24,5.09,11.88,-1.94,4.6925964144321695,1.07,21404076.0,25345236.0,442.9375,99.05,29.85,2019,649.01,-2.26,1.04,-0.02
2019-04-20,batang,巴塘,Batang,0.61,5.67,12.19,-0.65,5.235962596615567,1.21,23338000.0,27202784.0,448.125,99.05,29.85,2019,648.49,-4.4,1.17,0.05
2019-04-21,batang,巴塘,Batang,6.08,3.23,10.14,-2.96,4.004320169751649,0.79,20408240.0,23774296.0,466.90625,99.05,29.85,2019,648.85,-0.36,0.6,-0.07
2019-04-22,batang,巴塘,Batang,1.68,4.05,10.34,-2.18,4.313342570330693,0.4,19094652.0,23503836.0,503.0,99.05,29.85,2019,650.72,-2.24,-0.04,-0.17
2019-04-23,batang,巴塘,Batang,9.15,3.63,10.22,-3.41,4.326753938103123,0.39,20232912.0,24335380.0,542.15625,99.05,29.85,2019,652.25,-0.04,-0.05,0.17
2019-04-24,batang,巴塘,Batang,0.03,2.67,9.73,-3.27,4.489675410314481,1.04,18907624.0,26918032.0,571.65625,99.05,29.85,2019,654.65,-4.1,-1.02,0.06
2019-04-25,batang,巴塘,Batang,0.0,6.16,13.51,-1.75,6.137553942577492,0.41,24664844.0,30747124.0,587.0,99.05,29.85,2019,653.04,-6.51,-0.26,-0.02
2019-04-26,batang,巴塘,Batang,0.18,8.59,15.14,0.62,6.409740867149779,1.05,24899798.0,29394812.0,599.0625,99.05,29.85,2019,650.68,-5.66,1.03,-0.01
2019-04-27,batang,巴塘,Batang,0.04,8.3,14.81,1.12,5.9063895227609065,1.03,24201274.0,28089336.0,625.5625,99.05,29.85,2019,649.85,-1.62,1.01,0.14
2019-04-28,batang,巴塘,Batang,0.65,8.23,14.21,1.31,5.169360741264477,0.76,21522852.0,24870884.0,691.15625,99.05,29.85,2019,650.18,1.35,0.63,0.09
2019-04-29,batang,巴塘,Batang,9.38,6.4,12.69,0.79,3.834705816726772,0.83,17517906.0,20269890.0,828.25,99.05,29.85,2019,650.26,3.07,0.51,0.02
2019-04-30,batang,巴塘,Batang,2.48,6.74,11.84,1.51,4.376147211428753,0.56,17010536.0,22077062.0,1061.2188,99.05,29.85,2019,650.32,1.6,0.0,0.08
2019-05-01,batang,巴塘,Batang,6.57,6.84,13.04,0.8,4.811299245645538,0.87,20369226.0,25223182.0,1290.0625,99.05,29.85,2019,648.99,2.86,0.69,-0.02
2019-05-02,batang,巴塘,Batang,2.56,6.38,11.1,1.84,3.2435815434838378,1.22,12779822.0,16635772.0,1453.4062,99.05,29.85,2019,650.66,1.53,1.2,-0.06
2019-05-03,batang,巴塘,Batang,0.95,9.65,15.4,2.51,5.006555705356028,1.27,19311910.0,23397082.0,1563.0312,99.05,29.85,2019,650.83,3.31,1.25,0.04
2019-05-04,batang,巴塘,Batang,0.38,10.27,16.39,4.7,4.134254066200112,1.59,15486848.0,18136688.0,1684.4688,99.05,29.85,2019,649.84,3.67,1.55,0.22
2019-05-05,batang,巴塘,Batang,0.54,10.55,15.74,5.37,3.968277885773884,1.69,15117776.0,17557732.0,1868.125,99.05,29.85,2019,647.75,4.85,1.66,-0.01
2019-05-06,batang,巴塘,Batang,1.42,9.92,16.22,3.49,4.950995601820762,1.91,19726340.0,22862136.0,2078.0,99.05,29.85,2019,646.35,2.97,1.87,0.23
2019-05-07,batang,巴塘,Batang,1.28,8.78,13.59,2.8,5.214665976250906,0.94,20865738.0,24183040.0,2297.9062,99.05,29.85,2019,647.37,-0.11,0.82,0.16
2019-05-08,batang,巴塘,Batang,12.19,8.62,14.21,1.82,5.031253019722518,1.37,20595832.0,23894596.0,2489.8438,99.05,29.85,2019,646.59,0.89,1.05,0.47
2019-05-09,batang,巴塘,Batang,7.82,3.97,7.95,1.68,3.0216959372183987,0.68,11088334.0,17144104.0,2616.3125,99.05,29.85,2019,649.56,1.03,-0.16,0.16
2019-05-10,batang,巴塘,Batang,4.14,4.02,10.09,-0.74,3.718443122405117,0.86,13517328.0,21847060.0,2616.8125,99.05,29.85,2019,650.78,1.52,0.67,-0.15
2019-05-11,batang,巴塘,Batang,5.56,6.46,12.02,0.67,4.160477354809989,1.31,16429128.0,22468442.0,2507.3125,99.05,29.85,2019,650.35,2.22,1.26,-0.12
2019-05-12,batang,巴塘,Batang,3.2,7.3,13.69,2.7,3.7629802863908144,1.12,13681568.0,18839696.0,2399.9688,99.05,29.85,2019,649.64,2.21,1.09,0.13
2019-05-13,batang,巴塘,Batang,2.11,7.03,11.89,2.47,3.609106774809632,1.39,14499050.0,18083060.0,2344.6562,99.05,29.85,2019,649.47,1.49,1.37,0.17
2019-05-14,batang,巴塘,Batang,0.57,8.61,14.16,2.63,4.939649810708424,0.97,19138148.0,22883754.0,2296.625,99.05,29.85,2019,649.43,-0.24,0.82,0.42
2019-05-15,batang,巴塘,Batang,1.83,9.68,14.62,3.51,5.628549994139191,1.26,21668464.0,25416240.0,2220.8125,99.05,29.85,2019,649.28,0.19,1.2,0.31
2019-05-16,batang,巴塘,Batang,1.56,9.81,15.0,4.05,5.9561068085271005,0.8,23214700.0,27062590.0,2134.9688,99.05,29.85,2019,649.48,1.02,0.5,0.13
2019-05-17,batang,巴塘,Batang,2.73,10.02,15.16,3.19,5.800155995359442,1.22,22616150.0,26326796.0,2051.3125,99.05,29.85,2019,648.33,1.43,1.14,0.24
2019-05-18,batang,巴塘,Batang,0.76,11.62,17.12,4.86,6.266464761453872,1.02,23077744.0,26857310.0,2014.5625,99.05,29.85,2019,648.77,2.11,0.92,0.25
2019-05-19,batang,巴塘,Batang,1.13,11.51,17.11,5.09,5.616729155712541,1.53,20416784.0,23762232.0,2045.6875,99.05,29.85,2019,650.45,2.32,1.51,0.13
2019-05-20,batang,巴塘,Batang,0.61,11.0,17.18,4.16,5.930849669685436,1.35,21881256.0,25470260.0,2130.3125,99.05,29.85,2019,650.8,0.76,1.27,0.3
2019-05-21,batang,巴塘,Batang,5.1,8.67,14.76,2.52,5.4265565888848615,0.46,22332160.0,25999248.0,2209.8438,99.05,29.85,2019,651.53,4.57,0.06,0.13
2019-05-22,batang,巴塘,Batang,1.51,10.56,16.04,4.1,5.813033631243831,0.9,22237234.0,25892740.0,2296.0312,99.05,29.85,2019,650.71,2.36,0.82,0.12
2019-05-23,batang,巴塘,Batang,4.42,9.75,15.68,4.57,5.363945539355589,0.77,21611700.0,25169404.0,2364.2188,99.05,29.85,2019,650.15,4.85,0.54,-0.05
2019-05-24,batang,巴塘,Batang,10.12,8.35,14.02,4.33,4.640994023236771,0.39,19073732.0,22376572.0,2415.125,99.05,29.85,2019,649.3,5.19,0.05,0.13
2019-05-25,batang,巴塘,Batang,1.55,10.88,16.66,5.31,5.835451204216675,0.67,22065614.0,25848988.0,2445.1562,99.05,29.85,2019,648.08,3.62,0.48,0.13
2019-05-26,batang,巴塘,Batang,0.92,12.02,17.58,6.94,5.684414097827222,1.56,20761992.0,24212096.0,2461.625,99.05,29.85,2019,648.52,3.99,1.52,-0.05
2019-05-27,batang,巴塘,Batang,0.73,12.68,18.96,5.91,6.223339685656822,1.44,21419802.0,24959388.0,2486.6562,99.05,29.85,2019,649.63,1.36,1.4,0.02
2019-05-28,batang,巴塘,Batang,0.26,12.97,18.59,6.87,6.1024452799058775,1.59,20915682.0,24371888.0,2530.4375,99.05,29.85,2019,649.18,2.56,1.55,0.07
2019-05-29,batang,巴塘,Batang,1.25,12.85,19.17,6.58,6.272600043272817,1.62,21650758.0,25231160.0,2598.4375,99.05,29.85,2019,648.25,2.22,1.54,0.26
2019-05-30,batang,巴塘,Batang,1.55,12.43,18.58,6.14,6.388095586587999,1.56,22146516.0,25812436.0,2663.0,99.05,29.85,2019,648.31,0.75,1.46,0.37
2019-05-31,batang,巴塘,Batang,9.4,8.01,15.72,2.99,4.560031299509778,1.16,19912048.0,23216440.0,2734.2188,99.05,29.85,2019,650.78,3.8,0.08,0.42
2019-06-01,batang,巴塘,Batang,1.77,6.89,11.58,0.89,5.1893860952239805,0.94,22068900.0,26096928.0,2811.4688,99.05,29.85,2019,652.71,-1.02,-0.88,0.26
2019-06-02,batang,巴塘,Batang,0.85,8.72,14.22,1.84,6.500612949985758,0.87,25519430.0,29960620.0,2778.0938,99.05,29.85,2019,652.16,-4.56,-0.76,0.09
2019-06-03,batang,巴塘,Batang,0.25,12.38,17.9,4.39,7.4243169725605265,1.12,26203680.0,30627796.0,2645.7812,99.05,29.85,2019,649.99,-1.24,1.06,-0.1
2019-06-04,batang,巴塘,Batang,5.17,10.02,16.79,4.18,5.397028140727507,1.01,21811372.0,25452284.0,2502.2812,99.05,29.85,2019,649.57,5.09,0.65,0.17
2019-06-05,batang,巴塘,Batang,0.43,11.89,18.45,5.48,6.248990751528792,0.61,22862042.0,26669408.0,2392.7812,99.05,29.85,2019,650.0,3.18,0.17,0.01
2019-06-06,batang,巴塘,Batang,0.34,14.79,20.29,8.26,7.504480888783907,1.05,25135552.0,29322080.0,2332.625,99.05,29.85,2019,650.48,3.33,1.0,0.12
2019-06-07,batang,巴塘,Batang,0.19,14.65,20.62,8.55,7.0086277647204325,1.29,23596698.0,27529976.0,2311.3125,99.05,29.85,2019,650.66,4.58,1.27,-0.02
2019-06-08,batang,巴塘,Batang,1.06,13.95,20.07,8.44,5.910588014217705,1.29,20262822.0,23643060.0,2298.9375,99.05,29.85,2019,648.88,5.68,1.27,-0.04
2019-06-09,batang,巴塘,Batang,5.19,11.41,18.71,5.02,5.0154933648195525,0.99,19217466.0,22426576.0,2317.6562,99.05,29.85,2019,648.84,6.47,0.52,0.05
2019-06-10,batang,巴塘,Batang,1.3,14.23,19.6,7.45,6.431889676810478,1.3,21444594.0,25028708.0,2398.2812,99.05,29.85,2019,647.98,3.74,1.18,0.31
2019-06-11,batang,巴塘,Batang,3.82,12.62,18.34,5.81,6.072584964782793,0.84,22225404.0,25942920.0,2483.4062,99.05,29.85,2019,649.99,6.16,-0.12,0.36
2019-06-12,batang,巴塘,Batang,2.94,12.78,19.38,6.37,6.108417061754108,0.55,22195970.0,25911908.0,2538.3125,99.05,29.85,2019,650.82,7.03,0.18,-0.05
2019-06-13,batang,巴塘,Batang,0.81,15.23,20.55,7.9,6.9788238196599615,1.2,23174122.0,27057808.0,2533.5625,99.05,29.85,2019,648.8,5.51,1.13,-0.01
2019-06-14,batang,巴塘,Batang,0.44,15.56,21.19,9.86,6.710851469809081,1.36,22195586.0,25918248.0,2492.125,99.05,29.85,2019,647.56,6.85,1.33,-0.01
2019-06-15,batang,巴塘,Batang,1.93,14.91,21.04,9.91,5.856255705540536,1.13,20009614.0,23368424.0,2457.625,99.05,29.85,2019,647.53,8.3,1.07,-0.08
2019-06-16,batang,巴塘,Batang,2.39,14.23,19.53,9.79,5.048254389663401,1.48,17542682.0,20492176.0,2491.9375,99.05,29.85,2019,647.48,8.43,1.43,-0.32
2019-06-17,batang,巴塘,Batang,0.68,15.55,21.78,9.73,6.703030220536876,1.65,21872412.0,25555560.0,2667.0625,99.05,29.85,2019,647.8,6.29,1.62,-0.12
2019-06-18,batang,巴塘,Batang,0.39,15.39,21.4,9.43,6.006785921968082,1.73,18734524.0,21894036.0,2968.5,99.05,29.85,2019,648.17,5.25,1.69,-0.0
2019-06-19,batang,巴塘,Batang,0.45,15.51,21.87,9.86,5.799680280435675,1.73,17985026.0,21022616.0,3263.0938,99.05,29.85,2019,648.42,5.79,1.67,0.05
2019-06-20,batang,巴塘,Batang,0.42,16.16,22.52,10.02,6.225029367946955,1.34,19408864.0,22691536.0,3441.875,99.05,29.85,2019,649.36,5.98,1.3,0.07
2019-06-21,batang,巴塘,Batang,0.34,16.53,23.23,10.12,6.944426532252662,1.18,22132282.0,25880672.0,3515.0312,99.05,29.85,2019,649.88,6.74,1.11,0.08
2019-06-22,batang,巴塘,Batang,3.62,16.23,23.48,9.99,6.880296723189608,0.81,22590078.0,26421636.0,3551.25,99.05,29.85,2019,650.14,8.03,0.73,0.07
2019-06-23,batang,巴塘,Batang,1.56,16.06,22.23,10.74,6.174306150668366,0.76,20288954.0,23736408.0,3591.125,99.05,29.85,2019,650.03,8.59,0.69,-0.09
2019-06-24,batang,巴塘,Batang,9.27,15.32,21.42,10.95,5.2424802211094095,0.64,17693656.0,20705312.0,3658.375,99.05,29.85,2019,650.25,9.87,0.37,-0.02
2019-06-25,batang,巴塘,Batang,5.01,14.33,19.8,10.78,4.30985461179929,0.73,15125804.0,17704380.0,3754.7188,99.05,29.85,2019,649.96,10.7,0.53,-0.26
2019-06-26,batang,巴塘,Batang,5.22,14.99,21.86,9.74,5.89387906059241,1.17,20634362.0,24156692.0,3869.75,99.05,29.85,2019,647.24,9.93,1.11,-0.14
2019-06-27,batang,巴塘,Batang,1.44,15.16,21.58,8.76,5.542896034741892,1.14,18706318.0,21903180.0,3963.0312,99.05,29.85,2019,645.85,8.84,1.08,-0.01
2019-06-28,batang,巴塘,Batang,1.26,15.87,21.38,10.0,6.442228044439781,1.2,21253788.0,24891948.0,4050.3125,99.05,29.85,2019,646.61,8.14,1.17,-0.06
2019-06-29,batang,巴塘,Batang,3.24,15.27,20.54,10.46,6.1105710805776985,1.25,20961774.0,24555348.0,4215.9688,99.05,29.85,2019,647.36,9.24,1.18,-0.21
2019-06-30,batang,巴塘,Batang,5.79,15.02,20.65,10.51,5.6729005011257945,0.87,19250978.0,22556360.0,4501.25,99.05,29.85,2019,649.18,8.76,0.65,-0.03
2019-07-01,batang,巴塘,Batang,4.05,14.75,20.29,10.71,5.499108679883572,1.3,19450420.0,22795360.0,4831.9688,99.05,29.85,2019,649.71,10.09,1.2,-0.42
2019-07-02,batang,巴塘,Batang,11.29,14.73,20.33,10.92,5.336537627402142,1.01,18577284.0,21776536.0,5115.75,99.05,29.85,2019,650.0,9.85,0.92,-0.11
2019-07-03,batang,巴塘,Batang,25.2,14.48,20.44,9.53,5.475142011959869,0.87,19473646.0,22832112.0,5420.3438,99.05,29.85,2019,649.53,10.66,0.61,0.29
2019-07-04,batang,巴塘,Batang,8.21,11.82,16.44,8.86,2.850801593615894,0.63,10498694.0,12311708.0,5715.1562,99.05,29.85,2019,650.56,8.83,0.56,-0.03
2019-07-05,batang,巴塘,Batang,3.12,13.2,17.56,9.89,4.345525112252647,1.15,15825258.0,18562208.0,5905.2188,99.05,29.85,2019,648.41,9.2,1.1,-0.21
2019-07-06,batang,巴塘,Batang,3.98,13.31,18.2,9.68,4.376764143319905,1.4,15892630.0,18646468.0,6047.9688,99.05,29.85,2019,646.34,9.04,1.36,-0.24
2019-07-07,batang,巴塘,Batang,18.19,13.67,18.7,10.13,4.381417409477348,0.98,15534254.0,18228568.0,6268.2812,99.05,29.85,2019,647.74,9.31,0.74,0.16
2019-07-08,batang,巴塘,Batang,2.21,12.51,16.23,8.89,3.7702786236370622,0.68,13498054.0,15842384.0,6534.875,99.05,29.85,2019,650.09,7.93,-0.06,0.23
2019-07-09,batang,巴塘,Batang,1.65,13.26,17.09,9.21,4.910358478612895,0.52,17090714.0,20063132.0,6620.3125,99.05,29.85,2019,649.12,6.33,0.39,0.03
2019-07-10,batang,巴塘,Batang,7.99,11.27,14.57,8.9,3.010490171126462,1.38,11516022.0,13521564.0,6504.125,99.05,29.85,2019,647.7,8.12,1.35,-0.23
2019-07-11,batang,巴塘,Batang,18.34,10.75,13.47,8.62,2.144126551873613,0.54,8280276.0,9724650.0,6374.5312,99.05,29.85,2019,649.5,9.32,0.26,0.02
2019-07-12,batang,巴塘,Batang,12.79,10.35,12.7,8.95,1.6016179856951709,0.56,6211210.0,7296724.0,6331.9062,99.05,29.85,2019,649.58,9.06,-0.31,-0.14
2019-07-13,batang,巴塘,Batang,14.58,10.94,14.24,8.61,2.2001855586196903,0.65,8487702.0,9973924.0,6317.0,99.05,29.85,2019,648.55,9.39,0.45,-0.33
2019-07-14,batang,巴塘,Batang,2.44,12.15,15.86,8.58,3.191479356568791,1.1,11677650.0,13725002.0,6313.2188,99.05,29.85,2019,646.93,8.6,1.04,-0.3
2019-07-15,batang,巴塘,Batang,3.76,13.26,18.16,8.73,4.813134281560759,1.15,17470346.0,20536580.0,6341.0,99.05,29.85,2019,647.37,8.8,1.12,-0.18
2019-07-16,batang,巴塘,Batang,1.85,13.81,19.08,8.95,5.123944604615962,1.12,18464512.0,21700684.0,6417.7812,99.05,29.85,2019,648.46,9.51,1.08,-0.15
2019-07-17,batang,巴塘,Batang,0.43,15.12,19.86,10.2,6.0207271072240935,1.12,20022790.0,23526040.0,6417.0,99.05,29.85,2019,649.3,7.35,1.06,-0.16
2019-07-18,batang,巴塘,Batang,4.04,14.25,20.06,8.77,5.619009633751934,0.9,19588258.0,23010278.0,6282.5625,99.05,29.85,2019,649.9,8.6,0.7,0.02
2019-07-19,batang,巴塘,Batang,6.0,13.7,19.27,7.44,5.636930148243879,0.41,20067530.0,23566988.0,6130.6875,99.05,29.85,2019,650.94,10.54,0.09,0.09
2019-07-20,batang,巴塘,Batang,2.79,14.64,19.53,9.29,5.906491726335944,0.8,20868744.0,24502054.0,5977.25,99.05,29.85,2019,650.58,10.66,0.74,-0.16
2019-07-21,batang,巴塘,Batang,11.94,14.71,20.31,10.54,5.557931925051951,0.82,19250126.0,22596804.0,5794.125,99.05,29.85,2019,649.95,9.65,0.58,0.05
2019-07-22,batang,巴塘,Batang,19.06,13.47,17.68,10.31,3.862704310858516,0.61,13830514.0,16231158.0,5621.922,99.05,29.85,2019,650.15,10.5,0.05,0.24
2019-07-23,batang,巴塘,Batang,13.25,13.01,17.02,10.05,4.230482403956526,0.58,15504748.0,18191666.0,5519.7812,99.05,29.85,2019,649.76,10.59,0.4,-0.19
2019-07-24,batang,巴塘,Batang,8.49,11.08,12.77,9.18,1.9224571870971607,0.81,7155282.0,8394446.0,5436.4375,99.05,29.85,2019,651.83,8.75,-0.51,0.21
2019-07-25,batang,巴塘,Batang,4.18,12.54,17.12,8.9,4.384596731343258,0.35,15717066.0,18431370.0,5378.1406,99.05,29.85,2019,651.8,7.62,-0.04,0.08
2019-07-26,batang,巴塘,Batang,3.95,13.07,18.2,8.45,5.566841905546242,0.66,20566420.0,24113138.0,5209.0,99.05,29.85,2019,650.35,10.1,0.56,-0.08
2019-07-27,batang,巴塘,Batang,2.96,13.62,19.37,8.91,5.72347424173553,0.83,20920566.0,24521998.0,4943.625,99.05,29.85,2019,650.62,10.0,0.76,-0.19
2019-07-28,batang,巴塘,Batang,6.22,13.52,18.63,9.5,5.194203612092875,0.75,18781262.0,22010004.0,4685.8125,99.05,29.85,2019,650.97,9.64,0.62,-0.07
2019-07-29,batang,巴塘,Batang,11.57,12.46,17.84,8.94,2.9779571182818265,0.41,10907696.0,12779438.0,4479.703,99.05,29.85,2019,651.54,10.48,-0.04,0.09
2019-07-30,batang,巴塘,Batang,20.1,12.88,18.64,8.87,4.610679752557804,0.53,16978166.0,19887430.0,4375.4062,99.05,29.85,2019,651.68,10.48,-0.07,0.23
2019-07-31,batang,巴塘,Batang,8.0,11.59,16.8,8.0,3.8117827649350406,0.49,14435228.0,16904808.0,4299.922000000001,99.05,29.85,2019,651.96,9.33,0.37,-0.04
2019-08-01,batang,巴塘,Batang,1.69,13.29,17.42,8.96,5.314067316042031,1.22,19352558.0,22657628.0,4197.3594,99.05,29.85,2019,650.25,8.19,1.16,-0.29
2019-08-02,batang,巴塘,Batang,8.66,11.34,16.61,6.98,3.090115338463681,0.64,11735908.0,13737150.0,4050.6719,99.05,29.85,2019,650.31,8.78,0.36,-0.02
2019-08-03,batang,巴塘,Batang,0.78,15.33,20.23,8.22,6.538749439248601,0.85,21767286.0,25472662.0,3945.2969,99.05,29.85,2019,649.79,6.76,-0.06,-0.05
2019-08-04,batang,巴塘,Batang,3.93,13.44,18.09,9.68,4.543227474201989,1.35,16451268.0,19247188.0,3854.3281,99.05,29.85,2019,649.26,8.98,1.25,-0.45
2019-08-05,batang,巴塘,Batang,25.91,12.37,17.06,8.52,3.5734465139729936,0.85,13318992.0,15580668.0,3816.6562,99.05,29.85,2019,650.23,9.41,0.54,-0.19
2019-08-06,batang,巴塘,Batang,13.71,12.58,18.2,8.98,4.813046303930797,0.45,17666458.0,20663208.0,3909.7812,99.05,29.85,2019,650.92,9.38,0.15,-0.15
2019-08-07,batang,巴塘,Batang,3.58,13.77,18.2,10.16,5.175739815886871,1.03,19013048.0,22230098.0,3978.3281,99.05,29.85,2019,649.58,10.27,0.95,-0.36
2019-08-08,batang,巴塘,Batang,9.12,12.88,17.57,9.82,4.330993524384216,0.65,15861972.0,18540956.0,3986.9219,99.05,29.85,2019,650.92,9.56,-0.14,0.22
2019-08-09,batang,巴塘,Batang,6.64,12.18,17.21,6.2,4.2991108572853385,0.62,16237102.0,18972616.0,4025.6875,99.05,29.85,2019,652.04,9.75,-0.44,0.22
2019-08-10,batang,巴塘,Batang,0.28,13.54,19.0,7.31,5.947789818235147,0.72,20364996.0,23792846.0,3938.2344,99.05,29.85,2019,652.12,3.41,-0.49,-0.06
2019-08-11,batang,巴塘,Batang,0.35,14.25,19.91,8.23,6.873790767861314,0.59,23477248.0,27421634.0,3749.4375,99.05,29.85,2019,651.43,4.09,0.37,0.03
2019-08-12,batang,巴塘,Batang,0.59,14.72,19.82,8.74,7.102198985843713,0.93,24090404.0,28131792.0,3549.4062,99.05,29.85,2019,650.94,5.17,0.89,-0.11
2019-08-13,batang,巴塘,Batang,9.36,12.34,18.38,5.78,5.078912983235019,0.6,18987462.0,22168320.0,3357.2031,99.05,29.85,2019,652.24,8.99,0.07,0.14
2019-08-14,batang,巴塘,Batang,0.31,13.42,19.0,7.28,6.108084982229136,0.9,20950020.0,24452662.0,3210.0156,99.05,29.85,2019,652.78,3.11,-0.86,0.03
2019-08-15,batang,巴塘,Batang,0.85,13.3,18.24,6.19,6.527226420342866,0.62,23021198.0,26863270.0,3087.0938,99.05,29.85,2019,652.0,4.62,0.18,0.02
2019-08-16,batang,巴塘,Batang,0.29,14.75,20.71,6.7,7.194147396641853,0.9,24169724.0,28189244.0,2952.4062,99.05,29.85,2019,651.31,3.9,0.86,-0.18
2019-08-17,batang,巴塘,Batang,0.04,16.19,21.78,9.17,7.294891741101651,1.1,23651368.0,27569806.0,2803.9375,99.05,29.85,2019,650.66,5.95,1.05,-0.16
2019-08-18,batang,巴塘,Batang,0.08,16.4,21.51,11.14,6.324555709551992,1.13,20319404.0,23672964.0,2652.7812,99.05,29.85,2019,650.41,7.72,1.06,-0.02
2019-08-19,batang,巴塘,Batang,14.63,14.79,20.1,10.81,4.82266185916242,0.92,16631060.0,19367604.0,2519.5781,99.05,29.85,2019,650.87,9.8,0.84,-0.09
2019-08-20,batang,巴塘,Batang,11.16,12.15,15.43,10.53,2.1975635326224325,0.62,8101172.0,9428502.0,2470.9062,99.05,29.85,2019,652.07,10.0,0.48,0.02
2019-08-21,batang,巴塘,Batang,0.42,15.18,19.36,10.66,4.749716371041301,1.18,15360306.0,17868492.0,2515.6406,99.05,29.85,2019,651.52,7.8,1.13,-0.17
2019-08-22,batang,巴塘,Batang,4.14,13.71,18.63,9.61,4.286843464053382,0.83,15259322.0,17741504.0,2571.125,99.05,29.85,2019,651.87,9.42,0.7,-0.25
2019-08-23,batang,巴塘,Batang,1.25,13.44,17.97,8.65,4.99571643528557,1.21,18085302.0,21015640.0,2618.9375,99.05,29.85,2019,652.91,8.31,1.13,-0.3
2019-08-24,batang,巴塘,Batang,0.41,14.58,19.4,9.09,4.8537479866107685,1.01,15849174.0,18407064.0,2643.9219,99.05,29.85,2019,653.27,6.06,0.96,-0.25
2019-08-25,batang,巴塘,Batang,0.02,14.8,20.45,9.02,6.250103339207226,0.94,20600880.0,23912056.0,2629.9844,99.05,29.85,2019,653.19,3.88,0.88,-0.13
2019-08-26,batang,巴塘,Batang,0.0,15.93,21.28,8.96,7.044247499170552,0.66,23135414.0,26840708.0,2568.7188,99.05,29.85,2019,652.42,5.28,0.59,-0.11
2019-08-27,batang,巴塘,Batang,2.75,14.92,21.38,9.32,6.015587529938116,0.74,20777802.0,24093786.0,2478.4375,99.05,29.85,2019,653.36,8.72,0.61,-0.17
2019-08-28,batang,巴塘,Batang,2.43,14.66,19.85,10.04,5.4046415527796485,0.85,18693722.0,21666864.0,2390.125,99.05,29.85,2019,654.21,8.65,0.74,-0.18
2019-08-29,batang,巴塘,Batang,9.03,13.12,17.18,10.27,3.9077658043199466,0.62,14188254.0,16437360.0,2325.7031,99.05,29.85,2019,652.8,9.56,0.55,-0.09
2019-08-30,batang,巴塘,Batang,13.08,9.87,11.67,8.27,1.677213450867191,0.89,6816734.0,7891408.0,2321.6562,99.05,29.85,2019,651.8,8.48,0.76,-0.43
2019-08-31,batang,巴塘,Batang,4.44,10.43,14.85,7.26,2.8419112716332835,0.66,11245616.0,13011132.0,2382.1875,99.05,29.85,2019,652.47,8.14,0.54,-0.32
2019-09-01,batang,巴塘,Batang,3.36,12.73,18.41,7.71,5.137202713545863,0.78,18966944.0,21936616.0,2450.7812,99.05,29.85,2019,652.17,7.77,0.71,-0.11
2019-09-02,batang,巴塘,Batang,4.59,11.99,16.35,8.69,4.181924342604415,0.91,16186906.0,18712344.0,2476.9375,99.05,29.85,2019,651.97,9.03,0.81,-0.38
2019-09-03,batang,巴塘,Batang,16.94,12.39,17.15,8.69,4.063487800354504,0.88,15451198.0,17851352.0,2488.6875,99.05,29.85,2019,651.13,9.3,0.81,-0.27
2019-09-04,batang,巴塘,Batang,11.81,11.25,14.78,9.05,2.135311364069475,0.49,7856588.0,9074236.0,2544.9219,99.05,29.85,2019,651.01,7.84,0.12,-0.21
2019-09-05,batang,巴塘,Batang,3.42,11.57,15.93,8.57,3.47667648633413,0.73,13233788.0,15272378.0,2599.9688,99.05,29.85,2019,650.68,8.19,0.51,-0.02
2019-09-06,batang,巴塘,Batang,1.16,13.81,18.82,8.79,4.666756169812491,0.99,16421794.0,18943276.0,2602.4688,99.05,29.85,2019,649.35,8.07,0.95,-0.18
2019-09-07,batang,巴塘,Batang,7.16,13.66,18.64,9.62,4.758635215275662,0.84,17004282.0,19605074.0,2585.625,99.05,29.85,2019,649.74,8.45,0.69,0.0
2019-09-08,batang,巴塘,Batang,3.5,13.3,18.66,9.36,4.653593747800403,0.64,17238752.0,19864502.0,2592.5469,99.05,29.85,2019,649.77,10.36,0.6,-0.07
2019-09-09,batang,巴塘,Batang,4.4,13.31,18.57,8.5,4.648293976613248,0.63,17063958.0,19653510.0,2623.625,99.05,29.85,2019,649.85,9.74,0.54,-0.06
2019-09-10,batang,巴塘,Batang,7.57,13.35,17.72,9.08,4.125981985433666,0.82,15444178.0,17777638.0,2664.3438,99.05,29.85,2019,651.36,10.76,0.74,-0.22
2019-09-11,batang,巴塘,Batang,5.6,12.42,15.48,9.81,2.626120955842345,0.83,9773010.0,11244450.0,2726.2344,99.05,29.85,2019,653.03,9.82,0.76,-0.21
2019-09-12,batang,巴塘,Batang,4.92,12.58,16.68,8.76,3.5622029329467475,1.23,13513764.0,15539264.0,2764.6719,99.05,29.85,2019,652.74,9.34,1.18,-0.33
2019-09-13,batang,巴塘,Batang,0.7,13.15,18.35,8.81,4.475022756278868,1.27,16323456.0,18760644.0,2768.6094,99.05,29.85,2019,652.1,8.1,1.22,-0.23
2019-09-14,batang,巴塘,Batang,3.39,12.67,17.69,9.07,4.036719973424146,1.21,15153302.0,17407520.0,2821.8594,99.05,29.85,2019,651.9,8.67,1.16,-0.25
2019-09-15,batang,巴塘,Batang,8.97,12.25,17.67,8.89,4.130553570908645,1.08,16335666.0,18756438.0,2967.4219,99.05,29.85,2019,651.26,9.82,1.01,-0.31
2019-09-16,batang,巴塘,Batang,3.46,12.33,17.59,8.65,4.122447186544423,1.43,15878476.0,18215696.0,3156.2031,99.05,29.85,2019,650.65,8.44,1.38,-0.31
2019-09-17,batang,巴塘,Batang,0.84,12.67,18.07,8.75,4.171783393676948,1.52,15471620.0,17733344.0,3235.5781,99.05,29.85,2019,652.62,7.83,1.46,-0.34
2019-09-18,batang,巴塘,Batang,0.9,12.52,17.6,7.83,4.354642379480899,1.59,16078610.0,18413646.0,3221.1562,99.05,29.85,2019,653.89,7.08,1.55,-0.29
2019-09-19,batang,巴塘,Batang,1.12,12.24,16.81,7.66,4.786042156640541,1.35,17119402.0,19588852.0,3191.1406,99.05,29.85,2019,653.46,4.41,1.32,-0.14
2019-09-20,batang,巴塘,Batang,18.33,8.93,14.76,5.37,3.315976699777728,0.74,14041860.0,16056606.0,3203.6406,99.05,29.85,2019,654.23,6.4,0.15,0.34
2019-09-21,batang,巴塘,Batang,7.36,5.73,7.5,3.41,1.4743059381417516,0.74,6792860.0,7853954.0,3329.3594,99.05,29.85,2019,655.76,4.33,-0.26,0.31
2019-09-22,batang,巴塘,Batang,3.08,8.24,13.82,3.74,3.590749611060851,1.36,15856590.0,18286004.0,3344.8594,99.05,29.85,2019,654.78,4.89,1.3,-0.3
2019-09-23,batang,巴塘,Batang,9.48,8.55,13.75,5.52,3.163112177497612,1.22,14016378.0,16042983.0,3264.9375,99.05,29.85,2019,654.6,6.1,1.18,-0.14
2019-09-24,batang,巴塘,Batang,9.16,5.43,8.82,1.23,1.4306000891187796,0.74,6448339.0,7537579.0,3308.3594,99.05,29.85,2019,656.66,3.6,-0.55,0.33
2019-09-25,batang,巴塘,Batang,0.97,6.11,11.6,0.7,4.409003672801829,1.05,18910508.0,21900736.0,3371.8281,99.05,29.85,2019,658.03,-3.46,-1.02,0.04
2019-09-26,batang,巴塘,Batang,1.07,6.63,12.15,0.59,4.53617875534858,0.86,19247388.0,22050752.0,3265.3594,99.05,29.85,2019,657.48,-3.45,-0.82,0.17
2019-09-27,batang,巴塘,Batang,0.9,6.93,12.56,0.75,4.689604333083225,0.61,19908062.0,22690542.0,3084.0156,99.05,29.85,2019,656.8,-3.08,-0.43,0.04
2019-09-28,batang,巴塘,Batang,0.98,7.81,12.7,1.37,4.260302200896612,0.94,18596416.0,21140394.0,2920.8594,99.05,29.85,2019,655.43,2.89,0.92,-0.04
2019-09-29,batang,巴塘,Batang,1.78,8.63,13.04,4.34,3.640356757712546,0.84,14967838.0,16990608.0,2789.7344,99.05,29.85,2019,653.85,3.08,0.79,-0.01
2019-09-30,batang,巴塘,Batang,0.6,9.26,13.69,5.02,3.5098509386232566,1.12,13736615.0,15587828.0,2716.3047,99.05,29.85,2019,651.7,2.81,1.08,-0.11
2019-10-01,batang,巴塘,Batang,0.29,10.23,14.9,5.45,3.6976445375929217,1.01,13920622.0,15774919.0,2663.1406,99.05,29.85,2019,652.08,3.03,0.98,-0.18
2019-10-02,batang,巴塘,Batang,1.03,9.9,15.02,5.17,3.6445950552473727,0.92,14369380.0,16265826.0,2584.5234,99.05,29.85,2019,652.3,4.3,0.9,-0.04
2019-10-03,batang,巴塘,Batang,0.24,10.25,15.28,5.58,3.4782961073660763,0.9,13214692.0,14945860.0,2502.4062,99.05,29.85,2019,652.42,3.76,0.82,-0.15
2019-10-04,batang,巴塘,Batang,1.4,9.99,15.29,5.85,3.9177646302000513,0.67,15723788.0,17768856.0,2421.8125,99.05,29.85,2019,652.94,5.21,0.44,-0.12
2019-10-05,batang,巴塘,Batang,0.23,11.25,16.32,5.94,3.947729180890672,1.09,14397848.0,16256138.0,2347.3906,99.05,29.85,2019,653.11,3.64,1.04,-0.21
2019-10-06,batang,巴塘,Batang,0.85,11.13,16.38,7.2,3.86139187644714,0.87,14716118.0,16602790.0,2282.0781,99.05,29.85,2019,653.83,5.33,0.82,-0.21
2019-10-07,batang,巴塘,Batang,3.32,9.86,15.35,6.6,3.65677231339868,0.86,14939258.0,16839776.0,2223.1172,99.05,29.85,2019,654.19,5.72,0.79,-0.11
2019-10-08,batang,巴塘,Batang,1.6,9.51,14.84,5.26,3.6358723153705217,1.26,15321498.0,17257128.0,2186.8438,99.05,29.85,2019,652.94,5.52,1.21,-0.34
2019-10-09,batang,巴塘,Batang,1.18,9.66,15.12,5.38,3.954764379794117,1.25,16091196.0,18108692.0,2162.7266,99.05,29.85,2019,651.04,4.13,1.23,-0.14
2019-10-10,batang,巴塘,Batang,0.7,9.36,14.77,3.96,4.055607564670645,1.41,16262340.0,18285982.0,2148.25,99.05,29.85,2019,650.61,2.58,1.4,-0.05
2019-10-11,batang,巴塘,Batang,6.33,7.24,13.58,3.05,3.6550935682670738,0.86,16303736.0,18320456.0,2165.336,99.05,29.85,2019,651.99,2.78,0.35,0.07
2019-10-12,batang,巴塘,Batang,1.48,7.03,12.25,3.05,3.4269092063828217,0.5,14388042.0,16917910.0,2225.5,99.05,29.85,2019,652.77,2.46,0.35,-0.06
2019-10-13,batang,巴塘,Batang,4.54,6.9,12.52,2.37,3.516545360084892,0.84,15346016.0,17669842.0,2249.2422,99.05,29.85,2019,653.72,2.16,0.45,0.0
2019-10-14,batang,巴塘,Batang,1.79,6.92,11.93,2.13,3.54529674044766,1.24,13809282.0,16994140.0,2216.9766,99.05,29.85,2019,653.78,-0.27,1.22,0.02
2019-10-15,batang,巴塘,Batang,1.08,6.12,11.9,0.38,3.554637455336572,1.05,14754594.0,17373708.0,2169.8672,99.05,29.85,2019,654.35,-1.88,0.33,0.24
2019-10-16,batang,巴塘,Batang,6.38,4.63,10.33,0.47,3.146584985771404,0.71,14779252.0,17256958.0,2111.8125,99.05,29.85,2019,654.74,0.92,0.11,0.13
2019-10-17,batang,巴塘,Batang,0.98,1.09,6.74,-4.6,3.215489166103323,1.11,14404604.0,19549788.0,2047.9531,99.05,29.85,2019,657.55,-6.58,-1.1,0.17
2019-10-18,batang,巴塘,Batang,0.03,2.77,9.2,-4.91,3.75957287596852,0.37,16433398.0,21032234.0,1962.8672,99.05,29.85,2019,655.66,-5.9,-0.14,0.04
2019-10-19,batang,巴塘,Batang,0.75,4.27,10.69,-0.59,2.8628113602799985,0.7,12894570.0,15606476.0,1856.9297,99.05,29.85,2019,654.73,-0.1,0.49,-0.08
2019-10-20,batang,巴塘,Batang,1.1,6.39,11.48,-0.33,2.902281988167972,0.98,12127106.0,14156258.0,1745.5156,99.05,29.85,2019,652.34,0.51,0.89,-0.22
2019-10-21,batang,巴塘,Batang,8.76,6.82,11.63,2.57,2.9978428084547537,1.03,13175180.0,15053832.0,1645.1797,99.05,29.85,2019,649.04,2.47,0.67,0.17
2019-10-22,batang,巴塘,Batang,9.86,2.93,8.88,-3.44,2.297114223347781,0.43,9536020.0,13370056.0,1589.0156,99.05,29.85,2019,650.63,1.33,-0.26,0.1
2019-10-23,batang,巴塘,Batang,0.87,4.36,9.94,-2.84,3.1118224262098675,0.85,10828036.0,16988556.0,1570.3359,99.05,29.85,2019,650.68,-0.54,0.72,-0.15
2019-10-24,batang,巴塘,Batang,2.16,5.27,9.81,2.14,2.1355614849751734,1.46,8219058.0,11146556.0,1543.2734,99.05,29.85,2019,650.7,1.55,1.44,-0.07
2019-10-25,batang,巴塘,Batang,2.6,4.74,8.8,1.32,2.240577377468064,1.44,9666676.0,12353396.0,1497.6797,99.05,29.85,2019,651.4,1.42,1.42,-0.18
2019-10-26,batang,巴塘,Batang,1.82,4.88,9.77,1.7,2.317397236400857,1.79,10085200.0,12585084.0,1451.2656,99.05,29.85,2019,650.16,1.06,1.78,-0.07
2019-10-27,batang,巴塘,Batang,8.37,3.62,9.82,-2.41,2.339824166557664,1.0,11483248.0,13715456.0,1418.5859,99.05,29.85,2019,652.61,1.1,0.15,0.3
2019-10-28,batang,巴塘,Batang,0.97,2.24,9.01,-2.45,2.789635220524947,0.52,11923148.0,15862680.0,1407.1875,99.05,29.85,2019,655.13,-4.39,-0.3,-0.12
2019-10-29,batang,巴塘,Batang,1.39,1.67,9.94,-4.95,2.9112627496819568,0.62,14196652.0,17630028.0,1385.8984,99.05,29.85,2019,654.57,-2.54,0.13,-0.17
2019-10-30,batang,巴塘,Batang,0.53,3.78,9.21,-3.76,3.073956565683958,1.09,14100454.0,16720548.0,1342.9297,99.05,29.85,2019,652.23,-2.68,1.02,-0.28
2019-10-31,batang,巴塘,Batang,1.27,4.05,8.6,0.46,2.5441557609067806,1.32,11503738.0,13459852.0,1288.8359,99.05,29.85,2019,651.43,-1.57,1.29,-0.11
2019-11-01,batang,巴塘,Batang,5.52,3.03,8.16,-0.91,2.613110830144662,0.79,12782144.0,14939444.0,1237.0859,99.05,29.85,2019,652.8,-1.25,0.18,0.05
2019-11-02,batang,巴塘,Batang,0.49,1.38,7.24,-2.57,2.873510344556237,0.76,12611840.0,17134516.0,1194.3281,99.05,29.85,2019,655.16,-5.07,-0.69,-0.14
2019-11-03,batang,巴塘,Batang,0.04,4.22,10.16,-2.63,3.5896491789176186,0.9,14763812.0,18574676.0,1151.25,99.05,29.85,2019,652.92,-5.63,0.7,-0.28
2019-11-04,batang,巴塘,Batang,0.51,4.05,8.7,0.38,2.82082513124794,1.22,11636836.0,14015860.0,1110.2891,99.05,29.85,2019,650.81,-4.59,1.19,-0.06
2019-11-05,batang,巴塘,Batang,3.99,2.26,7.92,-1.92,2.657136342267484,0.86,13117318.0,15486496.0,1074.2109,99.05,29.85,2019,648.88,-2.9,0.49,-0.08
2019-11-06,batang,巴塘,Batang,1.84,1.01,8.21,-3.73,2.590995860040332,0.51,12853920.0,15972408.0,1045.3125,99.05,29.85,2019,651.27,-2.78,-0.26,-0.21
2019-11-07,batang,巴塘,Batang,0.0,4.37,10.84,-3.24,3.2549831240690885,0.85,13847376.0,16679464.0,1018.60156,99.05,29.85,2019,651.66,-4.53,0.7,-0.19
2019-11-08,batang,巴塘,Batang,0.05,5.03,10.7,-0.06,2.6321724529877923,1.06,10825482.0,12632904.0,994.7578,99.05,29.85,2019,652.31,-2.76,0.99,-0.22
2019-11-09,batang,巴塘,Batang,2.13,4.56,9.18,0.9,2.1681682931026063,0.82,9839024.0,11270552.0,975.375,99.05,29.85,2019,653.01,-0.02,0.18,-0.04
2019-11-10,batang,巴塘,Batang,1.44,5.26,9.77,1.87,2.242192216748909,1.12,9926038.0,11730264.0,963.22656,99.05,29.85,2019,650.14,1.5,1.1,-0.07
2019-11-11,batang,巴塘,Batang,1.4,5.63,11.03,2.22,2.4187955544559783,1.09,10781040.0,12413664.0,954.33594,99.05,29.85,2019,649.37,1.45,1.04,-0.13
2019-11-12,batang,巴塘,Batang,0.86,5.9,11.5,1.5,2.7937759355288585,1.0,11687568.0,13290056.0,946.5469,99.05,29.85,2019,652.39,-1.45,0.92,-0.01
2019-11-13,batang,巴塘,Batang,0.32,5.92,12.03,1.15,3.073701617556781,0.84,13129502.0,14783108.0,937.08594,99.05,29.85,2019,655.07,-2.21,0.74,-0.06
2019-11-14,batang,巴塘,Batang,0.02,5.75,11.4,0.74,2.7600983096757634,0.97,11572492.0,12959548.0,926.34375,99.05,29.85,2019,654.48,-2.36,0.93,-0.19
2019-11-15,batang,巴塘,Batang,0.08,5.52,11.3,0.2,2.922322487266406,0.87,12822930.0,14319272.0,915.64844,99.05,29.85,2019,652.12,-1.93,0.83,-0.1
2019-11-16,batang,巴塘,Batang,0.25,5.4,11.97,-0.11,2.907831626660605,0.83,12526860.0,13968632.0,906.83594,99.05,29.85,2019,651.01,-3.42,0.67,0.07
2019-11-17,batang,巴塘,Batang,4.69,3.09,10.11,-1.94,2.2630781195734104,0.69,11260368.0,12548588.0,900.5625,99.05,29.85,2019,651.38,-1.59,0.21,0.08
2019-11-18,batang,巴塘,Batang,6.05,2.5,7.4,-1.74,2.2771439783454257,0.8,11187264.0,13684320.0,899.6875,99.05,29.85,2019,650.2,-0.13,0.75,-0.14
2019-11-19,batang,巴塘,Batang,1.97,1.15,5.73,-2.33,1.821634806761447,0.93,7966186.0,11147568.0,900.39844,99.05,29.85,2019,649.76,-2.32,0.87,-0.15
2019-11-20,batang,巴塘,Batang,1.98,-0.28,5.79,-6.45,2.092070264736636,0.7,10046824.0,13565636.0,894.84375,99.05,29.85,2019,651.96,-4.23,0.42,-0.11
2019-11-21,batang,巴塘,Batang,0.15,-0.01,6.49,-4.82,2.27910825207804,0.54,10403918.0,14132136.0,884.46875,99.05,29.85,2019,652.53,-5.97,0.46,-0.19
2019-11-22,batang,巴塘,Batang,0.0,0.87,7.74,-4.81,2.7534820296471048,0.64,12937402.0,16595400.0,873.22656,99.05,29.85,2019,652.18,-5.88,0.56,-0.23
2019-11-23,batang,巴塘,Batang,0.0,2.6,9.27,-3.96,2.9202089058397176,0.93,13347010.0,16366336.0,863.02344,99.05,29.85,2019,650.66,-4.5,0.87,-0.25
2019-11-24,batang,巴塘,Batang,3.25,2.15,8.05,-2.21,2.160201117657292,0.86,10609512.0,12582840.0,854.5469,99.05,29.85,2019,651.23,-2.1,0.64,-0.16
2019-11-25,batang,巴塘,Batang,0.43,3.62,8.67,-0.97,2.1664867490946493,1.21,9017868.0,11116952.0,848.46094,99.05,29.85,2019,650.7,-2.29,1.17,-0.19
2019-11-26,batang,巴塘,Batang,2.79,1.67,7.17,-2.3,2.133167031406951,0.83,10317040.0,12463832.0,842.1094,99.05,29.85,2019,651.2,-3.18,0.66,-0.21
2019-11-27,batang,巴塘,Batang,0.65,1.49,6.42,-2.32,2.156867760667501,0.91,10286288.0,12684992.0,836.5469,99.05,29.85,2019,652.85,-3.53,0.83,-0.23
2019-11-28,batang,巴塘,Batang,1.4,1.89,7.21,-2.94,2.340224237796656,1.23,10673034.0,13063576.0,829.8203,99.05,29.85,2019,651.27,-4.71,1.19,0.11
2019-11-29,batang,巴塘,Batang,0.58,0.73,5.62,-4.41,2.2491689094259293,1.49,9977984.0,12105600.0,823.4531,99.05,29.85,2019,649.23,-8.04,1.45,0.13
2019-11-30,batang,巴塘,Batang,0.36,0.34,5.63,-4.51,2.5439747804926243,1.57,11528116.0,13968868.0,817.2344,99.05,29.85,2019,647.53,-10.06,1.37,0.57
2019-12-01,batang,巴塘,Batang,1.68,0.17,5.0,-3.11,2.121576167356662,1.08,9824186.0,12140148.0,811.4531,99.05,29.85,2019,648.82,-7.94,0.99,0.12
2019-12-02,batang,巴塘,Batang,1.43,-0.85,3.91,-5.23,2.006336009354845,1.48,9676904.0,12419356.0,806.1719,99.05,29.85,2019,648.29,-7.42,1.43,0.02
2019-12-03,batang,巴塘,Batang,0.31,-1.27,3.38,-5.59,2.2687333901078715,0.95,10462058.0,13514784.0,800.8125,99.05,29.85,2019,649.24,-12.61,0.87,0.17
2019-12-04,batang,巴塘,Batang,1.78,-5.29,-0.86,-11.4,1.4336946947649114,0.97,7966796.0,10499612.0,795.1875,99.05,29.85,2019,653.63,-12.4,-0.93,0.1
2019-12-05,batang,巴塘,Batang,0.0,-8.2,-2.74,-12.64,1.81589491954157,0.88,11514460.0,15947404.0,789.5078,99.05,29.85,2019,656.31,-18.58,-0.84,-0.14
2019-12-06,batang,巴塘,Batang,0.0,-5.24,1.19,-11.91,2.1654570128579773,0.42,11877368.0,16177128.0,783.89844,99.05,29.85,2019,654.03,-19.22,-0.2,-0.15
2019-12-07,batang,巴塘,Batang,0.0,-4.27,2.31,-9.62,2.24243178380126,0.58,11913410.0,15909568.0,778.5469,99.05,29.85,2019,653.31,-17.27,-0.49,-0.18
2019-12-08,batang,巴塘,Batang,0.01,-5.31,0.79,-9.13,2.041428847755593,0.98,11129994.0,14589012.0,773.3281,99.05,29.85,2019,652.27,-18.72,-0.95,0.1
2019-12-09,batang,巴塘,Batang,0.58,-4.66,1.39,-9.38,1.8239768231847773,0.51,10321774.0,13329248.0,768.21094,99.05,29.85,2019,649.75,-13.76,-0.02,-0.11
2019-12-10,batang,巴塘,Batang,0.06,-3.32,2.68,-8.98,2.004453721355387,0.75,10581124.0,13759372.0,763.1172,99.05,29.85,2019,647.82,-12.09,0.63,-0.27
2019-12-11,batang,巴塘,Batang,1.83,-3.31,1.1,-7.08,1.4742375298195296,1.0,8026874.0,10343600.0,758.0781,99.05,29.85,2019,646.37,-8.35,0.97,-0.14
2019-12-12,batang,巴塘,Batang,0.11,-3.62,1.77,-7.03,1.8596789891447605,1.09,9567454.0,13064872.0,753.125,99.05,29.85,2019,649.54,-10.92,1.04,-0.13
2019-12-13,batang,巴塘,Batang,0.26,-1.66,4.39,-6.9,1.971621550803512,1.38,9793236.0,13031528.0,748.125,99.05,29.85,2019,650.81,-7.69,1.36,-0.09
2019-12-14,batang,巴塘,Batang,0.61,-1.56,3.83,-5.52,1.8909388888276608,1.64,9348602.0,12317064.0,743.2422,99.05,29.85,2019,648.71,-7.48,1.6,0.09
2019-12-15,batang,巴塘,Batang,0.54,-2.04,2.9,-5.68,1.9475374204003617,1.55,9657950.0,12664132.0,738.6719,99.05,29.85,2019,648.32,-8.93,1.52,0.07
2019-12-16,batang,巴塘,Batang,1.4,-2.48,2.96,-6.41,1.8847634153737427,1.38,9909572.0,13162184.0,734.0781,99.05,29.85,2019,647.58,-8.03,1.34,0.03
2019-12-17,batang,巴塘,Batang,4.18,-3.6,1.12,-7.9,1.7413998113496554,1.14,9307498.0,13103924.0,729.3281,99.05,29.85,2019,647.79,-8.21,0.95,0.03
2019-12-18,batang,巴塘,Batang,1.3,-7.02,-0.8,-14.67,1.574017495715836,0.65,7154656.0,13257032.0,724.6719,99.05,29.85,2019,649.28,-13.75,0.5,0.03
2019-12-19,batang,巴塘,Batang,2.59,-8.36,-3.42,-15.72,1.3137166575526622,0.7,7060558.0,12556644.0,719.90625,99.05,29.85,2019,648.27,-11.78,0.31,-0.4
2019-12-20,batang,巴塘,Batang,0.9,-4.93,-0.62,-10.14,1.5732146422911382,1.21,6314658.0,12981416.0,715.2031,99.05,29.85,2019,645.4,-8.74,1.15,-0.26
2019-12-21,batang,巴塘,Batang,3.0,-3.19,0.27,-5.81,1.3184349127251904,0.92,4652454.0,9769628.0,710.9844,99.05,29.85,2019,645.57,-6.14,0.89,-0.14
2019-12-22,batang,巴塘,Batang,0.94,-3.51,0.53,-6.72,1.4980276896779443,1.21,4838596.0,11490012.0,707.1875,99.05,29.85,2019,645.82,-6.92,1.17,-0.22
2019-12-23,batang,巴塘,Batang,0.61,-5.06,0.32,-9.28,1.4942668719186714,0.83,5255074.0,12090304.0,702.6875,99.05,29.85,2019,648.39,-8.67,0.74,-0.3
2019-12-24,batang,巴塘,Batang,0.73,-5.19,0.04,-9.11,1.4583826357408909,1.19,5343394.0,11969712.0,697.8281,99.05,29.85,2019,646.55,-9.14,1.13,-0.31
2019-12-25,batang,巴塘,Batang,0.46,-6.59,-0.67,-11.77,1.5396206241827426,1.09,6282564.0,13789348.0,693.0469,99.05,29.85,2019,646.57,-10.5,0.97,-0.39
2019-12-26,batang,巴塘,Batang,1.25,-6.55,-2.02,-11.69,1.380788159579648,1.21,5568364.0,12211560.0,688.46875,99.05,29.85,2019,646.18,-10.47,1.14,-0.36
2019-12-27,batang,巴塘,Batang,0.96,-7.63,-2.86,-12.24,1.4923363122028044,1.05,6009690.0,13522524.0,684.0469,99.05,29.85,2019,646.26,-12.94,0.87,-0.19
2019-12-28,batang,巴塘,Batang,0.09,-12.83,-5.9,-21.4,1.2834459068136572,0.73,6811902.0,15493940.0,679.6875,99.05,29.85,2019,650.21,-18.37,-0.64,-0.15
2019-12-29,batang,巴塘,Batang,0.0,-14.5,-5.99,-23.21,1.2919835621816569,0.39,7431766.0,16348292.0,675.34375,99.05,29.85,2019,651.8,-23.97,-0.02,-0.34
2019-12-30,batang,巴塘,Batang,0.0,-13.55,-5.77,-21.86,1.356140165407928,0.48,7622646.0,16254752.0,671.0156,99.05,29.85,2019,652.96,-22.91,0.08,-0.37
2019-12-31,batang,巴塘,Batang,0.0,-11.35,-3.97,-19.74,1.5221643078904408,0.9,7847736.0,16236552.0,666.7031,99.05,29.85,2019,652.91,-20.44,0.76,-0.44
2020-01-01,batang,巴塘,Batang,0.01,-10.92,-3.58,-19.93,1.465892835731866,0.97,8067030.0,16128092.0,662.4375,99.05,29.85,2020,649.38,-16.65,0.83,-0.45
2020-01-02,batang,巴塘,Batang,0.55,-8.2,-3.11,-20.87,1.3766711017219029,1.04,7104798.0,13872364.0,658.1406,99.05,29.85,2020,648.38,-10.9,0.93,-0.37
2020-01-03,batang,巴塘,Batang,4.49,-3.79,0.01,-8.06,1.4297742347832916,1.23,6088394.0,11739576.0,654.1094,99.05,29.85,2020,644.63,-5.99,1.16,-0.35
2020-01-04,batang,巴塘,Batang,4.56,-4.92,-1.12,-8.54,1.3382924452509068,1.39,4210944.0,12310232.0,651.4219,99.05,29.85,2020,639.86,-6.36,1.37,-0.15
2020-01-05,batang,巴塘,Batang,6.67,-8.06,-4.18,-11.59,1.2789256293763804,0.97,4189644.0,12937740.0,648.3281,99.05,29.85,2020,638.57,-9.99,0.81,0.02
2020-01-06,batang,巴塘,Batang,1.27,-12.62,-6.28,-21.53,1.2183863767010057,0.74,3983766.0,13600668.0,643.8594,99.05,29.85,2020,643.39,-21.49,-0.19,0.64
2020-01-07,batang,巴塘,Batang,0.09,-17.32,-11.93,-23.73,0.9569710466368356,0.5,4471692.0,15047732.0,638.7031,99.05,29.85,2020,644.15,-22.16,0.42,-0.05
2020-01-08,batang,巴塘,Batang,0.36,-11.68,-7.04,-19.4,1.1882908471378293,0.67,4145882.0,13710460.0,633.96875,99.05,29.85,2020,642.43,-15.06,0.62,0.07
2020-01-09,batang,巴塘,Batang,1.14,-7.45,-3.9,-12.55,1.4336888981018931,0.98,4299458.0,14026184.0,629.625,99.05,29.85,2020,640.55,-9.63,0.96,0.0
2020-01-10,batang,巴塘,Batang,1.04,-7.85,-3.27,-16.42,1.4777769400321037,0.9,4326726.0,14128356.0,625.53125,99.05,29.85,2020,642.31,-11.33,0.29,0.4
2020-01-11,batang,巴塘,Batang,0.02,-16.27,-8.85,-23.67,1.0986572739607154,0.28,4917004.0,15851392.0,621.4219,99.05,29.85,2020,645.32,-20.79,-0.15,0.06
2020-01-12,batang,巴塘,Batang,0.0,-16.52,-9.04,-24.9,1.1854379838050682,0.31,5434320.0,17193968.0,617.28125,99.05,29.85,2020,644.94,-23.8,0.13,-0.04
2020-01-13,batang,巴塘,Batang,0.0,-14.15,-7.52,-22.22,1.3819639306981224,0.32,5538232.0,17183264.0,613.1875,99.05,29.85,2020,643.78,-23.17,0.18,0.02
2020-01-14,batang,巴塘,Batang,0.08,-12.34,-6.26,-18.74,1.4586346593051789,0.55,5572838.0,16960356.0,609.125,99.05,29.85,2020,641.92,-18.1,0.49,-0.11
2020-01-15,batang,巴塘,Batang,0.21,-11.16,-4.83,-16.2,1.39835131485205,0.5,5203958.0,15579424.0,605.1094,99.05,29.85,2020,643.42,-14.08,0.38,0.06
2020-01-16,batang,巴塘,Batang,0.42,-8.45,-4.13,-14.78,1.3869710229176089,0.64,4582094.0,13560056.0,601.1094,99.05,29.85,2020,643.91,-11.01,0.57,-0.01
2020-01-17,batang,巴塘,Batang,0.41,-6.12,-1.67,-10.33,1.5397047075204884,1.16,4942344.0,14484964.0,597.1406,99.05,29.85,2020,642.81,-8.12,1.14,0.06
2020-01-18,batang,巴塘,Batang,0.74,-5.82,-2.08,-9.84,1.5570339336164394,1.17,5011996.0,14415424.0,593.4219,99.05,29.85,2020,641.49,-7.86,1.14,0.15
2020-01-19,batang,巴塘,Batang,1.09,-6.65,-1.86,-11.35,1.5570303411776478,1.25,5267166.0,14951080.0,589.6875,99.05,29.85,2020,640.41,-9.21,1.22,-0.03
2020-01-20,batang,巴塘,Batang,0.77,-8.91,-3.65,-13.89,1.3338967412403442,0.99,4897792.0,14011372.0,585.71875,99.05,29.85,2020,640.34,-11.36,0.97,0.11
2020-01-21,batang,巴塘,Batang,0.32,-11.29,-5.46,-16.68,1.2756155019671789,0.74,5217246.0,14784488.0,581.7344,99.05,29.85,2020,642.16,-14.04,0.65,0.12
2020-01-22,batang,巴塘,Batang,0.85,-11.1,-6.23,-16.87,1.3260622683426757,0.74,5425138.0,15288556.0,577.78125,99.05,29.85,2020,641.14,-13.69,0.69,0.09
2020-01-23,batang,巴塘,Batang,0.95,-10.46,-5.06,-17.65,1.3543579528737963,0.86,5311726.0,15204920.0,573.90625,99.05,29.85,2020,639.7,-13.29,0.77,-0.09
2020-01-24,batang,巴塘,Batang,3.21,-10.99,-7.15,-19.08,1.1228245595032167,0.64,4270216.0,12394076.0,570.0625,99.05,29.85,2020,640.9,-14.09,-0.12,0.19
2020-01-25,batang,巴塘,Batang,0.05,-17.21,-10.19,-23.79,1.095790133315668,0.4,5529040.0,16935528.0,566.25,99.05,29.85,2020,642.28,-22.76,-0.31,0.04
2020-01-26,batang,巴塘,Batang,0.0,-18.15,-11.6,-25.07,1.1235690374240623,0.43,6155370.0,18503520.0,562.4375,99.05,29.85,2020,640.01,-24.45,0.27,0.02
2020-01-27,batang,巴塘,Batang,0.0,-16.14,-9.56,-23.62,1.2637574382557677,0.46,6231572.0,18392296.0,558.625,99.05,29.85,2020,639.18,-22.13,0.3,0.02
2020-01-28,batang,巴塘,Batang,0.0,-14.71,-7.64,-23.45,1.395002227046504,0.41,6410642.0,18582596.0,554.8125,99.05,29.85,2020,641.71,-20.11,0.15,0.08
2020-01-29,batang,巴塘,Batang,0.01,-13.49,-6.19,-21.73,1.5157146922142068,0.42,6604342.0,18799736.0,551.03125,99.05,29.85,2020,642.58,-18.89,0.2,-0.09
2020-01-30,batang,巴塘,Batang,0.42,-11.83,-6.7,-19.24,1.4703353698983754,0.73,6238122.0,17479128.0,547.25,99.05,29.85,2020,639.99,-15.4,0.67,-0.11
2020-01-31,batang,巴塘,Batang,0.76,-9.98,-5.06,-14.81,1.4050156885452747,0.81,5484208.0,15353016.0,543.46875,99.05,29.85,2020,640.28,-12.58,0.78,0.13
2020-02-01,batang,巴塘,Batang,0.85,-9.47,-5.27,-15.85,1.5045351735012868,0.98,5805844.0,16396244.0,539.75,99.05,29.85,2020,640.45,-12.1,0.96,0.0
2020-02-02,batang,巴塘,Batang,1.12,-9.63,-4.96,-13.87,1.5439617613923668,0.92,5878684.0,16694960.0,536.03125,99.05,29.85,2020,641.32,-12.7,0.79,0.18
2020-02-03,batang,巴塘,Batang,0.38,-11.97,-4.49,-24.38,1.5906488637764162,0.45,6238784.0,18025296.0,532.375,99.05,29.85,2020,643.43,-17.69,0.15,0.24
2020-02-04,batang,巴塘,Batang,0.02,-14.67,-7.2,-24.59,1.4083869657712178,0.44,6685054.0,19029188.0,528.75,99.05,29.85,2020,643.04,-18.73,0.22,-0.07
2020-02-05,batang,巴塘,Batang,0.29,-12.26,-6.47,-22.82,1.3838930269920369,0.69,6017682.0,16864680.0,525.125,99.05,29.85,2020,639.98,-15.4,0.6,-0.16
2020-02-06,batang,巴塘,Batang,0.3,-10.87,-4.61,-16.2,1.5866121265881423,0.76,6480918.0,18020824.0,521.5,99.05,29.85,2020,642.28,-14.24,0.6,0.0
2020-02-07,batang,巴塘,Batang,0.62,-9.16,-3.9,-14.91,1.5866937769917009,0.97,6039398.0,16727976.0,517.90625,99.05,29.85,2020,643.51,-12.46,0.91,-0.18
2020-02-08,batang,巴塘,Batang,0.73,-7.79,-3.42,-12.73,1.821681316990636,1.02,6591520.0,18254620.0,514.3125,99.05,29.85,2020,645.31,-10.65,1.01,0.0
2020-02-09,batang,巴塘,Batang,3.02,-6.83,-2.22,-13.97,1.5550468932067856,0.86,5179328.0,14624008.0,510.875,99.05,29.85,2020,643.41,-8.83,0.83,-0.02
2020-02-10,batang,巴塘,Batang,0.23,-10.52,-3.3,-21.04,1.6081405066293692,0.62,5941916.0,17495204.0,507.6875,99.05,29.85,2020,643.59,-14.13,0.42,0.22
2020-02-11,batang,巴塘,Batang,0.04,-13.18,-6.13,-21.35,1.5247630838781794,0.4,6499826.0,18792904.0,504.09375,99.05,29.85,2020,645.88,-16.86,0.07,0.03
2020-02-12,batang,巴塘,Batang,0.03,-11.93,-4.66,-23.54,1.7397819728547192,0.4,6999876.0,19878504.0,500.40625,99.05,29.85,2020,645.3,-16.29,0.19,-0.06
2020-02-13,batang,巴塘,Batang,0.0,-8.86,-1.93,-15.62,2.114187198371028,0.44,7291182.0,20355096.0,496.84375,99.05,29.85,2020,643.35,-14.32,0.33,-0.07
2020-02-14,batang,巴塘,Batang,0.42,-9.7,-3.29,-16.93,1.7814486326152017,0.49,6746426.0,18305116.0,493.3125,99.05,29.85,2020,640.72,-13.11,0.41,-0.11
2020-02-15,batang,巴塘,Batang,1.04,-6.71,-1.07,-15.3,1.9396256982577595,0.62,6506614.0,17466768.0,489.8125,99.05,29.85,2020,642.78,-9.43,0.56,0.03
2020-02-16,batang,巴塘,Batang,0.44,-5.62,-0.9,-10.21,1.770130798375409,0.96,5853898.0,15747056.0,486.40625,99.05,29.85,2020,644.34,-8.04,0.92,-0.03
2020-02-17,batang,巴塘,Batang,1.34,-3.63,0.14,-8.77,1.7862497722366006,1.06,5496810.0,14566478.0,483.21875,99.05,29.85,2020,643.62,-5.88,1.03,-0.03
2020-02-18,batang,巴塘,Batang,7.54,-5.21,-0.36,-16.09,1.6365572390978234,0.88,5165534.0,14052046.0,480.875,99.05,29.85,2020,643.55,-7.55,0.29,0.28
2020-02-19,batang,巴塘,Batang,0.52,-7.99,-3.47,-16.6,1.8959994075627828,0.82,5910348.0,18630394.0,478.1875,99.05,29.85,2020,645.05,-11.19,0.79,-0.1
2020-02-20,batang,巴塘,Batang,4.49,-4.38,-0.62,-8.05,2.1756112220902804,0.77,5703802.0,17894770.0,474.46875,99.05,29.85,2020,646.74,-6.9,0.63,0.16
2020-02-21,batang,巴塘,Batang,3.64,-4.12,-0.79,-6.87,1.5732925798692745,0.51,3574640.0,12231840.0,471.5,99.05,29.85,2020,649.92,-6.33,0.41,-0.03
2020-02-22,batang,巴塘,Batang,0.21,-4.89,-0.62,-10.74,1.993061468770752,0.93,5067778.0,17000012.0,468.625,99.05,29.85,2020,649.09,-7.62,0.91,-0.04
2020-02-23,batang,巴塘,Batang,0.99,-5.12,-0.96,-10.74,2.163713596479422,0.84,5854180.0,18812064.0,465.0,99.05,29.85,2020,646.39,-7.24,0.82,-0.03
2020-02-24,batang,巴塘,Batang,0.33,-5.59,-0.76,-12.6,2.1438491039377814,0.76,5830054.0,18360438.0,461.4375,99.05,29.85,2020,645.13,-9.17,0.64,0.12
2020-02-25,batang,巴塘,Batang,0.17,-6.27,-1.23,-13.12,2.2116236575013373,0.71,6468690.0,19621000.0,457.75,99.05,29.85,2020,645.65,-9.66,0.61,-0.09
2020-02-26,batang,巴塘,Batang,6.64,-4.05,-0.52,-10.41,2.238979058137496,0.83,6170066.0,18449552.0,454.21875,99.05,29.85,2020,644.44,-6.15,0.72,-0.21
2020-02-27,batang,巴塘,Batang,4.36,-4.09,0.15,-8.21,2.4545595112019027,0.8,5976070.0,20172826.0,451.65625,99.05,29.85,2020,643.41,-6.43,0.72,0.12
2020-02-28,batang,巴塘,Batang,0.46,-7.79,-1.89,-16.83,2.300402054163979,0.8,6499612.0,21924604.0,449.25,99.05,29.85,2020,645.46,-12.91,-0.53,0.56
2020-02-29,batang,巴塘,Batang,0.0,-11.58,-4.54,-19.71,2.183054401689427,0.41,7385152.0,24324804.0,445.75,99.05,29.85,2020,645.61,-18.28,0.02,0.1
2020-03-01,batang,巴塘,Batang,0.1,-9.62,-4.11,-18.27,2.301542978363808,0.54,7361944.0,23770186.0,441.875,99.05,29.85,2020,644.36,-13.93,0.47,-0.05
2020-03-02,batang,巴塘,Batang,0.45,-5.94,-1.31,-12.39,2.1852486353624285,0.88,6133888.0,19517428.0,438.25,99.05,29.85,2020,642.69,-9.14,0.85,0.07
2020-03-03,batang,巴塘,Batang,0.37,-5.49,-0.56,-11.39,2.2357072343507225,0.68,6040684.0,19021718.0,434.875,99.05,29.85,2020,642.7,-8.73,0.56,0.26
2020-03-04,batang,巴塘,Batang,0.39,-5.79,-1.14,-12.31,2.46525202759202,0.75,7017352.5,21459692.0,431.53125,99.05,29.85,2020,643.05,-9.53,0.69,0.16
2020-03-05,batang,巴塘,Batang,0.39,-5.27,-0.34,-11.11,2.523272309137828,0.84,7197925.0,21634206.0,428.21875,99.05,29.85,2020,642.52,-9.04,0.75,0.24
2020-03-06,batang,巴塘,Batang,0.18,-5.3,0.11,-11.11,2.515688728880144,0.72,7285435.0,21237792.0,424.9375,99.05,29.85,2020,643.27,-9.21,0.66,0.12
2020-03-07,batang,巴塘,Batang,0.39,-4.76,-0.23,-11.52,2.6172640241377403,0.87,7854457.0,22165744.0,421.65625,99.05,29.85,2020,641.81,-8.05,0.82,0.13
2020-03-08,batang,巴塘,Batang,1.58,-3.66,1.35,-8.68,2.7585254060178497,0.82,7985325.5,22133740.0,418.6875,99.05,29.85,2020,640.47,-6.64,0.66,0.33
2020-03-09,batang,巴塘,Batang,1.1,-4.77,1.23,-13.04,2.6159108389706813,0.57,7759816.0,21450676.0,416.09375,99.05,29.85,2020,642.55,-7.48,0.42,0.04
2020-03-10,batang,巴塘,Batang,0.29,-4.55,0.78,-12.65,2.5383902310508053,1.02,7833514.0,21395224.0,412.90625,99.05,29.85,2020,641.98,-8.36,0.98,0.03
2020-03-11,batang,巴塘,Batang,0.93,-2.2,2.36,-7.35,2.8739120605297908,1.15,8206597.0,21969516.0,409.71875,99.05,29.85,2020,641.47,-6.07,1.11,0.26
2020-03-12,batang,巴塘,Batang,0.31,-0.88,3.73,-6.02,3.202677680254101,1.03,8640773.0,22709668.0,407.65625,99.05,29.85,2020,644.93,-5.14,0.96,0.25
2020-03-13,batang,巴塘,Batang,0.12,-0.16,4.16,-4.96,3.1830522921109754,0.94,8548610.0,21609124.0,406.4375,99.05,29.85,2020,647.46,-4.43,0.91,-0.0
2020-03-14,batang,巴塘,Batang,0.14,0.95,5.07,-4.18,3.1233310471150566,1.17,8554967.0,20646144.0,405.6875,99.05,29.85,2020,646.47,-3.02,1.16,-0.16
2020-03-15,batang,巴塘,Batang,2.65,0.34,5.21,-3.21,2.8926139264818205,1.7,10995940.0,21565120.0,407.96875,99.05,29.85,2020,644.14,-2.07,1.67,0.15
2020-03-16,batang,巴塘,Batang,5.73,-1.21,3.61,-6.96,2.980054726983955,1.05,12494004.0,22143586.0,414.78125,99.05,29.85,2020,644.39,-3.77,0.99,0.16
2020-03-17,batang,巴塘,Batang,0.31,-1.62,4.16,-7.47,3.502716691834733,0.96,12726847.0,24743122.0,421.09375,99.05,29.85,2020,644.79,-8.66,0.95,0.09
2020-03-18,batang,巴塘,Batang,1.8,-4.17,2.73,-12.11,2.8374644276551644,0.66,12970458.0,22464680.0,421.3125,99.05,29.85,2020,644.91,-8.61,-0.4,0.09
2020-03-19,batang,巴塘,Batang,0.91,-2.9,1.91,-11.53,3.0605415978662625,0.8,13344733.0,22815748.0,418.0625,99.05,29.85,2020,643.54,-8.66,0.54,-0.27
2020-03-20,batang,巴塘,Batang,0.38,-0.9,4.71,-5.85,3.419599149285286,1.5,14343777.0,23615440.0,413.09375,99.05,29.85,2020,642.45,-8.81,1.43,0.29
2020-03-21,batang,巴塘,Batang,0.36,-1.78,3.85,-9.84,3.259398723592936,0.92,14441682.0,22695528.0,407.53125,99.05,29.85,2020,644.04,-9.64,0.86,0.13
2020-03-22,batang,巴塘,Batang,0.71,-2.56,3.49,-10.45,3.528372371953574,0.61,16939842.0,25795584.0,400.59375,99.05,29.85,2020,645.71,-7.82,0.13,-0.38
2020-03-23,batang,巴塘,Batang,0.34,-1.41,4.13,-10.68,3.681131416264809,0.55,16731062.0,25184984.0,392.96875,99.05,29.85,2020,644.54,-7.78,0.03,-0.44
2020-03-24,batang,巴塘,Batang,5.45,-1.31,4.66,-8.51,3.621084570683725,0.61,17223332.0,25396502.0,385.84375,99.05,29.85,2020,643.85,-5.02,0.1,-0.14
2020-03-25,batang,巴塘,Batang,0.06,-1.14,4.56,-6.87,3.796637425485255,0.72,15067174.0,25900434.0,380.5,99.05,29.85,2020,643.24,-8.31,0.23,-0.28
2020-03-26,batang,巴塘,Batang,0.45,-0.19,6.22,-7.59,3.869415997814297,0.4,15745056.0,24905908.0,375.5,99.05,29.85,2020,644.66,-6.0,0.31,-0.04
2020-03-27,batang,巴塘,Batang,0.93,1.46,8.09,-8.1,4.152388339941515,0.58,16939870.0,25520840.0,371.1875,99.05,29.85,2020,646.12,-3.9,0.39,-0.3
2020-03-28,batang,巴塘,Batang,0.72,3.85,9.15,-2.37,3.7534471288103246,1.61,15276496.0,22415288.0,369.03125,99.05,29.85,2020,640.51,-1.06,1.59,0.02
2020-03-29,batang,巴塘,Batang,3.43,3.05,8.44,-1.52,3.227490721538844,1.46,14357196.0,20876302.0,377.34375,99.05,29.85,2020,640.63,0.62,1.43,0.05
2020-03-30,batang,巴塘,Batang,2.76,2.48,8.87,-4.47,3.9654802046778768,1.49,16758266.0,24389798.0,410.9375,99.05,29.85,2020,642.56,-3.94,1.21,0.59
2020-03-31,batang,巴塘,Batang,0.08,2.25,7.98,-5.19,4.1677534439156405,1.42,16566790.0,25069960.0,472.3125,99.05,29.85,2020,644.38,-6.18,1.38,-0.05
2020-04-01,batang,巴塘,Batang,0.68,1.97,7.15,-3.34,3.9974803504229546,1.28,17157076.0,25179796.0,533.21875,99.05,29.85,2020,643.62,-3.85,1.25,-0.12
2020-04-02,batang,巴塘,Batang,0.57,1.11,6.08,-3.89,3.636430156872232,1.66,16272488.0,23688630.0,566.65625,99.05,29.85,2020,642.57,-5.53,1.61,-0.13
2020-04-03,batang,巴塘,Batang,1.68,0.98,5.66,-3.51,3.4927113558017115,1.49,15965974.0,23309140.0,575.84375,99.05,29.85,2020,643.51,-4.2,1.44,-0.23
2020-04-04,batang,巴塘,Batang,0.86,0.52,5.5,-5.1,3.8190362780282494,1.13,16982954.0,24852738.0,572.375,99.05,29.85,2020,644.46,-6.47,1.06,0.05
2020-04-05,batang,巴塘,Batang,0.46,-0.06,4.78,-5.46,3.6943925090077214,0.88,17432038.0,24388578.0,559.65625,99.05,29.85,2020,644.06,-6.48,0.85,-0.09
2020-04-06,batang,巴塘,Batang,2.07,-1.52,4.63,-8.39,3.539719166653235,0.45,18323632.0,24459166.0,539.4375,99.05,29.85,2020,644.09,-5.65,0.26,0.0
2020-04-07,batang,巴塘,Batang,8.1,-0.9,4.25,-7.53,3.319883156883661,0.71,16947900.0,23202584.0,515.6875,99.05,29.85,2020,643.98,-4.06,-0.07,0.11
2020-04-08,batang,巴塘,Batang,0.21,-0.46,4.55,-7.46,4.10695573982746,0.57,14564102.0,26981880.0,492.8125,99.05,29.85,2020,645.52,-7.68,0.22,-0.13
2020-04-09,batang,巴塘,Batang,0.52,1.28,6.43,-3.24,3.913819996692248,1.38,16380048.0,25183780.0,470.34375,99.05,29.85,2020,644.32,-5.36,1.34,0.04
2020-04-10,batang,巴塘,Batang,1.19,0.33,5.71,-5.87,3.801448554977212,0.79,17922698.0,24884442.0,451.40625,99.05,29.85,2020,646.21,-4.94,0.56,0.3
2020-04-11,batang,巴塘,Batang,0.13,0.77,7.67,-6.0,4.592347443139178,0.35,21535602.0,28392608.0,434.90625,99.05,29.85,2020,647.84,-5.45,-0.16,-0.15
2020-04-12,batang,巴塘,Batang,4.58,1.73,8.02,-4.92,4.068556094057781,0.91,20330566.0,25391708.0,418.75,99.05,29.85,2020,645.72,-3.67,0.33,0.19
2020-04-13,batang,巴塘,Batang,0.44,-0.88,4.87,-7.35,3.939368834913581,1.03,18448326.0,26420080.0,407.21875,99.05,29.85,2020,647.38,-10.83,-1.0,0.01
2020-04-14,batang,巴塘,Batang,0.0,2.48,9.52,-6.97,5.285691354373571,0.46,22838598.0,29974800.0,395.71875,99.05,29.85,2020,647.84,-11.89,-0.32,-0.1
2020-04-15,batang,巴塘,Batang,0.0,5.04,12.38,-3.35,5.587532654849802,0.52,23416160.0,28898228.0,384.21875,99.05,29.85,2020,646.54,-8.6,0.43,-0.12
2020-04-16,batang,巴塘,Batang,0.38,5.54,11.37,-1.81,5.338437105658321,1.2,23265202.0,27950006.0,376.0,99.05,29.85,2020,644.24,-4.61,1.17,-0.14
2020-04-17,batang,巴塘,Batang,1.79,4.46,11.06,-0.81,4.203897429643368,1.05,19834158.0,23635244.0,374.34375,99.05,29.85,2020,643.76,-1.04,0.98,-0.07
2020-04-18,batang,巴塘,Batang,0.61,6.28,12.97,-0.07,5.248003097132092,0.82,22683534.0,26811026.0,387.0,99.05,29.85,2020,644.41,-2.03,0.74,-0.02
2020-04-19,batang,巴塘,Batang,1.5,5.65,12.0,0.52,4.578149528282041,1.7,21243094.0,24786506.0,416.71875,99.05,29.85,2020,643.42,-1.47,1.65,0.05
2020-04-20,batang,巴塘,Batang,0.91,5.76,11.99,0.52,4.416682421994823,1.61,19971326.0,23213998.0,449.40625,99.05,29.85,2020,644.06,-1.96,1.59,0.14
2020-04-21,batang,巴塘,Batang,1.94,5.69,12.11,0.05,4.437893839581005,1.75,20652368.0,23986082.0,480.59375,99.05,29.85,2020,643.13,-1.23,1.7,0.15
2020-04-22,batang,巴塘,Batang,1.42,3.92,9.7,-0.61,3.956538787686673,1.94,19718120.0,23083876.0,518.90625,99.05,29.85,2020,641.77,-2.66,1.87,0.12
2020-04-23,batang,巴塘,Batang,5.72,3.43,8.94,-0.76,3.9610505003212704,1.01,19679274.0,23071674.0,567.9375,99.05,29.85,2020,643.17,-2.0,0.98,0.1
2020-04-24,batang,巴塘,Batang,14.73,1.54,7.09,-2.28,3.2249987521226022,0.84,16031742.0,20553756.0,628.65625,99.05,29.85,2020,644.06,-1.52,-0.06,0.2
2020-04-25,batang,巴塘,Batang,7.92,-0.44,2.76,-4.79,3.3097668727566965,0.62,9071184.0,22676548.0,677.84375,99.05,29.85,2020,645.74,-2.66,-0.55,-0.01
2020-04-26,batang,巴塘,Batang,3.18,-2.28,3.42,-9.56,3.785155040805421,0.49,9671054.0,27760344.0,690.59375,99.05,29.85,2020,648.65,-4.16,0.15,0.06
2020-04-27,batang,巴塘,Batang,0.02,-2.48,3.85,-9.19,3.962671415110532,0.47,12139816.0,28786594.0,676.59375,99.05,29.85,2020,650.69,-6.55,-0.29,-0.18
2020-04-28,batang,巴塘,Batang,0.38,1.05,6.26,-8.97,4.3552984759632345,0.54,15482220.0,27647490.0,647.84375,99.05,29.85,2020,647.46,-2.25,0.42,-0.18
2020-04-29,batang,巴塘,Batang,9.28,1.92,5.95,-1.43,2.8959498417149696,0.61,12570288.0,18208614.0,615.75,99.05,29.85,2020,645.74,0.85,0.52,-0.1
2020-04-30,batang,巴塘,Batang,10.68,2.0,7.01,-3.45,4.038622397286736,0.51,14255828.0,24852692.0,600.09375,99.05,29.85,2020,646.39,0.12,0.01,0.15
2020-05-01,batang,巴塘,Batang,0.35,-0.55,5.05,-9.62,3.9410677948650745,0.8,12019126.0,27470296.0,603.125,99.05,29.85,2020,647.48,-4.21,-0.74,0.15
2020-05-02,batang,巴塘,Batang,0.0,0.4,6.69,-8.99,4.753472590307157,0.66,18729680.0,31163424.0,601.9375,99.05,29.85,2020,647.65,-4.44,-0.61,-0.22
2020-05-03,batang,巴塘,Batang,0.64,5.09,11.3,-3.13,4.896000017368881,0.7,19411596.0,26434006.0,589.8125,99.05,29.85,2020,646.21,-0.87,0.56,-0.29
2020-05-04,batang,巴塘,Batang,1.13,6.54,13.06,0.33,5.208433461054628,0.9,22250492.0,27312394.0,573.46875,99.05,29.85,2020,645.45,1.16,0.87,0.12
2020-05-05,batang,巴塘,Batang,0.93,7.39,13.63,1.77,4.855729209879083,1.34,20994594.0,24753760.0,567.4375,99.05,29.85,2020,644.63,1.17,1.32,-0.01
2020-05-06,batang,巴塘,Batang,1.18,8.69,15.15,2.1,5.37629409899138,1.89,22087530.0,25719470.0,587.21875,99.05,29.85,2020,643.9,0.27,1.81,0.34
2020-05-07,batang,巴塘,Batang,0.56,8.32,15.1,1.88,5.737377263618784,1.9,23216410.0,26941896.0,659.625,99.05,29.85,2020,643.32,-2.67,1.69,0.62
2020-05-08,batang,巴塘,Batang,2.47,5.57,11.55,0.16,4.583863679990807,1.81,22451546.0,26054216.0,799.90625,99.05,29.85,2020,643.53,0.04,1.77,0.2
2020-05-09,batang,巴塘,Batang,4.41,3.14,10.04,-4.08,4.441269847006155,0.63,22327810.0,26125920.0,966.8125,99.05,29.85,2020,647.31,-0.56,-0.07,0.35
2020-05-10,batang,巴塘,Batang,0.11,7.99,14.37,-0.66,6.010966820047884,1.01,23922108.0,28430800.0,1094.0625,99.05,29.85,2020,647.25,-3.98,0.92,0.2
2020-05-11,batang,巴塘,Batang,1.47,8.75,13.41,3.32,5.997911726088227,1.35,24008224.0,28010928.0,1164.4375,99.05,29.85,2020,646.11,-1.86,1.25,0.18
2020-05-12,batang,巴塘,Batang,1.4,6.99,13.56,1.03,4.636247622797409,1.54,20547476.0,23895424.0,1240.4062,99.05,29.85,2020,644.46,0.47,1.51,0.08
2020-05-13,batang,巴塘,Batang,12.9,4.55,10.04,-0.14,3.497876187164919,0.83,16919258.0,19774528.0,1335.6875,99.05,29.85,2020,644.63,1.42,0.52,0.31
2020-05-14,batang,巴塘,Batang,2.67,2.94,9.64,-2.72,4.737042129149017,0.43,17856056.0,27698808.0,1428.1562,99.05,29.85,2020,645.59,0.17,-0.13,0.08
2020-05-15,batang,巴塘,Batang,0.31,7.02,14.17,-0.6,5.4234921765059925,0.52,21240790.0,26909892.0,1456.8125,99.05,29.85,2020,644.38,-0.36,0.32,0.1
2020-05-16,batang,巴塘,Batang,10.62,6.24,13.58,1.41,4.901981747110192,0.83,22011994.0,26304540.0,1438.875,99.05,29.85,2020,645.15,2.55,-0.03,0.04
2020-05-17,batang,巴塘,Batang,1.4,6.56,12.55,1.84,4.9114444252138725,0.56,20338176.0,25211228.0,1450.5938,99.05,29.85,2020,645.42,1.96,-0.16,0.07
2020-05-18,batang,巴塘,Batang,1.51,8.68,14.76,2.99,5.016264719959239,1.07,20851918.0,24668668.0,1473.8125,99.05,29.85,2020,643.68,3.7,0.97,-0.04
2020-05-19,batang,巴塘,Batang,1.18,10.9,16.23,4.23,5.882801383085537,1.43,22458204.0,26226832.0,1525.0312,99.05,29.85,2020,642.48,2.83,1.36,0.32
2020-05-20,batang,巴塘,Batang,1.27,10.84,14.89,6.07,4.000016713175801,1.21,15037754.0,17515732.0,1648.4062,99.05,29.85,2020,643.76,5.18,1.19,0.14
2020-05-21,batang,巴塘,Batang,13.22,8.0,10.7,5.17,1.5868459154664225,0.61,6705060.0,7808116.0,1884.3125,99.05,29.85,2020,645.56,6.72,0.2,0.22
2020-05-22,batang,巴塘,Batang,18.6,5.62,8.24,3.08,1.3222966499431483,0.75,6193080.0,7250380.0,2248.8125,99.05,29.85,2020,647.13,4.83,-0.61,0.31
2020-05-23,batang,巴塘,Batang,10.42,5.36,8.68,3.05,1.6615429403025712,0.42,7417404.0,8859804.0,2570.4062,99.05,29.85,2020,645.86,4.29,0.22,-0.13
2020-05-24,batang,巴塘,Batang,23.84,7.43,14.85,2.62,3.6853897950335006,1.02,16624744.0,19552524.0,2759.875,99.05,29.85,2020,644.62,5.36,0.09,0.38
2020-05-25,batang,巴塘,Batang,22.77,2.62,4.62,1.01,1.2068740971212435,0.55,5193212.0,7347412.0,2903.8438,99.05,29.85,2020,646.42,2.28,-0.08,0.38
2020-05-26,batang,巴塘,Batang,22.66,1.38,2.45,0.06,1.5329257792610604,0.68,2769338.0,10015344.0,2976.375,99.05,29.85,2020,646.36,1.0,-0.37,0.53
2020-05-27,batang,巴塘,Batang,12.85,0.99,2.53,-0.52,2.0430006488594694,0.54,3684704.0,13152760.0,2930.375,99.05,29.85,2020,645.99,0.09,-0.35,0.27
2020-05-28,batang,巴塘,Batang,1.09,-0.21,4.73,-9.05,4.055183809146154,0.6,8263206.0,27511848.0,2776.7188,99.05,29.85,2020,646.21,-2.69,-0.41,0.35
2020-05-29,batang,巴塘,Batang,0.05,-3.34,3.24,-14.59,4.225372504002548,0.49,10594204.0,32239684.0,2569.3125,99.05,29.85,2020,647.56,-6.71,-0.02,0.02
2020-05-30,batang,巴塘,Batang,0.35,-0.65,3.53,-11.93,4.463254157720611,0.49,10622894.0,30209196.0,2350.4062,99.05,29.85,2020,647.9,-4.13,0.35,0.02
2020-05-31,batang,巴塘,Batang,0.0,3.5,7.36,-1.98,5.068003708781131,0.73,12957082.0,30009180.0,2158.7812,99.05,29.85,2020,647.51,0.18,0.64,-0.23
2020-06-01,batang,巴塘,Batang,0.47,5.76,9.75,-0.89,4.606172325384921,1.21,16770734.0,26164148.0,2039.0,99.05,29.85,2020,645.4,2.51,1.17,-0.3
2020-06-02,batang,巴塘,Batang,5.6,4.87,9.12,0.78,2.6816786712817184,0.57,11376406.0,14899756.0,2020.5312,99.05,29.85,2020,645.0,3.52,0.43,-0.22
2020-06-03,batang,巴塘,Batang,1.27,8.24,13.56,3.46,4.361781786478473,1.27,17877994.0,21864872.0,2118.5625,99.05,29.85,2020,643.97,3.63,1.25,0.03
2020-06-04,batang,巴塘,Batang,8.37,6.9,13.7,1.41,4.2993067404096,0.65,18906610.0,22354372.0,2296.9375,99.05,29.85,2020,645.17,4.34,0.25,0.23
2020-06-05,batang,巴塘,Batang,2.75,9.94,15.76,4.52,4.79027616974947,1.14,19661058.0,23007948.0,2483.0312,99.05,29.85,2020,644.09,6.05,1.09,-0.16
2020-06-06,batang,巴塘,Batang,2.03,11.06,16.27,6.89,4.727891026737195,1.4,18618984.0,21733956.0,2597.25,99.05,29.85,2020,642.88,6.41,1.37,-0.04
2020-06-07,batang,巴塘,Batang,5.41,11.22,17.45,6.12,5.302494767784403,1.16,20911310.0,24400276.0,2744.0938,99.05,29.85,2020,642.86,6.78,0.99,-0.0
2020-06-08,batang,巴塘,Batang,2.37,12.02,17.35,6.27,5.661417394402088,1.05,21398882.0,24968836.0,2998.1875,99.05,29.85,2020,644.25,6.53,0.86,-0.05
2020-06-09,batang,巴塘,Batang,4.74,10.8,16.79,5.22,5.162221770877808,0.43,20051356.0,23400416.0,3287.875,99.05,29.85,2020,645.77,8.2,0.18,-0.12
2020-06-10,batang,巴塘,Batang,0.54,12.99,18.53,6.89,6.112760117385073,1.33,22041210.0,25724444.0,3509.5938,99.05,29.85,2020,644.49,5.5,1.32,0.04
2020-06-11,batang,巴塘,Batang,0.95,13.17,19.15,7.14,6.028842234088002,1.26,21938804.0,25607744.0,3616.5625,99.05,29.85,2020,643.39,6.75,1.23,0.17
2020-06-12,batang,巴塘,Batang,1.68,12.84,19.2,7.53,5.414813089890159,1.04,20049686.0,23406288.0,3679.4688,99.05,29.85,2020,643.4,7.96,1.0,0.16
2020-06-13,batang,巴塘,Batang,0.55,14.26,19.68,8.67,6.17891663716697,0.93,21610098.0,25230708.0,3782.1875,99.05,29.85,2020,645.05,7.68,0.87,-0.09
2020-06-14,batang,巴塘,Batang,2.02,13.51,18.5,9.52,5.372223485103172,1.43,19614558.0,22904916.0,3937.1875,99.05,29.85,2020,645.71,8.37,1.35,-0.32
2020-06-15,batang,巴塘,Batang,1.69,13.87,18.5,9.96,5.298189920628865,1.45,19192154.0,22414332.0,4093.5938,99.05,29.85,2020,644.04,8.94,1.4,-0.28
2020-06-16,batang,巴塘,Batang,2.11,14.09,20.28,9.33,5.455305364147395,1.45,19492684.0,22769940.0,4243.5938,99.05,29.85,2020,642.43,8.72,1.4,-0.07
2020-06-17,batang,巴塘,Batang,8.18,13.48,20.14,9.18,5.5806888157624295,0.89,20487688.0,23938124.0,4515.4688,99.05,29.85,2020,643.39,9.55,0.74,0.02
2020-06-18,batang,巴塘,Batang,3.18,13.59,19.04,9.94,5.133643749321785,1.16,19196554.0,22433548.0,4944.125,99.05,29.85,2020,644.5,10.35,1.13,-0.13
2020-06-19,batang,巴塘,Batang,1.13,14.71,20.0,9.96,5.84974466995202,1.33,20437108.0,23888516.0,5268.6562,99.05,29.85,2020,644.09,8.88,1.31,0.04
2020-06-20,batang,巴塘,Batang,2.8,14.22,20.16,9.18,5.212911030911252,1.03,18584720.0,21729080.0,5437.25,99.05,29.85,2020,643.98,9.8,0.97,-0.0
2020-06-21,batang,巴塘,Batang,1.0,14.79,20.73,8.56,5.815679333937608,1.33,19952928.0,23332836.0,5627.875,99.05,29.85,2020,642.57,8.25,1.31,0.16
2020-06-22,batang,巴塘,Batang,1.06,14.76,20.81,8.94,6.465109511332988,1.43,22538638.0,26362192.0,5814.9688,99.05,29.85,2020,643.58,8.08,1.4,0.08
2020-06-23,batang,巴塘,Batang,11.62,12.03,18.77,8.35,4.269778308538444,0.85,16451722.0,19247160.0,5964.0938,99.05,29.85,2020,646.39,9.62,0.28,0.13
2020-06-24,batang,巴塘,Batang,0.32,14.87,20.04,9.43,7.3964520462052015,0.85,25023872.0,29281472.0,6124.3438,99.05,29.85,2020,646.22,5.18,-0.14,0.02
2020-06-25,batang,巴塘,Batang,1.91,12.81,16.82,9.29,4.212878997671054,1.61,15458822.0,18091948.0,6179.9688,99.05,29.85,2020,643.65,8.31,1.59,-0.13
2020-06-26,batang,巴塘,Batang,1.85,13.34,18.76,8.72,5.009892947234372,1.44,18338224.0,21467252.0,6113.875,99.05,29.85,2020,642.49,8.57,1.4,0.11
2020-06-27,batang,巴塘,Batang,8.51,13.5,19.27,9.22,5.00249773608017,0.99,18191144.0,21301312.0,6153.6562,99.05,29.85,2020,643.28,9.39,0.89,0.03
2020-06-28,batang,巴塘,Batang,6.32,13.38,18.42,8.67,5.087440452531683,0.8,18664886.0,21860132.0,6357.0625,99.05,29.85,2020,644.52,10.08,0.75,-0.14
2020-06-29,batang,巴塘,Batang,7.13,13.89,18.8,9.45,5.636556713836504,0.62,20143716.0,23597712.0,6526.8125,99.05,29.85,2020,644.91,10.02,0.52,0.02
2020-06-30,batang,巴塘,Batang,8.63,14.4,19.41,10.76,5.334425125312292,0.89,18932106.0,22183576.0,6594.7188,99.05,29.85,2020,644.01,10.33,0.77,-0.27
2020-07-01,batang,巴塘,Batang,14.77,11.71,16.77,8.16,3.6872236458417857,0.45,13803514.0,16176900.0,6731.1562,99.05,29.85,2020,645.06,9.17,-0.18,-0.07
2020-07-02,batang,巴塘,Batang,3.21,13.2,19.5,8.95,5.430156357476146,1.27,19950976.0,23386092.0,6940.0312,99.05,29.85,2020,645.1,8.24,1.07,-0.51
2020-07-03,batang,巴塘,Batang,15.88,13.32,18.59,10.06,4.572706827135407,0.99,16845244.0,19751384.0,7049.5625,99.05,29.85,2020,645.13,10.03,0.88,-0.06
2020-07-04,batang,巴塘,Batang,11.11,13.3,19.0,9.71,5.227253327371479,0.94,19558960.0,22937676.0,7190.4062,99.05,29.85,2020,644.35,10.49,0.88,-0.29
2020-07-05,batang,巴塘,Batang,1.81,14.33,19.26,9.57,5.698627890255892,1.4,20260292.0,23764800.0,7313.8125,99.05,29.85,2020,642.69,9.03,1.4,-0.06
2020-07-06,batang,巴塘,Batang,3.47,14.61,19.83,10.06,5.548756964119134,1.12,19167118.0,22486516.0,7420.5,99.05,29.85,2020,644.04,8.79,1.06,0.12
2020-07-07,batang,巴塘,Batang,4.9,13.72,19.09,8.77,4.995598788661597,0.51,17830088.0,20923576.0,7494.0625,99.05,29.85,2020,646.0,10.53,0.42,0.02
2020-07-08,batang,巴塘,Batang,12.65,13.75,19.24,10.11,4.748230755893154,0.6,17168572.0,20151632.0,7479.5625,99.05,29.85,2020,644.89,11.39,0.52,-0.12
2020-07-09,batang,巴塘,Batang,15.09,12.95,18.52,9.61,4.060917681049273,1.01,15494792.0,18191068.0,7444.7344,99.05,29.85,2020,642.08,11.03,0.94,-0.25
2020-07-10,batang,巴塘,Batang,4.4,13.65,19.0,9.59,4.497805080312798,1.33,16293480.0,19133348.0,7461.6406,99.05,29.85,2020,640.67,9.64,1.26,-0.06
2020-07-11,batang,巴塘,Batang,9.24,14.05,19.78,10.09,4.863483587766786,1.01,17338174.0,20363244.0,7512.3125,99.05,29.85,2020,641.94,9.98,0.69,0.12
2020-07-12,batang,巴塘,Batang,3.29,14.59,19.76,10.4,5.656968745045451,0.95,20000390.0,23495674.0,7580.1406,99.05,29.85,2020,643.53,10.33,0.86,-0.35
2020-07-13,batang,巴塘,Batang,5.69,13.47,17.55,10.35,4.447305495588052,1.34,16599676.0,19505322.0,7650.3906,99.05,29.85,2020,644.53,10.35,1.26,-0.44
2020-07-14,batang,巴塘,Batang,10.95,13.95,18.79,10.56,4.67009784439732,1.0,16703080.0,19630676.0,7670.0938,99.05,29.85,2020,645.14,10.13,0.89,-0.18
2020-07-15,batang,巴塘,Batang,15.57,12.92,17.05,9.49,3.825330076681544,0.71,14146756.0,16628136.0,7726.422,99.05,29.85,2020,644.24,10.72,0.65,-0.05
2020-07-16,batang,巴塘,Batang,14.51,12.62,17.45,10.14,3.08241216183421,0.65,11530758.0,13552852.0,7765.828,99.05,29.85,2020,643.92,11.19,0.32,-0.12
2020-07-17,batang,巴塘,Batang,5.48,13.66,18.39,10.12,4.512822264426808,0.65,16351932.0,19212996.0,7731.3438,99.05,29.85,2020,644.27,11.24,0.48,-0.12
2020-07-18,batang,巴塘,Batang,8.08,12.81,18.14,7.37,4.2518693512685575,0.56,15555098.0,18272414.0,7610.5625,99.05,29.85,2020,644.96,10.04,0.38,0.17
2020-07-19,batang,巴塘,Batang,18.91,11.9,16.03,9.29,3.398196015707025,0.91,13260690.0,15573054.0,7447.125,99.05,29.85,2020,644.36,10.31,0.81,-0.32
2020-07-20,batang,巴塘,Batang,6.32,11.41,15.7,8.62,2.7807805704587483,1.4,10626198.0,12477902.0,7334.922,99.05,29.85,2020,643.23,8.59,1.33,-0.42
2020-07-21,batang,巴塘,Batang,5.17,12.34,16.21,9.53,3.3173982318595407,1.16,12502254.0,14675790.0,7302.625,99.05,29.85,2020,644.15,9.6,1.12,-0.2
2020-07-22,batang,巴塘,Batang,1.48,13.99,19.33,9.37,5.34523842908637,1.29,19090002.0,22403808.0,7283.2344,99.05,29.85,2020,644.18,8.97,1.25,-0.08
2020-07-23,batang,巴塘,Batang,1.04,14.51,19.45,9.45,5.478391439482119,1.25,18870564.0,22140466.0,7252.3906,99.05,29.85,2020,645.63,8.4,1.24,-0.03
2020-07-24,batang,巴塘,Batang,21.77,13.67,18.04,9.82,3.6429886202237176,0.87,12746000.0,14953244.0,7228.1562,99.05,29.85,2020,647.06,9.67,0.8,-0.13
2020-07-25,batang,巴塘,Batang,13.05,11.19,15.3,8.14,2.5071118021828744,0.54,9553488.0,11203188.0,7291.3125,99.05,29.85,2020,648.5,9.41,-0.12,0.19
2020-07-26,batang,巴塘,Batang,0.37,14.11,19.18,8.28,6.033285965851487,1.11,20719270.0,24291972.0,7337.9375,99.05,29.85,2020,648.11,6.3,-0.87,-0.1
2020-07-27,batang,巴塘,Batang,2.06,13.89,18.26,9.35,5.944987939782346,1.12,20749114.0,24321222.0,7217.6562,99.05,29.85,2020,646.89,6.82,1.06,-0.31
2020-07-28,batang,巴塘,Batang,4.63,12.29,16.08,8.85,3.500965387776002,1.27,12864922.0,15077772.0,6959.5625,99.05,29.85,2020,645.94,8.44,1.18,-0.39
2020-07-29,batang,巴塘,Batang,6.86,11.1,13.71,8.38,2.480548389059903,0.99,9570172.0,11212286.0,6786.0938,99.05,29.85,2020,646.21,8.86,0.95,-0.18
2020-07-30,batang,巴塘,Batang,11.29,11.96,17.19,8.25,3.976941304308552,0.7,15297588.0,17918706.0,6765.7344,99.05,29.85,2020,646.56,10.2,0.64,-0.16
2020-07-31,batang,巴塘,Batang,7.95,12.83,17.24,9.03,4.6169698975443,0.83,17341130.0,20306776.0,6739.297,99.05,29.85,2020,646.4,10.2,0.76,-0.17
2020-08-01,batang,巴塘,Batang,12.87,12.27,16.79,9.49,3.829785442399947,0.34,14156486.0,16575022.0,7305.3438,99.05,29.85,2020,646.67,10.51,0.04,-0.03
2020-08-02,batang,巴塘,Batang,4.69,13.12,18.45,8.57,5.1356227933792935,0.83,19083306.0,22336910.0,7219.5156,99.05,29.85,2020,645.65,9.98,0.73,-0.2
2020-08-03,batang,巴塘,Batang,0.93,14.91,19.22,9.86,5.972534079693433,1.4,20344270.0,23807552.0,6981.1875,99.05,29.85,2020,644.18,7.99,1.34,-0.34
2020-08-04,batang,巴塘,Batang,0.32,15.42,20.1,10.3,5.70261969888343,1.23,18583016.0,21740626.0,6657.797,99.05,29.85,2020,644.66,7.36,1.18,-0.22
2020-08-05,batang,巴塘,Batang,0.19,15.71,20.19,10.74,5.641004283292058,1.13,18314100.0,21420660.0,6355.75,99.05,29.85,2020,646.43,7.9,1.09,-0.21
2020-08-06,batang,巴塘,Batang,0.06,16.98,21.96,11.18,6.609938642019896,0.91,21162830.0,24746950.0,6084.047,99.05,29.85,2020,646.44,8.72,0.78,-0.14
2020-08-07,batang,巴塘,Batang,19.84,14.8,20.12,11.35,4.810446345421092,0.54,16723474.0,19552438.0,5835.1406,99.05,29.85,2020,645.76,11.36,0.38,-0.05
2020-08-08,batang,巴塘,Batang,22.8,12.78,15.32,11.01,2.5516511746772093,0.35,9214994.0,10771070.0,5682.2812,99.05,29.85,2020,645.76,10.8,0.25,-0.08
2020-08-09,batang,巴塘,Batang,5.24,12.76,16.46,9.1,3.5024010676012303,0.81,12580252.0,14699216.0,5640.6094,99.05,29.85,2020,645.34,8.78,0.65,-0.35
2020-08-10,batang,巴塘,Batang,1.83,13.64,18.55,8.72,4.554182624122129,1.48,16844612.0,19679700.0,5591.6406,99.05,29.85,2020,643.57,9.91,1.41,-0.41
2020-08-11,batang,巴塘,Batang,6.29,14.38,18.7,10.61,3.966084955953915,0.94,13600330.0,15886610.0,5585.625,99.05,29.85,2020,643.26,9.78,0.9,-0.04
2020-08-12,batang,巴塘,Batang,7.59,13.63,18.38,9.29,4.4400786701218165,0.61,16024736.0,18714524.0,5733.547,99.05,29.85,2020,645.3,10.69,0.41,-0.02
2020-08-13,batang,巴塘,Batang,3.97,13.93,19.89,9.86,5.338425253155889,1.19,19708380.0,23008112.0,5811.1562,99.05,29.85,2020,644.36,10.29,1.11,-0.29
2020-08-14,batang,巴塘,Batang,4.23,12.86,17.27,9.42,3.607629087867666,1.15,13605464.0,15879648.0,5737.2188,99.05,29.85,2020,643.64,10.22,1.08,-0.28
2020-08-15,batang,巴塘,Batang,11.32,12.62,17.71,8.72,3.7108197784973873,0.91,13958880.0,16289014.0,5663.5625,99.05,29.85,2020,643.42,10.0,0.81,-0.12
2020-08-16,batang,巴塘,Batang,16.43,12.47,17.92,8.89,4.2643833151825365,0.71,16162882.0,18850758.0,5623.8594,99.05,29.85,2020,643.37,10.25,0.57,0.02
2020-08-17,batang,巴塘,Batang,8.86,11.58,14.97,7.32,3.0416969608938302,1.09,10716830.0,12494396.0,5640.797,99.05,29.85,2020,645.86,6.33,-1.01,0.16
2020-08-18,batang,巴塘,Batang,0.85,8.81,14.83,3.11,4.273964802178386,0.85,17040444.0,19857826.0,5645.5156,99.05,29.85,2020,647.49,2.18,0.18,-0.4
2020-08-19,batang,巴塘,Batang,1.46,11.24,15.86,3.67,6.161343152970008,0.28,22978182.0,26761732.0,5501.7344,99.05,29.85,2020,647.1,3.69,0.01,-0.01
2020-08-20,batang,巴塘,Batang,0.59,12.56,17.03,6.79,5.7985476976480514,1.0,21112854.0,24572260.0,5246.078,99.05,29.85,2020,647.36,5.42,0.96,-0.21
2020-08-21,batang,巴塘,Batang,0.25,13.57,18.23,8.26,4.83939439165414,1.07,16508314.0,19202358.0,4968.9375,99.05,29.85,2020,646.91,5.99,1.02,-0.16
2020-08-22,batang,巴塘,Batang,0.68,13.9,18.82,9.85,4.955664582707853,1.49,17145432.0,19933684.0,4721.422000000001,99.05,29.85,2020,645.72,7.48,1.44,-0.28
2020-08-23,batang,巴塘,Batang,8.16,12.47,18.63,9.01,4.096433195648621,0.84,15404130.0,17901014.0,4508.953,99.05,29.85,2020,645.84,9.31,0.18,0.2
2020-08-24,batang,巴塘,Batang,0.45,13.63,18.95,6.62,6.038525249179995,1.09,20814102.0,24172962.0,4354.1094,99.05,29.85,2020,647.27,4.34,-1.07,0.18
2020-08-25,batang,巴塘,Batang,0.05,13.17,18.61,6.77,7.057368999003668,0.9,24481866.0,28418654.0,4233.375,99.05,29.85,2020,648.84,0.22,-0.86,-0.04
2020-08-26,batang,巴塘,Batang,0.32,13.14,18.54,6.8,6.6468689452185865,0.67,23264668.0,26991644.0,4091.1875,99.05,29.85,2020,647.54,1.62,-0.03,-0.11
2020-08-27,batang,巴塘,Batang,2.29,12.58,18.65,6.87,6.110617535319131,0.8,22839040.0,26483862.0,3922.7031,99.05,29.85,2020,644.87,7.36,0.64,0.02
2020-08-28,batang,巴塘,Batang,3.35,12.43,17.59,8.03,4.213275077668573,0.98,16093852.0,18654048.0,3752.6562,99.05,29.85,2020,644.3,9.38,0.86,-0.37
2020-08-29,batang,巴塘,Batang,1.37,13.79,18.86,8.87,4.9469395034133,1.22,17214242.0,19940322.0,3609.2656,99.05,29.85,2020,644.62,7.27,1.2,-0.11
2020-08-30,batang,巴塘,Batang,10.05,11.68,15.96,5.74,3.5279958780034417,0.54,13398134.0,15513880.0,3510.5781,99.05,29.85,2020,646.76,8.98,-0.15,0.18
2020-08-31,batang,巴塘,Batang,2.63,12.51,17.78,6.82,4.971423368419631,0.74,18526574.0,21438302.0,3476.3906,99.05,29.85,2020,648.76,8.09,0.17,-0.31
2020-09-01,batang,巴塘,Batang,2.1,12.93,18.73,7.65,5.347842418449306,0.52,19407506.0,22446412.0,3448.3281,99.05,29.85,2020,649.26,7.4,0.38,-0.01
2020-09-02,batang,巴塘,Batang,3.27,12.23,18.92,7.09,5.049391007211278,0.46,18944306.0,21898542.0,3379.5312,99.05,29.85,2020,649.55,8.87,0.28,0.07
2020-09-03,batang,巴塘,Batang,3.11,12.62,18.01,8.6,4.720908943412922,0.67,17648786.0,20389482.0,3274.7188,99.05,29.85,2020,648.75,9.01,0.52,-0.05
2020-09-04,batang,巴塘,Batang,4.83,11.68,16.25,8.37,3.728031947018728,0.68,14407642.0,16636818.0,3153.0938,99.05,29.85,2020,647.11,9.19,0.6,-0.1
2020-09-05,batang,巴塘,Batang,5.61,11.46,15.46,7.1,2.7762551510837863,0.81,10461364.0,12074606.0,3041.4688,99.05,29.85,2020,645.82,8.26,0.3,0.15
2020-09-06,batang,巴塘,Batang,6.7,12.03,17.35,6.92,4.22193575483914,0.68,15995122.0,18450190.0,2958.3906,99.05,29.85,2020,646.5,8.49,0.4,-0.11
2020-09-07,batang,巴塘,Batang,4.41,11.99,16.62,8.98,4.0958775772542975,1.08,16310232.0,18804620.0,2913.6562,99.05,29.85,2020,646.5,9.7,1.01,-0.32
2020-09-08,batang,巴塘,Batang,1.86,13.05,17.57,9.36,4.316518991970956,1.1,15776008.0,18178522.0,2871.4844,99.05,29.85,2020,647.21,8.37,1.07,-0.2
2020-09-09,batang,巴塘,Batang,8.5,11.98,17.14,8.21,3.7541168786395023,0.61,14300874.0,16472330.0,2830.5156,99.05,29.85,2020,646.69,9.24,0.42,-0.07
2020-09-10,batang,巴塘,Batang,8.3,11.07,15.07,8.76,2.7797232871529336,0.76,11033798.0,12701966.0,2823.4062,99.05,29.85,2020,645.35,9.26,0.7,-0.18
2020-09-11,batang,巴塘,Batang,8.91,11.73,16.93,8.33,3.8648817391323407,0.9,15390956.0,17706968.0,2840.6094,99.05,29.85,2020,646.34,9.72,0.86,-0.2
2020-09-12,batang,巴塘,Batang,12.61,11.97,17.13,9.03,3.710965763018396,0.89,14577564.0,16763838.0,2886.6094,99.05,29.85,2020,647.47,9.79,0.76,-0.08
2020-09-13,batang,巴塘,Batang,6.67,11.36,16.83,7.83,4.034510010486052,0.67,16035208.0,18429828.0,2961.2188,99.05,29.85,2020,647.45,9.53,0.63,-0.09
2020-09-14,batang,巴塘,Batang,11.35,11.39,16.96,7.26,4.283040003403787,0.73,16965080.0,19487820.0,3008.9531,99.05,29.85,2020,646.08,8.95,0.56,-0.07
2020-09-15,batang,巴塘,Batang,5.02,11.08,16.16,7.76,3.798747953201339,1.0,15445830.0,17734138.0,3027.5312,99.05,29.85,2020,645.17,8.76,0.93,-0.1
2020-09-16,batang,巴塘,Batang,9.85,11.5,17.05,8.26,4.08593234898931,0.97,16185464.0,18568728.0,3044.1562,99.05,29.85,2020,645.23,8.48,0.65,0.06
2020-09-17,batang,巴塘,Batang,3.89,10.72,15.04,7.63,2.920642448975609,0.75,10982218.0,12584730.0,3117.6406,99.05,29.85,2020,647.56,6.04,0.39,-0.01
2020-09-18,batang,巴塘,Batang,2.01,11.23,16.62,8.16,3.7347443757621432,1.3,15046940.0,17231872.0,3236.5781,99.05,29.85,2020,647.18,8.09,1.23,-0.28
2020-09-19,batang,巴塘,Batang,0.97,12.26,16.74,8.71,3.90183164596724,1.48,14425444.0,16506956.0,3216.2812,99.05,29.85,2020,646.81,7.25,1.43,-0.27
2020-09-20,batang,巴塘,Batang,1.1,12.91,17.26,8.44,4.419142409063297,1.39,15626484.0,17865840.0,3111.664,99.05,29.85,2020,645.57,6.29,1.34,-0.11
2020-09-21,batang,巴塘,Batang,0.23,13.15,18.18,8.27,4.764800526685233,1.25,16461772.0,18804834.0,2998.6875,99.05,29.85,2020,645.4,5.03,1.16,0.06
2020-09-22,batang,巴塘,Batang,18.18,10.79,15.96,7.98,3.45259785651506,0.58,13662835.0,15594958.0,2913.25,99.05,29.85,2020,647.03,8.08,0.21,0.25
2020-09-23,batang,巴塘,Batang,6.35,9.86,12.08,7.8,2.1181815280149268,0.76,8472090.0,9662106.0,2929.1719,99.05,29.85,2020,647.12,7.42,0.48,-0.18
2020-09-24,batang,巴塘,Batang,3.06,11.66,16.79,8.05,3.3852176368381066,1.35,13165051.0,15002976.0,2964.5625,99.05,29.85,2020,644.73,8.1,1.27,-0.14
2020-09-25,batang,巴塘,Batang,7.23,11.38,16.67,8.01,3.530173249019524,1.16,14140064.0,16100112.0,2985.1484,99.05,29.85,2020,643.41,8.44,0.87,0.0
2020-09-26,batang,巴塘,Batang,2.87,11.34,15.75,8.05,3.5129376287967204,1.47,14078236.0,16015992.0,3092.6875,99.05,29.85,2020,643.77,7.98,1.45,-0.17
2020-09-27,batang,巴塘,Batang,0.57,11.9,16.91,6.94,3.836781702297436,1.28,14113009.0,16041054.0,3266.4688,99.05,29.85,2020,645.03,6.21,1.27,-0.01
2020-09-28,batang,巴塘,Batang,0.8,12.31,16.89,7.23,4.1723913667180845,1.09,15143431.0,17198616.0,3355.6797,99.05,29.85,2020,645.69,5.9,1.02,-0.12
2020-09-29,batang,巴塘,Batang,0.76,11.81,16.3,7.72,3.949857264489917,1.25,14382935.0,16319882.0,3311.7422,99.05,29.85,2020,645.69,5.36,1.17,-0.26
2020-09-30,batang,巴塘,Batang,0.27,11.38,16.44,6.72,3.630811234026785,1.2,13173948.0,14936034.0,3192.2344,99.05,29.85,2020,645.14,4.83,1.15,-0.17
2020-10-01,batang,巴塘,Batang,0.24,11.38,16.15,6.81,3.430945087220549,1.42,12216392.0,13838805.0,3073.0312,99.05,29.85,2020,644.66,4.95,1.38,-0.19
2020-10-02,batang,巴塘,Batang,0.38,11.22,15.94,7.09,3.5005314212582084,1.39,12886568.0,14585791.0,2972.5781,99.05,29.85,2020,645.36,5.35,1.34,-0.13
2020-10-03,batang,巴塘,Batang,1.02,10.99,15.89,7.02,3.3708213730174466,1.37,12913340.0,14604947.0,2892.461,99.05,29.85,2020,646.12,6.2,1.34,-0.18
2020-10-04,batang,巴塘,Batang,0.39,11.49,16.34,6.87,3.471967709089735,1.47,12484345.0,14107898.0,2854.625,99.05,29.85,2020,645.77,5.34,1.45,-0.14
2020-10-05,batang,巴塘,Batang,0.46,10.34,15.51,7.09,3.13518468155438,1.71,11960513.0,13504580.0,2856.0,99.05,29.85,2020,645.44,5.29,1.7,-0.15
2020-10-06,batang,巴塘,Batang,6.54,10.51,15.18,7.13,3.3540109073605686,1.0,13486005.0,15215270.0,2869.4531,99.05,29.85,2020,647.1,6.83,0.94,-0.02
2020-10-07,batang,巴塘,Batang,0.96,10.5,14.88,6.77,3.5762857856563643,1.44,14261442.0,16076240.0,2898.3516,99.05,29.85,2020,647.79,5.89,1.41,-0.24
2020-10-08,batang,巴塘,Batang,0.19,11.56,16.63,7.01,3.7937718666058737,1.31,13236058.0,14907623.0,2931.289,99.05,29.85,2020,648.28,3.42,1.25,-0.14
2020-10-09,batang,巴塘,Batang,0.31,11.03,16.13,6.44,3.3775608775459647,1.27,11935841.0,13432407.0,2877.3438,99.05,29.85,2020,648.01,3.66,1.19,-0.17
2020-10-10,batang,巴塘,Batang,0.21,10.78,16.61,5.9,3.8123429543469474,1.2,13891508.0,15619966.0,2755.414,99.05,29.85,2020,646.92,2.79,1.12,-0.17
2020-10-11,batang,巴塘,Batang,0.12,10.74,16.45,5.62,4.013899247382812,1.36,14964936.0,16813542.0,2614.6797,99.05,29.85,2020,645.72,3.3,1.29,-0.27
2020-10-12,batang,巴塘,Batang,0.3,9.93,14.96,5.43,3.1936548142176338,1.52,11846750.0,13299492.0,2476.5156,99.05,29.85,2020,645.28,3.48,1.42,-0.39
2020-10-13,batang,巴塘,Batang,0.15,10.14,15.88,5.21,3.9689711382882127,1.49,14715246.0,16505972.0,2346.5938,99.05,29.85,2020,645.77,1.86,1.4,-0.26
2020-10-14,batang,巴塘,Batang,0.26,8.84,13.74,4.76,3.1660367067215454,1.64,12013400.0,13464244.0,2225.539,99.05,29.85,2020,646.88,1.94,1.54,-0.43
2020-10-15,batang,巴塘,Batang,0.14,9.91,15.57,4.88,3.9853151890496026,1.54,14668308.0,16425788.0,2111.2734,99.05,29.85,2020,646.51,1.01,1.46,-0.25
2020-10-16,batang,巴塘,Batang,0.19,9.59,15.01,4.59,3.570080530399072,1.65,12623930.0,14134820.0,2003.5234,99.05,29.85,2020,646.09,0.52,1.62,-0.11
2020-10-17,batang,巴塘,Batang,0.03,9.78,15.75,4.36,4.009209491704767,1.51,14597500.0,16341052.0,1903.0391,99.05,29.85,2020,645.49,0.13,1.44,0.24
2020-10-18,batang,巴塘,Batang,0.34,8.84,14.15,4.26,3.4795815481971304,1.56,13235504.0,14813088.0,1813.8828,99.05,29.85,2020,645.73,0.98,1.51,-0.13
2020-10-19,batang,巴塘,Batang,1.02,7.8,14.15,4.05,3.2285640025236297,1.8,13775486.0,15414600.0,1750.3281,99.05,29.85,2020,644.86,2.41,1.71,-0.08
2020-10-20,batang,巴塘,Batang,8.78,4.75,11.6,1.1,2.520631879008446,1.25,12840782.0,14378342.0,1720.0781,99.05,29.85,2020,646.9,2.05,0.06,0.22
2020-10-21,batang,巴塘,Batang,7.46,4.42,9.83,0.49,2.798614860689121,0.77,12606392.0,15343146.0,1712.2734,99.05,29.85,2020,647.1,0.57,0.16,0.2
2020-10-22,batang,巴塘,Batang,0.99,5.66,11.17,0.84,2.8987712374453127,1.31,10918518.0,15025844.0,1686.6719,99.05,29.85,2020,646.19,0.74,1.2,-0.39
2020-10-23,batang,巴塘,Batang,1.7,5.63,9.11,2.99,2.0550319644971906,1.6,8619748.0,10858534.0,1626.5469,99.05,29.85,2020,645.36,2.49,1.54,-0.38
2020-10-24,batang,巴塘,Batang,1.13,6.34,9.53,3.82,1.6863650221646231,1.34,7201976.0,8512656.0,1553.375,99.05,29.85,2020,646.37,3.7,1.31,-0.22
2020-10-25,batang,巴塘,Batang,0.73,8.52,13.98,4.12,2.656631474261091,1.27,10067006.0,11516156.0,1484.3125,99.05,29.85,2020,646.95,2.65,1.23,-0.14
2020-10-26,batang,巴塘,Batang,0.2,7.89,13.57,3.45,3.3159565037948817,1.72,13326258.0,15037816.0,1432.4219,99.05,29.85,2020,646.08,1.16,1.71,-0.08
2020-10-27,batang,巴塘,Batang,1.15,6.91,12.62,1.9,3.1893466752742765,1.69,13691524.0,15353696.0,1396.6953,99.05,29.85,2020,646.43,0.82,1.61,0.28
2020-10-28,batang,巴塘,Batang,0.33,6.54,11.81,1.84,3.569573012880668,1.06,14362460.0,16107056.0,1361.2734,99.05,29.85,2020,649.09,-4.9,0.92,0.31
2020-10-29,batang,巴塘,Batang,0.0,6.93,12.62,1.42,3.810094383870778,1.22,15529478.0,17376392.0,1319.6406,99.05,29.85,2020,650.02,-3.38,1.18,-0.23
2020-10-30,batang,巴塘,Batang,0.0,6.94,12.77,1.03,4.094438428273349,1.05,17262778.0,19291248.0,1273.75,99.05,29.85,2020,649.71,-2.88,0.99,-0.17
2020-10-31,batang,巴塘,Batang,0.01,8.68,14.44,1.71,4.157997763403095,1.21,16542418.0,18473860.0,1226.25,99.05,29.85,2020,647.77,-0.33,1.15,0.02
2020-11-01,batang,巴塘,Batang,1.1,7.77,12.53,3.4,2.7698724590729995,1.15,11565080.0,12909908.0,1179.8594,99.05,29.85,2020,647.67,2.63,1.09,-0.01
2020-11-02,batang,巴塘,Batang,0.62,8.58,14.57,3.87,3.193079087939084,1.52,12068230.0,13468940.0,1137.9766,99.05,29.85,2020,646.5,0.92,1.46,0.1
2020-11-03,batang,巴塘,Batang,0.92,7.34,13.37,1.3,3.251455676929464,1.7,12967588.0,14469612.0,1103.5156,99.05,29.85,2020,644.96,-0.39,1.6,0.28
2020-11-04,batang,巴塘,Batang,0.59,5.39,12.04,0.17,3.1019019974395854,2.01,13258502.0,14809460.0,1077.4844,99.05,29.85,2020,643.5,-2.37,1.91,0.39
2020-11-05,batang,巴塘,Batang,0.94,4.45,9.83,-0.2,3.149327977668833,1.65,13497620.0,15109500.0,1059.2031,99.05,29.85,2020,645.59,-5.2,1.54,0.34
2020-11-06,batang,巴塘,Batang,0.43,4.04,8.74,-0.08,2.9818405738536184,1.33,12652114.0,14150000.0,1049.6641,99.05,29.85,2020,647.91,-6.85,1.3,0.06
2020-11-07,batang,巴塘,Batang,0.02,4.35,9.29,-0.2,3.2349965867469863,1.31,13765450.0,15375924.0,1046.375,99.05,29.85,2020,649.02,-7.18,1.29,-0.1
2020-11-08,batang,巴塘,Batang,1.09,3.25,8.85,-1.42,2.9026279152673418,0.96,13700416.0,15287612.0,1036.0938,99.05,29.85,2020,651.31,-5.42,-0.34,0.48
2020-11-09,batang,巴塘,Batang,0.0,2.39,7.41,-1.71,3.3536863912089845,0.55,16170952.0,18168108.0,1015.72656,99.05,29.85,2020,651.01,-11.58,-0.41,0.14
2020-11-10,batang,巴塘,Batang,0.0,4.1,8.96,-1.39,3.5918102085822765,0.8,16026548.0,17935916.0,991.96875,99.05,29.85,2020,649.78,-9.77,0.67,-0.2
2020-11-11,batang,巴塘,Batang,0.63,3.98,9.14,-0.27,3.1804867684710567,0.61,14585462.0,16319616.0,969.7422,99.05,29.85,2020,650.66,-6.73,0.41,-0.14
2020-11-12,batang,巴塘,Batang,0.0,4.88,10.34,-0.49,3.5886611495468737,0.86,15678206.0,17508628.0,950.3047,99.05,29.85,2020,650.3,-7.45,0.79,-0.2
2020-11-13,batang,巴塘,Batang,0.14,4.82,10.19,-0.2,3.415549547676368,0.81,15191270.0,16939200.0,933.5625,99.05,29.85,2020,649.18,-5.8,0.69,-0.19
2020-11-14,batang,巴塘,Batang,0.44,4.59,9.95,-0.21,3.368149176204277,0.83,15036856.0,16753060.0,919.2422,99.05,29.85,2020,648.9,-6.27,0.74,-0.19
2020-11-15,batang,巴塘,Batang,0.0,5.09,10.83,-0.46,3.5748680256730987,0.82,15438692.0,17192020.0,906.85156,99.05,29.85,2020,649.35,-7.89,0.75,-0.21
2020-11-16,batang,巴塘,Batang,0.0,4.91,10.94,-0.43,3.6749576377006896,1.54,15295600.0,17030476.0,896.0,99.05,29.85,2020,644.97,-7.93,1.52,-0.19
2020-11-17,batang,巴塘,Batang,0.01,2.66,7.58,-1.56,3.156770117516764,1.68,13977950.0,15562916.0,886.64844,99.05,29.85,2020,641.31,-9.73,1.44,0.69
2020-11-18,batang,巴塘,Batang,0.87,1.46,6.21,-2.99,2.6035383517984805,1.49,12631830.0,14114936.0,879.1172,99.05,29.85,2020,641.54,-7.58,1.43,0.15
2020-11-19,batang,巴塘,Batang,0.23,1.18,6.97,-3.22,2.421144044476768,1.63,11571782.0,12971488.0,872.58594,99.05,29.85,2020,641.36,-7.59,1.56,-0.05
2020-11-20,batang,巴塘,Batang,0.23,0.84,7.74,-3.95,2.467319097656468,1.91,12554346.0,14101932.0,865.59375,99.05,29.85,2020,640.66,-6.81,1.85,0.1
2020-11-21,batang,巴塘,Batang,0.15,-0.3,7.14,-4.87,2.3522845326804016,2.26,12692602.0,14269280.0,858.34375,99.05,29.85,2020,641.21,-7.71,2.19,0.2
2020-11-22,batang,巴塘,Batang,2.16,-1.16,3.56,-4.32,1.9004576460006344,1.61,11040180.0,12562488.0,851.5,99.05,29.85,2020,642.87,-6.31,1.56,0.05
2020-11-23,batang,巴塘,Batang,0.11,-1.5,3.41,-5.28,2.2781727278301283,1.71,11754306.0,13954900.0,845.0469,99.05,29.85,2020,645.25,-10.54,1.69,-0.12
2020-11-24,batang,巴塘,Batang,0.36,-1.2,3.76,-5.18,2.038210147855178,1.71,10356970.0,12226080.0,838.8906,99.05,29.85,2020,645.11,-8.99,1.67,0.0
2020-11-25,batang,巴塘,Batang,0.01,-0.84,4.74,-5.37,2.3977287120382766,1.35,12569280.0,14728056.0,832.9922,99.05,29.85,2020,646.3,-9.46,1.33,-0.11
2020-11-26,batang,巴塘,Batang,0.0,0.28,6.22,-4.12,2.70028550345393,1.16,13675748.0,15810584.0,827.1172,99.05,29.85,2020,648.27,-9.4,1.13,-0.21
2020-11-27,batang,巴塘,Batang,1.01,2.56,8.06,-3.47,3.0163399978596006,1.27,13505276.0,15416272.0,821.22656,99.05,29.85,2020,647.4,-9.04,1.23,0.08
2020-11-28,batang,巴塘,Batang,2.56,-0.83,3.3,-5.14,1.6736600016726606,0.87,7368240.0,9413244.0,816.46875,99.05,29.85,2020,648.71,-9.65,-0.69,0.44
2020-11-29,batang,巴塘,Batang,0.0,-2.0,3.28,-5.77,2.619337182917496,0.94,13042318.0,16356644.0,812.7344,99.05,29.85,2020,647.86,-15.99,0.87,0.04
2020-11-30,batang,巴塘,Batang,0.0,-1.6,3.86,-6.13,2.468297426716235,1.31,12772922.0,15703740.0,809.25,99.05,29.85,2020,645.98,-11.03,1.3,-0.09
2020-12-01,batang,巴塘,Batang,0.0,-1.67,4.24,-5.64,2.4294124464317424,1.14,13181186.0,15897084.0,804.9844,99.05,29.85,2020,646.13,-9.97,1.12,-0.15
2020-12-02,batang,巴塘,Batang,0.09,-1.38,4.05,-5.66,2.20152494157333,1.2,11866178.0,14068084.0,799.41406,99.05,29.85,2020,643.46,-8.91,1.18,-0.1
2020-12-03,batang,巴塘,Batang,1.86,-1.94,2.22,-5.07,1.6505692894766928,0.97,9079176.0,10772388.0,793.5469,99.05,29.85,2020,643.34,-7.57,0.93,0.1
2020-12-04,batang,巴塘,Batang,1.72,-2.22,2.34,-6.25,1.9194275798293576,1.13,10275444.0,12990240.0,788.28906,99.05,29.85,2020,642.56,-8.27,1.07,0.01
2020-12-05,batang,巴塘,Batang,0.81,-3.13,1.86,-6.55,1.7624288843946392,1.41,8983488.0,11988328.0,783.2422,99.05,29.85,2020,642.52,-9.83,1.36,-0.06
2020-12-06,batang,巴塘,Batang,0.2,-2.87,2.72,-6.22,1.86216779025444,1.15,9416866.0,12579484.0,778.1406,99.05,29.85,2020,643.57,-9.94,1.08,-0.07
2020-12-07,batang,巴塘,Batang,0.5,-3.35,2.24,-8.24,1.7711779394140374,0.8,9464516.0,12495308.0,773.08594,99.05,29.85,2020,645.09,-9.55,0.72,0.09
2020-12-08,batang,巴塘,Batang,0.04,-4.67,1.41,-9.89,1.80885010465021,0.93,10429352.0,13647812.0,768.08594,99.05,29.85,2020,645.63,-11.39,0.86,-0.27
2020-12-09,batang,巴塘,Batang,0.0,-2.59,4.22,-8.73,2.2966693067548363,0.87,12069648.0,15461376.0,763.08594,99.05,29.85,2020,643.86,-11.57,0.83,-0.16
2020-12-10,batang,巴塘,Batang,0.01,-2.08,4.85,-7.96,2.3151168603173016,0.99,12380848.0,15444932.0,758.08594,99.05,29.85,2020,642.65,-10.05,0.96,-0.2
2020-12-11,batang,巴塘,Batang,0.01,-2.17,4.58,-7.34,2.1504987313194084,1.03,12048664.0,14684764.0,753.10156,99.05,29.85,2020,642.94,-8.65,1.0,-0.13
2020-12-12,batang,巴塘,Batang,0.02,-2.03,4.59,-6.91,2.118537393699349,1.37,12227636.0,14634768.0,748.125,99.05,29.85,2020,640.81,-7.97,1.36,-0.13
2020-12-13,batang,巴塘,Batang,0.25,-1.28,5.63,-6.07,1.9037000581494448,1.65,10410094.0,12309320.0,743.1875,99.05,29.85,2020,639.36,-7.04,1.61,0.18
2020-12-14,batang,巴塘,Batang,0.31,-1.38,4.52,-5.42,2.1196716178756194,1.49,11506076.0,13605108.0,738.3672,99.05,29.85,2020,641.8,-8.32,1.44,0.22
2020-12-15,batang,巴塘,Batang,0.22,-2.16,3.44,-6.89,1.8381152939224608,1.36,10165314.0,12020208.0,733.6797,99.05,29.85,2020,643.35,-8.69,1.33,-0.09
2020-12-16,batang,巴塘,Batang,0.1,-3.06,3.6,-7.74,1.8732060789037008,1.62,10942070.0,12884932.0,728.9219,99.05,29.85,2020,641.8,-9.84,1.61,-0.03
2020-12-17,batang,巴塘,Batang,0.35,-3.16,2.92,-7.89,1.8585196431924125,1.76,10909904.0,12822260.0,724.03125,99.05,29.85,2020,640.07,-9.93,1.71,0.18
2020-12-18,batang,巴塘,Batang,0.85,-3.14,2.04,-6.64,1.897122219960372,1.79,10718640.0,12802720.0,719.125,99.05,29.85,2020,640.18,-10.53,1.71,0.29
2020-12-19,batang,巴塘,Batang,0.68,-3.97,1.65,-9.54,1.7002284390508349,1.29,9460886.0,11649184.0,714.3594,99.05,29.85,2020,643.19,-11.69,1.19,0.2
2020-12-20,batang,巴塘,Batang,0.67,-4.67,1.68,-10.1,1.8800651055507265,0.67,11360130.0,13910884.0,709.71094,99.05,29.85,2020,645.59,-12.84,0.52,0.03
2020-12-21,batang,巴塘,Batang,0.0,-3.94,3.01,-11.09,2.189954341180818,0.98,12476990.0,15269312.0,705.0469,99.05,29.85,2020,643.92,-14.65,0.9,-0.3
2020-12-22,batang,巴塘,Batang,0.0,-2.67,4.45,-9.12,2.3553925857664195,1.12,12678898.0,15318504.0,700.3125,99.05,29.85,2020,641.74,-13.77,1.08,-0.2
2020-12-23,batang,巴塘,Batang,0.02,-2.49,4.36,-8.08,2.2091079285114987,1.07,12468176.0,14868372.0,695.5625,99.05,29.85,2020,642.29,-10.6,1.01,-0.2
2020-12-24,batang,巴塘,Batang,0.07,-2.52,4.67,-7.25,1.951577380633064,1.52,11468514.0,13532100.0,690.875,99.05,29.85,2020,641.27,-8.61,1.47,-0.01
2020-12-25,batang,巴塘,Batang,0.4,-2.52,3.54,-6.98,2.009493642248051,1.58,10647858.0,12564192.0,686.2578,99.05,29.85,2020,640.52,-11.52,1.43,0.49
2020-12-26,batang,巴塘,Batang,0.58,-3.77,1.64,-9.19,2.225102462349552,1.01,11665132.0,13863084.0,681.78125,99.05,29.85,2020,642.72,-22.22,0.18,0.65
2020-12-27,batang,巴塘,Batang,0.01,-3.76,2.45,-9.68,2.2306227720832994,1.14,12986830.0,15441400.0,677.3594,99.05,29.85,2020,640.81,-14.22,1.08,-0.29
2020-12-28,batang,巴塘,Batang,0.01,-4.31,2.73,-8.95,1.9211664625907032,1.67,12301642.0,14529588.0,672.875,99.05,29.85,2020,639.12,-11.05,1.65,-0.13
2020-12-29,batang,巴塘,Batang,0.01,-3.32,3.59,-9.05,2.1164558606842108,1.37,12220746.0,14349004.0,668.3594,99.05,29.85,2020,642.02,-12.42,1.34,-0.13
2020-12-30,batang,巴塘,Batang,0.0,-2.9,4.03,-8.55,2.3742799520051627,1.52,13057256.0,15236308.0,663.90625,99.05,29.85,2020,642.25,-14.53,1.5,0.02
2020-12-31,batang,巴塘,Batang,0.0,-2.57,4.2,-8.18,2.45735877358584,1.31,13434652.0,15580744.0,659.4453,99.05,29.85,2020,643.09,-14.91,1.27,0.2
2021-01-01,batang,巴塘,Batang,0.0,-2.33,4.79,-9.02,2.462092121702936,1.33,13471142.0,15542312.0,655.0078,99.05,29.85,2021,643.19,-14.09,1.31,-0.04
2021-01-02,batang,巴塘,Batang,0.0,-2.14,5.36,-9.0,2.4653539649486578,1.42,13477808.0,15473804.0,650.58594,99.05,29.85,2021,642.2,-13.41,1.4,0.04
2021-01-03,batang,巴塘,Batang,0.0,-0.83,6.24,-8.39,2.67704825123102,1.31,13661200.0,15608368.0,646.3594,99.05,29.85,2021,643.29,-13.45,1.3,-0.02
2021-01-04,batang,巴塘,Batang,0.0,0.54,7.25,-6.0,2.7668516796347244,1.21,13608266.0,15469580.0,643.08594,99.05,29.85,2021,644.29,-10.96,1.2,0.02
2021-01-05,batang,巴塘,Batang,0.07,1.14,8.01,-5.23,2.7341079279783527,1.36,13498166.0,15270388.0,641.5156,99.05,29.85,2021,642.98,-8.34,1.32,0.13
2021-01-06,batang,巴塘,Batang,0.32,0.85,7.82,-3.27,2.2852432348375915,1.64,11682208.0,13177528.0,641.5625,99.05,29.85,2021,640.03,-6.0,1.49,0.44
2021-01-07,batang,巴塘,Batang,0.43,0.84,6.9,-3.93,2.3130010255908378,1.53,10971764.0,12431708.0,642.5469,99.05,29.85,2021,640.21,-8.04,1.3,0.58
2021-01-08,batang,巴塘,Batang,0.08,-0.48,5.84,-4.9,2.132744450631816,1.48,11264246.0,12744860.0,642.0469,99.05,29.85,2021,640.67,-7.91,1.46,-0.02
2021-01-09,batang,巴塘,Batang,0.09,-0.1,6.38,-4.84,2.401180589226834,1.51,12883054.0,14548440.0,638.3906,99.05,29.85,2021,639.55,-7.65,1.48,0.12
2021-01-10,batang,巴塘,Batang,0.24,0.11,6.25,-4.81,2.324275449519964,1.5,12208172.0,13784916.0,632.5156,99.05,29.85,2021,638.98,-7.38,1.48,0.11
2021-01-11,batang,巴塘,Batang,1.06,-2.11,3.03,-6.01,1.7447742018401622,1.12,7646514.0,8877028.0,626.03125,99.05,29.85,2021,643.36,-16.58,-0.92,0.32
2021-01-12,batang,巴塘,Batang,0.25,-1.98,2.94,-6.4,2.1166107469236404,1.22,11276174.0,13076688.0,619.6094,99.05,29.85,2021,640.57,-11.59,1.16,-0.11
2021-01-13,batang,巴塘,Batang,0.42,-1.3,4.81,-7.08,2.1292581972991167,0.95,10776920.0,12511016.0,613.8125,99.05,29.85,2021,641.78,-12.4,-0.12,0.41
2021-01-14,batang,巴塘,Batang,0.0,-1.05,4.82,-7.65,2.7790331938848696,0.51,14527696.0,16764180.0,608.46875,99.05,29.85,2021,642.92,-20.23,0.11,0.2
2021-01-15,batang,巴塘,Batang,0.0,0.82,7.26,-6.82,2.953836693166918,0.37,14672656.0,16765176.0,603.3594,99.05,29.85,2021,640.97,-18.32,0.18,-0.07
2021-01-16,batang,巴塘,Batang,6.84,0.13,6.15,-3.69,2.1283852961082577,0.72,11168014.0,12675488.0,598.9219,99.05,29.85,2021,640.36,-7.18,0.51,0.13
2021-01-17,batang,巴塘,Batang,0.41,-4.96,-0.68,-11.0,1.805748879296344,1.22,8207738.0,12864352.0,595.8281,99.05,29.85,2021,646.01,-14.39,-1.16,0.17
2021-01-18,batang,巴塘,Batang,0.21,-5.18,-0.27,-11.95,2.24082149737682,0.99,11660490.0,17157468.0,591.375,99.05,29.85,2021,642.73,-15.12,0.87,-0.3
2021-01-19,batang,巴塘,Batang,0.96,-3.24,1.43,-6.45,1.910909830169084,1.37,9255754.0,13557276.0,586.6406,99.05,29.85,2021,638.69,-9.7,1.32,-0.11
2021-01-20,batang,巴塘,Batang,1.07,-3.4,1.22,-6.44,1.8457299982852409,1.32,8936666.0,13274396.0,582.28125,99.05,29.85,2021,638.53,-9.47,1.24,-0.13
2021-01-21,batang,巴塘,Batang,3.84,-4.18,-0.67,-8.21,1.585761914813648,0.95,7654186.0,11927172.0,578.1719,99.05,29.85,2021,639.9,-9.06,0.45,0.11
2021-01-22,batang,巴塘,Batang,0.01,-6.88,-0.87,-13.34,2.011296623516712,0.84,9323280.0,17242576.0,574.25,99.05,29.85,2021,641.47,-14.65,0.71,-0.29
2021-01-23,batang,巴塘,Batang,0.03,-6.92,-0.73,-15.16,1.8703183924999016,1.26,9911806.0,17315208.0,570.34375,99.05,29.85,2021,639.26,-11.85,1.18,-0.41
2021-01-24,batang,巴塘,Batang,0.32,-4.41,2.14,-10.94,1.9485316860897264,1.45,9718074.0,16244044.0,566.34375,99.05,29.85,2021,639.68,-8.6,1.4,-0.3
2021-01-25,batang,巴塘,Batang,0.41,-3.56,1.65,-6.86,1.9069162295532385,1.65,9169912.0,14914100.0,562.3281,99.05,29.85,2021,640.47,-8.28,1.61,-0.27
2021-01-26,batang,巴塘,Batang,0.17,-4.73,1.39,-9.61,1.9098419379772096,1.65,9942036.0,15659060.0,558.5,99.05,29.85,2021,639.6,-10.08,1.64,-0.12
2021-01-27,batang,巴塘,Batang,0.17,-4.65,1.86,-9.81,1.9726978037004588,1.39,10096906.0,15328944.0,554.8125,99.05,29.85,2021,642.09,-11.31,1.29,-0.06
2021-01-28,batang,巴塘,Batang,0.03,-4.85,1.75,-10.57,2.2042711942816933,1.41,11988824.0,17460340.0,551.09375,99.05,29.85,2021,642.47,-12.32,1.36,-0.24
2021-01-29,batang,巴塘,Batang,0.0,-5.11,1.92,-11.67,2.376942020930412,1.56,13264294.0,18610716.0,547.2031,99.05,29.85,2021,640.34,-14.76,1.54,0.0
2021-01-30,batang,巴塘,Batang,0.42,-6.11,0.0,-12.14,2.1042720415644385,1.61,12266498.0,16853200.0,543.21875,99.05,29.85,2021,639.61,-15.97,1.44,0.39
2021-01-31,batang,巴塘,Batang,0.26,-6.37,-0.61,-13.2,2.0590155718944763,1.08,11391328.0,15506292.0,539.375,99.05,29.85,2021,641.83,-20.88,0.51,0.57
2021-02-01,batang,巴塘,Batang,0.09,-6.7,0.18,-13.88,2.0376401051149378,1.12,13092800.0,17533852.0,535.65625,99.05,29.85,2021,643.27,-14.39,0.98,-0.36
2021-02-02,batang,巴塘,Batang,0.06,-6.2,1.69,-14.22,2.1071747370613063,0.88,13465552.0,17655612.0,531.9844,99.05,29.85,2021,644.59,-13.46,0.7,-0.33
2021-02-03,batang,巴塘,Batang,0.0,-4.9,2.09,-15.05,2.4547954345946565,1.33,14947588.0,19158144.0,528.15625,99.05,29.85,2021,643.51,-14.29,1.24,-0.36
2021-02-04,batang,巴塘,Batang,0.0,-3.91,3.91,-10.83,2.590376362010837,1.44,15057512.0,18896320.0,524.25,99.05,29.85,2021,643.57,-14.35,1.35,-0.01
2021-02-05,batang,巴塘,Batang,0.04,-3.58,3.96,-11.39,2.6286445586021627,1.55,15084050.0,18574160.0,520.34375,99.05,29.85,2021,642.96,-14.75,1.45,0.1
2021-02-06,batang,巴塘,Batang,0.0,-4.02,2.87,-10.72,2.704824415461596,1.63,15899446.0,19304700.0,516.5625,99.05,29.85,2021,642.0,-16.7,1.46,0.17
2021-02-07,batang,巴塘,Batang,1.52,-3.82,0.94,-10.93,2.202727802105268,0.99,12817970.0,15559120.0,512.8906,99.05,29.85,2021,644.26,-13.43,0.28,-0.09
2021-02-08,batang,巴塘,Batang,0.02,-5.26,0.5,-11.39,2.524104144244624,1.04,15605030.0,19667132.0,509.34375,99.05,29.85,2021,646.98,-16.21,-1.0,-0.21
2021-02-09,batang,巴塘,Batang,0.0,-3.71,3.63,-11.9,2.869736481433113,0.68,16377168.0,20182716.0,505.8125,99.05,29.85,2021,644.27,-19.01,-0.45,-0.34
2021-02-10,batang,巴塘,Batang,0.03,-1.26,5.04,-9.85,3.0794526356094853,1.09,15303250.0,18491020.0,502.15625,99.05,29.85,2021,641.84,-18.43,1.01,-0.25
2021-02-11,batang,巴塘,Batang,3.88,-2.2,1.79,-7.15,1.9815601634692963,0.78,11052648.0,13460412.0,498.5625,99.05,29.85,2021,641.99,-8.18,0.61,0.17
2021-02-12,batang,巴塘,Batang,0.01,-2.34,4.3,-7.91,2.8201841782123607,1.12,14422538.0,19614980.0,495.1875,99.05,29.85,2021,642.55,-11.18,1.09,-0.17
2021-02-13,batang,巴塘,Batang,1.05,-3.14,3.04,-8.53,2.5985023958480613,0.66,14078940.0,18507472.0,491.78125,99.05,29.85,2021,644.42,-11.53,-0.49,-0.14
2021-02-14,batang,巴塘,Batang,0.16,-1.4,5.2,-8.86,3.0263101859650816,1.24,15548254.0,20038232.0,488.25,99.05,29.85,2021,641.51,-11.08,1.19,-0.14
2021-02-15,batang,巴塘,Batang,1.13,-1.34,4.26,-6.55,2.5841772990036818,1.0,13086888.0,16710220.0,484.78125,99.05,29.85,2021,640.63,-10.06,0.9,0.11
2021-02-16,batang,巴塘,Batang,0.9,-2.38,3.02,-6.82,2.4040928351539645,1.37,12864442.0,16570228.0,481.46875,99.05,29.85,2021,641.45,-10.18,1.33,-0.18
2021-02-17,batang,巴塘,Batang,1.57,-2.14,3.82,-6.33,2.5393150485336364,1.31,13064570.0,17312748.0,478.34375,99.05,29.85,2021,643.34,-10.36,1.18,0.27
2021-02-18,batang,巴塘,Batang,2.12,-2.46,1.9,-6.41,2.0427614857961447,0.96,10829200.0,14622780.0,475.34375,99.05,29.85,2021,645.6,-7.25,0.92,-0.04
2021-02-19,batang,巴塘,Batang,1.18,-2.11,3.22,-8.49,2.747598166301404,1.05,12597614.0,18363316.0,472.4375,99.05,29.85,2021,645.8,-12.2,0.89,0.19
2021-02-20,batang,巴塘,Batang,2.42,-5.28,1.2,-12.41,2.3113624419170526,0.51,13332182.0,18945316.0,469.40625,99.05,29.85,2021,646.56,-9.05,-0.21,-0.25
2021-02-21,batang,巴塘,Batang,0.03,-6.82,0.05,-13.55,2.436875172296169,0.61,13554572.0,20932784.0,466.21875,99.05,29.85,2021,646.3,-15.29,-0.18,-0.46
2021-02-22,batang,巴塘,Batang,0.0,-2.29,5.74,-12.06,3.201637074302352,0.61,15195964.0,21986532.0,462.8125,99.05,29.85,2021,645.45,-12.54,0.04,-0.36
2021-02-23,batang,巴塘,Batang,0.03,0.74,8.11,-8.42,3.5783700003428383,1.12,16305716.0,21516348.0,459.28125,99.05,29.85,2021,642.24,-10.11,1.04,-0.17
2021-02-24,batang,巴塘,Batang,0.1,1.34,8.24,-4.38,3.3215046219560302,1.36,15469702.0,19274834.0,456.09375,99.05,29.85,2021,639.72,-8.61,1.34,0.03
2021-02-25,batang,巴塘,Batang,0.18,1.67,8.36,-4.61,3.4629812268767552,1.01,16225598.0,19496308.0,453.65625,99.05,29.85,2021,639.42,-10.11,0.94,0.16
2021-02-26,batang,巴塘,Batang,0.11,3.09,10.23,-4.55,3.897502945406458,1.27,18156414.0,21246110.0,451.3125,99.05,29.85,2021,639.27,-7.67,1.21,0.04
2021-02-27,batang,巴塘,Batang,0.22,2.59,9.01,-2.88,3.274000528899742,1.63,16221580.0,18791456.0,449.71875,99.05,29.85,2021,637.7,-4.9,1.6,-0.12
2021-02-28,batang,巴塘,Batang,0.14,3.24,10.49,-2.76,3.4814829192781254,1.65,16998684.0,19538826.0,450.21875,99.05,29.85,2021,638.55,-4.45,1.63,0.02
2021-03-01,batang,巴塘,Batang,1.12,2.57,9.96,-2.03,2.986663113945613,1.91,14778846.0,16932358.0,455.59375,99.05,29.85,2021,640.68,-4.56,1.88,0.15
2021-03-02,batang,巴塘,Batang,0.4,2.62,9.25,-2.41,3.5553656653657493,2.02,16567230.0,19086610.0,467.0625,99.05,29.85,2021,640.49,-8.16,1.71,0.86
2021-03-03,batang,巴塘,Batang,0.89,1.63,8.11,-4.07,3.311267598384984,1.48,16202931.0,18591646.0,481.84375,99.05,29.85,2021,641.12,-9.03,0.9,0.36
2021-03-04,batang,巴塘,Batang,0.82,1.54,7.82,-3.96,3.143989729872505,1.94,15248709.0,17710536.0,491.28125,99.05,29.85,2021,639.58,-8.12,1.81,0.41
2021-03-05,batang,巴塘,Batang,1.3,1.15,6.11,-3.86,2.9620389740560444,1.36,14661976.0,16997970.0,491.28125,99.05,29.85,2021,639.78,-8.25,1.29,0.29
2021-03-06,batang,巴塘,Batang,1.61,-0.63,4.87,-5.31,2.7340094098833743,1.93,14706796.0,17345380.0,485.3125,99.05,29.85,2021,641.11,-9.12,1.89,0.12
2021-03-07,batang,巴塘,Batang,0.86,0.08,5.81,-5.26,2.896040901035396,1.23,13830332.0,16805056.0,476.25,99.05,29.85,2021,643.12,-11.6,0.81,0.26
2021-03-08,batang,巴塘,Batang,0.51,1.18,6.95,-5.12,3.505998865247407,1.49,17042792.0,20343268.0,466.0,99.05,29.85,2021,643.25,-10.02,1.37,0.05
2021-03-09,batang,巴塘,Batang,0.07,1.76,7.85,-4.05,3.6437056841926063,1.57,17736764.0,20768240.0,455.78125,99.05,29.85,2021,642.98,-9.27,1.55,-0.01
2021-03-10,batang,巴塘,Batang,0.87,1.98,8.24,-2.65,3.450972623893092,0.97,16960932.0,19649180.0,446.09375,99.05,29.85,2021,644.3,-7.8,0.84,0.08
2021-03-11,batang,巴塘,Batang,2.2,2.05,7.29,-2.35,3.2960689806049905,1.03,16409437.0,19115738.0,437.1875,99.05,29.85,2021,645.76,-5.81,0.96,-0.11
2021-03-12,batang,巴塘,Batang,1.87,2.23,8.68,-2.93,3.3012354376145225,0.78,16693429.0,19428368.0,429.15625,99.05,29.85,2021,648.52,-3.72,-0.5,0.12
2021-03-13,batang,巴塘,Batang,1.09,5.02,10.27,-2.96,4.392619324166279,1.25,19359258.0,22275532.0,421.78125,99.05,29.85,2021,645.28,-6.33,1.16,-0.04
2021-03-14,batang,巴塘,Batang,3.54,2.34,7.7,-1.77,2.7369280193419367,0.74,13764340.0,15798698.0,416.0,99.05,29.85,2021,643.3,-3.12,0.53,0.15
2021-03-15,batang,巴塘,Batang,1.78,1.77,8.34,-3.35,3.2744626768310363,0.78,16226335.0,19736860.0,412.4375,99.05,29.85,2021,643.3,-3.86,0.49,0.13
2021-03-16,batang,巴塘,Batang,0.52,3.47,9.23,-3.35,3.9937724983406895,1.04,18292802.0,21874024.0,409.96875,99.05,29.85,2021,643.17,-6.07,0.92,0.15
2021-03-17,batang,巴塘,Batang,1.44,3.65,8.77,-1.13,3.802568515756353,1.31,17126172.0,20159518.0,406.03125,99.05,29.85,2021,643.09,-6.71,1.25,0.28
2021-03-18,batang,巴塘,Batang,1.48,3.75,9.11,-1.51,4.074124391640933,1.59,18539206.0,21552934.0,401.6875,99.05,29.85,2021,643.2,-7.36,1.52,0.3
2021-03-19,batang,巴塘,Batang,2.37,4.63,10.22,-0.77,4.443329466846968,1.56,19878922.0,22960094.0,398.09375,99.05,29.85,2021,642.87,-6.74,1.4,0.48
2021-03-20,batang,巴塘,Batang,1.5,4.14,10.2,-0.63,3.923800035990773,2.14,18027754.0,20760304.0,396.53125,99.05,29.85,2021,640.93,-5.4,1.82,0.8
2021-03-21,batang,巴塘,Batang,7.86,1.77,8.63,-1.28,2.5595909026341515,1.42,14038264.0,16378668.0,399.125,99.05,29.85,2021,643.56,-1.8,0.67,0.58
2021-03-22,batang,巴塘,Batang,1.67,0.88,5.96,-4.13,3.066093140053144,0.82,12647040.0,19123134.0,407.75,99.05,29.85,2021,645.66,-4.81,0.69,0.28
2021-03-23,batang,巴塘,Batang,0.01,3.2,9.51,-4.18,4.675176082724311,0.73,19376936.0,25815444.0,414.34375,99.05,29.85,2021,645.98,-8.85,0.69,0.03
2021-03-24,batang,巴塘,Batang,0.25,5.23,11.25,-1.8,4.934055400465437,1.3,20785870.0,25391058.0,414.8125,99.05,29.85,2021,643.18,-6.3,1.23,0.12
2021-03-25,batang,巴塘,Batang,1.29,5.04,11.63,-0.29,4.176921128194636,1.96,18495426.0,21797146.0,410.8125,99.05,29.85,2021,641.72,-4.02,1.81,0.52
2021-03-26,batang,巴塘,Batang,1.02,4.46,10.63,-1.66,4.7481562835993945,1.77,20910018.0,24415286.0,406.3125,99.05,29.85,2021,642.45,-8.89,1.3,1.04
2021-03-27,batang,巴塘,Batang,1.1,2.3,6.94,-2.33,3.980717385033327,0.7,19205238.0,22726676.0,404.1875,99.05,29.85,2021,644.99,-7.78,-0.37,0.44
2021-03-28,batang,巴塘,Batang,0.19,5.51,11.76,-1.8,5.424555886545218,1.39,22866072.0,26543438.0,403.3125,99.05,29.85,2021,642.31,-11.59,1.16,0.59
2021-03-29,batang,巴塘,Batang,0.33,4.77,10.06,-0.5,4.679952526406046,1.18,20680652.0,23781118.0,403.9375,99.05,29.85,2021,640.03,-8.64,0.96,0.51
2021-03-30,batang,巴塘,Batang,0.42,4.66,10.81,-0.72,4.851183605475175,1.66,22567072.0,25847098.0,404.34375,99.05,29.85,2021,637.3,-6.3,1.6,0.29
2021-03-31,batang,巴塘,Batang,1.69,3.63,9.56,-1.37,3.6277478760567,1.97,18256956.0,20948262.0,402.8125,99.05,29.85,2021,637.01,-3.08,1.94,0.11
2021-04-01,batang,巴塘,Batang,2.23,3.49,9.78,-1.36,3.5683666958071165,2.16,18141278.0,20859206.0,401.03125,99.05,29.85,2021,637.7,-3.13,2.12,-0.02
2021-04-02,batang,巴塘,Batang,1.75,2.44,9.35,-3.73,4.050636733413656,2.26,20106062.0,24103176.0,401.3125,99.05,29.85,2021,640.67,-6.91,2.16,0.43
2021-04-03,batang,巴塘,Batang,0.57,2.27,8.81,-3.65,4.033098922191248,2.31,20352144.0,23878448.0,404.5625,99.05,29.85,2021,643.13,-7.62,2.22,0.47
2021-04-04,batang,巴塘,Batang,0.01,3.55,9.57,-3.44,4.958921532650458,2.01,22900460.0,26533754.0,409.875,99.05,29.85,2021,644.81,-11.41,1.66,0.94
2021-04-05,batang,巴塘,Batang,0.12,4.92,10.01,-0.9,4.543660057049887,0.79,19685270.0,22656796.0,415.375,99.05,29.85,2021,645.57,-10.59,0.31,0.23
2021-04-06,batang,巴塘,Batang,0.22,5.62,10.84,-0.02,4.99908810591134,1.06,21664522.0,24842138.0,418.28125,99.05,29.85,2021,644.13,-7.86,0.55,-0.04
2021-04-07,batang,巴塘,Batang,0.39,5.26,11.99,-1.16,5.0584730016162185,0.91,23092636.0,26437726.0,417.5625,99.05,29.85,2021,644.01,-4.68,0.61,0.33
2021-04-08,batang,巴塘,Batang,0.39,6.31,11.7,-0.39,4.9740732099372105,1.57,21184146.0,24272898.0,414.9375,99.05,29.85,2021,643.03,-5.52,1.53,0.17
2021-04-09,batang,巴塘,Batang,1.05,6.41,13.57,0.86,4.834612551483695,1.79,21065714.0,24140062.0,413.53125,99.05,29.85,2021,643.01,-3.46,1.63,0.38
2021-04-10,batang,巴塘,Batang,0.85,6.51,13.44,0.28,4.879562151856693,1.97,20874046.0,24033538.0,418.25,99.05,29.85,2021,643.61,-3.93,1.77,0.56
2021-04-11,batang,巴塘,Batang,5.48,4.56,10.76,-0.26,3.99463150317584,1.0,18600496.0,21771932.0,432.5625,99.05,29.85,2021,645.15,-2.04,0.6,0.36
2021-04-12,batang,巴塘,Batang,1.31,5.61,11.89,0.29,4.673385489364664,1.34,19724162.0,23738754.0,456.4375,99.05,29.85,2021,645.17,-4.76,1.19,0.46
2021-04-13,batang,巴塘,Batang,2.47,5.03,10.91,0.33,4.627342103185434,1.43,20445236.0,23901790.0,482.625,99.05,29.85,2021,644.16,-5.86,1.08,0.71
2021-04-14,batang,巴塘,Batang,4.17,1.96,8.6,-2.39,3.0659066163114503,0.95,15882080.0,18810040.0,497.75,99.05,29.85,2021,645.14,-2.42,0.44,0.23
2021-04-15,batang,巴塘,Batang,1.01,5.01,11.67,-2.31,4.50359337464448,1.21,19317544.0,23054070.0,494.9375,99.05,29.85,2021,644.03,-6.14,1.0,0.47
2021-04-16,batang,巴塘,Batang,0.69,5.71,10.74,-0.5,4.152180708222984,0.87,17956862.0,21142530.0,480.28125,99.05,29.85,2021,645.54,-2.45,0.81,-0.05
2021-04-17,batang,巴塘,Batang,1.05,6.97,12.77,0.95,4.878195590295331,1.34,20175264.0,23530392.0,461.875,99.05,29.85,2021,644.5,-3.47,1.28,0.24
2021-04-18,batang,巴塘,Batang,1.69,6.99,12.61,1.19,5.140587136132882,1.6,21691580.0,25077310.0,446.1875,99.05,29.85,2021,641.99,-3.5,1.52,0.24
2021-04-19,batang,巴塘,Batang,1.57,5.92,12.24,0.42,4.667241108855106,1.9,20845924.0,24068896.0,435.6875,99.05,29.85,2021,640.69,-3.17,1.78,0.46
2021-04-20,batang,巴塘,Batang,1.3,5.67,12.49,-0.44,4.617693869538247,1.22,20824294.0,24015138.0,430.9375,99.05,29.85,2021,643.07,-2.76,1.14,0.31
2021-04-21,batang,巴塘,Batang,0.6,8.4,14.13,0.59,5.887084943110204,1.14,23131114.0,26631956.0,431.15625,99.05,29.85,2021,645.16,-6.21,0.96,0.35
2021-04-22,batang,巴塘,Batang,0.14,9.07,16.21,2.85,5.326654516159547,1.85,20722800.0,23847606.0,436.28125,99.05,29.85,2021,643.59,-1.46,1.75,0.43
2021-04-23,batang,巴塘,Batang,0.11,8.44,15.23,1.67,6.1201994065813645,1.93,23639304.0,27211770.0,447.53125,99.05,29.85,2021,643.53,-6.87,1.56,0.96
2021-04-24,batang,巴塘,Batang,1.65,9.05,15.99,2.61,6.514519471587289,1.87,25126388.0,28935732.0,467.1875,99.05,29.85,2021,644.02,-5.89,1.73,0.47
2021-04-25,batang,巴塘,Batang,3.73,7.5,15.04,0.92,5.473274700621705,1.37,22728252.0,26207436.0,497.875,99.05,29.85,2021,645.35,-3.67,0.28,0.88
2021-04-26,batang,巴塘,Batang,3.47,4.9,12.41,-0.2,4.425808025098318,1.23,20042156.0,24209912.0,538.5625,99.05,29.85,2021,645.8,-2.08,0.03,0.75
2021-04-27,batang,巴塘,Batang,2.99,5.25,11.51,0.19,4.412178508306586,0.58,19349736.0,23087640.0,578.84375,99.05,29.85,2021,647.04,-1.92,-0.28,0.13
2021-04-28,batang,巴塘,Batang,0.33,4.82,9.97,-0.38,4.398204438492455,1.48,17372494.0,20893696.0,608.625,99.05,29.85,2021,650.13,-11.45,-1.41,0.4
2021-04-29,batang,巴塘,Batang,0.0,5.46,11.08,-0.43,6.121704014298397,1.05,25989018.0,30528820.0,616.40625,99.05,29.85,2021,649.32,-14.76,-1.02,0.08
2021-04-30,batang,巴塘,Batang,0.01,8.02,13.82,1.39,6.681550335986255,0.88,26477226.0,30743492.0,604.28125,99.05,29.85,2021,647.42,-11.16,-0.53,-0.33
2021-05-01,batang,巴塘,Batang,0.49,8.11,14.33,2.5,5.728203171006154,1.3,23864162.0,27611476.0,580.15625,99.05,29.85,2021,646.08,-1.34,1.23,-0.19
2021-05-02,batang,巴塘,Batang,3.37,7.45,13.93,1.41,4.842173165499061,0.6,20351556.0,23545304.0,553.15625,99.05,29.85,2021,644.91,-0.0,0.46,0.13
2021-05-03,batang,巴塘,Batang,14.99,6.61,13.68,1.37,4.968079177267517,0.43,21630398.0,25381180.0,538.1875,99.05,29.85,2021,644.79,2.98,-0.06,0.22
2021-05-04,batang,巴塘,Batang,11.18,5.52,12.47,0.84,4.142456648887528,0.53,16979910.0,22250498.0,549.625,99.05,29.85,2021,645.2,2.83,0.26,-0.06
2021-05-05,batang,巴塘,Batang,7.38,6.21,12.69,1.42,4.397390630291466,0.87,16914070.0,23418730.0,581.0625,99.05,29.85,2021,644.84,2.15,0.59,-0.0
2021-05-06,batang,巴塘,Batang,1.83,7.07,13.51,1.73,5.0283616272619645,0.9,18701356.0,25798488.0,629.625,99.05,29.85,2021,645.12,1.73,0.86,-0.13
2021-05-07,batang,巴塘,Batang,15.6,5.18,11.36,0.53,4.27210343015908,0.48,18823066.0,23094418.0,687.15625,99.05,29.85,2021,646.62,2.38,0.1,-0.03
2021-05-08,batang,巴塘,Batang,1.37,5.39,10.98,1.15,4.81751640964088,0.57,16464064.0,26120362.0,753.125,99.05,29.85,2021,645.93,2.27,0.43,-0.11
2021-05-09,batang,巴塘,Batang,1.26,6.12,12.33,0.22,4.732642512300542,1.05,19857964.0,25485344.0,816.5625,99.05,29.85,2021,643.07,1.31,1.02,0.12
2021-05-10,batang,巴塘,Batang,4.42,7.32,13.38,0.97,5.298797496580779,0.85,21796670.0,26086752.0,844.5,99.05,29.85,2021,642.69,-1.01,0.57,0.49
2021-05-11,batang,巴塘,Batang,4.81,6.33,12.53,1.03,4.785339881199714,0.6,20189868.0,24953092.0,854.0,99.05,29.85,2021,642.96,2.33,0.49,0.13
2021-05-12,batang,巴塘,Batang,2.52,7.8,13.03,2.2,4.965746595455616,0.97,20381564.0,24303096.0,874.65625,99.05,29.85,2021,641.84,0.78,0.93,0.18
2021-05-13,batang,巴塘,Batang,1.97,8.27,13.73,2.59,4.980429975771791,1.47,20325792.0,24126852.0,902.34375,99.05,29.85,2021,640.54,0.82,1.43,0.18
2021-05-14,batang,巴塘,Batang,1.31,7.36,13.75,2.18,4.5354487755431885,1.74,19682246.0,23023796.0,931.40625,99.05,29.85,2021,640.38,0.76,1.73,-0.03
2021-05-15,batang,巴塘,Batang,1.07,8.29,13.56,2.56,5.026678812526865,1.29,20461938.0,23849336.0,955.96875,99.05,29.85,2021,642.88,-0.15,1.16,0.39
2021-05-16,batang,巴塘,Batang,1.04,9.57,15.78,2.81,5.608001120264435,1.29,21920568.0,25514532.0,969.46875,99.05,29.85,2021,644.2,0.34,1.18,0.33
2021-05-17,batang,巴塘,Batang,0.68,10.72,16.18,4.47,5.786198556836343,1.31,22057684.0,25667754.0,979.71875,99.05,29.85,2021,643.95,2.24,1.28,0.16
2021-05-18,batang,巴塘,Batang,4.4,10.91,17.68,5.57,5.239983190260076,1.4,19977704.0,23248968.0,1004.3125,99.05,29.85,2021,642.58,3.75,1.29,0.28
2021-05-19,batang,巴塘,Batang,6.03,8.17,11.68,4.82,2.2775288438837853,0.88,9102562.0,10822168.0,1064.9688,99.05,29.85,2021,643.12,4.95,0.39,-0.03
2021-05-20,batang,巴塘,Batang,2.0,11.75,18.27,6.82,4.764521556037416,1.53,18061306.0,21141562.0,1156.375,99.05,29.85,2021,641.95,6.47,1.48,0.1
2021-05-21,batang,巴塘,Batang,1.3,13.25,19.89,7.4,5.554080013612508,1.62,19739548.0,22996616.0,1268.9688,99.05,29.85,2021,642.51,6.14,1.56,0.15
2021-05-22,batang,巴塘,Batang,1.59,13.62,20.5,7.68,5.4429764375598495,1.46,18629684.0,21692928.0,1365.25,99.05,29.85,2021,642.58,5.56,1.4,0.1
2021-05-23,batang,巴塘,Batang,1.02,13.35,19.42,8.01,5.192038627492646,1.53,17451160.0,20321236.0,1450.4688,99.05,29.85,2021,644.92,4.64,1.47,-0.08
2021-05-24,batang,巴塘,Batang,1.08,13.32,19.9,7.62,6.2171465266005175,1.87,21424388.0,24950548.0,1578.1875,99.05,29.85,2021,644.6,3.79,1.79,0.17
2021-05-25,batang,巴塘,Batang,0.82,13.17,20.14,7.32,5.690391390438143,1.87,19561892.0,22784396.0,1728.0625,99.05,29.85,2021,642.84,4.38,1.76,0.33
2021-05-26,batang,巴塘,Batang,1.75,12.48,18.68,7.19,4.813959178349365,1.51,17451446.0,20329716.0,1908.625,99.05,29.85,2021,643.79,6.27,1.49,-0.15
2021-05-27,batang,巴塘,Batang,1.46,13.23,19.67,7.77,5.524632524014139,1.71,19461416.0,22672976.0,2120.9688,99.05,29.85,2021,644.78,5.77,1.68,0.15
2021-05-28,batang,巴塘,Batang,2.38,13.86,20.18,8.39,5.731142921622143,1.12,19582624.0,22817616.0,2327.0,99.05,29.85,2021,645.35,5.34,1.09,0.15
2021-05-29,batang,巴塘,Batang,5.06,11.04,17.15,7.08,3.1740814347370536,1.0,11852432.0,13813756.0,2466.3438,99.05,29.85,2021,645.24,6.77,0.23,0.03
2021-05-30,batang,巴塘,Batang,10.83,10.54,16.53,6.57,3.855509871988065,0.88,15179196.0,17692864.0,2544.7812,99.05,29.85,2021,643.71,7.02,0.17,0.07
2021-05-31,batang,巴塘,Batang,6.61,11.17,17.47,6.91,4.7701757674627006,0.8,18479628.0,21541524.0,2554.0312,99.05,29.85,2021,643.08,7.19,0.55,-0.24
2021-06-01,batang,巴塘,Batang,4.15,12.29,17.76,7.63,5.637421094432371,1.0,21038560.0,24526296.0,2515.3438,99.05,29.85,2021,643.33,6.61,0.77,-0.09
2021-06-02,batang,巴塘,Batang,0.86,13.66,19.19,8.03,5.671494832681796,1.52,19178096.0,22360240.0,2455.375,99.05,29.85,2021,643.3,4.75,1.46,0.08
2021-06-03,batang,巴塘,Batang,7.59,11.91,19.47,7.36,4.950183763526235,1.19,18544812.0,21626136.0,2390.5625,99.05,29.85,2021,645.15,6.33,0.2,0.28
2021-06-04,batang,巴塘,Batang,12.15,7.83,10.34,6.08,2.180799561892274,0.66,9360958.0,10917780.0,2375.0,99.05,29.85,2021,646.51,6.32,-0.32,0.22
2021-06-05,batang,巴塘,Batang,9.82,9.94,15.05,6.43,4.617571638200261,0.67,18748222.0,21867808.0,2350.125,99.05,29.85,2021,645.26,7.4,0.53,-0.21
2021-06-06,batang,巴塘,Batang,15.7,11.06,16.98,6.65,5.136628891701639,0.68,20011552.0,23343884.0,2312.2188,99.05,29.85,2021,644.72,7.53,0.08,0.24
2021-06-07,batang,巴塘,Batang,17.95,9.53,14.53,6.61,3.5309347516991325,0.53,14301386.0,16702760.0,2338.9375,99.05,29.85,2021,645.1,7.55,-0.22,-0.27
2021-06-08,batang,巴塘,Batang,26.51,7.97,13.2,3.18,2.2153764264721234,0.97,9874634.0,11532164.0,2396.5625,99.05,29.85,2021,645.12,6.87,-0.25,-0.02
2021-06-09,batang,巴塘,Batang,6.81,5.64,8.65,1.28,1.8919729858600105,0.92,8465628.0,10349788.0,2467.7812,99.05,29.85,2021,647.32,4.05,-0.89,0.17
2021-06-10,batang,巴塘,Batang,8.82,10.3,15.75,3.55,5.483584004654663,0.53,21211892.0,25201388.0,2457.1875,99.05,29.85,2021,645.11,6.45,-0.13,-0.13
2021-06-11,batang,巴塘,Batang,4.94,10.88,15.52,7.68,4.6642250969503705,1.04,18679030.0,21875024.0,2356.5,99.05,29.85,2021,644.98,7.76,0.96,-0.31
2021-06-12,batang,巴塘,Batang,2.35,12.92,17.85,8.45,5.263581859128829,1.33,19651752.0,22954464.0,2306.6875,99.05,29.85,2021,645.35,8.2,1.28,-0.28
2021-06-13,batang,巴塘,Batang,0.74,14.2,19.19,8.96,5.263732471940084,1.32,17743296.0,20716952.0,2349.9688,99.05,29.85,2021,643.84,6.69,1.28,-0.08
2021-06-14,batang,巴塘,Batang,1.4,15.03,20.84,9.79,5.9104244761485925,1.11,20191906.0,23578816.0,2480.125,99.05,29.85,2021,642.16,8.55,1.0,-0.1
2021-06-15,batang,巴塘,Batang,0.66,15.34,21.1,10.24,6.073523942450905,1.29,20551156.0,24001540.0,2670.9688,99.05,29.85,2021,641.85,8.54,1.24,-0.11
2021-06-16,batang,巴塘,Batang,0.45,15.57,20.81,10.45,6.061672260771947,1.28,20284288.0,23695172.0,2956.9688,99.05,29.85,2021,643.52,8.57,1.21,-0.15
2021-06-17,batang,巴塘,Batang,2.48,14.82,19.91,10.5,5.7136765990597045,1.28,20362140.0,23791488.0,3288.6562,99.05,29.85,2021,644.43,10.29,1.21,-0.24
2021-06-18,batang,巴塘,Batang,0.85,15.18,20.71,9.97,6.284629895238768,1.36,21420642.0,25033740.0,3696.5938,99.05,29.85,2021,644.08,8.23,1.34,0.11
2021-06-19,batang,巴塘,Batang,0.34,15.19,21.21,9.59,6.517571950408199,1.41,21939670.0,25644968.0,4174.5312,99.05,29.85,2021,643.28,7.23,1.35,0.31
2021-06-20,batang,巴塘,Batang,0.94,15.37,21.1,10.08,6.706163379502634,1.21,22497018.0,26302160.0,4606.0938,99.05,29.85,2021,643.25,7.26,1.15,0.21
2021-06-21,batang,巴塘,Batang,1.72,14.88,19.96,10.3,6.488511724632152,1.06,22475374.0,26283780.0,4960.9375,99.05,29.85,2021,643.95,8.43,1.0,-0.11
2021-06-22,batang,巴塘,Batang,1.77,14.76,20.17,10.65,6.0241667660352505,1.46,20940676.0,24494604.0,5298.5312,99.05,29.85,2021,644.39,8.47,1.42,-0.27
2021-06-23,batang,巴塘,Batang,0.64,14.9,19.96,10.2,5.3585345574431535,1.25,17929280.0,20976952.0,5613.3125,99.05,29.85,2021,644.39,7.99,1.18,-0.19
2021-06-24,batang,巴塘,Batang,3.9,15.21,20.49,10.81,6.0647191529841376,1.07,20428828.0,23905376.0,5866.2812,99.05,29.85,2021,643.28,8.1,1.01,0.0
2021-06-25,batang,巴塘,Batang,1.72,14.93,19.99,10.28,5.8207814176465735,1.21,20250140.0,23701332.0,6097.8438,99.05,29.85,2021,643.1,9.45,1.1,-0.37
2021-06-26,batang,巴塘,Batang,3.05,15.91,21.88,11.13,6.1234258538455455,0.9,20065638.0,23490404.0,6278.375,99.05,29.85,2021,644.32,8.1,0.78,0.06
2021-06-27,batang,巴塘,Batang,10.15,14.72,20.52,10.39,5.6522095594868125,0.63,19624454.0,22979300.0,6319.4688,99.05,29.85,2021,645.21,10.07,0.21,0.14
2021-06-28,batang,巴塘,Batang,16.31,14.06,18.98,11.02,4.952096767655176,0.64,17708418.0,20739268.0,6355.0938,99.05,29.85,2021,645.01,10.99,0.12,0.14
2021-06-29,batang,巴塘,Batang,15.22,13.12,17.84,10.14,3.8172300906939554,0.8,13853430.0,16227860.0,6328.9688,99.05,29.85,2021,644.29,9.87,0.75,-0.14
2021-06-30,batang,巴塘,Batang,18.51,12.04,16.92,8.85,3.618703102387524,0.73,13812378.0,16184408.0,6247.0625,99.05,29.85,2021,643.6,10.08,0.56,-0.15
2021-07-01,batang,巴塘,Batang,7.55,12.09,16.58,8.96,3.9514781115101374,1.03,15177532.0,17786732.0,6180.4688,99.05,29.85,2021,642.43,9.38,0.97,-0.16
2021-07-02,batang,巴塘,Batang,15.07,11.23,14.77,9.3,2.7490331080720805,0.59,10557182.0,12375604.0,6209.125,99.05,29.85,2021,644.09,9.51,0.03,-0.07
2021-07-03,batang,巴塘,Batang,10.86,12.15,17.85,8.54,4.090787845040611,0.88,15819986.0,18549740.0,6368.2812,99.05,29.85,2021,643.98,10.18,0.85,-0.08
2021-07-04,batang,巴塘,Batang,4.98,13.6,19.14,9.52,5.292743717482458,0.92,19225542.0,22545952.0,6487.625,99.05,29.85,2021,645.04,9.59,0.86,0.02
2021-07-05,batang,巴塘,Batang,8.85,13.34,18.43,9.37,5.262434651234585,0.66,19176362.0,22493328.0,6533.6562,99.05,29.85,2021,645.1,10.07,0.54,-0.01
2021-07-06,batang,巴塘,Batang,11.53,13.07,17.76,9.64,4.637319962973373,0.47,16930638.0,19864024.0,6557.6875,99.05,29.85,2021,645.57,10.89,0.38,-0.14
2021-07-07,batang,巴塘,Batang,16.64,13.31,18.7,9.98,4.803446555209592,0.9,17860804.0,20959300.0,6559.4062,99.05,29.85,2021,647.01,10.61,0.74,-0.28
2021-07-08,batang,巴塘,Batang,12.18,10.76,14.08,8.71,2.061088818087485,0.84,8108588.0,9517644.0,6493.625,99.05,29.85,2021,647.04,9.33,0.62,-0.29
2021-07-09,batang,巴塘,Batang,4.75,13.04,18.14,9.03,4.775924605963931,1.78,17630532.0,20698808.0,6384.375,99.05,29.85,2021,644.79,8.25,1.74,-0.27
2021-07-10,batang,巴塘,Batang,18.05,11.92,16.52,9.27,3.516354502612735,0.65,13271552.0,15583276.0,6376.9375,99.05,29.85,2021,645.94,9.68,0.45,0.19
2021-07-11,batang,巴塘,Batang,13.68,11.01,16.5,6.87,3.693445212500056,0.52,14229930.0,16712984.0,6479.0625,99.05,29.85,2021,647.66,8.93,0.06,0.17
2021-07-12,batang,巴塘,Batang,1.11,12.19,16.88,7.4,5.4707479602510976,0.33,19955942.0,23443010.0,6457.6875,99.05,29.85,2021,647.54,7.73,0.12,-0.08
2021-07-13,batang,巴塘,Batang,0.65,14.91,19.95,9.19,6.985416715735843,1.44,23778114.0,27939492.0,6242.1406,99.05,29.85,2021,645.32,6.67,1.4,-0.21
2021-07-14,batang,巴塘,Batang,0.86,14.61,18.93,10.28,4.654650305220536,1.09,14984150.0,17610324.0,5933.6094,99.05,29.85,2021,645.13,6.67,1.06,-0.05
2021-07-15,batang,巴塘,Batang,10.45,13.18,18.61,8.44,4.872555467948749,0.61,17738450.0,20851992.0,5666.9375,99.05,29.85,2021,646.42,10.18,0.46,-0.08
2021-07-16,batang,巴塘,Batang,11.44,13.09,18.77,7.34,5.141507875275581,0.34,18498392.0,21739182.0,5763.75,99.05,29.85,2021,647.67,10.35,-0.08,0.09
2021-07-17,batang,巴塘,Batang,18.83,12.24,18.81,7.11,4.908315270441153,0.75,18258446.0,21452696.0,5801.4062,99.05,29.85,2021,647.37,8.25,-0.18,0.23
2021-07-18,batang,巴塘,Batang,6.52,11.9,17.39,7.68,4.8982560123180745,0.57,18395570.0,21609836.0,5575.8125,99.05,29.85,2021,646.71,8.72,-0.33,-0.11
2021-07-19,batang,巴塘,Batang,3.14,12.95,18.62,8.61,6.073306070069788,0.56,21971008.0,25802130.0,5332.922,99.05,29.85,2021,645.75,7.94,0.31,-0.34
2021-07-20,batang,巴塘,Batang,1.82,13.25,18.69,8.31,5.932553002796705,0.91,21660128.0,25432306.0,5078.672000000001,99.05,29.85,2021,645.03,8.46,0.83,-0.17
2021-07-21,batang,巴塘,Batang,2.18,13.26,18.54,8.88,5.7207549520662,0.97,21254858.0,24949480.0,4821.7656,99.05,29.85,2021,644.67,9.59,0.88,-0.29
2021-07-22,batang,巴塘,Batang,1.42,14.04,20.08,8.69,6.2491909560188095,0.73,21862992.0,25656928.0,4583.4062,99.05,29.85,2021,644.62,7.68,0.63,-0.26
2021-07-23,batang,巴塘,Batang,1.39,14.9,20.37,9.62,6.531582151246883,0.62,22300064.0,26163878.0,4346.0312,99.05,29.85,2021,644.98,8.24,0.52,-0.29
2021-07-24,batang,巴塘,Batang,6.75,12.81,19.08,7.21,5.248359785362996,0.43,19163080.0,22479038.0,4126.578,99.05,29.85,2021,645.56,9.89,0.22,-0.12
2021-07-25,batang,巴塘,Batang,1.39,15.63,20.91,8.6,6.615386882061126,0.68,22068246.0,25879856.0,3958.1406,99.05,29.85,2021,644.47,8.18,0.28,-0.3
2021-07-26,batang,巴塘,Batang,35.84,11.27,15.61,6.75,2.675399183454648,0.62,10270574.0,12041874.0,3874.3594,99.05,29.85,2021,643.86,9.55,0.15,-0.23
2021-07-27,batang,巴塘,Batang,6.66,10.78,16.19,6.76,3.4247268263041186,0.56,13014294.0,15273774.0,3911.3594,99.05,29.85,2021,644.49,7.35,-0.4,-0.22
2021-07-28,batang,巴塘,Batang,6.85,11.58,16.84,7.16,4.646158229282695,0.43,17487864.0,20501176.0,3986.6562,99.05,29.85,2021,644.73,8.69,-0.03,0.01
2021-07-29,batang,巴塘,Batang,13.55,11.81,16.93,8.63,4.451885064670988,0.62,16999694.0,19919676.0,3956.7031,99.05,29.85,2021,645.1,9.53,0.33,-0.24
2021-07-30,batang,巴塘,Batang,8.68,10.95,14.28,8.89,3.0399975525379896,0.53,11693550.0,13697550.0,3871.3594,99.05,29.85,2021,645.52,8.88,0.04,-0.07
2021-07-31,batang,巴塘,Batang,5.55,11.0,16.16,5.39,4.875584953556835,0.44,18708716.0,21909536.0,3808.8906,99.05,29.85,2021,645.79,8.11,-0.18,-0.04
2021-08-01,batang,巴塘,Batang,1.41,12.38,17.09,6.94,5.587991578292363,0.64,20520882.0,24025052.0,3744.1562,99.05,29.85,2021,645.54,7.08,0.47,-0.21
2021-08-02,batang,巴塘,Batang,0.14,14.51,19.3,7.61,7.554329205992043,1.29,25372466.0,29698164.0,3635.8125,99.05,29.85,2021,645.33,3.01,1.24,-0.22
2021-08-03,batang,巴塘,Batang,0.05,14.51,19.2,9.55,6.607394748143117,1.29,21818734.0,25531854.0,3492.3594,99.05,29.85,2021,646.1,3.75,1.23,-0.27
2021-08-04,batang,巴塘,Batang,0.48,14.8,19.25,9.62,7.258756686638049,1.33,24277108.0,28402672.0,3328.9688,99.05,29.85,2021,646.0,4.33,1.28,-0.2
2021-08-05,batang,巴塘,Batang,0.24,14.99,19.61,9.58,6.667390517689924,1.36,21885990.0,25598742.0,3192.625,99.05,29.85,2021,644.88,4.84,1.29,-0.21
2021-08-06,batang,巴塘,Batang,0.0,14.64,19.16,9.76,6.202052871364808,1.35,20582212.0,24067356.0,3087.125,99.05,29.85,2021,644.84,5.39,1.29,-0.16
2021-08-07,batang,巴塘,Batang,0.81,15.14,19.4,10.21,5.901149483344341,1.27,19641824.0,22963162.0,2992.8594,99.05,29.85,2021,645.47,7.43,1.23,-0.07
2021-08-08,batang,巴塘,Batang,10.22,13.58,19.0,9.89,4.706205128252575,0.84,17022196.0,19896836.0,2913.4688,99.05,29.85,2021,646.66,9.82,0.55,0.06
2021-08-09,batang,巴塘,Batang,5.17,13.34,18.15,10.33,4.500535291673128,1.16,16996484.0,19861580.0,2881.7344,99.05,29.85,2021,645.76,10.63,1.08,-0.34
2021-08-10,batang,巴塘,Batang,5.58,13.6,18.49,10.22,4.397089484406223,1.19,16151528.0,18870640.0,2925.4531,99.05,29.85,2021,644.76,10.14,1.12,-0.32
2021-08-11,batang,巴塘,Batang,10.66,13.15,18.19,10.07,4.1697898175131325,1.14,16042982.0,18739594.0,3088.6562,99.05,29.85,2021,645.76,11.15,1.04,-0.44
2021-08-12,batang,巴塘,Batang,18.74,13.75,18.56,9.93,4.1989293650565696,1.05,15156368.0,17700224.0,3424.875,99.05,29.85,2021,645.76,10.16,0.61,-0.14
2021-08-13,batang,巴塘,Batang,34.66,12.63,18.6,7.55,4.510880147584408,0.66,16879308.0,19705522.0,3807.1719,99.05,29.85,2021,644.7,10.03,0.3,-0.3
2021-08-14,batang,巴塘,Batang,12.13,11.97,16.43,7.44,3.464217376483972,0.89,13158116.0,15361960.0,4052.0938,99.05,29.85,2021,644.59,9.23,0.69,-0.38
2021-08-15,batang,巴塘,Batang,9.42,12.95,17.61,10.14,4.051660788611814,1.29,15506484.0,18094940.0,4118.2812,99.05,29.85,2021,645.85,10.28,1.16,-0.46
2021-08-16,batang,巴塘,Batang,3.99,12.73,16.27,9.58,3.343961692725794,1.08,12363966.0,14420292.0,4102.0938,99.05,29.85,2021,646.95,9.66,0.99,-0.41
2021-08-17,batang,巴塘,Batang,7.12,13.1,18.28,9.53,4.72700264593867,0.88,17711984.0,20647786.0,4060.9688,99.05,29.85,2021,646.39,10.26,0.82,-0.14
2021-08-18,batang,巴塘,Batang,8.51,13.04,17.69,9.94,3.931086093893767,0.99,14640058.0,17057728.0,4049.25,99.05,29.85,2021,645.81,10.11,0.93,-0.24
2021-08-19,batang,巴塘,Batang,11.46,11.99,17.01,9.15,3.256985296662978,0.63,12567916.0,14634126.0,4121.047000000001,99.05,29.85,2021,646.79,10.76,0.54,-0.01
2021-08-20,batang,巴塘,Batang,4.73,13.16,18.42,9.67,4.6272520840296165,1.07,17338440.0,20179408.0,4220.547000000001,99.05,29.85,2021,647.68,9.86,1.0,-0.14
2021-08-21,batang,巴塘,Batang,1.29,14.26,19.02,9.41,5.035039133712484,1.08,17886414.0,20806428.0,4215.1406,99.05,29.85,2021,646.24,9.56,1.06,-0.03
2021-08-22,batang,巴塘,Batang,5.39,12.11,16.88,9.11,3.188691980040572,0.67,11950196.0,13894108.0,4164.1094,99.05,29.85,2021,645.89,9.5,0.11,0.26
2021-08-23,batang,巴塘,Batang,14.69,13.51,18.44,9.71,4.348245993410751,0.41,15771074.0,18324880.0,4171.0625,99.05,29.85,2021,645.61,11.44,0.2,0.09
2021-08-24,batang,巴塘,Batang,13.7,10.77,11.94,9.41,1.5990732085667758,0.47,6209582.0,7211804.0,4216.375,99.05,29.85,2021,645.66,9.71,0.18,0.02
2021-08-25,batang,巴塘,Batang,23.15,9.66,12.74,7.85,1.529800997206871,0.84,6417734.0,7451724.0,4205.422000000001,99.05,29.85,2021,644.38,8.94,-0.13,-0.28
2021-08-26,batang,巴塘,Batang,16.76,6.57,9.31,5.24,0.7695870288001583,0.61,3422390.0,3973900.0,4225.0625,99.05,29.85,2021,646.89,5.96,0.09,0.24
2021-08-27,batang,巴塘,Batang,3.79,10.2,13.47,5.96,2.5299806841532497,1.16,9993030.0,11597512.0,4300.5312,99.05,29.85,2021,645.82,7.38,1.13,-0.15
2021-08-28,batang,巴塘,Batang,10.56,9.9,13.24,7.57,2.4654631687534447,0.95,10292712.0,11931090.0,4335.3438,99.05,29.85,2021,645.27,8.49,0.92,-0.16
2021-08-29,batang,巴塘,Batang,4.13,11.58,16.73,7.67,4.694320356424754,1.32,18558246.0,21499388.0,4380.8125,99.05,29.85,2021,645.84,7.66,1.25,-0.19
2021-08-30,batang,巴塘,Batang,0.67,12.36,16.98,7.96,4.190020782197013,1.2,15029170.0,17400306.0,4433.047000000001,99.05,29.85,2021,647.09,6.36,1.17,-0.05
2021-08-31,batang,巴塘,Batang,5.01,12.11,16.53,8.13,4.117761834230119,0.84,15443874.0,17871088.0,4387.6562,99.05,29.85,2021,648.27,8.04,0.69,-0.03
2021-09-01,batang,巴塘,Batang,5.23,11.79,16.29,8.61,3.968443046467432,0.72,15320126.0,17719962.0,4288.3906,99.05,29.85,2021,648.03,9.19,0.65,-0.14
2021-09-02,batang,巴塘,Batang,3.71,11.93,16.84,8.52,4.361962679630015,0.98,17056646.0,19716466.0,4215.922000000001,99.05,29.85,2021,646.82,9.02,0.93,-0.18
2021-09-03,batang,巴塘,Batang,2.48,12.31,17.54,6.94,4.294923911553525,0.77,15983522.0,18468344.0,4109.9844,99.05,29.85,2021,645.33,7.98,0.54,-0.02
2021-09-04,batang,巴塘,Batang,9.21,12.33,18.04,7.8,4.252502339465591,0.88,16456084.0,19003780.0,3976.8906,99.05,29.85,2021,645.47,9.83,0.8,-0.15
2021-09-05,batang,巴塘,Batang,18.99,11.88,16.45,8.57,3.764711280011929,0.81,14454756.0,16681414.0,3945.6562,99.05,29.85,2021,647.48,8.91,0.62,-0.09
2021-09-06,batang,巴塘,Batang,19.46,9.77,14.92,5.74,2.750049953949246,0.6,11339458.0,13081844.0,4056.875,99.05,29.85,2021,650.13,8.55,-0.0,0.02
2021-09-07,batang,巴塘,Batang,18.44,7.44,10.28,4.73,1.4621838916624614,0.61,6305680.0,7290040.0,4212.328,99.05,29.85,2021,650.12,6.13,-0.23,0.15
2021-09-08,batang,巴塘,Batang,8.55,8.35,13.8,4.34,3.7237387243851368,0.46,15344610.0,18005648.0,4218.7656,99.05,29.85,2021,648.95,5.58,-0.21,0.14
2021-09-09,batang,巴塘,Batang,11.08,7.66,12.78,5.06,2.9308658940702785,0.37,12443850.0,14457410.0,4067.7656,99.05,29.85,2021,649.77,5.99,-0.11,-0.19
2021-09-10,batang,巴塘,Batang,6.68,9.15,14.45,5.37,3.2466192990084592,0.75,13667434.0,15793364.0,3846.2812,99.05,29.85,2021,648.86,7.18,0.67,-0.22
2021-09-11,batang,巴塘,Batang,4.89,10.54,15.11,7.08,4.232221872189581,0.61,16959658.0,19531474.0,3625.7812,99.05,29.85,2021,647.12,8.04,0.46,-0.01
2021-09-12,batang,巴塘,Batang,3.92,10.83,15.72,7.82,3.917518082584306,0.77,15762354.0,18130904.0,3470.6562,99.05,29.85,2021,646.12,8.47,0.7,-0.26
2021-09-13,batang,巴塘,Batang,1.13,11.9,16.72,7.69,4.3108528794563234,1.29,16425716.0,18879138.0,3335.125,99.05,29.85,2021,647.32,7.14,1.21,-0.36
2021-09-14,batang,巴塘,Batang,0.65,12.29,17.19,7.99,4.550121494197811,1.25,16919158.0,19436668.0,3196.5938,99.05,29.85,2021,648.82,6.77,1.21,-0.14
2021-09-15,batang,巴塘,Batang,0.4,11.84,17.03,6.69,4.259406520418708,1.11,15559900.0,17863928.0,3071.875,99.05,29.85,2021,648.66,5.35,1.06,-0.12
2021-09-16,batang,巴塘,Batang,0.75,11.89,16.48,6.84,4.686530674971769,1.24,17209488.0,19742042.0,2973.0156,99.05,29.85,2021,646.6,4.94,1.19,-0.15
2021-09-17,batang,巴塘,Batang,4.02,10.91,15.83,6.71,3.467778956377672,1.63,13371060.0,15325122.0,2968.1094,99.05,29.85,2021,645.19,6.36,1.53,-0.11
2021-09-18,batang,巴塘,Batang,9.23,4.26,6.92,0.6,1.0766147082016542,0.73,5335544.0,6232842.0,3034.4688,99.05,29.85,2021,649.3,3.72,-0.47,0.41
2021-09-19,batang,巴塘,Batang,0.5,7.5,12.91,1.36,4.17652823454995,0.86,17002608.0,19786540.0,3144.3906,99.05,29.85,2021,650.34,-0.9,-0.76,0.36
2021-09-20,batang,巴塘,Batang,0.0,9.84,15.72,2.14,4.987649305533886,0.42,19088264.0,22011842.0,3095.6875,99.05,29.85,2021,649.14,-0.76,-0.22,0.13
2021-09-21,batang,巴塘,Batang,1.18,10.12,14.63,4.17,5.1719276083199865,1.11,20117208.0,23063924.0,2930.1875,99.05,29.85,2021,647.22,1.92,1.05,-0.14
2021-09-22,batang,巴塘,Batang,0.67,10.28,14.87,5.74,3.791391985538472,1.18,14519090.0,16593438.0,2767.336,99.05,29.85,2021,646.6,4.19,1.12,-0.1
2021-09-23,batang,巴塘,Batang,0.68,11.23,15.66,6.71,4.004485445927929,1.25,14601386.0,16660127.0,2623.0312,99.05,29.85,2021,647.7,4.13,1.21,-0.17
2021-09-24,batang,巴塘,Batang,0.78,11.31,15.57,7.1,3.87022331433076,1.21,14307428.0,16305777.0,2516.4453,99.05,29.85,2021,647.8,5.05,1.15,-0.19
2021-09-25,batang,巴塘,Batang,1.31,11.18,16.01,7.0,4.017502301701389,1.15,15373783.0,17504932.0,2455.2188,99.05,29.85,2021,647.79,5.78,1.1,-0.19
2021-09-26,batang,巴塘,Batang,1.87,10.75,16.32,6.41,4.05706216775701,1.27,16064434.0,18275510.0,2451.6016,99.05,29.85,2021,648.41,5.92,1.19,-0.33
2021-09-27,batang,巴塘,Batang,9.77,9.44,15.44,3.95,3.8415630971051775,1.2,16470832.0,18721186.0,2553.1875,99.05,29.85,2021,648.41,6.16,0.56,0.15
2021-09-28,batang,巴塘,Batang,0.37,8.7,14.41,2.4,4.490039818567388,1.15,17481570.0,19858610.0,2678.1172,99.05,29.85,2021,650.47,-1.66,-1.11,0.03
2021-09-29,batang,巴塘,Batang,1.08,9.24,14.63,2.22,4.98690273154418,0.53,20103560.0,22814600.0,2694.0469,99.05,29.85,2021,649.49,1.5,0.28,0.17
2021-09-30,batang,巴塘,Batang,0.28,9.96,16.21,1.86,5.027951817001231,0.66,19641872.0,22270906.0,2589.5234,99.05,29.85,2021,649.75,0.99,-0.61,0.06
2021-10-01,batang,巴塘,Batang,0.01,11.78,17.85,3.96,5.598468090208787,0.79,20285672.0,22981372.0,2441.664,99.05,29.85,2021,648.73,-0.34,0.62,-0.12
2021-10-02,batang,巴塘,Batang,0.07,11.36,16.67,5.83,5.234517001537916,1.39,19372196.0,21927404.0,2301.375,99.05,29.85,2021,646.43,2.13,1.35,-0.09
2021-10-03,batang,巴塘,Batang,0.06,11.29,16.25,5.83,4.1183335760998485,1.37,14885054.0,16833744.0,2173.7734,99.05,29.85,2021,645.4,3.49,1.33,-0.1
2021-10-04,batang,巴塘,Batang,0.25,10.48,15.74,6.79,3.389398909641693,1.46,13008666.0,14700660.0,2055.3516,99.05,29.85,2021,646.69,5.18,1.43,-0.23
2021-10-05,batang,巴塘,Batang,0.97,10.55,15.1,6.64,3.4285346431249786,1.33,13037657.0,14720223.0,1951.375,99.05,29.85,2021,647.67,4.92,1.3,-0.14
2021-10-06,batang,巴塘,Batang,2.19,11.18,16.01,6.6,3.550882846182018,0.95,12799756.0,14440228.0,1876.2344,99.05,29.85,2021,646.58,3.57,0.93,-0.04
2021-10-07,batang,巴塘,Batang,3.22,9.77,15.05,5.57,3.5510325420700792,0.48,14353851.0,16294121.0,1841.5234,99.05,29.85,2021,646.11,6.33,0.3,-0.09
2021-10-08,batang,巴塘,Batang,0.26,10.63,15.96,5.83,3.811987886516375,1.25,13935878.0,15747644.0,1848.3594,99.05,29.85,2021,645.68,2.84,1.18,-0.25
2021-10-09,batang,巴塘,Batang,0.48,10.38,14.55,6.55,3.1837444329831683,1.33,11306320.0,12743777.0,1851.8672,99.05,29.85,2021,646.55,3.1,1.26,-0.32
2021-10-10,batang,巴塘,Batang,0.49,10.99,15.76,7.16,3.7095216824236967,1.44,12951072.0,14573108.0,1821.9844,99.05,29.85,2021,647.45,2.62,1.36,-0.26
2021-10-11,batang,巴塘,Batang,0.21,10.22,14.79,5.4,3.4287540535936163,1.14,12375962.0,13908254.0,1776.8828,99.05,29.85,2021,647.87,1.94,1.04,-0.24
2021-10-12,batang,巴塘,Batang,0.05,10.3,15.87,5.23,3.769444218542108,1.01,14069642.0,15795578.0,1734.8906,99.05,29.85,2021,648.56,2.18,0.91,-0.29
2021-10-13,batang,巴塘,Batang,0.04,11.52,16.66,5.66,4.427189141801398,1.23,16042694.0,17994468.0,1684.0469,99.05,29.85,2021,648.56,2.83,1.12,-0.37
2021-10-14,batang,巴塘,Batang,0.37,11.34,16.5,6.66,3.909210711296228,1.52,13829952.0,15500214.0,1615.0547,99.05,29.85,2021,648.19,3.33,1.47,-0.31
2021-10-15,batang,巴塘,Batang,0.5,10.53,15.72,6.73,3.6012391555185967,1.4,13739158.0,15385532.0,1538.6406,99.05,29.85,2021,648.22,4.42,1.3,-0.27
2021-10-16,batang,巴塘,Batang,5.47,9.44,14.65,6.36,3.2757564068934912,1.29,14226414.0,15928254.0,1471.2656,99.05,29.85,2021,649.44,6.47,1.22,-0.24
2021-10-17,batang,巴塘,Batang,1.63,9.71,14.62,6.09,3.3277376197501543,1.16,13977598.0,15646220.0,1423.1797,99.05,29.85,2021,648.84,6.15,1.13,-0.1
2021-10-18,batang,巴塘,Batang,0.18,10.42,15.67,5.77,2.9247473001477005,1.27,10233036.0,11452828.0,1385.6641,99.05,29.85,2021,648.02,3.21,1.22,-0.11
2021-10-19,batang,巴塘,Batang,0.63,10.1,15.99,5.66,3.0814631094713416,1.61,11384572.0,12739616.0,1347.5547,99.05,29.85,2021,646.79,4.02,1.56,0.15
2021-10-20,batang,巴塘,Batang,1.09,10.43,16.31,5.69,2.9702362051892663,1.32,11057448.0,12371884.0,1311.1875,99.05,29.85,2021,645.37,4.8,1.26,0.2
2021-10-21,batang,巴塘,Batang,21.07,6.62,10.88,2.49,1.3406416596672122,0.7,6313790.0,7065660.0,1307.9062,99.05,29.85,2021,645.17,5.84,0.05,0.12
2021-10-22,batang,巴塘,Batang,3.71,4.69,9.3,-0.02,2.532365443452408,0.47,10264108.0,13718256.0,1410.6406,99.05,29.85,2021,646.93,2.2,0.12,0.19
2021-10-23,batang,巴塘,Batang,0.09,6.02,11.89,0.04,2.8471380696351485,0.74,10866776.0,13656492.0,1543.4297,99.05,29.85,2021,648.36,-1.54,0.68,0.05
2021-10-24,batang,巴塘,Batang,0.14,7.24,12.9,2.17,3.459852780850704,1.16,13090698.0,15672244.0,1603.3516,99.05,29.85,2021,647.48,-1.62,1.12,0.0
2021-10-25,batang,巴塘,Batang,0.3,6.4,12.05,1.53,3.5472044760323267,1.56,14233042.0,16521200.0,1588.6172,99.05,29.85,2021,644.92,-2.48,1.46,0.26
2021-10-26,batang,巴塘,Batang,1.91,5.89,10.97,1.38,3.4056252184574767,1.4,14234400.0,16325640.0,1531.25,99.05,29.85,2021,645.48,-2.57,1.32,0.21
2021-10-27,batang,巴塘,Batang,0.51,5.86,11.04,1.13,3.1920533619312788,1.45,12773400.0,14538080.0,1462.7109,99.05,29.85,2021,646.0,-3.62,1.4,0.18
2021-10-28,batang,巴塘,Batang,0.37,5.42,10.63,0.58,3.6510071668395234,1.37,14839296.0,16803376.0,1393.8984,99.05,29.85,2021,647.58,-6.93,0.95,0.59
2021-10-29,batang,巴塘,Batang,0.52,5.06,9.34,0.7,3.174389396870388,0.86,13694202.0,15426964.0,1327.4062,99.05,29.85,2021,648.35,-4.96,0.65,0.1
2021-10-30,batang,巴塘,Batang,0.53,4.59,9.71,-0.12,3.4064991435867125,1.55,14861542.0,16684596.0,1264.3672,99.05,29.85,2021,645.9,-5.32,1.44,0.34
2021-10-31,batang,巴塘,Batang,1.24,3.89,9.12,-0.39,3.052455549770492,1.57,13825494.0,15544748.0,1205.7734,99.05,29.85,2021,645.0,-4.56,1.45,0.31
2021-11-01,batang,巴塘,Batang,3.43,3.01,8.2,-1.28,2.933581419532522,1.23,14245904.0,16199416.0,1153.8516,99.05,29.85,2021,646.03,-3.96,0.78,0.27
2021-11-02,batang,巴塘,Batang,0.08,3.78,8.98,-1.36,3.4529451983887567,1.74,14736734.0,17288968.0,1111.3516,99.05,29.85,2021,645.42,-6.88,1.56,0.51
2021-11-03,batang,巴塘,Batang,0.13,3.32,8.92,-1.86,3.201675580261436,1.78,13606886.0,15719496.0,1072.3047,99.05,29.85,2021,643.91,-7.73,1.59,0.52
2021-11-04,batang,巴塘,Batang,0.07,3.26,8.61,-2.21,3.2781060240980486,1.68,13882290.0,15876248.0,1036.1406,99.05,29.85,2021,643.72,-9.1,1.4,0.71
2021-11-05,batang,巴塘,Batang,0.09,3.68,8.93,-1.51,3.4479633103545027,1.17,15389518.0,17447256.0,1005.0156,99.05,29.85,2021,643.46,-7.98,1.05,0.21
2021-11-06,batang,巴塘,Batang,0.21,3.69,9.09,-1.09,3.0998018149728264,1.08,13782860.0,15534348.0,979.875,99.05,29.85,2021,642.69,-7.04,0.92,0.34
2021-11-07,batang,巴塘,Batang,0.73,3.55,8.26,-0.59,2.657845290402143,1.16,11697550.0,13226840.0,959.53125,99.05,29.85,2021,644.36,-5.43,1.1,-0.14
2021-11-08,batang,巴塘,Batang,0.23,3.85,8.76,-0.61,2.865424108060791,1.24,12271094.0,13832892.0,943.2031,99.05,29.85,2021,644.65,-6.47,1.18,0.22
2021-11-09,batang,巴塘,Batang,4.03,2.19,7.18,-2.09,2.6894587165875574,0.63,13774764.0,15536036.0,930.03125,99.05,29.85,2021,646.24,-3.3,-0.03,0.14
2021-11-10,batang,巴塘,Batang,1.28,2.28,6.75,-2.17,2.635148722421736,0.77,12672866.0,15053956.0,921.03125,99.05,29.85,2021,644.41,-3.67,0.66,-0.01
2021-11-11,batang,巴塘,Batang,0.31,3.37,8.79,-1.49,2.7792264507112945,0.91,12566312.0,14533780.0,911.35156,99.05,29.85,2021,643.4,-4.99,0.76,0.08
2021-11-12,batang,巴塘,Batang,0.97,2.07,6.53,-1.64,2.0485090931533643,1.06,9802806.0,11243160.0,902.4375,99.05,29.85,2021,644.17,-3.87,0.91,-0.1
2021-11-13,batang,巴塘,Batang,1.84,1.92,6.32,-1.71,2.052017456467216,1.0,9842772.0,11331344.0,894.96094,99.05,29.85,2021,643.88,-4.14,0.85,-0.04
2021-11-14,batang,巴塘,Batang,0.88,2.06,6.55,-1.58,2.576412051252725,0.83,12122420.0,14381040.0,888.375,99.05,29.85,2021,643.74,-5.44,0.64,0.06
2021-11-15,batang,巴塘,Batang,0.67,2.56,8.39,-1.75,2.429510848540192,1.79,11106026.0,13044788.0,881.15625,99.05,29.85,2021,641.22,-4.08,1.73,0.07
2021-11-16,batang,巴塘,Batang,0.63,2.52,7.63,-1.96,2.5834023063744387,1.18,11064652.0,12947176.0,874.52344,99.05,29.85,2021,644.12,-7.88,1.09,0.3
2021-11-17,batang,巴塘,Batang,0.79,2.37,8.15,-1.89,2.9258230765815973,0.72,13665366.0,15810492.0,869.16406,99.05,29.85,2021,646.95,-8.16,0.04,0.35
2021-11-18,batang,巴塘,Batang,0.0,3.82,9.8,-1.91,3.324341570381589,1.0,14709658.0,16826480.0,863.75,99.05,29.85,2021,644.11,-7.37,0.98,-0.01
2021-11-19,batang,巴塘,Batang,0.0,4.11,9.79,-1.09,3.216270081933294,1.2,14454378.0,16357608.0,857.7422,99.05,29.85,2021,641.73,-5.06,1.18,-0.06
2021-11-20,batang,巴塘,Batang,0.28,4.97,10.61,-0.8,3.2324635842462044,1.1,14333040.0,16104496.0,852.78906,99.05,29.85,2021,641.91,-3.49,1.05,-0.08
2021-11-21,batang,巴塘,Batang,6.44,2.14,6.9,-1.33,1.803943928507096,1.03,9291694.0,10504572.0,851.1094,99.05,29.85,2021,642.28,-1.46,0.98,0.06
2021-11-22,batang,巴塘,Batang,9.99,0.87,4.91,-2.62,1.981161070135552,0.74,8971598.0,12295560.0,856.4297,99.05,29.85,2021,641.99,-2.59,0.58,0.18
2021-11-23,batang,巴塘,Batang,12.54,-3.14,-0.95,-6.65,0.9833678180848536,0.58,2160060.0,7267564.0,860.4219,99.05,29.85,2021,644.73,-4.77,-0.54,0.1
2021-11-24,batang,巴塘,Batang,2.46,-5.8,-2.06,-11.62,1.75891525075309,0.29,4031006.0,14469932.0,855.46875,99.05,29.85,2021,645.81,-8.04,-0.18,0.02
2021-11-25,batang,巴塘,Batang,0.49,-7.23,-2.14,-13.34,1.448448876007267,0.55,3745352.0,13231328.0,844.8672,99.05,29.85,2021,645.2,-9.38,0.42,-0.11
2021-11-26,batang,巴塘,Batang,0.39,-7.92,-2.66,-13.98,1.4718287785217732,0.52,4063914.0,13837924.0,833.5078,99.05,29.85,2021,646.17,-10.33,0.33,0.05
2021-11-27,batang,巴塘,Batang,0.22,-9.2,-2.91,-15.27,1.4659300046271284,0.53,4480818.0,14758320.0,823.34375,99.05,29.85,2021,647.37,-11.81,0.28,-0.12
2021-11-28,batang,巴塘,Batang,0.09,-12.11,-5.82,-19.33,1.216389205729052,0.47,4438766.0,14226540.0,814.4531,99.05,29.85,2021,647.82,-14.83,0.26,-0.02
2021-11-29,batang,巴塘,Batang,0.04,-12.96,-4.09,-20.71,1.2751665472383416,0.32,4856054.0,15273896.0,806.6328,99.05,29.85,2021,648.97,-16.28,-0.19,-0.1
2021-11-30,batang,巴塘,Batang,0.03,-12.44,-5.53,-20.31,1.2508956207851056,0.47,4823002.0,14890604.0,799.5,99.05,29.85,2021,649.07,-15.4,0.25,-0.1
2021-12-01,batang,巴塘,Batang,0.01,-11.51,-3.62,-21.42,1.3627096285207558,0.34,4984300.0,15101480.0,792.7344,99.05,29.85,2021,649.82,-14.55,-0.07,-0.01
2021-12-02,batang,巴塘,Batang,0.01,-9.61,-2.91,-19.05,1.5041714430743538,0.36,5026244.0,14918380.0,786.1719,99.05,29.85,2021,648.28,-13.54,0.1,-0.04
2021-12-03,batang,巴塘,Batang,0.04,-6.15,0.35,-13.47,1.860426452800116,0.29,5361046.0,15423324.0,779.8672,99.05,29.85,2021,648.27,-9.66,0.01,-0.1
2021-12-04,batang,巴塘,Batang,0.95,-3.85,1.34,-11.13,1.685691848043701,0.27,4526066.0,12571876.0,773.9844,99.05,29.85,2021,649.03,-6.22,-0.2,-0.02
2021-12-05,batang,巴塘,Batang,0.14,-7.26,0.19,-14.16,1.483115463622129,0.4,4921184.0,13289892.0,769.2656,99.05,29.85,2021,649.32,-9.45,-0.07,-0.02
2021-12-06,batang,巴塘,Batang,0.23,-6.19,-1.58,-13.11,1.3829664511715491,0.68,4649256.0,12145484.0,765.09375,99.05,29.85,2021,646.14,-8.29,0.6,-0.07
2021-12-07,batang,巴塘,Batang,0.26,-4.0,1.47,-10.15,1.5238800433973492,0.8,4806576.0,12255068.0,760.1172,99.05,29.85,2021,645.75,-5.95,0.73,-0.07
2021-12-08,batang,巴塘,Batang,0.29,-5.74,-0.32,-11.01,1.5275591089276288,0.32,5105922.0,12558468.0,754.1172,99.05,29.85,2021,648.6,-7.83,-0.12,-0.02
2021-12-09,batang,巴塘,Batang,0.25,-5.38,-0.02,-10.96,1.1754871082325515,0.83,4411462.0,10078060.0,747.8125,99.05,29.85,2021,647.12,-7.13,0.82,0.01
2021-12-10,batang,巴塘,Batang,0.15,-5.77,0.18,-11.52,1.4171380817795194,0.89,5835826.0,12228004.0,741.7656,99.05,29.85,2021,645.18,-8.55,0.88,0.08
2021-12-11,batang,巴塘,Batang,2.1,-6.68,-1.51,-12.09,1.1472211669878467,0.79,5043998.0,10084092.0,736.125,99.05,29.85,2021,647.19,-9.48,-0.59,0.49
2021-12-12,batang,巴塘,Batang,0.11,-11.3,-4.25,-22.17,1.292397581631748,0.39,6535828.0,14119060.0,730.78125,99.05,29.85,2021,648.13,-14.92,-0.25,-0.07
2021-12-13,batang,巴塘,Batang,0.09,-10.49,-3.33,-21.56,1.2537391731148648,0.48,6349118.0,13325020.0,725.59375,99.05,29.85,2021,645.85,-13.39,0.3,-0.1
2021-12-14,batang,巴塘,Batang,0.12,-8.44,-1.87,-18.26,1.4321958358378897,0.74,6908932.0,14091284.0,720.46875,99.05,29.85,2021,643.63,-11.34,0.69,-0.13
2021-12-15,batang,巴塘,Batang,0.15,-5.84,-0.51,-10.13,1.4797467051651458,0.92,6554584.0,12812680.0,715.4219,99.05,29.85,2021,642.98,-8.86,0.91,0.03
2021-12-16,batang,巴塘,Batang,0.07,-6.76,-0.43,-13.01,1.3765200576233458,0.73,6635328.0,12247164.0,710.4375,99.05,29.85,2021,645.14,-9.72,0.7,-0.0
2021-12-17,batang,巴塘,Batang,0.01,-6.38,0.49,-15.71,1.6319166243565049,0.92,8073024.0,14181184.0,705.4531,99.05,29.85,2021,644.18,-10.73,0.89,0.03
2021-12-18,batang,巴塘,Batang,0.0,-5.28,1.29,-11.18,1.90968345334331,1.01,9189972.0,15367904.0,700.4844,99.05,29.85,2021,643.86,-11.32,1.0,-0.04
2021-12-19,batang,巴塘,Batang,0.0,-6.54,0.37,-13.34,1.7907796084804912,0.79,9497842.0,15217024.0,695.59375,99.05,29.85,2021,644.06,-12.51,0.75,0.05
2021-12-20,batang,巴塘,Batang,0.47,-7.9,-1.51,-15.37,1.633143745009226,0.49,9559796.0,14848732.0,690.7969,99.05,29.85,2021,645.03,-12.62,-0.44,-0.0
2021-12-21,batang,巴塘,Batang,0.06,-9.08,-1.9,-16.12,1.5495811644245927,0.4,9654470.0,14922472.0,686.0469,99.05,29.85,2021,644.66,-13.53,-0.24,-0.22
2021-12-22,batang,巴塘,Batang,0.12,-8.25,-1.04,-18.53,1.6586597823958693,0.84,9892712.0,14995364.0,681.3125,99.05,29.85,2021,641.17,-15.88,0.71,-0.05
2021-12-23,batang,巴塘,Batang,0.81,-9.26,-3.21,-18.22,1.313760825731236,0.59,8500018.0,12841932.0,676.6406,99.05,29.85,2021,641.89,-13.65,-0.4,0.21
2021-12-24,batang,巴塘,Batang,0.03,-11.52,-4.88,-18.67,1.3714702677494464,0.48,9713106.0,14880984.0,671.9844,99.05,29.85,2021,643.27,-17.88,-0.12,-0.29
2021-12-25,batang,巴塘,Batang,0.37,-8.58,-1.92,-16.24,1.5917684911798102,0.98,9606608.0,14562440.0,667.34375,99.05,29.85,2021,642.26,-16.39,0.9,-0.12
2021-12-26,batang,巴塘,Batang,0.63,-8.39,-2.75,-12.63,1.4267914053392683,0.84,8396028.0,13021040.0,662.7656,99.05,29.85,2021,642.65,-14.64,0.8,0.04
2021-12-27,batang,巴塘,Batang,0.65,-7.4,-2.1,-11.66,1.4661942766861316,1.11,8333756.0,12997188.0,658.1875,99.05,29.85,2021,642.71,-12.91,1.09,-0.03
2021-12-28,batang,巴塘,Batang,0.41,-6.36,-0.97,-10.09,1.6176870336461682,0.96,8516862.0,13382460.0,653.6719,99.05,29.85,2021,644.16,-12.56,0.82,0.15
2021-12-29,batang,巴塘,Batang,0.26,-6.28,-0.56,-10.43,1.3434721789010464,1.37,7479680.0,11658604.0,649.1719,99.05,29.85,2021,645.8,-10.32,1.35,-0.14
2021-12-30,batang,巴塘,Batang,1.41,-5.68,0.23,-10.98,1.45209491648527,1.3,8392064.0,13049380.0,644.6875,99.05,29.85,2021,644.92,-8.4,1.26,-0.29
2021-12-31,batang,巴塘,Batang,1.05,-6.65,-0.63,-12.69,1.530523466555487,0.76,7813994.0,12847152.0,640.25,99.05,29.85,2021,645.45,-12.34,0.48,0.3
2022-01-01,batang,巴塘,Batang,0.38,-8.77,-2.21,-16.43,1.4010167507631366,0.57,8084562.0,13342320.0,635.8594,99.05,29.85,2022,646.31,-13.27,0.38,-0.07
2022-01-02,batang,巴塘,Batang,0.46,-9.23,-2.49,-19.81,1.4421517445253196,0.73,8823966.0,14375768.0,631.4531,99.05,29.85,2022,645.26,-13.6,0.61,-0.15
2022-01-03,batang,巴塘,Batang,0.75,-8.11,-2.39,-13.84,1.2465055911583538,0.91,7024728.0,11554248.0,627.09375,99.05,29.85,2022,642.99,-12.4,0.89,-0.01
2022-01-04,batang,巴塘,Batang,0.66,-9.85,-3.24,-16.38,1.539040782100454,0.52,8480064.0,15072648.0,622.7344,99.05,29.85,2022,644.32,-17.44,0.24,0.28
2022-01-05,batang,巴塘,Batang,0.0,-11.72,-4.95,-19.89,1.3420325252134484,0.52,8815604.0,14973324.0,618.40625,99.05,29.85,2022,644.51,-16.91,0.36,-0.16
2022-01-06,batang,巴塘,Batang,0.0,-9.46,-2.41,-18.85,1.6234576991455905,0.52,9821764.0,16071356.0,614.125,99.05,29.85,2022,644.47,-14.62,0.39,-0.23
2022-01-07,batang,巴塘,Batang,0.02,-8.48,-0.22,-18.21,1.6268097842269196,0.53,9624902.0,15405632.0,609.9219,99.05,29.85,2022,645.32,-12.84,0.39,-0.1
2022-01-08,batang,巴塘,Batang,0.11,-9.42,-0.99,-19.07,1.5001315418850327,0.29,9304882.0,14610136.0,605.7344,99.05,29.85,2022,645.5,-13.31,-0.02,-0.18
2022-01-09,batang,巴塘,Batang,0.21,-9.08,-1.58,-19.63,1.3919390709843251,0.58,8829546.0,13651876.0,601.5469,99.05,29.85,2022,643.1,-12.95,0.45,-0.23
2022-01-10,batang,巴塘,Batang,0.74,-6.2,-0.09,-15.56,1.5616553488391844,0.72,8646092.0,13280020.0,597.3906,99.05,29.85,2022,643.34,-10.19,0.68,-0.06
2022-01-11,batang,巴塘,Batang,0.66,-4.62,1.16,-8.68,1.6559803428203104,1.12,8197932.0,12888536.0,593.2656,99.05,29.85,2022,642.8,-9.66,1.05,0.2
2022-01-12,batang,巴塘,Batang,1.95,-4.95,-0.56,-8.63,1.3543196100708912,1.32,7438630.0,11567960.0,589.2344,99.05,29.85,2022,641.13,-7.67,1.31,-0.04
2022-01-13,batang,巴塘,Batang,2.15,-5.82,-0.9,-10.29,1.5478306605676315,1.09,8345826.0,13889860.0,585.21875,99.05,29.85,2022,639.79,-8.42,1.06,0.2
2022-01-14,batang,巴塘,Batang,0.59,-7.23,-1.94,-10.43,1.4925654536183126,1.12,7540352.0,13527412.0,581.1875,99.05,29.85,2022,641.85,-11.86,1.09,0.05
2022-01-15,batang,巴塘,Batang,0.41,-7.9,-1.64,-13.65,1.5770039960979612,0.86,8175354.0,14511856.0,577.125,99.05,29.85,2022,642.8,-13.22,0.74,0.01
2022-01-16,batang,巴塘,Batang,0.81,-10.73,-4.79,-18.99,1.1497499892520429,1.0,6842434.0,12261980.0,573.1406,99.05,29.85,2022,646.0,-15.64,-0.97,0.06
2022-01-17,batang,巴塘,Batang,0.02,-16.59,-9.09,-22.43,1.154737723571921,0.73,9729868.0,17449920.0,569.1719,99.05,29.85,2022,647.75,-23.59,-0.62,-0.35
2022-01-18,batang,巴塘,Batang,0.0,-15.05,-7.32,-23.72,1.3608492067990785,0.43,10127074.0,17918532.0,565.25,99.05,29.85,2022,644.93,-25.04,-0.13,-0.36
2022-01-19,batang,巴塘,Batang,0.0,-12.72,-5.6,-21.1,1.4953142998404396,0.69,10122620.0,17599652.0,561.3125,99.05,29.85,2022,640.84,-20.6,0.47,-0.39
2022-01-20,batang,巴塘,Batang,0.19,-10.45,-3.45,-17.85,1.6151917167679468,0.7,10007520.0,17035660.0,557.40625,99.05,29.85,2022,638.94,-16.4,0.56,-0.21
2022-01-21,batang,巴塘,Batang,0.68,-8.88,-3.31,-15.73,1.532559725487566,0.85,9088932.0,15322312.0,553.53125,99.05,29.85,2022,637.98,-12.97,0.77,-0.24
2022-01-22,batang,巴塘,Batang,0.26,-9.5,-2.55,-19.66,1.4922344698005576,0.91,8946406.0,15266932.0,549.65625,99.05,29.85,2022,637.33,-14.32,0.82,-0.15
2022-01-23,batang,巴塘,Batang,0.44,-10.22,-3.39,-20.36,1.4672192986180568,0.92,9455530.0,15957500.0,545.8125,99.05,29.85,2022,638.65,-14.32,0.78,-0.3
2022-01-24,batang,巴塘,Batang,0.8,-7.52,-2.03,-12.88,1.5802476028637302,1.06,8566208.0,14698576.0,542.0,99.05,29.85,2022,638.26,-12.07,1.0,-0.1
2022-01-25,batang,巴塘,Batang,0.67,-6.87,-1.49,-10.86,1.7240641876511027,1.35,8813572.0,15244684.0,538.15625,99.05,29.85,2022,637.88,-12.85,1.31,0.24
2022-01-26,batang,巴塘,Batang,0.7,-6.97,-1.03,-12.07,1.705556741004124,1.34,8940448.0,15464724.0,534.34375,99.05,29.85,2022,637.89,-12.29,1.29,0.01
2022-01-27,batang,巴塘,Batang,2.28,-7.97,-2.95,-12.36,1.5047320607399568,0.92,8252404.0,14822360.0,530.5625,99.05,29.85,2022,637.23,-10.78,0.85,-0.11
2022-01-28,batang,巴塘,Batang,0.77,-9.21,-3.8,-17.02,1.6658965116912496,1.07,8698660.0,16704800.0,526.8125,99.05,29.85,2022,637.81,-15.34,0.93,0.35
2022-01-29,batang,巴塘,Batang,0.05,-12.38,-5.68,-19.9,1.576644742530896,0.67,9873352.0,18592136.0,523.0625,99.05,29.85,2022,639.58,-18.71,0.52,-0.07
2022-01-30,batang,巴塘,Batang,0.03,-12.75,-5.62,-20.51,1.4094542419164164,0.85,9539584.0,17488196.0,519.34375,99.05,29.85,2022,638.76,-17.74,0.67,-0.4
2022-01-31,batang,巴塘,Batang,0.28,-12.8,-6.28,-21.57,1.419896568428737,0.91,10055706.0,18047508.0,515.59375,99.05,29.85,2022,638.16,-17.13,0.75,-0.46
2022-02-01,batang,巴塘,Batang,1.14,-9.44,-4.88,-16.22,1.4694174167219158,1.17,8905740.0,16214524.0,511.875,99.05,29.85,2022,635.89,-12.34,1.08,-0.41
2022-02-02,batang,巴塘,Batang,1.61,-8.86,-4.19,-14.38,1.5328422152419732,0.9,8092852.0,15473440.0,508.1875,99.05,29.85,2022,638.33,-12.71,0.84,0.18
2022-02-03,batang,巴塘,Batang,0.38,-9.88,-4.89,-14.92,1.5645162823556842,1.13,9025188.0,17579940.0,504.5625,99.05,29.85,2022,640.19,-13.13,1.06,-0.35
2022-02-04,batang,巴塘,Batang,1.84,-9.09,-4.03,-16.43,1.5710249066981798,1.31,8916972.0,17311312.0,500.90625,99.05,29.85,2022,641.2,-12.12,1.2,-0.41
2022-02-05,batang,巴塘,Batang,6.16,-9.64,-4.73,-18.01,0.9425287335315502,1.03,3516308.0,10213236.0,497.3125,99.05,29.85,2022,637.44,-11.69,0.86,-0.4
2022-02-06,batang,巴塘,Batang,0.5,-13.52,-5.56,-23.04,1.3783267240129504,0.49,5615164.0,17444064.0,493.71875,99.05,29.85,2022,639.09,-17.48,0.09,0.4
2022-02-07,batang,巴塘,Batang,0.06,-16.77,-10.64,-23.42,1.11923785289724,0.57,5728734.0,17449220.0,490.125,99.05,29.85,2022,640.24,-20.94,0.49,-0.0
2022-02-08,batang,巴塘,Batang,0.15,-14.55,-7.83,-23.29,1.3348916985938215,0.64,6202114.0,18563588.0,486.53125,99.05,29.85,2022,639.86,-17.9,0.53,-0.03
2022-02-09,batang,巴塘,Batang,0.51,-12.3,-7.59,-21.87,1.5250923674995982,0.78,6457734.0,19020728.0,482.9375,99.05,29.85,2022,640.01,-15.38,0.74,0.0
2022-02-10,batang,巴塘,Batang,0.56,-9.6,-4.38,-14.98,1.6561510022943986,0.95,6212868.0,18191132.0,479.40625,99.05,29.85,2022,639.04,-12.35,0.84,0.19
2022-02-11,batang,巴塘,Batang,0.67,-9.6,-4.71,-13.89,1.6115830323944424,1.02,6098230.0,17611088.0,475.875,99.05,29.85,2022,638.76,-12.84,0.95,-0.0
2022-02-12,batang,巴塘,Batang,1.29,-12.25,-6.77,-22.38,1.2156381701532295,0.93,4579734.0,13342376.0,472.375,99.05,29.85,2022,641.33,-20.54,-0.78,0.46
2022-02-13,batang,巴塘,Batang,0.0,-16.44,-9.12,-25.08,1.4602299335741844,0.48,7487856.0,21622720.0,468.84375,99.05,29.85,2022,642.61,-24.42,0.22,-0.01
2022-02-14,batang,巴塘,Batang,0.0,-14.61,-7.34,-23.41,1.6101080363577134,0.47,7601458.0,21423688.0,465.375,99.05,29.85,2022,643.14,-21.35,0.27,-0.01
2022-02-15,batang,巴塘,Batang,0.0,-12.82,-6.4,-21.44,1.7399660268222004,0.67,7877610.0,21590584.0,461.9375,99.05,29.85,2022,640.58,-18.02,0.59,-0.06
2022-02-16,batang,巴塘,Batang,0.06,-12.41,-5.65,-21.13,1.7208777335445369,0.73,8344576.0,21418302.0,458.5,99.05,29.85,2022,638.08,-16.03,0.66,-0.06
2022-02-17,batang,巴塘,Batang,0.3,-11.7,-5.29,-21.83,1.6883194824655097,0.78,8335112.0,20372608.0,455.0625,99.05,29.85,2022,638.61,-14.91,0.69,0.02
2022-02-18,batang,巴塘,Batang,0.6,-9.29,-3.44,-17.61,1.880543812104387,0.84,8469816.0,20028692.0,451.65625,99.05,29.85,2022,639.95,-12.3,0.74,-0.13
2022-02-19,batang,巴塘,Batang,0.99,-6.96,-1.93,-12.58,1.8302883558487872,1.27,7996520.0,18169668.0,448.25,99.05,29.85,2022,637.86,-9.62,1.26,-0.13
2022-02-20,batang,巴塘,Batang,2.48,-8.82,-3.98,-16.84,1.717906682342924,1.18,7938808.0,18456980.0,444.875,99.05,29.85,2022,635.85,-11.92,1.17,-0.05
2022-02-21,batang,巴塘,Batang,2.71,-9.96,-5.33,-16.98,1.5872133812237208,0.87,6754122.0,17617952.0,441.53125,99.05,29.85,2022,637.1,-12.56,0.84,-0.03
2022-02-22,batang,巴塘,Batang,1.39,-10.84,-6.1,-18.62,1.6588351132913035,0.65,6470722.0,18561848.0,438.21875,99.05,29.85,2022,641.59,-14.25,0.39,0.42
2022-02-23,batang,巴塘,Batang,0.05,-14.56,-7.49,-24.82,1.5301745610928164,0.61,7392130.0,21286368.0,434.90625,99.05,29.85,2022,644.19,-18.13,0.51,-0.08
2022-02-24,batang,巴塘,Batang,0.17,-12.34,-6.04,-24.94,1.8031385025490392,0.6,7817714.0,22011704.0,431.59375,99.05,29.85,2022,644.38,-15.76,0.49,-0.09
2022-02-25,batang,巴塘,Batang,0.48,-7.26,-2.19,-13.67,1.9994189474017108,0.87,7075644.0,19198056.0,428.25,99.05,29.85,2022,644.5,-10.09,0.85,0.04
2022-02-26,batang,巴塘,Batang,0.49,-6.86,-1.64,-12.03,2.110580344167662,1.02,7905962.0,20040564.0,424.96875,99.05,29.85,2022,644.12,-10.27,0.98,0.24
2022-02-27,batang,巴塘,Batang,0.2,-7.6,-2.67,-12.09,1.980561425641392,1.09,8317856.0,19718056.0,421.71875,99.05,29.85,2022,642.49,-10.93,1.07,0.08
2022-02-28,batang,巴塘,Batang,5.6,-5.42,-0.96,-11.25,2.4455278946898376,1.03,10004018.0,21779382.0,418.53125,99.05,29.85,2022,642.56,-8.73,0.72,0.24
2022-03-01,batang,巴塘,Batang,0.03,-7.61,-1.82,-16.0,2.6301315469008046,0.6,8184360.0,24199314.0,415.75,99.05,29.85,2022,645.8,-13.93,0.41,0.19
2022-03-02,batang,巴塘,Batang,0.01,-10.72,-3.82,-19.54,2.156144667090908,0.57,9509790.0,23941204.0,412.4375,99.05,29.85,2022,645.32,-14.27,0.41,-0.0
2022-03-03,batang,巴塘,Batang,0.04,-10.1,-2.87,-20.47,2.145411262477553,0.48,9750478.0,22611628.0,409.03125,99.05,29.85,2022,645.48,-13.87,0.26,-0.14
2022-03-04,batang,巴塘,Batang,0.32,-7.06,-1.72,-17.71,2.292591106839496,0.73,10088083.0,21527954.0,405.75,99.05,29.85,2022,643.12,-9.83,0.6,-0.11
2022-03-05,batang,巴塘,Batang,0.68,-4.96,1.2,-13.11,2.2943756307351464,0.79,9973442.0,19353948.0,402.5625,99.05,29.85,2022,643.28,-8.01,0.55,0.32
2022-03-06,batang,巴塘,Batang,0.03,-8.17,-0.19,-17.54,2.4894911036026808,0.96,13121104.0,23529848.0,399.53125,99.05,29.85,2022,650.76,-17.53,-0.94,-0.03
2022-03-07,batang,巴塘,Batang,0.0,-9.45,-1.44,-19.16,2.6226974118959308,0.46,15064481.0,25662228.0,396.3125,99.05,29.85,2022,650.48,-20.37,0.14,-0.18
2022-03-08,batang,巴塘,Batang,0.0,-7.55,0.5,-16.89,2.8794413155269214,0.43,15757604.0,25684342.0,393.15625,99.05,29.85,2022,647.22,-16.36,0.16,-0.17
2022-03-09,batang,巴塘,Batang,0.0,-4.77,2.82,-14.36,3.2264962772880468,0.49,16204782.0,25388400.0,390.03125,99.05,29.85,2022,647.01,-12.27,0.23,-0.24
2022-03-10,batang,巴塘,Batang,0.0,-2.4,4.54,-10.95,3.490007939760376,0.66,16487747.0,25078556.0,387.0,99.05,29.85,2022,646.6,-9.17,0.51,-0.33
2022-03-11,batang,巴塘,Batang,0.0,-0.86,5.82,-8.79,3.6389788345753113,0.9,16786198.0,24995008.0,384.53125,99.05,29.85,2022,645.23,-7.15,0.82,-0.26
2022-03-12,batang,巴塘,Batang,0.08,-0.26,7.0,-9.86,3.783647087953067,0.76,16809828.0,24684608.0,382.8125,99.05,29.85,2022,645.91,-8.04,0.47,-0.18
2022-03-13,batang,巴塘,Batang,1.12,-0.56,6.22,-10.07,3.407589994353245,0.59,15638385.0,22722752.0,381.6875,99.05,29.85,2022,648.24,-5.4,-0.33,-0.27
2022-03-14,batang,巴塘,Batang,0.03,-0.14,6.85,-7.0,3.783668586478846,0.73,16697943.0,24448296.0,380.21875,99.05,29.85,2022,648.72,-8.15,-0.58,-0.4
2022-03-15,batang,巴塘,Batang,0.06,1.0,6.95,-6.8,4.064590250889107,0.6,16951496.0,24466012.0,378.125,99.05,29.85,2022,644.51,-9.67,0.39,-0.4
2022-03-16,batang,巴塘,Batang,0.32,1.32,7.98,-5.93,4.104142793699072,0.5,17278982.0,24712520.0,376.4375,99.05,29.85,2022,644.56,-6.67,-0.03,-0.26
2022-03-17,batang,巴塘,Batang,0.1,2.11,8.4,-4.98,4.184705422857987,0.74,16983462.0,24136000.0,375.8125,99.05,29.85,2022,647.53,-8.58,-0.71,-0.13
2022-03-18,batang,巴塘,Batang,0.0,3.8,11.56,-5.01,4.745858751406983,0.57,17899546.0,25198066.0,376.75,99.05,29.85,2022,646.66,-11.19,0.37,-0.22
2022-03-19,batang,巴塘,Batang,0.0,3.52,10.28,-4.27,4.8160426711459285,1.15,20277296.0,26659416.0,380.15625,99.05,29.85,2022,643.2,-7.92,1.1,-0.22
2022-03-20,batang,巴塘,Batang,0.51,4.6,12.36,-2.89,4.092173962370952,1.51,18532328.0,23009154.0,387.8125,99.05,29.85,2022,641.51,-1.67,1.46,-0.03
2022-03-21,batang,巴塘,Batang,0.68,4.85,12.15,0.04,3.582404232469877,1.72,16322792.0,19574366.0,405.40625,99.05,29.85,2022,641.98,-1.32,1.65,0.23
2022-03-22,batang,巴塘,Batang,6.76,2.46,5.7,0.1,2.2997175536722154,0.45,11207942.0,13388296.0,446.40625,99.05,29.85,2022,645.52,-0.44,0.15,0.27
2022-03-23,batang,巴塘,Batang,2.51,3.16,9.02,-1.48,3.2534766264910537,1.0,13603872.0,19410886.0,520.53125,99.05,29.85,2022,643.5,-0.54,0.98,-0.06
2022-03-24,batang,巴塘,Batang,0.39,3.92,11.09,-1.29,3.801319955886529,1.61,16679944.0,21241810.0,599.125,99.05,29.85,2022,639.27,-3.45,1.51,0.39
2022-03-25,batang,巴塘,Batang,1.12,3.46,9.75,-1.16,3.839051683829129,1.66,18462160.0,22320956.0,645.6875,99.05,29.85,2022,639.91,-3.4,1.61,0.26
2022-03-26,batang,巴塘,Batang,9.07,2.16,8.98,-2.16,2.892790621262792,1.25,15432952.0,18384402.0,666.8125,99.05,29.85,2022,642.66,-1.14,0.38,0.48
2022-03-27,batang,巴塘,Batang,0.33,-0.39,5.12,-5.15,3.8585622975555625,0.83,16617386.0,25141312.0,679.0625,99.05,29.85,2022,646.27,-9.55,-0.51,0.22
2022-03-28,batang,巴塘,Batang,0.26,2.08,9.25,-4.37,4.335119284885488,1.02,19401420.0,26045556.0,674.46875,99.05,29.85,2022,643.27,-6.16,0.86,0.14
2022-03-29,batang,巴塘,Batang,0.46,3.91,9.67,-1.69,3.981025611343997,1.17,18221708.0,22583852.0,653.21875,99.05,29.85,2022,643.09,-2.41,1.09,0.03
2022-03-30,batang,巴塘,Batang,0.97,5.23,11.5,-0.81,3.4639152203051418,1.69,15782726.0,18770758.0,623.59375,99.05,29.85,2022,643.5,-0.37,1.63,-0.14
2022-03-31,batang,巴塘,Batang,17.41,3.32,10.35,-2.32,3.0391042810368263,1.56,16536596.0,19413074.0,596.53125,99.05,29.85,2022,644.85,0.75,0.69,0.05
2022-04-01,batang,巴塘,Batang,17.77,-1.55,-0.24,-2.95,1.4203111286191628,0.77,2928986.0,10420996.0,586.96875,99.05,29.85,2022,648.75,-2.52,-0.66,0.31
2022-04-02,batang,巴塘,Batang,1.12,-1.2,2.7,-6.59,3.453611562795698,0.69,6919076.0,24683588.0,577.65625,99.05,29.85,2022,648.59,-3.61,0.39,0.18
2022-04-03,batang,巴塘,Batang,7.94,-0.35,2.49,-7.24,2.9619596811508297,1.26,6809592.0,22243872.0,555.21875,99.05,29.85,2022,644.21,-1.94,1.23,-0.21
2022-04-04,batang,巴塘,Batang,17.29,0.23,1.99,-1.36,1.5237464647541334,0.38,2757652.0,9890920.0,534.8125,99.05,29.85,2022,646.37,-0.36,0.2,0.25
2022-04-05,batang,巴塘,Batang,7.21,0.17,2.31,-2.08,2.084146977278153,0.7,4163022.0,14273582.0,523.78125,99.05,29.85,2022,647.76,-0.59,0.48,0.2
2022-04-06,batang,巴塘,Batang,1.39,-1.11,3.75,-10.77,3.5003321064364714,0.91,7883510.0,25800386.0,509.46875,99.05,29.85,2022,650.53,-3.29,-0.78,0.35
2022-04-07,batang,巴塘,Batang,2.27,-1.53,1.95,-9.89,3.076521857758295,0.58,7303798.0,22035354.0,489.15625,99.05,29.85,2022,649.06,-3.41,0.37,-0.05
2022-04-08,batang,巴塘,Batang,3.1,0.35,3.24,-3.95,2.8474912795898835,0.51,6357936.0,18752888.0,468.03125,99.05,29.85,2022,646.55,-0.85,0.03,0.34
2022-04-09,batang,巴塘,Batang,0.12,-1.18,4.39,-11.39,3.467873335092916,0.57,8454664.0,24318192.0,450.46875,99.05,29.85,2022,646.35,-3.7,-0.36,0.32
2022-04-10,batang,巴塘,Batang,0.06,-1.11,3.23,-11.21,3.998822719068857,0.6,10339486.0,28107434.0,433.1875,99.05,29.85,2022,645.67,-3.93,0.37,0.01
2022-04-11,batang,巴塘,Batang,3.18,-0.68,3.26,-7.94,2.254360343546116,0.8,6085690.0,16061740.0,416.375,99.05,29.85,2022,645.25,-2.01,-0.23,0.36
2022-04-12,batang,巴塘,Batang,0.03,-1.04,5.13,-7.8,4.136642857427553,0.43,11962950.0,28251348.0,402.28125,99.05,29.85,2022,645.88,-4.15,-0.19,0.3
2022-04-13,batang,巴塘,Batang,0.48,2.18,8.12,-9.68,4.664919502410314,0.75,16197416.0,28560826.0,389.28125,99.05,29.85,2022,643.03,-2.84,0.69,0.2
2022-04-14,batang,巴塘,Batang,5.19,2.11,5.54,-0.96,2.804153532268344,1.14,11180012.0,18535166.0,379.3125,99.05,29.85,2022,641.34,0.52,1.08,-0.31
2022-04-15,batang,巴塘,Batang,4.84,1.99,6.47,-1.07,2.5978581368450944,1.42,10082938.0,17721736.0,379.40625,99.05,29.85,2022,640.45,0.33,1.39,-0.2
2022-04-16,batang,巴塘,Batang,7.09,1.77,4.97,-1.2,2.4726011484614165,1.09,8797082.0,16265256.0,396.5,99.05,29.85,2022,640.95,-0.03,1.05,-0.08
2022-04-17,batang,巴塘,Batang,16.61,1.17,3.29,-0.76,2.571282380258706,0.79,8164776.0,17035974.0,431.84375,99.05,29.85,2022,642.84,0.03,0.33,0.48
2022-04-18,batang,巴塘,Batang,5.46,-0.94,2.82,-6.92,2.5106057729129683,0.54,4818418.0,17437676.0,477.75,99.05,29.85,2022,645.75,-2.38,0.19,0.39
2022-04-19,batang,巴塘,Batang,1.17,-2.56,2.68,-12.95,3.0771597619222244,0.79,6993202.0,23424848.0,503.21875,99.05,29.85,2022,647.77,-5.59,-0.32,0.53
2022-04-20,batang,巴塘,Batang,0.0,-4.02,3.68,-13.84,4.0112258472332645,0.39,11080266.0,30808798.0,506.03125,99.05,29.85,2022,647.67,-9.0,-0.29,0.13
2022-04-21,batang,巴塘,Batang,0.0,-0.52,7.12,-11.08,4.942799136728912,0.26,15401476.0,31811586.0,496.78125,99.05,29.85,2022,644.6,-8.74,-0.12,0.13
2022-04-22,batang,巴塘,Batang,0.0,1.71,7.89,-6.95,5.213250025980439,0.5,18439738.0,31193742.0,479.21875,99.05,29.85,2022,645.4,-7.22,-0.38,0.04
2022-04-23,batang,巴塘,Batang,0.58,3.05,8.6,-3.17,4.011860834531653,0.98,16384674.0,24580424.0,456.90625,99.05,29.85,2022,643.7,-0.25,0.88,0.17
2022-04-24,batang,巴塘,Batang,5.39,2.97,8.85,-0.15,3.2930628897299083,0.59,14725000.0,19578848.0,435.21875,99.05,29.85,2022,643.51,0.91,0.26,0.38
2022-04-25,batang,巴塘,Batang,6.25,2.21,8.4,-2.89,3.782472346863983,0.62,16690578.0,23443952.0,418.6875,99.05,29.85,2022,644.2,0.46,0.02,0.21
2022-04-26,batang,巴塘,Batang,1.45,2.69,9.32,-3.5,3.9540840219473536,0.41,17805424.0,23131914.0,405.875,99.05,29.85,2022,644.85,-0.38,0.23,0.06
2022-04-27,batang,巴塘,Batang,6.04,3.25,10.15,-2.27,3.904158338600027,0.78,19160810.0,23381018.0,394.25,99.05,29.85,2022,645.19,0.47,0.39,0.02
2022-04-28,batang,巴塘,Batang,0.05,3.61,9.74,-2.45,4.111578380557187,0.64,17932632.0,22976560.0,388.78125,99.05,29.85,2022,646.92,-2.98,-0.32,-0.18
2022-04-29,batang,巴塘,Batang,1.71,4.37,11.88,-1.33,4.760699526256525,0.75,22259490.0,26782182.0,384.75,99.05,29.85,2022,645.58,-0.47,0.49,0.16
2022-04-30,batang,巴塘,Batang,7.13,3.67,8.91,0.01,2.657672312204608,0.8,13043192.0,15564258.0,383.84375,99.05,29.85,2022,644.76,1.5,0.58,0.13
2022-05-01,batang,巴塘,Batang,3.55,2.99,8.58,-3.09,3.7620673441649712,0.63,15862082.0,21861900.0,392.25,99.05,29.85,2022,644.61,-1.59,-0.42,0.24
2022-05-02,batang,巴塘,Batang,3.22,3.68,8.43,-0.86,4.023691386993143,0.98,16917106.0,22348696.0,400.0625,99.05,29.85,2022,646.16,-4.18,-0.9,-0.11
2022-05-03,batang,巴塘,Batang,11.31,1.14,4.1,-2.4,1.8911874349138813,0.78,8055972.0,12201364.0,402.125,99.05,29.85,2022,647.2,-0.53,-0.63,-0.14
2022-05-04,batang,巴塘,Batang,0.49,2.05,6.36,-1.96,3.7500597077815057,0.5,10956590.0,22498280.0,403.28125,99.05,29.85,2022,647.63,-1.92,0.07,0.31
2022-05-05,batang,巴塘,Batang,0.91,3.35,9.73,-3.35,5.143939690880222,0.32,19510302.0,29111844.0,398.15625,99.05,29.85,2022,646.48,-0.37,-0.02,0.17
2022-05-06,batang,巴塘,Batang,0.3,5.75,12.36,-1.01,5.438046221856444,0.32,22249508.0,27948432.0,390.46875,99.05,29.85,2022,646.51,-1.04,-0.2,0.15
2022-05-07,batang,巴塘,Batang,0.25,8.24,14.07,0.97,6.097052902579619,0.88,24823360.0,29469176.0,393.15625,99.05,29.85,2022,646.08,-0.22,0.85,0.02
2022-05-08,batang,巴塘,Batang,1.59,8.07,13.84,2.25,5.242778521176524,0.87,21897340.0,25552788.0,425.34375,99.05,29.85,2022,645.74,1.33,0.29,0.45
2022-05-09,batang,巴塘,Batang,1.87,7.09,12.66,2.56,4.460951294775109,0.79,19347826.0,22634200.0,502.78125,99.05,29.85,2022,646.18,2.21,-0.2,0.06
2022-05-10,batang,巴塘,Batang,3.56,9.4,14.84,3.16,4.9316469054633005,1.3,19946310.0,23201172.0,633.375,99.05,29.85,2022,643.68,3.0,0.97,0.36
2022-05-11,batang,巴塘,Batang,6.96,4.52,8.74,1.14,2.0208643874632464,0.82,9388902.0,11432496.0,835.375,99.05,29.85,2022,645.75,2.8,-0.71,0.3
2022-05-12,batang,巴塘,Batang,2.93,5.19,12.48,-0.81,4.361827206963767,0.54,19900064.0,23747740.0,1096.9375,99.05,29.85,2022,644.22,2.42,-0.11,0.2
2022-05-13,batang,巴塘,Batang,2.0,7.95,12.41,1.6,2.875191276749385,1.28,11745482.0,13752618.0,1297.3125,99.05,29.85,2022,641.33,3.53,1.22,0.06
2022-05-14,batang,巴塘,Batang,13.28,4.48,6.66,2.61,1.1421591307435242,0.8,5585126.0,6568980.0,1459.5312,99.05,29.85,2022,644.04,3.8,-0.63,0.39
2022-05-15,batang,巴塘,Batang,7.85,4.75,12.01,-1.53,3.2302463627835527,0.95,12853894.0,18343256.0,1652.0938,99.05,29.85,2022,646.72,1.95,-0.8,0.48
2022-05-16,batang,巴塘,Batang,5.79,7.55,13.71,0.27,4.573612451908935,0.48,17587216.0,22246818.0,1758.7188,99.05,29.85,2022,645.19,1.55,0.15,0.01
2022-05-17,batang,巴塘,Batang,2.23,7.59,12.49,4.13,2.9481629210958444,1.53,12578958.0,15255572.0,1759.1875,99.05,29.85,2022,642.43,4.44,1.49,-0.22
2022-05-18,batang,巴塘,Batang,6.45,9.35,14.23,4.83,4.376094266781529,0.95,17949386.0,21114432.0,1755.625,99.05,29.85,2022,643.85,5.68,0.79,0.13
2022-05-19,batang,巴塘,Batang,4.41,8.57,14.37,4.24,4.310723704917488,1.2,18649020.0,21754056.0,1781.8125,99.05,29.85,2022,644.45,5.01,1.16,-0.07
2022-05-20,batang,巴塘,Batang,3.77,8.93,14.52,4.36,4.729119199031022,1.3,20092118.0,23401468.0,1825.0312,99.05,29.85,2022,643.1,4.38,1.25,-0.02
2022-05-21,batang,巴塘,Batang,8.39,8.94,14.73,4.18,4.890621565673594,1.06,20709204.0,24133704.0,1860.125,99.05,29.85,2022,641.77,4.85,0.42,0.05
2022-05-22,batang,巴塘,Batang,5.87,8.09,13.72,4.61,4.269210513163666,0.61,18242992.0,21269568.0,1867.875,99.05,29.85,2022,641.88,5.61,0.28,-0.21
2022-05-23,batang,巴塘,Batang,1.95,10.28,16.05,5.46,4.981717696019607,1.24,20115208.0,23429156.0,1845.8438,99.05,29.85,2022,643.0,5.47,1.18,-0.18
2022-05-24,batang,巴塘,Batang,1.92,11.51,16.41,5.3,5.6118121501693965,1.14,21344970.0,24859408.0,1832.6562,99.05,29.85,2022,645.0,5.14,1.07,0.06
2022-05-25,batang,巴塘,Batang,0.84,12.49,17.41,7.17,5.650952939594151,0.91,20606540.0,24001368.0,1886.6562,99.05,29.85,2022,644.51,5.69,0.82,0.05
2022-05-26,batang,巴塘,Batang,6.1,11.22,16.72,6.63,4.713590036352321,1.21,18864156.0,21974724.0,2035.625,99.05,29.85,2022,642.19,7.78,1.18,-0.05
2022-05-27,batang,巴塘,Batang,2.82,11.98,17.16,6.12,5.888600416623555,1.09,21654150.0,25227892.0,2307.2812,99.05,29.85,2022,640.81,4.06,0.95,0.33
2022-05-28,batang,巴塘,Batang,4.79,10.53,16.8,5.32,5.4855644067810045,0.88,21706010.0,25291548.0,2680.2812,99.05,29.85,2022,641.8,5.59,0.71,0.16
2022-05-29,batang,巴塘,Batang,6.1,10.03,16.18,5.03,5.108987259607301,0.55,20467616.0,23855692.0,3066.4688,99.05,29.85,2022,643.32,7.11,0.39,0.07
2022-05-30,batang,巴塘,Batang,0.78,12.16,16.98,6.28,5.9566315088440565,1.56,22124068.0,25785828.0,3323.7188,99.05,29.85,2022,643.04,4.71,1.52,-0.09
2022-05-31,batang,巴塘,Batang,0.89,12.39,18.23,6.8,5.635653574882097,1.16,20597266.0,24009120.0,3416.0625,99.05,29.85,2022,642.92,5.34,1.08,0.09
2022-06-01,batang,巴塘,Batang,1.58,12.28,18.12,7.05,5.685296664975118,0.98,21321158.0,24856016.0,3476.0,99.05,29.85,2022,643.07,6.9,0.93,0.09
2022-06-02,batang,巴塘,Batang,1.01,13.37,19.01,7.43,6.289387112357653,0.95,22514124.0,26250508.0,3578.7188,99.05,29.85,2022,642.3,6.3,0.84,0.08
2022-06-03,batang,巴塘,Batang,1.14,13.66,18.86,7.91,5.77900684372311,0.98,20169372.0,23518776.0,3674.2812,99.05,29.85,2022,642.6,6.07,0.86,0.09
2022-06-04,batang,巴塘,Batang,1.79,12.9,19.1,7.8,5.509939433828691,1.05,20400208.0,23791528.0,3774.4375,99.05,29.85,2022,643.41,7.94,0.99,-0.11
2022-06-05,batang,巴塘,Batang,7.05,12.62,18.52,8.5,5.6023218410088,0.75,20876848.0,24351460.0,3963.5938,99.05,29.85,2022,643.91,8.42,0.56,0.1
2022-06-06,batang,巴塘,Batang,5.31,11.75,17.35,8.45,4.734834850600642,0.57,18010368.0,21010140.0,4234.1875,99.05,29.85,2022,644.24,8.82,0.24,-0.01
2022-06-07,batang,巴塘,Batang,5.0,11.67,16.92,8.31,4.505003374597264,0.88,17720490.0,20674844.0,4492.5625,99.05,29.85,2022,643.98,9.38,0.8,-0.29
2022-06-08,batang,巴塘,Batang,12.36,11.06,16.58,7.97,4.084480732893579,0.82,16332166.0,19057388.0,4692.8125,99.05,29.85,2022,643.4,9.16,0.75,-0.18
2022-06-09,batang,巴塘,Batang,6.45,11.25,15.99,7.5,4.382431214323305,0.74,17286306.0,20172856.0,4869.0938,99.05,29.85,2022,643.32,9.15,0.7,-0.1
2022-06-10,batang,巴塘,Batang,9.35,11.04,16.64,7.27,4.445870118651683,0.87,17819794.0,20798724.0,4943.7188,99.05,29.85,2022,642.87,8.84,0.76,-0.08
2022-06-11,batang,巴塘,Batang,10.45,11.08,16.11,7.85,4.009342546785335,1.14,16167986.0,18871712.0,4982.6875,99.05,29.85,2022,643.34,8.55,0.96,-0.09
2022-06-12,batang,巴塘,Batang,17.36,9.49,12.81,6.74,2.603776082729972,0.48,10551006.0,12322500.0,5011.0938,99.05,29.85,2022,644.87,8.25,-0.13,0.01
2022-06-13,batang,巴塘,Batang,12.49,9.5,14.24,5.99,3.72473497801541,0.56,15041926.0,17571772.0,5061.9062,99.05,29.85,2022,645.73,6.97,-0.16,-0.15
2022-06-14,batang,巴塘,Batang,11.82,7.55,10.91,4.7,2.5351537211536903,1.14,11388496.0,13348244.0,5062.2812,99.05,29.85,2022,645.93,5.79,1.06,-0.34
2022-06-15,batang,巴塘,Batang,3.98,9.0,12.06,5.28,2.8755074527393143,1.23,11863700.0,13877680.0,5019.0312,99.05,29.85,2022,644.47,5.91,1.18,-0.29
2022-06-16,batang,巴塘,Batang,11.58,9.19,12.81,6.91,2.399284878148088,0.68,9942048.0,11621028.0,4977.375,99.05,29.85,2022,643.96,7.86,0.6,-0.13
2022-06-17,batang,巴塘,Batang,3.97,9.71,14.21,5.23,3.0975699530032044,1.27,12484700.0,14588204.0,4956.75,99.05,29.85,2022,642.96,6.35,1.23,0.12
2022-06-18,batang,巴塘,Batang,0.93,12.64,18.01,6.19,5.731152189942066,1.04,21037834.0,24586384.0,4892.4062,99.05,29.85,2022,642.47,6.55,0.94,0.23
2022-06-19,batang,巴塘,Batang,2.78,12.12,17.72,7.75,5.174725303490313,1.23,19912724.0,23275768.0,4817.1562,99.05,29.85,2022,642.59,7.93,1.17,-0.05
2022-06-20,batang,巴塘,Batang,0.84,13.33,18.57,8.06,5.652964913862448,1.19,20369676.0,23815008.0,4755.8125,99.05,29.85,2022,641.73,7.31,1.17,0.01
2022-06-21,batang,巴塘,Batang,0.49,14.35,19.08,8.49,6.050635523764107,1.02,20806562.0,24330252.0,4701.6875,99.05,29.85,2022,642.58,6.93,0.95,0.17
2022-06-22,batang,巴塘,Batang,9.5,13.2,17.9,9.43,4.8667566523033,0.59,17729296.0,20737560.0,4643.4375,99.05,29.85,2022,645.5,10.0,0.28,0.1
2022-06-23,batang,巴塘,Batang,6.47,12.73,17.03,8.96,3.9609514034316153,0.62,14564914.0,17039144.0,4637.0938,99.05,29.85,2022,646.33,9.86,0.47,-0.11
2022-06-24,batang,巴塘,Batang,3.56,13.51,18.62,9.1,5.701784801555227,1.01,21033652.0,24612632.0,4668.5625,99.05,29.85,2022,645.26,9.53,0.93,-0.19
2022-06-25,batang,巴塘,Batang,1.72,14.15,18.85,9.64,5.420705062175792,1.16,19010982.0,22250444.0,4667.75,99.05,29.85,2022,643.35,8.41,1.13,0.08
2022-06-26,batang,巴塘,Batang,12.13,11.88,17.33,7.0,4.118517474679525,0.65,15652018.0,18323496.0,4720.5938,99.05,29.85,2022,645.07,9.4,0.22,0.18
2022-06-27,batang,巴塘,Batang,5.31,11.62,17.98,5.95,4.653656554387495,0.54,17611044.0,20620624.0,4885.3125,99.05,29.85,2022,646.03,8.49,-0.3,0.08
2022-06-28,batang,巴塘,Batang,10.46,11.87,17.17,8.01,5.460920842931044,0.49,20389108.0,23878428.0,4916.7812,99.05,29.85,2022,645.56,7.78,-0.23,0.05
2022-06-29,batang,巴塘,Batang,20.17,11.55,16.25,7.45,5.040024486392603,0.47,19153970.0,22438064.0,4858.375,99.05,29.85,2022,645.07,8.95,0.19,-0.11
2022-06-30,batang,巴塘,Batang,24.13,8.08,13.27,3.49,2.561373827646118,0.58,10820218.0,12808300.0,4837.0938,99.05,29.85,2022,645.68,6.92,0.01,-0.14
2022-07-01,batang,巴塘,Batang,5.35,9.07,13.4,3.86,3.500534824747377,0.38,13584336.0,16359968.0,4853.8438,99.05,29.85,2022,645.74,5.93,0.31,-0.1
2022-07-02,batang,巴塘,Batang,3.83,11.23,16.7,5.13,5.4542573060612485,0.46,20605334.0,24347260.0,4821.7188,99.05,29.85,2022,645.25,7.74,-0.35,-0.08
2022-07-03,batang,巴塘,Batang,1.42,12.91,18.19,6.79,6.744799457471148,0.59,24449858.0,28709080.0,4747.6562,99.05,29.85,2022,645.0,7.16,-0.32,-0.17
2022-07-04,batang,巴塘,Batang,4.26,13.26,19.5,6.07,6.662803976097053,0.52,23868378.0,27996796.0,4604.0,99.05,29.85,2022,645.68,7.55,-0.4,0.16
2022-07-05,batang,巴塘,Batang,0.05,13.67,19.04,7.07,7.289275977043254,1.22,24942130.0,29256740.0,4417.9062,99.05,29.85,2022,647.94,2.13,-1.22,-0.05
2022-07-06,batang,巴塘,Batang,0.15,14.88,19.92,8.63,7.839042313604593,0.61,26132594.0,30658692.0,4219.9688,99.05,29.85,2022,648.27,2.02,-0.55,-0.03
2022-07-07,batang,巴塘,Batang,0.3,15.81,21.35,9.58,7.873794399230079,0.79,25877214.0,30365748.0,4010.75,99.05,29.85,2022,646.78,5.1,-0.13,-0.26
2022-07-08,batang,巴塘,Batang,0.51,15.2,20.28,8.7,7.415093241742912,0.87,24981334.0,29320408.0,3807.2188,99.05,29.85,2022,645.83,6.37,0.67,-0.3
2022-07-09,batang,巴塘,Batang,0.37,14.63,19.36,9.12,6.2375337325016655,1.18,20921016.0,24560468.0,3629.6719,99.05,29.85,2022,644.88,6.06,1.09,-0.33
2022-07-10,batang,巴塘,Batang,0.45,15.18,19.91,10.21,6.30598575057355,1.49,20961634.0,24613992.0,3478.4219,99.05,29.85,2022,644.69,7.12,1.44,-0.28
2022-07-11,batang,巴塘,Batang,0.29,14.91,19.59,9.52,5.063529096393727,1.4,16228262.0,19059746.0,3358.4688,99.05,29.85,2022,645.06,6.92,1.36,-0.16
2022-07-12,batang,巴塘,Batang,1.17,14.51,18.65,10.19,4.1500564421692285,1.33,13453982.0,15806062.0,3272.8438,99.05,29.85,2022,644.78,8.14,1.28,-0.23
2022-07-13,batang,巴塘,Batang,0.95,14.0,18.15,10.22,4.678280318848811,1.37,16286130.0,19136532.0,3247.7812,99.05,29.85,2022,645.12,8.74,1.31,-0.32
2022-07-14,batang,巴塘,Batang,1.06,15.27,19.95,9.84,6.320199379679504,1.43,20842426.0,24495354.0,3306.0625,99.05,29.85,2022,646.03,6.94,1.38,-0.27
2022-07-15,batang,巴塘,Batang,0.01,16.41,21.72,10.34,7.81400938928352,1.22,25036052.0,29429494.0,3397.7969,99.05,29.85,2022,646.22,5.59,1.17,-0.11
2022-07-16,batang,巴塘,Batang,0.15,16.45,21.87,10.97,7.067259479042377,1.31,22409634.0,26336630.0,3425.1562,99.05,29.85,2022,646.25,6.46,1.27,-0.14
2022-07-17,batang,巴塘,Batang,0.81,16.65,21.73,11.06,6.742738902750408,1.23,21500948.0,25262832.0,3365.1875,99.05,29.85,2022,645.32,7.91,1.19,-0.01
2022-07-18,batang,巴塘,Batang,18.24,15.09,20.7,10.38,5.5835214582362855,0.96,19376552.0,22762304.0,3262.8281,99.05,29.85,2022,643.83,10.57,0.6,0.09
2022-07-19,batang,巴塘,Batang,1.53,12.97,16.17,9.63,3.8623646120963793,0.83,13500362.0,15854122.0,3218.7344,99.05,29.85,2022,645.49,7.72,-0.52,0.21
2022-07-20,batang,巴塘,Batang,0.63,14.32,19.53,9.54,5.926247073634031,1.01,20133794.0,23639292.0,3209.9844,99.05,29.85,2022,646.29,6.46,0.93,-0.28
2022-07-21,batang,巴塘,Batang,10.28,11.6,17.16,6.1,3.753071994153568,1.68,14477350.0,16994080.0,3187.1094,99.05,29.85,2022,647.78,7.85,0.77,0.27
2022-07-22,batang,巴塘,Batang,1.23,10.76,15.04,6.37,3.693994144899183,0.79,13067494.0,15336732.0,3165.2969,99.05,29.85,2022,649.9,2.53,-0.76,0.08
2022-07-23,batang,巴塘,Batang,0.21,13.26,18.23,6.69,6.274178246463338,0.55,21698894.0,25459382.0,3146.7656,99.05,29.85,2022,647.91,2.67,0.22,-0.07
2022-07-24,batang,巴塘,Batang,2.31,12.58,18.64,7.01,6.67430026056005,0.6,24390400.0,28610470.0,3113.6406,99.05,29.85,2022,647.58,6.58,0.48,-0.24
2022-07-25,batang,巴塘,Batang,3.55,13.08,19.08,7.02,6.300175323602301,0.52,22773034.0,26706606.0,3056.7656,99.05,29.85,2022,648.11,8.27,0.35,-0.12
2022-07-26,batang,巴塘,Batang,5.62,12.0,17.36,7.17,5.266983477619463,0.41,19582916.0,22960950.0,2995.6719,99.05,29.85,2022,647.76,8.78,0.22,-0.06
2022-07-27,batang,巴塘,Batang,7.17,12.3,18.57,5.94,5.389738572397292,0.45,19916664.0,23346244.0,2945.3281,99.05,29.85,2022,648.0,8.85,-0.16,0.04
2022-07-28,batang,巴塘,Batang,2.71,12.45,17.99,7.67,6.035651729437968,0.49,22262530.0,26089974.0,2900.625,99.05,29.85,2022,648.55,8.44,0.32,-0.19
2022-07-29,batang,巴塘,Batang,7.76,12.81,18.21,8.61,4.767512835144831,0.84,17484020.0,20483494.0,2847.1094,99.05,29.85,2022,647.23,8.65,0.7,-0.03
2022-07-30,batang,巴塘,Batang,8.94,11.56,16.26,8.65,3.767097570536005,0.65,14540458.0,17031902.0,2797.5469,99.05,29.85,2022,645.8,9.7,0.54,-0.22
2022-07-31,batang,巴塘,Batang,6.72,12.35,17.13,9.39,4.7962866612481,1.06,18659752.0,21851682.0,2777.5469,99.05,29.85,2022,644.64,9.85,1.0,-0.31
2022-08-01,batang,巴塘,Batang,5.96,12.5,17.21,9.08,4.855151214355002,0.63,18221758.0,21334640.0,2776.0469,99.05,29.85,2022,645.06,10.02,0.55,-0.18
2022-08-02,batang,巴塘,Batang,2.05,13.13,18.44,8.9,4.945337441787904,0.98,18126340.0,21216922.0,2762.625,99.05,29.85,2022,646.33,8.92,0.92,-0.31
2022-08-03,batang,巴塘,Batang,0.56,14.33,20.13,9.26,5.369178215795807,0.89,18452050.0,21592660.0,2703.0,99.05,29.85,2022,646.94,7.93,0.78,-0.27
2022-08-04,batang,巴塘,Batang,10.12,13.12,18.85,8.03,5.1920083621450965,0.63,19061532.0,22301326.0,2608.3594,99.05,29.85,2022,647.15,9.97,0.51,-0.03
2022-08-05,batang,巴塘,Batang,3.26,13.3,19.32,7.83,5.4902445343615165,0.58,19899326.0,23276472.0,2530.8594,99.05,29.85,2022,646.82,9.47,0.43,-0.27
2022-08-06,batang,巴塘,Batang,1.24,14.83,19.16,9.29,6.318333535293933,0.74,21408194.0,25034868.0,2460.1562,99.05,29.85,2022,646.21,6.92,0.62,-0.33
2022-08-07,batang,巴塘,Batang,0.87,15.84,21.18,10.36,6.927721640296736,0.74,23127292.0,27038962.0,2379.5625,99.05,29.85,2022,646.77,8.25,0.57,-0.4
2022-08-08,batang,巴塘,Batang,0.25,16.18,21.42,11.21,6.696366567847665,0.75,21918346.0,25619134.0,2291.6875,99.05,29.85,2022,647.06,7.7,0.64,-0.34
2022-08-09,batang,巴塘,Batang,7.47,14.23,20.61,9.3,5.801908662945031,0.65,20486852.0,23940766.0,2197.2031,99.05,29.85,2022,646.45,9.57,0.49,-0.18
2022-08-10,batang,巴塘,Batang,2.41,14.35,19.37,8.69,5.712824734563828,0.76,19880336.0,23226900.0,2122.4219,99.05,29.85,2022,646.83,8.47,0.64,-0.2
2022-08-11,batang,巴塘,Batang,0.46,15.95,20.59,9.29,7.044711323424758,0.71,23030300.0,26900160.0,2043.4219,99.05,29.85,2022,647.02,5.83,0.62,-0.3
2022-08-12,batang,巴塘,Batang,1.13,15.49,21.49,10.68,6.727436810840013,0.89,22762560.0,26581640.0,1955.3438,99.05,29.85,2022,646.33,8.33,0.58,-0.44
2022-08-13,batang,巴塘,Batang,1.31,15.14,21.0,9.32,6.188204939791489,1.14,21038888.0,24562168.0,1880.2812,99.05,29.85,2022,646.23,8.15,1.0,-0.4
2022-08-14,batang,巴塘,Batang,0.72,15.35,20.82,9.8,6.309395966706508,0.99,21182958.0,24725194.0,1825.8125,99.05,29.85,2022,647.4,7.75,0.82,-0.44
2022-08-15,batang,巴塘,Batang,0.96,15.25,20.24,10.05,5.816002696699276,0.94,19467288.0,22716798.0,1783.0781,99.05,29.85,2022,647.71,7.95,0.8,-0.27
2022-08-16,batang,巴塘,Batang,0.68,15.59,20.54,10.16,6.00748626467507,1.16,19862582.0,23167058.0,1746.0781,99.05,29.85,2022,646.66,7.9,1.08,-0.32
2022-08-17,batang,巴塘,Batang,0.23,15.58,20.67,10.65,6.131342625401139,1.22,20274518.0,23634294.0,1708.1562,99.05,29.85,2022,645.74,7.68,1.14,-0.31
2022-08-18,batang,巴塘,Batang,1.88,14.98,20.53,10.26,5.5618452914633965,1.08,19029582.0,22171374.0,1671.9844,99.05,29.85,2022,645.79,8.85,0.97,-0.37
2022-08-19,batang,巴塘,Batang,1.01,14.74,20.37,10.14,5.112215736857546,1.26,17611098.0,20507286.0,1653.2969,99.05,29.85,2022,646.88,9.09,1.17,-0.31
2022-08-20,batang,巴塘,Batang,0.96,14.82,19.42,9.62,5.911475047639607,1.36,20284092.0,23607614.0,1665.9062,99.05,29.85,2022,646.85,7.95,1.31,-0.26
2022-08-21,batang,巴塘,Batang,0.01,16.7,22.1,10.05,6.973379054695889,1.2,21546402.0,25063898.0,1700.0938,99.05,29.85,2022,645.67,4.41,1.15,-0.2
2022-08-22,batang,巴塘,Batang,0.18,16.85,22.35,11.2,7.299836193679674,1.22,23285832.0,27073020.0,1722.1719,99.05,29.85,2022,646.88,6.78,1.1,-0.48
2022-08-23,batang,巴塘,Batang,0.38,16.9,22.86,11.58,7.027665961787409,1.24,22000474.0,25565758.0,1709.5,99.05,29.85,2022,648.69,6.05,1.18,-0.3
2022-08-24,batang,巴塘,Batang,1.31,15.64,21.81,9.8,6.019534790832043,0.98,19925672.0,23142658.0,1674.5625,99.05,29.85,2022,648.22,7.68,0.86,-0.31
2022-08-25,batang,巴塘,Batang,0.32,16.12,21.93,10.14,6.4293383290800845,1.08,21058104.0,24445932.0,1633.8281,99.05,29.85,2022,647.03,7.74,0.87,-0.5
2022-08-26,batang,巴塘,Batang,0.45,16.29,20.84,11.19,6.157305318261916,1.29,19602362.0,22743610.0,1598.1719,99.05,29.85,2022,646.07,7.16,1.19,-0.4
2022-08-27,batang,巴塘,Batang,1.2,15.45,21.11,10.82,5.877143920359851,1.65,19330546.0,22414858.0,1576.8281,99.05,29.85,2022,645.44,7.52,1.62,-0.15
2022-08-28,batang,巴塘,Batang,2.77,14.81,20.18,10.3,4.920296943387786,1.24,16890904.0,19577174.0,1576.3125,99.05,29.85,2022,645.78,9.16,1.2,-0.25
2022-08-29,batang,巴塘,Batang,0.39,14.85,20.69,9.74,4.597480514581638,1.49,14694022.0,17021426.0,1623.125,99.05,29.85,2022,646.82,7.25,1.46,0.02
2022-08-30,batang,巴塘,Batang,3.43,13.99,19.61,9.75,4.473124039336458,1.05,15546830.0,18001040.0,1728.25,99.05,29.85,2022,646.95,8.38,0.97,-0.05
2022-08-31,batang,巴塘,Batang,9.64,13.69,19.12,9.93,4.543913444658553,0.92,16277928.0,18836932.0,1881.3906,99.05,29.85,2022,646.34,9.06,0.89,-0.1
2022-09-01,batang,巴塘,Batang,8.24,12.49,17.0,9.36,3.7224802134253774,1.12,14309138.0,16551520.0,2054.5469,99.05,29.85,2022,645.87,9.77,1.01,-0.46
2022-09-02,batang,巴塘,Batang,5.69,13.41,18.17,9.29,4.203371168309065,1.05,15130954.0,17492170.0,2239.9531,99.05,29.85,2022,644.39,8.87,1.0,-0.28
2022-09-03,batang,巴塘,Batang,11.99,9.99,13.17,8.29,2.245199072076783,0.89,9270148.0,10711638.0,2480.75,99.05,29.85,2022,644.16,8.55,0.25,-0.03
2022-09-04,batang,巴塘,Batang,24.42,7.4,11.68,4.86,1.5641157843383895,1.08,7191338.0,8305174.0,2777.5,99.05,29.85,2022,645.25,6.46,-0.07,0.21
2022-09-05,batang,巴塘,Batang,11.24,6.37,8.8,4.81,0.8674685371675178,0.54,3777538.0,4473184.0,3007.6562,99.05,29.85,2022,647.07,5.64,0.11,-0.02
2022-09-06,batang,巴塘,Batang,11.73,7.98,10.68,6.05,1.4270037611381527,0.79,5994166.0,7012656.0,3068.2812,99.05,29.85,2022,647.87,6.56,0.68,-0.32
2022-09-07,batang,巴塘,Batang,13.56,9.38,12.86,7.38,2.39962741312772,0.85,10085908.0,11686238.0,3030.5938,99.05,29.85,2022,649.09,7.95,0.79,-0.04
2022-09-08,batang,巴塘,Batang,14.98,7.01,8.56,4.99,1.028222629569143,0.58,4524592.0,5223138.0,3000.875,99.05,29.85,2022,650.61,6.21,-0.36,0.33
2022-09-09,batang,巴塘,Batang,8.0,5.61,8.31,4.04,1.5169617654916496,0.49,6826816.0,8003808.0,2998.1719,99.05,29.85,2022,650.63,4.33,0.1,-0.01
2022-09-10,batang,巴塘,Batang,6.01,7.31,12.84,2.78,3.702060241661425,0.41,15980166.0,18542754.0,2941.7656,99.05,29.85,2022,649.15,5.18,-0.18,0.1
2022-09-11,batang,巴塘,Batang,0.84,8.98,14.19,3.69,4.386714408612295,0.59,17690112.0,20411720.0,2860.6719,99.05,29.85,2022,647.27,3.13,-0.31,0.09
2022-09-12,batang,巴塘,Batang,1.08,10.89,16.06,4.42,5.375309559903668,0.66,20738902.0,23863918.0,2748.0938,99.05,29.85,2022,645.95,4.62,0.58,0.03
2022-09-13,batang,巴塘,Batang,1.64,12.0,16.5,7.4,4.34027888441622,1.1,15902018.0,18279436.0,2633.9375,99.05,29.85,2022,645.89,5.8,1.06,-0.14
2022-09-14,batang,巴塘,Batang,9.28,10.26,15.95,5.61,3.7948561572006567,0.47,15180816.0,17440046.0,2543.9062,99.05,29.85,2022,646.15,7.96,0.24,0.08
2022-09-15,batang,巴塘,Batang,1.99,11.51,16.77,6.25,4.279484665136828,0.75,16586044.0,19043770.0,2503.1094,99.05,29.85,2022,644.0,7.88,0.61,-0.12
2022-09-16,batang,巴塘,Batang,0.86,13.11,17.72,8.58,4.187727340098,1.2,14834068.0,17016840.0,2478.7812,99.05,29.85,2022,642.81,7.24,1.14,-0.23
2022-09-17,batang,巴塘,Batang,1.08,13.18,17.58,9.08,4.327861032383225,1.37,15356958.0,17602716.0,2434.2031,99.05,29.85,2022,644.8,7.26,1.32,-0.3
2022-09-18,batang,巴塘,Batang,0.59,13.14,18.13,8.08,4.23239760688615,1.21,14369642.0,16456604.0,2406.0938,99.05,29.85,2022,645.97,5.47,1.13,-0.16
2022-09-19,batang,巴塘,Batang,0.54,13.41,18.78,8.1,4.609493212137702,0.92,16414194.0,18782088.0,2391.7656,99.05,29.85,2022,646.36,7.31,0.79,-0.14
2022-09-20,batang,巴塘,Batang,4.24,11.21,16.81,7.67,3.7508009636661774,0.78,14737580.0,16850650.0,2364.4688,99.05,29.85,2022,646.38,8.02,0.59,0.01
2022-09-21,batang,巴塘,Batang,5.86,10.47,15.03,7.78,2.8550434385553767,0.81,11603740.0,13255972.0,2350.125,99.05,29.85,2022,645.88,8.4,0.69,-0.28
2022-09-22,batang,巴塘,Batang,6.28,10.19,14.31,7.12,3.0877527438722887,1.31,13160510.0,15022304.0,2376.7969,99.05,29.85,2022,644.67,8.06,1.26,-0.34
2022-09-23,batang,巴塘,Batang,7.35,8.79,12.3,6.48,1.9412017697850503,1.07,8164047.5,9310709.0,2495.3594,99.05,29.85,2022,644.66,6.64,1.0,-0.11
2022-09-24,batang,巴塘,Batang,11.62,7.23,9.68,5.63,1.601472127222792,0.51,7133716.0,8175648.0,2701.5469,99.05,29.85,2022,645.63,6.54,0.3,-0.15
2022-09-25,batang,巴塘,Batang,3.83,8.73,13.25,5.92,2.893448812366248,1.11,12539464.0,14319467.0,2922.6719,99.05,29.85,2022,646.25,6.21,1.07,-0.05
2022-09-26,batang,巴塘,Batang,0.9,10.22,15.09,6.03,3.7143395898807,1.53,14761239.0,16808680.0,2965.6016,99.05,29.85,2022,644.47,5.25,1.5,-0.14
2022-09-27,batang,巴塘,Batang,13.96,9.19,15.12,5.75,3.5996512701282524,0.94,15356782.0,17461412.0,2875.2031,99.05,29.85,2022,645.23,6.26,0.43,0.02
2022-09-28,batang,巴塘,Batang,6.88,8.23,12.42,6.01,2.520769705128521,0.71,11073855.0,12672075.0,2840.4297,99.05,29.85,2022,645.21,6.96,0.61,-0.27
2022-09-29,batang,巴塘,Batang,4.62,9.56,14.95,6.09,3.5001842117180213,0.91,14866349.0,16905712.0,2859.6172,99.05,29.85,2022,645.29,7.13,0.84,-0.27
2022-09-30,batang,巴塘,Batang,0.99,10.34,15.62,5.01,4.378147853311302,1.28,17521998.0,19876426.0,2850.1484,99.05,29.85,2022,645.11,4.77,1.24,-0.17
2022-10-01,batang,巴塘,Batang,0.44,10.47,15.33,4.63,4.177907766739883,1.12,15753770.0,17849068.0,2819.4219,99.05,29.85,2022,645.52,2.76,1.03,-0.22
2022-10-02,batang,巴塘,Batang,0.08,11.04,15.75,5.41,4.012503676163031,1.18,14718639.0,16660272.0,2744.4219,99.05,29.85,2022,645.98,3.46,1.14,-0.14
2022-10-03,batang,巴塘,Batang,2.06,11.06,15.84,5.88,4.035830180672634,1.01,15861850.0,17939198.0,2624.0938,99.05,29.85,2022,647.41,6.41,0.98,-0.11
2022-10-04,batang,巴塘,Batang,1.24,11.16,16.27,7.17,3.6322482174568416,1.24,14260162.0,16115059.0,2515.6406,99.05,29.85,2022,647.14,6.9,1.21,-0.19
2022-10-05,batang,巴塘,Batang,1.29,11.12,16.32,6.73,3.52625289356552,1.36,13516878.0,15262669.0,2433.6875,99.05,29.85,2022,645.99,6.18,1.34,-0.15
2022-10-06,batang,巴塘,Batang,1.46,9.98,15.73,6.09,3.3789051906906584,1.42,13850475.0,15626628.0,2411.4766,99.05,29.85,2022,645.79,5.91,1.39,-0.15
2022-10-07,batang,巴塘,Batang,0.66,10.7,15.92,6.08,3.7540189363513945,1.51,14524772.0,16372614.0,2453.5234,99.05,29.85,2022,645.01,5.14,1.49,0.07
2022-10-08,batang,巴塘,Batang,4.61,9.65,15.5,5.98,2.9405842269793285,0.93,12025823.0,13545548.0,2530.289,99.05,29.85,2022,646.09,6.09,0.73,0.15
2022-10-09,batang,巴塘,Batang,2.35,9.31,14.68,6.41,3.2531607750272618,1.47,13874035.0,15614001.0,2652.4766,99.05,29.85,2022,646.71,5.67,1.44,-0.19
2022-10-10,batang,巴塘,Batang,8.67,8.34,13.68,5.93,2.4952153759934057,0.97,10990812.0,12363326.0,2764.8516,99.05,29.85,2022,645.97,6.09,0.91,-0.05
2022-10-11,batang,巴塘,Batang,2.18,7.52,11.82,4.57,2.307719366257212,1.52,10207588.0,11569056.0,2852.0312,99.05,29.85,2022,645.12,4.52,1.46,-0.32
2022-10-12,batang,巴塘,Batang,0.6,9.39,14.79,5.12,3.249872711706084,1.58,12966270.0,14615348.0,2845.4453,99.05,29.85,2022,645.11,4.18,1.55,-0.18
2022-10-13,batang,巴塘,Batang,0.79,10.01,15.07,5.44,3.5013027984876284,1.47,13438358.0,15098372.0,2769.1016,99.05,29.85,2022,645.46,3.82,1.44,-0.1
2022-10-14,batang,巴塘,Batang,0.54,9.25,13.91,5.14,3.290947370404867,1.56,12810154.0,14366036.0,2682.039,99.05,29.85,2022,645.32,3.06,1.55,-0.11
2022-10-15,batang,巴塘,Batang,0.98,9.35,14.37,3.89,4.029950778959158,1.04,15697366.0,17583558.0,2627.8984,99.05,29.85,2022,646.24,0.83,0.75,0.23
2022-10-16,batang,巴塘,Batang,0.55,8.25,13.59,2.67,3.802811603900302,1.07,14636212.0,16412706.0,2592.9219,99.05,29.85,2022,647.79,-2.45,0.99,0.17
2022-10-17,batang,巴塘,Batang,0.11,7.73,12.56,2.31,4.019559046201544,0.97,16068534.0,18000104.0,2520.1484,99.05,29.85,2022,646.69,-3.29,0.91,0.11
2022-10-18,batang,巴塘,Batang,0.69,6.62,12.14,2.11,3.688295058618384,1.69,15192306.0,17026048.0,2403.3047,99.05,29.85,2022,645.13,-2.5,1.61,0.07
2022-10-19,batang,巴塘,Batang,1.6,5.58,11.71,0.85,3.643032454210172,1.65,16287434.0,18453476.0,2281.289,99.05,29.85,2022,644.83,-2.02,1.58,0.14
2022-10-20,batang,巴塘,Batang,0.23,5.6,10.89,0.39,3.585064007540453,1.41,14719764.0,16613236.0,2153.289,99.05,29.85,2022,647.26,-5.52,1.32,0.21
2022-10-21,batang,巴塘,Batang,0.0,6.39,11.68,0.14,4.135980277606032,1.4,17332264.0,19465752.0,2026.3516,99.05,29.85,2022,649.36,-4.41,1.34,-0.29
2022-10-22,batang,巴塘,Batang,0.0,7.19,12.64,1.48,4.391073461858989,1.26,17893132.0,20043908.0,1901.4922,99.05,29.85,2022,649.95,-4.57,1.21,-0.11
2022-10-23,batang,巴塘,Batang,0.28,7.77,12.66,2.18,3.729849160044056,1.26,14724304.0,16474692.0,1785.0703,99.05,29.85,2022,648.0,-1.88,1.19,0.1
2022-10-24,batang,巴塘,Batang,5.72,5.86,10.82,2.5,2.7612246302239782,1.78,12579428.0,14079280.0,1681.5859,99.05,29.85,2022,646.07,0.88,1.74,-0.16
2022-10-25,batang,巴塘,Batang,12.48,3.65,6.89,1.76,1.6930348162815576,1.42,8319426.0,10498952.0,1607.4688,99.05,29.85,2022,644.97,2.24,1.4,-0.07
2022-10-26,batang,巴塘,Batang,3.39,2.13,5.52,-1.8,1.4756789634282668,0.77,5799320.0,9193836.0,1597.7578,99.05,29.85,2022,646.14,1.03,0.76,0.09
2022-10-27,batang,巴塘,Batang,0.69,1.64,7.77,-2.7,2.6669149179720133,0.89,11697694.0,16124092.0,1603.7344,99.05,29.85,2022,646.57,-3.19,0.66,0.55
2022-10-28,batang,巴塘,Batang,0.09,1.43,6.86,-3.75,2.5325647409581302,0.99,12002526.0,15236704.0,1564.9141,99.05,29.85,2022,646.42,-3.89,0.72,0.49
2022-10-29,batang,巴塘,Batang,0.09,1.67,7.59,-3.74,3.007629381807744,0.92,14619290.0,17659820.0,1497.8672,99.05,29.85,2022,647.94,-5.51,0.1,0.73
2022-10-30,batang,巴塘,Batang,0.58,2.41,7.71,-2.67,3.2368363592758485,0.92,15359756.0,18014000.0,1423.2188,99.05,29.85,2022,648.81,-6.72,-0.65,0.56
2022-10-31,batang,巴塘,Batang,0.0,3.27,8.91,-2.14,3.5272091838264577,0.68,16334628.0,18781500.0,1349.1016,99.05,29.85,2022,648.41,-8.05,0.12,0.52
2022-11-01,batang,巴塘,Batang,0.0,3.49,9.34,-1.63,3.2383453580314727,0.94,15260512.0,17315396.0,1279.0625,99.05,29.85,2022,646.34,-5.01,0.73,0.46
2022-11-02,batang,巴塘,Batang,0.0,3.83,9.98,-1.78,3.284386681821833,0.9,15473476.0,17421388.0,1215.8281,99.05,29.85,2022,644.61,-4.42,0.65,0.57
2022-11-03,batang,巴塘,Batang,0.72,3.84,9.09,-0.79,2.889515827436129,1.06,13117872.0,14708136.0,1159.8828,99.05,29.85,2022,645.42,-4.86,0.36,0.66
2022-11-04,batang,巴塘,Batang,0.78,2.01,6.3,-1.92,2.762646916692717,0.88,12873232.0,14738332.0,1111.7656,99.05,29.85,2022,647.79,-8.99,-0.75,0.41
2022-11-05,batang,巴塘,Batang,0.1,2.26,7.46,-1.94,3.3312516835375114,0.71,15743376.0,17860480.0,1069.3438,99.05,29.85,2022,648.12,-12.15,-0.45,0.52
2022-11-06,batang,巴塘,Batang,0.0,2.97,8.53,-2.02,3.661976232545528,0.94,16725336.0,18851296.0,1030.7109,99.05,29.85,2022,645.94,-12.66,0.82,0.36
2022-11-07,batang,巴塘,Batang,0.03,2.46,8.0,-2.57,3.2691288685894824,0.84,15790228.0,17719528.0,996.7344,99.05,29.85,2022,645.64,-8.75,0.36,0.68
2022-11-08,batang,巴塘,Batang,0.0,2.97,8.56,-2.76,3.4094192133774874,0.82,16166586.0,18089296.0,968.02344,99.05,29.85,2022,646.15,-8.84,0.6,0.49
2022-11-09,batang,巴塘,Batang,0.08,4.14,9.87,-1.29,3.4119463048684326,1.1,15689196.0,17523492.0,944.28906,99.05,29.85,2022,645.8,-5.39,0.99,0.43
2022-11-10,batang,巴塘,Batang,0.07,3.52,8.61,-0.32,3.058600284007908,1.39,13545024.0,15117840.0,924.71875,99.05,29.85,2022,644.93,-7.07,1.3,0.42
2022-11-11,batang,巴塘,Batang,0.0,3.65,8.68,-0.77,3.4969976416296022,1.51,15727276.0,17539216.0,908.8594,99.05,29.85,2022,643.97,-7.88,1.46,0.32
2022-11-12,batang,巴塘,Batang,0.01,2.53,7.42,-1.53,3.061066889689439,1.74,14084800.0,15699540.0,896.71875,99.05,29.85,2022,642.89,-8.04,1.62,0.5
2022-11-13,batang,巴塘,Batang,0.03,2.38,7.62,-2.23,2.9795527666481547,1.63,14141232.0,15757668.0,887.91406,99.05,29.85,2022,643.17,-7.24,1.47,0.58
2022-11-14,batang,巴塘,Batang,0.29,2.42,7.27,-1.48,2.7793438952130773,1.26,13083756.0,14645048.0,880.3125,99.05,29.85,2022,643.97,-6.96,1.16,0.35
2022-11-15,batang,巴塘,Batang,0.41,2.24,6.92,-1.52,2.6441241420688155,1.19,12038988.0,13457228.0,872.10156,99.05,29.85,2022,642.84,-8.48,0.91,0.65
2022-11-16,batang,巴塘,Batang,0.29,2.11,6.2,-1.95,2.734934609586944,1.32,12700790.0,14186484.0,863.33594,99.05,29.85,2022,641.49,-8.2,1.29,0.27
2022-11-17,batang,巴塘,Batang,0.03,1.47,6.53,-2.7,2.8561332601560294,1.42,13493328.0,15070292.0,854.8672,99.05,29.85,2022,641.78,-10.07,1.25,0.57
2022-11-18,batang,巴塘,Batang,0.01,2.26,6.99,-2.14,2.9949404193099936,0.78,14143518.0,15781676.0,847.0625,99.05,29.85,2022,644.89,-10.91,0.59,0.42
2022-11-19,batang,巴塘,Batang,0.0,2.89,7.89,-1.54,3.2767186308219647,0.94,15110914.0,16847348.0,839.8047,99.05,29.85,2022,645.14,-10.48,0.85,0.21
2022-11-20,batang,巴塘,Batang,0.0,3.45,8.9,-1.34,3.3410435670911363,1.4,14971598.0,16683484.0,832.78906,99.05,29.85,2022,641.56,-8.29,1.38,0.16
2022-11-21,batang,巴塘,Batang,0.0,2.85,8.17,-1.7,3.079528313931648,0.76,14622886.0,16290040.0,826.1328,99.05,29.85,2022,642.51,-8.23,0.67,0.32
2022-11-22,batang,巴塘,Batang,0.0,3.27,8.34,-1.3,3.094031991079888,1.18,14203974.0,15820580.0,820.0078,99.05,29.85,2022,642.31,-7.16,1.15,0.03
2022-11-23,batang,巴塘,Batang,0.02,2.96,7.49,-1.39,2.6917533273863383,0.93,12245484.0,13638760.0,814.3281,99.05,29.85,2022,643.0,-7.62,0.84,0.32
2022-11-24,batang,巴塘,Batang,1.98,0.89,7.09,-3.46,2.2307978795827093,1.12,11244074.0,12539656.0,809.0156,99.05,29.85,2022,645.82,-6.9,-0.09,0.65
2022-11-25,batang,巴塘,Batang,0.0,1.16,6.27,-3.6,2.911000717256319,0.48,14259692.0,16388740.0,804.0781,99.05,29.85,2022,646.65,-13.01,0.19,0.19
2022-11-26,batang,巴塘,Batang,0.06,2.45,7.98,-2.17,3.025595551513115,1.0,13632352.0,15505156.0,798.5781,99.05,29.85,2022,642.27,-10.73,0.91,0.32
2022-11-27,batang,巴塘,Batang,0.0,2.43,7.85,-1.82,3.060198944859005,1.28,14197036.0,16028440.0,792.97656,99.05,29.85,2022,640.13,-8.54,1.26,0.08
2022-11-28,batang,巴塘,Batang,0.0,1.99,7.38,-2.16,2.8962743305126155,1.06,14040712.0,15771752.0,787.3672,99.05,29.85,2022,641.99,-7.93,1.03,0.1
2022-11-29,batang,巴塘,Batang,0.01,2.13,7.31,-2.31,2.8038323535018224,1.11,13441978.0,15055428.0,781.83594,99.05,29.85,2022,643.46,-7.56,1.1,0.11
2022-11-30,batang,巴塘,Batang,0.01,2.61,8.25,-1.95,2.8697399331787707,1.3,13519444.0,15112888.0,776.46875,99.05,29.85,2022,642.79,-6.72,1.28,0.15
2022-12-01,batang,巴塘,Batang,1.22,1.41,6.72,-2.36,2.430270289905309,1.02,11693190.0,13151424.0,771.28125,99.05,29.85,2022,642.86,-8.02,0.79,0.41
2022-12-02,batang,巴塘,Batang,0.04,1.32,6.31,-2.49,2.5342168797216345,1.13,12341188.0,13922236.0,766.21875,99.05,29.85,2022,642.88,-7.89,1.12,-0.01
2022-12-03,batang,巴塘,Batang,0.0,2.01,7.43,-2.6,2.8204057057831298,1.3,13724702.0,15418172.0,761.2031,99.05,29.85,2022,641.64,-6.9,1.29,-0.1
2022-12-04,batang,巴塘,Batang,0.56,1.27,6.74,-2.38,2.1947799301026105,0.76,10641932.0,11936116.0,756.2969,99.05,29.85,2022,643.13,-8.07,0.62,0.2
2022-12-05,batang,巴塘,Batang,0.01,2.01,7.07,-2.58,2.835673620419574,1.18,13530496.0,15154744.0,751.5156,99.05,29.85,2022,642.54,-8.18,1.15,0.08
2022-12-06,batang,巴塘,Batang,0.39,1.37,6.59,-2.49,2.4713870144085432,0.95,11841638.0,13259376.0,747.08594,99.05,29.85,2022,641.53,-9.1,0.89,0.21
2022-12-07,batang,巴塘,Batang,0.01,1.63,6.97,-2.63,2.746320088712884,0.99,12952278.0,14491112.0,742.39844,99.05,29.85,2022,641.66,-10.58,0.93,0.19
2022-12-08,batang,巴塘,Batang,0.08,1.52,6.98,-2.66,2.754112838572244,0.95,13235022.0,14789312.0,737.3828,99.05,29.85,2022,642.38,-10.24,0.89,0.14
2022-12-09,batang,巴塘,Batang,0.0,1.46,6.77,-2.81,2.7762542228539684,1.0,13642682.0,15231516.0,732.34375,99.05,29.85,2022,641.86,-9.11,0.98,0.08
2022-12-10,batang,巴塘,Batang,0.0,2.01,7.45,-2.57,2.786989128147376,1.03,13532352.0,15098840.0,727.3594,99.05,29.85,2022,641.7,-7.67,1.01,0.16
2022-12-11,batang,巴塘,Batang,0.0,2.78,8.97,-2.25,3.0494343055122126,0.96,13525544.0,15084136.0,722.4531,99.05,29.85,2022,642.03,-12.28,0.71,0.46
2022-12-12,batang,巴塘,Batang,0.0,3.2,9.1,-2.23,3.0033369687602534,1.07,13546500.0,15102676.0,717.60156,99.05,29.85,2022,641.52,-8.22,1.03,0.15
2022-12-13,batang,巴塘,Batang,0.0,2.4,8.03,-2.0,2.7309762091149543,1.16,13312014.0,14837972.0,712.8203,99.05,29.85,2022,641.05,-5.75,1.14,0.01
2022-12-14,batang,巴塘,Batang,0.02,2.09,7.32,-2.63,2.540336833054656,1.29,11840996.0,13197952.0,708.1328,99.05,29.85,2022,640.48,-7.26,1.24,0.18
2022-12-15,batang,巴塘,Batang,0.24,1.29,6.75,-3.43,2.3311058316972604,1.13,10922718.0,12193648.0,703.6406,99.05,29.85,2022,639.19,-8.84,0.98,0.43
2022-12-16,batang,巴塘,Batang,1.6,0.67,6.63,-2.45,2.1775135085405024,0.91,10620164.0,12009684.0,699.14844,99.05,29.85,2022,641.51,-8.67,0.09,0.36
2022-12-17,batang,巴塘,Batang,6.09,-1.48,2.14,-4.94,1.3019605006867978,0.65,6844970.0,7992068.0,694.89844,99.05,29.85,2022,643.39,-7.15,0.07,0.23
2022-12-18,batang,巴塘,Batang,1.08,-3.93,1.5,-8.82,1.844495995719373,0.69,8702972.0,13412668.0,691.3125,99.05,29.85,2022,642.09,-10.5,0.26,0.09
2022-12-19,batang,巴塘,Batang,1.1,-3.19,1.92,-8.42,2.019039748524691,0.89,9190718.0,13893300.0,686.5781,99.05,29.85,2022,639.24,-11.29,0.84,0.05
2022-12-20,batang,巴塘,Batang,1.46,-3.36,1.62,-9.11,1.6874642901225192,0.45,7533504.0,11682624.0,681.6094,99.05,29.85,2022,640.7,-10.66,0.04,-0.01
2022-12-21,batang,巴塘,Batang,0.08,-3.27,2.89,-9.64,1.8895733031045936,0.98,8479182.0,13263604.0,676.8203,99.05,29.85,2022,639.63,-10.01,0.86,-0.27
2022-12-22,batang,巴塘,Batang,0.3,-3.24,2.06,-7.57,1.7092134541041104,0.91,8074726.0,12160308.0,672.1094,99.05,29.85,2022,639.26,-8.65,0.79,-0.27
2022-12-23,batang,巴塘,Batang,0.11,-2.78,3.4,-8.25,1.8337873964702232,0.67,8429878.0,12357976.0,667.52344,99.05,29.85,2022,641.21,-10.12,0.56,-0.15
2022-12-24,batang,巴塘,Batang,0.0,-3.02,2.69,-9.59,2.0939245389041026,1.55,10640144.0,14967072.0,662.9531,99.05,29.85,2022,638.82,-9.71,1.53,-0.15
2022-12-25,batang,巴塘,Batang,0.4,-3.32,2.19,-8.22,1.958819008634208,1.61,10096502.0,13874896.0,658.35156,99.05,29.85,2022,638.95,-10.2,1.51,0.22
2022-12-26,batang,巴塘,Batang,0.44,-3.71,1.71,-7.29,1.8042395769965824,1.55,9044792.0,12461116.0,653.89844,99.05,29.85,2022,639.23,-11.12,1.42,0.21
2022-12-27,batang,巴塘,Batang,0.52,-5.28,-0.69,-9.89,1.465613876261035,1.18,7775602.0,10737272.0,649.5625,99.05,29.85,2022,638.49,-12.27,1.15,-0.06
2022-12-28,batang,巴塘,Batang,3.95,-5.87,-2.17,-9.73,1.4497129093305643,0.76,8255742.0,11636088.0,645.3047,99.05,29.85,2022,640.09,-11.17,0.59,0.19
2022-12-29,batang,巴塘,Batang,1.01,-7.79,-2.66,-14.33,1.2680174370406958,0.61,5925244.0,11021248.0,641.21875,99.05,29.85,2022,642.41,-13.55,0.45,-0.27
2022-12-30,batang,巴塘,Batang,0.01,-8.06,-1.38,-15.35,1.6459064760412725,1.13,8522058.0,15181688.0,637.0703,99.05,29.85,2022,642.19,-14.57,1.0,-0.41
2022-12-31,batang,巴塘,Batang,0.25,-7.17,-1.35,-15.51,1.5045610718345457,1.25,7791072.0,13347692.0,632.83594,99.05,29.85,2022,640.77,-12.55,1.17,-0.31
2023-01-01,batang,巴塘,Batang,0.22,-6.77,-0.38,-13.57,1.5832147457341692,1.22,7952728.0,13414600.0,628.5625,99.05,29.85,2023,642.2,-13.07,1.11,-0.31
2023-01-02,batang,巴塘,Batang,0.47,-6.62,-0.28,-13.68,1.5428719670308857,1.19,7916096.0,13076036.0,624.27344,99.05,29.85,2023,642.7,-12.4,1.09,-0.29
2023-01-03,batang,巴塘,Batang,0.25,-6.36,-0.74,-11.62,1.5820720581121888,1.27,8037416.0,13235740.0,620.0156,99.05,29.85,2023,642.38,-12.27,1.23,-0.17
2023-01-04,batang,巴塘,Batang,0.03,-5.47,0.96,-11.77,1.7925275227527373,1.36,9119692.0,14563488.0,615.8125,99.05,29.85,2023,642.71,-11.57,1.32,-0.19
2023-01-05,batang,巴塘,Batang,1.41,-5.45,0.89,-12.35,1.759693559650575,0.73,9193390.0,14157068.0,611.66406,99.05,29.85,2023,648.39,-10.78,-0.62,0.11
2023-01-06,batang,巴塘,Batang,0.06,-8.45,-2.63,-13.89,1.5216732228838052,0.61,8410794.0,13629776.0,607.5078,99.05,29.85,2023,649.4,-16.37,-0.58,-0.2
2023-01-07,batang,巴塘,Batang,0.0,-9.52,-2.34,-16.16,1.7439782366076282,0.66,10471680.0,16518160.0,603.4297,99.05,29.85,2023,646.48,-20.12,-0.57,-0.28
2023-01-08,batang,巴塘,Batang,0.0,-9.35,-1.24,-16.74,1.8219080609309728,0.58,10958764.0,16830508.0,599.40625,99.05,29.85,2023,646.48,-22.56,-0.48,-0.28
2023-01-09,batang,巴塘,Batang,0.0,-7.72,0.92,-15.91,1.9778199367307068,0.55,11227652.0,16754248.0,595.40625,99.05,29.85,2023,646.7,-21.02,-0.43,-0.33
2023-01-10,batang,巴塘,Batang,0.0,-6.07,2.01,-14.99,2.1910037221483245,0.71,11622016.0,16777832.0,591.3906,99.05,29.85,2023,642.7,-21.06,0.44,-0.45
2023-01-11,batang,巴塘,Batang,0.08,-5.16,1.66,-13.14,2.0641970667116523,0.44,10997460.0,15403536.0,587.3906,99.05,29.85,2023,640.07,-17.34,0.17,-0.02
2023-01-12,batang,巴塘,Batang,0.16,-5.23,1.47,-12.46,2.130608838858655,1.29,12134032.0,16604456.0,583.3906,99.05,29.85,2023,637.32,-13.85,1.23,-0.2
2023-01-13,batang,巴塘,Batang,0.37,-3.78,1.96,-8.5,1.9765382660924613,1.34,10571840.0,14373572.0,579.4375,99.05,29.85,2023,636.88,-10.79,1.3,-0.02
2023-01-14,batang,巴塘,Batang,0.38,-3.88,2.4,-8.23,1.7968588100306218,1.57,10153304.0,13685612.0,575.53125,99.05,29.85,2023,635.68,-9.22,1.54,-0.21
2023-01-15,batang,巴塘,Batang,0.33,-3.55,2.92,-7.48,1.903599787958532,1.63,10471502.0,13983512.0,571.6406,99.05,29.85,2023,635.39,-9.68,1.59,0.02
2023-01-16,batang,巴塘,Batang,0.41,-3.85,2.45,-8.19,1.924257299109835,1.78,10621892.0,14064820.0,567.7969,99.05,29.85,2023,635.83,-10.7,1.6,0.42
2023-01-17,batang,巴塘,Batang,0.4,-5.13,1.04,-9.92,1.7950888750161786,1.87,10677812.0,14088180.0,564.0469,99.05,29.85,2023,636.55,-11.83,1.72,0.37
2023-01-18,batang,巴塘,Batang,0.14,-6.52,-0.91,-11.95,1.8454561690392848,1.79,11249132.0,14813336.0,560.3281,99.05,29.85,2023,638.6,-15.52,1.47,0.72
2023-01-19,batang,巴塘,Batang,0.14,-6.52,0.2,-12.3,1.8377607711369168,1.34,12129854.0,15767952.0,556.6406,99.05,29.85,2023,639.32,-13.23,1.28,-0.24
2023-01-20,batang,巴塘,Batang,0.09,-5.63,1.3,-10.46,1.9363082273161043,1.45,12285082.0,15826908.0,552.9531,99.05,29.85,2023,638.81,-12.59,1.4,-0.05
2023-01-21,batang,巴塘,Batang,0.13,-5.48,1.88,-10.85,1.8782195500491967,1.59,12370136.0,15722720.0,549.15625,99.05,29.85,2023,637.67,-11.36,1.54,-0.05
2023-01-22,batang,巴塘,Batang,0.14,-4.66,2.29,-9.2,1.925438979748317,1.64,12543104.0,15810684.0,545.3594,99.05,29.85,2023,638.44,-9.9,1.63,-0.05
2023-01-23,batang,巴塘,Batang,0.07,-3.1,4.2,-9.4,2.018698911361101,1.22,11302160.0,14073952.0,541.65625,99.05,29.85,2023,640.31,-10.3,1.17,-0.25
2023-01-24,batang,巴塘,Batang,0.01,-2.38,5.01,-9.65,2.4048773210426466,1.47,13758180.0,16829128.0,538.0,99.05,29.85,2023,641.25,-9.7,1.45,-0.08
2023-01-25,batang,巴塘,Batang,0.0,-2.11,5.17,-9.19,2.573301016372884,1.27,14661008.0,17587484.0,534.3125,99.05,29.85,2023,640.94,-10.27,1.25,-0.12
2023-01-26,batang,巴塘,Batang,0.0,-0.83,6.39,-8.41,2.7069190398968,1.12,14666008.0,17291560.0,531.0156,99.05,29.85,2023,641.26,-9.28,1.1,-0.11
2023-01-27,batang,巴塘,Batang,0.09,-0.69,5.29,-6.36,2.300417172316219,1.33,12667868.0,14734796.0,528.7031,99.05,29.85,2023,640.86,-7.21,1.3,-0.17
2023-01-28,batang,巴塘,Batang,0.1,-0.14,6.07,-4.93,2.3858113966094576,0.82,12457866.0,14417040.0,527.71875,99.05,29.85,2023,642.49,-8.37,0.73,0.13
2023-01-29,batang,巴塘,Batang,0.0,1.3,7.47,-5.38,3.213435550055304,0.7,15862654.0,18158020.0,527.34375,99.05,29.85,2023,645.14,-11.51,0.58,-0.11
2023-01-30,batang,巴塘,Batang,0.0,2.36,9.48,-4.16,3.3375585102054703,0.93,15854546.0,17999480.0,526.21875,99.05,29.85,2023,644.8,-9.68,0.89,-0.1
2023-01-31,batang,巴塘,Batang,0.0,3.71,10.3,-3.19,3.5515934474606228,1.29,15929542.0,17983456.0,525.53125,99.05,29.85,2023,641.37,-7.99,1.28,-0.0
2023-02-01,batang,巴塘,Batang,0.12,2.62,9.29,-2.29,3.1516367701760664,1.7,14613206.0,16445932.0,526.625,99.05,29.85,2023,640.16,-7.67,1.57,0.51
2023-02-02,batang,巴塘,Batang,4.63,-1.65,1.74,-5.86,1.42378439497394,0.56,7929728.0,9217240.0,528.53125,99.05,29.85,2023,642.92,-6.44,-0.1,0.21
2023-02-03,batang,巴塘,Batang,0.02,-0.41,5.75,-6.32,3.2022280651770574,1.36,14250924.0,18655956.0,530.2969,99.05,29.85,2023,641.09,-15.47,1.28,0.2
2023-02-04,batang,巴塘,Batang,0.48,-0.65,4.97,-5.28,2.802583967396532,1.15,13274626.0,16657512.0,528.875,99.05,29.85,2023,639.3,-13.03,1.04,0.21
2023-02-05,batang,巴塘,Batang,0.71,-0.82,4.55,-5.61,2.8049142239212634,1.27,13900162.0,17188200.0,523.6094,99.05,29.85,2023,638.81,-11.76,1.24,0.08
2023-02-06,batang,巴塘,Batang,0.44,-0.76,5.15,-5.68,2.551329100653553,1.5,12819644.0,15736016.0,515.4375,99.05,29.85,2023,637.48,-9.69,1.44,-0.12
2023-02-07,batang,巴塘,Batang,1.43,-1.49,4.81,-5.95,2.500689184603276,1.99,12914330.0,16134562.0,506.54688,99.05,29.85,2023,636.11,-10.07,1.88,0.17
2023-02-08,batang,巴塘,Batang,1.86,-1.82,3.02,-6.87,2.4393753117371224,1.23,12101640.0,15555868.0,498.90625,99.05,29.85,2023,637.79,-11.66,1.08,0.26
2023-02-09,batang,巴塘,Batang,0.71,-2.34,3.19,-7.32,2.4549738875513505,1.66,12402976.0,16355012.0,492.92188,99.05,29.85,2023,638.25,-11.52,1.62,0.17
2023-02-10,batang,巴塘,Batang,0.51,-1.49,4.91,-6.45,2.650286955425101,1.61,13333512.0,17485930.0,488.0,99.05,29.85,2023,637.58,-10.06,1.55,0.11
2023-02-11,batang,巴塘,Batang,0.23,-1.07,6.07,-5.31,2.5278347235865777,1.82,13056262.0,16809388.0,483.71875,99.05,29.85,2023,636.61,-8.18,1.8,0.04
2023-02-12,batang,巴塘,Batang,0.35,-0.77,6.66,-5.19,2.558891932124757,2.08,13497358.0,17004690.0,479.67188,99.05,29.85,2023,636.32,-7.66,2.05,-0.02
2023-02-13,batang,巴塘,Batang,2.85,-0.74,5.35,-6.13,2.609891761340948,1.66,13378240.0,16659572.0,475.9375,99.05,29.85,2023,639.38,-8.71,1.23,0.64
2023-02-14,batang,巴塘,Batang,0.02,-1.15,4.8,-6.52,3.2168470089606984,1.44,15221490.0,20310972.0,472.84375,99.05,29.85,2023,641.82,-13.81,1.42,0.01
2023-02-15,batang,巴塘,Batang,1.18,-0.11,5.12,-5.74,3.07251445083864,1.12,14562486.0,18647234.0,469.76562,99.05,29.85,2023,642.7,-10.96,1.06,0.12
2023-02-16,batang,巴塘,Batang,1.17,-1.33,4.06,-6.67,2.743261458704632,0.66,13941068.0,18356610.0,466.90625,99.05,29.85,2023,644.61,-7.91,0.59,0.15
2023-02-17,batang,巴塘,Batang,0.03,-0.71,5.7,-6.88,3.0627153686757302,0.99,15047668.0,19168600.0,463.79688,99.05,29.85,2023,644.06,-11.74,0.94,0.18
2023-02-18,batang,巴塘,Batang,0.12,0.38,6.67,-5.5,3.3244601322849023,0.56,15984872.0,19618262.0,460.01562,99.05,29.85,2023,644.76,-14.19,-0.2,0.13
2023-02-19,batang,巴塘,Batang,0.08,1.7,7.83,-3.78,3.4992482493900843,1.44,15887312.0,18970248.0,456.07812,99.05,29.85,2023,642.14,-11.71,1.39,0.02
2023-02-20,batang,巴塘,Batang,0.51,1.55,8.18,-3.18,2.932146637260977,1.21,14460966.0,16992296.0,452.46875,99.05,29.85,2023,641.21,-6.44,1.16,0.23
2023-02-21,batang,巴塘,Batang,0.91,2.05,8.13,-3.23,2.9614703250184413,1.45,14326942.0,16780302.0,449.17188,99.05,29.85,2023,640.52,-5.87,1.37,0.25
2023-02-22,batang,巴塘,Batang,1.18,1.49,7.68,-2.78,2.86435790463022,1.72,15031540.0,17625294.0,446.71875,99.05,29.85,2023,638.79,-4.6,1.69,0.17
2023-02-23,batang,巴塘,Batang,2.39,-0.1,5.78,-3.64,2.4689108080657123,1.1,12732862.0,15565716.0,445.90625,99.05,29.85,2023,640.95,-6.51,1.05,0.25
2023-02-24,batang,巴塘,Batang,5.95,-0.86,4.98,-4.57,2.4259950148578184,0.94,13042058.0,16356376.0,448.07812,99.05,29.85,2023,643.47,-5.69,0.4,0.49
2023-02-25,batang,巴塘,Batang,1.42,-2.97,2.22,-7.79,2.6237903787276835,0.57,12154868.0,19153168.0,451.78125,99.05,29.85,2023,646.67,-8.07,-0.2,-0.17
2023-02-26,batang,巴塘,Batang,1.01,-2.23,2.69,-7.89,2.59984018305978,1.29,11518570.0,18142484.0,451.71875,99.05,29.85,2023,645.59,-9.91,1.21,0.07
2023-02-27,batang,巴塘,Batang,0.44,-2.34,2.48,-6.48,2.852934309239838,1.24,12567270.0,19508318.0,447.6875,99.05,29.85,2023,643.55,-12.44,1.1,0.34
2023-02-28,batang,巴塘,Batang,0.66,-2.94,2.2,-7.05,2.680487946220389,1.15,13088454.0,19562254.0,441.5625,99.05,29.85,2023,643.94,-10.48,1.09,0.24
2023-03-01,batang,巴塘,Batang,0.63,-2.42,3.37,-7.57,3.125297951302188,1.08,15084658.0,21938606.0,435.125,99.05,29.85,2023,645.33,-12.22,1.05,-0.03
2023-03-02,batang,巴塘,Batang,2.18,-3.28,3.49,-10.45,2.4288577301875875,0.85,13153220.0,18473992.0,429.28125,99.05,29.85,2023,646.1,-7.85,0.29,0.09
2023-03-03,batang,巴塘,Batang,0.66,-3.91,2.81,-10.77,2.861015813258522,0.5,15025270.0,21949650.0,424.25,99.05,29.85,2023,647.23,-8.42,-0.13,-0.39
2023-03-04,batang,巴塘,Batang,0.37,-1.67,5.14,-10.39,3.185995091272284,0.71,15914360.0,21957858.0,419.78125,99.05,29.85,2023,646.66,-8.66,0.55,-0.18
2023-03-05,batang,巴塘,Batang,0.14,-0.2,6.8,-7.37,3.278526075850304,0.88,16259474.0,20984470.0,415.71875,99.05,29.85,2023,644.81,-8.39,0.84,-0.08
2023-03-06,batang,巴塘,Batang,0.67,0.88,6.74,-5.45,3.263736431346243,0.82,16223009.0,20036844.0,412.0,99.05,29.85,2023,643.62,-6.38,0.79,-0.09
2023-03-07,batang,巴塘,Batang,8.09,-0.4,6.53,-8.42,2.780083642560092,0.7,15111479.0,18533406.0,409.0,99.05,29.85,2023,645.12,-4.45,0.12,0.12
2023-03-08,batang,巴塘,Batang,0.94,-2.06,4.04,-8.84,2.7485006473072087,0.6,11742298.0,19630064.0,406.96875,99.05,29.85,2023,647.14,-5.89,-0.29,-0.29
2023-03-09,batang,巴塘,Batang,0.84,0.48,6.89,-5.44,3.4694373191561327,1.44,14030542.0,21504764.0,403.65625,99.05,29.85,2023,643.94,-9.12,1.24,0.5
2023-03-10,batang,巴塘,Batang,3.11,-0.57,6.52,-7.07,3.2746674151227926,0.54,15408682.0,21489076.0,400.1875,99.05,29.85,2023,645.03,-6.4,0.24,0.2
2023-03-11,batang,巴塘,Batang,1.21,-0.67,4.35,-7.93,3.1346883038616844,0.52,13934183.0,20744224.0,397.25,99.05,29.85,2023,646.88,-5.63,-0.44,0.08
2023-03-12,batang,巴塘,Batang,4.15,-2.59,1.85,-8.88,2.128302046334509,0.86,10066010.0,15779023.0,394.09375,99.05,29.85,2023,647.77,-6.14,-0.79,0.3
2023-03-13,batang,巴塘,Batang,0.07,-4.34,1.75,-10.29,3.0600946868962016,0.61,13941495.0,23292110.0,390.9375,99.05,29.85,2023,645.41,-14.11,-0.58,0.19
2023-03-14,batang,巴塘,Batang,0.01,-1.93,4.08,-10.52,3.8517676765105793,0.61,17230610.0,26297172.0,387.53125,99.05,29.85,2023,642.11,-13.38,0.51,-0.12
2023-03-15,batang,巴塘,Batang,0.49,-0.07,5.43,-5.35,3.252851329613538,1.4,15239448.0,21323682.0,384.15625,99.05,29.85,2023,640.55,-7.58,1.34,0.17
2023-03-16,batang,巴塘,Batang,0.48,-0.61,5.45,-6.08,3.287913409550016,0.9,16177875.0,21492926.0,381.28125,99.05,29.85,2023,642.97,-8.82,0.71,0.37
2023-03-17,batang,巴塘,Batang,0.28,0.84,7.29,-6.19,3.722234253634898,1.34,17948098.0,22786042.0,378.8125,99.05,29.85,2023,641.83,-9.24,1.21,0.33
2023-03-18,batang,巴塘,Batang,0.59,1.23,7.24,-4.38,3.472950550429672,1.15,17355100.0,21275428.0,377.3125,99.05,29.85,2023,641.1,-6.48,1.12,0.21
2023-03-19,batang,巴塘,Batang,0.78,2.84,8.4,-3.41,3.6730568307939713,1.42,17235390.0,20622260.0,376.5625,99.05,29.85,2023,639.91,-6.17,1.37,0.27
2023-03-20,batang,巴塘,Batang,1.76,1.97,7.59,-1.95,2.8496376884524945,1.09,14599863.0,17257628.0,376.90625,99.05,29.85,2023,638.77,-2.95,1.07,0.08
2023-03-21,batang,巴塘,Batang,0.97,2.15,7.23,-2.93,3.049081854458799,1.46,14554982.0,17318286.0,377.46875,99.05,29.85,2023,637.62,-5.79,1.36,0.38
2023-03-22,batang,巴塘,Batang,1.2,1.79,7.79,-3.37,3.591159678857144,1.54,18381838.0,21751110.0,376.5625,99.05,29.85,2023,636.45,-6.08,1.49,0.25
2023-03-23,batang,巴塘,Batang,1.0,1.84,7.31,-3.25,3.723983468869608,1.0,18631066.0,21991554.0,374.0,99.05,29.85,2023,637.74,-6.79,0.85,0.47
2023-03-24,batang,巴塘,Batang,0.55,1.52,7.1,-3.49,3.8066896955728966,0.93,19607038.0,22952926.0,371.21875,99.05,29.85,2023,640.4,-6.74,0.81,0.13
2023-03-25,batang,巴塘,Batang,0.49,3.05,8.52,-3.73,4.257557880471959,1.04,20133512.0,23305594.0,368.125,99.05,29.85,2023,640.7,-9.16,0.65,0.35
2023-03-26,batang,巴塘,Batang,1.57,2.93,8.01,-2.18,3.719973016982234,1.35,18525750.0,21331590.0,364.28125,99.05,29.85,2023,638.81,-4.91,1.27,0.23
2023-03-27,batang,巴塘,Batang,2.38,2.6,8.25,-2.1,3.631039803574119,1.89,18975792.0,22179388.0,361.21875,99.05,29.85,2023,638.86,-3.95,1.81,0.24
2023-03-28,batang,巴塘,Batang,2.15,1.81,6.88,-3.79,3.925011145191029,1.77,18848840.0,22841614.0,360.40625,99.05,29.85,2023,640.31,-9.25,1.5,0.66
2023-03-29,batang,巴塘,Batang,0.95,1.46,7.61,-4.28,4.00933898827616,1.03,20587712.0,24441482.0,360.34375,99.05,29.85,2023,640.94,-7.07,0.88,0.3
2023-03-30,batang,巴塘,Batang,7.51,1.66,8.01,-3.72,3.8755532207958288,0.74,19905876.0,23462566.0,359.96875,99.05,29.85,2023,640.21,-5.1,0.23,0.32
2023-03-31,batang,巴塘,Batang,0.41,1.15,6.17,-3.93,4.253080138228655,0.81,17812628.0,26072012.0,360.8125,99.05,29.85,2023,641.66,-7.97,-0.15,0.06
2023-04-01,batang,巴塘,Batang,0.68,3.08,9.48,-3.7,4.199819022112252,1.63,18959712.0,24552546.0,357.78125,99.05,29.85,2023,638.07,-5.19,1.57,0.18
2023-04-02,batang,巴塘,Batang,2.05,2.46,9.01,-2.46,3.852722542654869,1.66,18435588.0,23101074.0,353.15625,99.05,29.85,2023,635.91,-5.24,1.57,0.36
2023-04-03,batang,巴塘,Batang,1.16,1.98,8.04,-2.79,4.028369526857305,1.25,19955922.0,24388988.0,349.90625,99.05,29.85,2023,637.63,-6.04,1.15,0.47
2023-04-04,batang,巴塘,Batang,0.16,3.39,9.41,-2.44,4.544873366231111,1.55,21541856.0,25724864.0,347.46875,99.05,29.85,2023,638.6,-6.63,1.46,0.33
2023-04-05,batang,巴塘,Batang,1.43,3.73,9.76,-1.85,4.001993628535374,1.75,19155716.0,22586992.0,346.40625,99.05,29.85,2023,639.17,-4.29,1.58,0.48
2023-04-06,batang,巴塘,Batang,0.81,4.51,10.91,-1.58,4.483780747962497,1.82,19932240.0,23423028.0,347.71875,99.05,29.85,2023,641.35,-6.71,1.48,0.82
2023-04-07,batang,巴塘,Batang,1.14,4.92,11.52,-1.16,4.482492871870708,1.3,20123506.0,23332450.0,349.25,99.05,29.85,2023,643.51,-5.29,1.05,0.54
2023-04-08,batang,巴塘,Batang,2.4,5.24,10.83,-0.33,4.663406972678379,1.28,21042308.0,24236432.0,348.875,99.05,29.85,2023,644.76,-4.66,1.13,0.43
2023-04-09,batang,巴塘,Batang,7.42,4.47,10.23,-0.2,4.140638224609432,0.97,19795330.0,22785140.0,350.4375,99.05,29.85,2023,644.04,-1.96,0.26,0.4
2023-04-10,batang,巴塘,Batang,7.08,4.12,10.43,-0.58,4.17137679066174,1.1,17596208.0,23463348.0,358.3125,99.05,29.85,2023,643.27,-2.33,0.51,0.52
2023-04-11,batang,巴塘,Batang,2.48,2.4,9.63,-4.3,4.372171282806598,0.32,17243950.0,25418246.0,370.28125,99.05,29.85,2023,644.59,-2.31,0.15,-0.03
2023-04-12,batang,巴塘,Batang,0.42,4.89,11.11,-3.41,4.812413759713643,0.59,19019020.0,25333290.0,378.5625,99.05,29.85,2023,643.53,-4.24,0.47,0.11
2023-04-13,batang,巴塘,Batang,2.25,4.18,11.52,-1.47,4.6259941562324265,0.63,21062714.0,25780986.0,381.6875,99.05,29.85,2023,644.54,-1.15,0.09,0.26
2023-04-14,batang,巴塘,Batang,0.17,5.8,11.03,-0.84,4.550483471341582,1.1,18110296.0,21499682.0,384.53125,99.05,29.85,2023,647.34,-9.64,-0.98,0.41
2023-04-15,batang,巴塘,Batang,0.01,6.11,12.0,0.04,5.915026627812064,0.79,24937868.0,29066650.0,389.6875,99.05,29.85,2023,647.49,-11.09,-0.72,0.04
2023-04-16,batang,巴塘,Batang,1.7,8.83,15.05,0.83,6.253426508426744,1.35,24539162.0,28330144.0,396.59375,99.05,29.85,2023,642.53,-4.85,1.16,0.54
2023-04-17,batang,巴塘,Batang,5.25,4.94,12.57,-0.92,4.415157186706139,0.65,20884918.0,24457810.0,408.90625,99.05,29.85,2023,644.27,1.81,0.11,0.27
2023-04-18,batang,巴塘,Batang,2.68,5.61,13.38,-0.9,4.404131373986148,0.62,19977692.0,23323788.0,429.34375,99.05,29.85,2023,645.32,0.88,-0.45,0.23
2023-04-19,batang,巴塘,Batang,0.72,8.34,14.64,1.0,5.455205268174704,1.02,22591360.0,26085776.0,454.625,99.05,29.85,2023,641.11,0.03,0.97,0.11
2023-04-20,batang,巴塘,Batang,1.65,7.79,13.93,1.67,5.17286143491579,1.38,21906502.0,25210694.0,491.0,99.05,29.85,2023,639.17,-0.67,1.32,0.27
2023-04-21,batang,巴塘,Batang,1.15,7.0,13.37,1.01,4.735562548123874,1.46,20739282.0,23872846.0,537.1875,99.05,29.85,2023,639.41,-0.6,1.4,0.23
2023-04-22,batang,巴塘,Batang,0.69,6.9,14.89,0.02,4.694825306165876,2.02,20125398.0,23188158.0,594.59375,99.05,29.85,2023,639.21,-2.11,1.95,0.21
2023-04-23,batang,巴塘,Batang,1.03,6.98,13.84,0.82,5.406511031265586,2.12,22476686.0,26014204.0,666.75,99.05,29.85,2023,641.61,-5.12,1.89,0.71
2023-04-24,batang,巴塘,Batang,8.65,4.27,10.74,-2.17,3.854251194408648,1.22,19261920.0,22287318.0,748.3125,99.05,29.85,2023,644.02,-0.27,0.77,0.31
2023-04-25,batang,巴塘,Batang,3.18,2.99,8.93,-2.64,4.365234479329295,0.47,18634422.0,25307780.0,825.5,99.05,29.85,2023,643.86,-1.01,0.18,-0.13
2023-04-26,batang,巴塘,Batang,1.41,4.41,10.36,-1.33,4.849348737667701,0.98,21436560.0,26707486.0,868.21875,99.05,29.85,2023,641.72,-3.63,0.75,0.26
2023-04-27,batang,巴塘,Batang,1.09,5.33,12.2,0.14,4.7487416586562095,1.08,21370294.0,25371478.0,870.03125,99.05,29.85,2023,642.1,-2.23,0.99,0.3
2023-04-28,batang,巴塘,Batang,4.66,4.48,10.72,-0.6,4.022932367783474,1.07,19218736.0,22445456.0,847.65625,99.05,29.85,2023,642.31,-1.19,1.0,0.15
2023-04-29,batang,巴塘,Batang,11.05,2.52,9.08,-3.18,3.185742758009129,0.62,15012566.0,19160860.0,818.5,99.05,29.85,2023,643.84,-0.12,0.08,0.1
2023-04-30,batang,巴塘,Batang,1.37,4.04,9.62,-1.41,3.9725914085665535,0.93,14716520.0,22773966.0,787.125,99.05,29.85,2023,642.03,-0.48,0.86,-0.25
2023-05-01,batang,巴塘,Batang,0.82,6.41,12.37,1.07,4.2154916655082975,1.43,16745390.0,21812330.0,745.09375,99.05,29.85,2023,641.42,-0.08,1.39,-0.03
2023-05-02,batang,巴塘,Batang,0.96,5.95,12.0,0.49,3.9110193251461554,1.71,17035262.0,20663950.0,702.59375,99.05,29.85,2023,641.26,-0.28,1.64,0.11
2023-05-03,batang,巴塘,Batang,0.62,7.06,12.99,0.83,5.111687451052113,1.51,21424752.0,25256494.0,670.3125,99.05,29.85,2023,641.94,-2.39,1.38,0.48
2023-05-04,batang,巴塘,Batang,0.33,8.11,14.49,1.87,5.453165929014259,1.63,22916846.0,26669756.0,655.59375,99.05,29.85,2023,641.03,-0.33,1.58,0.18
2023-05-05,batang,巴塘,Batang,3.07,7.58,14.32,1.72,5.039350252125293,1.35,21270700.0,24668516.0,654.65625,99.05,29.85,2023,639.88,-0.8,0.87,0.51
2023-05-06,batang,巴塘,Batang,2.8,7.46,13.23,1.51,5.068423164581941,1.26,21492160.0,25054428.0,662.96875,99.05,29.85,2023,640.65,-0.56,1.09,0.36
2023-05-07,batang,巴塘,Batang,1.19,7.41,12.77,1.78,5.227137829072219,1.53,22842270.0,26514484.0,674.1875,99.05,29.85,2023,641.55,-0.06,1.51,-0.12
2023-05-08,batang,巴塘,Batang,0.96,8.0,14.71,1.66,5.157399656078256,2.02,21367148.0,24807630.0,682.5625,99.05,29.85,2023,641.69,-1.11,1.91,0.41
2023-05-09,batang,巴塘,Batang,0.24,7.62,14.66,1.23,5.631937414161158,2.2,22987390.0,26679580.0,689.375,99.05,29.85,2023,641.21,-4.36,2.01,0.66
2023-05-10,batang,巴塘,Batang,0.13,7.3,14.11,0.71,5.403068534758612,2.24,22391582.0,25990872.0,703.25,99.05,29.85,2023,642.45,-4.01,2.09,0.52
2023-05-11,batang,巴塘,Batang,1.87,7.03,14.13,1.03,5.755711368602277,2.01,23851604.0,27701644.0,728.0625,99.05,29.85,2023,644.23,-6.16,1.85,0.62
2023-05-12,batang,巴塘,Batang,6.58,4.72,10.98,-0.02,4.40449894174241,1.3,20888722.0,24503140.0,760.65625,99.05,29.85,2023,646.43,-1.9,-0.02,0.71
2023-05-13,batang,巴塘,Batang,0.76,5.13,9.96,0.03,5.039881782016446,1.08,21138234.0,26428428.0,794.25,99.05,29.85,2023,647.36,-5.32,-1.07,0.0
2023-05-14,batang,巴塘,Batang,4.97,5.12,9.44,1.45,3.4399171482878232,0.72,14478056.0,17301580.0,804.21875,99.05,29.85,2023,645.35,-3.8,0.17,-0.4
2023-05-15,batang,巴塘,Batang,10.74,1.84,3.49,0.56,1.967429880001036,0.48,6706236.0,12051008.0,785.25,99.05,29.85,2023,641.91,0.62,0.22,0.11
2023-05-16,batang,巴塘,Batang,0.53,5.25,11.19,0.98,4.414097667110563,1.09,14721346.0,24593072.0,751.5,99.05,29.85,2023,642.92,0.64,1.05,0.27
2023-05-17,batang,巴塘,Batang,0.46,7.95,13.25,2.47,4.963850283860267,0.74,18321914.0,23798348.0,712.25,99.05,29.85,2023,644.59,0.22,0.6,0.31
2023-05-18,batang,巴塘,Batang,4.36,7.9,13.12,2.49,4.986966776724317,0.59,20372468.0,24558556.0,685.28125,99.05,29.85,2023,644.47,3.38,0.12,0.02
2023-05-19,batang,巴塘,Batang,4.12,8.01,14.58,3.29,5.1852795328848025,0.65,21399492.0,25845224.0,696.90625,99.05,29.85,2023,642.85,4.39,0.43,-0.1
2023-05-20,batang,巴塘,Batang,2.93,9.34,14.86,2.84,5.595138193857615,1.6,22145474.0,26033052.0,749.15625,99.05,29.85,2023,641.81,0.7,1.52,0.35
2023-05-21,batang,巴塘,Batang,1.43,9.34,15.24,3.37,5.233103865425283,1.39,20300766.0,23690936.0,824.0625,99.05,29.85,2023,643.65,0.09,1.34,0.28
2023-05-22,batang,巴塘,Batang,2.84,8.11,14.65,0.78,4.592375413308678,1.1,18894114.0,22012372.0,904.53125,99.05,29.85,2023,644.45,0.95,0.68,0.45
2023-05-23,batang,巴塘,Batang,0.2,8.63,14.52,1.99,6.091229648967851,1.06,23991272.0,27942940.0,995.0625,99.05,29.85,2023,645.29,-4.28,-0.92,0.19
2023-05-24,batang,巴塘,Batang,0.09,11.65,16.81,4.49,6.621301919767001,0.99,23381264.0,27231080.0,1072.2812,99.05,29.85,2023,642.71,-3.29,0.8,0.03
2023-05-25,batang,巴塘,Batang,0.4,10.48,16.69,4.64,6.275096873238993,1.7,24679484.0,28745054.0,1128.375,99.05,29.85,2023,641.63,2.03,1.66,-0.12
2023-05-26,batang,巴塘,Batang,1.46,11.32,17.91,5.38,5.664790936492863,1.87,20549042.0,23937920.0,1195.625,99.05,29.85,2023,641.43,1.75,1.8,0.17
2023-05-27,batang,巴塘,Batang,0.75,11.32,17.53,4.88,5.580454959906323,1.74,19859014.0,23136772.0,1305.3438,99.05,29.85,2023,641.76,0.99,1.71,0.03
2023-05-28,batang,巴塘,Batang,0.06,11.61,19.08,4.22,6.110564378425827,1.83,21660266.0,25238480.0,1424.0625,99.05,29.85,2023,644.22,0.39,1.75,0.22
2023-05-29,batang,巴塘,Batang,0.03,13.5,19.74,5.91,7.304760870506942,1.17,24948842.0,29073688.0,1525.9688,99.05,29.85,2023,646.44,0.46,1.1,-0.21
2023-05-30,batang,巴塘,Batang,0.02,14.41,20.84,7.11,8.026820765340776,1.63,26642974.0,31052164.0,1644.3438,99.05,29.85,2023,645.41,0.56,1.6,-0.09
2023-05-31,batang,巴塘,Batang,0.01,15.16,21.47,8.35,8.185462173386815,1.25,26767536.0,31200912.0,1806.625,99.05,29.85,2023,643.61,0.99,1.19,-0.07
2023-06-01,batang,巴塘,Batang,0.07,14.61,21.73,7.89,7.541895953797289,1.84,25119342.0,29283264.0,1986.4062,99.05,29.85,2023,641.79,3.0,1.81,-0.13
2023-06-02,batang,巴塘,Batang,0.75,13.51,20.47,7.78,6.032959921206246,1.62,20773874.0,24220040.0,2152.6875,99.05,29.85,2023,642.06,4.57,1.58,-0.11
2023-06-03,batang,巴塘,Batang,0.08,14.28,21.36,7.67,7.419840101931587,1.83,24302424.0,28339116.0,2291.375,99.05,29.85,2023,642.57,1.13,1.78,0.13
2023-06-04,batang,巴塘,Batang,0.77,14.65,21.78,7.25,7.582889235483563,1.47,24660444.0,28759712.0,2388.2188,99.05,29.85,2023,642.87,0.68,1.41,0.15
2023-06-05,batang,巴塘,Batang,1.3,13.6,18.98,7.73,6.517841332427191,1.17,22581194.0,26338456.0,2440.4062,99.05,29.85,2023,643.96,4.05,1.09,-0.23
2023-06-06,batang,巴塘,Batang,0.42,14.83,21.7,7.99,7.544938877514004,1.91,24007098.0,28005884.0,2456.3438,99.05,29.85,2023,642.72,0.98,1.8,0.37
2023-06-07,batang,巴塘,Batang,0.52,14.98,21.25,8.95,7.290778980277952,1.53,23727694.0,27681916.0,2447.5312,99.05,29.85,2023,643.56,2.91,1.45,-0.04
2023-06-08,batang,巴塘,Batang,4.71,13.14,19.43,8.17,5.749307324903293,0.89,20340704.0,23734148.0,2446.3125,99.05,29.85,2023,644.23,5.51,0.79,-0.2
2023-06-09,batang,巴塘,Batang,26.13,10.78,16.38,5.89,3.916144966892319,0.7,15417546.0,18006692.0,2484.3125,99.05,29.85,2023,643.78,8.27,0.24,-0.49
2023-06-10,batang,巴塘,Batang,21.8,6.68,10.33,4.96,1.23779962362783,0.76,5577364.0,6572008.0,2565.9062,99.05,29.85,2023,643.26,6.02,-0.41,-0.55
2023-06-11,batang,巴塘,Batang,21.64,4.03,5.25,1.9,0.7775223210597086,0.48,3462602.0,4442060.0,2664.0312,99.05,29.85,2023,643.78,3.8,-0.36,-0.05
2023-06-12,batang,巴塘,Batang,2.7,7.34,11.45,1.98,2.8611097217370487,0.72,11002766.0,14488804.0,2735.0,99.05,29.85,2023,643.5,4.88,0.59,0.02
2023-06-13,batang,巴塘,Batang,7.56,8.53,11.93,6.46,2.942311921075292,1.21,12434476.0,15095044.0,2735.3438,99.05,29.85,2023,641.73,6.57,1.0,-0.67
2023-06-14,batang,巴塘,Batang,20.97,9.42,13.95,6.92,3.629888340851283,0.61,14846840.0,17477948.0,2742.0,99.05,29.85,2023,641.58,7.82,0.21,-0.29
2023-06-15,batang,巴塘,Batang,4.74,9.68,14.45,6.99,2.48089994744721,1.11,9723072.0,11374028.0,2821.2812,99.05,29.85,2023,641.29,6.53,1.06,-0.06
2023-06-16,batang,巴塘,Batang,4.37,11.22,16.58,6.69,4.5551528329831,1.38,18013300.0,21050072.0,2873.25,99.05,29.85,2023,641.15,7.2,1.37,-0.1
2023-06-17,batang,巴塘,Batang,7.65,11.24,17.57,7.46,4.677463526580132,0.92,18177790.0,21239224.0,2900.7188,99.05,29.85,2023,643.02,7.41,0.57,0.14
2023-06-18,batang,巴塘,Batang,8.36,11.2,15.91,7.66,5.417310767997093,0.39,20713176.0,24206036.0,2981.7188,99.05,29.85,2023,643.84,8.5,0.12,0.01
2023-06-19,batang,巴塘,Batang,5.87,11.54,17.01,7.3,5.018131026949001,0.92,19724710.0,23056088.0,3119.0312,99.05,29.85,2023,642.9,8.63,0.86,-0.17
2023-06-20,batang,巴塘,Batang,15.53,11.11,16.59,6.68,4.49033582530199,1.12,18026426.0,21076108.0,3307.9688,99.05,29.85,2023,643.01,8.23,0.84,-0.04
2023-06-21,batang,巴塘,Batang,14.79,11.1,16.56,7.24,4.5226721420789255,0.52,17398414.0,20344684.0,3539.3125,99.05,29.85,2023,644.19,8.22,0.28,0.18
2023-06-22,batang,巴塘,Batang,7.18,10.13,14.84,5.83,4.0696395161363865,0.55,16191200.0,18936952.0,3699.125,99.05,29.85,2023,644.81,7.81,-0.12,0.35
2023-06-23,batang,巴塘,Batang,2.6,10.55,16.01,4.28,5.931269494625138,1.09,23752670.0,27788732.0,3737.6875,99.05,29.85,2023,645.22,5.49,-0.97,0.36
2023-06-24,batang,巴塘,Batang,1.04,12.18,16.95,5.54,6.930413792681214,0.9,25221818.0,29513368.0,3705.375,99.05,29.85,2023,645.13,2.62,-0.86,0.11
2023-06-25,batang,巴塘,Batang,1.39,12.75,17.45,7.16,6.864875736638,0.76,24516330.0,28693860.0,3629.1875,99.05,29.85,2023,645.66,3.31,-0.13,0.05
2023-06-26,batang,巴塘,Batang,0.59,14.17,19.36,8.63,7.13520393910086,1.51,24746492.0,28969904.0,3525.9062,99.05,29.85,2023,644.37,5.11,1.47,-0.21
2023-06-27,batang,巴塘,Batang,0.47,14.11,19.17,8.96,5.507698100702591,1.58,18703280.0,21899664.0,3418.5625,99.05,29.85,2023,643.75,6.63,1.56,-0.08
2023-06-28,batang,巴塘,Batang,0.78,15.03,20.03,9.6,5.883677140674792,1.22,19857876.0,23256708.0,3360.9688,99.05,29.85,2023,643.9,8.02,1.19,0.13
2023-06-29,batang,巴塘,Batang,7.94,13.86,20.17,9.43,5.410434126183932,1.05,19492156.0,22834412.0,3482.2969,99.05,29.85,2023,643.36,9.32,0.91,0.04
2023-06-30,batang,巴塘,Batang,1.2,14.81,19.67,9.83,6.119803682200327,1.32,21430356.0,25109920.0,3843.5781,99.05,29.85,2023,642.51,9.07,1.31,-0.08
2023-07-01,batang,巴塘,Batang,0.53,15.12,20.1,9.75,5.697297488811951,1.28,19160158.0,22454692.0,4272.172000000001,99.05,29.85,2023,643.07,8.37,1.25,-0.02
2023-07-02,batang,巴塘,Batang,0.42,14.98,20.68,10.2,5.605065431654168,1.56,18743248.0,21970296.0,4616.047000000001,99.05,29.85,2023,642.83,7.95,1.55,-0.06
2023-07-03,batang,巴塘,Batang,26.72,13.51,18.96,9.9,5.113857884293233,0.94,18628064.0,21840532.0,4976.578,99.05,29.85,2023,644.94,9.6,0.16,0.3
2023-07-04,batang,巴塘,Batang,4.78,12.39,16.88,9.52,3.771386503720544,1.2,14055378.0,16483636.0,5314.8906,99.05,29.85,2023,644.6,8.84,0.89,-0.56
2023-07-05,batang,巴塘,Batang,1.27,14.31,19.71,9.49,5.954257764081787,1.52,21181980.0,24845708.0,5510.5156,99.05,29.85,2023,642.55,8.58,1.51,-0.09
2023-07-06,batang,巴塘,Batang,3.34,14.39,20.28,9.05,5.942776915776002,0.97,20931384.0,24557084.0,5633.3906,99.05,29.85,2023,643.5,9.13,0.84,0.09
2023-07-07,batang,巴塘,Batang,6.64,14.05,19.51,9.34,5.552193957966392,0.73,19588980.0,22987292.0,5783.0,99.05,29.85,2023,644.86,9.24,0.6,0.08
2023-07-08,batang,巴塘,Batang,6.03,14.99,19.44,10.6,5.605281898164878,0.72,19313734.0,22669888.0,5907.3438,99.05,29.85,2023,645.15,10.27,0.55,-0.1
2023-07-09,batang,巴塘,Batang,0.74,14.93,19.26,11.44,4.404751323084524,0.85,14734988.0,17298972.0,5982.4062,99.05,29.85,2023,645.16,9.5,0.76,-0.19
2023-07-10,batang,巴塘,Batang,1.85,15.65,20.6,11.6,5.107220597908853,0.72,16913970.0,19860654.0,6006.0312,99.05,29.85,2023,643.9,9.78,0.68,0.03
2023-07-11,batang,巴塘,Batang,13.72,13.37,18.22,9.6,3.995712809860422,0.76,14650418.0,17207260.0,5984.6094,99.05,29.85,2023,643.23,11.05,0.74,-0.06
2023-07-12,batang,巴塘,Batang,4.64,13.72,17.57,10.27,4.159735777255947,1.03,14930520.0,17539228.0,6076.4844,99.05,29.85,2023,643.22,10.17,1.0,-0.11
2023-07-13,batang,巴塘,Batang,12.13,14.2,18.62,10.55,3.9880919163466735,0.8,13721668.0,16123128.0,6306.7656,99.05,29.85,2023,644.27,9.79,0.62,-0.01
2023-07-14,batang,巴塘,Batang,26.21,12.43,16.79,10.21,2.7018756097023964,0.52,9988596.0,11740312.0,6719.7812,99.05,29.85,2023,645.97,10.88,-0.08,-0.24
2023-07-15,batang,巴塘,Batang,11.23,10.66,13.54,7.92,1.9832598524628096,0.71,7326116.0,8612048.0,7062.3594,99.05,29.85,2023,647.2,7.77,-0.0,-0.33
2023-07-16,batang,巴塘,Batang,2.3,11.93,15.62,8.0,5.227889110283407,0.94,19717314.0,23171394.0,7088.703,99.05,29.85,2023,646.5,7.34,0.85,-0.2
2023-07-17,batang,巴塘,Batang,7.87,11.03,15.69,7.11,4.5013020863996855,0.66,17514668.0,20577598.0,6924.8125,99.05,29.85,2023,646.03,8.43,0.57,-0.17
2023-07-18,batang,巴塘,Batang,8.85,12.01,17.01,8.22,5.730482920490776,0.49,21419830.0,25161894.0,6713.875,99.05,29.85,2023,646.01,8.68,0.36,-0.05
2023-07-19,batang,巴塘,Batang,5.88,11.7,17.26,6.13,4.774332081995378,0.42,17888408.0,21009568.0,6532.578,99.05,29.85,2023,645.91,8.87,-0.3,-0.0
2023-07-20,batang,巴塘,Batang,9.35,12.45,17.9,7.62,5.590100577874353,0.5,20601774.0,24190104.0,6317.7344,99.05,29.85,2023,646.26,8.82,-0.32,0.18
2023-07-21,batang,巴塘,Batang,6.01,11.98,18.28,6.24,5.6037475803116825,0.69,21191692.0,24876450.0,6083.625,99.05,29.85,2023,648.63,8.32,-0.11,-0.13
2023-07-22,batang,巴塘,Batang,0.94,14.14,19.16,7.54,6.504081935848412,0.94,22559242.0,26473938.0,5859.7812,99.05,29.85,2023,648.4,6.56,0.89,-0.09
2023-07-23,batang,巴塘,Batang,4.5,13.32,18.29,9.6,5.026723029840406,0.94,18255886.0,21418956.0,5623.047,99.05,29.85,2023,645.99,9.05,0.82,-0.21
2023-07-24,batang,巴塘,Batang,7.03,12.94,18.3,9.51,4.897259430556035,0.67,18111272.0,21245178.0,5456.8125,99.05,29.85,2023,645.16,10.16,0.6,-0.16
2023-07-25,batang,巴塘,Batang,13.75,12.9,18.32,9.53,4.480875963337742,0.99,16757618.0,19652466.0,5453.2656,99.05,29.85,2023,644.52,9.82,0.93,-0.14
2023-07-26,batang,巴塘,Batang,12.69,12.88,18.12,9.61,4.815682973918774,0.64,17867146.0,20950034.0,5573.375,99.05,29.85,2023,644.72,10.39,0.39,0.07
2023-07-27,batang,巴塘,Batang,2.73,14.24,18.92,9.42,5.650329575390588,0.82,19693396.0,23082542.0,5628.1875,99.05,29.85,2023,644.32,8.48,-0.39,0.18
2023-07-28,batang,巴塘,Batang,8.03,11.28,14.87,8.13,3.134457122309017,0.52,11901362.0,13947322.0,5489.297,99.05,29.85,2023,644.5,9.0,0.03,0.08
2023-07-29,batang,巴塘,Batang,6.12,11.19,16.33,8.76,3.734349636527205,0.73,14360214.0,16824892.0,5256.5312,99.05,29.85,2023,644.42,8.27,0.63,-0.12
2023-07-30,batang,巴塘,Batang,4.2,12.8,17.78,8.97,5.342381950258223,0.76,19836318.0,23236024.0,5066.828,99.05,29.85,2023,643.54,9.2,0.63,-0.22
2023-07-31,batang,巴塘,Batang,2.46,13.56,18.2,9.26,5.3048888664608045,0.74,19236132.0,22526948.0,4904.2188,99.05,29.85,2023,643.82,9.86,0.65,-0.17
2023-08-01,batang,巴塘,Batang,7.23,12.47,17.77,7.79,4.369958405587402,0.68,16525938.0,19347776.0,4752.422000000001,99.05,29.85,2023,644.68,10.43,0.52,-0.24
2023-08-02,batang,巴塘,Batang,6.55,12.89,17.98,8.66,4.953974469845716,0.82,18506788.0,21661616.0,4658.9844,99.05,29.85,2023,644.25,9.84,0.7,-0.25
2023-08-03,batang,巴塘,Batang,3.72,13.04,18.75,9.19,4.883199494649222,0.8,17931954.0,20983924.0,4583.9844,99.05,29.85,2023,643.91,9.3,0.66,-0.13
2023-08-04,batang,巴塘,Batang,5.18,13.37,18.57,9.93,4.809450289841961,0.76,17607196.0,20600396.0,4496.422000000001,99.05,29.85,2023,644.57,10.2,0.68,-0.21
2023-08-05,batang,巴塘,Batang,10.34,13.37,18.1,9.89,4.689224590018447,0.92,17331398.0,20272438.0,4437.703,99.05,29.85,2023,643.5,10.29,0.88,-0.19
2023-08-06,batang,巴塘,Batang,10.72,12.11,15.93,9.22,3.240509673633248,0.45,11992028.0,14024136.0,4494.453,99.05,29.85,2023,642.97,9.71,0.21,-0.04
2023-08-07,batang,巴塘,Batang,5.61,13.06,17.69,9.73,4.751666771819304,0.62,17573808.0,20547718.0,4644.172000000001,99.05,29.85,2023,643.02,10.63,0.53,-0.25
2023-08-08,batang,巴塘,Batang,2.86,14.36,19.98,9.69,4.861724344691537,0.93,16938202.0,19799094.0,4599.953,99.05,29.85,2023,644.14,9.42,0.85,-0.32
2023-08-09,batang,巴塘,Batang,3.42,14.53,20.21,9.47,5.500556938626118,0.78,19328110.0,22587006.0,4413.328,99.05,29.85,2023,645.68,9.99,0.69,-0.23
2023-08-10,batang,巴塘,Batang,3.96,14.43,19.47,10.12,5.222301951015697,0.98,18634918.0,21771546.0,4241.6875,99.05,29.85,2023,646.12,10.43,0.93,-0.19
2023-08-11,batang,巴塘,Batang,9.57,14.23,18.92,10.83,4.8007441637114106,0.6,17026282.0,19887726.0,4121.2656,99.05,29.85,2023,644.79,10.94,0.35,-0.08
2023-08-12,batang,巴塘,Batang,9.85,13.65,18.68,10.18,4.449882027056165,0.63,15954902.0,18630892.0,4134.578,99.05,29.85,2023,644.84,10.2,0.29,-0.14
2023-08-13,batang,巴塘,Batang,1.01,15.2,19.68,10.45,5.744625884556334,1.03,19405490.0,22655468.0,4170.625,99.05,29.85,2023,645.0,8.57,0.99,-0.19
2023-08-14,batang,巴塘,Batang,0.71,15.77,20.4,11.14,5.124827635766426,1.19,16838452.0,19653580.0,4124.8125,99.05,29.85,2023,644.63,9.45,1.16,-0.14
2023-08-15,batang,巴塘,Batang,0.7,15.45,20.94,11.16,5.716672052265509,1.36,19507898.0,22764990.0,4009.6719,99.05,29.85,2023,645.01,9.62,1.3,-0.32
2023-08-16,batang,巴塘,Batang,0.38,15.62,20.56,10.32,5.133324298865314,1.11,16645554.0,19413444.0,3915.7812,99.05,29.85,2023,646.02,8.31,1.07,-0.25
2023-08-17,batang,巴塘,Batang,6.88,15.49,20.16,10.96,5.189306246850872,0.93,17096464.0,19930108.0,3894.4219,99.05,29.85,2023,646.68,8.51,0.87,-0.17
2023-08-18,batang,巴塘,Batang,14.1,12.55,16.65,9.98,2.5129078797547404,0.71,9284892.0,10817322.0,3991.9531,99.05,29.85,2023,646.73,10.48,0.44,0.02
2023-08-19,batang,巴塘,Batang,7.81,13.68,17.39,10.68,4.256604704895693,0.87,15302054.0,17819756.0,4152.3594,99.05,29.85,2023,646.13,9.91,0.83,-0.15
2023-08-20,batang,巴塘,Batang,11.9,12.68,17.5,7.51,3.742513547277477,0.38,13768790.0,16024764.0,4260.9688,99.05,29.85,2023,646.62,10.65,-0.08,-0.04
2023-08-21,batang,巴塘,Batang,16.79,12.62,18.33,8.32,4.734844373364738,0.53,17734290.0,20629620.0,4329.625,99.05,29.85,2023,646.59,10.42,0.2,-0.2
2023-08-22,batang,巴塘,Batang,10.1,12.24,17.01,9.39,4.830959450321641,0.59,18269516.0,21239040.0,4354.625,99.05,29.85,2023,645.37,9.49,0.44,-0.0
2023-08-23,batang,巴塘,Batang,6.65,12.33,17.14,8.6,4.604924954226664,0.55,17194074.0,19980088.0,4319.578,99.05,29.85,2023,643.96,9.07,0.36,-0.12
2023-08-24,batang,巴塘,Batang,8.72,10.76,15.03,8.94,2.877147866479896,1.38,11834914.0,13744756.0,4256.9062,99.05,29.85,2023,643.28,8.71,1.3,-0.41
2023-08-25,batang,巴塘,Batang,8.17,10.16,13.23,8.24,1.7972489452519758,1.07,7428518.0,8622508.0,4222.7344,99.05,29.85,2023,642.83,8.98,1.04,-0.2
2023-08-26,batang,巴塘,Batang,16.72,12.32,17.79,9.12,4.0198389429425685,0.96,15448144.0,17924134.0,4251.8594,99.05,29.85,2023,642.63,9.63,0.6,-0.07
2023-08-27,batang,巴塘,Batang,9.99,10.94,15.17,8.86,2.5521314064073524,0.64,10012920.0,11610642.0,4356.8125,99.05,29.85,2023,643.34,9.29,0.44,-0.16
2023-08-28,batang,巴塘,Batang,6.14,10.96,14.99,8.72,2.8863941522598258,1.09,11582542.0,13423920.0,4430.453,99.05,29.85,2023,643.37,8.85,1.05,-0.24
2023-08-29,batang,巴塘,Batang,26.1,11.25,16.97,6.01,4.10161564229045,0.89,16497974.0,19110978.0,4453.5312,99.05,29.85,2023,644.67,9.26,0.61,-0.18
2023-08-30,batang,巴塘,Batang,3.65,10.71,15.96,5.85,2.8035532562172207,0.72,10514006.0,12370606.0,4476.6875,99.05,29.85,2023,646.46,7.19,0.65,-0.12
2023-08-31,batang,巴塘,Batang,11.71,11.62,16.39,8.47,3.807863933795272,0.79,14924840.0,17361428.0,4471.9688,99.05,29.85,2023,646.12,9.67,0.46,0.13
2023-09-01,batang,巴塘,Batang,0.97,11.67,17.06,5.17,4.7595534096542975,1.22,17666800.0,20456954.0,4476.672000000001,99.05,29.85,2023,647.59,5.18,-1.17,-0.07
2023-09-02,batang,巴塘,Batang,0.04,11.88,17.19,5.26,6.147837880888381,0.94,22009026.0,25448950.0,4445.625,99.05,29.85,2023,647.57,-0.0,-0.91,-0.12
2023-09-03,batang,巴塘,Batang,0.19,12.62,17.7,5.43,6.474733685677591,0.57,23376416.0,27009726.0,4275.0,99.05,29.85,2023,646.68,3.24,0.39,-0.22
2023-09-04,batang,巴塘,Batang,0.65,12.81,17.51,7.6,5.662998384409863,1.21,20825710.0,24048654.0,4037.625,99.05,29.85,2023,646.53,6.28,1.18,-0.15
2023-09-05,batang,巴塘,Batang,0.17,12.91,17.58,7.63,5.075383710371952,0.96,18106866.0,20896778.0,3820.0781,99.05,29.85,2023,647.11,5.75,0.91,-0.18
2023-09-06,batang,巴塘,Batang,0.05,13.47,18.57,7.27,6.344865715069814,1.13,22343060.0,25772712.0,3645.8125,99.05,29.85,2023,647.59,4.32,1.09,-0.18
2023-09-07,batang,巴塘,Batang,1.33,12.15,17.63,7.92,5.23680794144112,1.19,19905188.0,22949004.0,3492.0938,99.05,29.85,2023,647.62,6.75,1.08,-0.33
2023-09-08,batang,巴塘,Batang,0.89,12.58,16.86,8.19,4.334951447453993,0.72,15667844.0,18054512.0,3355.1484,99.05,29.85,2023,646.97,6.71,0.66,-0.05
2023-09-09,batang,巴塘,Batang,6.14,12.35,17.58,8.74,4.359625432721168,0.57,16346752.0,18827694.0,3241.375,99.05,29.85,2023,646.14,8.87,0.37,-0.06
2023-09-10,batang,巴塘,Batang,2.1,12.72,17.94,9.13,4.695714505921281,1.4,18099540.0,20835164.0,3173.1953,99.05,29.85,2023,644.22,8.87,1.36,-0.25
2023-09-11,batang,巴塘,Batang,11.3,11.9,17.79,7.96,3.950528894847152,0.98,15262468.0,17562140.0,3188.3125,99.05,29.85,2023,644.49,8.56,0.47,0.12
2023-09-12,batang,巴塘,Batang,5.17,9.12,14.04,1.65,2.9294955588917584,0.91,12257662.0,14093818.0,3333.5312,99.05,29.85,2023,647.33,6.48,-0.76,0.42
2023-09-13,batang,巴塘,Batang,0.41,9.63,14.82,2.06,5.158982523369707,0.66,20319674.0,23354552.0,3420.6406,99.05,29.85,2023,647.43,1.6,-0.59,0.12
2023-09-14,batang,巴塘,Batang,0.39,11.58,17.43,4.47,5.892224905009095,0.59,21793154.0,25033590.0,3350.2734,99.05,29.85,2023,647.09,1.62,-0.23,0.04
2023-09-15,batang,巴塘,Batang,1.05,11.69,18.34,5.37,5.699525032967204,0.82,21623752.0,24826976.0,3212.7188,99.05,29.85,2023,647.12,5.04,0.55,0.06
2023-09-16,batang,巴塘,Batang,1.05,11.93,17.65,5.7,5.1490818173145145,1.07,19793814.0,22706028.0,3068.1016,99.05,29.85,2023,646.53,6.81,1.02,-0.17
2023-09-17,batang,巴塘,Batang,0.6,12.48,17.2,7.33,4.859311686718831,1.23,17453298.0,20004022.0,2934.164,99.05,29.85,2023,645.44,5.07,1.19,-0.06
2023-09-18,batang,巴塘,Batang,0.45,11.85,16.81,6.65,3.796093628319584,1.32,12944214.0,14824268.0,2829.7266,99.05,29.85,2023,645.73,3.9,1.28,-0.12
2023-09-19,batang,巴塘,Batang,0.46,12.27,17.14,6.58,4.719271882693847,1.17,17474810.0,19995056.0,2777.9922,99.05,29.85,2023,646.36,6.14,1.14,-0.11
2023-09-20,batang,巴塘,Batang,7.19,11.05,16.29,7.98,3.786106316469255,0.72,14806828.0,16929524.0,2743.5,99.05,29.85,2023,646.69,7.47,0.58,0.06
2023-09-21,batang,巴塘,Batang,1.33,11.96,16.98,7.37,4.3022336301168105,1.36,16303434.0,18623730.0,2732.1172,99.05,29.85,2023,645.61,6.81,1.34,-0.12
2023-09-22,batang,巴塘,Batang,0.82,12.19,17.81,7.91,4.3910694553518095,1.42,16393684.0,18711676.0,2736.625,99.05,29.85,2023,645.04,6.61,1.4,-0.11
2023-09-23,batang,巴塘,Batang,0.78,12.23,17.79,7.87,4.231346989195258,1.38,15509228.0,17687650.0,2734.7578,99.05,29.85,2023,645.02,6.28,1.35,-0.01
2023-09-24,batang,巴塘,Batang,0.28,11.86,16.83,7.43,3.4349308647143624,1.54,12022107.0,13698745.0,2712.3438,99.05,29.85,2023,644.77,5.75,1.51,-0.2
2023-09-25,batang,巴塘,Batang,0.43,12.22,17.2,7.53,3.804391402291456,1.58,12578914.0,14322519.0,2684.0078,99.05,29.85,2023,645.2,4.13,1.54,-0.1
2023-09-26,batang,巴塘,Batang,0.58,11.9,16.89,7.82,3.8471523597115818,1.48,13477914.0,15332616.0,2695.461,99.05,29.85,2023,645.83,4.83,1.45,-0.2
2023-09-27,batang,巴塘,Batang,0.93,11.91,17.18,7.69,4.251055610812831,1.14,15549296.0,17674284.0,2715.8672,99.05,29.85,2023,646.25,5.17,1.08,-0.22
2023-09-28,batang,巴塘,Batang,0.85,12.09,16.81,7.42,4.5414909674621855,1.25,16574661.0,18823508.0,2700.6016,99.05,29.85,2023,646.83,5.0,1.2,-0.2
2023-09-29,batang,巴塘,Batang,0.51,12.38,17.24,8.02,4.426180141451415,1.07,15811655.0,17943060.0,2656.8125,99.05,29.85,2023,647.48,4.75,1.01,-0.19
2023-09-30,batang,巴塘,Batang,0.46,11.94,17.3,7.83,3.9872342620589456,1.17,14384543.0,16309410.0,2607.6953,99.05,29.85,2023,646.38,5.12,1.11,-0.14
2023-10-01,batang,巴塘,Batang,0.23,12.05,16.96,7.29,3.646790380689232,1.18,12497130.0,14157601.0,2560.8984,99.05,29.85,2023,645.59,4.21,1.13,-0.12
2023-10-02,batang,巴塘,Batang,0.63,12.76,17.17,7.71,3.828748432920432,1.14,13273269.0,15023578.0,2487.0469,99.05,29.85,2023,646.33,5.72,1.1,-0.11
2023-10-03,batang,巴塘,Batang,0.55,12.87,18.11,8.09,3.8676376725312247,1.36,13441811.0,15202523.0,2389.3047,99.05,29.85,2023,646.39,6.29,1.33,-0.12
2023-10-04,batang,巴塘,Batang,0.53,12.12,17.9,7.4,3.9746537857276834,1.54,14295376.0,16154610.0,2307.0938,99.05,29.85,2023,645.66,5.68,1.49,-0.19
2023-10-05,batang,巴塘,Batang,2.15,11.69,16.89,7.06,3.3830156657438555,1.28,12075387.0,13634874.0,2241.9375,99.05,29.85,2023,644.48,5.5,1.25,-0.02
2023-10-06,batang,巴塘,Batang,15.1,7.87,13.0,4.39,2.276757699849711,0.98,10160932.0,11464172.0,2195.336,99.05,29.85,2023,645.79,5.8,0.55,-0.03
2023-10-07,batang,巴塘,Batang,1.74,8.39,13.39,4.75,3.17016164543868,0.81,13219834.0,14902643.0,2215.5938,99.05,29.85,2023,646.12,3.63,0.74,0.0
2023-10-08,batang,巴塘,Batang,18.35,7.53,13.43,3.9,2.9409698725830875,0.73,13366027.0,15058349.0,2270.3828,99.05,29.85,2023,645.88,5.74,0.21,-0.19
2023-10-09,batang,巴塘,Batang,10.61,4.08,6.98,2.44,0.9923577809121488,0.73,4825264.5,5794508.0,2334.914,99.05,29.85,2023,648.51,3.61,-0.23,0.4
2023-10-10,batang,巴塘,Batang,1.71,6.72,12.29,2.79,2.7970660622527195,1.39,12387442.0,14907930.0,2376.1328,99.05,29.85,2023,646.5,3.8,1.34,-0.25
2023-10-11,batang,巴塘,Batang,1.52,7.54,12.56,3.35,3.6049406975164393,1.62,15376212.0,17778358.0,2364.6875,99.05,29.85,2023,646.06,2.03,1.58,0.15
2023-10-12,batang,巴塘,Batang,4.93,6.84,12.42,2.29,3.575083027531292,1.24,15759736.0,17905282.0,2312.375,99.05,29.85,2023,647.68,1.19,0.4,0.62
2023-10-13,batang,巴塘,Batang,1.25,3.8,7.63,-0.82,2.563940887143543,0.9,11060056.0,13226498.0,2264.8906,99.05,29.85,2023,648.63,-3.47,-0.74,0.49
2023-10-14,batang,巴塘,Batang,0.31,5.17,10.59,-0.66,3.931040748592437,0.55,17153292.0,19913474.0,2221.5625,99.05,29.85,2023,646.06,-5.02,0.37,0.17
2023-10-15,batang,巴塘,Batang,2.43,4.74,10.89,0.65,3.525662637266323,0.76,16803938.0,19191894.0,2147.0703,99.05,29.85,2023,645.8,0.1,0.58,-0.01
2023-10-16,batang,巴塘,Batang,0.63,6.78,11.91,1.56,3.532055076728612,1.26,14604834.0,16740222.0,2047.7891,99.05,29.85,2023,646.0,-1.07,1.23,0.06
2023-10-17,batang,巴塘,Batang,0.49,6.77,12.29,1.63,3.808906321154775,1.35,16031106.0,18123270.0,1943.0312,99.05,29.85,2023,645.54,-1.66,1.32,0.04
2023-10-18,batang,巴塘,Batang,0.44,6.4,11.85,1.22,3.784677752184262,1.56,15404224.0,17344218.0,1843.4844,99.05,29.85,2023,645.37,-3.95,1.43,0.35
2023-10-19,batang,巴塘,Batang,2.41,5.56,10.14,1.09,3.5985500047516727,1.18,15908904.0,17974092.0,1757.2266,99.05,29.85,2023,646.43,-2.61,1.12,-0.05
2023-10-20,batang,巴塘,Batang,1.33,5.65,11.43,0.72,3.70829300560892,1.69,15852860.0,17875234.0,1682.8672,99.05,29.85,2023,646.4,-3.75,1.56,0.43
2023-10-21,batang,巴塘,Batang,1.23,4.87,9.8,0.62,3.4612329883548365,0.98,15534020.0,17474360.0,1613.6406,99.05,29.85,2023,647.39,-4.11,0.91,0.09
2023-10-22,batang,巴塘,Batang,1.47,5.38,10.12,0.21,3.6019683436441783,1.13,15711954.0,17631600.0,1547.3047,99.05,29.85,2023,647.05,-4.31,1.08,0.07
2023-10-23,batang,巴塘,Batang,0.02,6.18,11.32,0.52,3.799057391756053,1.32,15530370.0,17396554.0,1484.8438,99.05,29.85,2023,646.72,-5.38,1.25,0.12
2023-10-24,batang,巴塘,Batang,0.06,6.34,11.06,1.38,3.1393478149075125,1.18,12570394.0,14065248.0,1428.3438,99.05,29.85,2023,646.84,-3.45,1.13,-0.13
2023-10-25,batang,巴塘,Batang,1.78,6.29,11.18,1.27,3.2274047217128263,1.23,13984424.0,15637112.0,1379.4531,99.05,29.85,2023,646.7,-0.71,1.16,-0.1
2023-10-26,batang,巴塘,Batang,12.29,3.95,8.92,-0.42,2.288999956365229,0.97,11982018.0,13621168.0,1342.9688,99.05,29.85,2023,645.6,2.4,0.93,-0.0
2023-10-27,batang,巴塘,Batang,2.39,1.07,6.9,-5.58,2.682265313515311,0.52,10863924.0,16778396.0,1326.4453,99.05,29.85,2023,646.01,-1.67,-0.0,-0.02
2023-10-28,batang,巴塘,Batang,1.14,-0.15,4.83,-6.38,2.586350169298618,0.51,12177908.0,16920440.0,1305.4844,99.05,29.85,2023,647.61,-3.18,-0.39,0.2
2023-10-29,batang,巴塘,Batang,0.02,-1.8,4.42,-6.1,2.401264327632902,0.67,12561844.0,16702572.0,1275.6641,99.05,29.85,2023,650.09,-6.39,-0.65,0.06
2023-10-30,batang,巴塘,Batang,1.07,1.49,7.8,-5.38,2.945997347738942,0.45,13969342.0,17640236.0,1241.5703,99.05,29.85,2023,648.97,-3.36,-0.05,-0.03
2023-10-31,batang,巴塘,Batang,0.93,0.39,6.23,-5.12,2.786353535757479,0.42,14239552.0,17683476.0,1206.6094,99.05,29.85,2023,650.13,-2.72,-0.32,-0.03
2023-11-01,batang,巴塘,Batang,0.38,1.81,7.83,-4.81,3.0182362089921058,0.4,14936758.0,17771800.0,1173.3281,99.05,29.85,2023,648.54,-3.26,-0.16,-0.06
2023-11-02,batang,巴塘,Batang,0.84,3.89,10.01,-1.42,3.418306022530107,0.62,15722820.0,18188392.0,1142.9453,99.05,29.85,2023,645.37,-4.57,0.55,0.18
2023-11-03,batang,巴塘,Batang,1.23,2.39,7.43,-1.68,2.7392071662739137,0.79,13732524.0,16007900.0,1116.0,99.05,29.85,2023,643.76,-2.4,0.73,-0.04
2023-11-04,batang,巴塘,Batang,2.39,2.61,8.18,-1.67,2.8810407423354305,1.5,13522954.0,15637400.0,1092.1953,99.05,29.85,2023,642.8,-5.44,1.37,0.46
2023-11-05,batang,巴塘,Batang,1.26,-0.61,4.16,-5.54,2.0433449571581064,0.9,10210108.0,13038156.0,1072.375,99.05,29.85,2023,647.97,-6.07,-0.84,0.3
2023-11-06,batang,巴塘,Batang,0.09,-0.75,4.07,-6.09,2.7004057378834645,0.64,14083868.0,17341776.0,1052.7969,99.05,29.85,2023,647.23,-8.22,-0.46,0.13
2023-11-07,batang,巴塘,Batang,0.73,0.95,6.26,-3.57,2.7468099937547605,0.61,13233218.0,16068460.0,1033.1367,99.05,29.85,2023,645.23,-7.9,0.38,0.1
2023-11-08,batang,巴塘,Batang,0.78,0.9,5.88,-3.9,2.4105667996529694,0.59,11760712.0,14105336.0,1014.2578,99.05,29.85,2023,644.3,-6.72,0.16,0.28
2023-11-09,batang,巴塘,Batang,1.06,0.16,5.08,-4.65,2.4237851495419034,0.41,12673696.0,15060996.0,996.33203,99.05,29.85,2023,645.74,-5.15,-0.35,0.04
2023-11-10,batang,巴塘,Batang,0.6,1.59,6.83,-3.05,2.5646794402820143,0.68,12378528.0,14737106.0,979.8203,99.05,29.85,2023,646.15,-5.6,0.6,0.02
2023-11-11,batang,巴塘,Batang,0.63,2.23,6.58,-2.58,2.5736966217227444,0.94,12510738.0,14573948.0,964.4258,99.05,29.85,2023,646.86,-4.13,0.88,-0.15
2023-11-12,batang,巴塘,Batang,1.3,2.24,7.38,-2.36,2.808410823181424,1.14,13301308.0,15325996.0,950.1133,99.05,29.85,2023,647.91,-6.41,0.37,0.48
2023-11-13,batang,巴塘,Batang,0.56,2.07,6.96,-2.53,2.8489201573748018,0.73,13051182.0,15368512.0,937.375,99.05,29.85,2023,647.91,-9.27,0.53,0.26
2023-11-14,batang,巴塘,Batang,0.0,3.05,8.08,-1.78,3.3501080370139658,1.13,15048296.0,17403108.0,924.3906,99.05,29.85,2023,646.21,-8.57,1.12,-0.02
2023-11-15,batang,巴塘,Batang,0.59,2.76,8.71,-1.59,2.976641050805432,0.99,13924002.0,15888244.0,911.9922,99.05,29.85,2023,648.05,-6.7,-0.19,0.59
2023-11-16,batang,巴塘,Batang,0.17,2.5,6.32,-1.62,2.2126596953490143,0.37,10476148.0,11973712.0,900.72266,99.05,29.85,2023,650.3,-6.11,-0.2,0.04
2023-11-17,batang,巴塘,Batang,4.08,2.61,6.9,-0.23,2.026788052109189,0.76,9654568.0,10949128.0,890.0156,99.05,29.85,2023,649.0,-3.32,0.62,-0.13
2023-11-18,batang,巴塘,Batang,9.96,-1.27,1.77,-6.41,0.90688515726366,0.52,3570054.0,6247844.0,881.625,99.05,29.85,2023,648.32,-2.23,-0.45,0.1
2023-11-19,batang,巴塘,Batang,0.07,-6.05,-0.06,-12.96,1.6047846977870113,0.48,5413316.0,13655972.0,875.0703,99.05,29.85,2023,649.63,-8.44,-0.26,0.31
2023-11-20,batang,巴塘,Batang,0.01,-7.35,-0.85,-12.96,1.7294969213392892,0.41,6501296.0,15424532.0,866.0703,99.05,29.85,2023,648.17,-10.85,0.08,0.25
2023-11-21,batang,巴塘,Batang,0.89,-5.14,0.39,-13.01,2.0312192786969776,0.5,7602980.0,16487420.0,856.1992,99.05,29.85,2023,646.03,-8.51,-0.1,0.28
2023-11-22,batang,巴塘,Batang,0.41,-3.41,1.25,-11.05,1.8243654471759256,0.67,6546124.0,13820204.0,846.85547,99.05,29.85,2023,646.76,-6.45,-0.6,0.23
2023-11-23,batang,巴塘,Batang,0.02,-8.0,-0.68,-14.93,1.6805722090848547,0.46,7937646.0,15635400.0,838.2578,99.05,29.85,2023,647.65,-11.28,-0.26,0.28
2023-11-24,batang,巴塘,Batang,0.04,-8.64,-2.65,-15.0,1.5706831109467625,0.53,8123936.0,15274744.0,830.33984,99.05,29.85,2023,646.54,-11.67,0.44,0.14
2023-11-25,batang,巴塘,Batang,0.04,-7.79,-1.75,-14.22,1.6143034753642849,0.66,8382714.0,15175320.0,822.90625,99.05,29.85,2023,649.89,-11.07,-0.13,0.44
2023-11-26,batang,巴塘,Batang,0.03,-8.35,-1.82,-14.12,1.6704438085704882,0.52,8865412.0,15495716.0,815.84766,99.05,29.85,2023,651.83,-13.79,-0.25,0.35
2023-11-27,batang,巴塘,Batang,0.0,-6.57,0.06,-12.79,2.006043180874516,0.39,10057028.0,16662708.0,809.0469,99.05,29.85,2023,649.56,-13.99,-0.03,0.28
2023-11-28,batang,巴塘,Batang,0.0,-5.73,0.44,-11.55,2.0207019457205235,0.6,10359272.0,16069696.0,802.45703,99.05,29.85,2023,645.95,-13.68,0.53,0.14
2023-11-29,batang,巴塘,Batang,0.0,-3.5,1.94,-9.81,2.1996695314713466,0.64,10979864.0,16032196.0,796.0703,99.05,29.85,2023,646.11,-9.88,0.6,0.17
2023-11-30,batang,巴塘,Batang,0.25,-3.08,2.15,-7.86,1.8990385873379845,0.81,10127122.0,13955188.0,789.90625,99.05,29.85,2023,646.79,-7.38,0.72,0.34
2023-12-01,batang,巴塘,Batang,0.1,-3.99,0.95,-7.59,1.7235855624434282,0.94,9794718.0,13227992.0,784.0156,99.05,29.85,2023,645.94,-8.29,0.86,0.35
2023-12-02,batang,巴塘,Batang,0.89,-1.83,2.28,-7.49,1.83067108961038,0.93,9825676.0,12899336.0,778.3594,99.05,29.85,2023,645.54,-5.44,0.89,0.25
2023-12-03,batang,巴塘,Batang,1.13,-2.51,2.31,-7.2,1.789584152439086,0.75,9454980.0,12796336.0,773.14844,99.05,29.85,2023,645.53,-6.31,0.57,0.44
2023-12-04,batang,巴塘,Batang,0.77,-3.37,0.79,-7.36,1.4043993253906089,0.87,7782952.0,10422816.0,768.0547,99.05,29.85,2023,644.08,-6.67,0.69,0.33
2023-12-05,batang,巴塘,Batang,2.7,-3.86,0.57,-9.26,1.4812799964558494,0.94,8409980.0,11420356.0,762.8672,99.05,29.85,2023,646.17,-7.15,-0.26,0.58
2023-12-06,batang,巴塘,Batang,0.03,-6.14,-1.58,-9.94,1.7439655149612954,0.48,9168284.0,13992168.0,757.90625,99.05,29.85,2023,648.27,-13.63,-0.37,0.18
2023-12-07,batang,巴塘,Batang,0.95,-3.59,0.39,-10.09,1.9592092465154625,0.5,9481274.0,14009580.0,752.75,99.05,29.85,2023,645.08,-10.54,0.32,0.13
2023-12-08,batang,巴塘,Batang,10.52,-3.55,-0.53,-8.86,0.7320748906757245,0.34,2596580.0,5400420.0,748.03906,99.05,29.85,2023,642.75,-4.7,0.03,0.16
2023-12-09,batang,巴塘,Batang,0.9,-3.23,1.16,-7.42,1.4205356775901572,1.0,3551498.0,11120652.0,744.5078,99.05,29.85,2023,641.09,-5.3,0.94,-0.07
2023-12-10,batang,巴塘,Batang,0.72,-4.73,-0.86,-7.53,1.5496269971978736,0.84,4496990.0,12962340.0,739.3281,99.05,29.85,2023,641.59,-6.81,0.81,0.05
2023-12-11,batang,巴塘,Batang,0.44,-7.49,-0.8,-15.97,1.3180444679667516,0.53,4311996.0,12093348.0,733.7969,99.05,29.85,2023,644.61,-9.75,0.21,0.19
2023-12-12,batang,巴塘,Batang,0.32,-8.95,-3.45,-15.58,1.2696125770671132,0.98,4908488.0,13231376.0,728.5625,99.05,29.85,2023,642.15,-11.53,0.95,-0.08
2023-12-13,batang,巴塘,Batang,1.07,-7.99,-2.05,-13.21,1.3859351478759936,0.85,5244918.0,13703308.0,723.4922,99.05,29.85,2023,640.82,-10.18,0.77,-0.14
2023-12-14,batang,巴塘,Batang,0.66,-8.58,-2.98,-12.71,1.396878549549753,0.79,5142824.0,14131572.0,718.52344,99.05,29.85,2023,642.19,-10.88,0.73,0.24
2023-12-15,batang,巴塘,Batang,0.14,-11.19,-4.11,-17.3,1.179594218822541,0.68,5002052.0,13506428.0,713.71094,99.05,29.85,2023,644.52,-13.62,0.6,0.17
2023-12-16,batang,巴塘,Batang,0.11,-10.13,-4.08,-17.03,1.3128193003128084,0.67,5331200.0,14015040.0,708.9922,99.05,29.85,2023,643.35,-13.11,0.65,0.01
2023-12-17,batang,巴塘,Batang,0.27,-10.14,-4.74,-16.88,1.19172573564156,1.09,5309388.0,13568696.0,704.3203,99.05,29.85,2023,641.83,-12.49,1.08,-0.0
2023-12-18,batang,巴塘,Batang,0.75,-7.38,-2.7,-11.89,1.2081434114849985,0.86,4580176.0,11569364.0,699.6719,99.05,29.85,2023,642.55,-9.24,0.82,0.08
2023-12-19,batang,巴塘,Batang,0.11,-10.76,-2.14,-23.25,1.1532649624300948,0.55,4957342.0,12449008.0,695.0469,99.05,29.85,2023,647.01,-13.87,-0.02,0.27
2023-12-20,batang,巴塘,Batang,0.01,-14.9,-6.35,-23.65,1.1345504377664075,0.33,6187236.0,14937892.0,690.46094,99.05,29.85,2023,648.36,-20.71,-0.21,0.1
2023-12-21,batang,巴塘,Batang,0.0,-13.2,-4.44,-21.68,1.3294039945566962,0.31,6824276.0,15839004.0,685.9375,99.05,29.85,2023,647.18,-19.02,0.01,0.03
2023-12-22,batang,巴塘,Batang,0.0,-10.64,-2.86,-19.95,1.4904091733981668,0.43,7010766.0,15436152.0,681.40625,99.05,29.85,2023,647.74,-16.72,-0.22,0.08
2023-12-23,batang,巴塘,Batang,0.0,-12.2,-3.11,-19.5,1.404095135837302,0.38,7600534.0,15929576.0,676.8672,99.05,29.85,2023,649.48,-17.7,-0.2,0.01
2023-12-24,batang,巴塘,Batang,0.0,-12.46,-5.37,-20.23,1.2539524024027209,0.41,7249282.0,14544968.0,672.34375,99.05,29.85,2023,647.67,-16.95,0.2,-0.05
2023-12-25,batang,巴塘,Batang,0.08,-11.91,-3.54,-21.83,1.3375515243075462,0.33,7876036.0,15113924.0,667.8281,99.05,29.85,2023,646.12,-15.13,-0.08,0.03
2023-12-26,batang,巴塘,Batang,0.06,-13.64,-4.8,-22.82,1.0719962856053429,0.37,7120438.0,13390576.0,663.34375,99.05,29.85,2023,647.48,-16.91,-0.27,-0.01
2023-12-27,batang,巴塘,Batang,0.03,-13.58,-6.58,-22.74,1.1324041486750294,0.46,7727256.0,14317748.0,658.9219,99.05,29.85,2023,646.71,-16.78,0.21,-0.06
2023-12-28,batang,巴塘,Batang,0.18,-11.95,-4.4,-18.65,1.33958694699198,0.41,8494950.0,15367252.0,654.5078,99.05,29.85,2023,646.09,-15.06,0.15,0.01
2023-12-29,batang,巴塘,Batang,0.02,-10.95,-2.12,-19.52,1.4203219197473558,0.46,8658190.0,15227952.0,650.1094,99.05,29.85,2023,647.08,-15.5,-0.44,-0.03
2023-12-30,batang,巴塘,Batang,0.02,-14.94,-5.36,-25.72,1.1653360359224203,0.31,9115824.0,15555708.0,645.8047,99.05,29.85,2023,646.09,-19.29,-0.17,-0.06
2023-12-31,batang,巴塘,Batang,0.01,-15.11,-7.14,-27.2,1.126947542988164,0.35,9119624.0,15319180.0,641.5547,99.05,29.85,2023,644.92,-19.06,0.09,-0.04
2024-01-01,batang,巴塘,Batang,0.04,-12.7,-4.06,-21.91,1.340940501741592,0.39,9604942.0,15787664.0,637.3047,99.05,29.85,2024,643.6,-17.33,0.14,-0.08
2024-01-02,batang,巴塘,Batang,0.1,-14.03,-5.77,-22.19,1.1075223082274186,0.44,8752412.0,14187752.0,633.0625,99.05,29.85,2024,644.03,-18.06,0.16,-0.07
2024-01-03,batang,巴塘,Batang,0.24,-12.57,-5.48,-20.85,1.0902753809196744,0.56,8087622.0,13021432.0,628.85156,99.05,29.85,2024,642.96,-16.02,0.4,-0.06
2024-01-04,batang,巴塘,Batang,0.19,-13.39,-5.8,-21.6,1.0896553485119391,0.61,8529504.0,13738328.0,624.6719,99.05,29.85,2024,642.41,-17.03,0.43,-0.0
2024-01-05,batang,巴塘,Batang,0.08,-13.38,-5.12,-22.46,1.1313649076760992,0.5,8812644.0,14076172.0,620.5547,99.05,29.85,2024,644.21,-17.16,0.19,-0.02
2024-01-06,batang,巴塘,Batang,0.09,-12.75,-5.13,-22.01,1.1355069452515902,0.55,8637960.0,13671872.0,616.46094,99.05,29.85,2024,643.68,-16.48,0.46,-0.05
2024-01-07,batang,巴塘,Batang,0.07,-12.19,-4.01,-21.57,1.2431197926643387,0.44,9136064.0,14319180.0,612.3828,99.05,29.85,2024,644.53,-16.13,0.17,0.1
2024-01-08,batang,巴塘,Batang,0.03,-12.32,-3.94,-21.99,1.3028023334072705,0.37,9685394.0,15010996.0,608.2969,99.05,29.85,2024,644.62,-16.43,-0.0,0.06
2024-01-09,batang,巴塘,Batang,0.01,-11.12,-2.16,-23.11,1.465191995514984,0.42,10391744.0,15833512.0,604.22656,99.05,29.85,2024,643.69,-15.66,0.2,-0.06
2024-01-10,batang,巴塘,Batang,0.0,-8.83,-1.38,-17.22,1.7279367842499858,0.46,11040986.0,16449892.0,600.15625,99.05,29.85,2024,642.63,-14.19,0.18,0.04
2024-01-11,batang,巴塘,Batang,0.0,-7.16,0.05,-15.03,1.8900451771111504,0.33,11234172.0,16363288.0,596.125,99.05,29.85,2024,643.83,-12.3,-0.12,0.02
2024-01-12,batang,巴塘,Batang,0.0,-7.16,0.61,-14.18,1.9530060718815991,0.35,11646366.0,16642960.0,592.1328,99.05,29.85,2024,645.1,-14.91,-0.18,0.0
2024-01-13,batang,巴塘,Batang,0.0,-7.76,0.22,-15.44,1.9310999832610976,0.43,12152464.0,16988088.0,588.14844,99.05,29.85,2024,645.53,-15.93,0.23,-0.02
2024-01-14,batang,巴塘,Batang,0.0,-7.22,0.1,-15.41,1.919819759314824,0.7,12068644.0,16550256.0,584.1406,99.05,29.85,2024,644.08,-15.17,0.64,-0.15
2024-01-15,batang,巴塘,Batang,0.0,-7.03,-0.34,-13.74,1.9495173709842128,0.8,12546006.0,16935940.0,580.1328,99.05,29.85,2024,642.56,-14.11,0.77,-0.11
2024-01-16,batang,巴塘,Batang,0.22,-7.18,-1.24,-12.54,1.6328636565401171,0.9,10410344.0,13888768.0,576.15625,99.05,29.85,2024,641.19,-14.39,0.86,-0.05
2024-01-17,batang,巴塘,Batang,0.56,-7.07,-1.87,-11.14,1.5241166104822397,1.0,9750656.0,13169744.0,572.22656,99.05,29.85,2024,639.42,-12.88,0.97,0.01
2024-01-18,batang,巴塘,Batang,0.77,-7.53,-2.07,-14.24,1.6394420338476368,0.78,10716310.0,14766120.0,568.3672,99.05,29.85,2024,639.57,-12.84,0.73,0.17
2024-01-19,batang,巴塘,Batang,0.4,-8.44,-2.65,-14.66,1.7275157795182834,0.39,11504064.0,15889904.0,564.5547,99.05,29.85,2024,641.44,-14.53,0.25,0.17
2024-01-20,batang,巴塘,Batang,0.0,-7.93,-0.84,-15.89,1.8925780180704248,0.75,12403188.0,17012664.0,560.8047,99.05,29.85,2024,640.54,-15.89,0.63,-0.06
2024-01-21,batang,巴塘,Batang,1.57,-6.79,-1.71,-13.39,1.752376743466535,1.0,11042266.0,14835836.0,557.0469,99.05,29.85,2024,639.36,-13.85,0.94,0.08
2024-01-22,batang,巴塘,Batang,0.42,-7.06,-1.33,-14.64,1.9069198586467275,0.57,10667954.0,15821556.0,553.33594,99.05,29.85,2024,641.79,-17.37,0.24,0.33
2024-01-23,batang,巴塘,Batang,0.03,-7.83,-0.9,-15.8,1.815385677343278,1.2,12273400.0,17305276.0,549.65625,99.05,29.85,2024,639.65,-13.41,1.16,-0.17
2024-01-24,batang,巴塘,Batang,0.45,-7.68,-1.94,-13.16,1.5745787586546751,1.29,10495324.0,14523444.0,545.9375,99.05,29.85,2024,639.52,-13.26,1.23,0.09
2024-01-25,batang,巴塘,Batang,0.29,-7.11,-1.28,-11.87,1.8732669865792115,1.42,11972520.0,16436232.0,542.21875,99.05,29.85,2024,640.28,-14.69,1.25,0.45
2024-01-26,batang,巴塘,Batang,0.98,-7.09,-1.74,-11.36,1.8416387066383444,1.09,11336860.0,15828892.0,538.5781,99.05,29.85,2024,640.92,-14.91,0.96,0.25
2024-01-27,batang,巴塘,Batang,1.19,-7.15,-2.28,-12.61,1.7553342993180736,0.82,10727776.0,15288336.0,535.0156,99.05,29.85,2024,641.33,-13.63,0.73,0.09
2024-01-28,batang,巴塘,Batang,1.18,-8.1,-2.1,-14.06,1.6963167413593438,0.79,10929768.0,16023516.0,531.46875,99.05,29.85,2024,641.37,-12.95,0.71,0.1
2024-01-29,batang,巴塘,Batang,0.07,-8.05,-1.3,-14.65,1.847464142409119,0.94,11428672.0,17098124.0,527.9219,99.05,29.85,2024,640.93,-14.97,0.89,-0.19
2024-01-30,batang,巴塘,Batang,0.29,-8.01,-1.81,-15.5,1.7516268714352046,1.28,11686510.0,17001508.0,524.3594,99.05,29.85,2024,639.48,-13.33,1.25,-0.15
2024-01-31,batang,巴塘,Batang,0.64,-6.8,-1.69,-11.19,1.6996198395986606,1.25,10323984.0,14908064.0,520.7969,99.05,29.85,2024,639.82,-12.64,1.2,-0.0
2024-02-01,batang,巴塘,Batang,0.81,-6.28,-0.81,-10.99,1.8166056202002856,1.45,10636684.0,15606740.0,517.25,99.05,29.85,2024,639.05,-12.49,1.34,0.02
2024-02-02,batang,巴塘,Batang,0.91,-6.02,-0.69,-9.26,1.918743126442394,1.67,11187704.0,16619870.0,513.78125,99.05,29.85,2024,636.94,-12.21,1.55,0.21
2024-02-03,batang,巴塘,Batang,0.97,-6.23,-1.08,-10.95,1.9527386255986576,1.44,10763606.0,16346416.0,510.26562,99.05,29.85,2024,637.29,-13.8,1.27,0.48
2024-02-04,batang,巴塘,Batang,0.38,-7.59,-1.29,-12.73,1.767164556039328,1.3,10770892.0,16586826.0,506.78125,99.05,29.85,2024,639.49,-13.24,1.24,-0.11
2024-02-05,batang,巴塘,Batang,0.44,-6.78,-0.36,-12.7,1.8955325877022584,1.43,11341900.0,17294344.0,503.3125,99.05,29.85,2024,638.82,-12.41,1.36,-0.1
2024-02-06,batang,巴塘,Batang,1.42,-5.0,0.49,-9.59,2.013405483525617,1.51,10780554.0,16700486.0,499.875,99.05,29.85,2024,637.89,-10.65,1.43,0.12
2024-02-07,batang,巴塘,Batang,1.13,-4.94,0.58,-8.71,2.1199326729990857,1.32,10708260.0,17173334.0,496.54688,99.05,29.85,2024,637.93,-11.3,1.22,0.18
2024-02-08,batang,巴塘,Batang,2.97,-4.9,-0.13,-9.52,1.9114156754246707,1.11,9448868.0,15606164.0,493.21875,99.05,29.85,2024,638.7,-9.75,1.09,-0.1
2024-02-09,batang,巴塘,Batang,1.64,-8.73,-3.2,-17.16,1.7967877108671353,1.2,8417614.0,17379384.0,490.0625,99.05,29.85,2024,646.55,-16.03,-1.14,0.06
2024-02-10,batang,巴塘,Batang,0.0,-11.55,-4.91,-18.78,1.934410667494254,0.66,10858384.0,21111632.0,486.53125,99.05,29.85,2024,648.3,-22.63,-0.3,-0.54
2024-02-11,batang,巴塘,Batang,0.0,-7.62,-0.44,-17.14,2.307056214415481,0.91,11134526.0,20740890.0,483.0,99.05,29.85,2024,645.67,-17.05,0.76,-0.31
2024-02-12,batang,巴塘,Batang,0.11,-6.46,0.73,-13.26,2.3153047821664847,0.84,11262906.0,19862944.0,479.57812,99.05,29.85,2024,644.51,-13.93,0.74,-0.27
2024-02-13,batang,巴塘,Batang,0.01,-6.32,0.68,-13.72,2.2999078207331776,0.97,12103646.0,19990826.0,476.1875,99.05,29.85,2024,643.75,-12.92,0.84,-0.44
2024-02-14,batang,巴塘,Batang,0.35,-4.23,2.88,-12.52,2.4203894373789403,1.1,12276700.0,19054484.0,472.76562,99.05,29.85,2024,643.3,-10.58,1.01,-0.22
2024-02-15,batang,巴塘,Batang,6.05,-3.66,1.4,-9.49,1.9728577002264531,0.74,9755692.0,15080824.0,469.54688,99.05,29.85,2024,644.38,-7.47,0.14,0.11
2024-02-16,batang,巴塘,Batang,0.04,-5.84,1.54,-14.15,2.4705092033142337,0.43,10438674.0,20054300.0,466.90625,99.05,29.85,2024,643.49,-13.52,0.08,-0.26
2024-02-17,batang,巴塘,Batang,0.04,-6.36,1.14,-15.78,2.3294699852623912,1.04,11516140.0,20438770.0,463.5,99.05,29.85,2024,639.79,-12.96,0.93,-0.3
2024-02-18,batang,巴塘,Batang,0.13,-5.19,2.35,-12.87,2.3898449154315777,1.21,11648708.0,19925750.0,459.875,99.05,29.85,2024,640.79,-11.69,1.13,-0.22
2024-02-19,batang,巴塘,Batang,0.28,-4.18,3.04,-12.11,2.4522629358099857,1.3,11939866.0,19652522.0,456.40625,99.05,29.85,2024,639.81,-10.28,1.22,-0.3
2024-02-20,batang,巴塘,Batang,1.23,-2.64,3.44,-7.11,2.440110236113282,1.32,11086400.0,17844676.0,453.10938,99.05,29.85,2024,636.98,-8.86,1.22,0.04
2024-02-21,batang,巴塘,Batang,1.55,-2.56,2.88,-6.29,2.1807416816679632,1.64,10340662.0,16634622.0,450.04688,99.05,29.85,2024,636.65,-7.17,1.63,-0.11
2024-02-22,batang,巴塘,Batang,3.57,-1.97,3.27,-6.45,2.5618633346977395,1.91,12518804.0,20299740.0,447.3125,99.05,29.85,2024,636.95,-6.08,1.82,0.08
2024-02-23,batang,巴塘,Batang,3.77,-3.25,2.55,-8.67,2.2403550171064994,1.52,10176384.0,18912650.0,445.23438,99.05,29.85,2024,638.06,-6.05,1.47,-0.17
2024-02-24,batang,巴塘,Batang,0.76,-4.36,0.33,-8.55,2.391219534267865,1.7,9947516.0,20516144.0,442.89062,99.05,29.85,2024,639.89,-9.31,1.63,0.14
2024-02-25,batang,巴塘,Batang,1.22,-4.85,-0.77,-8.97,2.1186075218534897,1.47,9693846.0,19203882.0,439.5625,99.05,29.85,2024,639.93,-7.8,1.45,0.13
2024-02-26,batang,巴塘,Batang,0.45,-4.1,0.56,-8.46,2.3451711372548334,1.3,9892430.0,19486534.0,435.85938,99.05,29.85,2024,642.29,-8.34,1.26,0.05
2024-02-27,batang,巴塘,Batang,0.62,-3.18,2.25,-8.19,2.435653687446996,1.46,10467430.0,19550268.0,432.32812,99.05,29.85,2024,640.7,-7.53,1.41,0.01
2024-02-28,batang,巴塘,Batang,0.9,-2.51,2.55,-6.91,2.5954484227133774,1.5,10821500.0,19539982.0,428.96875,99.05,29.85,2024,638.22,-8.23,1.4,0.34
2024-02-29,batang,巴塘,Batang,0.84,-3.06,2.02,-6.9,2.490099209978831,1.37,10975874.0,19279662.0,425.75,99.05,29.85,2024,640.38,-8.3,1.25,0.3
2024-03-01,batang,巴塘,Batang,0.1,-3.86,3.26,-14.16,2.9687219326688004,1.04,13906938.0,23414176.0,422.54688,99.05,29.85,2024,642.6,-10.38,0.95,0.19
2024-03-02,batang,巴塘,Batang,0.1,-4.02,3.64,-14.85,2.6732155013857963,1.02,13399822.0,21379334.0,419.20312,99.05,29.85,2024,642.0,-9.36,0.95,-0.17
2024-03-03,batang,巴塘,Batang,0.24,-1.59,4.38,-7.2,2.934872289605324,1.21,13929758.0,21175624.0,415.85938,99.05,29.85,2024,640.05,-7.03,1.2,0.0
2024-03-04,batang,巴塘,Batang,0.7,0.03,5.46,-5.23,2.9279224023662254,1.58,14139080.0,20291268.0,413.0625,99.05,29.85,2024,638.71,-4.74,1.51,0.28
2024-03-05,batang,巴塘,Batang,0.91,0.03,5.09,-4.64,3.0142386983622766,1.64,14919195.0,20427792.0,411.76562,99.05,29.85,2024,638.73,-5.79,1.55,0.27
2024-03-06,batang,巴塘,Batang,0.89,-0.59,5.03,-4.73,3.0733191195997893,1.56,15796635.0,21262324.0,410.90625,99.05,29.85,2024,639.35,-6.86,1.43,0.28
2024-03-07,batang,巴塘,Batang,1.53,-0.59,4.33,-4.8,2.770985211079474,1.55,14153810.0,19178588.0,409.29688,99.05,29.85,2024,639.89,-6.08,1.51,0.07
2024-03-08,batang,巴塘,Batang,0.54,-1.39,4.46,-7.43,3.1282426558859977,1.54,16130645.0,21731506.0,406.98438,99.05,29.85,2024,640.22,-9.46,1.31,0.46
2024-03-09,batang,巴塘,Batang,0.52,-1.99,3.6,-8.29,2.9558465354262253,1.32,16076141.0,21183760.0,403.51562,99.05,29.85,2024,641.51,-9.14,1.26,-0.04
2024-03-10,batang,巴塘,Batang,1.64,-2.58,5.61,-12.32,3.1669339716427127,0.88,17719980.0,22803408.0,399.32812,99.05,29.85,2024,646.39,-10.56,-0.31,0.26
2024-03-11,batang,巴塘,Batang,0.01,-0.89,5.84,-12.3,3.69823007531162,1.17,18881828.0,24317784.0,395.125,99.05,29.85,2024,644.46,-12.08,0.95,-0.43
2024-03-12,batang,巴塘,Batang,0.52,0.61,6.95,-6.14,3.5168218063520165,1.37,17744798.0,22132798.0,391.15625,99.05,29.85,2024,641.04,-7.9,1.27,0.19
2024-03-13,batang,巴塘,Batang,0.87,0.65,6.21,-4.57,3.250986198839643,1.39,17030546.0,20901660.0,388.32812,99.05,29.85,2024,641.35,-6.01,1.33,-0.14
2024-03-14,batang,巴塘,Batang,1.05,1.0,6.85,-4.27,3.3268808509520964,1.59,17517494.0,21404136.0,386.26562,99.05,29.85,2024,640.33,-5.48,1.51,0.09
2024-03-15,batang,巴塘,Batang,0.47,1.3,8.43,-5.56,3.4805950131052543,1.42,17517570.0,21199502.0,383.96875,99.05,29.85,2024,642.93,-6.99,1.32,0.09
2024-03-16,batang,巴塘,Batang,0.14,0.38,7.74,-6.49,3.4777591279345383,1.78,19018804.0,22587170.0,381.53125,99.05,29.85,2024,643.59,-7.8,1.71,0.02
2024-03-17,batang,巴塘,Batang,0.43,0.52,7.55,-6.04,3.291904919645136,1.76,17912516.0,21057764.0,378.73438,99.05,29.85,2024,643.6,-7.33,1.68,0.16
2024-03-18,batang,巴塘,Batang,0.6,0.91,7.22,-4.26,3.583398200166777,1.2,18917766.0,22042872.0,375.85938,99.05,29.85,2024,644.4,-7.94,1.13,-0.01
2024-03-19,batang,巴塘,Batang,0.4,1.74,7.83,-4.3,3.814121991808247,1.79,19233684.0,22318750.0,372.76562,99.05,29.85,2024,645.02,-8.8,1.59,0.47
2024-03-20,batang,巴塘,Batang,1.08,1.82,7.5,-2.86,2.5603462062277407,1.28,12769698.0,14869460.0,369.8125,99.05,29.85,2024,645.74,-4.36,1.22,0.2
2024-03-21,batang,巴塘,Batang,0.93,3.05,9.22,-1.88,3.540778576426156,1.0,17202736.0,20225194.0,367.35938,99.05,29.85,2024,643.0,-3.65,0.94,0.13
2024-03-22,batang,巴塘,Batang,2.42,2.44,8.7,-2.54,3.4529374597342595,1.02,17963392.0,20782372.0,366.03125,99.05,29.85,2024,637.93,-2.74,1.0,0.07
2024-03-23,batang,巴塘,Batang,0.27,2.72,9.25,-2.49,3.725966881672365,1.68,18225134.0,21432872.0,364.84375,99.05,29.85,2024,638.54,-5.82,1.65,0.16
2024-03-24,batang,巴塘,Batang,2.7,0.16,6.75,-5.32,2.6670443502573167,0.87,14603600.0,17199542.0,363.54688,99.05,29.85,2024,643.11,-4.8,0.05,0.36
2024-03-25,batang,巴塘,Batang,0.22,2.19,8.88,-4.62,3.7948770593703696,1.78,18244344.0,22067348.0,361.46875,99.05,29.85,2024,643.34,-7.41,1.73,-0.1
2024-03-26,batang,巴塘,Batang,2.41,2.29,8.06,-2.08,3.219698589039301,1.66,16530258.0,19747804.0,360.28125,99.05,29.85,2024,642.97,-3.4,1.61,0.21
2024-03-27,batang,巴塘,Batang,3.18,-0.28,4.92,-5.66,3.142051298294279,0.83,16042292.0,20207534.0,362.76562,99.05,29.85,2024,645.72,-7.82,-0.44,0.43
2024-03-28,batang,巴塘,Batang,0.06,-0.29,5.84,-5.5,4.024456646089091,1.04,20217444.0,25358242.0,365.0,99.05,29.85,2024,646.57,-13.94,-1.02,0.08
2024-03-29,batang,巴塘,Batang,0.16,3.77,9.98,-3.93,4.8209959500120965,1.1,21588610.0,25964994.0,361.29688,99.05,29.85,2024,643.1,-9.18,0.98,0.43
2024-03-30,batang,巴塘,Batang,2.83,2.83,10.33,-3.63,3.98641494830342,0.61,19884596.0,23307340.0,357.3125,99.05,29.85,2024,644.4,-1.94,0.2,0.12
2024-03-31,batang,巴塘,Batang,1.46,4.04,10.5,-1.99,3.767693825910433,1.1,18549308.0,21501258.0,354.04688,99.05,29.85,2024,641.3,-1.09,1.08,0.01
