date,station_slug,station_name,station_en,pr,tmean,tmax,tmin,et0,wind,rad_net,rad_down,runoff,longitude,latitude,year,surface_pressure_hpa,dewpoint,wind_v,wind_u
2010-01-01,panzhihua,攀枝花,Panzhihua,0.0,14.3,20.38,7.97,4.373965976601683,0.98,12939888.0,14403424.0,1848.7422,101.75,26.55,2010,850.2,-2.73,0.37,0.53
2010-01-02,panzhihua,攀枝花,Panzhihua,0.0,13.05,19.27,6.51,4.242076354024372,0.58,14288202.0,15904728.0,1829.8281,101.75,26.55,2010,853.61,-2.16,0.03,-0.08
2010-01-03,panzhihua,攀枝花,Panzhihua,0.0,12.61,19.38,5.48,4.266561751246466,0.5,14620044.0,16274140.0,1812.6328,101.75,26.55,2010,851.22,-4.41,0.07,-0.21
2010-01-04,panzhihua,攀枝花,Panzhihua,0.0,14.03,20.31,6.38,4.542513394657492,0.76,14373738.0,16000048.0,1795.875,101.75,26.55,2010,845.51,-2.93,0.41,-0.43
2010-01-05,panzhihua,攀枝花,Panzhihua,0.0,14.48,21.25,8.04,4.60607597759422,0.84,14382426.0,16009812.0,1779.5312,101.75,26.55,2010,848.35,-1.19,0.14,-0.37
2010-01-06,panzhihua,攀枝花,Panzhihua,0.0,12.74,18.85,7.13,4.08655192768413,0.63,14080998.0,15674388.0,1764.3594,101.75,26.55,2010,852.06,0.73,-0.22,-0.35
2010-01-07,panzhihua,攀枝花,Panzhihua,0.0,13.81,20.28,7.12,4.284889013712829,0.56,14390038.0,16018300.0,1749.9688,101.75,26.55,2010,854.29,0.5,-0.03,-0.08
2010-01-08,panzhihua,攀枝花,Panzhihua,0.0,14.28,20.78,7.67,4.465084157272786,0.64,14545734.0,16191684.0,1735.375,101.75,26.55,2010,850.25,-0.42,0.2,-0.15
2010-01-09,panzhihua,攀枝花,Panzhihua,0.0,15.35,22.05,7.0,5.148094625930104,1.13,14736000.0,16403564.0,1720.2812,101.75,26.55,2010,847.62,-4.01,0.8,0.26
2010-01-10,panzhihua,攀枝花,Panzhihua,0.0,14.15,20.26,7.84,4.593471456050255,0.74,14719378.0,16385104.0,1705.375,101.75,26.55,2010,849.55,-1.67,0.13,-0.55
2010-01-11,panzhihua,攀枝花,Panzhihua,0.0,11.27,17.08,5.2,3.906203100070201,1.26,13204836.0,14699728.0,1691.625,101.75,26.55,2010,852.39,0.42,-0.42,-1.1
2010-01-12,panzhihua,攀枝花,Panzhihua,0.04,7.69,10.48,4.33,1.736942139040936,0.95,5864742.0,6527500.0,1679.8906,101.75,26.55,2010,855.3,0.22,-0.39,-0.79
2010-01-13,panzhihua,攀枝花,Panzhihua,0.0,10.28,14.84,4.3,2.6494801970932955,0.57,9694558.0,10791592.0,1669.4062,101.75,26.55,2010,856.07,2.1,-0.21,-0.37
2010-01-14,panzhihua,攀枝花,Panzhihua,0.01,13.31,19.71,7.13,3.305680994876728,0.73,11086620.0,12340716.0,1658.8906,101.75,26.55,2010,852.96,4.62,0.11,-0.18
2010-01-15,panzhihua,攀枝花,Panzhihua,0.05,14.52,21.33,7.58,4.383465651621365,0.88,14193518.0,15799676.0,1647.1094,101.75,26.55,2010,856.65,3.36,-0.07,-0.35
2010-01-16,panzhihua,攀枝花,Panzhihua,0.0,13.88,20.39,7.04,4.273518948079759,0.74,14422122.0,16056388.0,1634.25,101.75,26.55,2010,857.89,3.54,-0.06,-0.3
2010-01-17,panzhihua,攀枝花,Panzhihua,0.0,15.06,21.63,8.5,4.515547761473536,0.5,15031056.0,16736840.0,1620.9062,101.75,26.55,2010,857.38,3.02,0.09,-0.22
2010-01-18,panzhihua,攀枝花,Panzhihua,0.0,15.77,22.61,9.0,4.749092934943239,0.67,15209040.0,16937384.0,1606.8594,101.75,26.55,2010,853.0,3.16,0.26,-0.2
2010-01-19,panzhihua,攀枝花,Panzhihua,0.0,16.59,23.63,9.07,4.878320409597759,0.69,15016926.0,16725836.0,1592.3281,101.75,26.55,2010,851.8,1.91,0.24,-0.11
2010-01-20,panzhihua,攀枝花,Panzhihua,0.0,17.35,24.54,10.17,5.14430182575925,0.9,14583900.0,16245340.0,1578.4531,101.75,26.55,2010,853.49,-1.08,0.57,0.26
2010-01-21,panzhihua,攀枝花,Panzhihua,0.0,15.85,22.67,8.98,4.95844730749434,0.56,15756042.0,17553872.0,1566.5938,101.75,26.55,2010,853.52,-0.62,0.1,-0.16
2010-01-22,panzhihua,攀枝花,Panzhihua,0.0,16.35,23.1,9.39,5.234095602732879,0.7,15942684.0,17764288.0,1556.7969,101.75,26.55,2010,853.15,-2.34,0.39,-0.05
2010-01-23,panzhihua,攀枝花,Panzhihua,0.0,16.23,22.93,8.87,5.235319899186711,0.69,15934426.0,17757544.0,1547.8594,101.75,26.55,2010,852.42,-3.42,0.42,0.14
2010-01-24,panzhihua,攀枝花,Panzhihua,0.0,16.43,23.61,8.85,5.852437842557273,1.24,16120538.0,17967440.0,1538.4531,101.75,26.55,2010,852.86,-6.0,0.7,0.58
2010-01-25,panzhihua,攀枝花,Panzhihua,0.0,15.29,21.9,8.63,5.044444497719887,0.57,15996942.0,17832244.0,1528.0312,101.75,26.55,2010,854.0,-4.52,0.14,-0.22
2010-01-26,panzhihua,攀枝花,Panzhihua,0.06,15.0,21.59,8.23,4.699003357228032,1.51,13592074.0,15153164.0,1516.4219,101.75,26.55,2010,851.65,2.13,1.13,0.59
2010-01-27,panzhihua,攀枝花,Panzhihua,0.01,14.51,20.52,7.42,5.036758290007102,1.12,15525706.0,17311546.0,1503.8906,101.75,26.55,2010,852.27,-0.53,0.6,0.37
2010-01-28,panzhihua,攀枝花,Panzhihua,0.0,15.92,22.57,7.21,5.397104049454161,0.84,16325784.0,18206292.0,1490.7344,101.75,26.55,2010,851.51,-2.89,0.63,-0.03
2010-01-29,panzhihua,攀枝花,Panzhihua,0.0,16.9,23.52,8.64,5.882422756155535,1.06,16564996.0,18475660.0,1476.8281,101.75,26.55,2010,850.11,-5.4,0.93,-0.04
2010-01-30,panzhihua,攀枝花,Panzhihua,0.0,16.18,23.63,8.87,6.189752423549173,1.58,16705378.0,18634804.0,1462.6094,101.75,26.55,2010,849.32,-5.47,1.23,0.68
2010-01-31,panzhihua,攀枝花,Panzhihua,0.0,16.35,22.5,8.79,5.900509438300753,1.24,16696148.0,18627076.0,1448.7969,101.75,26.55,2010,850.75,-3.79,0.81,0.38
2010-02-01,panzhihua,攀枝花,Panzhihua,0.0,16.76,23.4,8.79,6.326132431954311,1.6,16783226.0,18726868.0,1435.3594,101.75,26.55,2010,848.97,-5.03,1.14,0.77
2010-02-02,panzhihua,攀枝花,Panzhihua,0.0,17.11,23.22,9.93,6.430583141679096,1.63,16713800.0,18652060.0,1422.25,101.75,26.55,2010,848.64,-5.55,1.19,0.56
2010-02-03,panzhihua,攀枝花,Panzhihua,0.0,16.85,23.29,9.43,6.435492071849581,1.63,17067880.0,19049840.0,1409.6406,101.75,26.55,2010,848.91,-4.97,1.21,0.71
2010-02-04,panzhihua,攀枝花,Panzhihua,0.0,16.86,23.12,9.86,6.45614000913882,1.75,16893352.0,18857672.0,1397.5469,101.75,26.55,2010,849.15,-4.46,1.17,1.0
2010-02-05,panzhihua,攀枝花,Panzhihua,0.0,16.44,22.77,9.47,6.281690227506028,1.72,16570746.0,18499928.0,1386.0,101.75,26.55,2010,849.03,-4.78,1.22,0.94
2010-02-06,panzhihua,攀枝花,Panzhihua,0.0,15.44,21.81,7.98,5.808571963079258,1.09,17206946.0,19212980.0,1375.1875,101.75,26.55,2010,851.93,-5.23,0.48,0.46
2010-02-07,panzhihua,攀枝花,Panzhihua,0.0,15.9,23.03,6.82,5.806865043684317,0.78,17806720.0,19885384.0,1364.7812,101.75,26.55,2010,850.93,-5.18,0.39,-0.01
2010-02-08,panzhihua,攀枝花,Panzhihua,0.0,17.77,24.69,8.62,6.533313119570415,1.26,17720038.0,19791368.0,1354.0625,101.75,26.55,2010,847.55,-5.82,0.95,0.37
2010-02-09,panzhihua,攀枝花,Panzhihua,0.0,17.96,25.37,10.04,6.6392868844462045,1.59,17658430.0,19725296.0,1343.25,101.75,26.55,2010,846.1,-1.9,1.26,0.58
2010-02-10,panzhihua,攀枝花,Panzhihua,0.0,19.06,26.32,11.1,7.244689194773668,2.22,17658280.0,19727856.0,1332.5625,101.75,26.55,2010,847.42,-0.52,1.21,1.58
2010-02-11,panzhihua,攀枝花,Panzhihua,0.0,18.79,25.14,11.5,6.588401355269604,1.46,17494846.0,19547924.0,1322.5938,101.75,26.55,2010,850.69,-0.22,0.91,0.78
2010-02-12,panzhihua,攀枝花,Panzhihua,0.0,18.81,25.04,10.73,6.508630531266558,1.14,17933020.0,20040382.0,1313.5625,101.75,26.55,2010,849.82,-1.16,1.02,0.08
2010-02-13,panzhihua,攀枝花,Panzhihua,0.0,18.58,25.19,11.54,7.311304058062401,2.23,18124274.0,20256932.0,1304.7812,101.75,26.55,2010,845.91,-1.45,1.35,1.47
2010-02-14,panzhihua,攀枝花,Panzhihua,0.0,18.15,24.62,12.18,6.82500205959238,2.12,17463200.0,19520780.0,1296.6562,101.75,26.55,2010,846.42,0.43,1.53,1.11
2010-02-15,panzhihua,攀枝花,Panzhihua,0.0,18.39,24.73,12.26,6.996123179116273,2.1,17565752.0,19638220.0,1289.9062,101.75,26.55,2010,848.6,-0.81,1.3,1.23
2010-02-16,panzhihua,攀枝花,Panzhihua,0.0,18.64,25.14,10.87,7.0543339389045725,2.08,17584784.0,19664988.0,1284.875,101.75,26.55,2010,848.73,-0.84,1.28,1.07
2010-02-17,panzhihua,攀枝花,Panzhihua,0.04,14.26,21.47,5.92,5.05052260633701,1.41,15401738.0,17228400.0,1281.625,101.75,26.55,2010,849.01,0.57,-0.53,-1.04
2010-02-18,panzhihua,攀枝花,Panzhihua,0.48,6.71,12.94,2.48,2.8291783702132327,1.48,10599954.0,11861240.0,1280.8125,101.75,26.55,2010,852.83,-2.35,-0.86,-1.17
2010-02-19,panzhihua,攀枝花,Panzhihua,0.0,10.47,15.84,3.09,3.684279074866789,0.47,13721814.0,15357978.0,1283.5938,101.75,26.55,2010,852.21,-0.64,0.01,-0.39
2010-02-20,panzhihua,攀枝花,Panzhihua,0.0,17.02,23.26,6.12,6.099511814084793,0.81,18708208.0,20944710.0,1287.2812,101.75,26.55,2010,848.2,0.35,0.44,-0.02
2010-02-21,panzhihua,攀枝花,Panzhihua,0.0,17.58,23.74,10.51,6.325321268006589,0.97,18604660.0,20834590.0,1290.7188,101.75,26.55,2010,849.31,-0.77,0.27,0.29
2010-02-22,panzhihua,攀枝花,Panzhihua,0.0,18.62,25.47,9.89,6.5583195388607285,0.73,19345606.0,21670324.0,1294.3438,101.75,26.55,2010,849.78,-1.72,0.3,-0.03
2010-02-23,panzhihua,攀枝花,Panzhihua,0.0,19.13,25.94,12.43,6.409750974275676,1.81,15220988.0,17054952.0,1296.8438,101.75,26.55,2010,844.65,-1.17,1.27,1.07
2010-02-24,panzhihua,攀枝花,Panzhihua,0.0,19.08,25.99,12.89,7.598043635896069,2.18,19292968.0,21623514.0,1296.2188,101.75,26.55,2010,843.81,0.04,1.24,1.56
2010-02-25,panzhihua,攀枝花,Panzhihua,0.0,19.01,24.55,12.42,6.972758632464233,1.47,18786860.0,21062138.0,1290.7188,101.75,26.55,2010,846.87,0.23,1.0,0.83
2010-02-26,panzhihua,攀枝花,Panzhihua,0.0,19.37,25.96,11.79,7.114009301034352,1.22,19453146.0,21815246.0,1280.3438,101.75,26.55,2010,847.98,-1.2,0.54,0.61
2010-02-27,panzhihua,攀枝花,Panzhihua,0.0,20.2,26.85,11.35,7.276151269640187,1.18,19489308.0,21861970.0,1266.5938,101.75,26.55,2010,847.08,-1.65,0.69,0.75
2010-02-28,panzhihua,攀枝花,Panzhihua,0.03,20.01,26.1,12.65,7.461631010335199,1.57,19254336.0,21604468.0,1251.1562,101.75,26.55,2010,847.95,-0.91,0.65,1.13
2010-03-01,panzhihua,攀枝花,Panzhihua,0.0,20.73,27.05,11.99,7.65280722859934,1.39,20095820.0,22554916.0,1235.625,101.75,26.55,2010,847.98,0.11,0.86,0.74
2010-03-02,panzhihua,攀枝花,Panzhihua,0.0,20.43,27.02,14.17,7.442479270960499,1.9,18537292.0,20811686.0,1220.9375,101.75,26.55,2010,845.25,1.81,1.23,1.04
2010-03-03,panzhihua,攀枝花,Panzhihua,0.04,18.65,23.66,12.12,5.073823096226887,1.11,13709088.0,15395502.0,1208.4062,101.75,26.55,2010,846.56,4.04,0.24,0.83
2010-03-04,panzhihua,攀枝花,Panzhihua,0.02,19.46,25.63,11.55,7.1280420384301015,1.87,18017432.0,20239202.0,1197.5,101.75,26.55,2010,844.94,0.77,0.87,1.5
2010-03-05,panzhihua,攀枝花,Panzhihua,0.0,20.26,26.71,13.25,7.6108436891176785,2.05,19075680.0,21434068.0,1188.0,101.75,26.55,2010,844.66,2.23,1.18,1.35
2010-03-06,panzhihua,攀枝花,Panzhihua,0.04,20.59,26.85,13.79,7.13728098223807,1.95,17537348.0,19710904.0,1180.5938,101.75,26.55,2010,847.22,3.34,1.21,1.17
2010-03-07,panzhihua,攀枝花,Panzhihua,0.03,21.38,27.88,13.82,7.357540471155869,2.1,17271290.0,19417380.0,1175.4062,101.75,26.55,2010,847.08,3.51,1.11,1.52
2010-03-08,panzhihua,攀枝花,Panzhihua,0.0,18.58,26.62,7.57,6.210231537024143,1.96,15534803.0,17469262.0,1175.0312,101.75,26.55,2010,850.93,2.52,0.44,0.32
2010-03-09,panzhihua,攀枝花,Panzhihua,0.1,12.9,18.75,7.71,4.587120947430557,1.5,14224255.0,16001450.0,1181.6562,101.75,26.55,2010,857.61,0.15,-0.5,-1.31
2010-03-10,panzhihua,攀枝花,Panzhihua,0.0,15.4,20.76,8.38,5.088114099666429,0.94,16039174.0,18047350.0,1194.3125,101.75,26.55,2010,854.89,3.0,-0.13,-0.69
2010-03-11,panzhihua,攀枝花,Panzhihua,0.0,20.72,27.75,10.27,7.233994489586152,0.93,20051120.0,22568048.0,1210.0938,101.75,26.55,2010,851.42,0.97,0.49,0.37
2010-03-12,panzhihua,攀枝花,Panzhihua,0.0,22.71,29.7,13.15,8.535191170460786,1.61,20875532.0,23502554.0,1226.875,101.75,26.55,2010,848.36,-0.22,0.99,1.04
2010-03-13,panzhihua,攀枝花,Panzhihua,0.0,22.11,28.93,15.07,8.731645698322566,2.02,20657182.0,23263476.0,1242.4688,101.75,26.55,2010,846.45,-0.98,1.16,1.34
2010-03-14,panzhihua,攀枝花,Panzhihua,0.0,21.84,28.59,14.34,8.945893932629689,1.85,21753432.0,24504780.0,1253.0,101.75,26.55,2010,847.65,-3.24,1.16,1.03
2010-03-15,panzhihua,攀枝花,Panzhihua,0.0,20.46,27.46,9.57,7.798193268409473,1.3,20750838.0,23382188.0,1256.3438,101.75,26.55,2010,852.01,-1.42,0.18,0.12
2010-03-16,panzhihua,攀枝花,Panzhihua,0.0,17.63,23.32,10.43,6.437221903920449,0.63,19994326.0,22533368.0,1252.9688,101.75,26.55,2010,855.69,1.59,-0.14,-0.25
2010-03-17,panzhihua,攀枝花,Panzhihua,0.01,21.23,27.32,11.34,7.163440558605063,0.53,20648852.0,23274902.0,1244.4062,101.75,26.55,2010,857.92,0.23,-0.25,-0.03
2010-03-18,panzhihua,攀枝花,Panzhihua,0.0,21.8,28.07,13.82,7.5902412092748035,0.87,20731462.0,23371694.0,1233.6562,101.75,26.55,2010,855.01,0.81,0.1,-0.09
2010-03-19,panzhihua,攀枝花,Panzhihua,0.0,22.99,29.27,13.56,8.532422900379686,1.28,21407070.0,24137290.0,1222.4062,101.75,26.55,2010,849.89,-2.29,0.42,0.9
2010-03-20,panzhihua,攀枝花,Panzhihua,0.0,23.27,30.11,15.37,7.745362270970691,0.58,21075676.0,23767968.0,1210.0625,101.75,26.55,2010,850.84,-4.54,0.17,0.11
2010-03-21,panzhihua,攀枝花,Panzhihua,0.0,25.25,32.73,14.75,9.698842846973776,1.47,22825200.0,25744744.0,1194.0625,101.75,26.55,2010,845.32,-4.05,1.03,0.81
2010-03-22,panzhihua,攀枝花,Panzhihua,0.0,24.58,31.86,17.18,9.24276658927591,2.12,20409330.0,23023730.0,1174.5,101.75,26.55,2010,843.11,1.35,1.13,1.57
2010-03-23,panzhihua,攀枝花,Panzhihua,0.0,23.71,29.77,16.96,7.255100174688648,2.04,15691080.0,17704150.0,1155.25,101.75,26.55,2010,843.18,5.97,1.08,1.48
2010-03-24,panzhihua,攀枝花,Panzhihua,0.02,19.51,26.53,9.9,4.686834286678846,1.76,10232936.0,11548024.0,1139.5938,101.75,26.55,2010,848.75,5.36,-0.41,-0.18
2010-03-25,panzhihua,攀枝花,Panzhihua,0.77,10.95,15.14,7.71,3.22645896707187,1.63,10138988.0,11444928.0,1130.3125,101.75,26.55,2010,857.51,1.88,-1.15,-1.05
2010-03-26,panzhihua,攀枝花,Panzhihua,0.0,17.21,23.67,7.79,6.052630402653098,0.82,18715846.0,21128340.0,1131.4062,101.75,26.55,2010,850.8,3.55,-0.29,-0.34
2010-03-27,panzhihua,攀枝花,Panzhihua,3.83,18.35,25.24,10.15,6.467576964891631,1.12,19988722.0,22568546.0,1149.8125,101.75,26.55,2010,853.67,8.22,-0.19,-0.93
2010-03-28,panzhihua,攀枝花,Panzhihua,3.06,18.28,24.33,13.62,4.709859868531527,1.11,14813322.0,16727936.0,1193.75,101.75,26.55,2010,850.23,12.18,0.99,-0.33
2010-03-29,panzhihua,攀枝花,Panzhihua,0.41,18.84,24.21,13.31,5.684678648885607,1.47,16515120.0,18652240.0,1271.5625,101.75,26.55,2010,848.23,9.08,1.02,0.02
2010-03-30,panzhihua,攀枝花,Panzhihua,0.15,20.16,25.48,13.24,6.1165722374361575,1.41,16554798.0,18700576.0,1381.25,101.75,26.55,2010,848.04,7.42,1.08,0.16
2010-03-31,panzhihua,攀枝花,Panzhihua,0.1,20.77,26.43,15.05,7.22632044253529,1.98,18713890.0,21142968.0,1500.9062,101.75,26.55,2010,846.35,6.64,1.33,1.03
2010-04-01,panzhihua,攀枝花,Panzhihua,5.18,15.03,21.81,10.06,3.195980951477792,1.19,10915500.0,12334102.0,1619.1562,101.75,26.55,2010,849.24,10.97,-0.45,-0.76
2010-04-02,panzhihua,攀枝花,Panzhihua,1.41,18.6,24.98,10.73,5.254178112387852,1.2,15606428.0,17638308.0,1725.5312,101.75,26.55,2010,849.03,9.57,0.44,-0.11
2010-04-03,panzhihua,攀枝花,Panzhihua,0.14,22.06,28.56,13.75,7.276947846219954,1.87,18356282.0,20749280.0,1811.8438,101.75,26.55,2010,848.32,7.94,1.1,1.17
2010-04-04,panzhihua,攀枝花,Panzhihua,0.01,23.75,29.26,15.17,7.830788055059288,1.47,19518146.0,22065710.0,1869.9688,101.75,26.55,2010,848.49,6.93,0.58,1.13
2010-04-05,panzhihua,攀枝花,Panzhihua,0.01,24.04,30.95,16.49,8.908419364810483,1.95,21300020.0,24084180.0,1903.625,101.75,26.55,2010,846.72,5.43,1.09,1.32
2010-04-06,panzhihua,攀枝花,Panzhihua,0.01,24.07,30.48,16.35,7.912398086489309,1.57,18828892.0,21294280.0,1920.2188,101.75,26.55,2010,849.0,5.15,0.84,0.62
2010-04-07,panzhihua,攀枝花,Panzhihua,0.01,22.87,29.39,14.67,8.154257207695702,1.74,19629306.0,22202682.0,1925.2812,101.75,26.55,2010,852.01,3.13,-0.3,1.09
2010-04-08,panzhihua,攀枝花,Panzhihua,0.0,24.44,31.89,14.28,9.945102966146736,1.41,24708268.0,27951758.0,1926.25,101.75,26.55,2010,849.61,-1.47,0.78,0.75
2010-04-09,panzhihua,攀枝花,Panzhihua,0.0,26.0,33.35,17.94,9.863175108678012,2.01,22561552.0,25527264.0,1929.5938,101.75,26.55,2010,844.03,5.24,1.02,1.46
2010-04-10,panzhihua,攀枝花,Panzhihua,0.0,25.26,31.36,19.06,8.635573212027486,1.89,20049590.0,22689090.0,1925.9062,101.75,26.55,2010,843.23,7.55,1.26,1.21
2010-04-11,panzhihua,攀枝花,Panzhihua,0.0,25.2,30.43,17.53,8.305929723278156,1.83,18630078.0,21086604.0,1901.2188,101.75,26.55,2010,844.62,5.75,0.75,1.47
2010-04-12,panzhihua,攀枝花,Panzhihua,0.0,25.15,32.26,17.15,8.306337515197104,1.37,20374884.0,23064872.0,1868.75,101.75,26.55,2010,846.09,7.09,0.54,0.58
2010-04-13,panzhihua,攀枝花,Panzhihua,0.04,25.5,31.54,18.63,7.7155410378139235,1.79,17236684.0,19515892.0,1854.125,101.75,26.55,2010,846.25,8.31,1.33,0.85
2010-04-14,panzhihua,攀枝花,Panzhihua,7.59,21.92,30.68,13.72,6.748817467017656,1.61,17940716.0,20316096.0,1854.3438,101.75,26.55,2010,850.13,10.32,0.34,0.22
2010-04-15,panzhihua,攀枝花,Panzhihua,0.0,22.98,29.3,13.84,8.15467423407854,0.7,23009126.0,26059778.0,1846.0938,101.75,26.55,2010,851.2,7.05,0.09,-0.32
2010-04-16,panzhihua,攀枝花,Panzhihua,0.13,26.29,32.31,17.97,9.041638635300474,1.22,22053244.0,24972410.0,1846.4688,101.75,26.55,2010,848.24,4.99,0.72,0.54
2010-04-17,panzhihua,攀枝花,Panzhihua,0.0,26.14,33.05,19.85,9.795984784551267,1.67,23314598.0,26396152.0,1867.8438,101.75,26.55,2010,847.18,5.61,1.15,0.79
2010-04-18,panzhihua,攀枝花,Panzhihua,0.37,22.16,28.87,17.11,5.8482148457179175,1.08,15748360.0,17827452.0,1891.2812,101.75,26.55,2010,847.93,10.73,0.35,0.39
2010-04-19,panzhihua,攀枝花,Panzhihua,0.1,24.32,31.6,17.56,7.473371473714446,1.74,17823396.0,20172258.0,1906.4062,101.75,26.55,2010,843.59,9.32,1.18,0.81
2010-04-20,panzhihua,攀枝花,Panzhihua,0.07,24.22,30.37,18.88,6.878981617527717,1.74,16034888.0,18145496.0,1916.125,101.75,26.55,2010,842.74,9.83,1.12,0.85
2010-04-21,panzhihua,攀枝花,Panzhihua,2.66,22.85,28.23,18.78,5.373260590186902,0.77,15032734.0,17007840.0,1920.125,101.75,26.55,2010,846.55,13.7,0.27,-0.17
2010-04-22,panzhihua,攀枝花,Panzhihua,14.03,16.82,21.84,10.72,3.2247349750142003,1.57,9873870.0,11170308.0,1934.25,101.75,26.55,2010,853.08,11.93,-0.92,-1.24
2010-04-23,panzhihua,攀枝花,Panzhihua,0.17,13.74,17.94,10.29,2.397387085291548,0.79,7686992.0,8694106.0,1971.7812,101.75,26.55,2010,854.44,7.7,-0.59,-0.25
2010-04-24,panzhihua,攀枝花,Panzhihua,0.24,20.71,27.3,12.84,6.458290283137188,1.06,19154422.0,21657892.0,2049.4375,101.75,26.55,2010,847.8,11.73,0.84,-0.01
2010-04-25,panzhihua,攀枝花,Panzhihua,0.7,21.36,27.84,12.08,6.856724585546572,1.59,19022064.0,21504962.0,2161.1562,101.75,26.55,2010,849.42,10.67,0.54,-0.07
2010-04-26,panzhihua,攀枝花,Panzhihua,3.92,11.94,14.27,8.38,1.785362905360326,0.98,6125504.0,6923860.0,2313.9688,101.75,26.55,2010,858.26,8.22,-0.47,-0.34
2010-04-27,panzhihua,攀枝花,Panzhihua,0.01,18.32,23.81,9.3,6.732539877346293,0.71,21484228.0,24279862.0,2488.0938,101.75,26.55,2010,853.66,8.91,0.49,-0.18
2010-04-28,panzhihua,攀枝花,Panzhihua,1.75,19.72,26.6,13.22,6.654490717670377,0.52,20735726.0,23429920.0,2651.125,101.75,26.55,2010,852.96,10.35,0.01,-0.02
2010-04-29,panzhihua,攀枝花,Panzhihua,0.0,22.42,28.35,14.13,8.046080749015887,0.86,23003360.0,25987666.0,2762.8125,101.75,26.55,2010,851.2,8.87,0.33,-0.17
2010-04-30,panzhihua,攀枝花,Panzhihua,6.02,23.32,29.57,17.07,7.568975842320722,0.87,21347592.0,24113134.0,2817.0938,101.75,26.55,2010,851.35,11.56,0.51,-0.3
2010-05-01,panzhihua,攀枝花,Panzhihua,0.95,22.19,27.43,16.97,6.443958456341518,0.69,19046388.0,21509852.0,2822.0625,101.75,26.55,2010,852.12,13.82,-0.16,-0.36
2010-05-02,panzhihua,攀枝花,Panzhihua,0.63,24.39,28.92,19.2,7.414337291217412,1.19,20230022.0,22842454.0,2804.5,101.75,26.55,2010,847.94,14.04,0.93,-0.25
2010-05-03,panzhihua,攀枝花,Panzhihua,0.0,25.59,31.59,19.78,7.4036691312452065,1.89,17207524.0,19427288.0,2774.4688,101.75,26.55,2010,843.31,12.1,1.18,1.1
2010-05-04,panzhihua,攀枝花,Panzhihua,0.0,28.3,34.75,20.08,9.995593680004268,1.93,22309820.0,25181980.0,2722.375,101.75,26.55,2010,842.28,8.84,0.98,1.29
2010-05-05,panzhihua,攀枝花,Panzhihua,0.01,29.26,35.71,22.65,10.284037931123413,1.47,24069544.0,27163008.0,2662.75,101.75,26.55,2010,842.89,9.4,1.12,0.71
2010-05-06,panzhihua,攀枝花,Panzhihua,0.06,29.25,36.09,21.27,10.222589723999947,1.67,23295488.0,26284850.0,2626.5,101.75,26.55,2010,843.98,9.57,0.77,0.71
2010-05-07,panzhihua,攀枝花,Panzhihua,1.26,26.75,35.73,19.84,8.861302355652029,1.63,21617418.0,24386884.0,2637.0312,101.75,26.55,2010,843.82,11.79,1.21,0.52
2010-05-08,panzhihua,攀枝花,Panzhihua,0.0,27.24,33.13,20.11,9.565347591446477,2.01,21795452.0,24583914.0,2723.0938,101.75,26.55,2010,842.74,9.49,1.16,1.15
2010-05-09,panzhihua,攀枝花,Panzhihua,0.61,26.31,33.48,17.49,9.328645908664406,1.62,22839072.0,25756176.0,2912.3125,101.75,26.55,2010,844.2,9.43,0.41,0.43
2010-05-10,panzhihua,攀枝花,Panzhihua,0.5,23.91,29.77,18.36,7.206978029625063,1.17,19098766.0,21534698.0,3193.9375,101.75,26.55,2010,845.8,10.96,-0.71,-0.85
2010-05-11,panzhihua,攀枝花,Panzhihua,0.19,25.51,29.59,20.04,6.930993437114563,0.78,18273242.0,20600128.0,3594.5938,101.75,26.55,2010,845.58,11.36,0.08,-0.09
2010-05-12,panzhihua,攀枝花,Panzhihua,0.0,27.41,33.6,20.93,9.28966284410348,2.16,19599572.0,22090576.0,4158.4688,101.75,26.55,2010,844.22,7.35,1.09,1.73
2010-05-13,panzhihua,攀枝花,Panzhihua,0.0,28.3,34.27,21.14,9.7828068138173,2.13,20390532.0,22977948.0,4820.2812,101.75,26.55,2010,844.49,6.71,0.99,1.62
2010-05-14,panzhihua,攀枝花,Panzhihua,0.0,27.57,33.1,20.28,8.954867011626714,1.76,19531842.0,22006638.0,5416.0625,101.75,26.55,2010,845.33,6.75,1.19,1.04
2010-05-15,panzhihua,攀枝花,Panzhihua,0.0,27.31,33.54,20.08,9.107132080925696,2.25,18659976.0,21020052.0,5879.1562,101.75,26.55,2010,844.52,6.94,1.21,1.67
2010-05-16,panzhihua,攀枝花,Panzhihua,0.0,28.21,35.07,20.94,11.573768002526936,2.23,25609594.0,28868598.0,6167.2188,101.75,26.55,2010,845.53,5.03,0.92,1.89
2010-05-17,panzhihua,攀枝花,Panzhihua,0.0,29.09,35.18,21.82,11.234703790557589,2.02,24338748.0,27454290.0,6285.875,101.75,26.55,2010,845.51,4.77,0.77,1.43
2010-05-18,panzhihua,攀枝花,Panzhihua,0.0,27.87,34.2,21.11,10.087812255977896,1.65,23589368.0,26626808.0,6277.4375,101.75,26.55,2010,845.09,8.0,1.18,0.37
2010-05-19,panzhihua,攀枝花,Panzhihua,0.0,28.1,32.89,20.7,7.524014533877362,1.28,16937978.0,19131974.0,6175.4375,101.75,26.55,2010,843.95,9.93,0.53,0.67
2010-05-20,panzhihua,攀枝花,Panzhihua,0.01,28.3,35.23,21.79,9.983405156731626,2.06,22749796.0,25714340.0,6017.7812,101.75,26.55,2010,843.58,11.56,1.46,0.99
2010-05-21,panzhihua,攀枝花,Panzhihua,0.0,28.53,34.22,21.85,8.331597081865617,1.77,17917930.0,20266648.0,5871.5938,101.75,26.55,2010,843.39,11.22,1.23,0.76
2010-05-22,panzhihua,攀枝花,Panzhihua,0.25,26.04,31.11,20.79,6.571431554968929,1.16,16251264.0,18394208.0,5809.8438,101.75,26.55,2010,845.92,13.4,-0.39,-0.42
2010-05-23,panzhihua,攀枝花,Panzhihua,0.1,28.14,34.14,20.87,9.603432202196528,1.08,24192838.0,27399912.0,5903.6562,101.75,26.55,2010,845.81,11.47,0.99,-0.12
2010-05-24,panzhihua,攀枝花,Panzhihua,14.35,25.45,32.9,19.92,7.0237417480302025,0.98,19381034.0,21965220.0,6180.4688,101.75,26.55,2010,845.1,17.27,0.53,0.2
2010-05-25,panzhihua,攀枝花,Panzhihua,20.08,20.6,25.48,18.69,3.086170853938027,0.54,9918786.0,11248676.0,6513.6562,101.75,26.55,2010,844.62,19.32,0.11,-0.05
2010-05-26,panzhihua,攀枝花,Panzhihua,4.77,23.02,27.5,19.19,5.659497727176131,0.68,16837320.0,19108020.0,6776.375,101.75,26.55,2010,844.61,17.97,0.13,-0.29
2010-05-27,panzhihua,攀枝花,Panzhihua,26.61,22.66,27.79,19.83,4.987394276131036,0.67,15067276.0,17111680.0,7000.1875,101.75,26.55,2010,846.96,18.87,-0.43,-0.23
2010-05-28,panzhihua,攀枝花,Panzhihua,18.41,20.66,23.03,18.79,2.9876495756799537,0.77,9031500.0,10263420.0,7306.4375,101.75,26.55,2010,849.36,17.29,-0.48,-0.49
2010-05-29,panzhihua,攀枝花,Panzhihua,2.53,22.47,26.56,18.91,4.8386682750167385,0.48,14368126.0,16338804.0,7697.75,101.75,26.55,2010,847.81,17.07,-0.16,-0.18
2010-05-30,panzhihua,攀枝花,Panzhihua,0.6,25.52,29.51,20.28,7.237642517571322,0.84,20005046.0,22765584.0,8053.9688,101.75,26.55,2010,845.03,16.94,0.44,-0.43
2010-05-31,panzhihua,攀枝花,Panzhihua,2.02,25.13,29.52,20.42,7.173475070955642,0.84,20289588.0,23105020.0,8346.469000000001,101.75,26.55,2010,844.91,18.04,0.44,-0.13
2010-06-01,panzhihua,攀枝花,Panzhihua,8.45,22.63,28.55,17.79,5.68139858674233,1.07,16981222.0,19351388.0,8609.594000000001,101.75,26.55,2010,847.11,17.93,-0.33,-0.96
2010-06-02,panzhihua,攀枝花,Panzhihua,7.78,18.76,21.48,17.32,1.966833726214108,0.76,5771586.0,6581416.0,8906.4375,101.75,26.55,2010,851.82,15.19,-0.28,-0.67
2010-06-03,panzhihua,攀枝花,Panzhihua,12.24,17.9,18.87,17.35,1.8875436981355893,0.44,5935780.0,6772692.0,9268.4375,101.75,26.55,2010,853.29,14.89,-0.11,-0.09
2010-06-04,panzhihua,攀枝花,Panzhihua,9.61,18.55,19.94,17.14,1.7910956764837118,0.53,5680450.0,6486136.0,9675.031,101.75,26.55,2010,850.3,16.57,-0.11,-0.24
2010-06-05,panzhihua,攀枝花,Panzhihua,20.34,20.19,25.05,17.16,4.1104367738624354,0.56,12994062.0,14847228.0,10066.281,101.75,26.55,2010,846.79,17.39,0.08,-0.43
2010-06-06,panzhihua,攀枝花,Panzhihua,2.08,22.32,25.4,17.84,5.408110386256472,0.81,16319098.0,18660280.0,10320.875,101.75,26.55,2010,844.28,18.14,0.4,-0.61
2010-06-07,panzhihua,攀枝花,Panzhihua,0.5,24.74,29.46,19.84,6.832075799979355,1.23,18127858.0,20741392.0,10383.125,101.75,26.55,2010,843.98,15.21,0.97,0.15
2010-06-08,panzhihua,攀枝花,Panzhihua,0.27,25.24,29.16,19.73,7.221559766212361,0.88,19959694.0,22853492.0,10288.344,101.75,26.55,2010,845.24,16.96,0.12,-0.59
2010-06-09,panzhihua,攀枝花,Panzhihua,0.58,24.53,28.17,21.11,6.192158436490453,0.87,17682556.0,20260068.0,10182.031,101.75,26.55,2010,845.68,18.96,-0.36,-0.67
2010-06-10,panzhihua,攀枝花,Panzhihua,6.97,23.29,26.8,20.03,4.748256680968799,0.72,13678214.0,15682996.0,10148.906,101.75,26.55,2010,847.26,18.24,-0.3,-0.23
2010-06-11,panzhihua,攀枝花,Panzhihua,14.34,22.82,26.69,19.69,4.598653461279884,0.63,13758396.0,15784996.0,10186.875,101.75,26.55,2010,846.96,19.55,-0.42,-0.26
2010-06-12,panzhihua,攀枝花,Panzhihua,1.41,25.66,29.75,21.1,7.258604078843978,1.12,19647122.0,22556960.0,10315.406,101.75,26.55,2010,845.19,17.5,0.47,-0.36
2010-06-13,panzhihua,攀枝花,Panzhihua,11.19,24.63,29.37,21.03,6.48851345586147,1.0,18504598.0,21259912.0,10552.5625,101.75,26.55,2010,845.59,19.13,0.23,-0.14
2010-06-14,panzhihua,攀枝花,Panzhihua,22.65,21.53,23.7,19.6,2.8417827545657133,0.62,8668790.0,9966384.0,10959.1875,101.75,26.55,2010,846.98,19.49,-0.33,-0.42
2010-06-15,panzhihua,攀枝花,Panzhihua,16.04,21.05,23.91,18.74,2.974503749982993,0.56,9019982.0,10377032.0,11536.719,101.75,26.55,2010,846.24,18.31,-0.19,-0.03
2010-06-16,panzhihua,攀枝花,Panzhihua,2.54,22.23,25.71,18.6,4.092175382534268,0.9,12262862.0,14109556.0,12189.875,101.75,26.55,2010,845.82,19.07,0.73,-0.11
2010-06-17,panzhihua,攀枝花,Panzhihua,4.7,23.36,27.61,19.65,5.870815242406852,0.65,17499572.0,20140532.0,12802.1875,101.75,26.55,2010,846.66,19.77,0.12,-0.11
2010-06-18,panzhihua,攀枝花,Panzhihua,0.59,25.97,30.49,20.96,6.648639368353415,1.09,17481998.0,20124828.0,13345.656,101.75,26.55,2010,844.64,17.38,0.89,-0.12
2010-06-19,panzhihua,攀枝花,Panzhihua,18.55,25.27,30.58,21.69,6.353981451928632,0.86,17640236.0,20311132.0,13675.4375,101.75,26.55,2010,845.99,18.85,0.04,-0.21
2010-06-20,panzhihua,攀枝花,Panzhihua,22.01,21.56,22.71,20.26,2.4247334900639816,0.63,6874406.0,7917580.0,13915.406,101.75,26.55,2010,849.86,17.7,-0.5,-0.05
2010-06-21,panzhihua,攀枝花,Panzhihua,1.33,21.48,23.9,20.08,3.5603329643940955,0.45,10556038.0,12158032.0,14207.5625,101.75,26.55,2010,849.52,17.12,-0.21,0.22
2010-06-22,panzhihua,攀枝花,Panzhihua,2.77,21.47,23.27,18.48,3.11925534648492,0.51,9369454.0,10793416.0,14549.25,101.75,26.55,2010,847.88,18.53,0.2,-0.2
2010-06-23,panzhihua,攀枝花,Panzhihua,2.32,23.03,26.56,19.86,5.176711642127518,0.85,15433750.0,17783376.0,14852.75,101.75,26.55,2010,844.94,19.53,0.41,-0.16
2010-06-24,panzhihua,攀枝花,Panzhihua,11.57,23.08,26.44,20.51,4.894268642270746,0.6,14444850.0,16647168.0,15210.656,101.75,26.55,2010,844.23,19.28,-0.08,-0.12
2010-06-25,panzhihua,攀枝花,Panzhihua,8.04,22.88,26.67,20.59,4.801336262761528,0.62,14435682.0,16641052.0,15653.0625,101.75,26.55,2010,843.08,20.13,-0.45,-0.23
2010-06-26,panzhihua,攀枝花,Panzhihua,2.46,24.48,27.7,21.06,5.1556043776360285,0.65,14718068.0,16969164.0,15990.656,101.75,26.55,2010,843.23,19.93,-0.18,-0.25
2010-06-27,panzhihua,攀枝花,Panzhihua,0.83,25.34,29.34,21.83,6.095362874015218,0.85,16940970.0,19536136.0,16217.906,101.75,26.55,2010,842.86,19.45,0.08,-0.4
2010-06-28,panzhihua,攀枝花,Panzhihua,7.89,24.12,27.29,21.0,4.6309078283907805,0.52,13181106.0,15202632.0,16367.875,101.75,26.55,2010,843.53,19.19,-0.17,-0.12
2010-06-29,panzhihua,攀枝花,Panzhihua,13.19,22.69,26.41,20.85,3.6859567972190574,0.52,11148394.0,12860584.0,16519.188000000002,101.75,26.55,2010,844.82,20.9,-0.23,-0.17
2010-06-30,panzhihua,攀枝花,Panzhihua,11.62,23.07,27.37,20.19,4.388207711100248,0.79,13119156.0,15137236.0,16706.547,101.75,26.55,2010,845.36,20.38,0.38,-0.41
2010-07-01,panzhihua,攀枝花,Panzhihua,2.06,24.02,27.55,20.06,5.664587904296598,1.03,16096152.0,18575260.0,16846.968999999994,101.75,26.55,2010,846.03,18.83,0.86,-0.34
2010-07-02,panzhihua,攀枝花,Panzhihua,1.21,25.41,29.1,20.88,5.32482093795586,0.9,14206184.0,16399424.0,16820.811999999998,101.75,26.55,2010,846.09,18.49,0.44,-0.41
2010-07-03,panzhihua,攀枝花,Panzhihua,2.03,26.57,31.1,22.99,7.019771759209127,0.61,19328232.0,22313900.0,16486.016,101.75,26.55,2010,846.61,19.85,0.35,-0.07
2010-07-04,panzhihua,攀枝花,Panzhihua,1.1,25.28,29.56,22.01,5.192459632187793,0.63,14470654.0,16709288.0,15932.781,101.75,26.55,2010,847.1,20.02,-0.07,-0.01
2010-07-05,panzhihua,攀枝花,Panzhihua,8.68,23.11,26.02,20.28,3.7300051837265022,0.56,10859600.0,12542400.0,15294.078,101.75,26.55,2010,847.8,19.69,-0.24,0.07
2010-07-06,panzhihua,攀枝花,Panzhihua,6.91,22.62,26.12,19.61,4.4339967863229575,0.51,13419180.0,15499772.0,14799.141,101.75,26.55,2010,847.58,20.51,-0.23,0.18
2010-07-07,panzhihua,攀枝花,Panzhihua,1.45,24.64,27.9,20.15,5.2619160257467135,0.47,14985842.0,17314844.0,14679.328,101.75,26.55,2010,846.3,19.76,-0.01,-0.01
2010-07-08,panzhihua,攀枝花,Panzhihua,14.97,24.0,27.72,20.54,4.427794997739146,0.63,12725686.0,14706628.0,14568.109,101.75,26.55,2010,846.25,20.18,-0.2,0.13
2010-07-09,panzhihua,攀枝花,Panzhihua,19.8,22.7,26.5,20.63,3.6006855645474523,0.64,10860028.0,12551864.0,14473.5625,101.75,26.55,2010,845.15,20.77,-0.39,0.1
2010-07-10,panzhihua,攀枝花,Panzhihua,39.85,21.79,23.83,20.37,2.290713422977733,0.64,6957528.0,8043788.0,15043.172,101.75,26.55,2010,846.37,20.33,-0.14,-0.31
2010-07-11,panzhihua,攀枝花,Panzhihua,3.9,22.82,26.42,20.4,3.6382587695080097,0.51,10620366.0,12281108.0,16328.0,101.75,26.55,2010,845.93,19.34,-0.29,-0.03
2010-07-12,panzhihua,攀枝花,Panzhihua,11.72,24.86,29.12,20.87,5.288125885386957,0.47,15109208.0,17473280.0,17421.547,101.75,26.55,2010,845.27,20.68,-0.25,0.07
2010-07-13,panzhihua,攀枝花,Panzhihua,24.81,23.11,26.26,20.81,4.0638673154453855,0.68,12145852.0,14048556.0,17967.75,101.75,26.55,2010,847.09,20.83,-0.27,0.08
2010-07-14,panzhihua,攀枝花,Panzhihua,16.09,22.43,26.71,19.1,3.96232384619731,0.57,12057550.0,13948596.0,18262.266,101.75,26.55,2010,848.6,20.65,-0.05,-0.05
2010-07-15,panzhihua,攀枝花,Panzhihua,9.85,23.94,27.25,19.93,5.98971132588471,0.61,17625196.0,20393536.0,18494.875,101.75,26.55,2010,847.34,20.51,-0.35,0.32
2010-07-16,panzhihua,攀枝花,Panzhihua,9.17,24.28,28.37,20.48,6.020463966902707,0.61,17647466.0,20421454.0,18612.047,101.75,26.55,2010,846.52,20.99,-0.22,0.37
2010-07-17,panzhihua,攀枝花,Panzhihua,30.6,23.42,26.27,20.69,3.946237021376657,0.75,11530824.0,13344136.0,18765.172,101.75,26.55,2010,847.36,20.48,-0.42,0.19
2010-07-18,panzhihua,攀枝花,Panzhihua,46.58,21.68,24.6,19.5,3.4138750680282106,0.77,10051744.0,11633886.0,19273.25,101.75,26.55,2010,848.55,18.26,-0.62,0.08
2010-07-19,panzhihua,攀枝花,Panzhihua,1.67,22.71,25.16,19.01,5.581828849682765,0.53,16325052.0,18896498.0,19994.61,101.75,26.55,2010,848.14,17.21,0.07,0.24
2010-07-20,panzhihua,攀枝花,Panzhihua,14.81,21.43,25.67,18.36,4.2769152750164405,0.51,13164188.0,15239154.0,20512.14,101.75,26.55,2010,847.98,19.25,0.28,0.02
2010-07-21,panzhihua,攀枝花,Panzhihua,20.05,22.44,27.03,19.07,5.048238811951082,0.46,15211500.0,17610258.0,20602.14,101.75,26.55,2010,846.55,19.7,0.08,-0.07
2010-07-22,panzhihua,攀枝花,Panzhihua,13.06,22.82,27.02,19.78,4.692456823256847,0.68,14066758.0,16285774.0,20396.531000000006,101.75,26.55,2010,846.43,20.09,0.15,-0.16
2010-07-23,panzhihua,攀枝花,Panzhihua,2.68,23.21,27.56,19.68,5.935078597422903,0.49,17640072.0,20425836.0,19875.547,101.75,26.55,2010,845.92,19.85,-0.11,0.01
2010-07-24,panzhihua,攀枝花,Panzhihua,11.05,24.18,28.44,19.37,6.26194099901613,0.51,18134786.0,20999640.0,19123.875,101.75,26.55,2010,845.36,19.58,-0.05,-0.07
2010-07-25,panzhihua,攀枝花,Panzhihua,32.09,22.05,26.44,20.07,4.327727145713948,0.59,13179406.0,15261810.0,18619.719,101.75,26.55,2010,847.68,19.76,-0.12,-0.27
2010-07-26,panzhihua,攀枝花,Panzhihua,11.85,21.55,24.14,18.95,3.1791907387394924,0.41,9664426.0,11192806.0,18456.016,101.75,26.55,2010,850.46,19.56,0.0,0.09
2010-07-27,panzhihua,攀枝花,Panzhihua,23.91,23.34,27.55,19.39,5.824530187302072,0.58,17144994.0,19858852.0,18317.719,101.75,26.55,2010,848.34,19.31,0.09,0.11
2010-07-28,panzhihua,攀枝花,Panzhihua,15.11,20.96,25.41,18.19,4.755504412810782,0.59,14958370.0,17327072.0,18234.266,101.75,26.55,2010,848.02,19.22,0.0,0.01
2010-07-29,panzhihua,攀枝花,Panzhihua,4.44,21.35,25.15,18.53,4.690440581361198,0.7,14496538.0,16794316.0,18139.281000000006,101.75,26.55,2010,847.03,18.79,0.4,-0.42
2010-07-30,panzhihua,攀枝花,Panzhihua,1.07,23.73,27.94,18.99,6.187507805106832,0.66,18035274.0,20895690.0,17612.406000000006,101.75,26.55,2010,846.26,19.18,0.56,-0.06
2010-07-31,panzhihua,攀枝花,Panzhihua,7.08,23.27,28.13,18.84,5.915887370125326,0.77,17552676.0,20338398.0,16777.61,101.75,26.55,2010,846.5,19.58,-0.02,-0.11
2010-08-01,panzhihua,攀枝花,Panzhihua,19.31,21.89,27.21,18.71,4.980738980519613,0.57,15310608.0,17740368.0,15878.9375,101.75,26.55,2010,849.4,19.76,-0.17,0.05
2010-08-02,panzhihua,攀枝花,Panzhihua,12.61,21.43,25.48,19.13,4.171276917578304,0.59,12892146.0,14939454.0,15232.297,101.75,26.55,2010,850.16,19.45,-0.26,-0.06
2010-08-03,panzhihua,攀枝花,Panzhihua,15.55,21.63,25.51,17.4,5.3767834491419615,0.44,16540896.0,19168530.0,14826.984,101.75,26.55,2010,848.93,19.48,-0.14,0.21
2010-08-04,panzhihua,攀枝花,Panzhihua,10.57,23.27,27.91,17.98,6.545029856815537,0.6,19320542.0,22392900.0,14631.375,101.75,26.55,2010,848.8,18.88,-0.02,-0.06
2010-08-05,panzhihua,攀枝花,Panzhihua,18.88,22.49,27.83,18.13,6.2150208995411536,0.57,18809622.0,21802646.0,14521.9375,101.75,26.55,2010,851.36,19.4,-0.15,-0.06
2010-08-06,panzhihua,攀枝花,Panzhihua,5.06,23.42,27.62,18.63,6.705199771464403,0.5,19764438.0,22910854.0,14345.969,101.75,26.55,2010,851.63,19.14,0.07,0.16
2010-08-07,panzhihua,攀枝花,Panzhihua,3.19,24.23,28.3,18.77,7.295101761246243,0.53,21034544.0,24385414.0,13957.844,101.75,26.55,2010,848.35,18.46,0.27,-0.05
2010-08-08,panzhihua,攀枝花,Panzhihua,0.12,24.55,28.54,18.85,7.3342528098997555,0.43,21035964.0,24389150.0,13491.172,101.75,26.55,2010,846.78,18.59,0.3,-0.08
2010-08-09,panzhihua,攀枝花,Panzhihua,6.54,24.92,29.19,20.85,6.942605170133071,0.57,19761602.0,22912726.0,13013.5,101.75,26.55,2010,846.6,19.37,0.34,0.09
2010-08-10,panzhihua,攀枝花,Panzhihua,4.03,25.24,29.05,20.9,6.779371704158836,0.47,19261650.0,22335166.0,12527.75,101.75,26.55,2010,847.81,20.08,0.07,0.01
2010-08-11,panzhihua,攀枝花,Panzhihua,1.26,26.3,30.09,21.57,7.181506925649992,0.44,20024488.0,23222066.0,12093.031,101.75,26.55,2010,847.9,20.35,0.03,-0.0
2010-08-12,panzhihua,攀枝花,Panzhihua,2.4,25.95,29.76,22.62,6.734610527584679,0.59,18722856.0,21714078.0,11674.625,101.75,26.55,2010,848.01,19.94,0.41,0.11
2010-08-13,panzhihua,攀枝花,Panzhihua,5.51,25.3,29.33,21.54,6.911344696138264,0.7,19577144.0,22706568.0,11192.641,101.75,26.55,2010,846.7,20.1,0.39,0.16
2010-08-14,panzhihua,攀枝花,Panzhihua,9.89,25.24,29.83,21.06,6.49231945926697,0.55,18353116.0,21288330.0,10680.125,101.75,26.55,2010,847.86,19.94,0.28,0.04
2010-08-15,panzhihua,攀枝花,Panzhihua,10.81,22.49,26.37,18.75,4.111267822371924,0.56,12361828.0,14339384.0,10252.359,101.75,26.55,2010,850.08,20.19,-0.25,0.1
2010-08-16,panzhihua,攀枝花,Panzhihua,1.92,23.7,27.5,19.55,5.881649247952032,0.5,17251424.0,20012114.0,10039.203,101.75,26.55,2010,847.83,20.05,0.05,-0.16
2010-08-17,panzhihua,攀枝花,Panzhihua,7.99,23.62,28.02,19.56,5.999176935982177,0.64,17602538.0,20418564.0,10043.984,101.75,26.55,2010,847.9,19.69,0.22,-0.29
2010-08-18,panzhihua,攀枝花,Panzhihua,9.04,22.79,26.66,20.01,4.693319242228184,0.43,13993686.0,16230788.0,10118.5,101.75,26.55,2010,849.81,20.09,-0.11,0.03
2010-08-19,panzhihua,攀枝花,Panzhihua,13.1,22.74,26.8,19.78,4.2869878520644535,0.51,12728970.0,14763314.0,10166.156,101.75,26.55,2010,851.62,19.85,-0.02,0.08
2010-08-20,panzhihua,攀枝花,Panzhihua,21.67,22.25,26.16,19.79,4.270569980102927,0.5,12907116.0,14969208.0,10282.469,101.75,26.55,2010,850.53,19.99,-0.24,-0.0
2010-08-21,panzhihua,攀枝花,Panzhihua,30.72,20.84,23.56,19.46,1.9967453651674567,0.59,6153728.0,7137052.0,10768.031,101.75,26.55,2010,849.86,19.58,-0.0,-0.38
2010-08-22,panzhihua,攀枝花,Panzhihua,33.92,20.2,22.69,18.74,2.218385201747496,0.54,6937814.0,8045972.0,11787.4375,101.75,26.55,2010,851.44,18.89,-0.15,-0.09
2010-08-23,panzhihua,攀枝花,Panzhihua,15.27,21.01,23.3,18.69,3.157587937386792,0.41,9645098.0,11185202.0,12934.031,101.75,26.55,2010,850.94,18.81,-0.1,-0.01
2010-08-24,panzhihua,攀枝花,Panzhihua,6.52,22.06,25.78,18.66,4.881470194611527,0.59,14819788.0,17184358.0,13795.656,101.75,26.55,2010,850.13,19.35,-0.27,0.03
2010-08-25,panzhihua,攀枝花,Panzhihua,4.69,23.0,26.45,18.78,5.231132220988498,0.41,15536812.0,18015638.0,14255.8125,101.75,26.55,2010,848.97,19.94,-0.27,0.03
2010-08-26,panzhihua,攀枝花,Panzhihua,37.55,21.74,24.77,19.65,4.048323061565038,0.78,12467322.0,14455424.0,14804.141,101.75,26.55,2010,849.92,19.66,-0.58,-0.28
2010-08-27,panzhihua,攀枝花,Panzhihua,5.87,21.36,23.73,18.77,3.1571807793212026,0.7,8990114.0,10423976.0,15735.9375,101.75,26.55,2010,851.44,16.72,-0.31,0.1
2010-08-28,panzhihua,攀枝花,Panzhihua,1.03,22.87,26.17,18.17,6.043568616102091,0.57,17593124.0,20398206.0,16439.89,101.75,26.55,2010,850.61,16.93,0.32,-0.1
2010-08-29,panzhihua,攀枝花,Panzhihua,0.53,23.63,26.78,18.53,6.201253201120973,0.62,17840128.0,20683678.0,16377.828,101.75,26.55,2010,849.13,17.8,0.33,-0.15
2010-08-30,panzhihua,攀枝花,Panzhihua,0.27,24.5,27.87,21.01,6.23883630566304,0.62,17487244.0,20273404.0,15748.156,101.75,26.55,2010,847.98,17.61,0.28,-0.13
2010-08-31,panzhihua,攀枝花,Panzhihua,4.86,24.44,27.88,20.61,6.042699903908487,0.63,17104408.0,19828986.0,14838.109,101.75,26.55,2010,848.59,18.62,-0.24,-0.07
2010-09-01,panzhihua,攀枝花,Panzhihua,10.39,22.05,24.96,19.75,3.809004308526109,0.67,11312558.0,13113706.0,14161.5,101.75,26.55,2010,850.88,18.86,-0.17,-0.17
2010-09-02,panzhihua,攀枝花,Panzhihua,11.06,20.35,22.51,18.98,2.4909651506658523,0.69,7431126.0,8614098.0,14285.703,101.75,26.55,2010,852.5,17.49,-0.45,-0.17
2010-09-03,panzhihua,攀枝花,Panzhihua,0.24,20.3,22.54,18.6,2.752860391039144,0.42,8259354.0,9573806.0,14904.641,101.75,26.55,2010,850.59,16.7,-0.15,0.23
2010-09-04,panzhihua,攀枝花,Panzhihua,0.12,21.93,24.56,18.94,3.2401562519465283,0.49,9444536.0,10947118.0,15363.766,101.75,26.55,2010,848.03,18.01,-0.28,0.13
2010-09-05,panzhihua,攀枝花,Panzhihua,0.81,24.39,28.88,20.01,5.961388619915812,0.74,16875634.0,19560404.0,15236.469,101.75,26.55,2010,846.17,18.85,0.4,-0.09
2010-09-06,panzhihua,攀枝花,Panzhihua,2.26,24.61,28.67,20.14,5.7910596529469975,0.79,16219262.0,18798854.0,14772.578,101.75,26.55,2010,846.25,18.91,0.14,0.04
2010-09-07,panzhihua,攀枝花,Panzhihua,29.57,21.73,25.71,17.88,3.9653042107395646,0.54,12028018.0,13940164.0,14603.266,101.75,26.55,2010,849.1,19.2,-0.2,0.01
2010-09-08,panzhihua,攀枝花,Panzhihua,8.87,21.77,25.58,18.6,4.336950910390339,0.42,13125460.0,15211402.0,14850.797,101.75,26.55,2010,849.65,19.0,0.0,0.09
2010-09-09,panzhihua,攀枝花,Panzhihua,21.15,21.83,26.57,19.06,4.164085561842627,0.64,12688836.0,14705030.0,15013.656,101.75,26.55,2010,848.61,19.42,-0.33,-0.07
2010-09-10,panzhihua,攀枝花,Panzhihua,16.02,20.78,22.19,19.52,1.6347940855975225,0.69,4659844.0,5399998.0,14866.906,101.75,26.55,2010,850.39,18.3,-0.44,-0.46
2010-09-11,panzhihua,攀枝花,Panzhihua,0.6,21.33,24.54,19.41,4.05079910432288,0.59,11908402.0,13799150.0,14796.4375,101.75,26.55,2010,852.12,16.43,-0.4,0.16
2010-09-12,panzhihua,攀枝花,Panzhihua,6.1,20.91,23.59,18.03,3.96981730396887,0.64,11973872.0,13874218.0,14753.844,101.75,26.55,2010,851.0,17.18,-0.4,0.24
2010-09-13,panzhihua,攀枝花,Panzhihua,30.57,20.82,24.93,18.06,4.004574258102716,0.54,12486594.0,14468072.0,14852.281,101.75,26.55,2010,849.77,18.87,-0.23,-0.03
2010-09-14,panzhihua,攀枝花,Panzhihua,26.4,19.84,22.27,17.58,2.3212485505861533,0.41,7265896.0,8418704.0,15140.906,101.75,26.55,2010,851.11,18.31,0.04,-0.02
2010-09-15,panzhihua,攀枝花,Panzhihua,17.15,18.9,21.44,16.52,2.4236762516860964,0.35,7785008.0,9020032.0,15228.453,101.75,26.55,2010,852.33,17.77,0.0,-0.12
2010-09-16,panzhihua,攀枝花,Panzhihua,10.56,20.35,25.14,16.91,4.904457902297385,0.38,15413648.0,17850690.0,15022.297,101.75,26.55,2010,851.45,18.43,0.08,0.01
2010-09-17,panzhihua,攀枝花,Panzhihua,2.66,20.53,24.46,17.06,4.038368333207624,0.46,12659136.0,14654266.0,14552.547,101.75,26.55,2010,850.71,18.7,-0.03,0.08
2010-09-18,panzhihua,攀枝花,Panzhihua,7.58,21.22,26.64,17.25,5.640143343028108,0.44,17496324.0,20245294.0,13875.078,101.75,26.55,2010,850.94,18.9,-0.05,0.07
2010-09-19,panzhihua,攀枝花,Panzhihua,0.64,22.34,26.98,16.64,6.023139866945294,0.47,18055674.0,20883620.0,13165.547,101.75,26.55,2010,850.43,18.14,0.1,0.3
2010-09-20,panzhihua,攀枝花,Panzhihua,0.29,23.01,27.67,16.9,6.427630504477763,0.49,19049254.0,22023296.0,12504.281,101.75,26.55,2010,848.83,18.46,-0.04,0.13
2010-09-21,panzhihua,攀枝花,Panzhihua,24.2,23.34,28.83,18.69,6.36418137215919,0.48,18793162.0,21717944.0,11955.078,101.75,26.55,2010,851.12,19.03,-0.13,0.18
2010-09-22,panzhihua,攀枝花,Panzhihua,2.31,22.05,26.56,17.73,5.7128932547627045,0.49,17237994.0,19912056.0,11524.328,101.75,26.55,2010,852.84,18.08,-0.2,-0.07
2010-09-23,panzhihua,攀枝花,Panzhihua,0.32,22.71,25.9,17.92,5.553913046241366,0.56,16246651.0,18759054.0,11122.078,101.75,26.55,2010,850.65,17.11,0.17,-0.31
2010-09-24,panzhihua,攀枝花,Panzhihua,0.48,22.6,25.42,20.02,3.932077029552768,0.83,10917034.0,12598997.0,10651.75,101.75,26.55,2010,848.21,16.95,0.47,-0.34
2010-09-25,panzhihua,攀枝花,Panzhihua,28.28,21.15,26.1,17.85,4.793664638142953,0.72,14734570.0,16998200.0,10196.25,101.75,26.55,2010,850.01,17.74,0.28,-0.37
2010-09-26,panzhihua,攀枝花,Panzhihua,12.93,18.33,19.35,17.29,1.7624970883764104,0.86,5390842.0,6216360.0,9939.359,101.75,26.55,2010,852.82,16.04,-0.75,-0.33
2010-09-27,panzhihua,攀枝花,Panzhihua,14.17,19.54,21.96,17.21,2.9088305946301745,0.55,9069216.0,10453672.0,9785.281,101.75,26.55,2010,851.9,16.83,-0.32,-0.21
2010-09-28,panzhihua,攀枝花,Panzhihua,14.3,20.76,24.6,18.23,3.5565797442487064,0.47,11041164.0,12721547.0,9727.711,101.75,26.55,2010,852.51,18.53,-0.22,-0.2
2010-09-29,panzhihua,攀枝花,Panzhihua,20.23,19.15,21.11,17.11,2.509362975642554,0.76,7975600.5,9184538.0,9838.125,101.75,26.55,2010,854.11,17.16,-0.48,-0.46
2010-09-30,panzhihua,攀枝花,Panzhihua,6.37,19.28,23.36,15.87,3.0914649690239844,0.61,9966189.0,11472276.0,10037.117,101.75,26.55,2010,852.56,17.52,-0.35,-0.05
2010-10-01,panzhihua,攀枝花,Panzhihua,8.57,21.22,25.54,16.4,4.973547655365862,0.79,14969956.0,17224950.0,10174.984,101.75,26.55,2010,851.92,16.41,0.23,-0.3
2010-10-02,panzhihua,攀枝花,Panzhihua,6.81,18.11,19.23,16.75,1.4238069042444876,0.81,4079743.0,4692394.5,10219.672,101.75,26.55,2010,856.76,15.26,-0.51,-0.49
2010-10-03,panzhihua,攀枝花,Panzhihua,0.22,17.31,18.17,16.57,1.5729662813738283,0.69,4483779.0,5155030.0,10191.859,101.75,26.55,2010,857.43,13.32,-0.35,-0.53
2010-10-04,panzhihua,攀枝花,Panzhihua,0.09,18.72,20.35,16.59,2.3130224095632625,0.51,6636784.0,7627564.0,10079.617,101.75,26.55,2010,855.73,12.56,-0.33,-0.13
2010-10-05,panzhihua,攀枝花,Panzhihua,0.13,19.73,22.25,17.16,3.658943458827424,0.56,10823609.0,12434580.0,9934.844,101.75,26.55,2010,853.48,13.17,-0.08,0.13
2010-10-06,panzhihua,攀枝花,Panzhihua,4.97,19.75,23.04,17.1,3.252038287574176,0.54,9817522.0,11271448.0,9877.102,101.75,26.55,2010,852.55,15.03,-0.19,-0.05
2010-10-07,panzhihua,攀枝花,Panzhihua,35.51,16.88,18.03,15.96,0.8671550903431843,0.53,2759190.2,3166735.8,9999.156,101.75,26.55,2010,854.37,15.58,-0.34,0.22
2010-10-08,panzhihua,攀枝花,Panzhihua,7.04,16.0,18.0,14.65,1.4165544257677507,0.29,4717935.0,5412372.5,10331.727,101.75,26.55,2010,851.73,14.12,-0.19,0.16
2010-10-09,panzhihua,攀枝花,Panzhihua,13.18,16.35,17.48,14.78,1.2312996161167833,0.38,4163673.8,4773982.0,10513.109,101.75,26.55,2010,846.28,15.42,-0.13,0.13
2010-10-10,panzhihua,攀枝花,Panzhihua,0.8,20.75,25.56,15.92,4.570082939672719,0.74,13840816.0,15863044.0,10432.922,101.75,26.55,2010,846.61,15.92,0.3,0.03
2010-10-11,panzhihua,攀枝花,Panzhihua,1.99,21.15,25.02,16.21,4.99814771001166,0.59,15242394.0,17464164.0,10177.922,101.75,26.55,2010,850.61,16.59,0.29,-0.12
2010-10-12,panzhihua,攀枝花,Panzhihua,12.31,20.55,24.7,17.2,4.241097027050591,0.54,13295180.0,15225994.0,9854.391,101.75,26.55,2010,851.87,17.74,0.24,-0.1
2010-10-13,panzhihua,攀枝花,Panzhihua,5.25,20.47,24.78,16.3,3.9173071065387393,0.44,12399078.0,14194994.0,9581.633,101.75,26.55,2010,851.19,18.58,0.03,-0.05
2010-10-14,panzhihua,攀枝花,Panzhihua,28.35,19.28,24.48,16.11,3.907125385604545,0.77,12749746.0,14590350.0,9339.648,101.75,26.55,2010,853.33,17.06,-0.41,-0.54
2010-10-15,panzhihua,攀枝花,Panzhihua,3.03,16.37,16.97,15.36,0.8947260842891692,0.56,2556268.0,2923970.0,9280.719,101.75,26.55,2010,856.81,13.55,-0.39,-0.04
2010-10-16,panzhihua,攀枝花,Panzhihua,5.34,17.84,20.04,15.15,2.860920449953689,0.57,9021342.0,10311276.0,9290.117,101.75,26.55,2010,854.84,13.71,-0.5,0.06
2010-10-17,panzhihua,攀枝花,Panzhihua,6.31,18.19,20.05,16.41,2.4402452503174272,0.56,7727860.0,8827652.0,9313.867,101.75,26.55,2010,855.16,15.14,-0.46,-0.01
2010-10-18,panzhihua,攀枝花,Panzhihua,10.19,16.53,18.3,14.85,1.5347480846167616,0.79,4760246.0,5434844.0,9371.0625,101.75,26.55,2010,856.53,13.85,-0.33,0.24
2010-10-19,panzhihua,攀枝花,Panzhihua,0.11,16.88,19.5,14.41,1.839907003521271,0.34,5870348.0,6696032.0,9506.992,101.75,26.55,2010,856.99,13.16,0.0,0.18
2010-10-20,panzhihua,攀枝花,Panzhihua,0.15,18.23,22.7,12.96,4.815445525032123,0.42,15495698.0,17664092.0,9554.953,101.75,26.55,2010,854.86,12.61,-0.02,-0.06
2010-10-21,panzhihua,攀枝花,Panzhihua,0.02,18.03,22.2,12.84,4.833611651071816,0.47,15592266.0,17762476.0,9321.289,101.75,26.55,2010,851.32,12.24,0.08,-0.09
2010-10-22,panzhihua,攀枝花,Panzhihua,0.0,18.43,22.93,13.43,4.7441154335207445,0.48,15182160.0,17284416.0,8866.476999999999,101.75,26.55,2010,848.92,12.8,0.16,-0.23
2010-10-23,panzhihua,攀枝花,Panzhihua,0.03,19.18,23.26,13.32,3.903222757630012,0.37,12378014.0,14080648.0,8291.164,101.75,26.55,2010,848.0,14.93,0.06,-0.15
2010-10-24,panzhihua,攀枝花,Panzhihua,3.05,19.54,23.03,15.83,2.828224835075747,0.46,8919604.0,10140420.0,7715.3438,101.75,26.55,2010,848.78,16.74,0.11,-0.2
2010-10-25,panzhihua,攀枝花,Panzhihua,5.22,18.0,21.24,15.7,2.527334374348834,1.1,8051388.0,9146644.0,7271.1953,101.75,26.55,2010,852.78,15.2,-0.45,-0.97
2010-10-26,panzhihua,攀枝花,Panzhihua,11.69,17.04,19.71,14.78,1.6666722124330569,0.84,5310890.0,6028468.0,7036.5625,101.75,26.55,2010,854.19,14.75,-0.37,-0.73
2010-10-27,panzhihua,攀枝花,Panzhihua,7.63,12.07,14.2,11.32,0.8531686922052897,1.06,2701282.0,3064484.0,6920.6169999999975,101.75,26.55,2010,856.27,9.98,-0.5,-0.91
2010-10-28,panzhihua,攀枝花,Panzhihua,5.15,12.03,13.61,10.65,0.8271382552968535,1.07,2457284.0,2785980.0,6853.7734,101.75,26.55,2010,856.57,9.63,-0.49,-0.93
2010-10-29,panzhihua,攀枝花,Panzhihua,0.13,13.09,14.39,10.67,1.2998942506768492,0.58,4021332.0,4556536.0,6811.0234,101.75,26.55,2010,860.51,8.41,-0.05,-0.46
2010-10-30,panzhihua,攀枝花,Panzhihua,0.01,13.98,17.79,7.96,2.7675875854744163,0.42,9571148.0,10836820.0,6693.3047,101.75,26.55,2010,861.03,8.8,-0.08,0.03
2010-10-31,panzhihua,攀枝花,Panzhihua,0.0,15.12,20.25,7.97,4.309822634680345,0.57,14904444.0,16863576.0,6468.547,101.75,26.55,2010,856.23,9.72,-0.01,-0.27
2010-11-01,panzhihua,攀枝花,Panzhihua,0.0,15.76,20.02,11.02,3.9370285557167146,0.59,13373628.0,15122236.0,6184.875,101.75,26.55,2010,854.39,10.76,-0.16,-0.26
2010-11-02,panzhihua,攀枝花,Panzhihua,0.56,14.13,17.4,11.67,2.0059158292907258,1.2,6430574.0,7266220.0,5868.5390000000025,101.75,26.55,2010,857.27,10.36,-0.77,-0.87
2010-11-03,panzhihua,攀枝花,Panzhihua,2.57,11.26,12.1,10.67,0.8062593833516734,0.92,2267048.0,2560088.0,5579.5859999999975,101.75,26.55,2010,859.87,8.1,-0.75,-0.53
2010-11-04,panzhihua,攀枝花,Panzhihua,0.07,11.78,13.46,9.03,1.1076177522044723,0.44,3847668.0,4342176.0,5392.4766,101.75,26.55,2010,859.23,8.58,-0.29,0.01
2010-11-05,panzhihua,攀枝花,Panzhihua,0.0,13.92,18.36,8.82,3.1858066388639883,0.31,11360706.0,12810756.0,5289.7188,101.75,26.55,2010,856.94,9.61,-0.12,-0.13
2010-11-06,panzhihua,攀枝花,Panzhihua,0.0,14.61,19.42,9.61,3.4346435095388155,0.48,12144428.0,13685304.0,5206.8438,101.75,26.55,2010,854.86,10.75,-0.17,-0.21
2010-11-07,panzhihua,攀枝花,Panzhihua,0.04,15.24,19.72,10.61,3.3662177577675334,0.45,11765312.0,13249696.0,5104.8047,101.75,26.55,2010,855.72,11.7,-0.12,-0.25
2010-11-08,panzhihua,攀枝花,Panzhihua,0.76,15.94,19.09,10.92,2.87284906969478,0.55,9501696.0,10692932.0,4950.3125,101.75,26.55,2010,858.92,11.08,-0.26,-0.32
2010-11-09,panzhihua,攀枝花,Panzhihua,0.64,13.79,17.35,9.6,2.2518243156850404,0.59,8069422.0,9074904.0,4783.3594,101.75,26.55,2010,859.53,11.0,-0.27,-0.34
2010-11-10,panzhihua,攀枝花,Panzhihua,0.21,14.9,19.73,9.57,3.4759659437671946,0.41,12219594.0,13733184.0,4632.0547,101.75,26.55,2010,855.7,10.88,-0.03,-0.23
2010-11-11,panzhihua,攀枝花,Panzhihua,10.03,13.09,16.87,10.36,1.9540435274160384,0.62,7187210.0,8072044.0,4475.585999999998,101.75,26.55,2010,856.31,10.86,-0.3,-0.15
2010-11-12,panzhihua,攀枝花,Panzhihua,0.35,13.88,17.49,10.78,2.762139304626192,0.51,9847934.0,11053276.0,4368.3516,101.75,26.55,2010,851.83,10.1,-0.03,-0.3
2010-11-13,panzhihua,攀枝花,Panzhihua,0.53,14.59,18.57,10.48,3.402010746565985,0.47,11867968.0,13311452.0,4308.289000000002,101.75,26.55,2010,854.52,9.43,0.14,-0.14
2010-11-14,panzhihua,攀枝花,Panzhihua,10.14,14.54,18.91,10.15,3.1749865741566534,0.52,11311964.0,12679232.0,4194.3438,101.75,26.55,2010,857.36,11.03,-0.09,-0.35
2010-11-15,panzhihua,攀枝花,Panzhihua,1.28,11.09,12.31,9.89,1.0441879689210911,0.87,3343658.0,3745208.0,4112.1016,101.75,26.55,2010,858.34,7.81,-0.55,-0.56
2010-11-16,panzhihua,攀枝花,Panzhihua,1.92,12.9,15.52,10.79,1.7817171096550564,0.45,6412220.0,7180524.0,4073.4062,101.75,26.55,2010,854.37,9.82,-0.04,-0.35
2010-11-17,panzhihua,攀枝花,Panzhihua,0.95,14.78,19.16,10.72,2.934106565829993,0.72,10215054.0,11437104.0,4014.75,101.75,26.55,2010,852.83,10.87,0.22,-0.31
2010-11-18,panzhihua,攀枝花,Panzhihua,6.16,14.94,19.04,10.99,2.985097921900405,0.66,10465332.0,11715140.0,3944.3516,101.75,26.55,2010,855.08,11.36,-0.28,-0.4
2010-11-19,panzhihua,攀枝花,Panzhihua,5.52,10.0,11.39,9.43,0.5683506548395638,0.75,1886034.0,2110844.0,3924.4844,101.75,26.55,2010,853.71,8.09,-0.47,-0.53
2010-11-20,panzhihua,攀枝花,Panzhihua,0.2,11.59,15.14,8.52,1.446189015700628,0.47,5540186.0,6199116.0,3960.7344,101.75,26.55,2010,848.0,9.86,-0.22,-0.14
2010-11-21,panzhihua,攀枝花,Panzhihua,2.79,12.49,17.41,8.72,2.850133272019572,0.82,11005888.0,12312340.0,3980.3125,101.75,26.55,2010,850.77,10.02,-0.13,-0.67
2010-11-22,panzhihua,攀枝花,Panzhihua,0.02,10.75,14.67,5.88,1.6910652797730286,0.49,6457254.0,7222000.0,3986.586,101.75,26.55,2010,852.27,7.77,-0.08,-0.4
2010-11-23,panzhihua,攀枝花,Panzhihua,0.02,12.14,16.91,5.3,2.8104108978922846,0.58,10707532.0,11973784.0,3991.6797,101.75,26.55,2010,850.81,9.04,-0.24,-0.31
2010-11-24,panzhihua,攀枝花,Panzhihua,0.09,13.36,16.44,9.89,2.216250886887421,0.8,7739942.0,8653028.0,3923.875,101.75,26.55,2010,854.63,9.54,-0.42,-0.59
2010-11-25,panzhihua,攀枝花,Panzhihua,0.35,13.13,15.99,10.12,1.577255339962931,0.54,5513588.0,6162220.0,3815.664,101.75,26.55,2010,853.67,9.93,-0.04,-0.39
2010-11-26,panzhihua,攀枝花,Panzhihua,1.51,14.03,16.75,11.4,1.824978605465712,0.58,6503660.0,7267780.0,3696.0078,101.75,26.55,2010,851.64,11.65,-0.02,-0.48
2010-11-27,panzhihua,攀枝花,Panzhihua,3.15,14.35,18.11,11.75,2.0465191031874395,0.67,7340260.0,8201112.0,3591.5312,101.75,26.55,2010,850.58,12.12,-0.26,-0.45
2010-11-28,panzhihua,攀枝花,Panzhihua,3.22,11.05,12.99,9.35,1.4484373902371024,1.0,5357018.0,5983708.0,3520.3828,101.75,26.55,2010,853.66,8.54,-0.59,-0.76
2010-11-29,panzhihua,攀枝花,Panzhihua,1.29,12.77,17.32,8.37,2.2287564128496293,0.67,8306960.0,9277000.0,3468.0781,101.75,26.55,2010,851.46,10.15,-0.36,-0.43
2010-11-30,panzhihua,攀枝花,Panzhihua,0.88,9.24,11.48,6.03,1.4030123537624577,1.02,5311752.0,5931012.0,3424.2266,101.75,26.55,2010,854.03,6.26,-0.46,-0.76
2010-12-01,panzhihua,攀枝花,Panzhihua,0.05,11.46,16.08,5.54,2.6519843662787546,0.5,10134588.0,11313596.0,3395.0547,101.75,26.55,2010,853.83,7.67,-0.08,-0.39
2010-12-02,panzhihua,攀枝花,Panzhihua,0.12,12.29,17.0,6.97,3.1063303366686283,0.4,11661676.0,13016104.0,3367.25,101.75,26.55,2010,856.18,8.09,-0.16,-0.23
2010-12-03,panzhihua,攀枝花,Panzhihua,0.02,11.39,16.27,6.66,2.7724937052894587,0.47,10741962.0,11986260.0,3329.3125,101.75,26.55,2010,854.77,8.07,-0.0,-0.32
2010-12-04,panzhihua,攀枝花,Panzhihua,0.01,12.26,17.78,7.29,3.228042939307475,0.54,12170104.0,13577092.0,3277.6406,101.75,26.55,2010,852.21,8.11,0.02,-0.33
2010-12-05,panzhihua,攀枝花,Panzhihua,0.0,12.73,18.14,7.3,3.703326881486869,0.51,13776756.0,15366784.0,3203.1719,101.75,26.55,2010,852.89,7.84,0.03,-0.36
2010-12-06,panzhihua,攀枝花,Panzhihua,0.05,12.98,18.29,8.11,3.4527718688966216,0.88,12511420.0,13952796.0,3106.6719,101.75,26.55,2010,855.14,7.75,-0.23,-0.81
2010-12-07,panzhihua,攀枝花,Panzhihua,2.43,7.88,9.38,7.03,0.5837913951207224,0.92,1822428.0,2031588.0,3000.9688,101.75,26.55,2010,857.59,5.35,-0.02,-0.91
2010-12-08,panzhihua,攀枝花,Panzhihua,0.02,11.2,13.41,7.01,1.8221055325424096,0.4,6798564.0,7579080.0,2905.2656,101.75,26.55,2010,852.81,7.18,0.16,-0.26
2010-12-09,panzhihua,攀枝花,Panzhihua,0.15,13.3,16.35,10.73,1.6202323825069578,0.48,5745222.0,6401452.0,2822.9531,101.75,26.55,2010,847.2,10.31,-0.15,-0.36
2010-12-10,panzhihua,攀枝花,Panzhihua,0.6,15.14,20.09,10.91,2.5431639328376967,0.68,8885410.0,9899960.0,2740.461,101.75,26.55,2010,845.37,12.05,0.31,-0.23
2010-12-11,panzhihua,攀枝花,Panzhihua,0.46,13.75,18.18,9.05,2.25203419370931,0.84,8117634.0,9042372.0,2673.1875,101.75,26.55,2010,844.13,10.91,0.63,-0.29
2010-12-12,panzhihua,攀枝花,Panzhihua,0.06,13.98,19.71,9.0,2.951599220719192,0.85,10225754.0,11388788.0,2641.3828,101.75,26.55,2010,844.05,9.03,0.44,0.09
2010-12-13,panzhihua,攀枝花,Panzhihua,0.09,13.34,18.26,8.46,3.2975174524674435,0.65,11882452.0,13231556.0,2637.086,101.75,26.55,2010,849.6,8.24,0.09,-0.18
2010-12-14,panzhihua,攀枝花,Panzhihua,0.0,13.21,18.64,8.65,3.5726668278078813,0.69,12890208.0,14351048.0,2618.7422,101.75,26.55,2010,848.79,7.53,0.2,-0.25
2010-12-15,panzhihua,攀枝花,Panzhihua,0.14,11.21,18.2,3.69,3.2236065784984267,1.23,11787834.0,13120756.0,2581.9375,101.75,26.55,2010,851.71,5.07,-0.12,-0.53
2010-12-16,panzhihua,攀枝花,Panzhihua,0.0,6.15,9.36,2.65,2.091476072398708,0.68,8869306.0,9873056.0,2543.0078,101.75,26.55,2010,856.97,0.42,0.08,-0.66
2010-12-17,panzhihua,攀枝花,Panzhihua,0.0,8.61,14.08,2.26,2.9666686358927388,0.63,12413676.0,13817728.0,2513.1328,101.75,26.55,2010,851.06,4.22,-0.1,-0.47
2010-12-18,panzhihua,攀枝花,Panzhihua,0.02,12.05,18.36,5.39,3.0794654746733188,0.71,11294762.0,12571380.0,2471.1484,101.75,26.55,2010,849.36,6.45,0.41,-0.34
2010-12-19,panzhihua,攀枝花,Panzhihua,0.0,11.75,17.45,6.46,3.5435566169256494,0.59,13223558.0,14719440.0,2412.0547,101.75,26.55,2010,851.82,5.29,0.2,-0.35
2010-12-20,panzhihua,攀枝花,Panzhihua,0.0,12.12,18.27,6.4,3.7759616779076,0.67,13528010.0,15058052.0,2350.7422,101.75,26.55,2010,850.83,3.3,0.34,-0.07
2010-12-21,panzhihua,攀枝花,Panzhihua,0.0,10.81,16.26,5.87,3.630572246125377,0.45,13759704.0,15315900.0,2292.711,101.75,26.55,2010,851.8,2.29,-0.01,-0.35
2010-12-22,panzhihua,攀枝花,Panzhihua,0.0,10.85,16.55,5.83,3.560483655997184,0.64,13485708.0,15010976.0,2238.4688,101.75,26.55,2010,848.76,3.6,-0.02,-0.24
2010-12-23,panzhihua,攀枝花,Panzhihua,0.0,12.64,18.3,6.22,3.967568437489141,0.98,13364322.0,14875928.0,2187.7266,101.75,26.55,2010,847.96,2.33,0.72,0.02
2010-12-24,panzhihua,攀枝花,Panzhihua,0.0,12.07,17.99,4.52,3.94359606443476,1.04,13417338.0,14935104.0,2140.0703,101.75,26.55,2010,848.26,1.66,0.55,-0.2
2010-12-25,panzhihua,攀枝花,Panzhihua,0.04,7.38,11.2,3.11,2.7011785048807204,1.34,10722340.0,11935640.0,2098.7812,101.75,26.55,2010,854.23,0.7,-0.71,-1.1
2010-12-26,panzhihua,攀枝花,Panzhihua,0.01,7.21,10.75,3.35,1.9615728263649108,0.61,8005802.0,8911436.0,2070.2344,101.75,26.55,2010,854.4,1.77,-0.02,-0.58
2010-12-27,panzhihua,攀枝花,Panzhihua,0.0,8.68,13.59,3.31,2.414146261269552,0.58,9696428.0,10792508.0,2052.5625,101.75,26.55,2010,851.71,3.41,-0.06,-0.44
2010-12-28,panzhihua,攀枝花,Panzhihua,0.0,10.15,16.33,3.76,3.1625169473570764,0.62,12333602.0,13728940.0,2033.5,101.75,26.55,2010,850.42,4.24,-0.01,-0.36
2010-12-29,panzhihua,攀枝花,Panzhihua,0.0,11.47,17.16,5.48,3.6613892415943776,0.55,13626992.0,15168564.0,2009.8516,101.75,26.55,2010,851.83,3.7,0.09,-0.42
2010-12-30,panzhihua,攀枝花,Panzhihua,0.0,9.0,13.77,3.81,1.9578897513036075,0.82,7536674.0,8388292.0,1984.6016,101.75,26.55,2010,852.51,4.42,-0.14,-0.63
2010-12-31,panzhihua,攀枝花,Panzhihua,0.0,11.12,17.25,3.4,3.3772426977425614,0.65,12866302.0,14322052.0,1959.3359,101.75,26.55,2010,847.48,5.25,0.15,-0.35
2011-01-01,panzhihua,攀枝花,Panzhihua,0.01,14.29,21.16,7.17,4.502529657407561,1.72,13472636.0,14996952.0,1935.3203,101.75,26.55,2011,844.79,3.33,1.5,0.22
2011-01-02,panzhihua,攀枝花,Panzhihua,0.06,13.91,19.57,8.06,3.7830979373541305,1.06,12047604.0,13410688.0,1914.4219,101.75,26.55,2011,848.18,4.15,0.57,0.26
2011-01-03,panzhihua,攀枝花,Panzhihua,0.01,11.58,17.08,6.53,3.1134336152582143,0.83,10973178.0,12214076.0,1898.5312,101.75,26.55,2011,851.12,3.78,0.15,0.03
2011-01-04,panzhihua,攀枝花,Panzhihua,0.0,11.37,17.14,6.03,3.7049855425976994,0.56,13809244.0,15371756.0,1888.0469,101.75,26.55,2011,850.55,3.4,0.08,-0.21
2011-01-05,panzhihua,攀枝花,Panzhihua,0.0,12.34,18.5,5.63,3.87506030314684,0.77,13800534.0,15362172.0,1878.7188,101.75,26.55,2011,849.45,3.85,0.25,-0.42
2011-01-06,panzhihua,攀枝花,Panzhihua,0.0,9.87,15.57,4.04,3.0862565354397287,0.94,11672934.0,12993692.0,1867.8906,101.75,26.55,2011,852.23,2.97,-0.39,-0.59
2011-01-07,panzhihua,攀枝花,Panzhihua,0.0,12.29,18.68,5.01,3.60351351576206,0.69,13017950.0,14490804.0,1856.9844,101.75,26.55,2011,850.71,4.98,0.09,-0.24
2011-01-08,panzhihua,攀枝花,Panzhihua,0.0,14.42,20.98,7.32,4.516343482710154,1.15,13991438.0,15574572.0,1844.6562,101.75,26.55,2011,849.71,2.0,0.83,0.36
2011-01-09,panzhihua,攀枝花,Panzhihua,0.32,13.77,19.57,7.57,4.2735671050771895,0.91,13945554.0,15523716.0,1827.9062,101.75,26.55,2011,848.82,2.19,0.37,-0.29
2011-01-10,panzhihua,攀枝花,Panzhihua,6.1,11.07,16.4,4.66,2.4630842407902764,0.7,9570386.0,10652944.0,1812.9844,101.75,26.55,2011,847.21,7.71,-0.12,-0.46
2011-01-11,panzhihua,攀枝花,Panzhihua,0.76,4.42,7.73,2.35,1.6279670557729942,1.18,6862364.0,7700060.0,1817.5,101.75,26.55,2011,851.13,-0.53,-0.76,-0.89
2011-01-12,panzhihua,攀枝花,Panzhihua,0.01,6.91,10.99,3.29,1.91101559217098,0.57,7903148.0,8847048.0,1832.9844,101.75,26.55,2011,848.66,1.79,-0.16,-0.44
2011-01-13,panzhihua,攀枝花,Panzhihua,0.14,9.17,14.36,4.89,2.2344509751869706,0.84,8687418.0,9703132.0,1827.1094,101.75,26.55,2011,846.94,4.46,-0.09,-0.48
2011-01-14,panzhihua,攀枝花,Panzhihua,0.34,9.58,16.67,3.05,2.5920877684054995,1.17,9755654.0,10879284.0,1806.3281,101.75,26.55,2011,850.7,4.01,-0.39,-0.61
2011-01-15,panzhihua,攀枝花,Panzhihua,0.73,4.26,6.08,2.88,1.1245118181148188,1.1,4052554.0,4589332.0,1786.5156,101.75,26.55,2011,855.39,-0.78,-0.49,-0.88
2011-01-16,panzhihua,攀枝花,Panzhihua,8.84,8.37,12.13,3.81,1.5493811876273502,0.72,6070008.0,6839144.0,1781.5469,101.75,26.55,2011,849.04,4.83,0.24,-0.44
2011-01-17,panzhihua,攀枝花,Panzhihua,13.31,3.77,8.86,0.54,1.1087570813311818,1.13,5436056.0,6132444.0,1813.6406,101.75,26.55,2011,850.04,1.91,-0.66,-0.76
2011-01-18,panzhihua,攀枝花,Panzhihua,3.67,5.42,8.98,1.16,1.80383591810988,0.77,7777786.0,9114912.0,1895.6562,101.75,26.55,2011,849.43,1.88,-0.43,-0.59
2011-01-19,panzhihua,攀枝花,Panzhihua,2.05,8.04,13.52,2.67,2.4363854397405498,0.63,10313528.0,11806968.0,1964.7812,101.75,26.55,2011,847.86,5.39,0.24,-0.46
2011-01-20,panzhihua,攀枝花,Panzhihua,1.34,5.74,10.61,0.11,2.317703028752507,1.07,10841836.0,12250884.0,1994.4688,101.75,26.55,2011,852.18,2.66,-0.58,-0.77
2011-01-21,panzhihua,攀枝花,Panzhihua,0.01,6.93,12.5,0.24,2.9076663965135734,0.9,12638568.0,14172748.0,1989.4219,101.75,26.55,2011,851.03,1.85,-0.58,-0.54
2011-01-22,panzhihua,攀枝花,Panzhihua,0.0,9.82,16.9,2.15,3.7508736582654985,0.93,14635040.0,16347300.0,1950.3281,101.75,26.55,2011,850.45,2.68,-0.36,-0.22
2011-01-23,panzhihua,攀枝花,Panzhihua,0.01,6.39,12.28,1.61,2.737296643776564,1.26,12243466.0,13655952.0,1894.9062,101.75,26.55,2011,853.22,1.62,-0.62,-1.01
2011-01-24,panzhihua,攀枝花,Panzhihua,0.0,7.42,12.99,2.13,2.5317559708133177,0.89,10887020.0,12138324.0,1838.25,101.75,26.55,2011,852.22,3.17,-0.44,-0.69
2011-01-25,panzhihua,攀枝花,Panzhihua,0.01,11.8,18.72,2.08,3.733578624799457,0.7,13550966.0,15107192.0,1787.2188,101.75,26.55,2011,851.65,3.59,0.11,-0.07
2011-01-26,panzhihua,攀枝花,Panzhihua,0.0,13.75,20.2,6.82,4.577164374637518,0.79,15462262.0,17239104.0,1745.375,101.75,26.55,2011,852.17,2.66,0.42,0.08
2011-01-27,panzhihua,攀枝花,Panzhihua,0.15,13.83,19.6,5.8,4.738593825907686,1.15,15208968.0,16958624.0,1715.3281,101.75,26.55,2011,852.85,1.46,0.56,0.44
2011-01-28,panzhihua,攀枝花,Panzhihua,0.0,6.82,13.22,1.16,3.2273646750922835,1.29,13949764.0,15557296.0,1697.5781,101.75,26.55,2011,855.61,0.48,-0.67,-1.06
2011-01-29,panzhihua,攀枝花,Panzhihua,0.04,7.3,12.64,1.2,2.688094336913468,0.8,11640088.0,12981856.0,1681.0625,101.75,26.55,2011,853.84,2.87,-0.22,-0.51
2011-01-30,panzhihua,攀枝花,Panzhihua,0.12,10.07,16.55,4.26,2.8802012827426737,1.02,11194726.0,12487488.0,1659.7656,101.75,26.55,2011,853.4,5.09,-0.42,-0.7
2011-01-31,panzhihua,攀枝花,Panzhihua,2.1,11.78,18.62,2.87,3.756130735234074,1.0,13057002.0,14567328.0,1639.5938,101.75,26.55,2011,850.86,2.49,0.14,-0.12
2011-02-01,panzhihua,攀枝花,Panzhihua,1.22,6.86,12.03,2.02,2.663089170855528,0.99,11375072.0,12787744.0,1627.5938,101.75,26.55,2011,854.63,1.67,-0.52,-0.8
2011-02-02,panzhihua,攀枝花,Panzhihua,0.0,9.2,15.04,2.45,3.52799726352283,0.62,14134970.0,15854276.0,1621.875,101.75,26.55,2011,853.71,2.69,-0.28,-0.37
2011-02-03,panzhihua,攀枝花,Panzhihua,0.0,11.62,18.65,4.63,4.572345448162261,0.56,16977064.0,19001092.0,1609.7656,101.75,26.55,2011,853.11,2.15,-0.14,-0.08
2011-02-04,panzhihua,攀枝花,Panzhihua,0.0,12.31,19.26,5.03,4.782497905243243,0.6,17248752.0,19279980.0,1590.2656,101.75,26.55,2011,851.77,1.35,-0.09,-0.18
2011-02-05,panzhihua,攀枝花,Panzhihua,0.0,13.24,20.26,6.44,4.8101613535923375,0.57,17087242.0,19087248.0,1572.2656,101.75,26.55,2011,850.51,3.31,-0.11,-0.19
2011-02-06,panzhihua,攀枝花,Panzhihua,0.0,15.28,22.46,6.97,5.332677061905248,0.65,17358356.0,19385880.0,1559.25,101.75,26.55,2011,847.32,0.57,0.42,-0.1
2011-02-07,panzhihua,攀枝花,Panzhihua,0.0,14.49,21.43,7.37,5.248371099567536,0.66,17535698.0,19584004.0,1549.7812,101.75,26.55,2011,845.19,0.81,0.05,-0.05
2011-02-08,panzhihua,攀枝花,Panzhihua,0.0,16.56,23.76,7.27,5.756579988485013,1.19,17312610.0,19336656.0,1543.7812,101.75,26.55,2011,841.99,2.42,0.95,0.53
2011-02-09,panzhihua,攀枝花,Panzhihua,0.0,17.15,22.7,10.07,5.739097704356112,1.4,16137838.0,18026896.0,1545.4062,101.75,26.55,2011,843.84,1.72,0.83,0.73
2011-02-10,panzhihua,攀枝花,Panzhihua,0.0,16.21,21.68,10.08,5.235975818291954,0.9,15852918.0,17710624.0,1556.5312,101.75,26.55,2011,847.89,0.74,0.29,0.3
2011-02-11,panzhihua,攀枝花,Panzhihua,0.0,15.64,21.49,8.84,5.353641421586608,0.68,17290746.0,19320188.0,1569.2812,101.75,26.55,2011,848.49,1.68,0.24,-0.19
2011-02-12,panzhihua,攀枝花,Panzhihua,0.0,16.53,22.37,8.5,5.766563378034892,1.38,16143980.0,18041160.0,1578.6562,101.75,26.55,2011,846.34,-1.0,0.64,0.68
2011-02-13,panzhihua,攀枝花,Panzhihua,0.0,12.41,18.28,6.09,4.880997107891367,1.0,17120790.0,19135728.0,1581.5938,101.75,26.55,2011,849.26,1.39,-0.45,-0.86
2011-02-14,panzhihua,攀枝花,Panzhihua,0.0,13.63,18.85,6.14,4.218103599505056,0.85,14210896.0,15885064.0,1576.625,101.75,26.55,2011,846.72,3.87,0.08,-0.17
2011-02-15,panzhihua,攀枝花,Panzhihua,0.01,16.98,24.38,8.73,5.2881325624359015,1.61,14507108.0,16218190.0,1563.1562,101.75,26.55,2011,846.24,3.47,1.02,0.73
2011-02-16,panzhihua,攀枝花,Panzhihua,0.0,17.56,24.22,10.31,5.883589042999076,1.71,16356304.0,18291080.0,1540.625,101.75,26.55,2011,847.4,4.0,1.05,0.85
2011-02-17,panzhihua,攀枝花,Panzhihua,0.01,17.39,23.68,10.67,6.152419304922288,1.81,17450000.0,19519686.0,1513.0312,101.75,26.55,2011,846.88,4.08,1.13,1.14
2011-02-18,panzhihua,攀枝花,Panzhihua,0.07,17.01,23.15,10.43,5.887981490144067,1.87,15800898.0,17679798.0,1487.625,101.75,26.55,2011,846.61,1.83,1.09,1.17
2011-02-19,panzhihua,攀枝花,Panzhihua,0.0,16.53,22.01,9.89,6.002882570553782,1.57,16880228.0,18892696.0,1469.1562,101.75,26.55,2011,849.76,0.13,0.96,0.83
2011-02-20,panzhihua,攀枝花,Panzhihua,0.0,17.12,23.1,9.83,6.635973298560909,1.51,18565658.0,20785102.0,1458.3438,101.75,26.55,2011,850.09,-1.85,0.87,0.92
2011-02-21,panzhihua,攀枝花,Panzhihua,0.0,18.1,24.3,9.2,6.6843384548261655,1.25,18886684.0,21150404.0,1454.125,101.75,26.55,2011,849.77,-0.47,0.7,0.74
2011-02-22,panzhihua,攀枝花,Panzhihua,0.04,18.11,24.01,11.49,5.125330161358202,0.98,14560198.0,16309760.0,1455.5,101.75,26.55,2011,850.17,3.84,0.39,0.78
2011-02-23,panzhihua,攀枝花,Panzhihua,0.13,16.07,21.63,9.69,5.261362352984957,0.87,16444140.0,18425558.0,1459.7812,101.75,26.55,2011,850.93,2.96,-0.33,0.16
2011-02-24,panzhihua,攀枝花,Panzhihua,0.0,18.73,25.62,9.2,7.000843577189162,1.12,19546224.0,21907362.0,1465.75,101.75,26.55,2011,848.67,-2.97,0.59,0.67
2011-02-25,panzhihua,攀枝花,Panzhihua,0.0,19.6,26.59,10.44,7.4406980719369695,1.3,19772316.0,22166960.0,1471.9062,101.75,26.55,2011,848.05,-4.32,0.73,0.81
2011-02-26,panzhihua,攀枝花,Panzhihua,0.0,19.59,26.25,12.04,7.554807348168741,1.62,19426210.0,21785272.0,1471.7188,101.75,26.55,2011,848.98,-2.92,0.97,0.98
2011-02-27,panzhihua,攀枝花,Panzhihua,0.0,19.62,26.53,11.37,7.545393357028487,1.64,19581966.0,21965952.0,1460.2812,101.75,26.55,2011,849.25,-1.51,0.96,1.02
2011-02-28,panzhihua,攀枝花,Panzhihua,0.0,19.78,26.28,11.69,7.512352680814048,1.38,19890422.0,22318200.0,1443.0625,101.75,26.55,2011,849.46,-2.59,0.74,0.83
2011-03-01,panzhihua,攀枝花,Panzhihua,0.0,19.23,26.09,11.21,6.881066652453868,0.68,20176866.0,22646008.0,1426.8438,101.75,26.55,2011,849.86,-2.41,0.18,0.17
2011-03-02,panzhihua,攀枝花,Panzhihua,0.0,20.92,27.96,11.37,8.064437655554062,1.43,20489434.0,23003180.0,1411.5312,101.75,26.55,2011,848.81,-5.01,0.7,0.93
2011-03-03,panzhihua,攀枝花,Panzhihua,0.0,19.85,25.72,12.83,6.94547937945342,0.91,19349034.0,21729208.0,1395.75,101.75,26.55,2011,848.77,-1.87,-0.16,-0.27
2011-03-04,panzhihua,攀枝花,Panzhihua,0.0,20.26,26.77,12.78,7.412411286530628,1.99,18093578.0,20324616.0,1379.1875,101.75,26.55,2011,845.89,0.99,0.98,1.46
2011-03-05,panzhihua,攀枝花,Panzhihua,0.0,20.14,26.15,12.69,7.0923093336923415,2.09,17205124.0,19332098.0,1363.0625,101.75,26.55,2011,846.23,2.61,1.03,1.67
2011-03-06,panzhihua,攀枝花,Panzhihua,0.0,19.4,25.68,10.2,6.679666627277866,1.52,18014492.0,20247134.0,1348.5625,101.75,26.55,2011,849.22,3.63,0.23,0.87
2011-03-07,panzhihua,攀枝花,Panzhihua,0.0,15.26,20.98,9.25,5.183570955957907,1.18,16271690.0,18294300.0,1335.4688,101.75,26.55,2011,850.89,3.58,-0.62,-0.77
2011-03-08,panzhihua,攀枝花,Panzhihua,0.01,15.5,21.35,8.77,5.106045395505922,0.78,16617345.0,18687500.0,1324.1875,101.75,26.55,2011,849.36,4.57,-0.32,-0.21
2011-03-09,panzhihua,攀枝花,Panzhihua,0.58,14.23,20.91,8.14,4.695347443302952,1.31,15418729.0,17344782.0,1317.1875,101.75,26.55,2011,853.35,5.08,-0.59,-1.1
2011-03-10,panzhihua,攀枝花,Panzhihua,0.02,17.85,25.09,7.85,5.7830325990382745,1.1,16610144.0,18690056.0,1318.6562,101.75,26.55,2011,850.75,2.81,0.29,0.46
2011-03-11,panzhihua,攀枝花,Panzhihua,0.0,20.73,26.99,11.79,7.820435120978849,1.67,19950570.0,22454896.0,1330.4375,101.75,26.55,2011,848.68,0.59,0.77,1.22
2011-03-12,panzhihua,攀枝花,Panzhihua,0.0,19.77,25.94,12.79,6.925698398532772,1.48,18766960.0,21128422.0,1348.5,101.75,26.55,2011,848.17,3.94,0.78,1.0
2011-03-13,panzhihua,攀枝花,Panzhihua,0.02,20.14,25.79,12.31,7.53153008456089,1.47,19975988.0,22496028.0,1364.0625,101.75,26.55,2011,848.72,0.82,0.6,0.96
2011-03-14,panzhihua,攀枝花,Panzhihua,0.01,19.75,26.88,8.73,7.635710431479692,1.5,20472288.0,23061524.0,1373.1562,101.75,26.55,2011,850.76,0.2,0.01,0.35
2011-03-15,panzhihua,攀枝花,Panzhihua,1.9,8.88,12.44,5.16,2.8704898887150976,1.68,9546308.0,10755935.0,1382.4375,101.75,26.55,2011,859.72,0.26,-0.73,-1.44
2011-03-16,panzhihua,攀枝花,Panzhihua,0.04,10.1,13.14,5.15,2.519907179529603,0.62,8776918.0,9891708.0,1401.4688,101.75,26.55,2011,857.45,0.56,-0.39,0.09
2011-03-17,panzhihua,攀枝花,Panzhihua,0.01,12.38,18.13,8.04,4.3986505235855375,1.26,14922407.0,16819640.0,1433.4062,101.75,26.55,2011,852.39,2.47,1.1,-0.35
2011-03-18,panzhihua,攀枝花,Panzhihua,0.01,13.61,18.4,7.94,3.9529073968374777,0.99,12924567.0,14570953.0,1460.9688,101.75,26.55,2011,847.56,4.24,-0.08,-0.46
2011-03-19,panzhihua,攀枝花,Panzhihua,0.01,17.08,23.73,9.93,4.536618620440153,1.47,12572598.0,14176274.0,1470.7188,101.75,26.55,2011,844.74,6.35,1.01,0.35
2011-03-20,panzhihua,攀枝花,Panzhihua,0.01,20.04,27.14,12.54,5.7470330222852,2.02,13297158.0,14996022.0,1460.25,101.75,26.55,2011,842.88,5.62,1.26,1.04
2011-03-21,panzhihua,攀枝花,Panzhihua,0.1,21.11,28.8,8.33,7.8280884061408464,2.3,18773756.0,21175108.0,1436.2188,101.75,26.55,2011,846.08,3.51,0.61,1.02
2011-03-22,panzhihua,攀枝花,Panzhihua,0.1,12.05,18.68,7.23,4.983936558716642,1.28,17228264.0,19436026.0,1408.9062,101.75,26.55,2011,851.99,0.73,-0.96,-0.81
2011-03-23,panzhihua,攀枝花,Panzhihua,0.0,20.04,28.14,6.93,7.264175173948628,1.36,19658410.0,22180268.0,1390.7188,101.75,26.55,2011,849.14,2.36,0.21,0.66
2011-03-24,panzhihua,攀枝花,Panzhihua,0.16,16.12,24.5,8.94,6.480819101000526,1.71,19694476.0,22224326.0,1390.25,101.75,26.55,2011,851.53,2.91,-0.82,-1.48
2011-03-25,panzhihua,攀枝花,Panzhihua,10.36,11.71,16.01,8.06,2.508832436658412,1.1,8723714.0,9845842.0,1417.0938,101.75,26.55,2011,854.45,6.56,-0.68,-0.73
2011-03-26,panzhihua,攀枝花,Panzhihua,7.56,8.01,9.86,5.2,1.117142747540984,1.24,3923066.0,4428166.0,1490.1562,101.75,26.55,2011,856.55,4.84,-0.72,-0.98
2011-03-27,panzhihua,攀枝花,Panzhihua,0.01,12.2,16.7,5.14,3.8603778284196655,0.46,13932418.0,15729694.0,1622.25,101.75,26.55,2011,857.0,3.77,-0.03,-0.25
2011-03-28,panzhihua,攀枝花,Panzhihua,0.02,16.55,20.13,9.42,4.89455022959288,0.66,15289554.0,17265414.0,1766.2812,101.75,26.55,2011,856.55,4.3,0.11,-0.57
2011-03-29,panzhihua,攀枝花,Panzhihua,0.59,15.5,18.22,11.16,3.783160008035365,0.99,10956112.0,12373866.0,1865.2188,101.75,26.55,2011,856.11,3.99,0.71,0.07
2011-03-30,panzhihua,攀枝花,Panzhihua,0.34,14.87,18.39,11.26,3.200088918658873,0.88,10051732.0,11353732.0,1911.4375,101.75,26.55,2011,851.79,7.33,0.39,-0.62
2011-03-31,panzhihua,攀枝花,Panzhihua,0.03,17.04,22.37,11.37,4.4784649162176455,1.13,13361936.0,15096492.0,1931.1562,101.75,26.55,2011,848.97,7.73,0.79,-0.37
2011-04-01,panzhihua,攀枝花,Panzhihua,0.03,18.48,23.89,12.02,4.9719194733885885,0.79,14977228.0,16923930.0,1934.625,101.75,26.55,2011,848.62,8.55,0.39,-0.47
2011-04-02,panzhihua,攀枝花,Panzhihua,0.15,20.13,25.49,12.89,6.066529626452148,0.9,17341414.0,19599506.0,1918.75,101.75,26.55,2011,848.75,7.06,0.69,-0.13
2011-04-03,panzhihua,攀枝花,Panzhihua,0.0,21.42,26.75,13.26,6.60579780011778,0.95,17942970.0,20281796.0,1891.5938,101.75,26.55,2011,848.57,5.12,0.36,0.05
2011-04-04,panzhihua,攀枝花,Panzhihua,0.0,22.81,29.65,14.13,7.710178487946748,1.44,19653076.0,22218584.0,1867.3438,101.75,26.55,2011,848.13,5.93,1.01,0.46
2011-04-05,panzhihua,攀枝花,Panzhihua,0.0,23.7,30.45,15.62,8.621568839527255,2.0,20687680.0,23392010.0,1845.6875,101.75,26.55,2011,847.75,6.11,1.06,1.4
2011-04-06,panzhihua,攀枝花,Panzhihua,0.0,22.81,29.35,15.07,7.9242667637334305,1.73,19924674.0,22532674.0,1817.75,101.75,26.55,2011,848.36,6.83,1.13,1.06
2011-04-07,panzhihua,攀枝花,Panzhihua,0.07,22.79,28.47,14.83,8.576686642018025,1.56,21740432.0,24590000.0,1783.5,101.75,26.55,2011,849.48,3.34,0.71,0.81
2011-04-08,panzhihua,攀枝花,Panzhihua,0.0,22.93,30.24,13.98,9.006718223105729,1.4,23223536.0,26272350.0,1754.0,101.75,26.55,2011,850.65,1.67,0.44,0.62
2011-04-09,panzhihua,攀枝花,Panzhihua,0.0,24.16,30.82,16.07,9.394536305080557,1.53,23374008.0,26446820.0,1742.0938,101.75,26.55,2011,851.97,2.68,0.69,1.06
2011-04-10,panzhihua,攀枝花,Panzhihua,0.0,25.09,31.61,16.19,9.42122683126442,1.43,23142372.0,26188872.0,1748.7812,101.75,26.55,2011,851.19,3.19,0.66,0.91
2011-04-11,panzhihua,攀枝花,Panzhihua,0.0,24.71,30.72,17.03,9.292288680559134,1.53,22803460.0,25809768.0,1762.375,101.75,26.55,2011,849.46,3.77,0.99,0.9
2011-04-12,panzhihua,攀枝花,Panzhihua,0.03,24.32,30.57,16.74,9.440668129301685,1.67,23208316.0,26272356.0,1770.8125,101.75,26.55,2011,849.3,3.76,1.02,0.88
2011-04-13,panzhihua,攀枝花,Panzhihua,0.0,24.89,31.33,17.25,9.559292816195212,1.51,23680136.0,26810988.0,1772.0312,101.75,26.55,2011,848.52,4.13,0.74,1.1
2011-04-14,panzhihua,攀枝花,Panzhihua,0.0,25.44,31.94,17.55,10.081218472730765,2.02,23701666.0,26839772.0,1772.375,101.75,26.55,2011,845.57,4.97,1.02,1.54
2011-04-15,panzhihua,攀枝花,Panzhihua,0.01,25.3,31.25,18.17,9.474604484192184,1.66,23069510.0,26128142.0,1774.3438,101.75,26.55,2011,845.96,6.09,1.05,0.8
2011-04-16,panzhihua,攀枝花,Panzhihua,0.0,25.24,30.76,17.49,9.344219176042436,1.6,22343348.0,25301198.0,1775.6562,101.75,26.55,2011,847.05,3.8,0.81,0.93
2011-04-17,panzhihua,攀枝花,Panzhihua,3.69,19.31,27.02,11.05,6.4104001342860535,1.37,18640122.0,21104966.0,1781.7188,101.75,26.55,2011,853.18,8.31,-0.66,-0.56
2011-04-18,panzhihua,攀枝花,Panzhihua,0.01,19.63,24.59,11.82,6.4801963836667165,0.66,19084956.0,21604344.0,1806.3438,101.75,26.55,2011,851.94,3.87,0.08,-0.06
2011-04-19,panzhihua,攀枝花,Panzhihua,0.44,22.84,28.17,15.38,7.106077347412063,1.2,18795054.0,21272306.0,1856.0625,101.75,26.55,2011,848.49,8.67,1.06,-0.14
2011-04-20,panzhihua,攀枝花,Panzhihua,0.04,23.75,30.56,17.24,8.237450327239499,1.94,20609136.0,23320906.0,1911.8125,101.75,26.55,2011,845.9,9.5,1.34,0.92
2011-04-21,panzhihua,攀枝花,Panzhihua,0.04,22.59,30.7,14.29,8.12400978217034,1.55,21609990.0,24448670.0,1959.5625,101.75,26.55,2011,848.49,8.14,-0.01,-0.09
2011-04-22,panzhihua,攀枝花,Panzhihua,2.54,17.21,20.35,13.62,2.7573636078507464,1.45,6158454.0,6965980.0,1998.4375,101.75,26.55,2011,854.57,8.14,-0.78,-1.2
2011-04-23,panzhihua,攀枝花,Panzhihua,7.76,14.04,16.35,12.94,1.2831969228622455,0.85,4115934.0,4655010.0,2044.5938,101.75,26.55,2011,854.59,11.31,-0.69,-0.42
2011-04-24,panzhihua,攀枝花,Panzhihua,2.24,14.31,15.66,13.27,1.1976021490395536,0.55,3616224.0,4088750.0,2119.1875,101.75,26.55,2011,854.44,10.09,-0.4,0.06
2011-04-25,panzhihua,攀枝花,Panzhihua,0.0,17.98,21.42,13.08,3.807157102348064,0.44,11856126.0,13403368.0,2243.5,101.75,26.55,2011,851.99,9.68,0.17,0.21
2011-04-26,panzhihua,攀枝花,Panzhihua,0.04,22.27,28.4,15.3,7.711747364276634,0.55,22522766.0,25458412.0,2401.1562,101.75,26.55,2011,850.29,8.53,0.05,0.2
2011-04-27,panzhihua,攀枝花,Panzhihua,0.07,25.08,30.36,16.75,8.107448416218924,0.71,21682846.0,24504724.0,2562.1875,101.75,26.55,2011,849.07,6.62,0.48,-0.03
2011-04-28,panzhihua,攀枝花,Panzhihua,0.52,20.31,23.76,15.8,4.158370868383677,0.91,11342692.0,12816440.0,2703.9062,101.75,26.55,2011,849.52,10.55,0.82,0.17
2011-04-29,panzhihua,攀枝花,Panzhihua,0.33,22.53,28.26,15.99,7.179388149412098,1.22,19979972.0,22572656.0,2796.3438,101.75,26.55,2011,846.12,11.37,0.77,0.18
2011-04-30,panzhihua,攀枝花,Panzhihua,0.02,24.29,29.71,17.9,7.965882863449594,1.16,21292192.0,24050484.0,2830.375,101.75,26.55,2011,847.49,10.82,0.79,0.08
2011-05-01,panzhihua,攀枝花,Panzhihua,0.01,24.38,30.35,18.42,8.261536144304287,1.55,21515532.0,24298216.0,2830.5938,101.75,26.55,2011,846.22,11.1,1.33,0.25
2011-05-02,panzhihua,攀枝花,Panzhihua,1.93,23.15,31.4,14.45,8.220124792599874,1.7,21856794.0,24679336.0,2817.4375,101.75,26.55,2011,846.6,10.11,0.2,0.1
2011-05-03,panzhihua,攀枝花,Panzhihua,6.86,19.09,24.67,15.05,4.555966016022087,1.21,12963392.0,14635720.0,2809.5938,101.75,26.55,2011,849.39,10.43,-0.61,-0.79
2011-05-04,panzhihua,攀枝花,Panzhihua,0.44,19.31,24.07,15.19,4.0786270498373165,0.83,11700594.0,13206924.0,2839.4375,101.75,26.55,2011,850.52,10.36,0.34,0.55
2011-05-05,panzhihua,攀枝花,Panzhihua,0.04,22.21,26.92,16.52,6.601646166044607,0.88,18538246.0,20921172.0,2950.9688,101.75,26.55,2011,847.28,10.03,0.31,0.21
2011-05-06,panzhihua,攀枝花,Panzhihua,0.0,26.13,32.02,17.66,9.646050452356018,1.04,25252952.0,28493164.0,3147.8438,101.75,26.55,2011,844.86,8.35,0.78,0.09
2011-05-07,panzhihua,攀枝花,Panzhihua,0.0,26.8,33.33,20.02,10.123967872509336,1.39,25430690.0,28688524.0,3321.25,101.75,26.55,2011,842.82,8.62,1.14,0.3
2011-05-08,panzhihua,攀枝花,Panzhihua,0.0,26.85,32.86,20.84,9.086202976804664,1.58,21928056.0,24732684.0,3370.6875,101.75,26.55,2011,841.59,10.19,1.18,0.54
2011-05-09,panzhihua,攀枝花,Panzhihua,0.0,27.79,34.02,21.38,9.167909521008497,1.85,20904440.0,23573828.0,3325.5938,101.75,26.55,2011,841.12,10.85,1.17,1.05
2011-05-10,panzhihua,攀枝花,Panzhihua,0.0,29.51,34.81,22.07,9.906760809962504,1.11,23865694.0,26908704.0,3262.1875,101.75,26.55,2011,841.88,8.91,0.36,0.19
2011-05-11,panzhihua,攀枝花,Panzhihua,0.06,28.22,33.02,20.85,9.232404833577103,1.24,22398498.0,25250130.0,3254.4375,101.75,26.55,2011,844.09,10.18,0.13,-0.82
2011-05-12,panzhihua,攀枝花,Panzhihua,6.3,23.72,30.12,18.47,6.095657710459485,1.09,16873598.0,19018348.0,3370.9062,101.75,26.55,2011,849.18,15.22,-0.12,-1.02
2011-05-13,panzhihua,攀枝花,Panzhihua,4.61,22.25,27.55,18.93,4.6205802546922365,0.67,13730010.0,15473124.0,3661.8125,101.75,26.55,2011,848.44,16.87,0.06,-0.38
2011-05-14,panzhihua,攀枝花,Panzhihua,4.11,22.94,27.84,18.94,5.042507863351466,0.7,14705840.0,16570072.0,4114.2188,101.75,26.55,2011,848.98,16.71,-0.03,-0.59
2011-05-15,panzhihua,攀枝花,Panzhihua,36.98,19.52,24.84,14.09,4.035533773052952,1.33,12747706.0,14361188.0,4669.9375,101.75,26.55,2011,853.48,15.61,-0.87,-0.8
2011-05-16,panzhihua,攀枝花,Panzhihua,0.0,16.34,18.44,14.14,3.7691100963115938,0.71,11919386.0,13434972.0,5269.4688,101.75,26.55,2011,859.0,8.45,0.21,0.03
2011-05-17,panzhihua,攀枝花,Panzhihua,0.0,21.66,27.14,14.49,8.376778620659525,0.46,25363960.0,28610840.0,5853.875,101.75,26.55,2011,852.78,9.95,0.29,0.06
2011-05-18,panzhihua,攀枝花,Panzhihua,0.0,24.46,30.94,17.24,9.321245609764905,0.59,26261214.0,29642880.0,6371.5625,101.75,26.55,2011,848.93,7.57,0.34,-0.04
2011-05-19,panzhihua,攀枝花,Panzhihua,3.96,26.03,31.1,18.76,8.93452994228372,0.91,23631846.0,26692756.0,6657.5,101.75,26.55,2011,847.1,9.81,0.68,0.04
2011-05-20,panzhihua,攀枝花,Panzhihua,4.61,21.29,25.1,17.51,4.603835353588407,0.45,14034626.0,15863680.0,6670.5,101.75,26.55,2011,844.96,15.94,-0.09,0.02
2011-05-21,panzhihua,攀枝花,Panzhihua,0.54,24.71,28.88,18.75,7.392271872446402,1.26,19718988.0,22303660.0,6559.0938,101.75,26.55,2011,842.74,13.84,0.97,0.06
2011-05-22,panzhihua,攀枝花,Panzhihua,2.52,22.39,26.92,16.61,5.5908675345882495,1.24,15336140.0,17358548.0,6485.9375,101.75,26.55,2011,846.79,13.73,-0.28,-1.17
2011-05-23,panzhihua,攀枝花,Panzhihua,1.21,17.84,19.53,16.18,1.878950612457688,0.78,5200352.0,5890112.0,6575.25,101.75,26.55,2011,848.43,12.76,-0.57,-0.18
2011-05-24,panzhihua,攀枝花,Panzhihua,6.54,21.16,28.09,15.18,5.764093197757416,1.17,17010526.0,19279568.0,6819.5312,101.75,26.55,2011,847.48,14.09,-0.36,-0.76
2011-05-25,panzhihua,攀枝花,Panzhihua,3.75,19.39,22.74,15.38,3.5243249198612685,0.55,10342700.0,11729388.0,7123.9062,101.75,26.55,2011,851.81,11.24,-0.12,0.2
2011-05-26,panzhihua,攀枝花,Panzhihua,3.48,21.25,25.01,16.27,5.7451123560553325,0.51,17313294.0,19648180.0,7496.8438,101.75,26.55,2011,851.63,13.63,0.24,0.1
2011-05-27,panzhihua,攀枝花,Panzhihua,0.02,25.27,29.66,18.04,8.136341695003978,0.53,22762986.0,25850524.0,7866.5625,101.75,26.55,2011,848.84,13.12,0.27,0.08
2011-05-28,panzhihua,攀枝花,Panzhihua,0.15,26.93,31.29,21.58,8.657148872949897,1.18,22003898.0,25005970.0,8064.0312,101.75,26.55,2011,847.83,12.81,0.87,0.2
2011-05-29,panzhihua,攀枝花,Panzhihua,1.26,26.27,30.22,20.61,7.257960510137613,1.08,18720034.0,21288728.0,8048.1562,101.75,26.55,2011,849.08,14.76,0.64,0.18
2011-05-30,panzhihua,攀枝花,Panzhihua,12.12,21.11,25.71,19.04,2.8053795105973545,0.48,8480810.0,9650840.0,7947.375,101.75,26.55,2011,849.22,17.86,0.03,-0.28
2011-05-31,panzhihua,攀枝花,Panzhihua,28.1,15.46,19.25,13.67,1.123159655718245,0.93,3487158.0,3971000.0,8044.25,101.75,26.55,2011,851.76,13.37,-0.83,-0.12
2011-06-01,panzhihua,攀枝花,Panzhihua,2.91,18.11,20.61,13.75,3.2406371424263867,0.51,9957044.0,11346000.0,8531.844000000001,101.75,26.55,2011,850.16,11.74,-0.2,0.27
2011-06-02,panzhihua,攀枝花,Panzhihua,0.74,21.99,25.75,17.35,4.914162986406682,0.65,14523062.0,16560948.0,9262.25,101.75,26.55,2011,847.88,16.23,0.13,-0.35
2011-06-03,panzhihua,攀枝花,Panzhihua,0.26,25.24,30.95,19.06,6.8539176480414365,1.41,17603594.0,20087520.0,9852.375,101.75,26.55,2011,844.03,15.2,1.03,0.15
2011-06-04,panzhihua,攀枝花,Panzhihua,0.11,25.35,29.38,19.99,6.831492388259862,1.01,18327794.0,20927844.0,10188.531,101.75,26.55,2011,844.12,16.06,0.57,-0.2
2011-06-05,panzhihua,攀枝花,Panzhihua,0.11,26.72,30.9,20.71,8.509972356821429,1.11,22551412.0,25767820.0,10349.906,101.75,26.55,2011,845.12,16.15,0.69,-0.11
2011-06-06,panzhihua,攀枝花,Panzhihua,22.1,24.3,29.27,19.41,6.391361913696567,0.64,18315366.0,20942024.0,10478.6875,101.75,26.55,2011,846.87,17.75,-0.13,-0.15
2011-06-07,panzhihua,攀枝花,Panzhihua,7.67,23.03,26.48,19.91,4.7534781852983405,0.69,13337706.0,15260744.0,10759.9375,101.75,26.55,2011,848.12,15.81,-0.13,-0.17
2011-06-08,panzhihua,攀枝花,Panzhihua,0.94,24.94,28.42,19.9,6.443400070838388,0.76,17903960.0,20499280.0,11133.5,101.75,26.55,2011,844.58,17.24,0.34,0.05
2011-06-09,panzhihua,攀枝花,Panzhihua,3.12,22.87,27.21,18.59,5.081563321214161,0.59,15098402.0,17298776.0,11264.1875,101.75,26.55,2011,844.48,18.69,0.18,0.19
2011-06-10,panzhihua,攀枝花,Panzhihua,47.6,21.28,25.86,18.92,3.9201308778056254,0.8,12369020.0,14180944.0,11309.75,101.75,26.55,2011,845.0,19.4,-0.45,-0.22
2011-06-11,panzhihua,攀枝花,Panzhihua,17.06,18.27,19.17,17.69,1.6087685912412455,0.66,4813672.0,5522456.0,11504.5625,101.75,26.55,2011,847.98,15.43,-0.53,0.07
2011-06-12,panzhihua,攀枝花,Panzhihua,10.89,20.71,23.73,17.38,3.013742873213648,0.45,8993170.0,10324860.0,11921.469,101.75,26.55,2011,847.54,16.44,-0.14,0.11
2011-06-13,panzhihua,攀枝花,Panzhihua,6.27,22.45,26.97,18.89,5.385241577003945,0.61,16497438.0,18954452.0,12256.25,101.75,26.55,2011,844.53,19.9,-0.15,-0.09
2011-06-14,panzhihua,攀枝花,Panzhihua,26.94,22.46,27.39,19.19,5.585994281238127,0.66,17077236.0,19633672.0,12441.969,101.75,26.55,2011,845.23,19.61,-0.23,0.18
2011-06-15,panzhihua,攀枝花,Panzhihua,21.95,21.83,26.57,18.59,4.3627910556335525,0.46,13362272.0,15372720.0,12504.219,101.75,26.55,2011,845.03,19.43,0.04,0.11
2011-06-16,panzhihua,攀枝花,Panzhihua,3.36,24.14,28.67,19.37,6.035346951579249,0.65,17335372.0,19948336.0,12488.406,101.75,26.55,2011,842.48,18.55,0.26,-0.05
2011-06-17,panzhihua,攀枝花,Panzhihua,4.79,24.87,29.14,21.24,6.226971828676182,0.69,17550306.0,20200028.0,12336.25,101.75,26.55,2011,843.41,18.67,0.1,-0.11
2011-06-18,panzhihua,攀枝花,Panzhihua,23.17,22.71,26.5,19.75,4.409796333774729,0.7,13285660.0,15293472.0,12198.25,101.75,26.55,2011,844.44,20.0,-0.06,-0.22
2011-06-19,panzhihua,攀枝花,Panzhihua,20.04,21.64,25.22,19.29,3.24301800306717,0.59,9966118.0,11474820.0,12352.281,101.75,26.55,2011,844.55,19.77,-0.17,-0.12
2011-06-20,panzhihua,攀枝花,Panzhihua,16.5,22.07,25.5,19.11,4.248723963444353,0.62,13039992.0,15016380.0,12545.406,101.75,26.55,2011,844.57,19.92,-0.37,0.1
2011-06-21,panzhihua,攀枝花,Panzhihua,17.78,23.37,27.29,19.42,5.258682021844988,0.54,15681664.0,18062292.0,12611.781,101.75,26.55,2011,843.66,20.41,-0.32,0.23
2011-06-22,panzhihua,攀枝花,Panzhihua,38.36,23.26,27.95,20.07,5.25359524764737,0.61,15779104.0,18177928.0,12696.125,101.75,26.55,2011,842.0,20.59,-0.44,0.06
2011-06-23,panzhihua,攀枝花,Panzhihua,38.99,20.58,23.42,17.48,1.5467351305606434,0.42,4802132.0,5532832.0,13003.375,101.75,26.55,2011,844.45,19.58,-0.16,0.0
2011-06-24,panzhihua,攀枝花,Panzhihua,0.0,23.46,29.49,18.03,7.135124072827933,0.58,20802538.0,23973392.0,13535.219,101.75,26.55,2011,845.12,16.96,0.36,-0.0
2011-06-25,panzhihua,攀枝花,Panzhihua,0.0,25.45,30.47,18.9,9.250062229488847,0.59,25854302.0,29801952.0,13966.031,101.75,26.55,2011,844.85,15.08,0.1,-0.31
2011-06-26,panzhihua,攀枝花,Panzhihua,10.14,25.36,29.55,20.57,7.627756164510747,0.64,21291214.0,24545996.0,14048.1875,101.75,26.55,2011,844.15,17.22,0.19,-0.22
2011-06-27,panzhihua,攀枝花,Panzhihua,8.48,21.55,24.69,18.5,3.9400179050750137,0.69,12126428.0,13983116.0,14061.6875,101.75,26.55,2011,845.81,19.21,-0.23,-0.02
2011-06-28,panzhihua,攀枝花,Panzhihua,0.11,20.68,24.24,16.33,4.763606343629938,0.71,14511696.0,16737084.0,14256.406,101.75,26.55,2011,845.7,16.21,0.52,-0.0
2011-06-29,panzhihua,攀枝花,Panzhihua,4.03,24.4,28.81,17.63,7.1463644885083255,0.44,20731828.0,23915156.0,14407.281,101.75,26.55,2011,843.98,19.21,0.13,-0.02
2011-06-30,panzhihua,攀枝花,Panzhihua,16.5,22.97,28.09,19.39,4.7862590354372925,0.54,14309596.0,16510240.0,14327.625,101.75,26.55,2011,843.97,20.11,0.0,0.28
2011-07-01,panzhihua,攀枝花,Panzhihua,18.43,22.4,26.81,20.08,4.717368076593631,0.44,14364756.0,16576252.0,14119.781,101.75,26.55,2011,843.32,20.45,-0.04,-0.01
2011-07-02,panzhihua,攀枝花,Panzhihua,3.1,23.89,27.77,20.16,5.3131692892068445,0.95,15216568.0,17563156.0,13928.719,101.75,26.55,2011,842.29,19.23,0.75,-0.43
2011-07-03,panzhihua,攀枝花,Panzhihua,7.41,23.03,27.47,20.27,4.724187951762167,0.78,13956198.0,16113220.0,13777.75,101.75,26.55,2011,845.52,19.53,0.42,-0.24
2011-07-04,panzhihua,攀枝花,Panzhihua,0.9,24.73,28.18,21.01,5.508810271436629,0.63,15412308.0,17796536.0,13641.25,101.75,26.55,2011,847.62,18.68,0.36,-0.02
2011-07-05,panzhihua,攀枝花,Panzhihua,0.4,25.8,29.97,21.29,6.832234315182485,1.04,18336662.0,21177780.0,13540.8125,101.75,26.55,2011,845.23,17.97,0.79,-0.22
2011-07-06,panzhihua,攀枝花,Panzhihua,0.23,26.23,30.61,20.77,6.558348317229052,0.94,17350638.0,20043784.0,13494.406,101.75,26.55,2011,842.48,17.98,0.43,-0.07
2011-07-07,panzhihua,攀枝花,Panzhihua,7.4,21.32,22.84,19.48,2.765434977810427,0.62,7720948.0,8922560.0,13561.031,101.75,26.55,2011,848.8,16.17,-0.29,-0.09
2011-07-08,panzhihua,攀枝花,Panzhihua,0.0,24.54,28.4,19.33,7.727865695657767,0.52,21878882.0,25282216.0,14027.8125,101.75,26.55,2011,847.88,15.95,-0.02,0.24
2011-07-09,panzhihua,攀枝花,Panzhihua,10.32,25.46,29.73,20.22,6.458845395278221,0.52,17902610.0,20690744.0,14658.4375,101.75,26.55,2011,846.05,17.87,0.25,0.19
2011-07-10,panzhihua,攀枝花,Panzhihua,10.65,22.76,26.54,19.69,4.702529112884847,0.56,14090676.0,16287992.0,15129.375,101.75,26.55,2011,846.58,19.96,-0.01,0.08
2011-07-11,panzhihua,攀枝花,Panzhihua,19.75,22.73,26.53,19.36,4.843615291950334,0.51,14614124.0,16896406.0,15372.719,101.75,26.55,2011,846.24,20.4,0.01,-0.04
2011-07-12,panzhihua,攀枝花,Panzhihua,30.8,22.69,26.31,19.78,4.6754640491186015,0.62,14085310.0,16287784.0,15652.75,101.75,26.55,2011,846.37,20.12,0.08,-0.29
2011-07-13,panzhihua,攀枝花,Panzhihua,23.88,20.1,21.61,18.18,2.0154293636340226,1.0,6000772.0,6941924.0,16203.641,101.75,26.55,2011,848.12,17.89,-0.72,-0.36
2011-07-14,panzhihua,攀枝花,Panzhihua,5.29,18.55,19.41,17.88,1.4412599114958142,0.51,4246506.0,4912676.0,17083.703,101.75,26.55,2011,850.22,15.62,0.04,0.29
2011-07-15,panzhihua,攀枝花,Panzhihua,3.09,19.95,21.78,17.3,2.6993506856793004,0.59,7776760.0,8997882.0,18058.062,101.75,26.55,2011,849.53,14.91,-0.16,0.52
2011-07-16,panzhihua,攀枝花,Panzhihua,5.3,19.83,22.86,16.94,3.1103019994998444,0.38,9462456.0,10951396.0,18772.5,101.75,26.55,2011,847.27,15.75,0.11,0.13
2011-07-17,panzhihua,攀枝花,Panzhihua,2.64,22.59,26.37,17.9,5.481225521182399,0.47,16112580.0,18648082.0,19088.281000000006,101.75,26.55,2011,845.06,17.33,0.05,-0.08
2011-07-18,panzhihua,攀枝花,Panzhihua,2.84,20.86,23.29,17.41,2.8388833134378952,0.56,8672464.0,10036310.0,19084.766,101.75,26.55,2011,845.83,18.64,0.22,0.36
2011-07-19,panzhihua,攀枝花,Panzhihua,0.13,23.28,28.41,18.07,7.651962237860402,0.55,22437182.0,25973406.0,18806.812,101.75,26.55,2011,844.15,17.08,0.09,0.0
2011-07-20,panzhihua,攀枝花,Panzhihua,0.03,25.01,29.67,19.65,8.196574437299407,0.69,23163996.0,26815276.0,18157.875,101.75,26.55,2011,844.15,17.62,0.39,-0.16
2011-07-21,panzhihua,攀枝花,Panzhihua,15.57,23.7,28.75,18.62,7.4804880308037935,0.78,22000080.0,25469854.0,17077.797,101.75,26.55,2011,844.43,18.73,0.26,0.17
2011-07-22,panzhihua,攀枝花,Panzhihua,4.97,22.26,27.77,18.63,5.710098110624628,0.51,17329886.0,20064372.0,15940.797,101.75,26.55,2011,845.05,19.39,-0.03,0.19
2011-07-23,panzhihua,攀枝花,Panzhihua,7.21,22.45,26.93,18.98,5.498538171095246,0.56,16594728.0,19214296.0,15054.0,101.75,26.55,2011,846.5,19.4,-0.01,-0.26
2011-07-24,panzhihua,攀枝花,Panzhihua,10.36,22.82,26.68,18.42,5.4042397395119695,0.45,16142768.0,18691560.0,14433.469,101.75,26.55,2011,849.43,19.7,-0.05,0.23
2011-07-25,panzhihua,攀枝花,Panzhihua,4.42,23.05,28.01,19.01,6.326734900598383,0.42,18900642.0,21887802.0,13973.422,101.75,26.55,2011,849.26,19.93,0.06,0.24
2011-07-26,panzhihua,攀枝花,Panzhihua,9.87,22.96,28.04,18.73,6.240665089033238,0.49,18804028.0,21778104.0,13613.422,101.75,26.55,2011,847.56,20.41,0.02,0.29
2011-07-27,panzhihua,攀枝花,Panzhihua,6.73,23.03,28.39,19.48,6.171559031818104,0.57,18667622.0,21621740.0,13346.453,101.75,26.55,2011,846.96,20.68,-0.28,0.39
2011-07-28,panzhihua,攀枝花,Panzhihua,11.58,23.43,27.41,19.39,5.5415130990608334,0.53,16489142.0,19099910.0,13101.922,101.75,26.55,2011,846.08,20.69,-0.2,0.33
2011-07-29,panzhihua,攀枝花,Panzhihua,9.38,24.28,28.21,19.77,6.427983759997876,0.43,18632410.0,21584900.0,12875.234,101.75,26.55,2011,845.4,19.87,-0.13,0.24
2011-07-30,panzhihua,攀枝花,Panzhihua,2.97,24.81,28.61,20.69,5.958728732962388,0.71,17024342.0,19723372.0,12649.3125,101.75,26.55,2011,845.26,20.37,-0.32,0.26
2011-07-31,panzhihua,攀枝花,Panzhihua,1.62,24.88,27.8,20.89,6.5153546574952985,0.6,18577694.0,21525098.0,12532.234,101.75,26.55,2011,845.16,19.8,-0.31,-0.2
2011-08-01,panzhihua,攀枝花,Panzhihua,5.02,21.88,24.45,18.12,3.3034971082220994,0.69,9844524.0,11406140.0,12658.328,101.75,26.55,2011,847.39,19.14,-0.32,0.06
2011-08-02,panzhihua,攀枝花,Panzhihua,6.95,23.25,27.21,19.06,5.948934609349315,0.58,17625512.0,20424784.0,13154.203,101.75,26.55,2011,848.22,19.59,-0.06,0.15
2011-08-03,panzhihua,攀枝花,Panzhihua,4.71,23.12,26.79,19.91,5.049855260801994,0.41,15012748.0,17397802.0,13835.75,101.75,26.55,2011,845.79,20.41,-0.26,0.08
2011-08-04,panzhihua,攀枝花,Panzhihua,27.26,23.21,26.67,20.11,3.670161127054607,0.7,10549518.0,12227462.0,14276.141,101.75,26.55,2011,843.61,19.7,-0.31,-0.0
2011-08-05,panzhihua,攀枝花,Panzhihua,12.57,21.51,24.49,17.26,3.2636656919493943,0.55,9710426.0,11254788.0,14674.031,101.75,26.55,2011,846.21,18.34,0.07,0.1
2011-08-06,panzhihua,攀枝花,Panzhihua,0.37,24.06,27.5,18.42,6.939240782990593,0.46,19980554.0,23161558.0,15224.219,101.75,26.55,2011,846.05,17.94,-0.03,0.3
2011-08-07,panzhihua,攀枝花,Panzhihua,0.19,24.39,27.55,21.04,6.039518091187452,0.51,16891074.0,19581506.0,15793.656,101.75,26.55,2011,847.45,16.7,-0.01,0.33
2011-08-08,panzhihua,攀枝花,Panzhihua,0.07,24.25,27.88,19.96,6.163205017159332,0.43,17465544.0,20249990.0,16119.672,101.75,26.55,2011,847.94,17.17,0.08,-0.04
2011-08-09,panzhihua,攀枝花,Panzhihua,0.01,25.13,29.6,20.26,7.6883736847498945,0.51,21501538.0,24930540.0,15859.125,101.75,26.55,2011,846.39,16.65,-0.04,0.18
2011-08-10,panzhihua,攀枝花,Panzhihua,1.54,25.79,30.06,21.63,7.730717199215269,0.44,21593474.0,25039618.0,14997.578,101.75,26.55,2011,846.52,18.3,0.12,-0.05
2011-08-11,panzhihua,攀枝花,Panzhihua,4.44,25.66,29.68,21.61,7.310982857597993,0.48,20487834.0,23758924.0,13871.0625,101.75,26.55,2011,846.51,19.05,-0.1,0.12
2011-08-12,panzhihua,攀枝花,Panzhihua,4.26,25.04,29.4,20.42,7.144791117987407,0.6,20180178.0,23404264.0,13026.422,101.75,26.55,2011,846.41,18.75,0.39,0.03
2011-08-13,panzhihua,攀枝花,Panzhihua,5.24,22.97,27.18,19.77,5.2537839232514125,0.48,15535904.0,18019132.0,12432.453,101.75,26.55,2011,848.1,19.37,0.07,0.27
2011-08-14,panzhihua,攀枝花,Panzhihua,7.85,22.51,26.88,19.17,5.709590658307477,0.57,17240204.0,19997572.0,11905.469,101.75,26.55,2011,848.99,19.59,0.15,0.22
2011-08-15,panzhihua,攀枝花,Panzhihua,8.4,22.31,26.01,19.54,5.219800063007493,0.77,15499992.0,17980304.0,11428.0,101.75,26.55,2011,849.45,18.18,0.63,-0.15
2011-08-16,panzhihua,攀枝花,Panzhihua,9.01,21.7,25.61,19.2,4.73324130684863,0.63,14251910.0,16532216.0,11067.953,101.75,26.55,2011,849.59,18.11,0.37,0.07
2011-08-17,panzhihua,攀枝花,Panzhihua,13.9,21.78,25.77,17.26,5.118159232865307,0.71,15482114.0,17957862.0,10825.281,101.75,26.55,2011,848.69,18.23,0.02,0.56
2011-08-18,panzhihua,攀枝花,Panzhihua,3.73,22.8,27.79,17.19,6.772650725806455,0.68,20177334.0,23403550.0,10553.0625,101.75,26.55,2011,848.93,18.31,-0.06,0.51
2011-08-19,panzhihua,攀枝花,Panzhihua,3.34,24.62,28.83,19.24,7.238112322838043,0.79,20626242.0,23923598.0,10192.484,101.75,26.55,2011,849.44,18.74,-0.0,0.19
2011-08-20,panzhihua,攀枝花,Panzhihua,2.41,23.73,27.43,19.72,5.593832694533923,0.52,16117842.0,18692970.0,9754.922,101.75,26.55,2011,850.55,18.66,-0.03,0.26
2011-08-21,panzhihua,攀枝花,Panzhihua,5.39,23.33,27.32,19.63,5.859660573518429,0.73,17083886.0,19813138.0,9325.4375,101.75,26.55,2011,849.99,18.65,0.01,0.49
2011-08-22,panzhihua,攀枝花,Panzhihua,11.53,24.35,28.62,19.79,6.967013564905031,0.8,19886438.0,23062640.0,8957.421999999999,101.75,26.55,2011,848.24,18.48,0.11,0.29
2011-08-23,panzhihua,攀枝花,Panzhihua,12.09,20.38,24.12,15.89,2.38756127647527,0.57,7169872.0,8314442.0,8749.4375,101.75,26.55,2011,850.72,17.72,0.08,-0.18
2011-08-24,panzhihua,攀枝花,Panzhihua,0.96,22.45,27.08,16.34,6.867898575704838,0.59,20223394.0,23451146.0,8836.359,101.75,26.55,2011,850.39,16.03,0.02,0.16
2011-08-25,panzhihua,攀枝花,Panzhihua,0.02,22.83,26.69,18.9,6.323073042959452,0.62,18204190.0,21109294.0,8977.859,101.75,26.55,2011,850.64,15.54,0.02,0.26
2011-08-26,panzhihua,攀枝花,Panzhihua,10.68,21.82,26.15,17.36,5.8718960212054645,0.46,17546882.0,20346714.0,9013.109,101.75,26.55,2011,851.52,16.62,-0.05,0.17
2011-08-27,panzhihua,攀枝花,Panzhihua,0.52,21.34,25.39,16.37,6.276467057211073,0.64,19134102.0,22185576.0,9038.016,101.75,26.55,2011,850.84,16.85,0.13,0.38
2011-08-28,panzhihua,攀枝花,Panzhihua,0.32,21.97,26.68,16.8,6.0939014249835095,0.66,18223798.0,21129534.0,9037.297,101.75,26.55,2011,849.84,17.02,0.17,0.36
2011-08-29,panzhihua,攀枝花,Panzhihua,0.3,23.28,27.73,18.24,6.516315811014652,0.69,18927938.0,21945036.0,8928.844000000001,101.75,26.55,2011,849.96,17.54,0.1,0.5
2011-08-30,panzhihua,攀枝花,Panzhihua,0.09,23.95,28.63,18.74,7.0584196362068665,0.64,20230366.0,23454260.0,8689.671999999999,101.75,26.55,2011,848.89,17.4,-0.0,0.41
2011-08-31,panzhihua,攀枝花,Panzhihua,0.18,25.53,30.81,20.01,8.065289830327501,0.64,22214124.0,25753340.0,8345.5,101.75,26.55,2011,847.49,16.14,-0.13,0.16
2011-09-01,panzhihua,攀枝花,Panzhihua,0.11,24.35,28.36,20.38,6.3454207239346125,0.57,17792740.0,20626772.0,7928.3438,101.75,26.55,2011,847.75,16.82,0.04,0.27
2011-09-02,panzhihua,攀枝花,Panzhihua,0.0,25.3,29.89,20.57,7.364572403737032,0.77,20065390.0,23260086.0,7480.625,101.75,26.55,2011,847.03,16.15,0.03,0.49
2011-09-03,panzhihua,攀枝花,Panzhihua,12.02,24.82,29.63,18.66,6.440309010955027,0.57,18121056.0,21005816.0,7054.172,101.75,26.55,2011,849.03,18.37,0.05,0.37
2011-09-04,panzhihua,攀枝花,Panzhihua,11.67,23.23,28.25,18.53,5.709603803774269,0.78,16873816.0,19558960.0,6710.8594,101.75,26.55,2011,850.32,19.41,0.23,0.25
2011-09-05,panzhihua,攀枝花,Panzhihua,2.56,24.27,28.18,18.93,6.376836723193848,0.54,18386696.0,21311608.0,6434.9688,101.75,26.55,2011,848.21,19.39,0.2,0.25
2011-09-06,panzhihua,攀枝花,Panzhihua,0.73,24.4,28.58,19.89,6.348910812514965,0.7,18023098.0,20889158.0,6145.8594,101.75,26.55,2011,845.85,18.58,0.35,0.2
2011-09-07,panzhihua,攀枝花,Panzhihua,18.48,23.18,28.35,19.17,5.716994469162736,0.63,16736730.0,19397424.0,5851.7656,101.75,26.55,2011,845.77,18.62,0.22,0.07
2011-09-08,panzhihua,攀枝花,Panzhihua,52.85,20.69,24.63,18.85,3.107391586430684,0.65,9745848.0,11294620.0,5745.1406,101.75,26.55,2011,849.32,19.17,-0.44,-0.26
2011-09-09,panzhihua,攀枝花,Panzhihua,31.87,19.08,20.79,17.72,1.5062828977214942,0.65,4723334.0,5473812.0,5826.9844,101.75,26.55,2011,853.23,17.77,-0.29,0.04
2011-09-10,panzhihua,攀枝花,Panzhihua,15.46,20.25,24.31,17.28,3.693394460873944,0.56,11627826.0,13474384.0,6049.7812,101.75,26.55,2011,852.74,18.35,-0.14,0.13
2011-09-11,panzhihua,攀枝花,Panzhihua,0.91,22.55,26.23,17.73,5.220734494933799,0.4,15515004.0,17978510.0,6286.2188,101.75,26.55,2011,850.45,18.68,0.04,-0.12
2011-09-12,panzhihua,攀枝花,Panzhihua,2.7,23.44,26.76,19.8,5.882476400441287,0.57,16874590.0,19553220.0,6506.328,101.75,26.55,2011,850.89,17.2,0.1,-0.15
2011-09-13,panzhihua,攀枝花,Panzhihua,3.22,23.15,26.39,19.71,5.3307473915345325,0.48,15588468.0,18062306.0,6676.828,101.75,26.55,2011,849.17,18.64,0.02,0.09
2011-09-14,panzhihua,攀枝花,Panzhihua,24.52,21.74,26.31,18.09,4.8388202719197055,0.5,14734406.0,17072134.0,6800.3830000000025,101.75,26.55,2011,847.53,18.95,-0.2,0.28
2011-09-15,panzhihua,攀枝花,Panzhihua,22.94,20.21,23.44,18.35,2.5147455014730697,0.53,7824626.0,9065696.0,6980.797,101.75,26.55,2011,848.49,18.51,-0.26,0.02
2011-09-16,panzhihua,攀枝花,Panzhihua,10.79,20.89,24.53,18.57,3.4917009853376366,0.45,10826848.0,12538878.0,7202.172,101.75,26.55,2011,846.55,19.12,-0.03,-0.21
2011-09-17,panzhihua,攀枝花,Panzhihua,13.67,21.85,26.19,19.08,4.493135833384198,0.57,13788286.0,15961446.0,7404.0703,101.75,26.55,2011,845.58,19.73,-0.07,0.05
2011-09-18,panzhihua,攀枝花,Panzhihua,8.21,22.21,25.85,18.84,3.680360658917407,0.56,11045382.0,12780784.0,7583.953,101.75,26.55,2011,848.49,19.68,-0.12,-0.16
2011-09-19,panzhihua,攀枝花,Panzhihua,11.32,21.03,24.75,18.2,3.1553943136842206,0.52,9757918.0,11286180.0,7704.4766,101.75,26.55,2011,850.63,19.26,-0.23,-0.08
2011-09-20,panzhihua,攀枝花,Panzhihua,23.17,21.28,24.91,18.46,3.8859286659915786,0.46,12022038.0,13899024.0,7819.2266,101.75,26.55,2011,850.77,19.49,-0.1,-0.24
2011-09-21,panzhihua,攀枝花,Panzhihua,16.23,20.3,23.15,18.45,2.537541220871954,0.6,7996282.0,9240582.0,7992.5312,101.75,26.55,2011,849.87,18.94,0.14,-0.4
2011-09-22,panzhihua,攀枝花,Panzhihua,30.88,19.72,24.23,15.91,3.029352674683252,0.89,9753146.0,11266016.0,8199.094000000001,101.75,26.55,2011,849.48,18.06,-0.29,-0.65
2011-09-23,panzhihua,攀枝花,Panzhihua,12.36,16.26,18.04,15.06,1.2844944698404008,1.01,3922683.0,4529409.0,8419.155999999999,101.75,26.55,2011,851.95,14.15,-0.63,-0.72
2011-09-24,panzhihua,攀枝花,Panzhihua,3.53,17.36,18.27,15.04,1.3067393018338256,0.38,3958486.5,4568641.5,8628.641,101.75,26.55,2011,852.38,14.13,-0.23,-0.06
2011-09-25,panzhihua,攀枝花,Panzhihua,6.29,18.71,19.56,17.51,1.1535009408867436,0.62,3261804.2,3762836.8,8881.266,101.75,26.55,2011,852.16,16.09,-0.45,-0.42
2011-09-26,panzhihua,攀枝花,Panzhihua,5.75,19.87,21.82,18.33,1.8274408786671752,0.66,5285951.0,6095107.0,9128.141,101.75,26.55,2011,850.49,16.79,-0.43,-0.3
2011-09-27,panzhihua,攀枝花,Panzhihua,1.44,21.97,25.61,18.6,4.165267959946637,0.57,12329415.0,14210976.0,9328.234,101.75,26.55,2011,847.83,17.73,0.26,-0.43
2011-09-28,panzhihua,攀枝花,Panzhihua,18.2,22.33,26.34,18.49,4.715456270625904,0.69,13864191.0,15973778.0,9485.695,101.75,26.55,2011,849.01,17.67,0.09,-0.41
2011-09-29,panzhihua,攀枝花,Panzhihua,1.86,19.05,20.57,17.3,2.253592530802608,0.95,6173843.0,7110209.5,9645.133,101.75,26.55,2011,853.23,14.38,-0.73,-0.5
2011-09-30,panzhihua,攀枝花,Panzhihua,0.0,20.62,24.2,16.65,5.066404908886157,0.73,15065708.0,17342954.0,9703.914,101.75,26.55,2011,852.34,14.06,-0.14,-0.36
2011-10-01,panzhihua,攀枝花,Panzhihua,0.0,20.52,23.44,16.72,4.425105875793523,0.84,12676794.0,14586774.0,9713.4375,101.75,26.55,2011,851.68,13.22,-0.04,-0.81
2011-10-02,panzhihua,攀枝花,Panzhihua,0.01,19.35,21.59,16.92,3.3553300369399417,0.87,9132365.0,10504594.0,9693.109,101.75,26.55,2011,854.57,11.37,-0.41,-0.73
2011-10-03,panzhihua,攀枝花,Panzhihua,0.02,18.8,20.44,16.82,3.100461741806181,0.55,8986774.0,10331738.0,9616.859,101.75,26.55,2011,854.61,11.17,-0.05,-0.18
2011-10-04,panzhihua,攀枝花,Panzhihua,0.08,18.87,20.49,16.76,2.7273205231468767,0.44,8062965.0,9265638.0,9511.352,101.75,26.55,2011,854.6,12.42,-0.19,-0.14
2011-10-05,panzhihua,攀枝花,Panzhihua,0.02,19.89,22.44,17.56,3.617574717519632,0.62,10592426.0,12166578.0,9357.602,101.75,26.55,2011,855.5,13.4,-0.23,-0.01
2011-10-06,panzhihua,攀枝花,Panzhihua,5.65,19.78,24.26,14.94,4.5638469668398765,0.39,14227125.0,16335436.0,9176.781,101.75,26.55,2011,854.94,15.2,0.27,0.06
2011-10-07,panzhihua,攀枝花,Panzhihua,5.33,19.19,22.97,15.14,4.212945690240606,0.43,13375778.0,15352193.0,9067.445,101.75,26.55,2011,855.01,15.59,0.08,0.05
2011-10-08,panzhihua,攀枝花,Panzhihua,4.53,19.03,23.24,14.87,4.226166723428026,0.3,13580212.0,15580328.0,8913.1875,101.75,26.55,2011,854.03,16.49,0.07,-0.03
2011-10-09,panzhihua,攀枝花,Panzhihua,1.62,19.65,23.59,14.95,4.350988588454986,0.31,13824264.0,15852594.0,8614.016,101.75,26.55,2011,853.54,17.01,-0.04,0.13
2011-10-10,panzhihua,攀枝花,Panzhihua,1.44,20.23,23.93,16.22,4.669667338254139,0.44,14605005.0,16740672.0,8199.945,101.75,26.55,2011,853.95,16.59,0.01,0.02
2011-10-11,panzhihua,攀枝花,Panzhihua,5.47,20.03,24.77,15.72,4.700043552682452,0.4,14845774.0,17010006.0,7717.0625,101.75,26.55,2011,854.26,16.96,-0.05,0.14
2011-10-12,panzhihua,攀枝花,Panzhihua,2.45,19.34,23.65,15.37,3.955274394761308,0.34,12625174.0,14459812.0,7244.7812,101.75,26.55,2011,852.8,16.62,0.0,0.22
2011-10-13,panzhihua,攀枝花,Panzhihua,5.95,20.06,24.26,15.7,4.087768862237481,0.56,12729822.0,14572632.0,6824.4688,101.75,26.55,2011,851.87,16.3,-0.18,-0.25
2011-10-14,panzhihua,攀枝花,Panzhihua,6.58,18.48,21.06,17.0,1.8621702811640803,0.77,5364836.0,6138508.0,6495.625,101.75,26.55,2011,852.17,14.72,-0.29,-0.32
2011-10-15,panzhihua,攀枝花,Panzhihua,5.63,15.52,17.3,13.89,0.7926192800697872,0.95,2132102.0,2438916.0,6258.5,101.75,26.55,2011,855.16,13.27,-0.42,-0.81
2011-10-16,panzhihua,攀枝花,Panzhihua,2.9,14.95,16.48,13.92,1.2309611247140635,0.81,3711402.0,4242332.0,6094.7344,101.75,26.55,2011,856.43,11.99,-0.59,-0.5
2011-10-17,panzhihua,攀枝花,Panzhihua,4.31,15.37,16.48,13.89,1.1804179881985344,0.46,3648310.0,4166832.0,5979.0,101.75,26.55,2011,857.14,11.97,-0.34,-0.07
2011-10-18,panzhihua,攀枝花,Panzhihua,1.87,16.45,18.94,14.75,1.830974876697247,0.32,6066982.0,6923002.0,5878.3047,101.75,26.55,2011,854.5,14.03,-0.17,-0.13
2011-10-19,panzhihua,攀枝花,Panzhihua,2.63,18.14,20.89,15.05,2.77964560694875,0.65,8958508.0,10218288.0,5794.875,101.75,26.55,2011,852.38,15.31,0.37,-0.45
2011-10-20,panzhihua,攀枝花,Panzhihua,1.45,18.13,20.93,15.69,2.4520646097098453,0.62,7787368.0,8876904.0,5749.2890000000025,101.75,26.55,2011,852.85,15.13,0.4,-0.18
2011-10-21,panzhihua,攀枝花,Panzhihua,1.13,19.27,22.6,15.01,3.808806628100183,0.89,11820248.0,13464128.0,5723.6406,101.75,26.55,2011,851.67,14.93,0.75,-0.14
2011-10-22,panzhihua,攀枝花,Panzhihua,0.26,19.1,23.58,14.63,3.3898213463892257,0.79,10420380.0,11859812.0,5673.9844,101.75,26.55,2011,849.92,14.64,0.5,-0.23
2011-10-23,panzhihua,攀枝花,Panzhihua,1.67,18.9,23.06,14.02,3.965176935085181,0.73,12550218.0,14275948.0,5587.1094,101.75,26.55,2011,851.54,14.6,0.05,-0.15
2011-10-24,panzhihua,攀枝花,Panzhihua,1.53,16.46,20.18,12.66,2.6448508791796232,0.61,8725548.0,9919820.0,5459.703,101.75,26.55,2011,854.78,13.03,-0.3,-0.25
2011-10-25,panzhihua,攀枝花,Panzhihua,0.25,17.67,22.48,12.82,3.9821829771132378,0.67,12824438.0,14568236.0,5324.0156,101.75,26.55,2011,853.02,12.6,0.17,-0.08
2011-10-26,panzhihua,攀枝花,Panzhihua,0.1,18.4,22.8,12.63,4.671549438158428,0.71,14832778.0,16838516.0,5171.2266,101.75,26.55,2011,851.98,12.53,0.24,-0.21
2011-10-27,panzhihua,攀枝花,Panzhihua,12.02,16.01,22.02,12.38,3.649169761515633,0.83,12897298.0,14631612.0,5005.3203,101.75,26.55,2011,853.36,13.65,-0.24,-0.28
2011-10-28,panzhihua,攀枝花,Panzhihua,0.82,14.32,17.37,10.26,2.4213631239124527,0.67,8418652.0,9545316.0,4866.3516,101.75,26.55,2011,856.77,11.08,-0.38,-0.12
2011-10-29,panzhihua,攀枝花,Panzhihua,6.56,14.51,20.05,10.53,3.59547921715527,0.56,12731498.0,14424336.0,4735.7188,101.75,26.55,2011,853.95,10.71,0.25,0.03
2011-10-30,panzhihua,攀枝花,Panzhihua,0.49,14.91,19.2,10.53,3.5857405144547503,0.54,12428318.0,14070844.0,4584.047000000001,101.75,26.55,2011,852.21,10.36,0.08,-0.22
2011-10-31,panzhihua,攀枝花,Panzhihua,0.21,15.73,20.47,10.33,4.293817868761218,0.65,14570720.0,16485828.0,4426.328,101.75,26.55,2011,852.65,10.2,0.11,-0.15
2011-11-01,panzhihua,攀枝花,Panzhihua,0.35,15.5,20.4,10.02,4.084213705985532,0.72,13748926.0,15545516.0,4250.3984,101.75,26.55,2011,853.09,9.51,0.3,-0.16
2011-11-02,panzhihua,攀枝花,Panzhihua,0.14,15.64,20.64,10.37,4.611576231578772,0.77,15237968.0,17217780.0,4065.2969,101.75,26.55,2011,852.02,7.78,0.4,0.06
2011-11-03,panzhihua,攀枝花,Panzhihua,0.45,14.33,18.84,10.03,3.8124496146803777,0.62,13201736.0,14906916.0,3888.7812,101.75,26.55,2011,852.58,8.31,0.05,-0.08
2011-11-04,panzhihua,攀枝花,Panzhihua,0.17,14.35,18.92,9.98,3.9363960979728927,0.58,13724794.0,15487252.0,3730.1562,101.75,26.55,2011,854.11,8.47,-0.06,-0.05
2011-11-05,panzhihua,攀枝花,Panzhihua,0.18,14.97,19.14,10.11,3.9403487625293168,0.52,13564182.0,15296004.0,3576.211,101.75,26.55,2011,853.9,9.14,-0.16,-0.05
2011-11-06,panzhihua,攀枝花,Panzhihua,0.18,15.44,20.36,10.8,4.070285530680793,0.63,13837018.0,15593000.0,3419.8516,101.75,26.55,2011,852.7,9.58,-0.04,0.11
2011-11-07,panzhihua,攀枝花,Panzhihua,4.71,15.06,19.66,10.68,4.031137489065253,0.39,14011876.0,15779384.0,3274.6328,101.75,26.55,2011,854.73,9.72,-0.07,0.15
2011-11-08,panzhihua,攀枝花,Panzhihua,1.06,12.58,15.74,9.52,2.127264619146468,0.71,7545980.0,8491804.0,3167.6094,101.75,26.55,2011,857.46,8.74,-0.22,-0.54
2011-11-09,panzhihua,攀枝花,Panzhihua,0.01,12.66,17.12,7.18,3.861801345249989,0.43,14096096.0,15852576.0,3105.6562,101.75,26.55,2011,855.78,6.22,0.08,0.08
2011-11-10,panzhihua,攀枝花,Panzhihua,0.0,13.0,18.22,6.17,4.3565692406050935,0.48,15874250.0,17840476.0,3061.0469,101.75,26.55,2011,853.1,6.46,0.13,-0.2
2011-11-11,panzhihua,攀枝花,Panzhihua,0.0,14.4,19.59,8.8,4.460308631344213,0.58,15665698.0,17594352.0,3004.6406,101.75,26.55,2011,851.26,7.9,0.12,-0.25
2011-11-12,panzhihua,攀枝花,Panzhihua,0.01,13.97,18.68,9.03,2.9935672000097995,0.65,10464228.0,11744996.0,2931.789,101.75,26.55,2011,852.59,9.19,-0.12,-0.21
2011-11-13,panzhihua,攀枝花,Panzhihua,0.0,13.96,18.23,8.95,3.0933277499994536,0.48,10923160.0,12251920.0,2848.6875,101.75,26.55,2011,854.04,9.09,-0.18,-0.1
2011-11-14,panzhihua,攀枝花,Panzhihua,0.01,14.01,18.33,8.97,3.0154072688733384,0.54,10546494.0,11821228.0,2770.6328,101.75,26.55,2011,854.49,8.92,0.01,-0.15
2011-11-15,panzhihua,攀枝花,Panzhihua,0.04,14.28,19.42,9.48,3.342073957327617,0.69,11513152.0,12896304.0,2707.7188,101.75,26.55,2011,853.62,8.54,0.12,-0.12
2011-11-16,panzhihua,攀枝花,Panzhihua,0.03,14.4,19.92,9.17,3.673972802110951,0.78,12525976.0,14027508.0,2653.711,101.75,26.55,2011,852.38,7.87,0.25,-0.01
2011-11-17,panzhihua,攀枝花,Panzhihua,0.31,14.18,19.71,8.91,3.963574290116266,0.77,13683676.0,15320760.0,2605.0312,101.75,26.55,2011,850.96,7.32,0.23,0.09
2011-11-18,panzhihua,攀枝花,Panzhihua,0.0,13.99,19.27,8.77,4.233060253605903,0.57,14866560.0,16641736.0,2559.8203,101.75,26.55,2011,852.57,6.66,0.02,-0.01
2011-11-19,panzhihua,攀枝花,Panzhihua,0.0,14.22,19.88,8.95,4.219471098313134,0.49,14896846.0,16672144.0,2514.2344,101.75,26.55,2011,856.76,7.64,-0.0,0.1
2011-11-20,panzhihua,攀枝花,Panzhihua,0.0,14.49,20.16,9.26,4.237741268373616,0.56,14778970.0,16536816.0,2467.4688,101.75,26.55,2011,857.68,7.63,-0.08,-0.05
2011-11-21,panzhihua,攀枝花,Panzhihua,0.0,14.43,19.72,8.96,4.072963869221362,0.5,14275626.0,15970160.0,2421.9688,101.75,26.55,2011,857.31,7.96,0.05,-0.06
2011-11-22,panzhihua,攀枝花,Panzhihua,0.0,13.79,19.52,8.1,3.3086281871108216,0.4,11819510.0,13220160.0,2377.9219,101.75,26.55,2011,858.98,8.61,-0.11,0.09
2011-11-23,panzhihua,攀枝花,Panzhihua,0.0,13.05,18.59,6.88,3.25072275379767,0.48,11880712.0,13285368.0,2334.9375,101.75,26.55,2011,859.72,8.38,-0.14,0.08
2011-11-24,panzhihua,攀枝花,Panzhihua,0.0,13.29,18.81,6.58,3.6475812402550623,0.56,13173188.0,14727824.0,2293.8438,101.75,26.55,2011,855.85,7.68,-0.08,-0.08
2011-11-25,panzhihua,攀枝花,Panzhihua,0.0,14.21,19.65,8.77,3.909841469792864,0.56,13741018.0,15359112.0,2255.4688,101.75,26.55,2011,854.33,7.93,0.06,-0.07
2011-11-26,panzhihua,攀枝花,Panzhihua,0.0,14.08,19.72,8.29,3.643514791907616,0.57,12854992.0,14365676.0,2219.9453,101.75,26.55,2011,853.23,8.35,0.05,-0.08
2011-11-27,panzhihua,攀枝花,Panzhihua,0.0,13.42,18.8,7.59,3.377178598014838,0.51,12137834.0,13561800.0,2187.1484,101.75,26.55,2011,851.63,8.06,-0.02,-0.02
2011-11-28,panzhihua,攀枝花,Panzhihua,0.0,13.09,18.47,7.36,3.5365888230621296,0.6,12672282.0,14155956.0,2156.961,101.75,26.55,2011,850.3,6.83,-0.07,-0.12
2011-11-29,panzhihua,攀枝花,Panzhihua,0.0,13.37,17.04,8.77,2.601816663931152,0.56,8919510.0,9961688.0,2129.289,101.75,26.55,2011,852.86,7.16,-0.12,0.03
2011-11-30,panzhihua,攀枝花,Panzhihua,0.05,14.22,18.01,10.26,2.953880535745787,0.5,10044564.0,11216240.0,2103.836,101.75,26.55,2011,854.18,7.48,-0.17,-0.09
2011-12-01,panzhihua,攀枝花,Panzhihua,0.44,11.05,12.81,9.32,1.6133412623616037,0.93,5056020.0,5644152.0,2084.2734,101.75,26.55,2011,857.52,5.47,-0.06,-0.8
2011-12-02,panzhihua,攀枝花,Panzhihua,0.02,11.05,15.15,6.37,2.1318867212605563,0.54,7771844.0,8673972.0,2082.1797,101.75,26.55,2011,852.02,5.67,0.1,-0.28
2011-12-03,panzhihua,攀枝花,Panzhihua,0.01,11.43,16.01,5.94,2.129550156384373,0.65,7754024.0,8651916.0,2096.6406,101.75,26.55,2011,848.69,6.88,-0.06,-0.35
2011-12-04,panzhihua,攀枝花,Panzhihua,0.27,13.97,18.68,7.85,2.7591151866920907,0.93,8902164.0,9931332.0,2101.0547,101.75,26.55,2011,849.11,7.46,0.72,-0.11
2011-12-05,panzhihua,攀枝花,Panzhihua,0.12,13.3,17.68,9.46,2.1734954074642108,0.67,7666646.0,8551608.0,2091.6719,101.75,26.55,2011,851.35,9.5,0.03,-0.03
2011-12-06,panzhihua,攀枝花,Panzhihua,0.21,13.06,18.03,9.5,1.9323302564355271,0.68,6834336.0,7621080.0,2081.6719,101.75,26.55,2011,853.25,9.62,-0.02,-0.11
2011-12-07,panzhihua,攀枝花,Panzhihua,0.81,13.43,19.22,7.67,2.3378334256845266,0.85,8065952.0,8992720.0,2071.289,101.75,26.55,2011,854.59,9.12,-0.23,-0.3
2011-12-08,panzhihua,攀枝花,Panzhihua,0.54,8.61,10.11,7.53,1.0663862994976965,0.99,3580580.0,3990900.0,2059.2422,101.75,26.55,2011,856.39,4.93,-0.46,-0.86
2011-12-09,panzhihua,攀枝花,Panzhihua,3.11,8.5,9.95,5.75,0.7917024603807162,1.07,2224462.0,2479060.0,2051.289,101.75,26.55,2011,855.55,4.9,-0.54,-0.88
2011-12-10,panzhihua,攀枝花,Panzhihua,2.39,3.82,4.59,3.08,0.7749407143477933,1.21,2852126.0,3208000.0,2052.6953,101.75,26.55,2011,858.78,0.63,-0.52,-1.09
2011-12-11,panzhihua,攀枝花,Panzhihua,0.02,7.62,9.72,3.23,1.1451669987776496,0.59,4340642.0,4882104.0,2064.7422,101.75,26.55,2011,855.74,3.67,-0.22,-0.42
2011-12-12,panzhihua,攀枝花,Panzhihua,0.11,10.9,14.57,7.83,2.022316801078456,0.52,7409618.0,8284204.0,2069.6328,101.75,26.55,2011,853.8,5.83,0.04,-0.37
2011-12-13,panzhihua,攀枝花,Panzhihua,0.45,11.08,16.03,5.98,2.4247777551428267,0.81,8837694.0,9859288.0,2064.4922,101.75,26.55,2011,852.58,5.88,0.18,-0.28
2011-12-14,panzhihua,攀枝花,Panzhihua,0.96,10.17,14.29,6.24,1.9996758485568265,0.81,7785002.0,8675252.0,2059.1328,101.75,26.55,2011,854.14,6.85,-0.32,-0.49
2011-12-15,panzhihua,攀枝花,Panzhihua,0.59,7.96,11.63,4.75,1.8058250183430355,1.12,7350740.0,8185032.0,2054.3125,101.75,26.55,2011,855.75,4.44,-0.61,-0.9
2011-12-16,panzhihua,攀枝花,Panzhihua,0.64,6.39,7.76,4.81,0.8306665414105142,0.7,3298694.0,3671912.0,2055.664,101.75,26.55,2011,856.26,3.71,-0.29,-0.47
2011-12-17,panzhihua,攀枝花,Panzhihua,0.38,10.85,16.53,5.55,2.5662613715084213,0.76,9707284.0,10805320.0,2053.914,101.75,26.55,2011,853.99,6.14,-0.01,-0.4
2011-12-18,panzhihua,攀枝花,Panzhihua,0.2,8.27,12.79,5.22,1.8164675856072856,0.83,7560924.0,8415476.0,2042.1094,101.75,26.55,2011,854.95,5.27,-0.33,-0.59
2011-12-19,panzhihua,攀枝花,Panzhihua,0.14,11.37,17.73,4.81,2.670036180934505,0.9,9354372.0,10411704.0,2024.4219,101.75,26.55,2011,851.81,4.74,0.44,-0.24
2011-12-20,panzhihua,攀枝花,Panzhihua,0.0,10.67,16.57,4.41,3.2867448867554487,0.6,12671992.0,14105188.0,2001.3906,101.75,26.55,2011,851.78,4.76,-0.01,-0.38
2011-12-21,panzhihua,攀枝花,Panzhihua,0.0,11.14,17.24,4.98,3.294618363008394,0.91,12250866.0,13636888.0,1972.0156,101.75,26.55,2011,852.76,4.79,-0.19,-0.55
2011-12-22,panzhihua,攀枝花,Panzhihua,0.0,9.44,15.15,4.53,2.7479723067745296,0.83,10689480.0,11898324.0,1937.8672,101.75,26.55,2011,851.55,3.67,-0.35,-0.53
2011-12-23,panzhihua,攀枝花,Panzhihua,0.05,9.29,16.53,4.99,2.977994173476481,1.37,11217964.0,12486940.0,1902.4531,101.75,26.55,2011,854.33,2.68,-0.61,-1.12
2011-12-24,panzhihua,攀枝花,Panzhihua,0.03,6.93,8.96,4.77,1.2368205358520306,0.72,4420104.0,4920300.0,1869.0312,101.75,26.55,2011,855.72,1.31,-0.36,-0.48
2011-12-25,panzhihua,攀枝花,Panzhihua,0.01,9.19,13.44,6.43,1.3539612019606453,0.47,5144974.0,5726796.0,1839.2812,101.75,26.55,2011,855.1,5.14,-0.28,-0.15
2011-12-26,panzhihua,攀枝花,Panzhihua,0.01,11.52,16.84,6.71,2.0178562000136777,0.53,7331966.0,8160712.0,1811.3438,101.75,26.55,2011,854.11,6.77,-0.11,-0.26
2011-12-27,panzhihua,攀枝花,Panzhihua,0.05,12.39,18.22,6.02,3.31501830469175,0.69,12016608.0,13375692.0,1785.125,101.75,26.55,2011,853.74,6.15,0.16,-0.18
2011-12-28,panzhihua,攀枝花,Panzhihua,0.01,12.89,18.87,7.12,3.4668440205687068,1.01,12067802.0,13432404.0,1762.375,101.75,26.55,2011,853.65,6.08,0.74,-0.28
2011-12-29,panzhihua,攀枝花,Panzhihua,0.01,11.66,17.03,6.73,2.8480407774289,0.61,10556270.0,11749924.0,1744.5156,101.75,26.55,2011,854.13,6.24,-0.13,-0.33
2011-12-30,panzhihua,攀枝花,Panzhihua,0.01,12.14,18.0,7.19,3.384157965211927,0.68,12324030.0,13718540.0,1730.3438,101.75,26.55,2011,854.36,5.54,-0.08,-0.29
2011-12-31,panzhihua,攀枝花,Panzhihua,0.0,10.83,16.05,6.58,2.9145119642397925,0.75,10883644.0,12115196.0,1718.0312,101.75,26.55,2011,855.32,4.75,-0.27,-0.4
2012-01-01,panzhihua,攀枝花,Panzhihua,0.0,12.45,18.63,6.64,3.7489783454902126,0.56,13635924.0,15178716.0,1705.2031,101.75,26.55,2012,851.95,5.02,0.04,-0.22
2012-01-02,panzhihua,攀枝花,Panzhihua,0.0,15.82,22.13,7.35,4.069591568850112,0.76,12912720.0,14373556.0,1690.125,101.75,26.55,2012,848.63,5.96,0.44,0.24
2012-01-03,panzhihua,攀枝花,Panzhihua,0.11,11.45,20.16,2.93,3.552483861631317,1.37,12397864.0,13800348.0,1674.8906,101.75,26.55,2012,851.02,3.6,-0.07,-0.29
2012-01-04,panzhihua,攀枝花,Panzhihua,2.77,6.91,10.09,2.72,1.7245132636608655,0.69,6844800.0,7618812.0,1666.4219,101.75,26.55,2012,852.84,1.31,-0.2,-0.63
2012-01-05,panzhihua,攀枝花,Panzhihua,0.25,10.58,15.65,4.79,2.8906901783264694,0.68,10943808.0,12181436.0,1672.5,101.75,26.55,2012,851.25,4.61,0.39,-0.09
2012-01-06,panzhihua,攀枝花,Panzhihua,0.02,12.33,17.85,5.81,3.820561562175805,0.97,12834034.0,14286040.0,1681.3281,101.75,26.55,2012,852.98,1.77,0.53,0.19
2012-01-07,panzhihua,攀枝花,Panzhihua,0.02,12.18,17.79,6.3,3.4865293833331203,1.07,11328810.0,12610260.0,1680.75,101.75,26.55,2012,854.62,1.78,0.69,0.41
2012-01-08,panzhihua,攀枝花,Panzhihua,0.0,12.47,18.68,5.33,3.88283964443587,0.95,12985094.0,14454296.0,1673.8438,101.75,26.55,2012,854.94,1.55,0.53,0.38
2012-01-09,panzhihua,攀枝花,Panzhihua,0.0,13.91,19.74,5.67,4.16476438857619,0.88,13794938.0,15355808.0,1660.8594,101.75,26.55,2012,853.56,3.74,0.18,0.01
2012-01-10,panzhihua,攀枝花,Panzhihua,0.1,14.22,19.87,9.23,3.2124478170233064,0.95,10012220.0,11144684.0,1642.1562,101.75,26.55,2012,852.83,5.37,0.64,0.32
2012-01-11,panzhihua,攀枝花,Panzhihua,1.06,12.32,17.17,7.48,2.553909125718332,0.63,9208280.0,10249940.0,1621.5625,101.75,26.55,2012,852.93,7.28,0.23,-0.05
2012-01-12,panzhihua,攀枝花,Panzhihua,0.78,13.58,19.64,6.82,3.972123967946436,1.05,13116736.0,14601116.0,1606.1875,101.75,26.55,2012,851.54,4.27,0.67,0.29
2012-01-13,panzhihua,攀枝花,Panzhihua,1.03,12.97,17.72,7.6,3.1366137182587868,1.01,10291534.0,11455624.0,1604.6094,101.75,26.55,2012,849.45,5.02,0.87,-0.04
2012-01-14,panzhihua,攀枝花,Panzhihua,2.61,10.59,16.13,5.61,3.0129066381495817,0.53,11943716.0,13295524.0,1615.9531,101.75,26.55,2012,847.54,6.71,-0.36,0.05
2012-01-15,panzhihua,攀枝花,Panzhihua,0.13,10.85,16.62,4.89,3.976780152541832,1.08,13345628.0,14855728.0,1636.9219,101.75,26.55,2012,847.61,-2.83,0.31,0.75
2012-01-16,panzhihua,攀枝花,Panzhihua,0.0,10.86,16.28,3.96,4.240576760837497,0.73,15384960.0,17128564.0,1660.5312,101.75,26.55,2012,845.92,-1.59,0.23,0.02
2012-01-17,panzhihua,攀枝花,Panzhihua,0.01,12.37,17.67,6.23,4.160738767754373,1.62,12821704.0,14276608.0,1670.6875,101.75,26.55,2012,843.89,0.48,1.0,0.79
2012-01-18,panzhihua,攀枝花,Panzhihua,0.02,12.52,18.47,7.05,3.61246522263217,1.58,10675208.0,11888364.0,1659.6875,101.75,26.55,2012,845.91,1.67,1.04,0.62
2012-01-19,panzhihua,攀枝花,Panzhihua,0.01,13.4,18.92,7.35,4.052172896798721,1.36,12050840.0,13422228.0,1634.2344,101.75,26.55,2012,847.32,0.82,0.78,0.41
2012-01-20,panzhihua,攀枝花,Panzhihua,0.01,14.12,20.03,7.55,4.823989535921987,1.81,13609486.0,15160324.0,1603.9844,101.75,26.55,2012,846.0,0.0,1.21,0.68
2012-01-21,panzhihua,攀枝花,Panzhihua,0.08,14.19,19.6,8.91,4.67291354714116,1.82,13122708.0,14620164.0,1574.2969,101.75,26.55,2012,846.07,0.77,1.36,0.7
2012-01-22,panzhihua,攀枝花,Panzhihua,0.01,13.09,17.9,7.18,4.020994047543674,1.11,12328022.0,13736492.0,1550.3594,101.75,26.55,2012,849.32,-0.58,0.53,0.49
2012-01-23,panzhihua,攀枝花,Panzhihua,0.0,13.83,19.32,6.0,4.85945886870055,1.39,14390790.0,16037512.0,1535.2969,101.75,26.55,2012,847.14,-1.91,0.81,0.57
2012-01-24,panzhihua,攀枝花,Panzhihua,0.0,12.91,19.52,5.61,4.469899421003738,1.24,13701728.0,15271872.0,1525.6875,101.75,26.55,2012,848.06,-2.3,0.07,0.05
2012-01-25,panzhihua,攀枝花,Panzhihua,0.0,11.35,16.7,4.6,4.226753479498267,0.81,14954784.0,16670968.0,1513.1875,101.75,26.55,2012,847.75,-0.88,-0.04,-0.44
2012-01-26,panzhihua,攀枝花,Panzhihua,0.0,14.18,19.91,6.53,4.843839482138738,1.0,15250082.0,17002028.0,1495.5938,101.75,26.55,2012,846.04,-0.51,0.72,0.18
2012-01-27,panzhihua,攀枝花,Panzhihua,0.0,15.41,22.3,7.93,5.47905322534437,1.65,15739610.0,17550248.0,1474.6562,101.75,26.55,2012,846.04,0.56,1.24,0.75
2012-01-28,panzhihua,攀枝花,Panzhihua,0.0,14.87,20.81,8.52,5.329934666592688,1.23,16094216.0,17948148.0,1452.1562,101.75,26.55,2012,848.42,-1.03,0.77,0.44
2012-01-29,panzhihua,攀枝花,Panzhihua,0.0,15.4,21.24,7.88,5.549838092104915,1.23,16131780.0,17992588.0,1430.3438,101.75,26.55,2012,849.41,-3.28,0.86,0.45
2012-01-30,panzhihua,攀枝花,Panzhihua,0.0,15.75,22.14,8.71,5.364933018735019,1.01,15792716.0,17617052.0,1410.3438,101.75,26.55,2012,851.33,-3.06,0.52,0.52
2012-01-31,panzhihua,攀枝花,Panzhihua,0.0,15.61,22.14,8.65,5.556426273477367,1.04,16578792.0,18496164.0,1391.2812,101.75,26.55,2012,850.66,-2.92,0.46,0.57
2012-02-01,panzhihua,攀枝花,Panzhihua,0.0,15.73,22.41,7.77,5.681595758232025,1.07,16787098.0,18731148.0,1372.4062,101.75,26.55,2012,849.72,-3.68,0.66,0.38
2012-02-02,panzhihua,攀枝花,Panzhihua,0.0,15.29,21.45,8.31,5.496426562319599,1.05,16476422.0,18387228.0,1354.4375,101.75,26.55,2012,851.61,-3.3,0.56,0.42
2012-02-03,panzhihua,攀枝花,Panzhihua,0.0,15.37,21.67,7.42,5.488569885848938,0.87,16849298.0,18805844.0,1338.3125,101.75,26.55,2012,850.57,-3.55,0.38,0.3
2012-02-04,panzhihua,攀枝花,Panzhihua,0.0,15.91,22.01,7.83,5.635787428624673,0.86,17174932.0,19171876.0,1324.0312,101.75,26.55,2012,849.84,-2.9,0.39,0.22
2012-02-05,panzhihua,攀枝花,Panzhihua,0.0,16.67,23.11,9.24,6.381836321198652,1.9,16953858.0,18927728.0,1310.5,101.75,26.55,2012,846.19,-2.04,0.91,1.51
2012-02-06,panzhihua,攀枝花,Panzhihua,0.0,17.36,23.52,10.3,5.820727338394764,1.5,15453874.0,17255460.0,1298.2188,101.75,26.55,2012,846.48,-0.68,0.81,0.56
2012-02-07,panzhihua,攀枝花,Panzhihua,0.0,14.78,20.76,8.02,5.239623607860473,0.85,17057842.0,19049196.0,1289.4375,101.75,26.55,2012,848.58,1.46,-0.2,-0.6
2012-02-08,panzhihua,攀枝花,Panzhihua,0.0,18.48,25.73,10.34,6.304647862191838,1.46,16929098.0,18908028.0,1284.3438,101.75,26.55,2012,846.6,0.96,1.17,0.55
2012-02-09,panzhihua,攀枝花,Panzhihua,0.0,18.37,24.75,11.97,6.836544129656308,2.02,17281016.0,19303830.0,1279.8438,101.75,26.55,2012,846.4,-0.41,1.38,1.07
2012-02-10,panzhihua,攀枝花,Panzhihua,0.03,17.71,24.45,10.6,6.04560757857249,1.95,15447796.0,17258162.0,1273.6562,101.75,26.55,2012,848.16,1.38,1.15,1.25
2012-02-11,panzhihua,攀枝花,Panzhihua,0.01,16.47,22.62,9.95,5.543846459920228,1.8,15239712.0,17027740.0,1267.2188,101.75,26.55,2012,848.6,2.32,1.09,1.29
2012-02-12,panzhihua,攀枝花,Panzhihua,0.03,16.46,22.57,9.39,5.596278123600506,1.63,15795616.0,17651786.0,1263.0938,101.75,26.55,2012,849.39,2.25,0.76,1.27
2012-02-13,panzhihua,攀枝花,Panzhihua,0.0,16.59,22.35,9.11,6.000628151670062,1.86,16050476.0,17939176.0,1261.375,101.75,26.55,2012,850.09,-0.22,1.01,1.31
2012-02-14,panzhihua,攀枝花,Panzhihua,0.0,17.39,23.67,10.28,6.391677810725591,1.96,16262236.0,18178386.0,1262.5938,101.75,26.55,2012,848.38,-1.48,1.02,1.31
2012-02-15,panzhihua,攀枝花,Panzhihua,0.0,18.39,25.15,10.25,6.7680855099954425,1.6,18169666.0,20313292.0,1268.0312,101.75,26.55,2012,847.15,-0.07,1.1,0.81
2012-02-16,panzhihua,攀枝花,Panzhihua,0.0,19.3,26.0,11.72,6.868261289546739,1.49,18225882.0,20381638.0,1277.375,101.75,26.55,2012,848.3,0.6,0.93,0.83
2012-02-17,panzhihua,攀枝花,Panzhihua,0.0,19.16,25.31,12.0,6.232653200190143,1.72,15926526.0,17814942.0,1286.4062,101.75,26.55,2012,847.84,3.0,0.97,0.98
2012-02-18,panzhihua,攀枝花,Panzhihua,0.08,17.28,24.01,8.51,6.112508973876556,1.64,16653134.0,18632840.0,1290.0938,101.75,26.55,2012,849.06,0.73,0.25,0.56
2012-02-19,panzhihua,攀枝花,Panzhihua,0.02,16.32,22.98,8.17,5.6969583990638375,1.26,16286384.0,18227384.0,1287.8438,101.75,26.55,2012,848.38,-1.16,0.32,0.73
2012-02-20,panzhihua,攀枝花,Panzhihua,0.0,17.76,23.62,10.45,6.54087199788252,1.42,18183366.0,20355936.0,1282.7188,101.75,26.55,2012,846.45,-0.43,0.8,0.77
2012-02-21,panzhihua,攀枝花,Panzhihua,0.01,17.5,23.42,11.07,6.251412335054996,1.52,17293784.0,19365448.0,1276.625,101.75,26.55,2012,845.11,0.75,0.84,1.01
2012-02-22,panzhihua,攀枝花,Panzhihua,0.0,17.95,24.65,10.2,6.606512751685764,1.58,18299100.0,20496532.0,1270.4688,101.75,26.55,2012,843.97,1.32,0.95,0.88
2012-02-23,panzhihua,攀枝花,Panzhihua,0.0,18.72,25.66,10.92,6.672826062509376,1.47,18471710.0,20695568.0,1264.3438,101.75,26.55,2012,843.57,2.62,0.9,0.58
2012-02-24,panzhihua,攀枝花,Panzhihua,0.0,19.36,26.11,11.44,6.836958992901124,1.38,18977270.0,21267830.0,1257.0938,101.75,26.55,2012,844.44,3.49,0.96,0.54
2012-02-25,panzhihua,攀枝花,Panzhihua,0.0,19.88,25.8,13.38,7.177697767488253,1.86,17773384.0,19924282.0,1246.9375,101.75,26.55,2012,844.44,0.37,1.22,1.02
2012-02-26,panzhihua,攀枝花,Panzhihua,0.01,19.79,25.87,9.53,7.484156656810829,1.88,18362368.0,20590038.0,1233.7188,101.75,26.55,2012,844.38,-2.11,1.11,0.86
2012-02-27,panzhihua,攀枝花,Panzhihua,0.0,17.05,23.97,7.31,6.4659248149518165,1.4,18026106.0,20218414.0,1219.3125,101.75,26.55,2012,844.28,-2.73,0.17,0.16
2012-02-28,panzhihua,攀枝花,Panzhihua,0.0,18.13,25.02,10.79,7.4186204879877184,2.26,18257340.0,20483336.0,1205.625,101.75,26.55,2012,841.73,-3.7,1.1,1.8
2012-02-29,panzhihua,攀枝花,Panzhihua,0.01,17.86,24.17,11.64,6.819409241087192,2.13,17430386.0,19560722.0,1194.7812,101.75,26.55,2012,845.34,-0.25,1.03,1.71
2012-03-01,panzhihua,攀枝花,Panzhihua,0.28,16.31,22.11,9.53,6.081213921149327,1.73,17849052.0,20035774.0,1188.6875,101.75,26.55,2012,846.62,2.75,1.23,1.12
2012-03-02,panzhihua,攀枝花,Panzhihua,0.22,15.65,21.54,8.88,5.739306572698883,1.62,17598316.0,19759648.0,1188.4375,101.75,26.55,2012,845.85,3.69,1.08,0.87
2012-03-03,panzhihua,攀枝花,Panzhihua,0.26,14.94,21.56,8.88,4.756962464914584,1.59,15023551.0,16873560.0,1194.0,101.75,26.55,2012,846.19,5.79,1.39,0.18
2012-03-04,panzhihua,攀枝花,Panzhihua,0.08,15.73,22.25,8.75,6.330272937918679,1.67,18765668.0,21082046.0,1202.375,101.75,26.55,2012,845.14,0.29,1.0,1.09
2012-03-05,panzhihua,攀枝花,Panzhihua,0.0,17.37,23.58,7.87,6.93766592653683,1.24,20547868.0,23090360.0,1208.5938,101.75,26.55,2012,844.34,0.28,0.89,0.42
2012-03-06,panzhihua,攀枝花,Panzhihua,0.01,17.14,25.0,11.25,6.297988129263783,2.14,17780016.0,19985584.0,1208.9062,101.75,26.55,2012,843.32,4.31,1.29,1.12
2012-03-07,panzhihua,攀枝花,Panzhihua,0.31,17.48,24.73,10.72,5.397679328736459,2.11,14072542.0,15822396.0,1202.3125,101.75,26.55,2012,842.79,5.18,1.66,0.84
2012-03-08,panzhihua,攀枝花,Panzhihua,0.11,18.85,24.71,12.68,6.30329149910331,2.22,15573090.0,17514404.0,1190.1562,101.75,26.55,2012,844.08,3.95,1.53,1.14
2012-03-09,panzhihua,攀枝花,Panzhihua,0.01,19.88,25.83,13.12,6.814956949678828,1.94,16719822.0,18808828.0,1175.4688,101.75,26.55,2012,845.99,2.52,1.18,1.11
2012-03-10,panzhihua,攀枝花,Panzhihua,0.0,19.71,26.25,11.35,7.339505329254801,1.93,18349344.0,20648298.0,1161.2812,101.75,26.55,2012,847.79,0.56,0.86,1.06
2012-03-11,panzhihua,攀枝花,Panzhihua,0.0,21.17,27.74,11.75,8.231547411184389,1.76,20608036.0,23195928.0,1149.7188,101.75,26.55,2012,848.95,-0.36,0.99,1.07
2012-03-12,panzhihua,攀枝花,Panzhihua,0.0,21.56,28.27,12.93,8.79536128518726,1.96,21409970.0,24105088.0,1140.25,101.75,26.55,2012,849.71,-1.85,1.09,1.22
2012-03-13,panzhihua,攀枝花,Panzhihua,0.0,21.56,29.05,12.26,8.368519117532673,1.87,20466958.0,23049642.0,1131.875,101.75,26.55,2012,849.04,-0.18,0.66,0.96
2012-03-14,panzhihua,攀枝花,Panzhihua,0.0,21.21,28.12,14.5,7.835148611167741,2.39,18130776.0,20423936.0,1125.375,101.75,26.55,2012,847.34,2.54,1.47,1.61
2012-03-15,panzhihua,攀枝花,Panzhihua,0.0,20.25,26.64,12.47,7.9810820713907455,1.92,20414552.0,23003136.0,1121.5938,101.75,26.55,2012,848.66,1.0,0.97,1.4
2012-03-16,panzhihua,攀枝花,Panzhihua,0.0,19.97,26.5,11.98,8.131416875661156,2.14,20273830.0,22848044.0,1119.2812,101.75,26.55,2012,847.64,-0.55,0.96,1.81
2012-03-17,panzhihua,攀枝花,Panzhihua,0.01,18.9,24.15,11.51,7.246215062652475,1.18,19917752.0,22450660.0,1117.7188,101.75,26.55,2012,849.18,-3.81,0.24,0.94
2012-03-18,panzhihua,攀枝花,Panzhihua,0.0,20.6,27.3,10.9,8.381847236415561,1.24,22370916.0,25219882.0,1117.0938,101.75,26.55,2012,849.32,-5.38,0.66,0.83
2012-03-19,panzhihua,攀枝花,Panzhihua,0.0,21.4,28.03,12.5,8.467965952877138,1.3,22153848.0,24979478.0,1118.3125,101.75,26.55,2012,848.35,-3.15,0.47,0.87
2012-03-20,panzhihua,攀枝花,Panzhihua,0.0,22.97,30.49,12.84,8.763083233427466,1.34,22420300.0,25283894.0,1121.5312,101.75,26.55,2012,846.75,0.57,0.92,0.73
2012-03-21,panzhihua,攀枝花,Panzhihua,0.0,22.37,29.27,15.85,8.048364524665924,2.08,19708964.0,22229878.0,1125.4062,101.75,26.55,2012,844.65,5.93,1.36,1.18
2012-03-22,panzhihua,攀枝花,Panzhihua,0.67,22.27,28.2,12.33,6.104313517564527,1.7,14476218.0,16330472.0,1129.1562,101.75,26.55,2012,846.9,8.25,0.86,0.36
2012-03-23,panzhihua,攀枝花,Panzhihua,1.37,10.28,13.88,6.36,3.1209118315124416,1.88,10192324.0,11501754.0,1132.2188,101.75,26.55,2012,857.61,2.33,-1.24,-1.4
2012-03-24,panzhihua,攀枝花,Panzhihua,0.0,14.46,20.46,6.44,5.348939376348952,0.75,17874982.0,20172628.0,1137.5625,101.75,26.55,2012,853.37,2.55,-0.35,-0.43
2012-03-25,panzhihua,攀枝花,Panzhihua,0.01,19.51,25.9,8.8,6.667922211524383,0.87,19316692.0,21801870.0,1151.625,101.75,26.55,2012,851.16,3.53,-0.04,-0.69
2012-03-26,panzhihua,攀枝花,Panzhihua,1.15,20.46,26.8,11.99,6.841659809812275,0.77,19901194.0,22465686.0,1174.9375,101.75,26.55,2012,850.9,5.84,0.17,-0.38
2012-03-27,panzhihua,攀枝花,Panzhihua,0.88,21.73,28.0,14.2,7.216134559013886,1.21,19345244.0,21840906.0,1204.6875,101.75,26.55,2012,850.71,5.91,0.72,0.59
2012-03-28,panzhihua,攀枝花,Panzhihua,0.0,23.42,30.15,13.69,8.725874393749143,1.45,22437092.0,25336344.0,1241.0,101.75,26.55,2012,850.04,4.95,0.57,1.0
2012-03-29,panzhihua,攀枝花,Panzhihua,0.0,23.03,29.87,16.02,8.733940062280379,1.89,21163868.0,23902806.0,1284.1562,101.75,26.55,2012,848.11,3.17,1.0,1.29
2012-03-30,panzhihua,攀枝花,Panzhihua,1.36,19.01,28.34,9.69,7.393553532679284,1.89,20196092.0,22813380.0,1330.5,101.75,26.55,2012,854.37,3.5,-0.79,-0.05
2012-03-31,panzhihua,攀枝花,Panzhihua,0.11,13.13,17.65,9.55,2.742607962694408,0.73,8526998.0,9633814.0,1377.0,101.75,26.55,2012,859.67,3.41,-0.36,-0.35
2012-04-01,panzhihua,攀枝花,Panzhihua,0.0,21.54,29.04,9.59,8.159837963436239,0.89,22558666.0,25490502.0,1423.6875,101.75,26.55,2012,851.24,-0.45,0.33,0.64
2012-04-02,panzhihua,攀枝花,Panzhihua,0.0,24.03,31.37,13.78,9.475081803148203,1.17,24091514.0,27227126.0,1461.4375,101.75,26.55,2012,851.25,-3.15,0.1,0.1
2012-04-03,panzhihua,攀枝花,Panzhihua,0.0,24.29,31.53,14.59,9.106734037446056,1.31,22564934.0,25506248.0,1483.375,101.75,26.55,2012,851.5,-0.14,0.42,0.42
2012-04-04,panzhihua,攀枝花,Panzhihua,0.0,24.6,30.87,15.57,9.06620373791645,1.66,21107186.0,23861776.0,1488.375,101.75,26.55,2012,849.19,0.53,0.91,1.02
2012-04-05,panzhihua,攀枝花,Panzhihua,0.0,24.5,29.67,16.36,8.971235308057636,1.42,22197144.0,25098942.0,1479.2812,101.75,26.55,2012,848.72,3.53,0.54,0.86
2012-04-06,panzhihua,攀枝花,Panzhihua,0.3,23.39,29.74,15.91,8.496830596446946,1.31,22121596.0,25017498.0,1460.25,101.75,26.55,2012,849.58,5.44,0.38,0.0
2012-04-07,panzhihua,攀枝花,Panzhihua,0.96,17.88,23.43,11.8,5.2825218864795564,1.0,16182000.0,18304034.0,1436.5,101.75,26.55,2012,850.93,8.59,-0.67,-0.69
2012-04-08,panzhihua,攀枝花,Panzhihua,3.63,16.23,21.34,11.26,4.145347826665305,0.68,13522714.0,15297510.0,1416.25,101.75,26.55,2012,849.99,9.26,0.04,-0.2
2012-04-09,panzhihua,攀枝花,Panzhihua,0.16,20.31,26.92,11.64,6.955372265084858,1.35,19593836.0,22170268.0,1400.3125,101.75,26.55,2012,848.74,7.54,0.67,0.78
2012-04-10,panzhihua,攀枝花,Panzhihua,0.13,22.41,28.63,14.39,8.044872396864157,1.27,21535516.0,24371002.0,1386.4688,101.75,26.55,2012,847.75,6.03,0.65,0.64
2012-04-11,panzhihua,攀枝花,Panzhihua,0.12,23.11,29.21,16.64,8.530612502094176,1.55,22007194.0,24908734.0,1375.5938,101.75,26.55,2012,845.95,6.15,1.07,0.67
2012-04-12,panzhihua,攀枝花,Panzhihua,0.06,23.21,28.92,16.87,8.33203986309933,1.75,20740138.0,23479144.0,1372.625,101.75,26.55,2012,845.61,6.17,1.08,0.86
2012-04-13,panzhihua,攀枝花,Panzhihua,0.09,23.29,28.89,16.78,8.001785226967758,1.92,19096628.0,21622450.0,1380.1875,101.75,26.55,2012,847.02,6.27,1.34,1.05
2012-04-14,panzhihua,攀枝花,Panzhihua,0.0,24.41,31.32,16.68,9.75679331631369,2.09,23062660.0,26116488.0,1391.0312,101.75,26.55,2012,846.96,3.88,1.15,1.49
2012-04-15,panzhihua,攀枝花,Panzhihua,0.0,25.13,32.0,17.59,9.622648334436056,1.9,22407148.0,25378100.0,1400.125,101.75,26.55,2012,845.93,3.62,1.07,1.27
2012-04-16,panzhihua,攀枝花,Panzhihua,0.2,24.35,30.9,17.0,9.336989799335168,1.91,22467692.0,25442522.0,1406.1562,101.75,26.55,2012,845.39,5.02,1.16,1.28
2012-04-17,panzhihua,攀枝花,Panzhihua,0.0,23.9,30.17,16.94,8.46382087299518,2.06,18925198.0,21426666.0,1408.1875,101.75,26.55,2012,844.39,3.4,1.1,1.32
2012-04-18,panzhihua,攀枝花,Panzhihua,0.0,24.24,29.41,17.12,8.27822794773958,1.8,18699498.0,21167534.0,1412.0,101.75,26.55,2012,844.75,2.97,0.83,1.31
2012-04-19,panzhihua,攀枝花,Panzhihua,0.91,23.91,30.2,16.62,8.174818344952827,1.35,20660824.0,23383428.0,1422.875,101.75,26.55,2012,846.26,6.06,0.48,0.98
2012-04-20,panzhihua,攀枝花,Panzhihua,0.43,22.62,28.8,16.59,7.515651978660202,1.03,20277674.0,22945210.0,1437.0938,101.75,26.55,2012,849.94,6.52,-0.36,-0.25
2012-04-21,panzhihua,攀枝花,Panzhihua,0.01,22.96,28.81,17.01,8.124165012894624,0.88,22532584.0,25492730.0,1453.8125,101.75,26.55,2012,847.3,7.07,0.54,0.21
2012-04-22,panzhihua,攀枝花,Panzhihua,1.7,22.67,29.96,16.96,7.09981804473425,1.36,19299732.0,21830552.0,1478.875,101.75,26.55,2012,842.65,11.21,1.14,0.22
2012-04-23,panzhihua,攀枝花,Panzhihua,0.0,24.77,32.32,17.29,10.42345668141799,2.72,23607660.0,26699646.0,1502.0938,101.75,26.55,2012,841.35,4.51,1.42,2.17
2012-04-24,panzhihua,攀枝花,Panzhihua,0.0,25.31,32.81,18.07,9.792026686150418,2.21,22107036.0,24997246.0,1509.5625,101.75,26.55,2012,843.8,4.27,0.96,1.81
2012-04-25,panzhihua,攀枝花,Panzhihua,0.76,20.98,29.12,13.36,7.412811100843466,1.21,20826252.0,23545866.0,1503.5312,101.75,26.55,2012,850.08,7.05,-0.64,-0.5
2012-04-26,panzhihua,攀枝花,Panzhihua,1.05,21.06,27.48,13.49,7.110446827837322,0.69,21075152.0,23823092.0,1494.5625,101.75,26.55,2012,847.78,9.14,0.14,0.01
2012-04-27,panzhihua,攀枝花,Panzhihua,0.0,24.49,31.28,15.97,9.164801260157168,1.8,22584950.0,25524650.0,1494.3125,101.75,26.55,2012,843.75,6.79,1.08,1.23
2012-04-28,panzhihua,攀枝花,Panzhihua,0.0,24.66,30.45,17.92,9.099649612484283,1.83,22143736.0,25020792.0,1510.5938,101.75,26.55,2012,844.01,6.82,0.99,1.26
2012-04-29,panzhihua,攀枝花,Panzhihua,0.0,24.44,31.41,17.11,9.74965327988716,1.98,24045074.0,27164524.0,1536.9062,101.75,26.55,2012,843.49,6.2,1.23,1.4
2012-04-30,panzhihua,攀枝花,Panzhihua,0.0,24.93,32.05,17.48,9.406150037346633,2.18,21584780.0,24380416.0,1565.4375,101.75,26.55,2012,842.94,5.41,1.13,1.58
2012-05-01,panzhihua,攀枝花,Panzhihua,0.0,26.09,32.39,18.09,10.292820098882537,1.53,25102372.0,28348994.0,1594.2812,101.75,26.55,2012,844.9,3.82,0.89,0.95
2012-05-02,panzhihua,攀枝花,Panzhihua,0.0,26.0,32.92,18.17,10.21644683341866,1.99,23287458.0,26294210.0,1615.2812,101.75,26.55,2012,844.25,2.94,1.01,1.49
2012-05-03,panzhihua,攀枝花,Panzhihua,0.0,26.46,33.49,18.78,10.730967523053804,1.93,24777918.0,27972404.0,1622.2812,101.75,26.55,2012,844.37,2.78,0.87,1.43
2012-05-04,panzhihua,攀枝花,Panzhihua,0.0,28.14,33.89,19.53,10.340603894019212,0.95,25640530.0,28940980.0,1622.0938,101.75,26.55,2012,845.27,1.85,0.53,0.27
2012-05-05,panzhihua,攀枝花,Panzhihua,0.0,29.14,35.1,21.38,10.08750895652812,1.16,23838768.0,26902540.0,1622.4062,101.75,26.55,2012,845.48,4.8,0.37,0.18
2012-05-06,panzhihua,攀枝花,Panzhihua,0.01,25.77,30.71,20.32,7.533502560496098,1.73,17870886.0,20163500.0,1630.2188,101.75,26.55,2012,846.68,12.07,1.58,-0.21
2012-05-07,panzhihua,攀枝花,Panzhihua,0.04,24.7,32.04,19.29,8.341073474264835,1.59,22012282.0,24832244.0,1658.7812,101.75,26.55,2012,846.54,12.7,1.35,-0.36
2012-05-08,panzhihua,攀枝花,Panzhihua,0.41,25.82,32.11,19.44,8.25405257532719,1.24,21387462.0,24123104.0,1726.4062,101.75,26.55,2012,846.45,12.3,1.01,-0.25
2012-05-09,panzhihua,攀枝花,Panzhihua,0.07,28.07,33.27,21.3,9.250549692158682,0.89,23558898.0,26567388.0,1846.375,101.75,26.55,2012,847.61,10.03,0.42,-0.37
2012-05-10,panzhihua,攀枝花,Panzhihua,0.0,28.44,34.74,22.04,9.776537475228084,1.3,23884630.0,26929840.0,2017.625,101.75,26.55,2012,845.94,10.75,0.95,-0.5
2012-05-11,panzhihua,攀枝花,Panzhihua,0.0,29.17,35.97,22.5,10.482880748917903,1.31,25219632.0,28429812.0,2236.4688,101.75,26.55,2012,842.61,9.11,1.1,0.03
2012-05-12,panzhihua,攀枝花,Panzhihua,0.05,27.65,35.27,21.59,9.204191988551765,1.25,22970296.0,25890564.0,2497.2812,101.75,26.55,2012,843.4,11.62,0.04,-0.77
2012-05-13,panzhihua,攀枝花,Panzhihua,0.02,29.08,35.97,21.97,9.92843041662524,1.88,21683780.0,24435716.0,2808.4062,101.75,26.55,2012,840.98,8.95,1.23,0.93
2012-05-14,panzhihua,攀枝花,Panzhihua,0.31,23.33,28.45,18.0,6.4943853456577765,1.92,15406964.0,17359700.0,3173.9062,101.75,26.55,2012,847.35,10.68,-1.14,-1.46
2012-05-15,panzhihua,攀枝花,Panzhihua,0.19,22.27,26.77,18.02,4.6189697506136085,0.93,11832826.0,13330130.0,3572.75,101.75,26.55,2012,848.21,10.23,-0.7,-0.56
2012-05-16,panzhihua,攀枝花,Panzhihua,0.02,26.5,32.01,18.79,7.680426717295574,0.86,19527094.0,22012036.0,3961.0,101.75,26.55,2012,844.28,9.01,0.08,-0.58
2012-05-17,panzhihua,攀枝花,Panzhihua,0.08,28.66,35.68,20.95,9.769694553525593,1.37,22706712.0,25613184.0,4329.5625,101.75,26.55,2012,843.68,6.8,0.58,0.53
2012-05-18,panzhihua,攀枝花,Panzhihua,0.0,30.16,35.54,22.93,10.161727150615947,1.12,23992600.0,27082064.0,4639.375,101.75,26.55,2012,844.39,7.51,0.41,-0.02
2012-05-19,panzhihua,攀枝花,Panzhihua,0.02,29.55,34.26,23.49,9.138998949587066,1.03,22143406.0,25011780.0,4848.9062,101.75,26.55,2012,846.19,11.31,0.35,-0.43
2012-05-20,panzhihua,攀枝花,Panzhihua,0.01,30.24,36.55,24.88,10.018889534522586,1.74,22703824.0,25661814.0,4975.8438,101.75,26.55,2012,843.0,13.37,1.45,-0.23
2012-05-21,panzhihua,攀枝花,Panzhihua,1.71,29.85,37.99,22.83,9.561281826682038,1.58,22408694.0,25345580.0,5043.7812,101.75,26.55,2012,842.1,14.71,0.71,-0.42
2012-05-22,panzhihua,攀枝花,Panzhihua,8.0,24.55,30.44,20.7,4.37795334899716,1.27,11497466.0,13014084.0,5075.0312,101.75,26.55,2012,844.34,18.41,-0.67,-0.99
2012-05-23,panzhihua,攀枝花,Panzhihua,0.62,26.62,31.73,20.83,6.0530243855111845,1.01,15260750.0,17285220.0,5158.0,101.75,26.55,2012,842.63,15.95,-0.4,-0.67
2012-05-24,panzhihua,攀枝花,Panzhihua,6.11,25.99,32.61,19.32,7.685193412089722,1.38,20093300.0,22773336.0,5359.375,101.75,26.55,2012,844.09,15.71,-0.19,-1.21
2012-05-25,panzhihua,攀枝花,Panzhihua,10.32,22.25,27.17,18.5,3.787388840380108,1.1,10194012.0,11561332.0,5723.5312,101.75,26.55,2012,847.62,15.9,-0.44,-0.93
2012-05-26,panzhihua,攀枝花,Panzhihua,5.51,19.77,22.14,17.78,2.844145413152324,0.62,8575554.0,9732048.0,6205.5625,101.75,26.55,2012,849.06,15.46,-0.52,0.05
2012-05-27,panzhihua,攀枝花,Panzhihua,10.08,24.04,29.35,19.22,5.9681198697672135,0.7,17092010.0,19410344.0,6691.5625,101.75,26.55,2012,846.57,17.23,0.4,-0.13
2012-05-28,panzhihua,攀枝花,Panzhihua,17.59,22.57,26.69,19.15,4.346491574718272,0.55,13140924.0,14934168.0,7066.3438,101.75,26.55,2012,846.89,19.28,-0.23,0.17
2012-05-29,panzhihua,攀枝花,Panzhihua,15.14,21.03,23.99,19.63,3.0566034656550096,0.75,9256528.0,10527228.0,7317.4688,101.75,26.55,2012,850.77,17.89,-0.57,-0.36
2012-05-30,panzhihua,攀枝花,Panzhihua,3.89,18.99,25.51,15.39,4.070793085271089,0.63,12656816.0,14402516.0,7504.6562,101.75,26.55,2012,851.84,13.5,-0.09,0.46
2012-05-31,panzhihua,攀枝花,Panzhihua,3.05,18.84,20.54,15.48,2.5194500532995345,0.38,7884990.0,8978712.0,7703.4375,101.75,26.55,2012,849.96,15.16,-0.06,-0.04
2012-06-01,panzhihua,攀枝花,Panzhihua,15.69,19.6,22.53,17.58,2.405202501893195,0.8,7349044.0,8374776.0,7929.2188,101.75,26.55,2012,848.98,16.73,-0.66,-0.34
2012-06-02,panzhihua,攀枝花,Panzhihua,9.32,18.5,19.54,17.58,1.2717012819532378,0.33,4006672.0,4568816.0,8226.344000000001,101.75,26.55,2012,846.61,16.66,-0.15,0.02
2012-06-03,panzhihua,攀枝花,Panzhihua,32.54,20.56,24.88,17.64,3.2223031704231846,0.66,10274790.0,11725072.0,8651.469000000001,101.75,26.55,2012,843.13,18.91,-0.33,-0.13
2012-06-04,panzhihua,攀枝花,Panzhihua,3.45,20.01,23.5,16.61,3.6252976502384953,0.84,11196274.0,12784428.0,9111.531,101.75,26.55,2012,844.33,16.38,-0.63,0.02
2012-06-05,panzhihua,攀枝花,Panzhihua,0.6,24.61,29.72,17.9,7.201850772818594,0.93,20209546.0,23092372.0,9572.844,101.75,26.55,2012,841.98,16.67,0.36,0.04
2012-06-06,panzhihua,攀枝花,Panzhihua,0.25,25.65,29.92,19.93,8.084412431062184,0.9,22539886.0,25772088.0,9986.5,101.75,26.55,2012,841.97,17.53,0.38,-0.29
2012-06-07,panzhihua,攀枝花,Panzhihua,4.83,25.79,30.13,20.51,7.665857106372617,0.66,21463514.0,24557860.0,10299.0625,101.75,26.55,2012,844.03,18.0,-0.17,-0.2
2012-06-08,panzhihua,攀枝花,Panzhihua,3.83,24.02,27.73,20.32,5.1904731974661615,0.54,15044436.0,17224836.0,10496.4375,101.75,26.55,2012,844.8,19.24,-0.21,-0.26
2012-06-09,panzhihua,攀枝花,Panzhihua,0.84,25.52,29.52,20.26,6.549319578144572,0.7,18330848.0,21002872.0,10591.875,101.75,26.55,2012,842.22,18.93,0.33,-0.24
2012-06-10,panzhihua,攀枝花,Panzhihua,0.92,25.9,30.54,21.93,6.661419729662052,1.26,17350248.0,19892964.0,10576.031,101.75,26.55,2012,840.86,17.2,1.07,-0.08
2012-06-11,panzhihua,攀枝花,Panzhihua,6.07,23.22,28.31,18.85,5.4982381349949785,0.91,16036864.0,18400428.0,10526.9375,101.75,26.55,2012,843.62,18.3,-0.3,-0.48
2012-06-12,panzhihua,攀枝花,Panzhihua,5.64,22.37,26.06,19.06,3.9179805669324814,0.69,11073028.0,12713656.0,10531.625,101.75,26.55,2012,844.56,16.53,-0.46,-0.18
2012-06-13,panzhihua,攀枝花,Panzhihua,0.76,25.46,29.64,20.22,6.484271519478724,0.78,17787566.0,20436600.0,10567.375,101.75,26.55,2012,842.22,17.78,-0.21,-0.56
2012-06-14,panzhihua,攀枝花,Panzhihua,12.93,22.81,25.16,19.46,3.858787786476518,0.84,10972388.0,12616296.0,10720.6875,101.75,26.55,2012,846.02,18.27,-0.39,-0.32
2012-06-15,panzhihua,攀枝花,Panzhihua,4.83,22.62,26.01,19.64,4.014444748888907,0.59,11485074.0,13212680.0,10974.3125,101.75,26.55,2012,846.35,17.2,-0.09,0.17
2012-06-16,panzhihua,攀枝花,Panzhihua,5.39,20.24,21.29,19.25,1.4826198079931798,0.54,4252276.0,4892888.0,11219.6875,101.75,26.55,2012,846.96,17.43,-0.43,0.08
2012-06-17,panzhihua,攀枝花,Panzhihua,1.95,22.07,24.53,19.35,3.584356402384433,0.55,10385850.0,11953344.0,11593.594,101.75,26.55,2012,845.51,17.3,-0.48,0.05
2012-06-18,panzhihua,攀枝花,Panzhihua,27.93,22.96,28.06,20.08,5.215257113854796,0.49,15533668.0,17881088.0,12145.219,101.75,26.55,2012,843.35,19.34,0.0,0.07
2012-06-19,panzhihua,攀枝花,Panzhihua,17.56,22.01,26.0,19.34,3.783433218970518,0.58,11420822.0,13150024.0,12733.656,101.75,26.55,2012,842.92,19.25,-0.19,-0.19
2012-06-20,panzhihua,攀枝花,Panzhihua,23.99,20.8,23.79,19.44,2.542504857225332,0.65,7916918.0,9116428.0,13332.5625,101.75,26.55,2012,844.07,19.22,-0.13,-0.41
2012-06-21,panzhihua,攀枝花,Panzhihua,36.89,21.67,25.52,19.53,3.7648715254599128,0.58,11582758.0,13341936.0,13996.594,101.75,26.55,2012,844.53,19.6,-0.28,-0.08
2012-06-22,panzhihua,攀枝花,Panzhihua,9.01,22.41,25.63,19.16,4.0305153736178205,0.46,11892672.0,13700800.0,14760.625,101.75,26.55,2012,844.75,18.38,0.05,0.1
2012-06-23,panzhihua,攀枝花,Panzhihua,17.02,21.69,25.22,18.78,4.2227080999499575,0.49,12912646.0,14878368.0,15479.031,101.75,26.55,2012,842.97,19.14,-0.19,0.03
2012-06-24,panzhihua,攀枝花,Panzhihua,11.58,22.21,25.66,19.39,4.489959127870866,0.54,13790130.0,15892864.0,15958.9375,101.75,26.55,2012,841.63,20.35,0.21,-0.33
2012-06-25,panzhihua,攀枝花,Panzhihua,4.59,22.15,24.38,19.98,3.085985927220388,0.69,9009718.0,10385612.0,16235.344,101.75,26.55,2012,841.2,18.88,0.46,-0.35
2012-06-26,panzhihua,攀枝花,Panzhihua,7.64,23.15,27.03,19.62,4.593159639171372,0.61,13443820.0,15500592.0,16417.281000000006,101.75,26.55,2012,841.15,19.2,0.22,-0.18
2012-06-27,panzhihua,攀枝花,Panzhihua,8.57,23.35,27.57,20.16,4.943304826671089,0.65,14523948.0,16748436.0,16736.438000000002,101.75,26.55,2012,842.28,19.59,0.02,-0.08
2012-06-28,panzhihua,攀枝花,Panzhihua,16.64,23.06,27.06,19.83,4.704369923899825,0.52,14038218.0,16190196.0,17086.125,101.75,26.55,2012,843.82,20.22,-0.3,0.16
2012-06-29,panzhihua,攀枝花,Panzhihua,31.4,22.39,26.44,19.62,4.813909840404784,0.51,14645618.0,16894228.0,17372.718999999994,101.75,26.55,2012,844.66,20.08,-0.25,0.25
2012-06-30,panzhihua,攀枝花,Panzhihua,17.27,21.81,24.31,18.73,3.2312886645007053,0.66,9787594.0,11293276.0,17654.672,101.75,26.55,2012,846.62,19.54,-0.24,-0.09
2012-07-01,panzhihua,攀枝花,Panzhihua,11.18,23.74,28.21,19.43,6.9730927090463535,0.64,20577814.0,23747524.0,17897.078,101.75,26.55,2012,846.93,19.34,-0.17,-0.2
2012-07-02,panzhihua,攀枝花,Panzhihua,6.33,23.45,27.12,20.38,5.63913518393086,0.45,16770460.0,19356044.0,18008.688000000002,101.75,26.55,2012,844.94,20.49,-0.03,-0.17
2012-07-03,panzhihua,攀枝花,Panzhihua,23.24,21.37,23.72,19.49,2.631337951231709,0.66,8077290.0,9325252.0,18127.078,101.75,26.55,2012,842.9,19.71,0.04,-0.2
2012-07-04,panzhihua,攀枝花,Panzhihua,40.91,21.24,23.81,19.78,2.69465292203804,0.59,8348524.0,9639824.0,18814.422,101.75,26.55,2012,843.56,19.82,0.33,-0.21
2012-07-05,panzhihua,攀枝花,Panzhihua,20.82,20.72,23.5,18.8,2.793393989515216,0.47,8784334.0,10143924.0,19834.281000000006,101.75,26.55,2012,846.21,19.65,-0.09,0.02
2012-07-06,panzhihua,攀枝花,Panzhihua,8.75,22.67,26.16,19.37,5.274759960885176,0.44,15907178.0,18374256.0,20513.5,101.75,26.55,2012,844.28,20.09,-0.1,0.03
2012-07-07,panzhihua,攀枝花,Panzhihua,8.02,23.5,27.33,20.22,6.093362981352117,0.63,18171036.0,20994068.0,20648.344,101.75,26.55,2012,842.55,20.32,-0.02,0.11
2012-07-08,panzhihua,攀枝花,Panzhihua,3.79,24.78,28.7,20.76,6.290927586496935,0.68,17961504.0,20756176.0,20327.188,101.75,26.55,2012,843.05,19.74,0.37,-0.21
2012-07-09,panzhihua,攀枝花,Panzhihua,2.63,25.37,28.88,21.52,6.029202667926878,0.8,16690166.0,19291060.0,19712.828,101.75,26.55,2012,844.53,19.35,0.45,-0.39
2012-07-10,panzhihua,攀枝花,Panzhihua,10.52,23.4,28.26,19.36,5.030026938290057,0.72,14904206.0,17229424.0,19045.594,101.75,26.55,2012,845.4,20.27,-0.09,0.23
2012-07-11,panzhihua,攀枝花,Panzhihua,10.55,23.19,27.54,19.93,5.191320503234793,0.65,15596564.0,18032968.0,18560.375,101.75,26.55,2012,844.85,20.66,-0.42,0.36
2012-07-12,panzhihua,攀枝花,Panzhihua,26.06,22.83,27.07,20.37,4.306481296113975,0.63,13038744.0,15078722.0,18495.75,101.75,26.55,2012,844.53,20.87,-0.46,0.16
2012-07-13,panzhihua,攀枝花,Panzhihua,56.38,20.96,22.45,19.66,1.8116482746966591,0.47,5662526.0,6551044.0,18826.375,101.75,26.55,2012,845.27,20.28,-0.06,-0.27
2012-07-14,panzhihua,攀枝花,Panzhihua,16.17,22.76,27.02,19.85,5.115873956468092,0.57,15519974.0,17952984.0,19076.203,101.75,26.55,2012,844.5,20.62,0.02,0.0
2012-07-15,panzhihua,攀枝花,Panzhihua,7.36,23.0,25.89,20.55,3.9064705799273343,0.67,11450902.0,13251220.0,19223.25,101.75,26.55,2012,844.35,19.86,0.41,-0.28
2012-07-16,panzhihua,攀枝花,Panzhihua,17.5,21.91,24.18,19.62,2.929740212494821,0.63,8823876.0,10211618.0,19610.594,101.75,26.55,2012,844.38,19.84,0.28,-0.33
2012-07-17,panzhihua,攀枝花,Panzhihua,11.3,21.26,23.65,19.84,2.341342189482361,0.39,7223246.0,8359636.0,20232.844,101.75,26.55,2012,845.12,20.23,0.19,-0.04
2012-07-18,panzhihua,攀枝花,Panzhihua,27.59,22.43,27.74,19.13,5.191652320407632,0.58,15766510.0,18249154.0,20922.688,101.75,26.55,2012,845.82,19.93,-0.11,-0.03
2012-07-19,panzhihua,攀枝花,Panzhihua,14.95,22.07,26.54,19.47,4.57615467250519,0.52,13904686.0,16094472.0,21546.14,101.75,26.55,2012,846.86,19.61,-0.01,-0.07
2012-07-20,panzhihua,攀枝花,Panzhihua,3.18,22.69,26.16,19.22,4.548486391171373,0.58,13690976.0,15847984.0,21807.39,101.75,26.55,2012,846.48,20.26,0.25,-0.04
2012-07-21,panzhihua,攀枝花,Panzhihua,7.88,24.47,27.68,20.4,4.73685284708025,0.9,13097324.0,15164272.0,21865.89,101.75,26.55,2012,843.66,19.4,0.25,-0.19
2012-07-22,panzhihua,攀枝花,Panzhihua,13.0,21.15,23.07,19.39,2.186880675791826,0.38,6730704.0,7793298.0,21923.953,101.75,26.55,2012,844.71,20.04,-0.16,-0.08
2012-07-23,panzhihua,攀枝花,Panzhihua,8.31,22.91,26.24,19.41,5.854232282162112,0.55,17334820.0,20071746.0,22235.75,101.75,26.55,2012,844.99,18.69,0.02,0.24
2012-07-24,panzhihua,攀枝花,Panzhihua,4.13,22.85,27.49,19.07,6.681046434711813,0.53,20153942.0,23338102.0,22456.938,101.75,26.55,2012,845.43,19.85,-0.05,0.05
2012-07-25,panzhihua,攀枝花,Panzhihua,9.28,24.01,26.64,20.67,5.801864901533473,0.62,16755840.0,19405978.0,22353.844,101.75,26.55,2012,845.59,19.39,-0.27,-0.14
2012-07-26,panzhihua,攀枝花,Panzhihua,14.22,23.35,28.66,19.56,6.659580890380792,0.58,19949542.0,23105264.0,22071.53100000001,101.75,26.55,2012,845.25,20.37,-0.27,-0.09
2012-07-27,panzhihua,攀枝花,Panzhihua,12.65,23.27,26.8,20.05,5.266775294118307,0.63,15466900.0,17914064.0,21611.438,101.75,26.55,2012,844.67,19.4,-0.09,-0.17
2012-07-28,panzhihua,攀枝花,Panzhihua,30.36,20.29,23.76,17.22,3.4258158451976155,0.54,10749026.0,12450924.0,21104.344,101.75,26.55,2012,847.4,18.42,-0.1,-0.07
2012-07-29,panzhihua,攀枝花,Panzhihua,0.66,23.16,27.7,17.75,6.897067314285869,0.54,20438868.0,23677964.0,20646.172,101.75,26.55,2012,846.36,18.72,0.14,-0.06
2012-07-30,panzhihua,攀枝花,Panzhihua,6.93,24.89,29.3,19.18,7.198848686203295,0.55,20606626.0,23874488.0,20022.953,101.75,26.55,2012,843.62,19.58,0.2,-0.15
2012-07-31,panzhihua,攀枝花,Panzhihua,24.58,22.75,26.68,19.4,5.047089568340165,0.68,15149080.0,17551614.0,19331.312,101.75,26.55,2012,844.27,19.84,0.01,-0.23
2012-08-01,panzhihua,攀枝花,Panzhihua,17.11,20.88,23.46,18.34,3.127700792608514,0.7,9705046.0,11243892.0,18845.156000000006,101.75,26.55,2012,846.94,19.03,-0.17,-0.02
2012-08-02,panzhihua,攀枝花,Panzhihua,7.92,22.41,27.41,18.49,6.512905842311612,0.61,19606496.0,22720752.0,18711.656000000006,101.75,26.55,2012,847.52,18.41,-0.07,-0.08
2012-08-03,panzhihua,攀枝花,Panzhihua,0.1,23.49,27.32,18.42,6.873794296845722,0.35,20107194.0,23302424.0,18967.89,101.75,26.55,2012,846.33,18.2,0.09,-0.05
2012-08-04,panzhihua,攀枝花,Panzhihua,7.91,24.03,29.14,19.94,6.854984564507742,0.52,20017350.0,23200276.0,19085.547,101.75,26.55,2012,845.25,19.7,0.4,0.13
2012-08-05,panzhihua,攀枝花,Panzhihua,14.42,23.74,28.06,19.63,5.807314548418933,0.56,16992382.0,19696134.0,18751.266,101.75,26.55,2012,845.88,19.87,0.03,0.04
2012-08-06,panzhihua,攀枝花,Panzhihua,15.56,22.05,26.03,17.98,4.362067508468038,0.65,13164544.0,15260132.0,18153.969,101.75,26.55,2012,847.09,19.22,-0.05,0.04
2012-08-07,panzhihua,攀枝花,Panzhihua,18.27,22.1,27.31,18.91,5.644433748034992,0.47,17203100.0,19943812.0,17515.188000000002,101.75,26.55,2012,848.53,19.65,-0.07,0.1
2012-08-08,panzhihua,攀枝花,Panzhihua,10.74,23.38,28.32,18.34,7.158715227259421,0.46,21186952.0,24564474.0,16927.297,101.75,26.55,2012,847.71,19.31,-0.07,-0.18
2012-08-09,panzhihua,攀枝花,Panzhihua,12.25,22.4,27.81,17.38,6.436300500193112,0.51,19475164.0,22581392.0,16352.672,101.75,26.55,2012,847.18,19.23,-0.02,-0.26
2012-08-10,panzhihua,攀枝花,Panzhihua,0.45,23.79,27.74,18.25,6.985675695241032,0.3,20403188.0,23659344.0,15786.016,101.75,26.55,2012,847.39,19.15,-0.02,-0.0
2012-08-11,panzhihua,攀枝花,Panzhihua,0.17,24.61,29.02,19.73,7.104976460590224,0.4,20456724.0,23722976.0,15133.578,101.75,26.55,2012,846.29,19.6,0.07,-0.09
2012-08-12,panzhihua,攀枝花,Panzhihua,12.57,25.18,29.83,20.08,7.166893286178485,0.46,20509156.0,23785670.0,14355.281,101.75,26.55,2012,844.8,20.53,0.01,0.01
2012-08-13,panzhihua,攀枝花,Panzhihua,18.83,23.13,28.41,19.33,6.29177255068694,0.5,18842344.0,21854464.0,13533.0625,101.75,26.55,2012,845.79,20.34,-0.07,-0.08
2012-08-14,panzhihua,攀枝花,Panzhihua,37.64,23.23,27.73,19.49,5.819778022920697,0.4,17269110.0,20031282.0,13104.531,101.75,26.55,2012,847.2,20.2,-0.08,-0.13
2012-08-15,panzhihua,攀枝花,Panzhihua,16.49,23.17,27.41,18.65,5.45392626369055,0.61,16223186.0,18819876.0,12925.156,101.75,26.55,2012,848.46,20.08,-0.17,-0.28
2012-08-16,panzhihua,攀枝花,Panzhihua,3.08,24.23,28.48,19.33,6.456871946654898,0.51,18723964.0,21719868.0,12673.781,101.75,26.55,2012,848.38,19.89,0.01,-0.26
2012-08-17,panzhihua,攀枝花,Panzhihua,2.21,24.87,28.94,20.13,6.8998220380000745,0.45,19715116.0,22868640.0,12243.328,101.75,26.55,2012,847.13,19.6,-0.03,0.04
2012-08-18,panzhihua,攀枝花,Panzhihua,3.45,25.54,29.31,21.19,6.732968179290407,0.77,18557120.0,21525104.0,11710.875,101.75,26.55,2012,847.26,18.74,-0.09,-0.68
2012-08-19,panzhihua,攀枝花,Panzhihua,4.38,22.3,25.29,19.74,4.02836654819644,0.47,11938156.0,13847080.0,11210.031,101.75,26.55,2012,848.99,18.95,0.17,0.09
2012-08-20,panzhihua,攀枝花,Panzhihua,13.15,22.12,26.1,18.55,5.168034175988376,0.46,15654580.0,18155776.0,10773.156,101.75,26.55,2012,848.07,19.44,0.1,0.08
2012-08-21,panzhihua,攀枝花,Panzhihua,1.93,22.31,25.59,19.01,3.8674607077554017,0.69,11267280.0,13066780.0,10401.125,101.75,26.55,2012,850.66,18.44,0.05,0.04
2012-08-22,panzhihua,攀枝花,Panzhihua,0.17,23.11,26.18,20.97,5.37937109422679,0.64,15263096.0,17699994.0,10207.328,101.75,26.55,2012,851.26,16.45,-0.02,0.36
2012-08-23,panzhihua,攀枝花,Panzhihua,2.02,21.27,23.45,19.49,2.9698652547886053,0.52,8470082.0,9822670.0,10214.297,101.75,26.55,2012,850.66,16.16,-0.36,0.09
2012-08-24,panzhihua,攀枝花,Panzhihua,17.66,21.49,25.5,18.93,4.307019374073355,0.39,13129316.0,15224446.0,10418.531,101.75,26.55,2012,850.2,19.03,-0.17,-0.06
2012-08-25,panzhihua,攀枝花,Panzhihua,14.7,19.83,22.85,17.64,2.2695066139150573,0.5,7235008.0,8390290.0,10994.953,101.75,26.55,2012,850.86,18.94,-0.25,-0.19
2012-08-26,panzhihua,攀枝花,Panzhihua,5.24,21.56,26.08,17.46,4.893764459356683,0.33,14933992.0,17316668.0,11758.328,101.75,26.55,2012,849.09,19.19,0.12,-0.03
2012-08-27,panzhihua,攀枝花,Panzhihua,1.78,22.79,26.95,18.06,6.044041578082414,0.42,17950530.0,20813292.0,12251.891,101.75,26.55,2012,848.38,18.74,0.13,-0.04
2012-08-28,panzhihua,攀枝花,Panzhihua,3.77,23.77,27.4,18.69,5.7514376106824825,0.56,16674760.0,19333228.0,12274.969,101.75,26.55,2012,848.78,19.21,0.02,0.15
2012-08-29,panzhihua,攀枝花,Panzhihua,9.34,22.64,26.65,19.72,4.651445011305562,0.56,13940142.0,16161716.0,11965.578,101.75,26.55,2012,848.79,19.94,-0.42,0.28
2012-08-30,panzhihua,攀枝花,Panzhihua,10.91,22.58,26.13,19.33,3.8025638398235526,0.67,11341596.0,13149418.0,11594.469,101.75,26.55,2012,846.75,20.05,-0.35,-0.1
2012-08-31,panzhihua,攀枝花,Panzhihua,21.27,21.56,24.87,19.48,3.275619646231977,0.66,10145866.0,11762350.0,11375.625,101.75,26.55,2012,846.36,20.12,-0.56,-0.08
2012-09-01,panzhihua,攀枝花,Panzhihua,28.57,21.85,25.59,19.28,3.629648854876116,0.61,11120176.0,12890872.0,11527.25,101.75,26.55,2012,848.47,20.08,-0.31,-0.3
2012-09-02,panzhihua,攀枝花,Panzhihua,2.07,18.96,20.84,16.99,2.023593060701323,0.86,5693804.0,6600360.0,12252.5,101.75,26.55,2012,854.26,15.13,0.17,0.21
2012-09-03,panzhihua,攀枝花,Panzhihua,0.03,19.73,21.66,16.8,2.547804766636601,0.43,7378874.0,8553184.0,13367.8125,101.75,26.55,2012,853.58,14.05,0.2,0.19
2012-09-04,panzhihua,攀枝花,Panzhihua,0.11,20.56,23.72,17.96,3.780164323749156,0.59,11025790.0,12779890.0,14118.3125,101.75,26.55,2012,854.39,14.7,-0.02,0.54
2012-09-05,panzhihua,攀枝花,Panzhihua,0.34,21.05,24.17,16.82,4.883008844234012,0.45,14662840.0,16995062.0,14022.375,101.75,26.55,2012,854.31,15.87,-0.05,0.25
2012-09-06,panzhihua,攀枝花,Panzhihua,0.61,22.83,26.85,17.49,6.0487900503943175,0.52,17796836.0,20626904.0,13465.047,101.75,26.55,2012,853.46,17.76,0.27,0.07
2012-09-07,panzhihua,攀枝花,Panzhihua,1.92,23.3,26.84,19.12,5.846495930772912,0.42,17043654.0,19753098.0,12792.328,101.75,26.55,2012,851.94,18.14,0.18,0.0
2012-09-08,panzhihua,攀枝花,Panzhihua,0.93,23.52,27.28,18.35,5.902627213985844,0.48,17134900.0,19858364.0,12176.266,101.75,26.55,2012,851.16,18.37,0.15,-0.11
2012-09-09,panzhihua,攀枝花,Panzhihua,3.93,23.86,27.98,19.15,5.8744466878718224,0.44,17072872.0,19785368.0,11554.422,101.75,26.55,2012,849.8,19.44,-0.09,0.19
2012-09-10,panzhihua,攀枝花,Panzhihua,15.9,22.46,26.62,19.48,4.481931761098188,0.64,13408358.0,15537928.0,10974.594,101.75,26.55,2012,848.16,19.47,-0.26,0.16
2012-09-11,panzhihua,攀枝花,Panzhihua,61.68,20.96,24.34,18.72,3.0380132373547264,0.69,9411666.0,10906098.0,10839.672,101.75,26.55,2012,849.01,19.18,-0.19,-0.37
2012-09-12,panzhihua,攀枝花,Panzhihua,43.17,18.84,20.36,16.63,1.2255222989155046,0.77,3566508.0,4132970.0,11291.828,101.75,26.55,2012,851.72,16.83,-0.42,-0.45
2012-09-13,panzhihua,攀枝花,Panzhihua,6.65,16.93,18.87,13.26,2.382165227243787,0.53,7436936.0,8617292.0,11993.078,101.75,26.55,2012,854.92,12.77,0.35,-0.08
2012-09-14,panzhihua,攀枝花,Panzhihua,0.59,19.13,21.32,13.5,3.6813539112367626,0.28,11284242.0,13074812.0,12546.734,101.75,26.55,2012,852.91,12.83,0.03,-0.02
2012-09-15,panzhihua,攀枝花,Panzhihua,3.29,17.61,18.57,16.58,1.2896915419989294,0.53,3653112.0,4232514.0,12748.234,101.75,26.55,2012,851.65,13.92,-0.05,-0.41
2012-09-16,panzhihua,攀枝花,Panzhihua,1.88,18.26,19.11,16.58,1.41710124035012,0.53,4326746.0,5010818.0,12627.9375,101.75,26.55,2012,851.94,16.08,-0.26,-0.05
2012-09-17,panzhihua,攀枝花,Panzhihua,3.44,19.96,23.11,17.52,3.1671881718800594,0.71,9736742.0,11271406.0,12451.422,101.75,26.55,2012,851.1,17.03,-0.39,-0.49
2012-09-18,panzhihua,攀枝花,Panzhihua,13.6,20.08,23.7,17.35,3.322175609239149,0.83,10208070.0,11811824.0,12329.969,101.75,26.55,2012,848.71,17.1,-0.72,-0.34
2012-09-19,panzhihua,攀枝花,Panzhihua,6.04,18.46,19.58,17.5,1.5961144206437607,0.6,4778036.0,5526344.0,12391.844,101.75,26.55,2012,849.28,15.77,-0.45,-0.2
2012-09-20,panzhihua,攀枝花,Panzhihua,0.23,21.57,25.61,18.05,3.4318965861692803,0.55,10068856.0,11640668.0,12571.07,101.75,26.55,2012,847.21,17.42,-0.01,-0.19
2012-09-21,panzhihua,攀枝花,Panzhihua,3.94,22.14,25.19,19.03,4.302895385098855,0.66,12580318.0,14537868.0,12744.07,101.75,26.55,2012,848.69,17.54,0.01,-0.3
2012-09-22,panzhihua,攀枝花,Panzhihua,1.77,21.95,25.04,19.07,4.199542801557787,0.58,12475378.0,14410220.0,12836.109,101.75,26.55,2012,847.9,18.02,-0.1,-0.31
2012-09-23,panzhihua,攀枝花,Panzhihua,1.62,22.56,26.0,19.67,4.996886961757955,0.74,14670694.0,16939108.0,12807.266,101.75,26.55,2012,847.44,17.97,0.16,-0.3
2012-09-24,panzhihua,攀枝花,Panzhihua,8.54,21.83,25.69,18.19,4.4585989060492,0.48,13528227.0,15613460.0,12720.109,101.75,26.55,2012,847.91,18.87,-0.25,-0.2
2012-09-25,panzhihua,攀枝花,Panzhihua,13.94,21.24,25.69,18.11,4.357007717035563,0.6,13546224.0,15627052.0,12607.6875,101.75,26.55,2012,850.52,19.02,-0.12,-0.19
2012-09-26,panzhihua,攀枝花,Panzhihua,17.29,20.37,24.58,17.99,3.8081527346051938,0.5,12091198.0,13943432.0,12548.625,101.75,26.55,2012,853.93,18.9,-0.26,-0.1
2012-09-27,panzhihua,攀枝花,Panzhihua,12.88,20.22,23.07,18.23,2.7484230302486106,0.58,8646349.0,9966061.0,12534.266,101.75,26.55,2012,855.22,18.55,-0.14,-0.38
2012-09-28,panzhihua,攀枝花,Panzhihua,9.87,19.38,20.12,18.31,1.5069757355693714,0.75,4383655.0,5049950.0,12529.344,101.75,26.55,2012,855.68,16.94,-0.34,-0.58
2012-09-29,panzhihua,攀枝花,Panzhihua,10.87,18.74,19.32,18.24,0.8901601706162792,0.46,2566447.0,2955589.0,12666.5,101.75,26.55,2012,854.66,16.56,-0.32,-0.06
2012-09-30,panzhihua,攀枝花,Panzhihua,7.89,19.53,22.03,17.96,2.548090789558166,0.63,7905351.5,9100704.0,12758.32,101.75,26.55,2012,853.62,17.0,-0.11,-0.57
2012-10-01,panzhihua,攀枝花,Panzhihua,3.28,19.53,21.18,18.18,1.9076237463657824,0.57,5503829.0,6332784.0,12744.961,101.75,26.55,2012,852.92,15.69,-0.16,-0.2
2012-10-02,panzhihua,攀枝花,Panzhihua,1.7,20.91,23.83,18.5,3.598199396942241,0.55,10972367.0,12619779.0,12680.805,101.75,26.55,2012,849.86,17.67,-0.0,-0.4
2012-10-03,panzhihua,攀枝花,Panzhihua,7.2,19.09,22.93,16.74,2.980302503404104,0.8,9399498.0,10805606.0,12448.766,101.75,26.55,2012,849.09,16.36,-0.36,-0.64
2012-10-04,panzhihua,攀枝花,Panzhihua,5.54,19.38,22.59,16.45,3.072954414477843,0.84,9529171.0,10950453.0,12202.609,101.75,26.55,2012,848.91,16.24,-0.62,-0.49
2012-10-05,panzhihua,攀枝花,Panzhihua,16.03,16.91,18.17,15.64,1.6026589652744136,1.14,4875478.0,5600383.5,12092.602,101.75,26.55,2012,853.12,14.48,-0.91,-0.66
2012-10-06,panzhihua,攀枝花,Panzhihua,10.3,17.23,18.42,15.65,1.6366981117194193,0.64,5272052.5,6054115.0,12255.656,101.75,26.55,2012,854.59,15.31,-0.57,-0.07
2012-10-07,panzhihua,攀枝花,Panzhihua,6.13,19.43,23.96,16.57,3.311332854062744,0.5,10676612.0,12253580.0,12530.977,101.75,26.55,2012,853.19,17.75,0.12,-0.15
2012-10-08,panzhihua,攀枝花,Panzhihua,3.07,21.11,24.8,16.62,4.540164585867101,0.83,13569628.0,15568328.0,12636.094,101.75,26.55,2012,852.46,16.22,0.47,-0.25
2012-10-09,panzhihua,攀枝花,Panzhihua,10.98,17.94,21.41,15.32,2.600496243467408,0.93,8318136.5,9537974.0,12485.234,101.75,26.55,2012,854.72,15.23,-0.37,-0.76
2012-10-10,panzhihua,攀枝花,Panzhihua,0.7,18.29,22.09,15.18,3.011584913894361,0.54,9643430.0,11053274.0,12197.914,101.75,26.55,2012,852.97,15.21,-0.06,-0.14
2012-10-11,panzhihua,攀枝花,Panzhihua,0.64,20.52,24.93,15.21,4.172998789958517,0.96,12269996.0,14057460.0,11734.297,101.75,26.55,2012,850.45,15.05,0.69,-0.2
2012-10-12,panzhihua,攀枝花,Panzhihua,2.51,18.76,22.43,14.79,2.847912536161359,0.61,9164762.0,10497010.0,11221.602,101.75,26.55,2012,850.71,16.47,0.4,-0.17
2012-10-13,panzhihua,攀枝花,Panzhihua,0.66,19.74,24.32,14.87,4.444021817829173,0.79,13788796.0,15784770.0,10773.211,101.75,26.55,2012,850.29,15.19,0.41,-0.0
2012-10-14,panzhihua,攀枝花,Panzhihua,0.2,20.15,24.96,14.99,4.976529167818762,0.8,15085296.0,17259856.0,10384.523,101.75,26.55,2012,850.68,14.11,0.48,0.01
2012-10-15,panzhihua,攀枝花,Panzhihua,0.01,20.1,24.99,14.9,5.192271689646792,0.7,15843150.0,18120408.0,10012.125,101.75,26.55,2012,851.84,13.83,0.39,-0.1
2012-10-16,panzhihua,攀枝花,Panzhihua,1.93,19.85,24.46,14.8,5.207412068155291,0.58,16070766.0,18367780.0,9604.602,101.75,26.55,2012,855.64,13.64,-0.11,-0.4
2012-10-17,panzhihua,攀枝花,Panzhihua,1.46,16.74,19.53,13.03,2.060708117652712,0.57,6724990.0,7681152.0,9146.07,101.75,26.55,2012,856.39,14.1,-0.02,-0.4
2012-10-18,panzhihua,攀枝花,Panzhihua,0.15,18.24,23.6,13.19,4.202894919627607,0.76,13126458.0,14981056.0,8686.796999999999,101.75,26.55,2012,852.39,12.35,0.35,-0.08
2012-10-19,panzhihua,攀枝花,Panzhihua,0.0,18.85,24.35,13.13,5.182419686621251,0.67,16198228.0,18475088.0,8195.703000000001,101.75,26.55,2012,852.42,12.03,0.21,-0.13
2012-10-20,panzhihua,攀枝花,Panzhihua,0.0,18.55,24.06,13.15,5.406871011784714,0.6,17085382.0,19474440.0,7662.1875,101.75,26.55,2012,852.97,11.44,0.07,-0.21
2012-10-21,panzhihua,攀枝花,Panzhihua,0.0,18.42,23.43,13.46,5.187874809539041,0.59,16411352.0,18693812.0,7135.9919999999975,101.75,26.55,2012,854.39,11.4,0.02,-0.25
2012-10-22,panzhihua,攀枝花,Panzhihua,0.0,18.06,22.94,11.83,4.762276234807682,0.38,15298988.0,17418048.0,6632.9609999999975,101.75,26.55,2012,855.36,11.57,-0.0,-0.09
2012-10-23,panzhihua,攀枝花,Panzhihua,0.0,18.23,23.98,11.6,5.223796133931947,0.73,16379596.0,18633476.0,6159.4062,101.75,26.55,2012,851.81,10.47,0.28,-0.02
2012-10-24,panzhihua,攀枝花,Panzhihua,0.0,17.69,22.97,12.73,5.154458035414966,0.6,16509124.0,18768080.0,5723.0938,101.75,26.55,2012,850.74,10.18,0.15,-0.17
2012-10-25,panzhihua,攀枝花,Panzhihua,0.0,18.95,24.29,12.47,5.519409330938479,0.88,16407250.0,18639228.0,5325.703,101.75,26.55,2012,850.62,8.53,0.53,0.21
2012-10-26,panzhihua,攀枝花,Panzhihua,0.0,17.73,22.92,12.93,5.381593743786997,0.5,17307950.0,19649152.0,4968.9453,101.75,26.55,2012,853.12,9.69,-0.01,-0.18
2012-10-27,panzhihua,攀枝花,Panzhihua,0.0,17.81,22.9,12.77,5.183257517333546,0.45,16687812.0,18933122.0,4650.7656,101.75,26.55,2012,854.77,10.12,-0.15,-0.12
2012-10-28,panzhihua,攀枝花,Panzhihua,0.01,18.43,23.26,13.43,4.907294729542605,0.48,15634238.0,17724934.0,4365.3203,101.75,26.55,2012,854.16,11.67,-0.13,-0.09
2012-10-29,panzhihua,攀枝花,Panzhihua,0.14,18.81,24.12,13.43,5.1549389132033205,0.67,16145134.0,18291884.0,4111.5312,101.75,26.55,2012,853.17,11.59,-0.17,-0.28
2012-10-30,panzhihua,攀枝花,Panzhihua,0.79,16.61,18.82,13.31,2.26330460388134,0.81,6522668.0,7384904.0,3889.2266,101.75,26.55,2012,856.96,10.58,-0.11,-0.73
2012-10-31,panzhihua,攀枝花,Panzhihua,0.26,15.68,18.78,11.31,2.8474934277771937,0.43,9320904.0,10547268.0,3713.2422,101.75,26.55,2012,856.02,9.55,0.07,-0.0
2012-11-01,panzhihua,攀枝花,Panzhihua,0.04,15.73,20.27,11.16,3.203414474362352,0.49,10641294.0,12030732.0,3576.9375,101.75,26.55,2012,852.07,10.17,0.06,-0.27
2012-11-02,panzhihua,攀枝花,Panzhihua,0.0,16.66,22.12,10.12,4.509915202971254,0.62,14656290.0,16560216.0,3445.7031,101.75,26.55,2012,849.68,9.08,0.19,-0.17
2012-11-03,panzhihua,攀枝花,Panzhihua,0.11,17.37,22.45,12.02,5.026995074845798,0.52,16138544.0,18222984.0,3314.25,101.75,26.55,2012,853.17,8.39,0.05,-0.28
2012-11-04,panzhihua,攀枝花,Panzhihua,1.14,15.68,20.11,11.37,3.550408900745869,0.77,11757066.0,13266120.0,3188.4531,101.75,26.55,2012,851.36,10.06,0.17,-0.39
2012-11-05,panzhihua,攀枝花,Panzhihua,0.22,15.85,20.55,10.74,3.8608146757358974,0.57,12847122.0,14486836.0,3075.211,101.75,26.55,2012,851.46,9.47,0.01,-0.23
2012-11-06,panzhihua,攀枝花,Panzhihua,0.01,16.46,21.13,10.46,3.3448464188978027,0.53,11038970.0,12439192.0,2975.6797,101.75,26.55,2012,850.71,11.31,-0.01,-0.18
2012-11-07,panzhihua,攀枝花,Panzhihua,0.11,18.33,23.6,12.48,3.6967066787901657,0.71,11475814.0,12922808.0,2883.9531,101.75,26.55,2012,848.25,12.28,0.43,0.12
2012-11-08,panzhihua,攀枝花,Panzhihua,0.24,18.59,23.69,13.02,4.819683261968518,1.25,13602616.0,15307772.0,2800.4062,101.75,26.55,2012,847.02,8.36,0.91,0.45
2012-11-09,panzhihua,攀枝花,Panzhihua,0.04,17.77,22.97,11.46,5.1752573426511885,1.23,14904928.0,16762156.0,2732.8906,101.75,26.55,2012,849.19,6.08,0.81,0.55
2012-11-10,panzhihua,攀枝花,Panzhihua,0.0,16.69,22.0,11.0,4.902850591382808,0.56,15683488.0,17626088.0,2680.3281,101.75,26.55,2012,853.96,5.6,-0.01,-0.03
2012-11-11,panzhihua,攀枝花,Panzhihua,0.0,16.23,21.91,10.47,4.677780770538464,0.79,14655650.0,16459916.0,2630.4062,101.75,26.55,2012,853.18,5.18,0.12,-0.04
2012-11-12,panzhihua,攀枝花,Panzhihua,0.0,16.74,22.59,10.1,4.861742888948493,0.71,15366698.0,17246944.0,2578.8984,101.75,26.55,2012,853.96,6.18,0.07,0.02
2012-11-13,panzhihua,攀枝花,Panzhihua,0.0,17.42,23.09,11.29,4.9920149550737625,0.8,15256424.0,17111816.0,2532.289,101.75,26.55,2012,851.68,5.93,0.4,0.07
2012-11-14,panzhihua,攀枝花,Panzhihua,0.0,18.11,23.5,11.21,4.845355805165784,0.98,14075282.0,15776200.0,2491.336,101.75,26.55,2012,850.5,6.49,0.46,0.27
2012-11-15,panzhihua,攀枝花,Panzhihua,0.01,17.62,23.28,12.19,4.608857565363516,0.75,14141874.0,15840308.0,2451.8203,101.75,26.55,2012,852.7,7.48,0.02,0.09
2012-11-16,panzhihua,攀枝花,Panzhihua,0.02,16.18,21.23,10.79,4.2878044580860895,0.97,13288520.0,14881544.0,2412.3203,101.75,26.55,2012,857.02,6.72,-0.57,-0.64
2012-11-17,panzhihua,攀枝花,Panzhihua,0.0,15.48,20.47,10.59,4.003337995305795,0.56,13154136.0,14728148.0,2375.414,101.75,26.55,2012,854.78,6.37,-0.05,-0.15
2012-11-18,panzhihua,攀枝花,Panzhihua,0.0,16.37,22.17,10.64,4.625605383415978,0.63,14855842.0,16629756.0,2343.9766,101.75,26.55,2012,851.29,6.09,0.17,-0.19
2012-11-19,panzhihua,攀枝花,Panzhihua,0.0,18.26,24.33,10.7,5.228967451625235,0.92,15029432.0,16820556.0,2315.1797,101.75,26.55,2012,850.01,3.94,0.69,0.2
2012-11-20,panzhihua,攀枝花,Panzhihua,0.0,18.99,24.68,11.79,4.880741571638994,1.36,13188690.0,14756896.0,2286.0156,101.75,26.55,2012,849.38,7.66,1.0,0.57
2012-11-21,panzhihua,攀枝花,Panzhihua,0.0,18.71,24.44,12.16,5.098504561492455,1.27,14144432.0,15823272.0,2255.914,101.75,26.55,2012,848.37,6.84,0.9,0.42
2012-11-22,panzhihua,攀枝花,Panzhihua,0.0,18.58,23.98,12.33,5.168135918380164,1.24,14212672.0,15896312.0,2226.1094,101.75,26.55,2012,848.67,5.57,0.8,0.15
2012-11-23,panzhihua,攀枝花,Panzhihua,0.0,16.68,22.23,11.75,4.348236198154627,0.84,13227488.0,14791724.0,2197.7969,101.75,26.55,2012,850.23,5.73,0.06,-0.48
2012-11-24,panzhihua,攀枝花,Panzhihua,0.0,18.09,24.45,11.58,5.313300075013293,1.41,14385760.0,16083232.0,2170.7422,101.75,26.55,2012,848.64,4.27,1.12,0.44
2012-11-25,panzhihua,攀枝花,Panzhihua,0.01,17.9,23.55,9.63,4.943337366219347,1.41,13176556.0,14728096.0,2145.4766,101.75,26.55,2012,850.41,4.53,0.74,0.4
2012-11-26,panzhihua,攀枝花,Panzhihua,0.01,12.77,17.84,7.8,3.1294570424809,0.96,10350874.0,11567364.0,2123.2422,101.75,26.55,2012,851.63,4.79,-0.47,-0.58
2012-11-27,panzhihua,攀枝花,Panzhihua,0.0,17.41,23.2,9.33,4.9160382653014025,1.46,13436538.0,15012380.0,2103.8594,101.75,26.55,2012,848.43,4.84,1.0,0.61
2012-11-28,panzhihua,攀枝花,Panzhihua,0.0,16.59,22.14,11.3,4.629581420118503,0.92,13885434.0,15510764.0,2088.7266,101.75,26.55,2012,849.07,4.19,0.46,0.01
2012-11-29,panzhihua,攀枝花,Panzhihua,0.0,17.01,22.54,10.83,5.037849991259856,1.13,14130528.0,15781316.0,2076.8828,101.75,26.55,2012,848.32,1.51,0.88,0.14
2012-11-30,panzhihua,攀枝花,Panzhihua,0.0,17.05,23.22,10.54,5.220378447858842,1.35,14233284.0,15892716.0,2067.375,101.75,26.55,2012,847.86,1.46,1.11,0.23
2012-12-01,panzhihua,攀枝花,Panzhihua,0.0,15.4,21.93,8.44,4.505117924038236,0.89,13951476.0,15574852.0,2059.7031,101.75,26.55,2012,851.15,2.86,-0.0,-0.56
2012-12-02,panzhihua,攀枝花,Panzhihua,0.0,14.21,20.39,8.05,4.20796200540284,0.62,14008188.0,15634824.0,2050.375,101.75,26.55,2012,852.33,2.76,-0.19,-0.39
2012-12-03,panzhihua,攀枝花,Panzhihua,0.0,15.36,21.43,9.41,4.4415261606821135,0.68,13975112.0,15594716.0,2036.4844,101.75,26.55,2012,850.35,1.46,0.17,-0.34
2012-12-04,panzhihua,攀枝花,Panzhihua,0.0,15.55,22.03,7.91,4.53724205282905,0.84,13961238.0,15575872.0,2018.7031,101.75,26.55,2012,849.99,2.09,0.1,-0.33
2012-12-05,panzhihua,攀枝花,Panzhihua,0.0,12.52,16.52,7.36,3.019490738177072,0.82,9907510.0,11050832.0,1999.2188,101.75,26.55,2012,854.85,3.32,0.02,-0.75
2012-12-06,panzhihua,攀枝花,Panzhihua,0.0,13.7,19.18,8.37,3.89711124736481,0.55,13617240.0,15185676.0,1979.0312,101.75,26.55,2012,851.83,5.61,0.04,-0.33
2012-12-07,panzhihua,攀枝花,Panzhihua,0.0,14.0,19.08,9.09,2.8884321669466764,0.57,9555938.0,10654332.0,1958.8203,101.75,26.55,2012,851.78,5.92,-0.03,-0.26
2012-12-08,panzhihua,攀枝花,Panzhihua,0.01,13.78,18.45,9.33,2.8033669860811408,0.58,9519058.0,10610812.0,1939.1719,101.75,26.55,2012,850.25,7.13,0.01,-0.31
2012-12-09,panzhihua,攀枝花,Panzhihua,0.0,14.35,19.84,9.02,3.2241905999715006,0.78,10294466.0,11472856.0,1920.7188,101.75,26.55,2012,848.26,5.53,0.11,-0.14
2012-12-10,panzhihua,攀枝花,Panzhihua,0.01,13.91,19.12,8.72,3.3991996383784264,0.74,11030636.0,12290564.0,1905.8594,101.75,26.55,2012,849.87,4.22,-0.01,-0.19
2012-12-11,panzhihua,攀枝花,Panzhihua,0.0,13.48,18.81,8.54,3.2728603600712605,0.72,10740450.0,11965260.0,1895.1016,101.75,26.55,2012,850.88,3.96,-0.05,-0.27
2012-12-12,panzhihua,攀枝花,Panzhihua,0.0,15.37,20.7,8.1,4.45412817811064,1.05,13278086.0,14788848.0,1886.9141,101.75,26.55,2012,849.78,2.02,0.78,0.55
2012-12-13,panzhihua,攀枝花,Panzhihua,0.0,15.34,20.42,9.53,4.603697888013719,1.34,13129356.0,14620000.0,1879.1562,101.75,26.55,2012,851.57,1.55,0.86,0.62
2012-12-14,panzhihua,攀枝花,Panzhihua,0.0,15.39,21.09,8.86,4.840420886579494,1.34,13721484.0,15276320.0,1869.0469,101.75,26.55,2012,852.44,0.21,0.98,0.59
2012-12-15,panzhihua,攀枝花,Panzhihua,0.0,13.96,20.15,7.78,4.250071108506432,0.76,13779062.0,15337216.0,1855.3672,101.75,26.55,2012,852.58,0.83,0.23,0.14
2012-12-16,panzhihua,攀枝花,Panzhihua,0.0,13.81,19.93,7.21,4.161712992664647,0.65,13789588.0,15348976.0,1838.8359,101.75,26.55,2012,851.24,1.1,0.23,-0.32
2012-12-17,panzhihua,攀枝花,Panzhihua,0.0,13.6,20.48,6.38,4.213455900796023,0.88,13680670.0,15227820.0,1821.0547,101.75,26.55,2012,851.46,1.26,-0.2,-0.67
2012-12-18,panzhihua,攀枝花,Panzhihua,0.0,11.84,17.36,6.24,3.761320432374887,0.83,13262770.0,14762548.0,1803.6484,101.75,26.55,2012,853.74,2.39,0.01,-0.65
2012-12-19,panzhihua,攀枝花,Panzhihua,0.0,15.26,21.76,6.9,4.413838423492279,1.2,12878638.0,14335112.0,1786.2422,101.75,26.55,2012,845.9,2.1,0.99,-0.01
2012-12-20,panzhihua,攀枝花,Panzhihua,0.0,15.82,22.38,9.41,4.8961312136262976,1.42,13559380.0,15092900.0,1767.9219,101.75,26.55,2012,847.52,0.75,1.19,0.17
2012-12-21,panzhihua,攀枝花,Panzhihua,0.0,15.86,22.13,8.72,4.775096484204632,1.09,13583302.0,15119576.0,1748.8594,101.75,26.55,2012,850.19,-0.73,0.92,-0.02
2012-12-22,panzhihua,攀枝花,Panzhihua,0.05,11.73,18.69,3.86,4.083726216279759,1.27,13665294.0,15210964.0,1729.9219,101.75,26.55,2012,853.54,0.6,-0.62,-0.98
2012-12-23,panzhihua,攀枝花,Panzhihua,0.06,6.91,10.58,3.57,1.913326697320532,0.82,7234692.0,8056344.0,1712.3359,101.75,26.55,2012,859.38,-0.28,0.04,-0.75
2012-12-24,panzhihua,攀枝花,Panzhihua,0.0,10.4,16.5,3.81,3.627436414814276,0.6,13764582.0,15327520.0,1695.6172,101.75,26.55,2012,852.51,1.85,0.06,-0.26
2012-12-25,panzhihua,攀枝花,Panzhihua,0.0,13.67,20.71,5.56,4.461369166339171,0.96,13857764.0,15428808.0,1679.2578,101.75,26.55,2012,849.92,-2.1,0.63,0.3
2012-12-26,panzhihua,攀枝花,Panzhihua,0.0,13.17,19.12,6.58,4.346702597790108,1.33,13145748.0,14634312.0,1663.7109,101.75,26.55,2012,850.09,-0.77,0.91,0.62
2012-12-27,panzhihua,攀枝花,Panzhihua,0.0,12.15,18.46,5.68,4.015621718272446,0.74,13948120.0,15526732.0,1648.9531,101.75,26.55,2012,851.23,0.73,0.22,-0.18
2012-12-28,panzhihua,攀枝花,Panzhihua,0.0,14.22,20.46,6.55,4.747851041721277,1.32,13962608.0,15542464.0,1634.125,101.75,26.55,2012,847.59,-1.16,1.02,0.15
2012-12-29,panzhihua,攀枝花,Panzhihua,0.03,7.67,15.78,1.0,3.248345518726595,1.81,11193090.0,12459120.0,1619.2969,101.75,26.55,2012,854.08,-3.21,-0.78,-1.56
2012-12-30,panzhihua,攀枝花,Panzhihua,0.07,3.37,5.87,0.85,1.7257271924084374,1.29,6416670.0,7160788.0,1605.25,101.75,26.55,2012,856.46,-5.03,-0.12,-1.27
2012-12-31,panzhihua,攀枝花,Panzhihua,0.0,6.64,9.69,2.41,2.0213957788425216,0.92,7309280.0,8157684.0,1591.5703,101.75,26.55,2012,852.03,-2.1,0.13,-0.89
2013-01-01,panzhihua,攀枝花,Panzhihua,0.0,9.94,15.55,4.69,2.7339285052269338,0.57,10210618.0,11380584.0,1577.9844,101.75,26.55,2013,850.7,2.06,0.11,-0.42
2013-01-02,panzhihua,攀枝花,Panzhihua,0.03,12.86,19.91,5.25,4.082754988924112,0.79,14033440.0,15629560.0,1564.1562,101.75,26.55,2013,850.35,2.6,0.17,-0.54
2013-01-03,panzhihua,攀枝花,Panzhihua,0.68,9.19,12.79,4.68,2.304730271706464,1.08,8644168.0,9623412.0,1551.0,101.75,26.55,2013,852.22,3.73,-0.33,-0.82
2013-01-04,panzhihua,攀枝花,Panzhihua,0.04,14.25,20.2,7.27,4.367096814879444,1.55,12560848.0,13982932.0,1539.5156,101.75,26.55,2013,847.66,1.55,1.24,0.3
2013-01-05,panzhihua,攀枝花,Panzhihua,0.0,14.93,21.2,8.11,4.94292257332149,1.35,14054480.0,15645120.0,1529.1719,101.75,26.55,2013,847.72,-1.57,1.0,0.39
2013-01-06,panzhihua,攀枝花,Panzhihua,0.0,15.1,21.57,7.85,5.2595697474143295,1.41,14550164.0,16196688.0,1518.3125,101.75,26.55,2013,848.22,-4.03,1.13,0.38
2013-01-07,panzhihua,攀枝花,Panzhihua,0.0,14.86,21.11,7.65,5.297248107693899,1.67,14655922.0,16314316.0,1506.2344,101.75,26.55,2013,847.09,-2.15,1.23,0.65
2013-01-08,panzhihua,攀枝花,Panzhihua,0.01,13.27,18.97,2.6,4.529519026898004,1.69,12749682.0,14192248.0,1493.6719,101.75,26.55,2013,848.82,-1.84,0.71,0.24
2013-01-09,panzhihua,攀枝花,Panzhihua,0.02,6.82,10.05,2.01,2.3393286419679336,1.04,8739660.0,9733568.0,1482.2031,101.75,26.55,2013,851.95,-1.75,-0.56,-0.78
2013-01-10,panzhihua,攀枝花,Panzhihua,1.58,9.06,14.1,4.36,2.8378168292264028,0.89,10845470.0,12075712.0,1472.25,101.75,26.55,2013,850.46,1.96,-0.1,-0.85
2013-01-11,panzhihua,攀枝花,Panzhihua,7.51,6.28,9.71,3.02,1.7401609979112662,1.02,7598066.0,8458688.0,1466.9531,101.75,26.55,2013,854.19,2.87,-0.38,-0.93
2013-01-12,panzhihua,攀枝花,Panzhihua,0.02,7.0,11.73,3.4,1.933885830761154,0.6,7947670.0,8847628.0,1467.4375,101.75,26.55,2013,854.23,1.58,0.08,-0.51
2013-01-13,panzhihua,攀枝花,Panzhihua,0.0,9.41,15.25,3.19,3.6145828064976366,0.67,14396946.0,16027252.0,1467.6719,101.75,26.55,2013,850.91,2.33,0.17,-0.52
2013-01-14,panzhihua,攀枝花,Panzhihua,0.02,11.97,17.9,4.87,3.4154884701340467,0.81,11872820.0,13216932.0,1458.7031,101.75,26.55,2013,849.48,3.03,0.3,-0.36
2013-01-15,panzhihua,攀枝花,Panzhihua,0.01,10.7,16.25,5.43,3.22036237455268,0.77,11999084.0,13357024.0,1444.7812,101.75,26.55,2013,852.75,3.56,0.14,-0.61
2013-01-16,panzhihua,攀枝花,Panzhihua,0.0,11.18,18.18,3.44,4.006391652880322,0.89,14764852.0,16438316.0,1428.5,101.75,26.55,2013,853.47,2.57,-0.12,-0.77
2013-01-17,panzhihua,攀枝花,Panzhihua,0.01,9.07,13.36,3.22,2.5271725338473634,0.85,9549946.0,10631988.0,1411.9062,101.75,26.55,2013,858.21,2.41,-0.08,-0.81
2013-01-18,panzhihua,攀枝花,Panzhihua,0.01,11.14,17.16,5.94,2.772809734277736,0.55,10225668.0,11386876.0,1397.1875,101.75,26.55,2013,854.77,4.53,-0.04,-0.39
2013-01-19,panzhihua,攀枝花,Panzhihua,0.0,15.89,24.04,5.57,5.264863088224048,1.23,15363348.0,17111616.0,1382.6875,101.75,26.55,2013,850.17,0.36,1.04,0.35
2013-01-20,panzhihua,攀枝花,Panzhihua,0.0,16.14,22.74,9.0,5.716084070651505,1.53,15645606.0,17428440.0,1368.1875,101.75,26.55,2013,851.3,-2.18,1.17,0.59
2013-01-21,panzhihua,攀枝花,Panzhihua,0.0,15.71,21.83,8.6,5.3767976950378085,1.23,15299394.0,17045300.0,1356.8281,101.75,26.55,2013,853.11,-2.82,0.86,0.5
2013-01-22,panzhihua,攀枝花,Panzhihua,0.0,14.64,20.97,7.93,5.155739963325874,0.98,15779624.0,17582596.0,1349.9531,101.75,26.55,2013,853.44,-3.3,0.47,0.18
2013-01-23,panzhihua,攀枝花,Panzhihua,0.0,14.79,21.47,7.05,5.285941483298894,1.03,15901412.0,17720728.0,1344.9062,101.75,26.55,2013,851.73,-4.37,0.62,0.4
2013-01-24,panzhihua,攀枝花,Panzhihua,0.0,13.31,19.67,6.64,4.772328852980661,0.72,15812402.0,17624000.0,1338.2031,101.75,26.55,2013,852.38,-2.98,0.06,-0.49
2013-01-25,panzhihua,攀枝花,Panzhihua,0.0,14.59,21.35,6.13,5.468108910190677,1.11,16289402.0,18158156.0,1328.5469,101.75,26.55,2013,850.28,-6.18,0.65,0.32
2013-01-26,panzhihua,攀枝花,Panzhihua,0.0,11.79,17.47,5.96,4.657252295481484,0.83,15979720.0,17815644.0,1316.9688,101.75,26.55,2013,853.65,-3.8,-0.26,-0.7
2013-01-27,panzhihua,攀枝花,Panzhihua,0.01,12.74,18.69,5.62,4.438300277617215,0.86,14702876.0,16393688.0,1304.6406,101.75,26.55,2013,853.22,-1.46,0.16,-0.49
2013-01-28,panzhihua,攀枝花,Panzhihua,0.0,14.12,20.98,6.8,5.097228961528066,0.78,16309774.0,18188372.0,1291.3438,101.75,26.55,2013,852.7,-4.08,0.25,-0.05
2013-01-29,panzhihua,攀枝花,Panzhihua,0.0,15.66,22.27,7.82,5.0934795531473664,0.88,15043580.0,16778580.0,1277.2031,101.75,26.55,2013,851.67,-4.1,0.68,0.09
2013-01-30,panzhihua,攀枝花,Panzhihua,0.0,15.79,22.26,8.54,5.7768557034864285,1.23,16717498.0,18648284.0,1262.9219,101.75,26.55,2013,851.74,-3.45,0.72,0.36
2013-01-31,panzhihua,攀枝花,Panzhihua,0.0,15.0,21.58,8.79,5.3586397242278005,0.97,16499892.0,18408004.0,1249.3594,101.75,26.55,2013,853.24,-2.32,0.56,0.12
2013-02-01,panzhihua,攀枝花,Panzhihua,0.0,15.69,22.32,7.78,5.476297110451154,0.77,16859180.0,18811580.0,1236.625,101.75,26.55,2013,853.44,-3.81,0.43,-0.23
2013-02-02,panzhihua,攀枝花,Panzhihua,0.0,16.32,21.79,9.82,4.946380367156851,1.03,13753624.0,15348604.0,1224.7031,101.75,26.55,2013,852.5,-2.87,0.75,0.37
2013-02-03,panzhihua,攀枝花,Panzhihua,0.0,15.29,20.88,9.01,4.674708824584154,1.27,12816196.0,14304292.0,1213.8125,101.75,26.55,2013,852.83,-1.78,0.73,0.58
2013-02-04,panzhihua,攀枝花,Panzhihua,0.01,15.3,21.44,8.25,5.575406151823037,1.25,16484358.0,18401080.0,1203.6094,101.75,26.55,2013,852.61,-2.04,0.67,0.72
2013-02-05,panzhihua,攀枝花,Panzhihua,0.0,15.82,23.07,7.08,5.495125950386039,0.7,17288326.0,19301122.0,1194.0,101.75,26.55,2013,853.78,-1.52,0.22,-0.06
2013-02-06,panzhihua,攀枝花,Panzhihua,0.0,19.37,27.73,8.59,6.638994438853668,1.31,17359642.0,19383452.0,1183.9375,101.75,26.55,2013,847.95,-2.07,1.02,0.48
2013-02-07,panzhihua,攀枝花,Panzhihua,0.0,20.6,27.69,11.13,6.755950732703017,1.35,16982364.0,18964766.0,1173.125,101.75,26.55,2013,847.51,-0.88,1.01,0.45
2013-02-08,panzhihua,攀枝花,Panzhihua,0.0,21.08,27.73,12.99,6.917929672719407,1.6,16765812.0,18725738.0,1162.5,101.75,26.55,2013,848.59,0.96,1.16,0.64
2013-02-09,panzhihua,攀枝花,Panzhihua,0.02,18.49,24.8,10.27,5.298876446406948,1.64,13077802.0,14608476.0,1154.0625,101.75,26.55,2013,850.35,3.0,0.74,1.21
2013-02-10,panzhihua,攀枝花,Panzhihua,0.0,17.92,23.93,9.51,6.3072832883029175,1.36,17502058.0,19553248.0,1148.8125,101.75,26.55,2013,850.36,0.32,0.69,0.87
2013-02-11,panzhihua,攀枝花,Panzhihua,0.0,19.13,25.63,10.66,6.737383149980838,1.41,17739280.0,19821076.0,1146.5938,101.75,26.55,2013,850.31,-1.2,0.89,0.72
2013-02-12,panzhihua,攀枝花,Panzhihua,0.0,19.77,26.44,11.52,6.885187772860308,1.34,17663176.0,19738828.0,1148.375,101.75,26.55,2013,850.21,-3.38,0.94,0.57
2013-02-13,panzhihua,攀枝花,Panzhihua,0.0,20.22,27.06,11.87,7.448861740403433,1.77,17789734.0,19882984.0,1154.6875,101.75,26.55,2013,848.78,-4.41,1.03,1.13
2013-02-14,panzhihua,攀枝花,Panzhihua,0.0,19.99,26.41,11.97,7.231108641670869,1.72,17712322.0,19799176.0,1164.9688,101.75,26.55,2013,849.3,-2.37,0.94,1.11
2013-02-15,panzhihua,攀枝花,Panzhihua,0.0,20.06,26.17,12.32,7.073601579614492,1.53,17828770.0,19932238.0,1176.4062,101.75,26.55,2013,850.32,-1.54,0.94,0.85
2013-02-16,panzhihua,攀枝花,Panzhihua,0.0,20.42,26.76,11.84,7.344297385403888,1.51,18441852.0,20623364.0,1183.75,101.75,26.55,2013,849.24,-2.47,0.97,0.79
2013-02-17,panzhihua,攀枝花,Panzhihua,0.0,20.84,27.35,12.89,6.713307950919432,1.63,16211012.0,18133416.0,1183.1562,101.75,26.55,2013,846.22,1.53,0.5,1.33
2013-02-18,panzhihua,攀枝花,Panzhihua,0.29,16.99,23.15,10.34,3.9169500833579054,1.8,9378818.0,10493528.0,1176.1562,101.75,26.55,2013,847.16,5.85,1.52,0.4
2013-02-19,panzhihua,攀枝花,Panzhihua,0.0,17.39,23.26,9.82,6.235840955214094,1.4,17760300.0,19878048.0,1165.875,101.75,26.55,2013,850.22,1.32,0.89,0.73
2013-02-20,panzhihua,攀枝花,Panzhihua,0.0,18.58,25.59,9.85,6.633476610984388,1.1,18580704.0,20802052.0,1157.0,101.75,26.55,2013,850.19,-1.55,0.51,0.64
2013-02-21,panzhihua,攀枝花,Panzhihua,0.0,19.22,25.63,9.67,6.661861645727012,1.31,17264934.0,19334344.0,1156.625,101.75,26.55,2013,851.61,-3.57,0.37,0.72
2013-02-22,panzhihua,攀枝花,Panzhihua,0.0,16.05,22.65,8.02,5.931866235502879,0.72,18693306.0,20939522.0,1169.5,101.75,26.55,2013,855.65,-1.42,-0.2,-0.54
2013-02-23,panzhihua,攀枝花,Panzhihua,0.0,20.03,27.28,9.92,6.901949217679119,1.02,18934750.0,21215874.0,1194.8438,101.75,26.55,2013,852.69,-0.61,0.67,0.32
2013-02-24,panzhihua,攀枝花,Panzhihua,0.0,21.27,28.64,11.99,7.416730357556857,1.05,19539326.0,21899560.0,1224.5,101.75,26.55,2013,850.96,-3.11,0.71,0.43
2013-02-25,panzhihua,攀枝花,Panzhihua,0.0,21.36,28.25,13.36,7.867089212604974,1.55,19279930.0,21615042.0,1244.0938,101.75,26.55,2013,850.13,-3.45,0.88,1.05
2013-02-26,panzhihua,攀枝花,Panzhihua,0.0,20.87,27.41,12.4,7.415333359698613,1.08,19784812.0,22187174.0,1244.875,101.75,26.55,2013,850.4,-2.19,0.51,0.37
2013-02-27,panzhihua,攀枝花,Panzhihua,0.0,21.39,27.79,12.69,7.3620530961197055,0.96,19837126.0,22252080.0,1229.1562,101.75,26.55,2013,848.27,-0.74,0.64,0.08
2013-02-28,panzhihua,攀枝花,Panzhihua,0.0,22.27,30.12,13.86,8.198332390060562,1.62,20005742.0,22447532.0,1203.8438,101.75,26.55,2013,845.28,-0.56,1.25,0.65
2013-03-01,panzhihua,攀枝花,Panzhihua,0.0,22.63,29.49,14.36,8.32208519195555,1.51,20224198.0,22699006.0,1175.2188,101.75,26.55,2013,848.78,-2.34,1.1,0.51
2013-03-02,panzhihua,攀枝花,Panzhihua,0.0,20.2,28.37,8.16,7.503513815684862,1.16,20352568.0,22849542.0,1147.375,101.75,26.55,2013,853.08,-1.63,-0.42,-0.9
2013-03-03,panzhihua,攀枝花,Panzhihua,0.09,16.83,22.98,7.9,6.563516060097745,1.14,20248448.0,22738996.0,1122.5,101.75,26.55,2013,856.36,2.53,-0.11,-0.98
2013-03-04,panzhihua,攀枝花,Panzhihua,0.08,17.08,22.51,11.84,4.461801936473677,0.85,13230028.0,14861111.0,1103.0312,101.75,26.55,2013,855.34,5.16,-0.17,-0.67
2013-03-05,panzhihua,攀枝花,Panzhihua,0.01,18.76,25.2,11.71,6.283554284744785,0.82,18721198.0,21035364.0,1088.9375,101.75,26.55,2013,854.22,4.1,0.45,-0.32
2013-03-06,panzhihua,攀枝花,Panzhihua,0.05,20.05,28.12,11.87,7.601624615369237,1.49,20350358.0,22872770.0,1077.9062,101.75,26.55,2013,853.37,1.07,-0.38,-0.39
2013-03-07,panzhihua,攀枝花,Panzhihua,0.0,17.59,22.8,11.62,5.366721359848622,0.66,16333528.0,18362776.0,1070.5,101.75,26.55,2013,856.52,3.06,-0.21,-0.23
2013-03-08,panzhihua,攀枝花,Panzhihua,0.0,19.64,26.96,11.18,7.166671100905683,1.04,20473872.0,23024414.0,1067.6562,101.75,26.55,2013,850.55,2.39,0.59,0.02
2013-03-09,panzhihua,攀枝花,Panzhihua,0.0,20.71,27.12,12.08,7.857489758220428,1.23,20862948.0,23468606.0,1068.5312,101.75,26.55,2013,847.59,-2.53,0.48,0.48
2013-03-10,panzhihua,攀枝花,Panzhihua,0.0,21.77,27.66,12.9,7.828084761876793,1.04,20844038.0,23453968.0,1070.0938,101.75,26.55,2013,848.55,-0.95,0.84,0.29
2013-03-11,panzhihua,攀枝花,Panzhihua,0.0,21.65,28.45,14.65,8.44823990170017,1.91,20707556.0,23307008.0,1067.9688,101.75,26.55,2013,847.52,0.38,1.28,1.15
2013-03-12,panzhihua,攀枝花,Panzhihua,0.07,20.23,26.07,13.37,7.437362670530247,1.48,19803072.0,22295224.0,1060.9688,101.75,26.55,2013,848.31,2.04,0.86,0.53
2013-03-13,panzhihua,攀枝花,Panzhihua,0.16,19.79,24.93,12.78,6.708830557483156,0.55,19987634.0,22509460.0,1049.7812,101.75,26.55,2013,852.27,2.23,0.18,-0.27
2013-03-14,panzhihua,攀枝花,Panzhihua,0.0,22.09,28.04,13.11,8.096899103230058,1.23,21249900.0,23937594.0,1035.5,101.75,26.55,2013,850.98,1.29,0.84,0.3
2013-03-15,panzhihua,攀枝花,Panzhihua,0.01,23.04,29.87,14.85,8.19937582807943,1.88,19112076.0,21535252.0,1020.96875,101.75,26.55,2013,849.85,2.38,1.24,1.12
2013-03-16,panzhihua,攀枝花,Panzhihua,0.0,23.82,31.13,15.85,8.951075632938826,1.95,20859824.0,23508732.0,1008.8125,101.75,26.55,2013,849.02,2.29,1.14,1.35
2013-03-17,panzhihua,攀枝花,Panzhihua,0.0,23.7,29.42,16.37,8.783516851900055,1.64,21222126.0,23920828.0,998.3125,101.75,26.55,2013,846.82,1.8,0.9,0.96
2013-03-18,panzhihua,攀枝花,Panzhihua,3.01,19.47,27.67,12.6,6.320086722583205,1.55,17240592.0,19436294.0,988.125,101.75,26.55,2013,845.68,6.17,1.29,0.49
2013-03-19,panzhihua,攀枝花,Panzhihua,0.07,19.63,25.95,11.94,7.745923262247307,1.71,20641908.0,23274504.0,977.46875,101.75,26.55,2013,846.69,1.05,1.0,0.94
2013-03-20,panzhihua,攀枝花,Panzhihua,0.01,19.28,24.6,12.44,6.8233646728742645,0.65,20295182.0,22887904.0,970.46875,101.75,26.55,2013,850.72,1.44,-0.32,-0.36
2013-03-21,panzhihua,攀枝花,Panzhihua,0.0,21.7,28.77,11.91,8.584203211594689,1.52,22197360.0,25036684.0,971.375,101.75,26.55,2013,846.43,0.22,0.92,0.89
2013-03-22,panzhihua,攀枝花,Panzhihua,0.66,21.03,28.16,13.84,7.925708997728531,1.67,20493816.0,23119018.0,982.03125,101.75,26.55,2013,847.38,2.52,1.05,1.1
2013-03-23,panzhihua,攀枝花,Panzhihua,0.0,20.67,26.26,13.44,7.58899578473943,1.39,20209462.0,22801500.0,1000.96875,101.75,26.55,2013,848.43,2.14,0.76,0.69
2013-03-24,panzhihua,攀枝花,Panzhihua,0.0,23.19,29.72,13.26,8.702946738655566,1.22,22525792.0,25419736.0,1022.0625,101.75,26.55,2013,845.82,1.29,0.95,0.52
2013-03-25,panzhihua,攀枝花,Panzhihua,0.03,23.08,29.93,16.05,8.71396674879068,1.76,21371568.0,24121246.0,1041.625,101.75,26.55,2013,844.05,2.95,1.09,0.93
2013-03-26,panzhihua,攀枝花,Panzhihua,4.35,16.12,24.57,10.38,4.4782193972844295,0.79,14415702.0,16274198.0,1060.4688,101.75,26.55,2013,849.64,7.72,-0.36,-0.48
2013-03-27,panzhihua,攀枝花,Panzhihua,0.19,19.02,25.54,10.32,6.26598274426928,0.72,18804450.0,21231386.0,1076.0938,101.75,26.55,2013,847.29,5.32,0.28,0.31
2013-03-28,panzhihua,攀枝花,Panzhihua,0.01,21.15,27.09,12.05,7.965911258993588,1.03,22380420.0,25272538.0,1090.8125,101.75,26.55,2013,848.84,3.83,-0.37,-0.49
2013-03-29,panzhihua,攀枝花,Panzhihua,0.06,22.73,28.13,14.26,6.601153674395003,1.04,16960194.0,19155034.0,1106.5312,101.75,26.55,2013,846.09,5.41,0.63,0.33
2013-03-30,panzhihua,攀枝花,Panzhihua,0.18,20.4,26.45,14.06,6.174045529156986,0.98,17468900.0,19733402.0,1121.3438,101.75,26.55,2013,848.74,7.46,-0.37,-0.3
2013-03-31,panzhihua,攀枝花,Panzhihua,0.01,21.97,28.12,13.91,7.810835578799652,1.23,20622364.0,23299378.0,1135.4375,101.75,26.55,2013,848.01,3.22,0.43,0.84
2013-04-01,panzhihua,攀枝花,Panzhihua,0.0,22.7,27.99,14.85,8.104700151858234,1.12,21269942.0,24034320.0,1157.9688,101.75,26.55,2013,848.8,2.26,0.63,0.63
2013-04-02,panzhihua,攀枝花,Panzhihua,0.0,22.77,28.58,15.01,8.6681481293562,1.73,21330278.0,24106352.0,1192.7812,101.75,26.55,2013,847.16,2.08,0.87,1.28
2013-04-03,panzhihua,攀枝花,Panzhihua,0.0,23.45,30.31,14.94,9.444395913606208,1.93,23009766.0,26008746.0,1230.0312,101.75,26.55,2013,844.09,2.54,1.07,1.46
2013-04-04,panzhihua,攀枝花,Panzhihua,0.0,23.21,30.03,16.31,9.276869855496326,2.16,22185172.0,25080828.0,1255.0,101.75,26.55,2013,841.92,3.16,1.06,1.71
2013-04-05,panzhihua,攀枝花,Panzhihua,0.03,20.27,29.01,9.49,8.111985299755629,1.81,21662486.0,24494324.0,1264.7188,101.75,26.55,2013,845.57,3.03,-0.06,0.39
2013-04-06,panzhihua,攀枝花,Panzhihua,0.26,12.9,17.13,8.47,3.4034396152413486,1.06,10935802.0,12367362.0,1264.2812,101.75,26.55,2013,850.04,4.02,-0.31,-0.9
2013-04-07,panzhihua,攀枝花,Panzhihua,0.03,20.66,26.7,8.59,6.938412386038245,0.83,19379094.0,21920118.0,1259.5312,101.75,26.55,2013,844.97,1.86,0.06,0.51
2013-04-08,panzhihua,攀枝花,Panzhihua,0.23,23.49,29.74,13.94,9.116855242876367,1.21,23656400.0,26761956.0,1254.2188,101.75,26.55,2013,846.6,1.16,0.57,0.83
2013-04-09,panzhihua,攀枝花,Panzhihua,0.23,23.09,29.32,13.89,8.485921180269886,0.97,22896672.0,25907208.0,1246.7812,101.75,26.55,2013,848.88,3.67,-0.17,-0.25
2013-04-10,panzhihua,攀枝花,Panzhihua,0.49,19.8,28.1,12.9,6.5892728683062725,1.23,18952482.0,21448386.0,1237.125,101.75,26.55,2013,849.65,7.78,-0.26,-0.93
2013-04-11,panzhihua,攀枝花,Panzhihua,3.02,15.43,20.74,11.48,3.7093736010611047,1.54,10650310.0,12054858.0,1234.0312,101.75,26.55,2013,852.62,6.95,-0.94,-1.19
2013-04-12,panzhihua,攀枝花,Panzhihua,1.35,14.24,17.09,11.6,2.6434403988747777,1.13,7962132.0,9012940.0,1247.0625,101.75,26.55,2013,854.39,7.65,-0.78,-0.78
2013-04-13,panzhihua,攀枝花,Panzhihua,1.2,17.66,22.38,12.08,3.8358909487057096,0.57,11792816.0,13351610.0,1275.7188,101.75,26.55,2013,852.74,9.12,-0.26,-0.34
2013-04-14,panzhihua,攀枝花,Panzhihua,0.06,21.11,26.23,13.87,6.559991653512597,0.77,19058276.0,21582198.0,1309.5,101.75,26.55,2013,849.81,9.3,0.1,-0.58
2013-04-15,panzhihua,攀枝花,Panzhihua,0.22,23.49,29.95,14.86,8.85765861414574,1.83,22331172.0,25292012.0,1345.6562,101.75,26.55,2013,844.59,6.83,1.41,0.8
2013-04-16,panzhihua,攀枝花,Panzhihua,5.38,20.83,28.23,15.74,6.6640219732667125,1.03,19278114.0,21830806.0,1392.6562,101.75,26.55,2013,845.8,9.8,0.24,-0.03
2013-04-17,panzhihua,攀枝花,Panzhihua,0.01,22.07,27.5,15.39,7.5391392003620625,1.0,21049868.0,23833416.0,1450.5,101.75,26.55,2013,844.74,7.94,0.68,0.48
2013-04-18,panzhihua,攀枝花,Panzhihua,0.0,23.83,29.89,16.3,8.706345317125377,1.7,21243678.0,24047152.0,1513.4688,101.75,26.55,2013,844.26,4.71,1.09,0.98
2013-04-19,panzhihua,攀枝花,Panzhihua,0.0,25.03,31.46,16.75,9.8666802787312,1.78,23429912.0,26517314.0,1568.6562,101.75,26.55,2013,844.79,2.39,1.11,0.9
2013-04-20,panzhihua,攀枝花,Panzhihua,0.0,26.49,32.69,17.68,10.133573403305146,1.25,24759586.0,28017176.0,1603.6875,101.75,26.55,2013,847.52,1.15,0.77,0.64
2013-04-21,panzhihua,攀枝花,Panzhihua,0.0,26.25,33.1,18.88,10.31385806520474,1.98,23654250.0,26761410.0,1613.5938,101.75,26.55,2013,847.66,4.08,1.13,1.4
2013-04-22,panzhihua,攀枝花,Panzhihua,0.0,26.4,32.3,18.82,10.282536535806184,2.13,22994388.0,26010176.0,1603.1875,101.75,26.55,2013,847.87,4.26,1.05,1.68
2013-04-23,panzhihua,攀枝花,Panzhihua,0.24,25.8,31.97,18.14,9.8341516436662,1.9,22843264.0,25834238.0,1581.375,101.75,26.55,2013,848.94,4.71,1.12,1.22
2013-04-24,panzhihua,攀枝花,Panzhihua,0.0,25.85,32.38,18.04,10.0296555332733,1.7,24087436.0,27236830.0,1554.4688,101.75,26.55,2013,848.7,4.82,1.09,0.96
2013-04-25,panzhihua,攀枝花,Panzhihua,0.04,25.44,31.82,17.97,9.376603383867783,1.4,23139156.0,26160356.0,1532.6875,101.75,26.55,2013,849.39,4.74,0.0,0.29
2013-04-26,panzhihua,攀枝花,Panzhihua,0.15,25.3,30.26,18.1,8.608678674506674,0.85,22605890.0,25552984.0,1530.6562,101.75,26.55,2013,847.84,5.76,0.48,0.05
2013-04-27,panzhihua,攀枝花,Panzhihua,0.0,28.12,33.8,19.0,10.490690574167862,1.28,25099986.0,28366572.0,1562.0,101.75,26.55,2013,844.84,3.84,0.78,0.43
2013-04-28,panzhihua,攀枝花,Panzhihua,0.87,26.4,32.35,20.18,8.827699295548035,1.45,21490056.0,24282444.0,1635.3125,101.75,26.55,2013,844.86,9.23,1.26,0.14
2013-04-29,panzhihua,攀枝花,Panzhihua,0.04,27.01,32.88,20.25,9.505036602701614,1.13,23866294.0,26962578.0,1735.25,101.75,26.55,2013,845.6,7.84,0.72,0.02
2013-04-30,panzhihua,攀枝花,Panzhihua,16.51,22.79,29.52,17.4,6.079347641755082,0.74,17460334.0,19722372.0,1846.5625,101.75,26.55,2013,848.74,13.83,-0.17,-0.6
2013-05-01,panzhihua,攀枝花,Panzhihua,8.13,21.31,25.94,17.42,4.871552161087894,0.73,14858108.0,16780624.0,1965.2812,101.75,26.55,2013,845.31,16.33,-0.44,-0.2
2013-05-02,panzhihua,攀枝花,Panzhihua,30.45,18.12,22.27,15.16,2.9506944175893697,1.03,9575270.0,10812320.0,2131.625,101.75,26.55,2013,846.9,15.14,-0.83,-0.51
2013-05-03,panzhihua,攀枝花,Panzhihua,0.39,15.56,16.86,14.74,1.348226523025197,0.67,3873740.0,4372932.0,2351.5938,101.75,26.55,2013,851.77,11.17,-0.51,0.02
2013-05-04,panzhihua,攀枝花,Panzhihua,0.25,19.4,23.57,14.82,5.3626126514738335,0.49,16841604.0,19009862.0,2659.5938,101.75,26.55,2013,849.99,12.14,0.12,-0.09
2013-05-05,panzhihua,攀枝花,Panzhihua,0.07,22.69,27.28,15.95,8.301851864793834,1.39,22742984.0,25666008.0,3046.7188,101.75,26.55,2013,847.86,8.95,0.97,0.52
2013-05-06,panzhihua,攀枝花,Panzhihua,1.74,22.81,27.75,16.89,8.06735203676189,1.36,21964818.0,24783338.0,3470.9062,101.75,26.55,2013,846.87,9.2,0.74,-0.01
2013-05-07,panzhihua,攀枝花,Panzhihua,4.38,20.53,24.85,15.7,5.888075122574775,0.55,18038580.0,20350304.0,3834.6875,101.75,26.55,2013,847.72,12.48,-0.23,0.2
2013-05-08,panzhihua,攀枝花,Panzhihua,0.73,21.14,25.12,15.72,6.367677835437775,0.43,19369524.0,21847390.0,4091.375,101.75,26.55,2013,847.25,11.93,-0.09,0.32
2013-05-09,panzhihua,攀枝花,Panzhihua,7.33,20.0,25.33,14.47,5.074451883719796,0.94,15376582.0,17340946.0,4268.125,101.75,26.55,2013,849.63,13.15,-0.68,-0.34
2013-05-10,panzhihua,攀枝花,Panzhihua,3.03,17.76,21.78,14.18,4.056341260871206,0.7,12515420.0,14110924.0,4397.0312,101.75,26.55,2013,851.48,9.81,-0.18,0.22
2013-05-11,panzhihua,攀枝花,Panzhihua,4.67,19.74,23.57,14.8,4.411255686127879,0.38,13692414.0,15435424.0,4522.0,101.75,26.55,2013,849.03,12.7,0.04,-0.02
2013-05-12,panzhihua,攀枝花,Panzhihua,0.33,21.02,25.84,15.27,5.551903757468264,0.49,16932838.0,19085068.0,4638.6562,101.75,26.55,2013,847.76,13.67,0.3,0.2
2013-05-13,panzhihua,攀枝花,Panzhihua,0.09,24.73,30.51,16.54,8.12863079127964,1.5,20923074.0,23578530.0,4709.375,101.75,26.55,2013,843.85,11.1,0.97,0.84
2013-05-14,panzhihua,攀枝花,Panzhihua,0.0,26.07,31.2,18.55,8.691584871127974,1.66,21061292.0,23729546.0,4703.625,101.75,26.55,2013,842.58,10.17,0.98,0.86
2013-05-15,panzhihua,攀枝花,Panzhihua,0.0,26.14,31.62,20.33,8.217259863680729,1.49,20187690.0,22740364.0,4635.125,101.75,26.55,2013,843.01,11.23,1.13,0.36
2013-05-16,panzhihua,攀枝花,Panzhihua,0.13,28.01,32.49,21.02,8.266091799646057,1.08,20241074.0,22817448.0,4530.7812,101.75,26.55,2013,844.94,11.33,0.85,0.29
2013-05-17,panzhihua,攀枝花,Panzhihua,0.37,25.98,30.81,20.42,7.366782033039754,1.6,18233112.0,20567384.0,4423.6562,101.75,26.55,2013,845.5,14.25,1.28,0.42
2013-05-18,panzhihua,攀枝花,Panzhihua,0.05,27.48,31.31,21.35,8.364466228252873,1.15,20716022.0,23383128.0,4383.3125,101.75,26.55,2013,845.31,11.74,0.72,0.51
2013-05-19,panzhihua,攀枝花,Panzhihua,0.04,27.21,32.72,19.39,9.033111554427832,1.54,21722754.0,24537148.0,4536.2812,101.75,26.55,2013,844.07,10.8,0.29,0.32
2013-05-20,panzhihua,攀枝花,Panzhihua,0.28,25.75,31.11,20.63,7.89857245397214,0.92,20771782.0,23478072.0,4996.8125,101.75,26.55,2013,846.2,11.33,0.17,-0.09
2013-05-21,panzhihua,攀枝花,Panzhihua,0.07,28.01,32.96,19.84,9.49257420205095,0.82,24234068.0,27409880.0,5600.375,101.75,26.55,2013,845.4,8.26,0.5,0.29
2013-05-22,panzhihua,攀枝花,Panzhihua,5.86,27.54,34.8,18.38,9.076680947839328,1.02,23348242.0,26425652.0,5994.5625,101.75,26.55,2013,846.54,12.66,0.28,0.18
2013-05-23,panzhihua,攀枝花,Panzhihua,6.71,23.35,29.14,19.18,5.916838101221058,0.57,17349096.0,19649216.0,6132.2188,101.75,26.55,2013,848.75,16.82,-0.01,0.1
2013-05-24,panzhihua,攀枝花,Panzhihua,23.13,22.71,28.72,18.83,5.320481630064081,0.61,15975538.0,18106252.0,6174.5625,101.75,26.55,2013,846.8,18.08,-0.01,0.28
2013-05-25,panzhihua,攀枝花,Panzhihua,12.49,20.98,26.11,17.45,4.443170892348487,0.79,14178930.0,16081092.0,6254.4062,101.75,26.55,2013,845.14,18.6,-0.36,0.0
2013-05-26,panzhihua,攀枝花,Panzhihua,0.03,24.91,29.69,18.13,7.1061969139123775,0.64,20053078.0,22758248.0,6444.4062,101.75,26.55,2013,845.78,16.08,0.06,-0.2
2013-05-27,panzhihua,攀枝花,Panzhihua,0.1,27.22,32.17,20.82,8.975816420285069,1.21,23355490.0,26523560.0,6661.0938,101.75,26.55,2013,844.93,15.15,0.96,-0.41
2013-05-28,panzhihua,攀枝花,Panzhihua,0.45,27.1,31.6,21.36,8.164637453133325,1.14,21271918.0,24173808.0,6802.5,101.75,26.55,2013,845.35,16.08,0.78,-0.28
2013-05-29,panzhihua,攀枝花,Panzhihua,19.99,24.42,31.35,18.85,6.278174965555017,0.93,18021450.0,20494060.0,6981.5938,101.75,26.55,2013,848.06,18.59,0.12,-0.57
2013-05-30,panzhihua,攀枝花,Panzhihua,1.96,22.93,26.04,18.82,4.331776802330987,0.8,12397588.0,14108556.0,7346.3125,101.75,26.55,2013,847.53,17.57,-0.41,-0.05
2013-05-31,panzhihua,攀枝花,Panzhihua,0.21,26.5,31.2,20.64,7.093486681963325,1.16,18249158.0,20781612.0,7943.4688,101.75,26.55,2013,845.32,16.11,0.7,-0.11
2013-06-01,panzhihua,攀枝花,Panzhihua,11.21,22.76,28.23,17.3,5.719516666126982,1.26,16269744.0,18540972.0,8679.094000000001,101.75,26.55,2013,847.96,16.19,-0.59,-0.67
2013-06-02,panzhihua,攀枝花,Panzhihua,0.08,20.89,24.44,17.37,3.494373036558172,0.44,10135898.0,11557864.0,9536.531,101.75,26.55,2013,850.13,13.41,0.03,-0.31
2013-06-03,panzhihua,攀枝花,Panzhihua,15.16,23.4,27.84,18.9,6.210343679502016,0.69,17998830.0,20537888.0,10417.906,101.75,26.55,2013,847.8,16.64,0.41,-0.24
2013-06-04,panzhihua,攀枝花,Panzhihua,17.78,21.59,25.36,18.75,3.8544223573701575,0.54,11863352.0,13546344.0,11059.25,101.75,26.55,2013,848.05,18.97,-0.38,-0.22
2013-06-05,panzhihua,攀枝花,Panzhihua,10.9,22.99,27.27,19.16,5.107850254854037,0.66,15335616.0,17523160.0,11464.0,101.75,26.55,2013,846.34,19.48,-0.32,0.01
2013-06-06,panzhihua,攀枝花,Panzhihua,22.97,22.97,26.94,19.1,4.956703171390632,0.59,14802552.0,16926112.0,11745.344,101.75,26.55,2013,846.72,19.25,-0.42,0.0
2013-06-07,panzhihua,攀枝花,Panzhihua,4.95,22.29,26.71,19.17,4.3485699385512095,0.54,13181114.0,15081920.0,12027.25,101.75,26.55,2013,845.35,19.28,-0.29,-0.02
2013-06-08,panzhihua,攀枝花,Panzhihua,2.69,25.21,29.58,20.32,6.050789115546509,0.76,16987248.0,19450364.0,12260.875,101.75,26.55,2013,842.08,19.18,0.0,-0.04
2013-06-09,panzhihua,攀枝花,Panzhihua,29.3,21.27,24.32,17.79,2.6765648414571404,0.87,8149910.0,9338876.0,12469.406,101.75,26.55,2013,845.5,19.08,-0.44,-0.64
2013-06-10,panzhihua,攀枝花,Panzhihua,1.78,19.38,22.84,15.14,3.9555679070917273,0.73,11571506.0,13267060.0,12836.094,101.75,26.55,2013,852.37,12.02,0.05,-0.26
2013-06-11,panzhihua,攀枝花,Panzhihua,0.0,22.0,26.82,15.43,8.960915758888866,0.65,26477282.0,30377580.0,13247.469,101.75,26.55,2013,850.21,10.63,0.39,-0.23
2013-06-12,panzhihua,攀枝花,Panzhihua,0.0,23.91,28.92,16.77,9.505379736460958,1.04,26165212.0,30040076.0,13428.156,101.75,26.55,2013,847.5,9.69,0.7,-0.56
2013-06-13,panzhihua,攀枝花,Panzhihua,0.0,25.06,30.19,17.67,9.60789996795758,1.0,25962814.0,29828032.0,13152.156,101.75,26.55,2013,845.5,10.93,0.61,-0.57
2013-06-14,panzhihua,攀枝花,Panzhihua,0.0,26.1,31.07,19.05,9.423123713150993,0.79,25407506.0,29209892.0,12555.375,101.75,26.55,2013,845.04,12.75,0.33,-0.46
2013-06-15,panzhihua,攀枝花,Panzhihua,0.0,27.54,32.52,20.63,9.643071844679469,0.83,25240188.0,29037404.0,11822.6875,101.75,26.55,2013,844.71,13.47,0.37,-0.51
2013-06-16,panzhihua,攀枝花,Panzhihua,0.0,28.4,33.15,22.89,9.252994151808718,0.71,24098862.0,27729004.0,11144.6875,101.75,26.55,2013,844.24,14.96,0.31,-0.19
2013-06-17,panzhihua,攀枝花,Panzhihua,0.01,29.64,33.78,23.46,9.774434594587404,1.05,24050788.0,27679200.0,10602.4375,101.75,26.55,2013,842.03,14.39,0.81,-0.21
2013-06-18,panzhihua,攀枝花,Panzhihua,1.03,28.41,33.44,24.21,8.24965089057476,0.87,21433398.0,24671244.0,10245.6875,101.75,26.55,2013,840.69,18.24,0.54,0.28
2013-06-19,panzhihua,攀枝花,Panzhihua,1.01,28.48,33.6,23.82,7.897885567892318,0.84,20514694.0,23619308.0,10006.1875,101.75,26.55,2013,841.15,18.77,0.34,0.44
2013-06-20,panzhihua,攀枝花,Panzhihua,13.7,26.09,32.04,21.16,6.07490489863112,0.69,16639946.0,19161816.0,9823.844,101.75,26.55,2013,843.34,19.47,-0.05,0.05
2013-06-21,panzhihua,攀枝花,Panzhihua,16.49,23.94,27.75,20.22,5.177039305469559,0.7,14984526.0,17257692.0,9693.031,101.75,26.55,2013,846.94,19.65,0.06,0.36
2013-06-22,panzhihua,攀枝花,Panzhihua,1.3,24.35,28.12,20.36,5.907285563840975,0.5,16939058.0,19514076.0,9635.625,101.75,26.55,2013,846.65,18.78,-0.06,0.12
2013-06-23,panzhihua,攀枝花,Panzhihua,5.06,25.39,29.76,20.85,6.898557852139509,0.48,19485696.0,22451496.0,9672.625,101.75,26.55,2013,844.97,18.86,-0.05,0.0
2013-06-24,panzhihua,攀枝花,Panzhihua,17.45,24.53,30.07,19.95,6.558065996139885,0.64,18973690.0,21865856.0,9869.969,101.75,26.55,2013,844.66,19.75,0.06,0.25
2013-06-25,panzhihua,攀枝花,Panzhihua,8.97,22.71,25.66,20.24,3.817967112222554,0.56,11315580.0,13043440.0,10312.031,101.75,26.55,2013,845.84,19.68,-0.12,0.12
2013-06-26,panzhihua,攀枝花,Panzhihua,30.97,23.52,27.6,20.51,4.499690024516377,0.55,13234956.0,15258556.0,10964.156,101.75,26.55,2013,844.6,20.34,-0.16,-0.09
2013-06-27,panzhihua,攀枝花,Panzhihua,8.01,20.21,21.98,18.19,1.5397263405491712,0.61,4526486.0,5219548.0,11555.406,101.75,26.55,2013,846.46,17.99,-0.1,-0.1
2013-06-28,panzhihua,攀枝花,Panzhihua,0.67,23.71,26.59,18.82,5.477653139900721,0.44,15746214.0,18161016.0,12071.406,101.75,26.55,2013,843.76,17.63,-0.18,-0.08
2013-06-29,panzhihua,攀枝花,Panzhihua,1.42,25.21,29.58,21.63,6.196461642032987,0.92,17234596.0,19882448.0,12404.8125,101.75,26.55,2013,842.98,19.29,0.71,-0.22
2013-06-30,panzhihua,攀枝花,Panzhihua,10.02,24.27,27.67,20.74,4.553475225242343,1.02,12483158.0,14403476.0,12431.281,101.75,26.55,2013,842.9,19.06,0.48,-0.17
2013-07-01,panzhihua,攀枝花,Panzhihua,7.08,22.2,24.16,20.6,2.2839665983813493,0.7,6595606.0,7612048.0,12272.875,101.75,26.55,2013,843.26,19.63,0.24,-0.47
2013-07-02,panzhihua,攀枝花,Panzhihua,7.27,23.67,28.06,20.62,5.125870594348077,0.56,15129980.0,17462660.0,12137.0,101.75,26.55,2013,844.02,20.54,0.05,0.24
2013-07-03,panzhihua,攀枝花,Panzhihua,5.93,24.5,29.17,21.1,6.435457664687999,0.65,18773168.0,21672812.0,12200.156,101.75,26.55,2013,844.07,20.62,0.32,0.14
2013-07-04,panzhihua,攀枝花,Panzhihua,1.47,25.04,27.88,21.15,5.4864726143355895,1.11,14913568.0,17220548.0,12407.703,101.75,26.55,2013,843.79,19.12,0.91,-0.43
2013-07-05,panzhihua,攀枝花,Panzhihua,26.2,22.24,24.38,20.45,2.533621872552056,0.59,7406496.0,8553760.0,12594.984,101.75,26.55,2013,846.68,19.62,0.23,-0.04
2013-07-06,panzhihua,攀枝花,Panzhihua,15.38,21.7,25.36,19.29,3.851756641293389,0.44,11918840.0,13766828.0,12935.3125,101.75,26.55,2013,847.09,20.44,0.02,0.05
2013-07-07,panzhihua,攀枝花,Panzhihua,0.75,24.66,27.65,20.07,6.447802728135692,0.82,18266092.0,21104368.0,13682.109,101.75,26.55,2013,844.65,18.92,0.5,-0.3
2013-07-08,panzhihua,攀枝花,Panzhihua,2.35,24.43,28.6,20.4,5.618783046912992,1.2,15357730.0,17748704.0,14154.0625,101.75,26.55,2013,843.33,18.29,1.08,-0.37
2013-07-09,panzhihua,攀枝花,Panzhihua,1.54,22.85,26.19,19.84,4.51761826432482,1.42,12704596.0,14686176.0,13973.672,101.75,26.55,2013,842.59,18.2,1.11,-0.59
2013-07-10,panzhihua,攀枝花,Panzhihua,4.93,23.63,27.73,20.6,4.851360043059568,0.8,13743230.0,15888792.0,13470.625,101.75,26.55,2013,843.88,18.53,0.57,-0.42
2013-07-11,panzhihua,攀枝花,Panzhihua,10.26,22.69,26.23,19.4,4.1641872989537045,0.53,12455014.0,14400968.0,13254.703,101.75,26.55,2013,846.66,20.09,0.05,-0.12
2013-07-12,panzhihua,攀枝花,Panzhihua,7.75,22.79,26.32,19.46,5.0494998012766175,0.46,15159750.0,17530308.0,13626.516,101.75,26.55,2013,846.69,20.16,-0.14,0.18
2013-07-13,panzhihua,攀枝花,Panzhihua,14.96,22.75,27.27,18.36,5.577767377799419,0.69,16842550.0,19481016.0,14276.344,101.75,26.55,2013,846.01,19.78,0.14,0.17
2013-07-14,panzhihua,攀枝花,Panzhihua,4.65,23.5,27.42,19.48,6.6046397905202126,0.51,19465750.0,22520364.0,14745.281,101.75,26.55,2013,846.73,19.2,0.1,0.03
2013-07-15,panzhihua,攀枝花,Panzhihua,0.33,25.3,28.77,20.09,7.0889997081074485,0.57,19978222.0,23117916.0,14822.797,101.75,26.55,2013,845.91,18.96,0.1,-0.03
2013-07-16,panzhihua,攀枝花,Panzhihua,4.62,25.0,29.53,20.92,6.389511122194812,0.51,18238756.0,21105936.0,14500.3125,101.75,26.55,2013,845.37,20.1,0.13,0.12
2013-07-17,panzhihua,攀枝花,Panzhihua,5.81,24.86,28.98,21.23,5.881366361789312,0.6,16744344.0,19378792.0,13978.328,101.75,26.55,2013,842.72,20.09,0.18,0.14
2013-07-18,panzhihua,攀枝花,Panzhihua,31.8,22.45,26.38,19.95,3.7886147553551206,0.74,11406862.0,13201846.0,13711.5625,101.75,26.55,2013,843.32,20.12,-0.04,-0.15
2013-07-19,panzhihua,攀枝花,Panzhihua,48.16,21.02,23.04,19.67,2.450792291635308,0.52,7615102.0,8814068.0,14247.5625,101.75,26.55,2013,845.65,19.85,-0.11,0.0
2013-07-20,panzhihua,攀枝花,Panzhihua,15.9,21.92,25.04,19.54,4.0875805647805095,0.66,12475662.0,14440936.0,15249.6875,101.75,26.55,2013,846.15,19.64,-0.23,0.18
2013-07-21,panzhihua,攀枝花,Panzhihua,7.96,22.67,27.12,19.39,5.209240579744292,0.51,15709850.0,18186006.0,16157.1875,101.75,26.55,2013,845.37,20.13,-0.19,0.16
2013-07-22,panzhihua,攀枝花,Panzhihua,17.04,22.74,26.71,19.73,5.067857398677496,0.48,15230620.0,17633032.0,16699.36,101.75,26.55,2013,846.69,20.17,-0.16,0.14
2013-07-23,panzhihua,攀枝花,Panzhihua,26.96,22.09,26.45,18.62,4.697512904637144,0.53,14334932.0,16597008.0,16950.906000000006,101.75,26.55,2013,847.84,19.89,-0.17,0.02
2013-07-24,panzhihua,攀枝花,Panzhihua,21.64,22.29,27.01,19.1,5.201971351978664,0.59,15767954.0,18259366.0,17263.843999999994,101.75,26.55,2013,845.8,19.48,-0.09,0.04
2013-07-25,panzhihua,攀枝花,Panzhihua,26.49,21.05,25.02,17.92,4.610658395486562,0.59,14465146.0,16750190.0,17334.656000000006,101.75,26.55,2013,845.12,19.29,-0.36,0.16
2013-07-26,panzhihua,攀枝花,Panzhihua,2.01,23.28,27.29,18.77,6.123407868854011,0.48,18085830.0,20946076.0,16962.64,101.75,26.55,2013,845.5,19.3,0.02,0.14
2013-07-27,panzhihua,攀枝花,Panzhihua,23.93,24.1,29.7,19.83,7.000380944111322,0.62,20477124.0,23718200.0,16474.5,101.75,26.55,2013,845.46,19.8,-0.09,-0.04
2013-07-28,panzhihua,攀枝花,Panzhihua,31.13,22.83,28.48,19.59,5.830746372199985,0.62,17711512.0,20516608.0,16024.484,101.75,26.55,2013,846.73,20.52,-0.25,-0.07
2013-07-29,panzhihua,攀枝花,Panzhihua,20.99,22.48,27.62,19.24,6.071507615983263,0.7,18392240.0,21306636.0,15905.031,101.75,26.55,2013,847.72,19.19,-0.39,-0.16
2013-07-30,panzhihua,攀枝花,Panzhihua,2.1,23.35,26.64,19.31,6.58645056310382,0.57,19275360.0,22331150.0,16027.375,101.75,26.55,2013,847.25,18.17,0.18,0.11
2013-07-31,panzhihua,攀枝花,Panzhihua,3.53,23.36,27.46,19.42,6.074464703027339,0.51,17825866.0,20653098.0,16037.625,101.75,26.55,2013,845.94,18.91,0.16,-0.12
2013-08-01,panzhihua,攀枝花,Panzhihua,6.2,22.31,26.94,18.1,5.54386617672012,0.44,16764548.0,19424884.0,15900.0625,101.75,26.55,2013,846.88,19.55,0.15,0.15
2013-08-02,panzhihua,攀枝花,Panzhihua,4.57,22.92,27.09,17.88,6.51413887570022,0.55,19547004.0,22652342.0,15640.703,101.75,26.55,2013,848.53,19.61,0.17,-0.08
2013-08-03,panzhihua,攀枝花,Panzhihua,2.09,24.4,28.04,19.11,6.7723749650755325,0.5,19549740.0,22657384.0,15234.25,101.75,26.55,2013,847.37,19.51,0.04,-0.14
2013-08-04,panzhihua,攀枝花,Panzhihua,17.34,20.82,22.94,18.63,2.551345099420072,0.58,7826738.0,9072260.0,14597.734,101.75,26.55,2013,849.48,19.01,-0.04,-0.43
2013-08-05,panzhihua,攀枝花,Panzhihua,0.76,23.55,27.07,18.81,6.0869131085515065,0.78,17576378.0,20372650.0,13909.469,101.75,26.55,2013,847.92,18.27,0.45,-0.06
2013-08-06,panzhihua,攀枝花,Panzhihua,0.92,24.53,28.04,20.83,5.931248882866293,0.74,16535714.0,19168908.0,13210.922,101.75,26.55,2013,846.51,18.11,0.45,-0.25
2013-08-07,panzhihua,攀枝花,Panzhihua,17.65,22.83,27.36,19.04,5.418445099268742,0.61,16126742.0,18694724.0,12475.516,101.75,26.55,2013,847.84,19.31,0.08,-0.14
2013-08-08,panzhihua,攀枝花,Panzhihua,14.67,22.25,25.83,18.92,4.956320340910471,0.78,14861556.0,17229148.0,11921.6875,101.75,26.55,2013,849.6,18.78,-0.2,0.06
2013-08-09,panzhihua,攀枝花,Panzhihua,4.2,22.18,25.77,18.71,5.4467306871222165,0.54,16250954.0,18842272.0,11587.5,101.75,26.55,2013,849.5,17.93,0.1,-0.08
2013-08-10,panzhihua,攀枝花,Panzhihua,13.33,21.93,26.64,18.31,5.9608015109311125,0.54,18211364.0,21116966.0,11515.203,101.75,26.55,2013,849.6,19.04,0.02,-0.01
2013-08-11,panzhihua,攀枝花,Panzhihua,27.07,20.95,25.44,18.8,4.642164456618485,0.61,14545278.0,16867264.0,11652.859,101.75,26.55,2013,849.81,19.01,-0.27,-0.29
2013-08-12,panzhihua,攀枝花,Panzhihua,24.62,19.9,22.63,17.51,2.550052932123092,0.59,8075040.0,9365000.0,11857.109,101.75,26.55,2013,850.22,18.56,-0.1,-0.11
2013-08-13,panzhihua,攀枝花,Panzhihua,7.05,21.78,25.26,17.41,5.501044962752352,0.54,16648928.0,19310432.0,12082.1875,101.75,26.55,2013,848.54,18.12,0.28,-0.15
2013-08-14,panzhihua,攀枝花,Panzhihua,6.86,22.82,27.21,17.7,6.319457699220604,0.41,18816048.0,21825932.0,12139.156,101.75,26.55,2013,847.62,19.03,0.11,-0.29
2013-08-15,panzhihua,攀枝花,Panzhihua,9.09,23.78,28.96,18.45,7.020441798168927,0.49,20536250.0,23823176.0,11859.469,101.75,26.55,2013,846.5,19.18,0.1,0.05
2013-08-16,panzhihua,攀枝花,Panzhihua,9.42,23.33,27.76,18.99,6.475793965817273,0.54,19113740.0,22172120.0,11382.5625,101.75,26.55,2013,846.17,19.22,0.18,-0.04
2013-08-17,panzhihua,攀枝花,Panzhihua,0.24,23.53,27.15,19.25,6.298299487118754,0.6,18137786.0,21039454.0,10918.594,101.75,26.55,2013,846.83,17.52,-0.22,-0.2
2013-08-18,panzhihua,攀枝花,Panzhihua,0.45,23.75,27.52,19.64,6.741454248868568,0.64,19233536.0,22309806.0,10469.375,101.75,26.55,2013,847.8,16.79,0.18,-0.17
2013-08-19,panzhihua,攀枝花,Panzhihua,4.18,23.82,28.24,19.1,6.798505527443623,0.5,19599024.0,22732414.0,9965.234,101.75,26.55,2013,847.12,17.66,0.12,0.01
2013-08-20,panzhihua,攀枝花,Panzhihua,7.59,23.22,27.6,18.88,6.873936865978704,0.45,20294702.0,23538136.0,9388.297,101.75,26.55,2013,847.52,18.73,-0.01,-0.03
2013-08-21,panzhihua,攀枝花,Panzhihua,11.54,23.46,27.27,19.58,6.517654779819832,0.49,19149092.0,22208884.0,8859.219000000001,101.75,26.55,2013,847.23,19.09,-0.11,-0.16
2013-08-22,panzhihua,攀枝花,Panzhihua,1.26,24.27,28.46,19.8,6.946553885787072,0.41,20043106.0,23244776.0,8453.405999999999,101.75,26.55,2013,846.45,18.91,-0.05,-0.05
2013-08-23,panzhihua,攀枝花,Panzhihua,0.39,24.8,28.73,20.93,6.777104779838643,0.45,19309738.0,22393268.0,8118.2656,101.75,26.55,2013,846.31,19.08,-0.0,0.04
2013-08-24,panzhihua,攀枝花,Panzhihua,0.01,26.35,30.88,21.43,7.885865134148807,0.56,21649904.0,25106440.0,7775.3906,101.75,26.55,2013,844.42,18.08,-0.01,-0.02
2013-08-25,panzhihua,攀枝花,Panzhihua,18.0,22.46,25.16,20.58,3.567662305165515,0.48,10421266.0,12084790.0,7421.5938,101.75,26.55,2013,847.29,18.82,0.04,-0.12
2013-08-26,panzhihua,攀枝花,Panzhihua,1.8,22.86,26.25,19.87,5.154033795542955,0.47,15227586.0,17656462.0,7137.875,101.75,26.55,2013,848.67,19.06,-0.01,-0.07
2013-08-27,panzhihua,攀枝花,Panzhihua,2.57,24.15,27.89,20.06,6.286916676477596,0.76,17925962.0,20785088.0,6968.1562,101.75,26.55,2013,847.3,18.54,0.35,-0.26
2013-08-28,panzhihua,攀枝花,Panzhihua,13.67,23.85,28.44,18.81,6.1604888826210775,0.63,17816424.0,20657240.0,6832.25,101.75,26.55,2013,847.08,18.89,0.2,0.21
2013-08-29,panzhihua,攀枝花,Panzhihua,12.55,21.62,24.98,19.19,3.5641655449424534,0.62,10873984.0,12606412.0,6802.297,101.75,26.55,2013,848.56,19.49,-0.27,0.18
2013-08-30,panzhihua,攀枝花,Panzhihua,1.54,21.16,23.4,19.72,2.63480210031677,0.41,8010234.0,9286512.0,6934.7188,101.75,26.55,2013,849.84,19.23,0.07,0.25
2013-08-31,panzhihua,攀枝花,Panzhihua,2.37,21.41,23.6,19.87,3.576689560865498,0.41,10686486.0,12388890.0,7105.2344,101.75,26.55,2013,850.77,17.82,-0.12,0.07
2013-09-01,panzhihua,攀枝花,Panzhihua,7.72,21.94,24.84,19.79,3.3636426387370824,0.39,9989562.0,11580282.0,7172.953,101.75,26.55,2013,849.93,18.79,-0.09,0.04
2013-09-02,panzhihua,攀枝花,Panzhihua,55.71,21.43,25.25,19.27,3.7258754692040585,0.6,11515414.0,13348646.0,7428.8438,101.75,26.55,2013,849.08,19.67,-0.3,-0.23
2013-09-03,panzhihua,攀枝花,Panzhihua,10.14,20.05,20.47,19.6,1.2316155477163049,0.61,3521394.0,4082230.0,7859.3906,101.75,26.55,2013,849.09,17.91,-0.55,-0.18
2013-09-04,panzhihua,攀枝花,Panzhihua,19.0,20.04,21.4,18.26,1.7571083375493448,0.78,5108442.0,5921414.0,8544.171999999999,101.75,26.55,2013,848.42,17.58,-0.49,-0.58
2013-09-05,panzhihua,攀枝花,Panzhihua,3.94,17.91,18.6,16.99,0.8719973954467337,0.85,2218004.0,2570828.0,9571.125,101.75,26.55,2013,852.59,15.44,-0.47,-0.69
2013-09-06,panzhihua,攀枝花,Panzhihua,0.42,18.0,19.18,16.84,1.3249550233595264,0.55,3681818.0,4267350.0,10722.781,101.75,26.55,2013,854.33,14.13,-0.31,0.05
2013-09-07,panzhihua,攀枝花,Panzhihua,13.03,19.11,20.76,17.7,1.3887511589201895,0.41,4077924.0,4726138.0,11972.1875,101.75,26.55,2013,853.08,16.16,-0.28,-0.05
2013-09-08,panzhihua,攀枝花,Panzhihua,19.05,19.54,22.18,17.88,2.3652119674293464,0.56,7463882.0,8650494.0,13195.703,101.75,26.55,2013,853.35,17.96,0.26,-0.36
2013-09-09,panzhihua,攀枝花,Panzhihua,19.55,19.54,22.55,17.43,2.8130509797496472,0.51,8949292.0,10371264.0,14002.3125,101.75,26.55,2013,852.71,18.04,-0.0,-0.04
2013-09-10,panzhihua,攀枝花,Panzhihua,19.91,19.94,24.15,17.05,3.236850532399766,0.43,10183658.0,11801286.0,14452.703,101.75,26.55,2013,851.65,18.18,-0.15,0.09
2013-09-11,panzhihua,攀枝花,Panzhihua,26.43,19.32,23.28,17.05,3.5450291957792586,0.59,11510686.0,13338428.0,14915.281,101.75,26.55,2013,853.15,18.03,-0.28,-0.05
2013-09-12,panzhihua,攀枝花,Panzhihua,4.82,18.88,21.76,15.63,2.9897592587380983,0.52,9722854.0,11266226.0,15419.906,101.75,26.55,2013,854.93,17.65,-0.34,0.15
2013-09-13,panzhihua,攀枝花,Panzhihua,0.06,20.71,25.94,15.1,5.923472539484695,0.42,18223792.0,21116480.0,15596.297,101.75,26.55,2013,852.84,16.42,0.07,-0.12
2013-09-14,panzhihua,攀枝花,Panzhihua,0.01,22.19,27.25,15.18,6.736344752721193,0.37,20204972.0,23410802.0,15095.0625,101.75,26.55,2013,850.15,17.51,0.06,0.02
2013-09-15,panzhihua,攀枝花,Panzhihua,3.17,22.86,26.2,18.69,5.91484803128071,0.58,17227572.0,19960190.0,14066.297,101.75,26.55,2013,849.1,17.06,0.24,0.13
2013-09-16,panzhihua,攀枝花,Panzhihua,4.7,21.53,25.38,17.62,4.982176003129807,0.58,15132710.0,17525484.0,12931.922,101.75,26.55,2013,849.2,18.02,0.21,-0.1
2013-09-17,panzhihua,攀枝花,Panzhihua,6.48,22.78,26.68,17.77,5.579201440257123,0.48,16430906.0,19020694.0,11887.375,101.75,26.55,2013,848.99,18.0,0.12,-0.15
2013-09-18,panzhihua,攀枝花,Panzhihua,14.04,22.82,27.44,18.11,5.612518404385098,0.47,16671958.0,19291436.0,11063.469,101.75,26.55,2013,849.92,18.91,-0.12,0.16
2013-09-19,panzhihua,攀枝花,Panzhihua,19.52,21.62,26.61,18.57,4.869509643514793,0.48,14918854.0,17255524.0,10546.828,101.75,26.55,2013,851.27,19.03,-0.02,0.05
2013-09-20,panzhihua,攀枝花,Panzhihua,0.43,20.3,24.21,16.43,3.250641593116164,0.48,9915800.0,11463682.0,10267.094,101.75,26.55,2013,851.81,16.99,-0.12,-0.08
2013-09-21,panzhihua,攀枝花,Panzhihua,0.12,22.38,26.26,16.77,5.620679865556784,0.47,16558994.0,19136076.0,10007.594,101.75,26.55,2013,849.75,16.63,0.13,-0.06
2013-09-22,panzhihua,攀枝花,Panzhihua,0.03,23.45,27.63,18.9,6.132987089662478,0.4,17805266.0,20567740.0,9655.516,101.75,26.55,2013,847.28,17.25,0.03,-0.14
2013-09-23,panzhihua,攀枝花,Panzhihua,0.27,23.41,27.02,19.87,5.259691281148368,0.5,15221580.0,17575220.0,9292.266,101.75,26.55,2013,848.47,18.13,-0.28,-0.22
2013-09-24,panzhihua,攀枝花,Panzhihua,0.11,23.57,27.35,19.43,6.4160317126878885,0.81,18115864.0,20908420.0,8998.891,101.75,26.55,2013,850.88,16.03,-0.28,-0.55
2013-09-25,panzhihua,攀枝花,Panzhihua,1.49,21.92,24.91,19.28,4.40218645727238,0.84,12362836.0,14262910.0,8810.516,101.75,26.55,2013,853.5,15.35,-0.19,0.01
2013-09-26,panzhihua,攀枝花,Panzhihua,4.22,20.66,22.93,18.22,3.0956107328300178,0.74,8902275.0,10265423.0,8776.203000000001,101.75,26.55,2013,852.66,15.87,0.21,-0.38
2013-09-27,panzhihua,攀枝花,Panzhihua,1.69,18.41,21.73,13.91,2.648427056630936,0.68,8380210.0,9658941.0,8881.75,101.75,26.55,2013,853.48,15.68,-0.4,-0.5
2013-09-28,panzhihua,攀枝花,Panzhihua,0.06,19.32,24.11,13.91,5.818313148194871,0.45,18308710.0,21094692.0,9110.625,101.75,26.55,2013,854.25,13.82,-0.08,-0.11
2013-09-29,panzhihua,攀枝花,Panzhihua,0.0,21.01,26.22,15.15,6.477724169193577,0.45,19578756.0,22548190.0,9386.578,101.75,26.55,2013,852.55,13.66,0.07,0.08
2013-09-30,panzhihua,攀枝花,Panzhihua,0.0,20.55,25.78,15.21,6.647893891611395,0.56,19929952.0,22942826.0,9421.031,101.75,26.55,2013,853.13,11.06,0.33,-0.29
2013-10-01,panzhihua,攀枝花,Panzhihua,0.19,21.94,25.65,15.34,6.354263588427429,0.34,18787698.0,21618364.0,9152.594,101.75,26.55,2013,855.83,12.89,0.1,-0.07
2013-10-02,panzhihua,攀枝花,Panzhihua,1.19,20.8,24.64,17.53,4.477195300265498,0.68,13231514.0,15218372.0,8739.359,101.75,26.55,2013,855.99,14.78,0.5,-0.3
2013-10-03,panzhihua,攀枝花,Panzhihua,16.13,19.79,24.17,17.11,3.761414763627176,0.57,11741724.0,13498837.0,8344.405999999999,101.75,26.55,2013,853.77,16.43,0.1,-0.4
2013-10-04,panzhihua,攀枝花,Panzhihua,18.27,17.92,20.2,15.38,2.5950441797144,0.77,8498061.0,9765065.0,8214.469000000001,101.75,26.55,2013,852.12,15.85,-0.64,-0.37
2013-10-05,panzhihua,攀枝花,Panzhihua,9.74,18.5,21.7,15.6,2.8614303655559006,0.92,9041111.0,10384053.0,8394.421999999999,101.75,26.55,2013,852.4,15.57,-0.63,-0.65
2013-10-06,panzhihua,攀枝花,Panzhihua,4.12,17.52,18.88,16.04,1.6048090371052084,0.47,4937010.0,5669093.0,8727.875,101.75,26.55,2013,856.85,14.39,-0.06,-0.05
2013-10-07,panzhihua,攀枝花,Panzhihua,0.73,18.06,20.08,16.32,2.1822192538607466,0.43,6695198.5,7684036.0,9025.578,101.75,26.55,2013,858.08,13.82,0.01,0.13
2013-10-08,panzhihua,攀枝花,Panzhihua,0.01,18.82,22.09,15.99,3.5110122214081043,0.55,10465229.0,12006831.0,9157.0,101.75,26.55,2013,857.16,11.64,0.33,0.21
2013-10-09,panzhihua,攀枝花,Panzhihua,0.0,19.07,24.68,13.46,5.980049316576762,0.45,18919828.0,21695672.0,9092.531,101.75,26.55,2013,855.12,12.8,0.16,-0.12
2013-10-10,panzhihua,攀枝花,Panzhihua,0.01,19.12,25.36,12.22,6.0831313831561005,0.31,19356254.0,22186632.0,8834.484,101.75,26.55,2013,856.73,13.63,0.14,0.0
2013-10-11,panzhihua,攀枝花,Panzhihua,0.0,19.03,25.25,12.1,5.912045906326044,0.38,18917788.0,21674448.0,8401.6875,101.75,26.55,2013,855.24,14.19,0.11,-0.11
2013-10-12,panzhihua,攀枝花,Panzhihua,0.0,19.65,24.84,14.03,6.022619308351848,0.5,18822450.0,21556414.0,7868.3125,101.75,26.55,2013,852.19,13.21,0.2,-0.21
2013-10-13,panzhihua,攀枝花,Panzhihua,0.0,19.8,24.38,13.92,5.185541108748443,0.37,16125050.0,18460360.0,7307.0312,101.75,26.55,2013,851.99,13.77,0.09,-0.1
2013-10-14,panzhihua,攀枝花,Panzhihua,3.63,20.3,23.99,15.18,4.2584102906432255,0.5,12951958.0,14822146.0,6774.0156,101.75,26.55,2013,854.37,14.85,-0.26,-0.17
2013-10-15,panzhihua,攀枝花,Panzhihua,1.74,18.49,21.48,16.58,2.6589800596537843,0.5,8601590.0,9838504.0,6317.75,101.75,26.55,2013,854.29,16.32,-0.35,-0.19
2013-10-16,panzhihua,攀枝花,Panzhihua,6.55,20.32,23.74,17.16,3.740714841526728,0.76,11166748.0,12762366.0,5994.8359999999975,101.75,26.55,2013,853.6,15.36,0.2,-0.46
2013-10-17,panzhihua,攀枝花,Panzhihua,10.02,17.14,20.43,14.85,2.0449759395481744,0.82,6848524.0,7822832.0,5868.375,101.75,26.55,2013,855.44,15.47,-0.59,-0.53
2013-10-18,panzhihua,攀枝花,Panzhihua,5.98,18.36,22.47,14.6,3.687883699577784,0.83,12046082.0,13748912.0,5956.8906,101.75,26.55,2013,855.23,15.35,-0.44,-0.59
2013-10-19,panzhihua,攀枝花,Panzhihua,7.81,14.79,16.63,13.69,1.4685785240852092,0.85,4865390.0,5551192.0,6183.1953,101.75,26.55,2013,856.81,12.55,-0.65,-0.5
2013-10-20,panzhihua,攀枝花,Panzhihua,3.34,16.71,18.65,13.74,1.5955194427833663,0.56,5033260.0,5736332.0,6394.6640000000025,101.75,26.55,2013,853.71,13.83,-0.08,-0.49
2013-10-21,panzhihua,攀枝花,Panzhihua,5.16,16.41,19.03,14.1,2.4082898744055994,1.1,8081972.0,9207244.0,6498.5390000000025,101.75,26.55,2013,853.51,13.98,-0.65,-0.83
2013-10-22,panzhihua,攀枝花,Panzhihua,16.3,14.57,16.5,12.85,1.5885209850173063,1.09,5359542.0,6101764.0,6589.9062,101.75,26.55,2013,856.75,12.42,-0.89,-0.56
2013-10-23,panzhihua,攀枝花,Panzhihua,1.32,13.99,14.89,12.94,1.094209823093279,0.46,3475476.0,3953516.0,6670.4453,101.75,26.55,2013,858.22,10.57,-0.21,0.04
2013-10-24,panzhihua,攀枝花,Panzhihua,0.14,15.7,20.06,10.92,4.405021693869541,0.35,15026712.0,17082220.0,6686.2734,101.75,26.55,2013,856.82,10.42,-0.05,-0.07
2013-10-25,panzhihua,攀枝花,Panzhihua,0.73,16.97,19.75,10.99,3.690614339783392,0.56,11820814.0,13429856.0,6615.8125,101.75,26.55,2013,855.48,10.68,0.08,-0.1
2013-10-26,panzhihua,攀枝花,Panzhihua,0.1,16.75,19.17,14.65,2.450212345969768,0.52,7624260.0,8654012.0,6447.922,101.75,26.55,2013,853.74,11.18,0.08,-0.38
2013-10-27,panzhihua,攀枝花,Panzhihua,2.85,16.78,20.14,14.58,3.4035619586985715,0.78,11023186.0,12505224.0,6219.1094,101.75,26.55,2013,852.31,11.97,0.48,-0.48
2013-10-28,panzhihua,攀枝花,Panzhihua,2.92,16.48,19.33,14.32,2.3445462234133667,0.73,7489890.0,8491368.0,6010.3984,101.75,26.55,2013,852.1,12.63,0.4,-0.52
2013-10-29,panzhihua,攀枝花,Panzhihua,1.34,16.12,20.52,11.6,3.72230773513564,0.64,12856102.0,14565704.0,5863.625,101.75,26.55,2013,852.57,13.0,0.21,-0.16
2013-10-30,panzhihua,攀枝花,Panzhihua,0.85,16.45,21.35,11.76,3.860786667473101,0.76,12628810.0,14296780.0,5719.4766,101.75,26.55,2013,853.19,10.8,0.28,-0.14
2013-10-31,panzhihua,攀枝花,Panzhihua,0.37,16.53,21.67,11.54,4.413538201743598,0.87,14318128.0,16199660.0,5515.2109999999975,101.75,26.55,2013,853.61,9.81,0.44,-0.11
2013-11-01,panzhihua,攀枝花,Panzhihua,0.02,15.74,20.88,10.8,4.41584830895854,0.67,14794238.0,16727716.0,5271.125,101.75,26.55,2013,854.03,9.13,0.08,-0.3
2013-11-02,panzhihua,攀枝花,Panzhihua,0.0,15.65,20.89,10.5,4.55661320558087,0.62,15339808.0,17332792.0,5021.210999999998,101.75,26.55,2013,854.26,8.77,0.09,-0.37
2013-11-03,panzhihua,攀枝花,Panzhihua,0.01,15.78,20.92,10.94,4.409989568926002,0.55,14891498.0,16814988.0,4773.2344,101.75,26.55,2013,855.89,9.42,-0.02,-0.43
2013-11-04,panzhihua,攀枝花,Panzhihua,0.02,16.22,21.62,10.91,4.274674221646658,0.64,14149876.0,15966668.0,4521.414000000002,101.75,26.55,2013,856.05,9.65,0.07,-0.22
2013-11-05,panzhihua,攀枝花,Panzhihua,0.04,15.75,20.78,10.16,4.187543767463223,0.45,14250856.0,16069552.0,4268.383,101.75,26.55,2013,856.95,9.99,0.08,-0.21
2013-11-06,panzhihua,攀枝花,Panzhihua,0.0,15.82,21.53,9.65,4.330063266759238,0.55,14702246.0,16567816.0,4020.1953,101.75,26.55,2013,856.96,9.97,0.03,-0.27
2013-11-07,panzhihua,攀枝花,Panzhihua,0.0,16.26,22.09,10.03,4.255215387199898,0.73,13970868.0,15732812.0,3785.2266,101.75,26.55,2013,853.95,9.43,0.37,-0.2
2013-11-08,panzhihua,攀枝花,Panzhihua,0.0,16.17,21.78,10.66,4.612429591673526,0.6,15479732.0,17420536.0,3564.2812,101.75,26.55,2013,852.66,9.62,0.22,-0.22
2013-11-09,panzhihua,攀枝花,Panzhihua,0.0,16.81,22.7,11.32,4.791188151856608,0.49,15877286.0,17855884.0,3360.9922,101.75,26.55,2013,854.07,9.74,0.07,-0.21
2013-11-10,panzhihua,攀枝花,Panzhihua,0.0,17.18,22.93,10.76,4.759371488771514,0.42,15647288.0,17585484.0,3181.0469,101.75,26.55,2013,854.28,9.77,-0.04,-0.14
2013-11-11,panzhihua,攀枝花,Panzhihua,0.0,17.28,22.78,10.44,4.614370985026159,0.51,15139550.0,17003580.0,3027.125,101.75,26.55,2013,851.52,10.58,-0.16,-0.02
2013-11-12,panzhihua,攀枝花,Panzhihua,0.0,17.57,23.78,11.19,4.793591481400445,0.57,15402394.0,17286988.0,2898.375,101.75,26.55,2013,851.26,9.44,0.12,-0.1
2013-11-13,panzhihua,攀枝花,Panzhihua,0.0,17.23,23.48,10.82,5.0133918251375125,0.7,15751510.0,17667064.0,2790.664,101.75,26.55,2013,851.15,6.67,0.25,-0.04
2013-11-14,panzhihua,攀枝花,Panzhihua,0.0,15.42,21.26,9.94,4.726830375830036,0.76,15727282.0,17628236.0,2699.375,101.75,26.55,2013,854.16,6.74,-0.24,-0.59
2013-11-15,panzhihua,攀枝花,Panzhihua,0.01,15.58,21.5,9.55,4.368855408747232,0.57,14650804.0,16410232.0,2619.2578,101.75,26.55,2013,854.64,7.64,-0.1,-0.29
2013-11-16,panzhihua,攀枝花,Panzhihua,0.1,15.66,21.2,10.44,3.7466274871595537,0.73,12434602.0,13925084.0,2547.1172,101.75,26.55,2013,856.1,9.24,-0.36,-0.5
2013-11-17,panzhihua,攀枝花,Panzhihua,0.04,15.26,20.25,10.14,2.9818489802703465,0.52,9992330.0,11187248.0,2482.7031,101.75,26.55,2013,854.84,9.53,-0.12,-0.41
2013-11-18,panzhihua,攀枝花,Panzhihua,0.88,15.7,20.11,11.52,3.4084434259989904,0.95,10952636.0,12260536.0,2425.2578,101.75,26.55,2013,855.53,9.36,-0.29,-0.87
2013-11-19,panzhihua,攀枝花,Panzhihua,1.88,14.53,18.19,11.18,2.694431641468769,0.58,9179998.0,10274120.0,2380.8906,101.75,26.55,2013,853.79,9.54,0.04,-0.5
2013-11-20,panzhihua,攀枝花,Panzhihua,0.5,14.07,18.8,9.41,2.894119433779024,0.46,10074394.0,11272744.0,2359.2031,101.75,26.55,2013,852.36,8.62,0.11,-0.33
2013-11-21,panzhihua,攀枝花,Panzhihua,0.17,14.65,20.07,8.95,3.5991159159948025,0.71,11803186.0,13204072.0,2353.9453,101.75,26.55,2013,851.69,6.17,0.23,-0.17
2013-11-22,panzhihua,攀枝花,Panzhihua,0.0,14.38,20.19,8.8,4.242831049594773,0.68,14257758.0,15946980.0,2347.539,101.75,26.55,2013,852.03,4.85,0.14,-0.2
2013-11-23,panzhihua,攀枝花,Panzhihua,0.0,14.73,20.53,8.71,4.474433965944572,0.69,14651950.0,16384328.0,2337.0,101.75,26.55,2013,851.08,3.14,0.21,-0.22
2013-11-24,panzhihua,攀枝花,Panzhihua,0.0,12.94,17.58,8.55,3.991670926268248,0.76,13846494.0,15480544.0,2318.3203,101.75,26.55,2013,854.22,3.85,-0.07,-0.69
2013-11-25,panzhihua,攀枝花,Panzhihua,0.0,14.38,19.92,8.37,4.177567976822509,0.61,14318124.0,16004276.0,2291.164,101.75,26.55,2013,850.49,6.1,0.0,-0.2
2013-11-26,panzhihua,攀枝花,Panzhihua,0.0,15.9,21.29,9.86,4.147123224965504,0.73,13371118.0,14942476.0,2259.1328,101.75,26.55,2013,849.85,7.04,0.21,-0.15
2013-11-27,panzhihua,攀枝花,Panzhihua,0.02,11.64,14.8,8.39,2.3021697403341803,1.16,7239650.0,8089036.0,2225.211,101.75,26.55,2013,856.36,4.82,-0.48,-1.02
2013-11-28,panzhihua,攀枝花,Panzhihua,0.1,11.69,13.86,8.28,1.66172648376106,0.88,4848320.0,5415400.0,2192.7969,101.75,26.55,2013,858.45,4.87,-0.4,-0.7
2013-11-29,panzhihua,攀枝花,Panzhihua,0.23,11.55,13.85,9.58,1.1106862197428624,0.64,3451904.0,3855356.0,2165.789,101.75,26.55,2013,855.0,6.97,-0.15,-0.27
2013-11-30,panzhihua,攀枝花,Panzhihua,3.57,11.98,14.11,9.75,1.3687506931031634,0.8,4446268.0,4964308.0,2145.9375,101.75,26.55,2013,856.59,7.95,-0.44,-0.6
2013-12-01,panzhihua,攀枝花,Panzhihua,0.5,12.89,15.61,9.95,1.936155852333715,0.42,6711552.0,7492636.0,2139.5,101.75,26.55,2013,858.47,7.58,-0.01,-0.23
2013-12-02,panzhihua,攀枝花,Panzhihua,0.13,12.99,17.44,7.5,2.5856142706201086,0.43,9245302.0,10318376.0,2148.0078,101.75,26.55,2013,855.27,7.78,0.03,-0.26
2013-12-03,panzhihua,攀枝花,Panzhihua,0.0,13.02,18.97,7.1,3.28221809133937,0.45,11945364.0,13329224.0,2157.336,101.75,26.55,2013,855.54,7.7,-0.03,-0.34
2013-12-04,panzhihua,攀枝花,Panzhihua,0.0,13.69,20.0,6.49,3.5912930040836994,0.67,12490280.0,13935068.0,2150.711,101.75,26.55,2013,852.5,6.7,0.2,-0.26
2013-12-05,panzhihua,攀枝花,Panzhihua,0.0,13.89,18.29,8.6,3.080355607393668,0.53,10546948.0,11764188.0,2127.0078,101.75,26.55,2013,853.15,6.8,-0.07,-0.39
2013-12-06,panzhihua,攀枝花,Panzhihua,0.02,13.17,17.84,8.0,2.512200296585907,0.6,8608602.0,9599736.0,2097.5234,101.75,26.55,2013,852.32,7.09,0.06,-0.39
2013-12-07,panzhihua,攀枝花,Panzhihua,0.0,13.06,18.32,6.66,3.4046786622678025,0.58,12095712.0,13486140.0,2070.4375,101.75,26.55,2013,851.85,6.27,0.12,-0.27
2013-12-08,panzhihua,攀枝花,Panzhihua,0.0,13.39,19.11,8.24,3.855097265729808,0.66,13493930.0,15041764.0,2046.875,101.75,26.55,2013,851.07,5.48,0.11,-0.37
2013-12-09,panzhihua,攀枝花,Panzhihua,0.0,12.11,17.49,6.86,2.815665120834905,0.84,9763878.0,10881104.0,2022.0547,101.75,26.55,2013,851.24,5.39,-0.13,-0.56
2013-12-10,panzhihua,攀枝花,Panzhihua,0.0,13.32,19.61,6.75,3.812720051936688,0.73,13013006.0,14499560.0,1995.2891,101.75,26.55,2013,849.07,4.07,0.23,-0.32
2013-12-11,panzhihua,攀枝花,Panzhihua,0.0,11.49,16.72,6.58,3.527484650584991,0.8,12711600.0,14160996.0,1970.4141,101.75,26.55,2013,849.23,3.26,-0.2,-0.44
2013-12-12,panzhihua,攀枝花,Panzhihua,0.0,12.99,18.8,7.16,3.867290614551373,0.78,12775654.0,14229516.0,1949.5469,101.75,26.55,2013,849.38,0.96,0.3,-0.04
2013-12-13,panzhihua,攀枝花,Panzhihua,0.06,12.34,17.72,6.59,3.7897002771043655,0.63,13248982.0,14753544.0,1931.5469,101.75,26.55,2013,851.61,1.78,-0.07,-0.33
2013-12-14,panzhihua,攀枝花,Panzhihua,10.5,11.22,16.57,7.11,3.1868845177032687,0.86,11992622.0,13351492.0,1919.2031,101.75,26.55,2013,852.65,5.64,-0.17,-0.72
2013-12-15,panzhihua,攀枝花,Panzhihua,9.64,4.25,6.43,2.71,0.6595180325053579,0.82,3340008.0,3725312.0,1934.1094,101.75,26.55,2013,858.31,3.6,-0.63,-0.4
2013-12-16,panzhihua,攀枝花,Panzhihua,0.14,5.48,9.88,0.43,2.1782754448891604,0.55,9123292.0,10230776.0,1983.0,101.75,26.55,2013,857.5,-2.83,-0.17,0.05
2013-12-17,panzhihua,攀枝花,Panzhihua,0.0,5.6,10.43,0.15,3.1370899517762427,0.48,13826478.0,15475144.0,2015.9062,101.75,26.55,2013,855.24,-3.17,0.1,-0.21
2013-12-18,panzhihua,攀枝花,Panzhihua,0.0,7.32,11.53,0.27,3.2059350049735755,0.48,13231738.0,14785228.0,2008.2031,101.75,26.55,2013,854.95,-2.2,0.14,-0.19
2013-12-19,panzhihua,攀枝花,Panzhihua,0.01,7.82,11.48,2.56,2.98384190039521,0.89,11512492.0,12846636.0,1973.1094,101.75,26.55,2013,853.44,-1.46,0.38,-0.61
2013-12-20,panzhihua,攀枝花,Panzhihua,0.03,8.55,12.04,4.84,2.477487077434793,0.88,9296828.0,10363360.0,1929.1875,101.75,26.55,2013,854.16,1.26,-0.07,-0.75
2013-12-21,panzhihua,攀枝花,Panzhihua,0.04,7.53,11.04,4.07,1.8775124347843668,0.9,7266440.0,8094824.0,1888.9531,101.75,26.55,2013,855.81,2.12,-0.35,-0.71
2013-12-22,panzhihua,攀枝花,Panzhihua,0.02,8.4,12.97,4.63,2.0035546440253165,0.93,7781246.0,8664576.0,1858.9062,101.75,26.55,2013,852.59,3.58,-0.11,-0.67
2013-12-23,panzhihua,攀枝花,Panzhihua,0.0,8.72,12.91,4.27,2.1491090119117624,0.9,8161606.0,9086624.0,1836.25,101.75,26.55,2013,854.18,3.15,-0.43,-0.67
2013-12-24,panzhihua,攀枝花,Panzhihua,0.0,8.74,12.79,4.65,1.95130246246044,0.85,7490902.0,8338272.0,1814.1719,101.75,26.55,2013,854.85,3.93,-0.21,-0.72
2013-12-25,panzhihua,攀枝花,Panzhihua,0.03,8.97,13.24,5.18,1.6878354280012946,0.77,6501428.0,7236132.0,1791.2188,101.75,26.55,2013,853.85,5.0,-0.09,-0.65
2013-12-26,panzhihua,攀枝花,Panzhihua,0.88,6.4,8.28,4.5,0.9980952965648052,1.08,3624138.0,4033532.0,1770.4531,101.75,26.55,2013,855.45,2.91,-0.38,-0.99
2013-12-27,panzhihua,攀枝花,Panzhihua,0.35,5.23,8.52,3.08,0.8810941082152741,0.76,3806164.0,4236652.0,1756.9844,101.75,26.55,2013,854.18,2.9,-0.24,-0.59
2013-12-28,panzhihua,攀枝花,Panzhihua,0.03,8.18,14.13,3.13,2.192701775876837,0.95,9092344.0,10120712.0,1747.2812,101.75,26.55,2013,851.44,4.33,-0.18,-0.59
2013-12-29,panzhihua,攀枝花,Panzhihua,0.02,10.88,17.18,3.89,2.811857455518369,0.72,10499724.0,11687156.0,1732.3594,101.75,26.55,2013,851.03,5.04,0.18,-0.42
2013-12-30,panzhihua,攀枝花,Panzhihua,0.0,10.14,16.3,4.95,3.2979655329518054,0.74,12779100.0,14224892.0,1716.125,101.75,26.55,2013,854.03,3.78,-0.3,-0.55
2013-12-31,panzhihua,攀枝花,Panzhihua,0.0,10.8,17.5,4.51,3.646223031479263,0.54,13912026.0,15485964.0,1701.5,101.75,26.55,2013,853.99,3.39,0.0,-0.3
2014-01-01,panzhihua,攀枝花,Panzhihua,0.0,13.22,19.89,5.01,4.333406316133209,0.87,14216538.0,15824952.0,1684.7344,101.75,26.55,2014,850.01,0.06,0.73,0.03
2014-01-02,panzhihua,攀枝花,Panzhihua,0.0,13.86,20.71,5.9,4.605884273627778,1.1,14286754.0,15903144.0,1666.25,101.75,26.55,2014,849.7,-0.56,0.78,0.18
2014-01-03,panzhihua,攀枝花,Panzhihua,0.0,9.97,14.88,4.55,3.619626312904303,0.8,13467234.0,14991084.0,1650.4219,101.75,26.55,2014,854.02,0.12,-0.27,-0.62
2014-01-04,panzhihua,攀枝花,Panzhihua,0.0,10.46,16.67,4.72,3.710098601893392,0.77,13823982.0,15388412.0,1637.25,101.75,26.55,2014,852.06,1.36,-0.03,-0.47
2014-01-05,panzhihua,攀枝花,Panzhihua,0.0,13.82,20.01,5.13,4.603516749951368,1.05,14373298.0,15999640.0,1623.0781,101.75,26.55,2014,846.51,-0.78,0.86,0.01
2014-01-06,panzhihua,攀枝花,Panzhihua,0.0,14.08,19.97,7.51,4.726412954830411,1.6,13630860.0,15173168.0,1605.9062,101.75,26.55,2014,846.42,-0.13,1.27,0.48
2014-01-07,panzhihua,攀枝花,Panzhihua,0.02,13.36,18.33,7.43,4.2661768325822464,1.37,12302254.0,13694408.0,1587.7812,101.75,26.55,2014,849.9,-1.73,0.82,0.35
2014-01-08,panzhihua,攀枝花,Panzhihua,0.0,11.99,18.25,6.31,4.120721456396995,0.79,14228524.0,15838872.0,1571.375,101.75,26.55,2014,852.03,-0.29,-0.06,-0.46
2014-01-09,panzhihua,攀枝花,Panzhihua,0.0,11.71,18.11,5.25,4.095759745146862,0.74,14376052.0,16003072.0,1556.6094,101.75,26.55,2014,851.58,-0.4,-0.13,-0.28
2014-01-10,panzhihua,攀枝花,Panzhihua,0.0,14.56,21.03,6.37,4.989305273841848,1.56,14297708.0,15915796.0,1541.2812,101.75,26.55,2014,850.83,-0.59,1.14,0.59
2014-01-11,panzhihua,攀枝花,Panzhihua,0.0,14.62,20.73,6.98,4.7680369854656535,1.4,13445214.0,14966816.0,1525.0312,101.75,26.55,2014,852.84,-1.52,0.84,0.3
2014-01-12,panzhihua,攀枝花,Panzhihua,2.88,8.12,13.27,2.86,2.817972217513811,1.24,10998636.0,12243668.0,1510.25,101.75,26.55,2014,856.25,1.35,-0.5,-1.09
2014-01-13,panzhihua,攀枝花,Panzhihua,0.04,7.04,11.96,2.22,2.9541372705111537,0.57,12345676.0,13757328.0,1500.4844,101.75,26.55,2014,858.42,-0.95,0.09,-0.48
2014-01-14,panzhihua,攀枝花,Panzhihua,0.01,9.76,15.65,2.12,3.5282450423909912,0.82,13408574.0,14936332.0,1493.4375,101.75,26.55,2014,854.47,1.22,-0.01,-0.57
2014-01-15,panzhihua,攀枝花,Panzhihua,0.13,10.95,16.7,6.58,2.5083471384360303,0.81,9036548.0,10061800.0,1481.2656,101.75,26.55,2014,852.57,4.93,0.05,-0.48
2014-01-16,panzhihua,攀枝花,Panzhihua,0.02,13.33,20.5,5.68,4.0435967302290825,0.92,13353832.0,14869932.0,1466.875,101.75,26.55,2014,853.35,2.57,0.35,-0.25
2014-01-17,panzhihua,攀枝花,Panzhihua,0.0,10.75,15.8,5.53,3.5582652959438903,0.74,13112596.0,14602320.0,1454.1094,101.75,26.55,2014,858.91,1.94,-0.3,-0.54
2014-01-18,panzhihua,攀枝花,Panzhihua,0.0,12.09,18.21,5.68,3.9894435443831457,0.68,14276528.0,15899496.0,1445.0469,101.75,26.55,2014,858.32,2.54,0.11,-0.3
2014-01-19,panzhihua,攀枝花,Panzhihua,1.33,11.8,18.88,4.1,4.198674139040187,0.97,14986326.0,16692044.0,1437.1562,101.75,26.55,2014,855.54,2.33,-0.23,-0.6
2014-01-20,panzhihua,攀枝花,Panzhihua,1.7,4.86,7.38,1.52,1.4444892424423106,0.94,5574364.0,6248848.0,1428.5781,101.75,26.55,2014,863.31,-1.09,-0.27,-0.61
2014-01-21,panzhihua,攀枝花,Panzhihua,0.0,7.99,13.55,0.6,3.776141850216906,0.5,15494576.0,17336204.0,1424.5469,101.75,26.55,2014,859.91,-1.39,0.26,-0.34
2014-01-22,panzhihua,攀枝花,Panzhihua,0.0,10.56,16.23,3.59,4.117070034502197,0.51,15578496.0,17387892.0,1421.1094,101.75,26.55,2014,855.72,0.19,0.16,-0.28
2014-01-23,panzhihua,攀枝花,Panzhihua,0.0,12.92,19.66,5.5,4.391852427253299,0.69,15459306.0,17237808.0,1412.5469,101.75,26.55,2014,849.68,3.03,0.33,-0.32
2014-01-24,panzhihua,攀枝花,Panzhihua,0.0,16.16,23.61,6.63,5.037200837694972,0.77,15681538.0,17480912.0,1398.1562,101.75,26.55,2014,848.58,2.09,0.4,-0.05
2014-01-25,panzhihua,攀枝花,Panzhihua,0.0,15.95,22.71,9.08,5.043364115710643,0.73,15905880.0,17731336.0,1381.8438,101.75,26.55,2014,849.74,2.0,0.2,-0.41
2014-01-26,panzhihua,攀枝花,Panzhihua,0.0,15.24,21.75,8.78,4.906910996485943,0.77,15788416.0,17602424.0,1368.25,101.75,26.55,2014,851.61,2.37,-0.22,-0.55
2014-01-27,panzhihua,攀枝花,Panzhihua,0.0,17.21,24.17,8.29,5.720782302247441,1.26,15972506.0,17809872.0,1360.7812,101.75,26.55,2014,850.25,-0.15,0.92,0.42
2014-01-28,panzhihua,攀枝花,Panzhihua,0.0,16.83,23.25,9.28,5.7782790085273,1.18,16143886.0,18003496.0,1358.3438,101.75,26.55,2014,850.95,-3.21,0.81,0.38
2014-01-29,panzhihua,攀枝花,Panzhihua,0.0,14.72,21.0,8.28,5.046885794001172,0.6,16383228.0,18272960.0,1356.3125,101.75,26.55,2014,854.34,-2.66,-0.14,-0.24
2014-01-30,panzhihua,攀枝花,Panzhihua,0.0,15.56,22.29,8.21,5.208370128701068,0.64,16493452.0,18398408.0,1352.8438,101.75,26.55,2014,852.83,-1.85,0.23,-0.17
2014-01-31,panzhihua,攀枝花,Panzhihua,0.0,16.51,23.86,8.27,5.7019641105433525,0.86,16836534.0,18783724.0,1347.5312,101.75,26.55,2014,851.52,-4.8,0.51,0.24
2014-02-01,panzhihua,攀枝花,Panzhihua,0.0,16.23,23.99,7.54,5.55787690461813,0.71,16965728.0,18930476.0,1338.9375,101.75,26.55,2014,850.59,-4.44,0.23,0.08
2014-02-02,panzhihua,攀枝花,Panzhihua,0.0,16.07,23.35,7.68,5.44747435686025,0.64,16965290.0,18932608.0,1327.625,101.75,26.55,2014,848.97,-3.22,0.09,-0.13
2014-02-03,panzhihua,攀枝花,Panzhihua,0.0,16.69,23.72,9.02,5.4543217356085805,0.56,16952346.0,18920808.0,1316.0,101.75,26.55,2014,847.24,-2.5,0.15,-0.21
2014-02-04,panzhihua,攀枝花,Panzhihua,0.0,17.85,25.33,9.68,6.330936558978902,1.36,17177794.0,19175092.0,1304.1875,101.75,26.55,2014,843.35,-2.08,1.25,0.16
2014-02-05,panzhihua,攀枝花,Panzhihua,0.0,17.31,24.85,10.25,6.362611625495262,1.75,17175096.0,19174732.0,1291.4062,101.75,26.55,2014,843.74,-0.1,1.38,0.73
2014-02-06,panzhihua,攀枝花,Panzhihua,0.0,17.22,23.64,10.88,6.220863571605589,1.91,15936952.0,17794948.0,1278.5625,101.75,26.55,2014,844.18,-1.25,1.33,0.94
2014-02-07,panzhihua,攀枝花,Panzhihua,0.0,17.27,23.16,9.78,5.8224349879370045,1.16,16725130.0,18677660.0,1267.375,101.75,26.55,2014,844.41,0.68,0.91,0.41
2014-02-08,panzhihua,攀枝花,Panzhihua,0.0,15.86,21.49,11.14,5.446397761151177,2.08,14264558.0,15931900.0,1259.3125,101.75,26.55,2014,842.78,0.78,1.4,0.89
2014-02-09,panzhihua,攀枝花,Panzhihua,0.08,15.79,20.72,10.56,4.714856856268479,1.58,12430354.0,13885236.0,1253.875,101.75,26.55,2014,844.3,0.9,1.11,0.27
2014-02-10,panzhihua,攀枝花,Panzhihua,0.0,13.1,17.98,7.69,4.029105928596287,1.2,12500260.0,13965308.0,1249.3125,101.75,26.55,2014,846.07,0.93,-0.49,-0.92
2014-02-11,panzhihua,攀枝花,Panzhihua,0.01,14.93,21.69,7.02,5.308754060913441,2.07,14666218.0,16387284.0,1244.9375,101.75,26.55,2014,843.53,0.78,1.33,0.73
2014-02-12,panzhihua,攀枝花,Panzhihua,0.05,15.08,21.19,3.91,5.2968251132664514,2.12,14153854.0,15817104.0,1240.6562,101.75,26.55,2014,845.32,0.31,1.1,0.67
2014-02-13,panzhihua,攀枝花,Panzhihua,0.0,11.77,17.48,3.03,4.2975717359299725,1.08,14474888.0,16178528.0,1234.3125,101.75,26.55,2014,850.01,-0.78,-0.41,-0.79
2014-02-14,panzhihua,攀枝花,Panzhihua,0.0,15.88,22.62,7.01,6.2620362138157,1.66,17608878.0,19683784.0,1224.75,101.75,26.55,2014,847.13,-2.78,1.18,0.39
2014-02-15,panzhihua,攀枝花,Panzhihua,0.0,17.65,24.49,11.04,6.270626581399049,2.19,15985282.0,17871236.0,1212.0938,101.75,26.55,2014,845.43,1.71,1.38,1.12
2014-02-16,panzhihua,攀枝花,Panzhihua,0.01,18.38,24.04,13.13,5.851490237639848,2.32,13977620.0,15630776.0,1197.8438,101.75,26.55,2014,846.17,3.73,1.69,1.15
2014-02-17,panzhihua,攀枝花,Panzhihua,5.76,14.86,19.42,10.7,2.4572979227418283,1.21,6811538.0,7619024.0,1188.1875,101.75,26.55,2014,847.84,7.72,0.96,0.14
2014-02-18,panzhihua,攀枝花,Panzhihua,7.06,5.23,9.84,1.87,1.5063259430018818,1.22,6900512.0,7735020.0,1194.4688,101.75,26.55,2014,856.58,2.49,-0.51,-0.98
2014-02-19,panzhihua,攀枝花,Panzhihua,0.0,8.81,14.18,1.53,4.217080105407848,0.6,16939838.0,19003760.0,1229.625,101.75,26.55,2014,856.55,-0.45,0.16,-0.33
2014-02-20,panzhihua,攀枝花,Panzhihua,0.01,12.28,17.84,4.72,4.261063455391226,0.79,15106608.0,16932952.0,1278.75,101.75,26.55,2014,851.37,2.79,0.15,-0.28
2014-02-21,panzhihua,攀枝花,Panzhihua,0.01,16.01,22.64,7.55,5.812276219866741,1.5,16785214.0,18805752.0,1310.875,101.75,26.55,2014,850.15,0.42,0.63,1.04
2014-02-22,panzhihua,攀枝花,Panzhihua,0.0,16.81,22.84,8.96,5.749320423690072,0.85,17637054.0,19759632.0,1326.875,101.75,26.55,2014,851.05,1.73,0.37,0.28
2014-02-23,panzhihua,攀枝花,Panzhihua,0.0,19.29,25.85,10.22,6.744347223437704,1.42,18498566.0,20728246.0,1330.9375,101.75,26.55,2014,849.9,3.09,0.84,0.86
2014-02-24,panzhihua,攀枝花,Panzhihua,0.0,19.01,25.39,11.65,6.838268124498982,1.78,18164120.0,20358388.0,1324.5312,101.75,26.55,2014,850.17,2.75,0.81,1.43
2014-02-25,panzhihua,攀枝花,Panzhihua,0.0,18.39,24.59,10.79,6.784169095572229,1.0,19638948.0,22017412.0,1308.7812,101.75,26.55,2014,851.8,-0.77,0.16,0.44
2014-02-26,panzhihua,攀枝花,Panzhihua,0.0,20.16,26.98,11.56,7.463350895531082,1.37,19676314.0,22065524.0,1285.0938,101.75,26.55,2014,849.56,-1.28,0.99,0.48
2014-02-27,panzhihua,攀枝花,Panzhihua,0.0,19.97,26.32,12.62,7.510892674717147,1.85,18817338.0,21108278.0,1256.875,101.75,26.55,2014,848.78,-0.29,1.04,1.24
2014-02-28,panzhihua,攀枝花,Panzhihua,0.0,20.32,27.39,13.19,7.767482943948869,2.11,19239346.0,21587658.0,1228.0625,101.75,26.55,2014,848.79,1.42,1.09,1.55
2014-03-01,panzhihua,攀枝花,Panzhihua,0.0,20.51,26.51,13.35,7.6544965944813885,2.06,18932582.0,21249382.0,1201.5625,101.75,26.55,2014,848.73,2.06,1.06,1.5
2014-03-02,panzhihua,攀枝花,Panzhihua,0.0,20.24,26.39,13.66,7.720643098664255,2.16,18825346.0,21135000.0,1179.1875,101.75,26.55,2014,847.53,0.87,1.08,1.56
2014-03-03,panzhihua,攀枝花,Panzhihua,0.0,20.18,26.81,13.01,7.679533244544207,2.19,18635538.0,20927436.0,1160.2812,101.75,26.55,2014,848.7,0.85,1.06,1.67
2014-03-04,panzhihua,攀枝花,Panzhihua,0.0,20.76,26.59,12.32,7.69569358531943,1.65,19446752.0,21844968.0,1143.7188,101.75,26.55,2014,850.76,0.09,0.94,1.07
2014-03-05,panzhihua,攀枝花,Panzhihua,0.22,19.86,26.91,13.16,7.26204586552256,2.1,18481736.0,20766446.0,1130.25,101.75,26.55,2014,848.48,3.6,1.32,1.51
2014-03-06,panzhihua,攀枝花,Panzhihua,0.0,19.35,25.56,12.3,7.383433657105773,1.87,19700714.0,22142600.0,1122.5,101.75,26.55,2014,849.11,2.75,1.08,1.18
2014-03-07,panzhihua,攀枝花,Panzhihua,0.0,19.74,26.21,11.94,7.768216692645464,1.98,19608002.0,22044540.0,1122.7188,101.75,26.55,2014,849.53,-0.39,1.06,1.47
2014-03-08,panzhihua,攀枝花,Panzhihua,0.0,19.74,25.66,11.89,7.828195722662318,1.8,19549840.0,21985248.0,1129.5938,101.75,26.55,2014,850.76,-3.86,0.75,1.36
2014-03-09,panzhihua,攀枝花,Panzhihua,0.0,20.17,26.54,11.21,8.214095706938908,1.47,21344500.0,24010298.0,1137.1875,101.75,26.55,2014,850.52,-5.82,0.75,0.93
2014-03-10,panzhihua,攀枝花,Panzhihua,0.0,21.23,27.8,12.0,8.311967542931999,1.55,20831688.0,23440080.0,1139.3125,101.75,26.55,2014,850.05,-4.03,0.8,1.07
2014-03-11,panzhihua,攀枝花,Panzhihua,0.0,19.6,26.69,11.92,7.708359536296214,2.1,19629712.0,22093588.0,1134.1562,101.75,26.55,2014,849.39,1.11,1.08,1.59
2014-03-12,panzhihua,攀枝花,Panzhihua,0.0,20.3,26.16,11.1,7.770055440706518,1.29,21068806.0,23720104.0,1123.5312,101.75,26.55,2014,849.55,0.07,0.67,0.68
2014-03-13,panzhihua,攀枝花,Panzhihua,0.0,19.92,27.93,8.68,7.7219659907372975,1.53,20522208.0,23111272.0,1109.7188,101.75,26.55,2014,850.7,-0.04,0.28,0.19
2014-03-14,panzhihua,攀枝花,Panzhihua,0.0,17.17,23.02,8.98,6.149543889807129,0.74,19055630.0,21466026.0,1094.4688,101.75,26.55,2014,852.79,1.95,-0.09,-0.24
2014-03-15,panzhihua,攀枝花,Panzhihua,0.0,21.38,27.98,11.31,8.380910276607423,1.7,21047018.0,23715584.0,1078.25,101.75,26.55,2014,851.73,-0.72,0.39,0.94
2014-03-16,panzhihua,攀枝花,Panzhihua,0.0,20.68,27.54,12.41,7.663281931589568,0.77,21854322.0,24629374.0,1062.0312,101.75,26.55,2014,852.87,-0.22,0.15,-0.06
2014-03-17,panzhihua,攀枝花,Panzhihua,0.0,23.14,29.96,13.46,9.105669845321897,1.59,21926472.0,24714800.0,1046.25,101.75,26.55,2014,850.4,-4.24,0.82,1.16
2014-03-18,panzhihua,攀枝花,Panzhihua,0.0,23.27,29.8,14.61,9.244461234751183,1.94,21865912.0,24650566.0,1031.9062,101.75,26.55,2014,848.33,-0.1,0.91,1.41
2014-03-19,panzhihua,攀枝花,Panzhihua,0.0,22.85,29.49,15.07,8.44677265341514,1.44,21317560.0,24036326.0,1020.15625,101.75,26.55,2014,848.34,1.71,0.87,0.81
2014-03-20,panzhihua,攀枝花,Panzhihua,1.73,16.5,26.25,9.29,4.893420156229473,1.13,14789167.0,16677894.0,1011.53125,101.75,26.55,2014,852.47,5.71,-0.0,-0.72
2014-03-21,panzhihua,攀枝花,Panzhihua,0.32,16.37,22.65,9.07,6.024154940954827,0.79,19539680.0,22039448.0,1007.125,101.75,26.55,2014,850.6,5.19,0.39,-0.41
2014-03-22,panzhihua,攀枝花,Panzhihua,0.25,17.35,25.0,9.9,6.535099675215923,1.49,20184260.0,22769346.0,1010.25,101.75,26.55,2014,849.78,6.4,1.09,-0.11
2014-03-23,panzhihua,攀枝花,Panzhihua,10.44,16.1,23.19,10.33,5.247175559975301,1.16,17733956.0,20009116.0,1026.375,101.75,26.55,2014,851.95,9.76,0.96,-0.35
2014-03-24,panzhihua,攀枝花,Panzhihua,1.36,16.43,21.64,10.39,5.442047446135179,0.68,17961404.0,20269376.0,1052.8125,101.75,26.55,2014,850.31,7.95,0.29,-0.32
2014-03-25,panzhihua,攀枝花,Panzhihua,0.0,19.09,25.32,10.68,6.785162168427568,0.85,20161178.0,22755412.0,1089.5,101.75,26.55,2014,848.71,4.25,0.34,-0.14
2014-03-26,panzhihua,攀枝花,Panzhihua,0.03,20.1,25.14,12.34,6.873386479421287,1.09,19535642.0,22052536.0,1128.1562,101.75,26.55,2014,848.1,5.66,0.95,0.08
2014-03-27,panzhihua,攀枝花,Panzhihua,0.0,21.46,28.37,13.87,8.036486463376464,1.47,21892840.0,24717574.0,1162.0625,101.75,26.55,2014,846.29,6.05,0.93,0.74
2014-03-28,panzhihua,攀枝花,Panzhihua,0.04,22.94,29.51,14.44,8.280004193310571,1.18,22147604.0,25009456.0,1183.1562,101.75,26.55,2014,846.72,5.74,0.68,0.41
2014-03-29,panzhihua,攀枝花,Panzhihua,1.51,20.56,27.26,14.68,5.979490671667713,0.89,17562710.0,19835888.0,1186.9062,101.75,26.55,2014,846.32,10.7,0.64,0.04
2014-03-30,panzhihua,攀枝花,Panzhihua,0.07,21.76,26.26,14.37,6.384134817839942,1.24,16811154.0,18990348.0,1180.0,101.75,26.55,2014,845.89,7.85,0.37,0.85
2014-03-31,panzhihua,攀枝花,Panzhihua,0.04,21.34,28.91,13.18,7.564077656105652,1.38,20224258.0,22849332.0,1175.25,101.75,26.55,2014,846.6,4.98,0.14,0.19
2014-04-01,panzhihua,攀枝花,Panzhihua,0.02,20.87,28.03,13.25,7.676609339544897,1.54,20174474.0,22796698.0,1184.6875,101.75,26.55,2014,846.03,3.14,0.53,0.89
2014-04-02,panzhihua,攀枝花,Panzhihua,0.02,22.05,27.61,14.45,8.577608988236687,1.54,21802406.0,24639900.0,1215.2812,101.75,26.55,2014,846.97,0.33,0.69,1.02
2014-04-03,panzhihua,攀枝花,Panzhihua,1.21,19.96,26.38,13.84,7.277115158968465,1.0,20797520.0,23508306.0,1259.0,101.75,26.55,2014,851.29,3.38,-0.19,-0.46
2014-04-04,panzhihua,攀枝花,Panzhihua,0.23,21.09,27.11,13.46,7.2212525716573825,0.75,20758392.0,23468382.0,1300.4688,101.75,26.55,2014,850.14,5.39,0.31,0.18
2014-04-05,panzhihua,攀枝花,Panzhihua,2.05,19.59,26.91,12.75,6.940451478534269,1.3,20240480.0,22885868.0,1342.625,101.75,26.55,2014,850.11,7.55,0.69,-0.02
2014-04-06,panzhihua,攀枝花,Panzhihua,0.01,18.63,23.13,12.5,4.901496649113869,0.59,14799032.0,16735464.0,1389.3125,101.75,26.55,2014,851.19,7.43,0.06,-0.19
2014-04-07,panzhihua,攀枝花,Panzhihua,0.01,23.23,28.18,13.96,7.771739635295034,0.87,21003456.0,23756688.0,1433.25,101.75,26.55,2014,848.14,5.45,0.35,-0.29
2014-04-08,panzhihua,攀枝花,Panzhihua,4.72,21.83,27.73,15.11,6.6354823220559975,0.75,19060966.0,21563918.0,1461.4062,101.75,26.55,2014,848.64,9.97,0.2,-0.4
2014-04-09,panzhihua,攀枝花,Panzhihua,0.18,23.67,29.88,15.2,6.959010168528186,1.0,18225676.0,20621902.0,1462.4375,101.75,26.55,2014,847.74,8.48,0.59,0.42
2014-04-10,panzhihua,攀枝花,Panzhihua,0.0,25.44,32.43,17.2,9.637240320693737,1.56,23873928.0,27016858.0,1448.9688,101.75,26.55,2014,846.97,6.43,1.07,0.85
2014-04-11,panzhihua,攀枝花,Panzhihua,0.0,25.79,32.04,17.74,9.925471253620673,1.9,22602402.0,25581976.0,1437.1562,101.75,26.55,2014,846.66,2.42,0.91,1.41
2014-04-12,panzhihua,攀枝花,Panzhihua,0.0,26.06,32.68,17.25,9.994416784968498,1.16,24594298.0,27841306.0,1430.7812,101.75,26.55,2014,847.92,-1.64,0.59,0.71
2014-04-13,panzhihua,攀枝花,Panzhihua,0.0,26.23,32.64,18.02,10.319608197949798,1.25,24947086.0,28245516.0,1428.6875,101.75,26.55,2014,849.47,-3.97,0.74,0.77
2014-04-14,panzhihua,攀枝花,Panzhihua,0.0,25.85,32.91,17.82,10.771802038725523,1.96,24373564.0,27600722.0,1435.6562,101.75,26.55,2014,849.03,-1.83,0.77,1.64
2014-04-15,panzhihua,攀枝花,Panzhihua,0.0,26.05,32.6,17.61,10.978323244243525,2.08,24763452.0,28046818.0,1458.5938,101.75,26.55,2014,847.64,-0.3,0.92,1.72
2014-04-16,panzhihua,攀枝花,Panzhihua,0.0,25.8,31.45,17.88,10.384360629619271,1.87,23591858.0,26715072.0,1500.1562,101.75,26.55,2014,846.53,-0.85,0.73,1.46
2014-04-17,panzhihua,攀枝花,Panzhihua,0.0,25.96,32.63,17.74,10.520001539725277,1.93,24200522.0,27399534.0,1557.7188,101.75,26.55,2014,847.1,1.68,0.88,1.46
2014-04-18,panzhihua,攀枝花,Panzhihua,0.0,27.41,33.92,18.58,10.897321950494012,1.88,24558778.0,27799992.0,1624.75,101.75,26.55,2014,847.66,2.51,0.73,1.58
2014-04-19,panzhihua,攀枝花,Panzhihua,0.0,27.78,33.92,19.09,10.134332486787288,1.05,24759296.0,28021856.0,1693.4688,101.75,26.55,2014,847.39,1.77,0.64,0.02
2014-04-20,panzhihua,攀枝花,Panzhihua,0.0,28.43,35.59,20.46,11.421280529751268,2.16,24781562.0,28042072.0,1757.875,101.75,26.55,2014,845.28,4.02,1.27,1.54
2014-04-21,panzhihua,攀枝花,Panzhihua,0.0,28.89,35.27,19.38,11.068904821398425,1.76,24576912.0,27805354.0,1821.625,101.75,26.55,2014,847.21,3.56,0.81,1.17
2014-04-22,panzhihua,攀枝花,Panzhihua,0.0,27.65,34.97,17.93,11.335706497855256,2.02,25330438.0,28652746.0,1896.5,101.75,26.55,2014,847.43,2.48,0.6,1.44
2014-04-23,panzhihua,攀枝花,Panzhihua,0.0,28.13,35.12,20.41,11.886173311988832,2.38,25213616.0,28515436.0,1995.8438,101.75,26.55,2014,845.11,1.25,0.96,2.06
2014-04-24,panzhihua,攀枝花,Panzhihua,0.0,27.44,34.4,20.42,11.331221646496608,2.25,24379088.0,27566956.0,2115.1562,101.75,26.55,2014,845.54,0.89,0.82,1.98
2014-04-25,panzhihua,攀枝花,Panzhihua,0.01,27.66,33.55,19.44,10.951871926804538,1.76,24783526.0,28018924.0,2232.5625,101.75,26.55,2014,847.21,1.41,0.8,1.37
2014-04-26,panzhihua,攀枝花,Panzhihua,0.93,26.69,32.96,18.81,10.524499703262268,1.5,25308972.0,28607842.0,2333.3438,101.75,26.55,2014,848.77,2.93,0.12,0.51
2014-04-27,panzhihua,攀枝花,Panzhihua,0.46,25.03,31.23,18.27,8.680023702525308,1.15,22399540.0,25315074.0,2419.3438,101.75,26.55,2014,849.94,7.44,0.33,-0.76
2014-04-28,panzhihua,攀枝花,Panzhihua,1.76,22.02,28.53,15.85,6.51759189455404,0.98,18568888.0,20982240.0,2507.5312,101.75,26.55,2014,849.68,11.78,-0.47,-0.6
2014-04-29,panzhihua,攀枝花,Panzhihua,1.47,19.88,25.92,15.16,5.761929751183944,1.67,15136426.0,17100480.0,2610.2188,101.75,26.55,2014,851.36,7.93,-1.1,-1.09
2014-04-30,panzhihua,攀枝花,Panzhihua,0.0,23.69,29.24,15.15,9.242930981577066,0.83,25344498.0,28627452.0,2728.9688,101.75,26.55,2014,849.62,3.07,0.29,-0.08
2014-05-01,panzhihua,攀枝花,Panzhihua,3.81,25.06,32.91,15.96,8.957015743768507,1.24,23192736.0,26192196.0,2838.0938,101.75,26.55,2014,849.16,8.1,0.52,-0.5
2014-05-02,panzhihua,攀枝花,Panzhihua,14.78,20.3,27.64,16.31,5.255533794081941,0.75,16301270.0,18406736.0,2923.2188,101.75,26.55,2014,852.1,14.6,0.54,-0.31
2014-05-03,panzhihua,攀枝花,Panzhihua,1.44,22.63,28.45,16.8,6.439398763842106,1.18,17916434.0,20227546.0,2979.4688,101.75,26.55,2014,848.35,12.9,0.84,-0.18
2014-05-04,panzhihua,攀枝花,Panzhihua,5.17,16.56,20.43,13.3,3.2576382535781785,1.56,9588738.0,10823998.0,3019.9688,101.75,26.55,2014,853.64,10.65,-1.02,-1.14
2014-05-05,panzhihua,攀枝花,Panzhihua,1.02,16.52,19.03,13.23,2.3269155847635687,0.65,6768542.0,7638542.0,3038.1875,101.75,26.55,2014,854.46,9.27,-0.31,-0.3
2014-05-06,panzhihua,攀枝花,Panzhihua,14.6,18.43,24.09,14.57,4.156931205299876,0.58,13259758.0,14960946.0,3041.9062,101.75,26.55,2014,850.56,12.95,0.28,-0.08
2014-05-07,panzhihua,攀枝花,Panzhihua,4.17,19.46,24.18,15.39,5.075338077392766,0.62,16150454.0,18220524.0,3021.3125,101.75,26.55,2014,848.64,14.28,-0.14,-0.29
2014-05-08,panzhihua,攀枝花,Panzhihua,2.2,22.37,28.27,16.36,6.983013624444076,1.44,19339178.0,21813318.0,3019.3438,101.75,26.55,2014,843.8,12.0,1.04,0.37
2014-05-09,panzhihua,攀枝花,Panzhihua,0.21,22.25,27.03,16.7,5.615734871993065,1.34,15086454.0,17013258.0,3037.5625,101.75,26.55,2014,842.45,12.74,0.82,0.34
2014-05-10,panzhihua,攀枝花,Panzhihua,0.05,24.88,30.04,18.24,6.895391837770219,1.33,17263994.0,19465684.0,3052.9688,101.75,26.55,2014,843.67,11.76,0.7,0.59
2014-05-11,panzhihua,攀枝花,Panzhihua,0.1,23.87,28.33,19.25,6.647276291220187,1.1,17825286.0,20095122.0,3081.9688,101.75,26.55,2014,846.62,12.55,-0.06,-0.9
2014-05-12,panzhihua,攀枝花,Panzhihua,0.0,26.03,32.94,19.46,9.44889875384195,1.7,23471716.0,26454952.0,3143.7812,101.75,26.55,2014,844.37,10.05,1.19,0.77
2014-05-13,panzhihua,攀枝花,Panzhihua,0.0,27.76,35.07,19.59,10.640860673975778,1.95,25106300.0,28291914.0,3235.125,101.75,26.55,2014,842.17,9.6,1.1,1.41
2014-05-14,panzhihua,攀枝花,Panzhihua,0.0,28.36,33.87,21.44,9.339317777908123,1.84,20540698.0,23143460.0,3325.9688,101.75,26.55,2014,842.72,9.15,0.83,1.07
2014-05-15,panzhihua,攀枝花,Panzhihua,0.0,27.47,33.57,21.42,9.538565534742563,1.99,21435686.0,24147104.0,3402.1562,101.75,26.55,2014,842.77,9.02,1.29,1.05
2014-05-16,panzhihua,攀枝花,Panzhihua,0.0,27.97,33.78,21.1,9.989052734940511,2.02,21963078.0,24757672.0,3462.4062,101.75,26.55,2014,843.82,7.61,1.19,1.16
2014-05-17,panzhihua,攀枝花,Panzhihua,0.0,29.02,35.06,21.79,10.739150384322071,1.64,24433964.0,27561872.0,3508.6875,101.75,26.55,2014,844.7,6.15,0.91,0.73
2014-05-18,panzhihua,攀枝花,Panzhihua,0.0,28.73,33.48,22.24,8.828115450359826,1.26,20218288.0,22821732.0,3541.25,101.75,26.55,2014,845.68,7.34,0.48,0.58
2014-05-19,panzhihua,攀枝花,Panzhihua,0.0,29.51,33.7,23.06,8.285849430934912,0.96,19423030.0,21938880.0,3573.0938,101.75,26.55,2014,846.55,8.38,0.57,-0.26
2014-05-20,panzhihua,攀枝花,Panzhihua,0.0,29.42,35.26,23.2,9.713442730418777,1.84,21014698.0,23752560.0,3614.5,101.75,26.55,2014,842.78,9.73,1.35,0.62
2014-05-21,panzhihua,攀枝花,Panzhihua,0.0,29.27,35.46,22.91,9.892638133863416,1.94,21650248.0,24488084.0,3679.4062,101.75,26.55,2014,840.93,10.69,1.25,0.73
2014-05-22,panzhihua,攀枝花,Panzhihua,0.0,29.57,35.88,22.72,10.505895798918797,1.92,22772380.0,25774400.0,3773.1562,101.75,26.55,2014,841.3,8.44,1.17,0.98
2014-05-23,panzhihua,攀枝花,Panzhihua,0.0,30.08,37.18,22.66,11.663032592372112,2.06,25717742.0,29127136.0,3905.1875,101.75,26.55,2014,843.69,9.05,1.34,0.83
2014-05-24,panzhihua,攀枝花,Panzhihua,0.0,30.85,37.19,24.29,10.753278567981685,1.48,24608310.0,27889720.0,4117.25,101.75,26.55,2014,846.31,10.93,1.19,0.07
2014-05-25,panzhihua,攀枝花,Panzhihua,1.02,30.13,36.54,23.45,9.54605049033427,1.45,22026082.0,24980476.0,4456.4688,101.75,26.55,2014,848.25,13.14,0.81,-0.5
2014-05-26,panzhihua,攀枝花,Panzhihua,0.18,28.75,34.02,22.82,7.836306927074058,1.18,18835542.0,21376716.0,4923.1875,101.75,26.55,2014,848.44,14.81,-0.16,-1.09
2014-05-27,panzhihua,攀枝花,Panzhihua,0.76,26.79,31.67,21.07,6.867152698195719,1.28,16586844.0,18837444.0,5474.875,101.75,26.55,2014,847.96,14.14,-0.21,-1.2
2014-05-28,panzhihua,攀枝花,Panzhihua,0.03,28.09,32.18,21.81,6.5432464389044585,0.76,16218906.0,18432432.0,6001.75,101.75,26.55,2014,845.29,13.93,0.03,-0.46
2014-05-29,panzhihua,攀枝花,Panzhihua,1.44,30.58,36.32,25.07,9.460516872448494,1.18,22254274.0,25308164.0,6394.7188,101.75,26.55,2014,843.27,13.22,0.85,-0.25
2014-05-30,panzhihua,攀枝花,Panzhihua,0.03,31.18,36.06,24.64,9.85351357061134,1.3,22518390.0,25625020.0,6673.5625,101.75,26.55,2014,842.86,12.46,1.06,0.12
2014-05-31,panzhihua,攀枝花,Panzhihua,0.0,31.59,36.73,24.72,10.898754752596744,1.48,24335170.0,27711076.0,6921.5,101.75,26.55,2014,843.29,10.44,1.15,0.47
2014-06-01,panzhihua,攀枝花,Panzhihua,0.0,31.61,37.52,24.66,11.052071886597336,1.51,24810874.0,28271980.0,7177.6875,101.75,26.55,2014,844.03,11.16,1.24,0.32
2014-06-02,panzhihua,攀枝花,Panzhihua,0.0,31.79,38.14,25.19,11.024061788978289,1.57,24563434.0,28009012.0,7393.5,101.75,26.55,2014,842.36,11.93,1.36,0.27
2014-06-03,panzhihua,攀枝花,Panzhihua,0.0,31.53,36.91,25.68,10.376450153567962,1.46,23366746.0,26662508.0,7503.5,101.75,26.55,2014,841.35,12.88,1.18,-0.01
2014-06-04,panzhihua,攀枝花,Panzhihua,0.99,31.06,37.21,24.11,9.56909136552754,1.14,22615258.0,25823132.0,7456.2188,101.75,26.55,2014,842.03,14.65,0.48,-0.22
2014-06-05,panzhihua,攀枝花,Panzhihua,9.91,27.63,33.06,21.33,6.115686156445668,0.86,15438210.0,17639324.0,7298.9062,101.75,26.55,2014,843.1,17.34,-0.25,-0.63
2014-06-06,panzhihua,攀枝花,Panzhihua,9.01,23.3,27.11,20.78,3.676763328031426,1.0,10343612.0,11827740.0,7144.2812,101.75,26.55,2014,845.71,19.1,-0.66,-0.69
2014-06-07,panzhihua,攀枝花,Panzhihua,14.37,20.88,22.5,19.82,1.9855143633550447,0.52,5703990.0,6526000.0,7139.875,101.75,26.55,2014,846.58,17.2,-0.33,0.17
2014-06-08,panzhihua,攀枝花,Panzhihua,18.17,22.5,26.09,19.93,3.5209393021289914,0.53,10266978.0,11755240.0,7286.1875,101.75,26.55,2014,844.38,18.26,0.17,-0.27
2014-06-09,panzhihua,攀枝花,Panzhihua,18.1,23.26,27.2,20.42,4.66541199849018,0.6,13887598.0,15911476.0,7530.375,101.75,26.55,2014,843.58,20.03,-0.3,-0.14
2014-06-10,panzhihua,攀枝花,Panzhihua,16.3,21.76,22.97,20.15,2.8204524789523684,0.6,8342906.0,9565068.0,7801.0,101.75,26.55,2014,846.26,18.66,-0.33,-0.44
2014-06-11,panzhihua,攀枝花,Panzhihua,1.52,21.65,23.02,20.44,2.056848262772125,0.61,5625430.0,6453756.0,8119.3438,101.75,26.55,2014,846.6,17.37,-0.33,-0.03
2014-06-12,panzhihua,攀枝花,Panzhihua,6.18,22.14,25.71,20.32,3.639565686272889,0.48,10946920.0,12567600.0,8537.905999999999,101.75,26.55,2014,845.78,19.25,-0.14,-0.38
2014-06-13,panzhihua,攀枝花,Panzhihua,20.6,21.85,24.56,20.37,3.320673593235952,0.54,10123238.0,11629868.0,9047.1875,101.75,26.55,2014,845.64,19.68,0.06,-0.16
2014-06-14,panzhihua,攀枝花,Panzhihua,17.42,21.36,25.43,18.89,3.836416173172504,0.62,12036200.0,13837000.0,9547.844,101.75,26.55,2014,846.67,19.77,-0.13,0.1
2014-06-15,panzhihua,攀枝花,Panzhihua,21.41,22.61,27.52,19.61,5.336054443942492,0.55,16269300.0,18716152.0,10055.906,101.75,26.55,2014,845.46,20.19,-0.07,0.12
2014-06-16,panzhihua,攀枝花,Panzhihua,20.33,20.09,22.89,17.51,2.8666679312655186,0.89,8850516.0,10184816.0,10606.4375,101.75,26.55,2014,847.46,17.55,-0.53,-0.08
2014-06-17,panzhihua,攀枝花,Panzhihua,8.7,19.87,23.16,15.36,3.0689964595489694,0.61,8891158.0,10233640.0,11197.531,101.75,26.55,2014,848.71,14.07,-0.36,0.34
2014-06-18,panzhihua,攀枝花,Panzhihua,6.26,21.91,25.38,15.41,5.772860658711807,0.38,17336436.0,19956968.0,11631.1875,101.75,26.55,2014,844.48,16.59,-0.05,-0.05
2014-06-19,panzhihua,攀枝花,Panzhihua,10.81,23.07,28.01,20.34,5.6490976328840175,0.67,17004648.0,19578860.0,11725.031,101.75,26.55,2014,842.41,19.96,0.11,0.0
2014-06-20,panzhihua,攀枝花,Panzhihua,11.86,22.62,25.94,19.85,4.110919304160123,0.66,12271074.0,14130860.0,11572.344,101.75,26.55,2014,843.9,19.61,-0.17,0.13
2014-06-21,panzhihua,攀枝花,Panzhihua,15.57,21.08,23.42,19.51,2.9613164100660168,0.78,8893024.0,10243444.0,11298.406,101.75,26.55,2014,847.29,18.24,-0.61,-0.23
2014-06-22,panzhihua,攀枝花,Panzhihua,4.4,21.82,24.35,19.58,2.8484261630259047,0.67,8057816.0,9282740.0,11091.156,101.75,26.55,2014,846.97,17.47,-0.57,0.07
2014-06-23,panzhihua,攀枝花,Panzhihua,2.52,24.21,27.75,20.07,5.59803679333704,0.57,16072120.0,18519408.0,11117.625,101.75,26.55,2014,843.63,19.08,-0.11,-0.25
2014-06-24,panzhihua,攀枝花,Panzhihua,1.04,26.02,29.52,21.44,6.910757625037832,1.08,18659620.0,21505220.0,11367.1875,101.75,26.55,2014,841.3,18.7,0.8,-0.43
2014-06-25,panzhihua,攀枝花,Panzhihua,1.32,26.41,30.3,22.25,6.653939402745321,1.06,17759850.0,20472244.0,11693.156,101.75,26.55,2014,843.26,19.12,0.81,-0.42
2014-06-26,panzhihua,攀枝花,Panzhihua,9.88,24.02,28.99,20.07,5.6186351490882025,0.8,16576068.0,19110968.0,11988.969,101.75,26.55,2014,846.19,20.68,-0.26,0.05
2014-06-27,panzhihua,攀枝花,Panzhihua,18.29,22.97,27.4,19.99,4.127802128893075,0.69,12342608.0,14231940.0,12301.719,101.75,26.55,2014,847.28,20.4,-0.59,-0.05
2014-06-28,panzhihua,攀枝花,Panzhihua,23.52,21.21,23.9,19.63,2.549883355529906,0.59,7932790.0,9149532.0,12777.9375,101.75,26.55,2014,846.64,19.95,-0.32,-0.45
2014-06-29,panzhihua,攀枝花,Panzhihua,16.07,21.39,24.17,19.67,2.233725977460085,0.65,6726594.0,7759088.0,13580.969,101.75,26.55,2014,848.09,19.48,-0.31,-0.14
2014-06-30,panzhihua,攀枝花,Panzhihua,7.42,21.07,23.27,19.19,2.532352506974996,0.59,7680718.0,8861832.0,14787.3125,101.75,26.55,2014,849.27,18.9,-0.26,-0.01
2014-07-01,panzhihua,攀枝花,Panzhihua,14.46,22.34,26.4,19.35,4.6528429974910726,0.6,14101294.0,16272116.0,15554.281,101.75,26.55,2014,848.72,19.66,-0.2,-0.22
2014-07-02,panzhihua,攀枝花,Panzhihua,24.15,21.13,25.41,18.76,3.452951501286312,0.42,10728970.0,12384536.0,16255.906,101.75,26.55,2014,846.59,19.65,-0.27,-0.12
2014-07-03,panzhihua,攀枝花,Panzhihua,40.25,21.76,26.52,19.61,4.473041152732304,0.49,13869382.0,16011576.0,16963.343999999994,101.75,26.55,2014,844.08,20.28,-0.23,-0.12
2014-07-04,panzhihua,攀枝花,Panzhihua,3.68,23.06,26.01,20.03,4.4578062505475495,0.48,13076038.0,15099016.0,17370.656000000006,101.75,26.55,2014,845.22,19.22,0.28,-0.2
2014-07-05,panzhihua,攀枝花,Panzhihua,10.52,23.39,28.01,19.95,5.584961014781214,0.5,16702482.0,19289104.0,17331.438000000002,101.75,26.55,2014,845.71,20.82,-0.05,0.03
2014-07-06,panzhihua,攀枝花,Panzhihua,20.52,22.04,26.87,19.73,3.900258027738495,0.53,11982072.0,13840616.0,16997.156000000006,101.75,26.55,2014,845.95,20.43,-0.24,0.06
2014-07-07,panzhihua,攀枝花,Panzhihua,10.93,22.84,27.19,19.44,4.474384680157621,0.57,13493832.0,15589632.0,16498.188000000002,101.75,26.55,2014,845.6,20.63,-0.09,-0.08
2014-07-08,panzhihua,攀枝花,Panzhihua,5.37,25.12,28.9,20.4,6.642127767146167,0.49,18966654.0,21917472.0,16047.25,101.75,26.55,2014,844.09,20.07,0.09,0.15
2014-07-09,panzhihua,攀枝花,Panzhihua,6.14,25.41,29.94,21.34,7.048467617713608,0.54,20150186.0,23289764.0,15603.6875,101.75,26.55,2014,844.08,20.74,-0.13,0.04
2014-07-10,panzhihua,攀枝花,Panzhihua,13.09,23.35,28.14,20.19,4.9989967941079625,0.63,14877246.0,17197024.0,15112.4375,101.75,26.55,2014,845.75,20.52,-0.14,0.41
2014-07-11,panzhihua,攀枝花,Panzhihua,14.0,23.55,27.34,20.31,5.223094750576967,0.59,15468452.0,17885144.0,14665.5,101.75,26.55,2014,846.05,20.55,-0.3,0.18
2014-07-12,panzhihua,攀枝花,Panzhihua,12.54,22.91,27.11,20.49,4.534239880040502,0.86,13460128.0,15564752.0,14557.5625,101.75,26.55,2014,848.16,19.75,-0.68,0.01
2014-07-13,panzhihua,攀枝花,Panzhihua,3.61,20.92,23.44,19.66,2.90620062230493,0.62,8589802.0,9934748.0,15026.969,101.75,26.55,2014,849.97,17.42,-0.21,0.28
2014-07-14,panzhihua,攀枝花,Panzhihua,17.51,21.04,24.72,19.32,3.519373333370812,0.44,10785374.0,12479002.0,15790.344,101.75,26.55,2014,848.75,18.65,-0.17,-0.15
2014-07-15,panzhihua,攀枝花,Panzhihua,21.86,20.49,22.15,18.99,1.9431774695234456,0.38,6073604.0,7027930.0,16568.781000000006,101.75,26.55,2014,848.38,19.61,-0.3,0.02
2014-07-16,panzhihua,攀枝花,Panzhihua,14.62,21.31,25.6,18.28,3.994995682880643,0.56,12438268.0,14394144.0,17429.75,101.75,26.55,2014,846.88,19.69,0.03,-0.16
2014-07-17,panzhihua,攀枝花,Panzhihua,14.26,23.52,27.75,18.68,6.641539734011412,0.56,19553328.0,22629998.0,18086.594,101.75,26.55,2014,846.15,19.11,0.21,0.05
2014-07-18,panzhihua,攀枝花,Panzhihua,7.47,23.25,27.68,19.75,5.489519316869599,0.63,16230186.0,18784208.0,18162.125,101.75,26.55,2014,846.74,19.61,-0.12,-0.13
2014-07-19,panzhihua,攀枝花,Panzhihua,5.44,24.1,27.27,20.41,5.893515956940223,0.51,17036304.0,19719312.0,17784.968999999994,101.75,26.55,2014,845.93,19.45,-0.18,0.13
2014-07-20,panzhihua,攀枝花,Panzhihua,30.96,22.37,26.37,19.36,4.646816889558625,0.55,14062166.0,16279990.0,17295.531000000006,101.75,26.55,2014,846.84,19.92,-0.25,-0.23
2014-07-21,panzhihua,攀枝花,Panzhihua,28.64,21.39,25.91,18.72,3.8688108229111897,0.69,12009612.0,13904868.0,16886.5,101.75,26.55,2014,847.93,19.52,-0.04,-0.34
2014-07-22,panzhihua,攀枝花,Panzhihua,7.32,21.21,25.17,17.72,3.905547266036824,0.58,11964724.0,13853306.0,16652.938000000002,101.75,26.55,2014,849.16,18.64,0.06,0.06
2014-07-23,panzhihua,攀枝花,Panzhihua,2.78,23.21,27.22,18.56,7.127185879054308,0.56,21204808.0,24553788.0,16380.625,101.75,26.55,2014,848.12,19.06,0.4,0.03
2014-07-24,panzhihua,攀枝花,Panzhihua,2.36,24.72,28.9,20.54,7.475266863431625,0.43,21505970.0,24903780.0,15892.703,101.75,26.55,2014,847.19,19.34,0.2,0.09
2014-07-25,panzhihua,攀枝花,Panzhihua,7.14,24.95,28.62,21.17,7.23872992492628,0.46,20736940.0,24014364.0,15225.75,101.75,26.55,2014,848.58,19.7,0.0,0.1
2014-07-26,panzhihua,攀枝花,Panzhihua,11.11,23.5,28.72,19.62,6.697835862847673,0.66,19765032.0,22891426.0,14711.656,101.75,26.55,2014,850.64,19.22,-0.1,-0.25
2014-07-27,panzhihua,攀枝花,Panzhihua,1.16,23.95,28.39,19.52,6.582115606920247,0.56,19126344.0,22153736.0,14578.6875,101.75,26.55,2014,849.45,19.08,0.23,-0.03
2014-07-28,panzhihua,攀枝花,Panzhihua,8.47,23.08,26.77,18.2,5.720111334781468,0.6,16920580.0,19598682.0,14569.234,101.75,26.55,2014,847.14,19.15,0.07,0.2
2014-07-29,panzhihua,攀枝花,Panzhihua,11.76,22.66,27.25,19.01,5.5989604333416345,0.48,16794052.0,19454894.0,14603.391,101.75,26.55,2014,847.21,19.54,0.09,0.01
2014-07-30,panzhihua,攀枝花,Panzhihua,4.95,23.12,27.01,19.5,5.034381280764456,0.45,14890816.0,17250834.0,14607.4375,101.75,26.55,2014,847.97,19.85,-0.0,0.1
2014-07-31,panzhihua,攀枝花,Panzhihua,16.43,23.42,28.32,19.99,5.858926661378383,0.56,17479930.0,20252024.0,14381.469,101.75,26.55,2014,846.52,20.67,-0.07,0.48
2014-08-01,panzhihua,攀枝花,Panzhihua,29.1,21.14,23.49,19.19,2.126472585154582,0.66,6594388.0,7641376.0,14125.547,101.75,26.55,2014,846.54,20.04,-0.27,-0.14
2014-08-02,panzhihua,攀枝花,Panzhihua,13.85,21.11,24.51,17.59,3.0167618322809147,0.41,9225804.0,10691844.0,14342.703,101.75,26.55,2014,847.13,19.15,0.18,0.02
2014-08-03,panzhihua,攀枝花,Panzhihua,9.64,22.45,27.28,18.31,5.9452668762619485,0.5,18006056.0,20867644.0,14788.6875,101.75,26.55,2014,845.35,19.7,0.22,0.03
2014-08-04,panzhihua,攀枝花,Panzhihua,21.92,22.43,26.67,19.24,5.110672925625846,0.63,15508042.0,17973666.0,14807.672,101.75,26.55,2014,845.8,19.9,-0.02,-0.06
2014-08-05,panzhihua,攀枝花,Panzhihua,12.8,21.36,24.03,18.48,3.807304317711576,0.68,11773588.0,13646318.0,14537.469,101.75,26.55,2014,846.86,19.39,-0.36,0.0
2014-08-06,panzhihua,攀枝花,Panzhihua,6.65,22.91,27.17,18.99,5.827333539628018,0.35,17407450.0,20178048.0,14169.859,101.75,26.55,2014,846.13,20.14,0.05,0.05
2014-08-07,panzhihua,攀枝花,Panzhihua,4.86,24.3,28.65,19.51,6.41492261164904,0.48,18687422.0,21664100.0,13736.172,101.75,26.55,2014,845.3,20.57,-0.03,0.21
2014-08-08,panzhihua,攀枝花,Panzhihua,5.8,24.44,28.36,20.29,5.811317093661673,0.47,16823106.0,19504310.0,13253.984,101.75,26.55,2014,844.83,20.71,0.07,0.18
2014-08-09,panzhihua,攀枝花,Panzhihua,20.58,23.91,28.21,20.58,5.314085304709204,0.49,15643810.0,18138276.0,12834.047,101.75,26.55,2014,845.54,21.23,0.08,0.14
2014-08-10,panzhihua,攀枝花,Panzhihua,14.79,22.59,26.94,19.98,4.253541223342198,0.55,12912748.0,14972828.0,12671.422,101.75,26.55,2014,845.19,20.88,-0.38,0.19
2014-08-11,panzhihua,攀枝花,Panzhihua,34.12,22.78,26.45,20.49,4.029105136084306,0.54,12122858.0,14057542.0,12918.297,101.75,26.55,2014,844.29,20.87,-0.17,-0.05
2014-08-12,panzhihua,攀枝花,Panzhihua,20.14,21.16,22.21,19.47,1.6680093601579549,0.8,4600254.0,5335716.0,13643.547,101.75,26.55,2014,846.37,18.44,-0.56,-0.49
2014-08-13,panzhihua,攀枝花,Panzhihua,0.33,22.14,24.24,18.89,4.8288828186758295,0.52,14053242.0,16299036.0,14680.734,101.75,26.55,2014,849.2,16.35,-0.04,0.26
2014-08-14,panzhihua,攀枝花,Panzhihua,0.31,23.12,25.61,20.59,4.9765243867796265,0.35,14288536.0,16573554.0,15617.297,101.75,26.55,2014,850.67,16.43,-0.08,-0.17
2014-08-15,panzhihua,攀枝花,Panzhihua,0.36,22.66,24.94,20.46,4.069837414579832,0.44,11597166.0,13452596.0,16149.969,101.75,26.55,2014,849.95,16.62,-0.17,0.18
2014-08-16,panzhihua,攀枝花,Panzhihua,0.39,23.95,26.84,20.62,5.393383636841742,0.59,15348034.0,17804184.0,16278.609,101.75,26.55,2014,846.6,18.55,0.29,-0.22
2014-08-17,panzhihua,攀枝花,Panzhihua,12.91,23.25,27.59,20.43,5.000093638558911,0.81,14642208.0,16984592.0,16141.781,101.75,26.55,2014,846.23,19.53,0.22,-0.08
2014-08-18,panzhihua,攀枝花,Panzhihua,19.37,21.11,22.7,18.28,2.562586380779557,0.53,7897574.0,9160456.0,16011.797,101.75,26.55,2014,850.51,19.71,-0.37,0.14
2014-08-19,panzhihua,攀枝花,Panzhihua,3.38,22.79,27.68,18.72,6.475280253645576,0.56,19394682.0,22495366.0,16200.906,101.75,26.55,2014,851.38,19.16,0.06,-0.15
2014-08-20,panzhihua,攀枝花,Panzhihua,0.89,22.96,26.4,18.91,5.6952276590524775,0.65,16742526.0,19418126.0,16307.594,101.75,26.55,2014,850.29,18.5,0.34,-0.34
2014-08-21,panzhihua,攀枝花,Panzhihua,1.3,23.99,27.11,20.1,5.916033454289996,0.88,16493442.0,19128496.0,15991.0625,101.75,26.55,2014,848.25,17.4,0.61,-0.46
2014-08-22,panzhihua,攀枝花,Panzhihua,8.65,22.49,27.01,20.15,4.587444586441964,0.66,13778482.0,15978674.0,15447.594,101.75,26.55,2014,848.64,19.71,0.13,-0.15
2014-08-23,panzhihua,攀枝花,Panzhihua,51.45,21.69,26.13,19.3,4.427472928414665,0.68,13557176.0,15721590.0,15351.203,101.75,26.55,2014,849.22,19.22,-0.06,-0.09
2014-08-24,panzhihua,攀枝花,Panzhihua,8.86,19.64,20.92,18.84,1.9004690706601528,0.38,5776446.0,6698704.0,15802.594,101.75,26.55,2014,852.47,17.15,0.05,0.03
2014-08-25,panzhihua,攀枝花,Panzhihua,1.83,20.57,22.87,18.71,3.1604204518145584,0.49,9442790.0,10948968.0,16612.843999999994,101.75,26.55,2014,852.38,16.7,0.11,0.31
2014-08-26,panzhihua,攀枝花,Panzhihua,17.9,21.02,25.05,18.27,4.419824367792062,0.54,13654278.0,15832152.0,17316.734,101.75,26.55,2014,850.99,18.54,0.05,-0.23
2014-08-27,panzhihua,攀枝花,Panzhihua,24.05,19.68,23.63,17.47,2.926127087684,0.52,9405436.0,10905088.0,17714.531000000006,101.75,26.55,2014,852.21,18.7,-0.1,-0.14
2014-08-28,panzhihua,攀枝花,Panzhihua,2.41,20.16,23.43,17.0,3.672632834135568,0.6,11498188.0,13331208.0,17994.828,101.75,26.55,2014,853.12,17.86,-0.22,0.15
2014-08-29,panzhihua,攀枝花,Panzhihua,9.34,21.81,26.6,17.09,5.801015959990997,0.56,17788510.0,20624000.0,18152.875,101.75,26.55,2014,852.46,19.06,0.13,-0.13
2014-08-30,panzhihua,攀枝花,Panzhihua,1.98,22.14,25.22,18.89,5.097139176896058,0.45,15260302.0,17691566.0,18021.984,101.75,26.55,2014,851.87,18.43,0.04,-0.18
2014-08-31,panzhihua,攀枝花,Panzhihua,0.3,23.47,27.17,19.16,6.529461828648244,0.57,18994700.0,22020556.0,17492.125,101.75,26.55,2014,849.83,18.01,0.28,-0.26
2014-09-01,panzhihua,攀枝花,Panzhihua,1.72,24.2,28.07,19.8,6.38896980855031,0.62,18215350.0,21116028.0,16716.453,101.75,26.55,2014,849.63,18.24,0.3,-0.13
2014-09-02,panzhihua,攀枝花,Panzhihua,8.91,22.26,26.53,18.78,5.042883848155974,0.53,15232834.0,17657318.0,16101.547,101.75,26.55,2014,852.23,19.43,-0.19,-0.03
2014-09-03,panzhihua,攀枝花,Panzhihua,7.4,21.48,25.2,18.91,4.597042267433755,0.44,13977974.0,16202074.0,15776.656,101.75,26.55,2014,851.33,18.47,-0.01,0.08
2014-09-04,panzhihua,攀枝花,Panzhihua,4.29,21.73,26.09,18.45,4.519928174617414,0.44,13791550.0,15986044.0,15601.484,101.75,26.55,2014,848.24,19.44,-0.17,0.1
2014-09-05,panzhihua,攀枝花,Panzhihua,11.67,21.78,26.7,18.71,4.745575995725889,0.5,14514952.0,16823548.0,15532.0625,101.75,26.55,2014,847.85,19.47,-0.21,0.15
2014-09-06,panzhihua,攀枝花,Panzhihua,6.37,21.32,26.26,17.06,4.378487745296607,0.49,13431424.0,15567154.0,15432.797,101.75,26.55,2014,850.11,18.83,0.06,0.11
2014-09-07,panzhihua,攀枝花,Panzhihua,4.28,21.94,26.73,17.48,5.11924925296779,0.48,15500676.0,17964518.0,15138.609,101.75,26.55,2014,850.21,18.86,0.1,0.08
2014-09-08,panzhihua,攀枝花,Panzhihua,6.69,22.93,27.59,17.85,6.190602676397457,0.48,18434078.0,21363506.0,14643.516,101.75,26.55,2014,848.31,19.21,0.05,0.3
2014-09-09,panzhihua,攀枝花,Panzhihua,16.38,21.59,26.34,17.67,4.930712036604938,0.46,15140280.0,17545558.0,13963.266,101.75,26.55,2014,848.48,19.33,-0.14,0.3
2014-09-10,panzhihua,攀枝花,Panzhihua,3.57,22.0,26.26,18.22,4.943724169416469,0.33,14953116.0,17328104.0,13256.359,101.75,26.55,2014,848.51,19.38,-0.15,0.12
2014-09-11,panzhihua,攀枝花,Panzhihua,1.35,23.61,27.73,19.59,5.696066791146356,0.79,16319746.0,18911566.0,12716.609,101.75,26.55,2014,847.39,18.29,0.36,-0.04
2014-09-12,panzhihua,攀枝花,Panzhihua,0.74,23.89,27.8,19.68,5.7410208317266544,0.62,16439194.0,19049148.0,12315.3125,101.75,26.55,2014,847.22,18.51,0.24,-0.06
2014-09-13,panzhihua,攀枝花,Panzhihua,1.09,24.32,28.06,20.4,6.142025719667803,0.48,17546566.0,20331130.0,11951.0,101.75,26.55,2014,847.87,18.6,0.03,0.18
2014-09-14,panzhihua,攀枝花,Panzhihua,14.58,24.02,27.78,19.96,5.372450806118696,0.46,15527568.0,17991180.0,11615.8125,101.75,26.55,2014,848.49,19.73,-0.24,0.02
2014-09-15,panzhihua,攀枝花,Panzhihua,6.04,23.49,27.61,19.67,5.215578245427945,0.49,15229304.0,17644752.0,11294.8125,101.75,26.55,2014,848.35,19.49,-0.2,0.12
2014-09-16,panzhihua,攀枝花,Panzhihua,4.05,23.76,28.08,19.77,5.6744269408854695,0.42,16579692.0,19201120.0,10950.516,101.75,26.55,2014,846.72,19.84,-0.17,0.22
2014-09-17,panzhihua,攀枝花,Panzhihua,25.6,20.89,22.69,18.96,2.181585616620448,0.85,6370216.0,7374448.0,10631.797,101.75,26.55,2014,848.97,18.34,-0.51,-0.51
2014-09-18,panzhihua,攀枝花,Panzhihua,22.41,19.11,19.6,18.15,1.1605671789897904,0.57,3488670.0,4036816.0,10452.5625,101.75,26.55,2014,853.51,17.44,-0.13,-0.02
2014-09-19,panzhihua,攀枝花,Panzhihua,3.54,19.63,21.66,18.05,1.9057493075228007,0.44,5804682.0,6713782.0,10493.344,101.75,26.55,2014,852.5,17.24,-0.14,0.17
2014-09-20,panzhihua,攀枝花,Panzhihua,7.05,21.9,25.73,18.14,5.03267404313921,0.49,15071882.0,17425026.0,10644.719,101.75,26.55,2014,849.55,17.63,0.11,-0.13
2014-09-21,panzhihua,攀枝花,Panzhihua,21.71,20.22,23.72,18.57,2.4273124742228727,0.52,7550398.0,8725404.0,10873.484,101.75,26.55,2014,850.39,18.49,-0.08,-0.13
2014-09-22,panzhihua,攀枝花,Panzhihua,3.84,21.51,24.78,19.22,3.327725605804914,0.52,9912146.0,11449556.0,11023.141,101.75,26.55,2014,849.17,18.11,0.26,-0.19
2014-09-23,panzhihua,攀枝花,Panzhihua,27.44,21.3,25.24,17.35,4.191047562060039,0.96,12942625.0,14943978.0,10934.734,101.75,26.55,2014,849.88,18.58,-0.35,-0.57
2014-09-24,panzhihua,攀枝花,Panzhihua,13.5,16.73,17.49,15.93,0.9363226162180476,0.6,2793302.0,3223768.0,10908.641,101.75,26.55,2014,854.49,14.64,-0.35,0.28
2014-09-25,panzhihua,攀枝花,Panzhihua,7.68,18.34,19.66,15.75,1.9028001005891764,0.29,6057737.0,6988141.0,11230.406,101.75,26.55,2014,852.29,16.35,-0.01,0.05
2014-09-26,panzhihua,攀枝花,Panzhihua,4.44,20.35,24.67,16.46,3.939271572430647,0.7,12322421.0,14209315.0,11769.719,101.75,26.55,2014,850.65,17.65,0.44,-0.19
2014-09-27,panzhihua,攀枝花,Panzhihua,1.07,21.14,25.23,16.74,4.47021562109851,0.89,13190537.0,15204192.0,12135.547,101.75,26.55,2014,850.61,16.09,0.49,-0.17
2014-09-28,panzhihua,攀枝花,Panzhihua,0.22,21.89,26.15,16.7,5.493878348979539,0.66,16289463.0,18767384.0,12191.797,101.75,26.55,2014,851.6,16.26,0.27,-0.05
2014-09-29,panzhihua,攀枝花,Panzhihua,4.04,22.24,26.58,17.46,5.713718052077169,0.44,17047988.0,19633750.0,11992.656,101.75,26.55,2014,853.01,17.08,0.18,-0.21
2014-09-30,panzhihua,攀枝花,Panzhihua,1.15,20.58,25.1,15.96,4.744174614897699,0.55,14670449.0,16888380.0,11685.656,101.75,26.55,2014,853.47,16.81,0.43,-0.17
2014-10-01,panzhihua,攀枝花,Panzhihua,0.86,21.19,25.51,16.06,5.230624656658286,0.55,15861806.0,18250818.0,11329.781,101.75,26.55,2014,853.27,16.29,0.18,-0.15
2014-10-02,panzhihua,攀枝花,Panzhihua,2.88,21.23,25.14,17.32,5.369041628865235,0.43,16200734.0,18633892.0,10875.016,101.75,26.55,2014,852.81,15.44,0.12,-0.16
2014-10-03,panzhihua,攀枝花,Panzhihua,1.6,20.44,24.15,16.5,4.622376290960667,0.52,14314252.0,16456067.0,10390.594,101.75,26.55,2014,851.17,16.58,-0.05,-0.16
2014-10-04,panzhihua,攀枝花,Panzhihua,3.49,19.16,23.78,15.09,4.711841622366565,0.64,15224866.0,17496436.0,9933.359,101.75,26.55,2014,855.42,16.22,-0.4,-0.16
2014-10-05,panzhihua,攀枝花,Panzhihua,0.19,19.56,23.5,15.14,5.440968754262676,0.6,16801294.0,19300036.0,9542.109,101.75,26.55,2014,859.05,13.03,-0.18,-0.3
2014-10-06,panzhihua,攀枝花,Panzhihua,0.16,19.1,23.57,13.19,5.6068117449295904,0.52,17497936.0,20092204.0,9177.25,101.75,26.55,2014,857.52,12.1,0.2,-0.16
2014-10-07,panzhihua,攀枝花,Panzhihua,0.0,18.72,23.34,12.71,5.220697019444695,0.4,16450333.0,18881186.0,8774.780999999999,101.75,26.55,2014,855.04,11.95,0.02,-0.09
2014-10-08,panzhihua,攀枝花,Panzhihua,0.04,19.44,23.97,13.0,5.261787967293579,0.34,16516828.0,18949460.0,8313.734,101.75,26.55,2014,853.45,13.85,0.1,-0.05
2014-10-09,panzhihua,攀枝花,Panzhihua,0.16,20.41,24.78,14.47,5.2104684965495895,0.5,15955639.0,18297124.0,7803.922,101.75,26.55,2014,851.45,14.61,0.18,-0.04
2014-10-10,panzhihua,攀枝花,Panzhihua,2.12,19.59,24.61,15.15,4.755200026453397,0.39,15031616.0,17230326.0,7289.3047,101.75,26.55,2014,851.35,15.73,0.28,0.07
2014-10-11,panzhihua,攀枝花,Panzhihua,11.39,19.56,23.62,15.54,4.196919489370332,0.51,13359696.0,15307652.0,6837.5312,101.75,26.55,2014,853.09,16.56,-0.2,-0.18
2014-10-12,panzhihua,攀枝花,Panzhihua,11.0,18.65,22.22,16.19,2.9041236547508817,1.02,9382490.0,10744790.0,6539.9766,101.75,26.55,2014,855.82,16.26,-0.06,-0.95
2014-10-13,panzhihua,攀枝花,Panzhihua,2.97,17.28,17.85,16.21,0.8193071773149733,0.69,2248468.0,2573664.0,6421.3669999999975,101.75,26.55,2014,857.03,14.95,-0.17,-0.64
2014-10-14,panzhihua,攀枝花,Panzhihua,1.77,19.19,20.87,17.28,1.9445746083250488,0.54,5776714.0,6609308.0,6326.1953,101.75,26.55,2014,855.74,15.6,-0.12,-0.38
2014-10-15,panzhihua,攀枝花,Panzhihua,0.9,20.79,23.73,18.22,3.41962024228792,0.94,9702528.0,11096102.0,6154.0080000000025,101.75,26.55,2014,852.32,15.43,0.65,-0.57
2014-10-16,panzhihua,攀枝花,Panzhihua,1.14,21.13,24.36,18.1,3.6404904437192296,0.85,10506400.0,12008080.0,5954.9688,101.75,26.55,2014,852.58,15.94,0.54,-0.5
2014-10-17,panzhihua,攀枝花,Panzhihua,1.24,20.22,23.81,16.93,3.799606936228208,0.61,11685426.0,13348360.0,5767.1484,101.75,26.55,2014,852.99,16.17,0.14,-0.21
2014-10-18,panzhihua,攀枝花,Panzhihua,0.52,20.43,24.69,16.36,4.375774653768355,0.88,12882746.0,14703208.0,5603.8359999999975,101.75,26.55,2014,851.35,14.22,0.5,-0.16
2014-10-19,panzhihua,攀枝花,Panzhihua,2.77,19.1,23.93,13.4,4.0454139590946685,0.59,12886078.0,14699088.0,5434.1797,101.75,26.55,2014,851.48,15.34,0.18,-0.12
2014-10-20,panzhihua,攀枝花,Panzhihua,0.74,18.82,22.98,13.55,4.820902373785279,0.73,15012346.0,17111904.0,5259.9062,101.75,26.55,2014,853.81,12.4,0.15,0.07
2014-10-21,panzhihua,攀枝花,Panzhihua,0.35,19.24,22.8,14.57,4.490720440983243,0.37,13987556.0,15934462.0,5113.9453,101.75,26.55,2014,857.68,12.43,-0.15,0.01
2014-10-22,panzhihua,攀枝花,Panzhihua,0.18,18.59,23.11,13.57,4.895827444670508,0.62,15276730.0,17390346.0,4987.5625,101.75,26.55,2014,855.83,11.29,0.09,-0.16
2014-10-23,panzhihua,攀枝花,Panzhihua,0.37,17.87,22.28,13.02,4.850171065803597,0.45,15623932.0,17773796.0,4865.335999999998,101.75,26.55,2014,854.28,11.31,0.03,-0.09
2014-10-24,panzhihua,攀枝花,Panzhihua,0.5,17.73,22.29,12.4,4.7001543696231,0.49,15101708.0,17167876.0,4745.367,101.75,26.55,2014,854.05,10.93,0.01,-0.05
2014-10-25,panzhihua,攀枝花,Panzhihua,0.01,18.18,22.94,12.0,5.115806511561876,0.52,16340308.0,18563916.0,4624.5703,101.75,26.55,2014,855.32,11.16,0.02,0.0
2014-10-26,panzhihua,攀枝花,Panzhihua,0.05,18.75,22.9,13.88,4.550323885753203,0.56,14099338.0,16007360.0,4485.172000000001,101.75,26.55,2014,855.61,11.27,0.14,-0.1
2014-10-27,panzhihua,攀枝花,Panzhihua,0.19,19.34,22.96,15.39,4.038250810898804,0.63,11829074.0,13419776.0,4323.797000000001,101.75,26.55,2014,853.34,10.35,0.07,0.24
2014-10-28,panzhihua,攀枝花,Panzhihua,3.14,17.19,19.69,14.77,2.5333138045073955,0.56,7973178.0,9039044.0,4149.2344,101.75,26.55,2014,853.28,12.54,0.09,-0.04
2014-10-29,panzhihua,攀枝花,Panzhihua,0.49,16.34,20.47,11.87,3.089394329638494,0.79,9909874.0,11227316.0,3987.789,101.75,26.55,2014,853.43,11.23,0.43,-0.26
2014-10-30,panzhihua,攀枝花,Panzhihua,0.02,16.95,21.99,11.74,4.291765504274075,0.79,13621770.0,15421564.0,3844.4297,101.75,26.55,2014,852.87,9.64,0.21,-0.02
2014-10-31,panzhihua,攀枝花,Panzhihua,0.0,18.07,23.76,12.03,4.970581429831984,0.67,15819848.0,17898852.0,3699.1094,101.75,26.55,2014,852.02,10.98,0.11,-0.08
2014-11-01,panzhihua,攀枝花,Panzhihua,0.16,17.66,23.11,11.27,3.955431503231672,0.79,12465978.0,14094076.0,3551.461,101.75,26.55,2014,853.35,11.54,0.06,-0.37
2014-11-02,panzhihua,攀枝花,Panzhihua,0.53,14.55,17.57,10.86,2.1933415430117043,1.05,6790286.0,7671484.0,3405.7266,101.75,26.55,2014,856.5,9.72,-0.48,-0.93
2014-11-03,panzhihua,攀枝花,Panzhihua,0.03,15.67,20.34,12.64,2.503818204676382,0.6,8168108.0,9221560.0,3279.7422,101.75,26.55,2014,852.85,10.98,-0.18,-0.33
2014-11-04,panzhihua,攀枝花,Panzhihua,0.35,18.77,24.0,12.68,4.738357894404109,1.07,14107268.0,15918208.0,3174.0156,101.75,26.55,2014,850.73,10.63,0.77,0.17
2014-11-05,panzhihua,攀枝花,Panzhihua,0.17,17.5,22.28,12.3,4.239604340364422,0.62,13578220.0,15310860.0,3078.461,101.75,26.55,2014,853.19,10.76,0.27,-0.24
2014-11-06,panzhihua,攀枝花,Panzhihua,0.73,17.88,22.33,12.12,4.1305935219335215,0.56,13319968.0,15010116.0,2999.0938,101.75,26.55,2014,852.11,12.18,0.2,-0.1
2014-11-07,panzhihua,攀枝花,Panzhihua,0.51,16.74,21.29,11.97,3.8348353384295337,0.63,12770994.0,14381680.0,2949.1094,101.75,26.55,2014,853.8,11.96,-0.2,-0.3
2014-11-08,panzhihua,攀枝花,Panzhihua,0.03,16.8,21.96,11.77,3.399555434499113,0.57,10997284.0,12375344.0,2933.0312,101.75,26.55,2014,853.18,10.92,-0.05,-0.24
2014-11-09,panzhihua,攀枝花,Panzhihua,0.0,17.55,22.71,12.35,4.252857689289873,0.72,13390894.0,15059532.0,2914.8828,101.75,26.55,2014,852.43,10.04,0.1,0.03
2014-11-10,panzhihua,攀枝花,Panzhihua,0.03,17.31,21.9,12.39,3.719451113849873,0.62,11801400.0,13263300.0,2871.5312,101.75,26.55,2014,852.14,10.51,-0.05,-0.09
2014-11-11,panzhihua,攀枝花,Panzhihua,0.25,16.01,20.12,12.62,2.520389098664181,0.73,7857972.0,8825420.0,2811.289,101.75,26.55,2014,853.6,10.36,-0.28,-0.55
2014-11-12,panzhihua,攀枝花,Panzhihua,0.32,14.11,18.73,10.56,2.567204966623525,1.07,8347904.0,9369416.0,2751.4531,101.75,26.55,2014,854.57,9.0,-0.6,-0.82
2014-11-13,panzhihua,攀枝花,Panzhihua,0.33,12.15,14.1,10.54,1.860699488593056,0.9,6126326.0,6870900.0,2709.6797,101.75,26.55,2014,856.36,7.29,-0.63,-0.59
2014-11-14,panzhihua,攀枝花,Panzhihua,0.01,14.3,18.41,10.84,2.4217867464369536,0.39,8372838.0,9384640.0,2687.2812,101.75,26.55,2014,852.94,9.59,-0.15,-0.13
2014-11-15,panzhihua,攀枝花,Panzhihua,0.02,15.98,20.44,11.06,3.084497345352426,0.68,9635244.0,10792848.0,2668.8438,101.75,26.55,2014,854.15,8.35,-0.04,-0.51
2014-11-16,panzhihua,攀枝花,Panzhihua,1.25,15.08,19.58,11.68,2.8571415193790584,0.74,9244446.0,10352040.0,2655.5234,101.75,26.55,2014,853.75,8.87,-0.23,-0.67
2014-11-17,panzhihua,攀枝花,Panzhihua,3.64,12.34,16.11,10.34,1.8015964714159869,1.09,6009838.0,6728652.0,2660.711,101.75,26.55,2014,856.45,8.39,-0.64,-0.86
2014-11-18,panzhihua,攀枝花,Panzhihua,0.46,12.78,16.94,9.31,1.9662974720990205,0.59,6925184.0,7751836.0,2678.0469,101.75,26.55,2014,856.28,8.81,-0.41,-0.31
2014-11-19,panzhihua,攀枝花,Panzhihua,0.4,14.03,18.65,9.47,2.6411946693938457,0.44,9217306.0,10315440.0,2686.9375,101.75,26.55,2014,854.79,9.14,-0.02,-0.2
2014-11-20,panzhihua,攀枝花,Panzhihua,0.09,14.59,19.94,9.15,3.5860524461633143,0.66,12196090.0,13646644.0,2679.5625,101.75,26.55,2014,851.61,7.93,0.03,-0.17
2014-11-21,panzhihua,攀枝花,Panzhihua,0.0,15.35,20.96,8.86,4.059855295379837,0.81,13148826.0,14709820.0,2660.1094,101.75,26.55,2014,850.99,6.63,0.33,-0.2
2014-11-22,panzhihua,攀枝花,Panzhihua,0.0,15.19,20.35,9.96,3.6911155194239766,0.75,11802506.0,13200720.0,2626.5078,101.75,26.55,2014,850.7,6.14,0.17,-0.17
2014-11-23,panzhihua,攀枝花,Panzhihua,0.0,16.54,21.81,10.17,4.117366242783938,1.09,11976442.0,13392420.0,2581.2266,101.75,26.55,2014,850.61,5.84,0.78,0.11
2014-11-24,panzhihua,攀枝花,Panzhihua,0.0,16.51,22.43,9.97,4.713059211815843,0.93,14193806.0,15868580.0,2529.4219,101.75,26.55,2014,851.3,4.06,0.62,0.16
2014-11-25,panzhihua,攀枝花,Panzhihua,0.0,15.04,20.63,9.56,4.333411662561561,0.57,14314578.0,16000344.0,2476.5781,101.75,26.55,2014,850.87,4.19,0.14,-0.06
2014-11-26,panzhihua,攀枝花,Panzhihua,0.0,16.03,22.11,9.17,4.911427924694053,1.26,14117134.0,15776468.0,2428.039,101.75,26.55,2014,847.37,2.03,0.99,0.4
2014-11-27,panzhihua,攀枝花,Panzhihua,0.0,14.9,20.58,9.38,4.334424568947169,0.71,14149258.0,15808808.0,2383.2188,101.75,26.55,2014,850.04,4.11,0.26,-0.0
2014-11-28,panzhihua,攀枝花,Panzhihua,0.0,15.91,21.02,9.0,4.553047188000253,1.18,13125738.0,14662172.0,2338.2578,101.75,26.55,2014,848.94,2.69,0.83,0.49
2014-11-29,panzhihua,攀枝花,Panzhihua,0.0,15.41,20.97,9.68,4.236941289909266,0.86,13077704.0,14605236.0,2294.461,101.75,26.55,2014,849.2,3.48,0.47,0.29
2014-11-30,panzhihua,攀枝花,Panzhihua,0.0,15.25,19.94,9.6,4.234825215012385,0.48,13942954.0,15568624.0,2253.4531,101.75,26.55,2014,853.37,3.56,-0.04,-0.18
2014-12-01,panzhihua,攀枝花,Panzhihua,0.04,14.31,18.85,10.4,2.6588181065139747,0.72,8466986.0,9452060.0,2216.0938,101.75,26.55,2014,852.46,6.95,-0.01,-0.32
2014-12-02,panzhihua,攀枝花,Panzhihua,0.01,13.63,18.46,9.03,2.831005349640088,0.7,9459790.0,10557676.0,2182.7188,101.75,26.55,2014,851.4,6.71,-0.12,-0.32
2014-12-03,panzhihua,攀枝花,Panzhihua,0.07,13.13,17.94,8.82,2.689828797286984,0.9,8887998.0,9917860.0,2153.7969,101.75,26.55,2014,853.53,6.59,-0.31,-0.67
2014-12-04,panzhihua,攀枝花,Panzhihua,0.02,10.48,13.44,7.62,1.227794321061469,0.56,4098920.0,4573024.0,2130.2031,101.75,26.55,2014,855.78,5.42,-0.24,-0.29
2014-12-05,panzhihua,攀枝花,Panzhihua,0.01,12.69,17.46,7.89,2.2925287187305097,0.46,8096946.0,9031156.0,2110.625,101.75,26.55,2014,853.03,7.19,-0.08,-0.08
2014-12-06,panzhihua,攀枝花,Panzhihua,0.03,15.02,21.45,8.39,3.8574538604517215,0.82,12753114.0,14221964.0,2091.7656,101.75,26.55,2014,850.53,7.33,-0.07,-0.44
2014-12-07,panzhihua,攀枝花,Panzhihua,0.13,9.41,11.39,7.28,1.139801247544031,0.88,3357062.0,3742436.0,2072.7422,101.75,26.55,2014,855.41,4.04,-0.32,-0.69
2014-12-08,panzhihua,攀枝花,Panzhihua,0.0,10.44,14.51,7.05,1.6129771189060147,0.56,5907926.0,6585524.0,2055.375,101.75,26.55,2014,853.19,6.14,-0.14,-0.24
2014-12-09,panzhihua,攀枝花,Panzhihua,0.01,14.0,20.46,6.96,3.4477002885044583,0.69,11716104.0,13057356.0,2039.6406,101.75,26.55,2014,852.01,6.58,0.1,-0.31
2014-12-10,panzhihua,攀枝花,Panzhihua,0.01,14.07,20.06,8.74,3.339245978994667,0.87,10948324.0,12198800.0,2022.3828,101.75,26.55,2014,851.93,6.24,0.09,-0.49
2014-12-11,panzhihua,攀枝花,Panzhihua,0.02,14.56,21.73,3.1,3.916567535728152,1.25,11568932.0,12887704.0,2004.0078,101.75,26.55,2014,852.05,3.37,0.4,-0.46
2014-12-12,panzhihua,攀枝花,Panzhihua,0.01,7.02,10.11,2.67,2.1358768392173584,1.01,7733486.0,8611416.0,1987.3281,101.75,26.55,2014,858.28,-1.32,-0.38,-0.91
2014-12-13,panzhihua,攀枝花,Panzhihua,0.0,10.24,16.21,4.57,3.056387520460756,0.53,11751170.0,13085128.0,1970.9688,101.75,26.55,2014,855.66,3.59,-0.14,-0.3
2014-12-14,panzhihua,攀枝花,Panzhihua,0.0,14.77,21.35,6.1,4.020821897402637,0.67,13286028.0,14791492.0,1952.4219,101.75,26.55,2014,851.66,5.05,0.38,-0.26
2014-12-15,panzhihua,攀枝花,Panzhihua,0.32,15.42,23.29,7.46,4.410959599373932,1.14,13390100.0,14904300.0,1932.9688,101.75,26.55,2014,853.16,4.07,0.13,-0.65
2014-12-16,panzhihua,攀枝花,Panzhihua,4.26,5.38,6.87,2.92,0.8632229630952214,1.22,2704268.0,3010976.0,1917.9219,101.75,26.55,2014,861.3,1.32,-0.39,-1.15
2014-12-17,panzhihua,攀枝花,Panzhihua,2.35,5.35,6.69,2.77,0.91684369131481,1.03,3705804.0,4145340.0,1912.125,101.75,26.55,2014,858.85,2.62,-0.1,-0.99
2014-12-18,panzhihua,攀枝花,Panzhihua,1.17,7.79,9.17,5.14,1.1037534173377643,0.79,4202000.0,4690880.0,1917.0781,101.75,26.55,2014,858.03,4.6,0.04,-0.65
2014-12-19,panzhihua,攀枝花,Panzhihua,0.05,9.7,14.35,3.77,2.513594165477378,0.69,9243040.0,10300408.0,1923.6719,101.75,26.55,2014,858.41,2.21,0.13,-0.46
2014-12-20,panzhihua,攀枝花,Panzhihua,0.0,10.03,15.53,3.66,3.5370194421836154,0.82,13530394.0,15069856.0,1926.6719,101.75,26.55,2014,854.14,2.38,-0.01,-0.64
2014-12-21,panzhihua,攀枝花,Panzhihua,0.0,8.13,11.18,3.95,2.1146500360277125,0.94,7320578.0,8151416.0,1922.25,101.75,26.55,2014,859.06,-0.33,0.0,-0.83
2014-12-22,panzhihua,攀枝花,Panzhihua,0.0,10.38,16.73,4.76,3.31134381492097,0.89,11944140.0,13296912.0,1910.1562,101.75,26.55,2014,852.93,1.29,0.43,-0.34
2014-12-23,panzhihua,攀枝花,Panzhihua,0.0,11.6,17.41,4.95,3.6362499782731774,0.54,13507774.0,15036456.0,1890.0938,101.75,26.55,2014,853.91,4.02,0.1,-0.34
2014-12-24,panzhihua,攀枝花,Panzhihua,0.0,13.22,19.61,6.71,3.933108521804213,0.75,13486688.0,15012536.0,1865.0312,101.75,26.55,2014,853.53,3.76,0.51,-0.21
2014-12-25,panzhihua,攀枝花,Panzhihua,0.0,13.21,19.25,7.2,4.003413225766523,0.71,13555628.0,15089144.0,1838.9688,101.75,26.55,2014,851.83,2.21,0.42,-0.27
2014-12-26,panzhihua,攀枝花,Panzhihua,0.0,13.39,19.32,7.0,3.7885185144149416,1.01,12141656.0,13514564.0,1814.9844,101.75,26.55,2014,850.55,2.74,0.51,-0.38
2014-12-27,panzhihua,攀枝花,Panzhihua,0.02,8.47,13.47,4.75,2.4081271168334446,1.37,8822748.0,9820940.0,1793.7656,101.75,26.55,2014,857.59,2.09,-0.8,-1.03
2014-12-28,panzhihua,攀枝花,Panzhihua,0.06,7.65,9.89,4.74,1.4295199230235491,0.81,4648784.0,5174728.0,1775.6719,101.75,26.55,2014,860.62,0.32,-0.09,-0.71
2014-12-29,panzhihua,攀枝花,Panzhihua,0.0,10.4,15.79,5.61,2.7463526201679995,0.69,9807880.0,10917264.0,1761.3281,101.75,26.55,2014,854.09,1.72,0.0,-0.45
2014-12-30,panzhihua,攀枝花,Panzhihua,0.0,13.26,18.59,6.21,3.733779815216775,0.49,12910310.0,14370716.0,1747.3438,101.75,26.55,2014,853.31,2.72,-0.08,-0.29
2014-12-31,panzhihua,攀枝花,Panzhihua,0.0,14.57,19.9,9.3,4.047984277387335,0.7,13241740.0,14740108.0,1731.0938,101.75,26.55,2014,856.16,3.82,-0.05,-0.51
2015-01-01,panzhihua,攀枝花,Panzhihua,0.0,14.44,20.19,9.01,3.5176762023506747,0.75,11634666.0,12950420.0,1713.8906,101.75,26.55,2015,855.14,6.32,0.15,-0.41
2015-01-02,panzhihua,攀枝花,Panzhihua,0.0,14.64,20.6,9.1,3.820640688427353,0.59,13028480.0,14502412.0,1696.6094,101.75,26.55,2015,853.28,6.98,0.07,-0.29
2015-01-03,panzhihua,攀枝花,Panzhihua,0.0,15.76,22.3,9.47,4.1289678986727,0.62,13663130.0,15208992.0,1679.6406,101.75,26.55,2015,850.78,7.5,0.16,-0.18
2015-01-04,panzhihua,攀枝花,Panzhihua,0.0,18.23,24.74,9.41,4.6970255178661615,0.94,13744016.0,15299068.0,1663.5625,101.75,26.55,2015,846.97,6.99,0.66,0.07
2015-01-05,panzhihua,攀枝花,Panzhihua,0.06,16.95,22.88,10.07,4.412035425425833,1.36,12610576.0,14037712.0,1650.0312,101.75,26.55,2015,847.3,6.55,1.03,0.54
2015-01-06,panzhihua,攀枝花,Panzhihua,0.01,13.45,18.27,9.0,2.9485114522273013,0.67,9851724.0,10966120.0,1642.1562,101.75,26.55,2015,851.38,5.57,-0.23,-0.32
2015-01-07,panzhihua,攀枝花,Panzhihua,1.81,13.91,19.85,8.33,3.7017429854254194,0.82,12029068.0,13390064.0,1645.3594,101.75,26.55,2015,853.83,3.79,-0.01,-0.35
2015-01-08,panzhihua,攀枝花,Panzhihua,20.18,10.66,14.04,7.53,1.7974079132081962,0.93,7228278.0,8045788.0,1673.7344,101.75,26.55,2015,856.19,8.67,-0.51,-0.7
2015-01-09,panzhihua,攀枝花,Panzhihua,15.78,6.9,8.59,4.28,0.6882099882087918,1.04,2821138.0,3140140.0,1740.9688,101.75,26.55,2015,858.77,5.4,-0.57,-0.8
2015-01-10,panzhihua,攀枝花,Panzhihua,6.4,4.65,6.35,3.34,0.6530128139048846,0.53,3009194.0,3363088.0,1854.25,101.75,26.55,2015,858.32,3.3,-0.17,-0.33
2015-01-11,panzhihua,攀枝花,Panzhihua,0.19,7.01,10.26,2.44,1.9060056583341032,0.42,7959810.0,8889368.0,1959.25,101.75,26.55,2015,858.38,1.8,-0.11,-0.15
2015-01-12,panzhihua,攀枝花,Panzhihua,0.02,7.36,11.88,1.96,2.730122428738106,0.55,11341138.0,12652056.0,1999.3281,101.75,26.55,2015,858.63,0.5,-0.08,-0.26
2015-01-13,panzhihua,攀枝花,Panzhihua,0.0,8.69,13.41,2.71,3.607407953926266,0.49,14767498.0,16460412.0,1978.2656,101.75,26.55,2015,856.04,1.63,-0.02,-0.22
2015-01-14,panzhihua,攀枝花,Panzhihua,0.0,10.51,15.44,4.93,3.547814518118721,0.52,13641576.0,15195544.0,1924.8438,101.75,26.55,2015,855.33,3.22,0.09,-0.38
2015-01-15,panzhihua,攀枝花,Panzhihua,0.0,11.48,16.92,5.66,3.9002174273134136,0.51,14803708.0,16483952.0,1861.0625,101.75,26.55,2015,854.76,4.77,0.02,-0.33
2015-01-16,panzhihua,攀枝花,Panzhihua,0.02,12.23,17.41,6.98,3.827764042791658,0.58,14181806.0,15790804.0,1797.8594,101.75,26.55,2015,855.05,5.67,-0.13,-0.53
2015-01-17,panzhihua,攀枝花,Panzhihua,1.66,12.42,16.77,8.53,2.991601119545505,0.77,11106146.0,12366796.0,1740.8438,101.75,26.55,2015,854.89,8.11,0.27,-0.49
2015-01-18,panzhihua,攀枝花,Panzhihua,29.71,5.03,9.7,1.54,0.4902431775558285,0.83,2402758.0,2675636.0,1724.625,101.75,26.55,2015,858.54,4.52,-0.38,-0.54
2015-01-19,panzhihua,攀枝花,Panzhihua,0.09,5.62,8.06,1.68,1.630839305234284,0.57,5485344.0,8148964.0,1770.9219,101.75,26.55,2015,856.36,2.28,0.25,-0.39
2015-01-20,panzhihua,攀枝花,Panzhihua,0.04,8.21,13.12,2.38,2.573215058619792,0.61,9366604.0,11960604.0,1848.2656,101.75,26.55,2015,857.0,3.74,0.23,-0.36
2015-01-21,panzhihua,攀枝花,Panzhihua,0.0,8.18,14.4,1.08,3.2558502660038493,0.55,13135594.0,15527792.0,1866.0781,101.75,26.55,2015,858.63,4.02,0.13,-0.48
2015-01-22,panzhihua,攀枝花,Panzhihua,0.0,9.72,15.62,1.5,3.742808098679128,0.52,14839034.0,16917728.0,1831.125,101.75,26.55,2015,854.07,4.54,0.06,-0.38
2015-01-23,panzhihua,攀枝花,Panzhihua,0.0,11.94,17.76,4.85,4.150275181881266,0.81,15285078.0,17167612.0,1774.2969,101.75,26.55,2015,849.0,4.78,0.61,-0.3
2015-01-24,panzhihua,攀枝花,Panzhihua,0.0,12.99,18.85,6.38,4.339569914084107,0.85,15307334.0,17101848.0,1720.1406,101.75,26.55,2015,850.12,4.52,0.55,-0.26
2015-01-25,panzhihua,攀枝花,Panzhihua,0.0,12.43,18.07,6.46,4.1087354533875295,0.62,15181134.0,16933928.0,1675.6094,101.75,26.55,2015,852.87,5.77,0.2,-0.33
2015-01-26,panzhihua,攀枝花,Panzhihua,0.0,12.73,18.73,6.75,4.168503503202216,0.7,15376458.0,17145852.0,1635.8125,101.75,26.55,2015,851.93,6.57,0.33,-0.45
2015-01-27,panzhihua,攀枝花,Panzhihua,0.0,13.92,19.95,6.9,4.4830411485337125,0.92,15542402.0,17331096.0,1600.1406,101.75,26.55,2015,848.9,5.92,0.66,-0.48
2015-01-28,panzhihua,攀枝花,Panzhihua,0.0,15.17,21.48,8.29,4.875675597877877,1.27,15606678.0,17404524.0,1570.2188,101.75,26.55,2015,848.32,5.29,1.16,-0.05
2015-01-29,panzhihua,攀枝花,Panzhihua,0.0,15.32,21.21,8.49,4.730400720758778,1.22,15006872.0,16737836.0,1546.8594,101.75,26.55,2015,850.73,5.46,1.03,0.04
2015-01-30,panzhihua,攀枝花,Panzhihua,0.37,15.47,20.84,8.95,4.953525713663131,1.39,15133138.0,16881172.0,1529.2344,101.75,26.55,2015,850.93,4.19,1.06,0.44
2015-01-31,panzhihua,攀枝花,Panzhihua,1.18,12.9,18.87,5.89,3.853587583389237,0.86,14164792.0,15803000.0,1518.1719,101.75,26.55,2015,852.88,7.52,0.6,0.33
2015-02-01,panzhihua,攀枝花,Panzhihua,0.37,12.31,18.3,5.5,3.8891065212020286,0.92,14389392.0,16055492.0,1517.0,101.75,26.55,2015,854.27,6.35,0.59,-0.15
2015-02-02,panzhihua,攀枝花,Panzhihua,0.03,11.76,17.11,6.84,3.886797104706581,0.69,14462308.0,16138948.0,1526.4219,101.75,26.55,2015,856.86,4.8,0.34,-0.34
2015-02-03,panzhihua,攀枝花,Panzhihua,0.0,13.75,19.93,6.49,4.644986418696568,0.76,15880036.0,17723700.0,1538.0781,101.75,26.55,2015,855.57,3.29,0.24,-0.15
2015-02-04,panzhihua,攀枝花,Panzhihua,0.01,14.72,20.43,7.4,4.7661127379396735,1.07,15160520.0,16923412.0,1540.9375,101.75,26.55,2015,853.09,3.06,0.67,-0.41
2015-02-05,panzhihua,攀枝花,Panzhihua,0.0,10.51,15.0,4.98,3.5857204454176257,0.99,13255342.0,14799256.0,1533.3125,101.75,26.55,2015,854.86,2.49,-0.43,-0.85
2015-02-06,panzhihua,攀枝花,Panzhihua,0.0,11.44,16.66,5.05,3.61172618149452,0.64,13192676.0,14730846.0,1518.8438,101.75,26.55,2015,851.65,3.02,0.09,-0.42
2015-02-07,panzhihua,攀枝花,Panzhihua,0.01,12.78,18.85,6.53,4.4136783837440525,1.0,14856750.0,16591728.0,1498.5,101.75,26.55,2015,852.53,1.4,-0.17,-0.74
2015-02-08,panzhihua,攀枝花,Panzhihua,0.0,11.73,17.12,6.6,3.4067914625904714,0.92,11575262.0,12928556.0,1473.4062,101.75,26.55,2015,852.77,2.1,-0.14,-0.51
2015-02-09,panzhihua,攀枝花,Panzhihua,0.0,15.83,22.02,7.83,5.502627520488772,1.3,16391818.0,18310380.0,1446.7812,101.75,26.55,2015,851.24,1.32,1.03,0.41
2015-02-10,panzhihua,攀枝花,Panzhihua,0.0,16.7,22.05,9.71,5.6594481781505,1.31,16280834.0,18189100.0,1422.1562,101.75,26.55,2015,850.08,1.27,0.78,0.5
2015-02-11,panzhihua,攀枝花,Panzhihua,0.08,14.31,18.52,9.62,4.257804206480993,0.77,13791900.0,15410452.0,1400.0938,101.75,26.55,2015,853.01,2.41,-0.17,-0.71
2015-02-12,panzhihua,攀枝花,Panzhihua,0.01,15.08,20.5,9.25,5.032074140019579,0.68,16488510.0,18426192.0,1379.875,101.75,26.55,2015,850.16,2.27,0.19,-0.18
2015-02-13,panzhihua,攀枝花,Panzhihua,0.68,15.78,21.26,8.84,5.39596997560822,1.09,16741332.0,18711280.0,1363.0,101.75,26.55,2015,847.69,2.69,0.88,0.15
2015-02-14,panzhihua,攀枝花,Panzhihua,0.06,14.58,19.48,8.7,5.399144238628969,1.44,16491702.0,18435092.0,1350.9375,101.75,26.55,2015,847.4,0.36,0.97,0.6
2015-02-15,panzhihua,攀枝花,Panzhihua,0.0,14.15,19.71,8.03,5.34421542286954,0.62,18114844.0,20252028.0,1342.5938,101.75,26.55,2015,851.9,0.3,0.08,-0.17
2015-02-16,panzhihua,攀枝花,Panzhihua,0.39,13.89,19.75,8.82,4.625546147539891,0.75,15686978.0,17542832.0,1336.7188,101.75,26.55,2015,852.77,3.26,0.37,0.02
2015-02-17,panzhihua,攀枝花,Panzhihua,0.0,14.86,20.44,8.77,5.235171950980383,0.72,17308720.0,19361512.0,1333.3438,101.75,26.55,2015,851.53,2.18,0.37,0.12
2015-02-18,panzhihua,攀枝花,Panzhihua,0.0,16.27,22.22,8.88,6.125854983863523,1.2,18296258.0,20472032.0,1329.625,101.75,26.55,2015,849.96,-0.55,0.7,0.4
2015-02-19,panzhihua,攀枝花,Panzhihua,0.03,16.23,21.65,9.9,5.494510477339401,1.55,15473782.0,17318784.0,1323.25,101.75,26.55,2015,849.59,1.41,0.93,0.81
2015-02-20,panzhihua,攀枝花,Panzhihua,0.0,16.82,22.54,9.72,6.1674044297385455,1.29,18064286.0,20223758.0,1312.2812,101.75,26.55,2015,849.68,0.7,0.7,0.62
2015-02-21,panzhihua,攀枝花,Panzhihua,0.0,17.36,22.92,9.56,6.256422221802244,0.87,18953224.0,21224848.0,1296.9375,101.75,26.55,2015,849.19,0.61,0.64,0.1
2015-02-22,panzhihua,攀枝花,Panzhihua,0.55,16.84,22.73,10.67,5.7545046800296085,1.08,17286064.0,19363764.0,1280.5625,101.75,26.55,2015,850.31,2.51,0.5,0.61
2015-02-23,panzhihua,攀枝花,Panzhihua,0.0,17.42,23.73,9.81,6.390612976610748,0.95,19244290.0,21562884.0,1265.2812,101.75,26.55,2015,849.49,0.82,0.35,0.25
2015-02-24,panzhihua,攀枝花,Panzhihua,0.0,19.27,26.33,10.48,6.8824805486192,1.3,19270390.0,21598178.0,1251.875,101.75,26.55,2015,846.83,2.93,0.97,0.38
2015-02-25,panzhihua,攀枝花,Panzhihua,0.0,20.03,26.53,12.26,6.967247338875907,1.33,19237724.0,21567610.0,1241.0625,101.75,26.55,2015,846.05,4.36,1.03,0.37
2015-02-26,panzhihua,攀枝花,Panzhihua,0.01,19.42,25.73,13.34,5.889071569369018,1.78,15104580.0,16938638.0,1232.4062,101.75,26.55,2015,846.13,5.76,1.26,0.71
2015-02-27,panzhihua,攀枝花,Panzhihua,0.0,20.27,26.88,13.19,7.211807905171577,1.97,18497518.0,20749538.0,1225.3125,101.75,26.55,2015,847.1,4.45,1.27,1.17
2015-02-28,panzhihua,攀枝花,Panzhihua,0.0,21.45,28.07,13.62,7.572754018299882,1.61,19542888.0,21928160.0,1221.5938,101.75,26.55,2015,850.12,4.22,1.15,0.58
2015-03-01,panzhihua,攀枝花,Panzhihua,0.0,21.8,29.02,13.74,7.644609346488857,1.65,19341920.0,21708802.0,1223.0625,101.75,26.55,2015,850.3,4.02,1.19,0.66
2015-03-02,panzhihua,攀枝花,Panzhihua,0.0,22.33,29.19,15.66,8.220726068592139,2.06,19572152.0,21973300.0,1229.125,101.75,26.55,2015,845.65,3.05,1.16,1.36
2015-03-03,panzhihua,攀枝花,Panzhihua,0.0,21.27,28.25,14.97,7.465258168993479,2.2,17424578.0,19567768.0,1239.375,101.75,26.55,2015,844.19,3.17,1.56,1.27
2015-03-04,panzhihua,攀枝花,Panzhihua,0.01,20.53,26.31,15.42,7.774862392928939,2.59,17868072.0,20071594.0,1253.7812,101.75,26.55,2015,845.28,1.7,1.56,1.8
2015-03-05,panzhihua,攀枝花,Panzhihua,0.01,19.06,24.41,12.79,6.748013778567502,2.31,15928164.0,17897078.0,1273.0,101.75,26.55,2015,848.1,1.33,1.55,1.36
2015-03-06,panzhihua,攀枝花,Panzhihua,0.0,19.79,26.01,12.24,7.581830217428122,2.03,18812516.0,21144140.0,1295.4688,101.75,26.55,2015,848.8,0.01,1.17,1.27
2015-03-07,panzhihua,攀枝花,Panzhihua,0.0,20.48,26.66,13.01,8.225348628890313,1.91,20340692.0,22868524.0,1317.5,101.75,26.55,2015,848.89,-2.46,1.18,1.23
2015-03-08,panzhihua,攀枝花,Panzhihua,0.0,21.13,27.01,12.92,8.281915384679541,1.45,21143934.0,23778002.0,1337.2188,101.75,26.55,2015,851.07,-4.04,0.83,0.69
2015-03-09,panzhihua,攀枝花,Panzhihua,0.0,22.54,29.35,13.52,8.648899442069709,1.62,21138716.0,23778792.0,1353.9375,101.75,26.55,2015,851.38,-1.67,1.12,0.75
2015-03-10,panzhihua,攀枝花,Panzhihua,0.0,22.8,29.96,15.01,8.71664346783701,2.0,20047254.0,22557438.0,1366.0938,101.75,26.55,2015,850.47,-0.96,0.97,1.5
2015-03-11,panzhihua,攀枝花,Panzhihua,0.0,22.23,27.81,13.34,8.543239503265115,1.64,20725586.0,23327192.0,1371.125,101.75,26.55,2015,851.57,-2.91,0.4,1.19
2015-03-12,panzhihua,攀枝花,Panzhihua,0.0,22.16,28.59,12.52,8.090832486965567,0.96,21555908.0,24268572.0,1366.5,101.75,26.55,2015,850.05,-2.7,0.55,0.2
2015-03-13,panzhihua,攀枝花,Panzhihua,0.0,22.7,30.01,14.5,8.730374370942988,1.57,21554768.0,24274136.0,1352.0625,101.75,26.55,2015,848.43,-0.99,1.19,0.6
2015-03-14,panzhihua,攀枝花,Panzhihua,0.0,22.77,29.88,15.29,8.793249968640767,1.98,20368710.0,22945246.0,1330.9062,101.75,26.55,2015,848.99,-1.08,1.21,1.24
2015-03-15,panzhihua,攀枝花,Panzhihua,0.0,23.71,29.82,15.57,8.679556879771129,1.62,20879968.0,23527424.0,1306.625,101.75,26.55,2015,849.25,1.58,0.99,0.94
2015-03-16,panzhihua,攀枝花,Panzhihua,0.0,23.8,30.83,16.3,9.227028082442226,2.16,21274644.0,23976176.0,1281.7812,101.75,26.55,2015,847.4,2.45,1.19,1.64
2015-03-17,panzhihua,攀枝花,Panzhihua,0.0,23.72,30.45,16.63,9.357767442349497,2.18,21620924.0,24370388.0,1258.4062,101.75,26.55,2015,846.14,1.94,0.8,1.89
2015-03-18,panzhihua,攀枝花,Panzhihua,0.0,23.07,29.76,15.73,9.212932072004,2.12,21830432.0,24610556.0,1237.0625,101.75,26.55,2015,847.53,1.64,1.35,1.27
2015-03-19,panzhihua,攀枝花,Panzhihua,0.0,23.08,29.84,15.37,8.930245573254723,1.97,21020366.0,23701180.0,1217.8125,101.75,26.55,2015,849.59,0.79,1.11,1.32
2015-03-20,panzhihua,攀枝花,Panzhihua,0.0,23.08,29.39,14.7,8.790372270760633,1.57,21261254.0,23977184.0,1202.1875,101.75,26.55,2015,851.61,-2.03,0.74,0.86
2015-03-21,panzhihua,攀枝花,Panzhihua,0.0,21.48,28.42,12.49,8.044516430239463,0.86,22249060.0,25095074.0,1191.5312,101.75,26.55,2015,851.77,-1.33,-0.19,-0.26
2015-03-22,panzhihua,攀枝花,Panzhihua,0.0,24.03,30.91,14.15,9.510346683820162,1.82,21898706.0,24703868.0,1185.1875,101.75,26.55,2015,849.49,-3.46,0.57,1.31
2015-03-23,panzhihua,攀枝花,Panzhihua,0.5,20.5,27.08,13.91,7.618747164556657,1.48,21367068.0,24107966.0,1183.5312,101.75,26.55,2015,853.5,6.53,0.2,-1.32
2015-03-24,panzhihua,攀枝花,Panzhihua,13.26,16.61,21.11,13.93,3.1200404643270057,0.84,9765628.0,11020320.0,1194.2812,101.75,26.55,2015,857.24,10.82,-0.43,-0.48
2015-03-25,panzhihua,攀枝花,Panzhihua,0.71,17.22,22.01,13.53,4.3660444725726135,0.74,14087486.0,15899982.0,1218.7188,101.75,26.55,2015,856.69,10.79,0.61,0.17
2015-03-26,panzhihua,攀枝花,Panzhihua,11.28,18.18,23.6,13.02,5.163150269333106,0.64,16421408.0,18537462.0,1261.8125,101.75,26.55,2015,857.15,10.59,0.44,-0.02
2015-03-27,panzhihua,攀枝花,Panzhihua,6.45,17.04,22.15,12.81,4.866036462161591,0.41,16403658.0,18520722.0,1297.375,101.75,26.55,2015,855.29,12.61,0.11,-0.06
2015-03-28,panzhihua,攀枝花,Panzhihua,0.58,19.3,24.14,12.89,5.385734466322943,0.62,16587468.0,18731246.0,1321.2812,101.75,26.55,2015,851.24,10.57,0.33,-0.24
2015-03-29,panzhihua,攀枝花,Panzhihua,0.0,21.23,26.35,14.79,7.213490555219046,0.94,20880278.0,23581866.0,1335.5312,101.75,26.55,2015,849.31,8.9,0.49,-0.15
2015-03-30,panzhihua,攀枝花,Panzhihua,0.0,23.1,29.97,15.35,8.531025879590098,1.48,22711774.0,25654978.0,1341.9688,101.75,26.55,2015,846.19,7.97,1.32,0.26
2015-03-31,panzhihua,攀枝花,Panzhihua,0.0,22.87,30.13,16.84,8.086802008815651,2.01,20537448.0,23202764.0,1342.875,101.75,26.55,2015,844.8,8.74,1.43,0.92
2015-04-01,panzhihua,攀枝花,Panzhihua,0.01,22.15,28.36,16.45,8.072926720564011,2.12,19751494.0,22318296.0,1335.6562,101.75,26.55,2015,844.18,5.54,1.36,1.29
2015-04-02,panzhihua,攀枝花,Panzhihua,0.0,21.83,28.34,15.93,8.701666308288955,2.08,22443540.0,25364584.0,1320.0312,101.75,26.55,2015,842.59,5.35,1.33,1.35
2015-04-03,panzhihua,攀枝花,Panzhihua,0.0,21.62,27.67,15.24,7.774233448844369,2.04,19158958.0,21656496.0,1303.3438,101.75,26.55,2015,842.06,4.98,1.24,1.07
2015-04-04,panzhihua,攀枝花,Panzhihua,0.0,22.7,29.96,15.0,8.649699321475982,2.05,21596582.0,24415630.0,1290.5938,101.75,26.55,2015,844.34,5.92,1.41,1.21
2015-04-05,panzhihua,攀枝花,Panzhihua,0.01,22.83,28.47,16.58,8.260176945773756,1.93,20386262.0,23051400.0,1285.2812,101.75,26.55,2015,847.45,6.07,1.35,0.98
2015-04-06,panzhihua,攀枝花,Panzhihua,0.58,22.3,29.2,15.39,7.959778178223147,1.7,21061072.0,23817818.0,1293.0,101.75,26.55,2015,848.57,8.31,1.29,0.67
2015-04-07,panzhihua,攀枝花,Panzhihua,0.14,21.77,28.13,14.01,7.297980866840737,1.37,19118660.0,21625326.0,1317.5625,101.75,26.55,2015,850.51,5.67,0.3,0.07
2015-04-08,panzhihua,攀枝花,Panzhihua,0.01,22.23,28.72,13.57,7.7727500248917,1.62,19723940.0,22313130.0,1357.6562,101.75,26.55,2015,848.55,5.37,0.73,0.8
2015-04-09,panzhihua,攀枝花,Panzhihua,0.05,21.8,29.25,11.76,8.398917176610285,1.85,21561194.0,24396022.0,1408.6875,101.75,26.55,2015,848.77,4.51,0.47,0.34
2015-04-10,panzhihua,攀枝花,Panzhihua,3.09,17.09,23.44,11.57,5.4580730229669925,1.34,16803246.0,19016032.0,1464.625,101.75,26.55,2015,852.0,7.75,-0.44,-1.18
2015-04-11,panzhihua,攀枝花,Panzhihua,9.34,17.44,24.3,12.38,5.364009945237736,1.24,16706672.0,18909490.0,1526.0312,101.75,26.55,2015,856.65,9.08,-0.45,-0.97
2015-04-12,panzhihua,攀枝花,Panzhihua,0.81,15.08,18.73,11.31,3.687561728059432,0.48,12082750.0,13677648.0,1593.3125,101.75,26.55,2015,861.91,5.87,0.12,0.23
2015-04-13,panzhihua,攀枝花,Panzhihua,0.03,20.77,25.26,11.68,7.799055677597394,0.51,23353788.0,26441666.0,1657.6562,101.75,26.55,2015,856.49,5.34,0.21,-0.16
2015-04-14,panzhihua,攀枝花,Panzhihua,0.02,22.81,28.66,16.82,7.186913970053903,1.54,18286948.0,20708794.0,1698.2188,101.75,26.55,2015,849.79,8.57,1.2,0.32
2015-04-15,panzhihua,攀枝花,Panzhihua,0.0,24.84,31.13,16.78,8.949687435672256,0.82,23967196.0,27144908.0,1721.9375,101.75,26.55,2015,851.09,5.59,0.25,-0.23
2015-04-16,panzhihua,攀枝花,Panzhihua,0.16,26.72,33.47,18.75,9.500252545234217,1.66,22477820.0,25453536.0,1730.2188,101.75,26.55,2015,847.26,7.97,1.45,0.61
2015-04-17,panzhihua,攀枝花,Panzhihua,0.0,26.57,33.96,19.8,10.14940704598282,2.37,22720574.0,25723748.0,1722.4688,101.75,26.55,2015,843.82,7.69,1.41,1.6
2015-04-18,panzhihua,攀枝花,Panzhihua,0.0,25.49,31.87,19.76,9.39584568088594,2.23,21924764.0,24818212.0,1700.8125,101.75,26.55,2015,844.68,8.6,1.55,1.31
2015-04-19,panzhihua,攀枝花,Panzhihua,0.46,24.12,31.33,14.91,9.137442482415038,2.18,21954386.0,24846976.0,1671.125,101.75,26.55,2015,847.12,7.01,0.69,1.19
2015-04-20,panzhihua,攀枝花,Panzhihua,0.0,23.96,29.85,15.44,8.664079955032388,0.86,23416718.0,26497980.0,1643.9062,101.75,26.55,2015,848.35,5.01,0.46,-0.13
2015-04-21,panzhihua,攀枝花,Panzhihua,15.51,21.69,29.67,15.97,7.061700405754622,1.18,20140572.0,22786896.0,1640.0312,101.75,26.55,2015,849.73,11.0,0.29,-0.77
2015-04-22,panzhihua,攀枝花,Panzhihua,14.79,14.57,15.92,13.45,1.574533908791481,0.83,5345528.0,6046272.0,1681.1562,101.75,26.55,2015,853.56,12.29,-0.71,-0.37
2015-04-23,panzhihua,攀枝花,Panzhihua,1.66,17.05,20.92,13.73,3.0820606271190183,0.89,9481892.0,10724356.0,1767.75,101.75,26.55,2015,853.85,11.41,-0.77,-0.37
2015-04-24,panzhihua,攀枝花,Panzhihua,4.28,16.84,20.38,13.89,3.2615361151052404,1.1,9994792.0,11302242.0,1871.6875,101.75,26.55,2015,856.2,11.11,-0.6,-0.91
2015-04-25,panzhihua,攀枝花,Panzhihua,11.35,17.32,20.83,14.38,2.7953184369314874,0.68,8636974.0,9764714.0,1985.1875,101.75,26.55,2015,855.16,11.91,-0.21,-0.44
2015-04-26,panzhihua,攀枝花,Panzhihua,7.87,17.65,21.04,14.87,3.4854063983376133,0.55,11515990.0,13017116.0,2122.2812,101.75,26.55,2015,852.88,14.22,-0.4,-0.08
2015-04-27,panzhihua,攀枝花,Panzhihua,10.18,18.26,23.42,13.61,5.051749872482136,0.57,16750982.0,18931482.0,2301.0938,101.75,26.55,2015,851.67,14.47,-0.16,-0.07
2015-04-28,panzhihua,攀枝花,Panzhihua,4.09,19.49,23.8,14.48,5.785622353909882,0.4,18460070.0,20858812.0,2511.25,101.75,26.55,2015,851.66,13.69,0.09,0.09
2015-04-29,panzhihua,攀枝花,Panzhihua,0.83,20.44,24.56,15.7,6.161472074630033,0.49,19262922.0,21762554.0,2712.5625,101.75,26.55,2015,850.24,14.12,0.06,0.1
2015-04-30,panzhihua,攀枝花,Panzhihua,0.36,22.2,27.15,15.42,7.199872923853627,1.18,20413646.0,23058552.0,2859.125,101.75,26.55,2015,846.78,11.54,1.03,0.17
2015-05-01,panzhihua,攀枝花,Panzhihua,0.01,22.53,27.53,15.75,8.019153606090217,0.86,23196488.0,26196236.0,2935.0938,101.75,26.55,2015,847.35,10.72,0.37,-0.23
2015-05-02,panzhihua,攀枝花,Panzhihua,0.07,23.53,27.84,18.01,7.615653808045603,1.02,21002138.0,23714390.0,2951.0,101.75,26.55,2015,847.25,11.07,0.57,-0.28
2015-05-03,panzhihua,攀枝花,Panzhihua,0.0,25.24,30.4,18.54,8.156492384364634,1.18,21001666.0,23709352.0,2931.4375,101.75,26.55,2015,847.33,9.85,0.56,0.01
2015-05-04,panzhihua,攀枝花,Panzhihua,0.0,25.09,29.98,18.97,8.472382953199732,0.92,22777324.0,25709608.0,2900.1562,101.75,26.55,2015,847.56,10.03,0.43,-0.48
2015-05-05,panzhihua,攀枝花,Panzhihua,0.0,26.85,32.95,19.53,10.461179981822095,1.99,24294272.0,27416356.0,2864.7188,101.75,26.55,2015,844.18,6.57,1.28,1.08
2015-05-06,panzhihua,攀枝花,Panzhihua,0.09,26.87,31.77,20.6,9.454281994389529,0.79,24835244.0,28022168.0,2829.125,101.75,26.55,2015,845.78,7.85,0.27,0.06
2015-05-07,panzhihua,攀枝花,Panzhihua,0.0,27.7,33.1,20.49,10.529638879673689,1.52,25009522.0,28213608.0,2803.0938,101.75,26.55,2015,845.41,5.45,0.71,1.11
2015-05-08,panzhihua,攀枝花,Panzhihua,2.99,23.64,30.81,16.73,7.483107270953058,0.71,20952178.0,23632492.0,2814.3125,101.75,26.55,2015,848.66,10.03,-0.53,-0.08
2015-05-09,panzhihua,攀枝花,Panzhihua,0.47,21.94,27.96,15.38,7.133077755225066,0.92,20924248.0,23596924.0,2880.2812,101.75,26.55,2015,847.8,12.23,0.29,0.66
2015-05-10,panzhihua,攀枝花,Panzhihua,0.0,25.37,30.71,17.01,8.130407671260842,1.0,21389628.0,24117264.0,2978.9688,101.75,26.55,2015,846.63,10.26,0.13,0.06
2015-05-11,panzhihua,攀枝花,Panzhihua,3.83,25.12,31.97,19.38,8.155310075979706,0.88,22518292.0,25385256.0,3054.0625,101.75,26.55,2015,850.49,13.48,-0.02,-0.6
2015-05-12,panzhihua,攀枝花,Panzhihua,0.76,26.36,32.38,19.57,7.405145046002794,1.34,18261338.0,20582840.0,3091.3125,101.75,26.55,2015,846.55,13.03,1.05,0.41
2015-05-13,panzhihua,攀枝花,Panzhihua,0.01,27.34,32.73,21.25,9.683898381728032,1.91,22765392.0,25654184.0,3115.25,101.75,26.55,2015,844.47,10.62,1.19,0.84
2015-05-14,panzhihua,攀枝花,Panzhihua,0.0,27.63,33.04,21.47,8.881275924198698,1.63,20705534.0,23328314.0,3129.7812,101.75,26.55,2015,845.55,10.74,0.98,0.41
2015-05-15,panzhihua,攀枝花,Panzhihua,6.97,25.54,31.23,19.89,6.7430297758256215,0.63,18568752.0,20917956.0,3147.9062,101.75,26.55,2015,849.11,14.82,-0.02,-0.26
2015-05-16,panzhihua,攀枝花,Panzhihua,1.89,21.7,25.51,17.36,3.8634788718997415,0.71,11162040.0,12583408.0,3193.625,101.75,26.55,2015,847.9,15.56,-0.54,0.01
2015-05-17,panzhihua,攀枝花,Panzhihua,0.0,27.83,32.96,18.86,8.342154785923405,1.26,20246860.0,22839256.0,3296.8438,101.75,26.55,2015,843.63,12.22,0.62,0.69
2015-05-18,panzhihua,攀枝花,Panzhihua,0.33,25.69,30.15,21.0,6.8310319764793,0.93,17937848.0,20248148.0,3478.9688,101.75,26.55,2015,846.53,13.8,-0.32,-0.08
2015-05-19,panzhihua,攀枝花,Panzhihua,0.04,27.68,31.73,21.81,7.964094509526702,1.01,19866632.0,22440228.0,3836.8438,101.75,26.55,2015,844.81,12.42,0.19,0.14
2015-05-20,panzhihua,攀枝花,Panzhihua,4.25,26.36,32.12,20.72,7.217081969239179,0.88,19029386.0,21508916.0,4369.6562,101.75,26.55,2015,846.7,14.63,-0.16,-0.69
2015-05-21,panzhihua,攀枝花,Panzhihua,17.25,24.48,30.36,19.96,6.193673278581176,0.66,17790442.0,20122332.0,4921.7188,101.75,26.55,2015,846.69,17.77,0.19,-0.2
2015-05-22,panzhihua,攀枝花,Panzhihua,17.03,22.38,27.44,17.69,4.852369719722646,1.01,14672132.0,16606960.0,5411.5938,101.75,26.55,2015,846.09,18.41,-0.66,-0.64
2015-05-23,panzhihua,攀枝花,Panzhihua,1.19,21.13,24.16,17.78,3.6598990590933487,0.99,10056132.0,11389624.0,5842.75,101.75,26.55,2015,847.15,14.38,-0.41,-0.87
2015-05-24,panzhihua,攀枝花,Panzhihua,0.03,24.14,27.88,19.11,5.9894639766742905,0.63,16829908.0,19074094.0,6224.0,101.75,26.55,2015,844.77,15.15,0.05,-0.28
2015-05-25,panzhihua,攀枝花,Panzhihua,0.0,27.5,32.88,21.2,9.08393116488582,1.15,23037748.0,26127840.0,6554.2812,101.75,26.55,2015,843.54,12.66,0.9,-0.17
2015-05-26,panzhihua,攀枝花,Panzhihua,0.0,28.06,33.03,22.28,8.854591339593506,1.16,21884242.0,24836360.0,6813.9375,101.75,26.55,2015,844.18,12.45,0.76,-0.14
2015-05-27,panzhihua,攀枝花,Panzhihua,0.0,27.82,33.22,22.2,9.361329880780549,1.48,22853252.0,25953520.0,6904.6875,101.75,26.55,2015,842.87,12.64,1.29,-0.01
2015-05-28,panzhihua,攀枝花,Panzhihua,0.0,28.18,34.7,22.53,10.072294156134827,1.71,24028442.0,27306396.0,6867.0,101.75,26.55,2015,841.71,11.91,1.36,0.32
2015-05-29,panzhihua,攀枝花,Panzhihua,0.12,28.72,33.45,23.28,8.886168932274561,0.94,22283790.0,25341164.0,6785.7812,101.75,26.55,2015,845.27,13.23,0.12,-0.21
2015-05-30,panzhihua,攀枝花,Panzhihua,0.61,27.65,31.93,22.39,7.484317730811357,0.65,19706280.0,22425068.0,6709.9062,101.75,26.55,2015,846.75,15.51,-0.35,-0.34
2015-05-31,panzhihua,攀枝花,Panzhihua,0.05,28.31,34.15,23.23,9.239325924343907,1.7,21847874.0,24878980.0,6700.0312,101.75,26.55,2015,842.91,13.77,1.38,0.48
2015-06-01,panzhihua,攀枝花,Panzhihua,0.0,28.81,34.45,22.6,9.124519529800454,1.73,20586768.0,23459096.0,6698.0938,101.75,26.55,2015,842.63,12.49,1.39,0.41
2015-06-02,panzhihua,攀枝花,Panzhihua,0.0,30.27,34.95,23.45,8.863772085527074,1.29,19846136.0,22630692.0,6616.4062,101.75,26.55,2015,843.93,11.23,0.45,-0.2
2015-06-03,panzhihua,攀枝花,Panzhihua,0.0,30.23,35.38,25.39,9.607146486745703,1.44,22132350.0,25254336.0,6471.4375,101.75,26.55,2015,845.79,13.51,1.06,-0.38
2015-06-04,panzhihua,攀枝花,Panzhihua,8.64,27.36,34.3,21.07,7.593184717995527,0.89,19998074.0,22834492.0,6301.75,101.75,26.55,2015,847.61,17.36,0.21,-0.63
2015-06-05,panzhihua,攀枝花,Panzhihua,3.73,24.46,28.31,21.3,4.295939768854328,0.72,11627406.0,13285756.0,6165.9375,101.75,26.55,2015,846.57,17.68,-0.14,-0.52
2015-06-06,panzhihua,攀枝花,Panzhihua,2.02,26.75,32.73,22.38,6.752305815227195,0.92,17994300.0,20574880.0,6121.5938,101.75,26.55,2015,843.7,18.52,0.22,-0.2
2015-06-07,panzhihua,攀枝花,Panzhihua,1.78,28.48,34.06,23.01,8.482491027122586,1.05,21480248.0,24578052.0,6157.5625,101.75,26.55,2015,843.42,16.44,0.22,-0.14
2015-06-08,panzhihua,攀枝花,Panzhihua,20.0,23.38,27.82,19.63,4.518044944481,1.36,12055940.0,13804088.0,6346.6875,101.75,26.55,2015,846.67,17.27,-0.74,-1.06
2015-06-09,panzhihua,攀枝花,Panzhihua,13.86,22.19,27.28,18.6,3.738825620873118,0.64,10793414.0,12366488.0,6693.1562,101.75,26.55,2015,846.02,17.22,-0.54,-0.05
2015-06-10,panzhihua,攀枝花,Panzhihua,9.29,24.28,29.0,19.63,6.347656629202652,0.58,18178766.0,20842092.0,7128.0,101.75,26.55,2015,847.41,17.73,0.01,0.16
2015-06-11,panzhihua,攀枝花,Panzhihua,11.66,20.66,22.52,19.37,2.4580193757590028,0.51,7503068.0,8608424.0,7619.6875,101.75,26.55,2015,850.82,18.25,0.01,-0.05
2015-06-12,panzhihua,攀枝花,Panzhihua,1.45,23.51,26.86,19.32,5.999918555123624,0.66,17352144.0,19921468.0,7999.5,101.75,26.55,2015,846.94,17.43,0.42,-0.03
2015-06-13,panzhihua,攀枝花,Panzhihua,9.75,23.86,27.25,21.0,6.132122986297648,0.79,17922962.0,20592092.0,8134.2812,101.75,26.55,2015,845.23,19.16,0.02,-0.22
2015-06-14,panzhihua,攀枝花,Panzhihua,1.16,25.06,28.56,21.22,6.185231274280622,0.66,17258850.0,19842556.0,8122.5312,101.75,26.55,2015,845.39,18.13,0.35,-0.37
2015-06-15,panzhihua,攀枝花,Panzhihua,0.63,25.36,29.73,21.71,6.68677046921249,1.25,18142506.0,20872544.0,8114.1562,101.75,26.55,2015,844.99,18.26,1.02,-0.42
2015-06-16,panzhihua,攀枝花,Panzhihua,0.48,26.18,30.76,22.47,7.405016326217238,1.61,18953944.0,21810620.0,8206.0,101.75,26.55,2015,843.98,17.12,1.39,-0.17
2015-06-17,panzhihua,攀枝花,Panzhihua,8.15,25.31,30.35,20.21,6.641790362890638,1.05,18239938.0,20993044.0,8384.875,101.75,26.55,2015,844.35,18.39,0.56,-0.08
2015-06-18,panzhihua,攀枝花,Panzhihua,10.81,23.21,26.65,20.71,4.562439474569962,0.87,13305956.0,15317452.0,8706.530999999999,101.75,26.55,2015,846.66,19.32,-0.65,-0.42
2015-06-19,panzhihua,攀枝花,Panzhihua,23.92,21.35,23.85,19.16,2.4329181356911964,0.43,7379616.0,8495780.0,9164.625,101.75,26.55,2015,847.61,19.32,-0.06,-0.13
2015-06-20,panzhihua,攀枝花,Panzhihua,27.51,22.56,26.24,19.7,4.710586303046676,0.47,14238754.0,16396636.0,9570.531,101.75,26.55,2015,846.68,19.99,-0.15,-0.13
2015-06-21,panzhihua,攀枝花,Panzhihua,20.86,22.79,25.11,19.98,4.061737147145951,0.66,11927270.0,13738392.0,9977.531,101.75,26.55,2015,846.19,19.17,-0.1,-0.23
2015-06-22,panzhihua,攀枝花,Panzhihua,3.36,24.15,27.86,20.52,5.574164332031662,0.49,16306140.0,18784960.0,10468.4375,101.75,26.55,2015,842.77,20.52,0.07,-0.1
2015-06-23,panzhihua,攀枝花,Panzhihua,0.6,26.91,30.95,21.34,7.199087854757121,0.93,19199910.0,22122928.0,10943.406,101.75,26.55,2015,841.51,18.88,0.45,-0.3
2015-06-24,panzhihua,攀枝花,Panzhihua,1.62,27.26,30.68,23.4,7.248427316837374,0.75,19645676.0,22640552.0,11149.3125,101.75,26.55,2015,842.19,20.19,0.28,-0.21
2015-06-25,panzhihua,攀枝花,Panzhihua,12.92,23.97,28.23,20.63,5.281599495149357,0.49,15541914.0,17913676.0,11176.3125,101.75,26.55,2015,842.88,20.85,-0.03,-0.09
2015-06-26,panzhihua,攀枝花,Panzhihua,1.81,25.47,29.23,21.36,5.817511457735928,1.04,15740378.0,18146872.0,11278.6875,101.75,26.55,2015,841.76,19.04,0.82,-0.4
2015-06-27,panzhihua,攀枝花,Panzhihua,0.27,26.53,31.29,21.99,6.919457867672023,1.33,17858996.0,20594784.0,11452.0,101.75,26.55,2015,844.56,18.14,1.19,-0.27
2015-06-28,panzhihua,攀枝花,Panzhihua,0.07,27.36,31.95,22.54,6.802947619128089,1.13,17130522.0,19758800.0,11617.531,101.75,26.55,2015,845.41,17.81,0.86,-0.26
2015-06-29,panzhihua,攀枝花,Panzhihua,0.12,27.3,30.6,22.87,6.687620565582043,0.92,17259112.0,19910556.0,11698.781,101.75,26.55,2015,844.58,18.21,0.39,-0.38
2015-06-30,panzhihua,攀枝花,Panzhihua,12.45,25.14,30.49,21.56,5.846360499834768,0.74,16378168.0,18896792.0,11648.625,101.75,26.55,2015,845.11,19.59,0.07,-0.05
2015-07-01,panzhihua,攀枝花,Panzhihua,6.11,23.59,25.64,21.32,4.472577946288509,0.75,12975506.0,14974624.0,11581.5625,101.75,26.55,2015,845.31,19.89,-0.57,0.05
2015-07-02,panzhihua,攀枝花,Panzhihua,7.33,24.34,28.53,20.6,5.206873139239741,0.52,15043388.0,17364152.0,11770.4375,101.75,26.55,2015,844.16,20.36,-0.29,-0.12
2015-07-03,panzhihua,攀枝花,Panzhihua,8.65,22.66,24.56,20.65,2.8187644773089127,0.75,8196250.0,9462440.0,12300.594,101.75,26.55,2015,844.37,19.99,-0.52,-0.39
2015-07-04,panzhihua,攀枝花,Panzhihua,20.41,20.9,22.09,19.45,1.9086926024248485,0.94,5354990.0,6183844.0,12986.219,101.75,26.55,2015,846.36,18.12,-0.63,-0.67
2015-07-05,panzhihua,攀枝花,Panzhihua,3.24,19.24,20.54,17.0,1.8191727883367617,0.37,5463824.0,6310456.0,13787.375,101.75,26.55,2015,849.5,15.88,0.04,0.0
2015-07-06,panzhihua,攀枝花,Panzhihua,0.05,23.6,27.55,17.42,7.1251792016386295,0.49,20533356.0,23719624.0,14746.5,101.75,26.55,2015,847.79,15.89,0.14,-0.08
2015-07-07,panzhihua,攀枝花,Panzhihua,0.23,24.97,29.35,19.43,7.81815823570849,0.59,21954950.0,25366300.0,15519.875,101.75,26.55,2015,847.28,16.52,0.1,-0.19
2015-07-08,panzhihua,攀枝花,Panzhihua,0.07,26.18,29.05,21.36,7.528977026064994,0.67,20358116.0,23525600.0,15606.125,101.75,26.55,2015,846.47,16.5,0.43,-0.14
2015-07-09,panzhihua,攀枝花,Panzhihua,8.7,23.82,28.25,21.18,5.312628328693841,0.67,15057952.0,17404332.0,15161.0625,101.75,26.55,2015,848.54,18.02,-0.14,-0.22
2015-07-10,panzhihua,攀枝花,Panzhihua,1.57,22.0,24.07,19.11,4.218144383179756,0.58,12356032.0,14282976.0,14741.75,101.75,26.55,2015,849.77,17.28,0.06,0.38
2015-07-11,panzhihua,攀枝花,Panzhihua,0.01,25.51,29.21,19.45,7.844857475366362,0.55,21772152.0,25174870.0,14481.531,101.75,26.55,2015,846.51,16.45,0.34,-0.02
2015-07-12,panzhihua,攀枝花,Panzhihua,0.26,26.72,30.18,21.94,7.56083840051221,0.72,20390482.0,23580928.0,14174.0,101.75,26.55,2015,844.97,18.12,0.58,0.17
2015-07-13,panzhihua,攀枝花,Panzhihua,4.19,25.71,30.01,21.89,6.038403062829312,0.66,16699102.0,19315368.0,13778.0,101.75,26.55,2015,845.39,19.64,0.07,0.42
2015-07-14,panzhihua,攀枝花,Panzhihua,23.24,24.23,28.01,20.3,5.084567716669584,0.69,14694848.0,17000934.0,13504.531,101.75,26.55,2015,843.6,20.51,-0.36,0.07
2015-07-15,panzhihua,攀枝花,Panzhihua,14.34,20.79,21.56,19.51,2.3822224824577027,0.74,6668536.0,7716598.0,13576.75,101.75,26.55,2015,847.09,16.69,-0.44,0.35
2015-07-16,panzhihua,攀枝花,Panzhihua,3.99,19.58,21.93,15.69,3.2801976329095464,0.75,9360972.0,10832684.0,13984.625,101.75,26.55,2015,848.05,13.37,0.37,0.56
2015-07-17,panzhihua,攀枝花,Panzhihua,3.76,18.21,20.79,15.76,3.0347674973472416,0.51,9509874.0,11005728.0,14294.594,101.75,26.55,2015,849.23,14.37,0.09,0.36
2015-07-18,panzhihua,攀枝花,Panzhihua,3.75,20.91,23.79,16.25,5.230202827567345,0.46,15710228.0,18183140.0,14155.0,101.75,26.55,2015,847.88,14.92,0.19,0.29
2015-07-19,panzhihua,攀枝花,Panzhihua,7.8,19.03,21.25,17.2,2.5346172681563064,0.54,7949852.0,9202176.0,13778.469,101.75,26.55,2015,848.79,16.67,-0.04,0.51
2015-07-20,panzhihua,攀枝花,Panzhihua,3.2,21.78,24.05,17.61,4.71111624676445,0.36,14080996.0,16301576.0,13287.25,101.75,26.55,2015,848.43,17.37,0.09,-0.06
2015-07-21,panzhihua,攀枝花,Panzhihua,10.65,22.74,26.67,19.35,5.3335262630284666,0.51,15929260.0,18441352.0,12739.469,101.75,26.55,2015,847.38,19.42,0.06,0.02
2015-07-22,panzhihua,攀枝花,Panzhihua,57.69,22.18,26.87,19.41,4.753017786464378,0.56,14484102.0,16770418.0,12423.6875,101.75,26.55,2015,846.79,19.9,-0.15,-0.01
2015-07-23,panzhihua,攀枝花,Panzhihua,22.09,19.82,22.1,17.82,1.467206248597529,0.41,4629252.0,5361368.0,12184.406,101.75,26.55,2015,849.71,19.06,-0.1,0.18
2015-07-24,panzhihua,攀枝花,Panzhihua,2.74,19.08,20.72,16.3,2.25271605686556,0.52,7066702.0,8183920.0,12052.109,101.75,26.55,2015,851.0,17.05,-0.02,0.25
2015-07-25,panzhihua,攀枝花,Panzhihua,0.03,22.31,27.21,16.55,7.7786857018499775,0.47,23179976.0,26845714.0,11962.469,101.75,26.55,2015,848.38,15.86,0.23,-0.14
2015-07-26,panzhihua,攀枝花,Panzhihua,0.0,24.5,29.1,18.65,8.35747653174871,0.45,23759920.0,27518900.0,11764.734,101.75,26.55,2015,847.82,15.56,0.15,-0.12
2015-07-27,panzhihua,攀枝花,Panzhihua,1.79,24.06,28.57,19.55,6.965771125515009,0.68,19709148.0,22827804.0,11376.953,101.75,26.55,2015,847.79,16.53,0.23,0.34
2015-07-28,panzhihua,攀枝花,Panzhihua,0.34,22.9,25.81,19.38,5.6493415990582525,0.54,16320950.0,18905356.0,10915.0,101.75,26.55,2015,848.33,16.56,0.37,0.14
2015-07-29,panzhihua,攀枝花,Panzhihua,1.23,23.1,26.29,19.44,5.678114928721597,0.61,16375966.0,18970458.0,10552.219,101.75,26.55,2015,847.67,17.16,0.39,0.27
2015-07-30,panzhihua,攀枝花,Panzhihua,4.17,23.82,28.08,19.31,6.254343607336294,0.55,18004908.0,20859350.0,10304.078,101.75,26.55,2015,847.83,18.08,0.16,0.23
2015-07-31,panzhihua,攀枝花,Panzhihua,7.89,23.34,27.63,19.31,6.061336509203956,0.63,17695924.0,20503144.0,10107.594,101.75,26.55,2015,848.24,18.45,0.06,0.24
2015-08-01,panzhihua,攀枝花,Panzhihua,5.4,22.3,27.69,18.02,6.225280543277584,0.51,18803204.0,21788954.0,9941.328,101.75,26.55,2015,849.49,18.82,-0.01,-0.31
2015-08-02,panzhihua,攀枝花,Panzhihua,4.12,22.76,27.72,18.28,6.653826533946368,0.62,19791910.0,22936308.0,9763.1875,101.75,26.55,2015,849.11,18.12,0.17,-0.39
2015-08-03,panzhihua,攀枝花,Panzhihua,1.88,24.03,27.79,18.62,6.773356402723608,0.93,19119882.0,22158958.0,9465.984,101.75,26.55,2015,847.36,17.3,0.64,-0.41
2015-08-04,panzhihua,攀枝花,Panzhihua,18.8,21.03,24.38,18.83,3.117732485879563,0.58,9512786.0,11024850.0,9108.9375,101.75,26.55,2015,847.25,18.73,0.01,-0.04
2015-08-05,panzhihua,攀枝花,Panzhihua,17.12,20.65,24.34,17.69,3.5025680967716304,0.62,10982328.0,12730288.0,8965.844000000001,101.75,26.55,2015,847.5,18.94,-0.01,-0.35
2015-08-06,panzhihua,攀枝花,Panzhihua,7.32,22.1,26.64,18.3,5.244880316265178,0.54,15866956.0,18392656.0,9055.734,101.75,26.55,2015,848.57,19.02,-0.1,-0.05
2015-08-07,panzhihua,攀枝花,Panzhihua,31.9,21.79,25.35,18.86,4.491316198231301,0.54,13636272.0,15807618.0,9174.3125,101.75,26.55,2015,849.67,19.05,-0.04,0.05
2015-08-08,panzhihua,攀枝花,Panzhihua,59.94,20.37,23.73,19.0,2.249815664261379,0.44,6943454.0,8050612.0,9507.234,101.75,26.55,2015,848.85,18.74,-0.26,-0.06
2015-08-09,panzhihua,攀枝花,Panzhihua,28.76,20.48,22.28,19.08,2.1770586678944577,0.34,6691304.0,7759398.0,10031.0625,101.75,26.55,2015,849.08,18.85,-0.08,-0.09
2015-08-10,panzhihua,攀枝花,Panzhihua,7.75,20.74,24.0,18.96,3.010669035610153,0.37,9261794.0,10740626.0,10597.766,101.75,26.55,2015,850.88,18.81,0.08,-0.09
2015-08-11,panzhihua,攀枝花,Panzhihua,11.04,21.89,26.41,17.83,5.09578623612236,0.51,15556542.0,18040352.0,10937.594,101.75,26.55,2015,849.85,19.42,0.33,0.04
2015-08-12,panzhihua,攀枝花,Panzhihua,5.8,22.77,27.41,17.68,6.1209439656715885,0.53,18276470.0,21196530.0,10929.094,101.75,26.55,2015,848.98,19.08,0.25,0.16
2015-08-13,panzhihua,攀枝花,Panzhihua,1.66,23.6,28.58,18.7,6.461272250434687,0.52,19032430.0,22074770.0,10743.781,101.75,26.55,2015,848.23,19.78,0.31,-0.15
2015-08-14,panzhihua,攀枝花,Panzhihua,9.08,23.82,28.2,19.05,5.755519657705327,0.6,16792344.0,19478240.0,10452.953,101.75,26.55,2015,847.21,19.91,0.29,0.21
2015-08-15,panzhihua,攀枝花,Panzhihua,9.91,22.53,25.42,19.72,3.5241335867905668,0.44,10492686.0,12171738.0,10066.203,101.75,26.55,2015,847.71,20.17,-0.09,0.36
2015-08-16,panzhihua,攀枝花,Panzhihua,26.87,22.31,26.84,19.87,4.344156612872292,0.49,13226048.0,15342036.0,9751.625,101.75,26.55,2015,847.01,20.62,-0.21,0.15
2015-08-17,panzhihua,攀枝花,Panzhihua,20.38,22.08,25.44,20.02,3.489837135992228,0.53,10600288.0,12295636.0,9673.859,101.75,26.55,2015,846.52,20.32,-0.04,0.09
2015-08-18,panzhihua,攀枝花,Panzhihua,34.47,21.89,25.04,19.96,3.111060980963817,0.68,9365638.0,10863768.0,9928.797,101.75,26.55,2015,847.44,19.73,0.31,-0.3
2015-08-19,panzhihua,攀枝花,Panzhihua,23.07,20.32,21.47,18.62,1.0615825368783955,0.8,2727038.0,3163158.0,10490.156,101.75,26.55,2015,852.37,17.81,-0.73,-0.12
2015-08-20,panzhihua,攀枝花,Panzhihua,0.11,19.28,20.44,18.37,1.7813574923869469,0.66,4801074.0,5568028.0,11158.3125,101.75,26.55,2015,853.9,14.61,-0.22,0.22
2015-08-21,panzhihua,攀枝花,Panzhihua,0.07,22.71,25.17,19.19,5.009623396100106,0.63,14180344.0,16445316.0,11741.266,101.75,26.55,2015,850.77,15.82,-0.35,0.3
2015-08-22,panzhihua,攀枝花,Panzhihua,3.32,20.49,22.28,17.47,2.6695802760651,0.9,7085378.0,8216568.0,12126.422,101.75,26.55,2015,849.38,14.9,-0.73,0.3
2015-08-23,panzhihua,攀枝花,Panzhihua,8.25,20.29,23.19,16.98,3.4999693150517306,0.42,10687516.0,12394168.0,12561.828,101.75,26.55,2015,848.23,16.87,-0.05,-0.13
2015-08-24,panzhihua,攀枝花,Panzhihua,27.15,21.17,25.79,18.39,4.2337151923939285,0.39,13066788.0,15152592.0,13076.922,101.75,26.55,2015,846.83,19.33,-0.23,-0.03
2015-08-25,panzhihua,攀枝花,Panzhihua,7.8,21.62,24.21,18.79,3.1471940229701563,0.61,9499778.0,11016296.0,13391.672,101.75,26.55,2015,848.13,19.34,-0.3,-0.27
2015-08-26,panzhihua,攀枝花,Panzhihua,24.75,20.34,22.61,18.7,2.2529158684307053,0.43,7052510.0,8177128.0,13469.578,101.75,26.55,2015,849.67,19.26,0.28,-0.15
2015-08-27,panzhihua,攀枝花,Panzhihua,36.29,20.71,24.2,18.93,3.112932204595652,0.57,9760444.0,11317256.0,13556.328,101.75,26.55,2015,848.69,19.34,0.03,-0.38
2015-08-28,panzhihua,攀枝花,Panzhihua,23.34,20.25,23.29,17.92,2.3218441506019643,0.52,7255494.0,8411864.0,13729.547,101.75,26.55,2015,849.26,18.89,-0.16,-0.04
2015-08-29,panzhihua,攀枝花,Panzhihua,8.46,19.64,21.52,17.52,1.7521667185054663,0.57,5369762.0,6225406.0,14178.625,101.75,26.55,2015,850.42,17.84,-0.24,0.07
2015-08-30,panzhihua,攀枝花,Panzhihua,6.0,19.89,23.01,16.86,3.2975011343906626,0.55,10047704.0,11648526.0,15009.125,101.75,26.55,2015,850.62,16.28,-0.27,0.44
2015-08-31,panzhihua,攀枝花,Panzhihua,30.21,20.51,23.39,17.13,3.1909265658350234,0.51,9795074.0,11354594.0,15678.625,101.75,26.55,2015,849.88,17.98,-0.12,-0.04
2015-09-01,panzhihua,攀枝花,Panzhihua,6.6,20.35,22.12,19.37,1.835857884947412,0.41,5510328.0,6387974.0,16255.547,101.75,26.55,2015,850.35,18.06,-0.09,-0.29
2015-09-02,panzhihua,攀枝花,Panzhihua,7.42,21.26,24.3,19.36,4.3306900272910775,0.35,13177874.0,15275800.0,16771.843999999994,101.75,26.55,2015,850.57,18.26,0.04,-0.14
2015-09-03,panzhihua,攀枝花,Panzhihua,12.16,22.34,26.65,19.06,5.127559356751727,0.47,15445628.0,17903836.0,16875.406000000006,101.75,26.55,2015,850.15,19.46,-0.03,-0.08
2015-09-04,panzhihua,攀枝花,Panzhihua,23.07,22.43,27.06,19.22,5.079257711512732,0.52,15393316.0,17842954.0,16632.718999999994,101.75,26.55,2015,850.29,20.09,-0.05,0.08
2015-09-05,panzhihua,攀枝花,Panzhihua,28.67,20.97,24.16,19.06,3.098891115710503,0.48,9641306.0,11175162.0,16261.094,101.75,26.55,2015,850.3,19.64,0.03,-0.19
2015-09-06,panzhihua,攀枝花,Panzhihua,5.52,20.34,22.85,17.68,1.8381865639218973,0.48,5626438.0,6521086.0,16062.797,101.75,26.55,2015,850.48,18.74,0.18,-0.12
2015-09-07,panzhihua,攀枝花,Panzhihua,2.34,22.28,26.42,17.65,4.480779207320628,0.38,13354852.0,15478276.0,16018.5,101.75,26.55,2015,848.95,18.86,0.13,-0.07
2015-09-08,panzhihua,攀枝花,Panzhihua,17.24,21.75,25.98,18.92,3.896044204382199,0.49,11847122.0,13729738.0,15817.406,101.75,26.55,2015,849.36,19.49,-0.17,-0.1
2015-09-09,panzhihua,攀枝花,Panzhihua,9.55,20.89,23.68,19.13,2.9108776105037872,0.52,8982540.0,10409710.0,15552.625,101.75,26.55,2015,852.92,19.14,-0.19,-0.1
2015-09-10,panzhihua,攀枝花,Panzhihua,5.55,22.02,25.52,19.17,4.266280784100181,0.44,12912460.0,14963234.0,15328.297,101.75,26.55,2015,853.37,19.62,-0.02,0.03
2015-09-11,panzhihua,攀枝花,Panzhihua,41.8,22.06,26.29,18.79,5.031167152709696,0.69,15431454.0,17881480.0,15160.1875,101.75,26.55,2015,852.48,19.68,-0.29,-0.27
2015-09-12,panzhihua,攀枝花,Panzhihua,6.29,18.18,18.95,17.43,1.6586795889420205,0.65,4665776.0,5406902.0,15043.9375,101.75,26.55,2015,857.06,14.12,-0.42,-0.41
2015-09-13,panzhihua,攀枝花,Panzhihua,1.07,19.25,20.89,17.42,2.27614774858087,0.51,6648882.0,7703998.0,14883.484,101.75,26.55,2015,854.33,14.71,-0.35,0.03
2015-09-14,panzhihua,攀枝花,Panzhihua,7.07,21.45,24.83,18.36,3.6827549489107967,0.49,10829150.0,12547344.0,14746.8125,101.75,26.55,2015,851.77,16.88,0.09,-0.33
2015-09-15,panzhihua,攀枝花,Panzhihua,17.01,21.03,25.06,19.1,4.144040833745609,0.65,12843372.0,14880386.0,14730.031,101.75,26.55,2015,851.4,18.69,-0.05,-0.5
2015-09-16,panzhihua,攀枝花,Panzhihua,9.73,21.2,24.68,18.88,3.535053965790815,0.78,10820118.0,12530768.0,14801.797,101.75,26.55,2015,851.41,18.75,0.28,-0.42
2015-09-17,panzhihua,攀枝花,Panzhihua,5.15,21.61,24.65,18.29,3.940934792388926,0.6,11850410.0,13718178.0,14957.844,101.75,26.55,2015,853.47,18.4,-0.04,-0.13
2015-09-18,panzhihua,攀枝花,Panzhihua,14.42,21.54,24.96,18.22,4.265079867102839,0.38,12959012.0,14995078.0,15136.703,101.75,26.55,2015,853.62,18.72,-0.1,-0.03
2015-09-19,panzhihua,攀枝花,Panzhihua,9.51,20.66,25.16,18.08,4.4924945332408805,0.65,14111370.0,16321468.0,15155.156,101.75,26.55,2015,851.39,18.36,0.21,-0.2
2015-09-20,panzhihua,攀枝花,Panzhihua,3.5,20.88,24.02,18.42,3.257890416940413,0.45,10060048.0,11630714.0,14958.953,101.75,26.55,2015,849.02,18.89,0.26,-0.06
2015-09-21,panzhihua,攀枝花,Panzhihua,0.98,22.66,26.07,18.61,4.683028370523519,0.67,13632844.0,15754076.0,14637.016,101.75,26.55,2015,846.11,17.96,0.37,-0.3
2015-09-22,panzhihua,攀枝花,Panzhihua,6.27,22.98,26.28,20.17,4.3757607729183405,0.57,12682144.0,14649330.0,14105.281,101.75,26.55,2015,848.84,18.48,0.06,-0.42
2015-09-23,panzhihua,攀枝花,Panzhihua,2.42,22.04,25.05,19.47,3.3514949829233034,0.54,10066431.0,11623229.0,13558.641,101.75,26.55,2015,847.0,19.54,0.23,-0.25
2015-09-24,panzhihua,攀枝花,Panzhihua,1.23,23.39,27.1,19.74,4.770382813474822,0.92,13516649.0,15599419.0,13190.297,101.75,26.55,2015,845.34,18.34,0.47,-0.4
2015-09-25,panzhihua,攀枝花,Panzhihua,13.02,20.76,23.13,18.68,3.031114823914073,0.82,9370070.0,10809713.0,12806.219,101.75,26.55,2015,847.39,18.58,-0.63,-0.29
2015-09-26,panzhihua,攀枝花,Panzhihua,4.53,21.64,25.32,17.97,4.220661862936494,0.56,12893813.0,14868527.0,12455.219,101.75,26.55,2015,848.8,18.94,-0.07,-0.24
2015-09-27,panzhihua,攀枝花,Panzhihua,2.03,22.57,26.53,18.0,4.614330791658366,0.44,13872906.0,15990880.0,12180.891,101.75,26.55,2015,849.03,19.76,0.14,-0.09
2015-09-28,panzhihua,攀枝花,Panzhihua,1.23,22.86,27.08,18.15,5.342453037107584,0.73,15685337.0,18071576.0,11929.297,101.75,26.55,2015,850.2,18.12,0.48,-0.14
2015-09-29,panzhihua,攀枝花,Panzhihua,0.58,23.02,27.39,18.4,5.343532513885259,0.47,15775348.0,18167872.0,11639.5,101.75,26.55,2015,851.7,18.6,0.15,-0.03
2015-09-30,panzhihua,攀枝花,Panzhihua,9.22,23.66,27.82,18.83,5.460808498531848,0.68,15825294.0,18217816.0,11241.844,101.75,26.55,2015,853.06,18.79,0.23,-0.21
2015-10-01,panzhihua,攀枝花,Panzhihua,10.85,19.98,23.27,17.33,2.765604081315304,0.48,8719618.0,10033336.0,10766.656,101.75,26.55,2015,856.8,18.22,-0.06,-0.17
2015-10-02,panzhihua,攀枝花,Panzhihua,2.52,21.44,25.01,17.21,4.221904150202088,0.64,12569612.0,14456693.0,10340.047,101.75,26.55,2015,852.14,16.88,0.18,-0.38
2015-10-03,panzhihua,攀枝花,Panzhihua,23.75,20.1,24.36,17.6,3.898049986270837,0.62,12402873.0,14259301.0,9936.109,101.75,26.55,2015,854.05,17.96,-0.29,-0.37
2015-10-04,panzhihua,攀枝花,Panzhihua,4.04,19.77,22.24,17.59,2.8767738907753366,0.9,8780355.0,10089972.0,9616.672,101.75,26.55,2015,856.15,16.7,-0.52,-0.66
2015-10-05,panzhihua,攀枝花,Panzhihua,0.37,20.19,23.08,16.46,3.5768559136933407,0.52,10858580.0,12475032.0,9327.93,101.75,26.55,2015,853.94,15.78,-0.21,0.1
2015-10-06,panzhihua,攀枝花,Panzhihua,2.18,21.82,25.39,16.83,4.567089333765152,0.46,13696810.0,15725948.0,9013.656,101.75,26.55,2015,851.51,17.37,0.01,-0.22
2015-10-07,panzhihua,攀枝花,Panzhihua,23.13,20.37,23.38,18.49,3.075269922342844,0.74,9491504.0,10892670.0,8794.414,101.75,26.55,2015,853.6,17.68,-0.51,-0.48
2015-10-08,panzhihua,攀枝花,Panzhihua,23.91,17.98,20.11,15.49,1.2656905177511222,0.63,3761673.8,4315954.0,8841.0625,101.75,26.55,2015,853.92,15.52,-0.3,-0.5
2015-10-09,panzhihua,攀枝花,Panzhihua,34.05,14.14,15.7,12.56,0.6564477943776936,0.75,1993289.2,2285913.5,9332.758,101.75,26.55,2015,855.16,12.46,-0.65,0.2
2015-10-10,panzhihua,攀枝花,Panzhihua,0.3,14.2,15.75,12.46,1.6754994047340022,0.49,5276674.0,6048628.0,10267.883,101.75,26.55,2015,859.01,9.06,-0.03,-0.11
2015-10-11,panzhihua,攀枝花,Panzhihua,0.01,16.7,19.35,12.58,4.261470165741224,0.47,13630336.0,15618406.0,10893.133,101.75,26.55,2015,859.59,8.58,-0.06,0.07
2015-10-12,panzhihua,攀枝花,Panzhihua,0.01,16.72,18.72,14.32,2.843658668235674,0.55,8679356.0,9940482.0,10886.625,101.75,26.55,2015,858.89,9.72,0.38,-0.2
2015-10-13,panzhihua,攀枝花,Panzhihua,0.0,16.38,18.89,12.32,2.9143867506690384,0.38,9433154.0,10798532.0,10496.727,101.75,26.55,2015,858.51,10.94,0.17,-0.23
2015-10-14,panzhihua,攀枝花,Panzhihua,0.0,17.63,21.47,12.15,4.204679556209263,0.44,13568390.0,15526068.0,9959.875,101.75,26.55,2015,858.04,12.28,-0.04,-0.09
2015-10-15,panzhihua,攀枝花,Panzhihua,0.56,17.85,22.81,12.86,4.647052059181204,0.4,15201666.0,17387930.0,9436.734,101.75,26.55,2015,856.81,13.71,0.16,0.08
2015-10-16,panzhihua,攀枝花,Panzhihua,0.59,18.4,22.95,12.88,4.695678135330162,0.5,15194632.0,17367512.0,8935.078000000001,101.75,26.55,2015,854.81,14.17,0.12,0.02
2015-10-17,panzhihua,攀枝花,Panzhihua,5.88,18.89,23.33,13.83,4.686412709627363,0.46,15083238.0,17228562.0,8450.836,101.75,26.55,2015,854.64,15.07,-0.1,0.06
2015-10-18,panzhihua,攀枝花,Panzhihua,4.84,17.5,21.86,14.08,3.948767451921632,0.49,13105332.0,14960666.0,8005.883000000002,101.75,26.55,2015,856.0,14.34,0.1,0.16
2015-10-19,panzhihua,攀枝花,Panzhihua,0.2,17.21,21.61,12.21,4.014149897932334,0.43,13284420.0,15153300.0,7607.3906,101.75,26.55,2015,854.19,13.24,0.28,-0.02
2015-10-20,panzhihua,攀枝花,Panzhihua,0.07,17.57,23.12,11.67,4.634127434389662,0.42,15390998.0,17543312.0,7221.616999999997,101.75,26.55,2015,852.17,14.0,0.16,-0.12
2015-10-21,panzhihua,攀枝花,Panzhihua,0.37,18.04,23.4,11.97,4.417487208279005,0.42,14477480.0,16492552.0,6830.0312,101.75,26.55,2015,851.83,14.29,0.11,-0.18
2015-10-22,panzhihua,攀枝花,Panzhihua,0.1,18.71,23.78,12.6,4.6059253552915305,0.53,14783534.0,16829440.0,6420.8984,101.75,26.55,2015,852.17,14.12,0.14,-0.2
2015-10-23,panzhihua,攀枝花,Panzhihua,0.17,18.68,22.98,13.72,4.341372437505757,0.6,13764580.0,15657928.0,6005.8516,101.75,26.55,2015,852.02,13.51,0.21,-0.26
2015-10-24,panzhihua,攀枝花,Panzhihua,0.03,18.93,24.02,13.51,4.873820080110376,0.71,15140036.0,17210646.0,5613.2580000000025,101.75,26.55,2015,852.86,12.18,0.45,-0.22
2015-10-25,panzhihua,攀枝花,Panzhihua,0.0,18.61,23.6,13.63,5.10916249840357,0.57,16236972.0,18445044.0,5258.366999999998,101.75,26.55,2015,854.1,12.21,0.17,-0.26
2015-10-26,panzhihua,攀枝花,Panzhihua,0.0,18.39,23.16,13.17,4.714288205683928,0.55,15070310.0,17107924.0,4941.0938,101.75,26.55,2015,854.74,12.55,0.14,-0.28
2015-10-27,panzhihua,攀枝花,Panzhihua,0.0,18.39,23.65,12.85,4.8409244524321,0.71,15219710.0,17266488.0,4655.8203,101.75,26.55,2015,853.53,11.52,0.34,-0.16
2015-10-28,panzhihua,攀枝花,Panzhihua,0.0,17.85,23.11,12.74,5.225769002333081,0.74,16628412.0,18851912.0,4395.883,101.75,26.55,2015,853.55,10.29,0.4,-0.32
2015-10-29,panzhihua,攀枝花,Panzhihua,0.0,17.96,22.05,12.54,4.6808656419155605,0.51,14904168.0,16885872.0,4156.835999999998,101.75,26.55,2015,854.76,10.58,0.07,-0.27
2015-10-30,panzhihua,攀枝花,Panzhihua,0.0,18.26,22.15,13.78,4.090822129522983,0.46,12868998.0,14570832.0,3930.6094,101.75,26.55,2015,855.79,11.16,0.08,-0.34
2015-10-31,panzhihua,攀枝花,Panzhihua,5.83,17.18,20.13,14.86,2.329065833837724,0.53,7232546.0,8183144.0,3721.2812,101.75,26.55,2015,859.13,12.21,-0.29,-0.33
2015-11-01,panzhihua,攀枝花,Panzhihua,5.09,14.47,15.65,13.63,1.0649436116270403,0.45,3657456.0,4135560.0,3567.6172,101.75,26.55,2015,859.72,12.79,-0.1,-0.34
2015-11-02,panzhihua,攀枝花,Panzhihua,0.62,15.82,18.21,13.59,2.373727988941256,0.91,7606028.0,8593552.0,3485.0938,101.75,26.55,2015,855.72,11.81,0.68,-0.51
2015-11-03,panzhihua,攀枝花,Panzhihua,0.99,16.27,20.57,11.96,3.465489756119389,0.74,11482452.0,12964832.0,3422.836,101.75,26.55,2015,853.67,11.5,0.33,-0.16
2015-11-04,panzhihua,攀枝花,Panzhihua,0.5,16.2,20.67,11.88,3.3594352417406275,0.83,10942008.0,12346668.0,3347.9766,101.75,26.55,2015,852.88,10.97,0.51,-0.22
2015-11-05,panzhihua,攀枝花,Panzhihua,0.24,16.92,22.03,11.42,4.216091191767819,1.1,12926520.0,14576260.0,3257.1797,101.75,26.55,2015,851.44,9.08,0.85,0.21
2015-11-06,panzhihua,攀枝花,Panzhihua,0.0,16.79,22.22,10.96,4.495972988195157,0.9,14147344.0,15941632.0,3163.0156,101.75,26.55,2015,852.0,8.5,0.66,0.05
2015-11-07,panzhihua,攀枝花,Panzhihua,0.0,16.59,22.36,10.88,4.7737124818159815,0.68,15727990.0,17711576.0,3064.2266,101.75,26.55,2015,854.4,9.42,0.4,-0.21
2015-11-08,panzhihua,攀枝花,Panzhihua,0.0,16.33,21.47,11.24,4.639662930451457,0.48,15531144.0,17478256.0,2959.4844,101.75,26.55,2015,856.26,9.43,0.17,-0.25
2015-11-09,panzhihua,攀枝花,Panzhihua,0.0,16.23,21.6,11.3,4.641520733876759,0.64,15525020.0,17459868.0,2854.4375,101.75,26.55,2015,854.43,9.54,0.28,-0.32
2015-11-10,panzhihua,攀枝花,Panzhihua,0.0,16.35,22.12,11.01,4.712009311916669,0.66,15640824.0,17578184.0,2755.5938,101.75,26.55,2015,852.62,9.18,0.29,-0.27
2015-11-11,panzhihua,攀枝花,Panzhihua,0.2,16.71,20.91,10.82,4.07951156433804,0.75,13380406.0,15027328.0,2666.6797,101.75,26.55,2015,852.79,10.73,0.42,-0.39
2015-11-12,panzhihua,攀枝花,Panzhihua,0.27,16.09,21.03,11.01,4.095952136291554,0.61,13664426.0,15336384.0,2590.9219,101.75,26.55,2015,853.6,9.69,0.23,-0.22
2015-11-13,panzhihua,攀枝花,Panzhihua,0.0,15.83,21.27,9.78,4.3762001773648365,0.57,14884764.0,16694872.0,2531.7344,101.75,26.55,2015,852.88,9.73,0.19,-0.31
2015-11-14,panzhihua,攀枝花,Panzhihua,0.0,16.56,21.97,11.23,4.454696871036819,0.82,14372032.0,16109168.0,2485.4922,101.75,26.55,2015,848.8,8.79,0.56,-0.38
2015-11-15,panzhihua,攀枝花,Panzhihua,0.0,15.72,20.45,10.8,3.770114801356162,0.59,12465432.0,13962792.0,2444.1719,101.75,26.55,2015,850.08,8.48,0.11,-0.33
2015-11-16,panzhihua,攀枝花,Panzhihua,0.0,15.17,19.44,10.82,3.3678707984999514,0.72,11196112.0,12538352.0,2404.2969,101.75,26.55,2015,849.59,8.93,0.21,-0.35
2015-11-17,panzhihua,攀枝花,Panzhihua,0.01,17.26,22.62,10.36,4.14345986868077,0.71,13005078.0,14561236.0,2366.7656,101.75,26.55,2015,851.61,9.0,0.42,-0.06
2015-11-18,panzhihua,攀枝花,Panzhihua,0.0,16.69,20.02,14.44,2.0352071322580283,0.49,6203290.0,6944184.0,2333.375,101.75,26.55,2015,854.19,10.65,-0.01,-0.07
2015-11-19,panzhihua,攀枝花,Panzhihua,0.02,16.31,21.3,10.75,3.5276817284922304,0.53,11518942.0,12891400.0,2302.9062,101.75,26.55,2015,855.44,9.38,0.25,-0.05
2015-11-20,panzhihua,攀枝花,Panzhihua,0.0,15.79,21.44,10.45,4.313477822875772,0.48,14628680.0,16368532.0,2275.7969,101.75,26.55,2015,855.32,8.92,0.13,-0.21
2015-11-21,panzhihua,攀枝花,Panzhihua,0.0,16.13,21.61,10.98,4.375187496570258,0.59,14647040.0,16385652.0,2252.9297,101.75,26.55,2015,853.82,9.21,0.26,-0.23
2015-11-22,panzhihua,攀枝花,Panzhihua,0.0,16.03,21.68,9.61,4.334316498079342,0.58,14489736.0,16206320.0,2232.2578,101.75,26.55,2015,854.86,8.81,0.3,-0.26
2015-11-23,panzhihua,攀枝花,Panzhihua,0.0,15.49,21.09,9.31,4.106568684364873,0.69,13781884.0,15411472.0,2213.7578,101.75,26.55,2015,853.26,8.47,0.33,-0.27
2015-11-24,panzhihua,攀枝花,Panzhihua,0.0,16.13,21.21,10.6,4.271922216465553,0.46,14131294.0,15799044.0,2196.7266,101.75,26.55,2015,854.48,7.38,0.17,-0.28
2015-11-25,panzhihua,攀枝花,Panzhihua,0.03,16.25,20.67,11.45,3.719185044351589,0.67,11793984.0,13183384.0,2179.289,101.75,26.55,2015,855.54,7.73,0.06,-0.47
2015-11-26,panzhihua,攀枝花,Panzhihua,0.12,15.41,19.59,11.43,3.1963940248343383,0.73,10382842.0,11603244.0,2161.7969,101.75,26.55,2015,853.03,8.75,0.3,-0.42
2015-11-27,panzhihua,攀枝花,Panzhihua,0.29,16.77,21.92,11.74,3.5241656797967904,1.19,10374572.0,11591208.0,2149.3203,101.75,26.55,2015,851.23,9.14,0.82,-0.08
2015-11-28,panzhihua,攀枝花,Panzhihua,0.28,16.86,22.44,11.2,3.968561455871544,1.1,11470374.0,12812964.0,2147.6797,101.75,26.55,2015,854.78,6.87,0.79,0.13
2015-11-29,panzhihua,攀枝花,Panzhihua,0.01,14.69,19.23,10.48,3.2789061955080783,0.52,11047154.0,12337624.0,2158.2578,101.75,26.55,2015,856.71,7.44,-0.05,-0.37
2015-11-30,panzhihua,攀枝花,Panzhihua,0.0,15.59,21.05,10.26,3.992376831093545,0.6,13289862.0,14839260.0,2168.2656,101.75,26.55,2015,852.57,7.89,0.19,-0.23
2015-12-01,panzhihua,攀枝花,Panzhihua,0.0,16.36,22.12,10.39,3.987677426738246,0.66,12869084.0,14366268.0,2161.1016,101.75,26.55,2015,851.26,8.27,0.27,-0.37
2015-12-02,panzhihua,攀枝花,Panzhihua,0.01,14.99,18.2,10.99,2.8135475991678645,0.89,8620026.0,9620660.0,2137.5312,101.75,26.55,2015,854.76,7.54,-0.58,-0.58
2015-12-03,panzhihua,攀枝花,Panzhihua,2.03,15.71,18.77,11.99,2.4614400059578703,0.68,7442558.0,8305172.0,2113.75,101.75,26.55,2015,853.54,8.36,0.22,-0.45
2015-12-04,panzhihua,攀枝花,Panzhihua,9.07,11.12,13.81,8.77,1.1320612713150302,0.66,4405922.0,4914924.0,2116.8438,101.75,26.55,2015,853.75,9.74,-0.35,-0.45
2015-12-05,panzhihua,攀枝花,Panzhihua,0.25,11.13,14.95,7.79,1.8741462157851216,0.41,7058676.0,7872072.0,2165.7266,101.75,26.55,2015,856.72,7.38,-0.22,-0.25
2015-12-06,panzhihua,攀枝花,Panzhihua,0.0,12.02,16.85,6.61,2.6517418483821675,0.37,9804900.0,10933552.0,2226.9844,101.75,26.55,2015,857.77,6.74,0.03,-0.24
2015-12-07,panzhihua,攀枝花,Panzhihua,0.0,11.84,16.58,6.04,2.769893418986669,0.43,10292366.0,11475636.0,2239.6406,101.75,26.55,2015,856.42,6.55,0.06,-0.23
2015-12-08,panzhihua,攀枝花,Panzhihua,0.01,12.21,16.66,7.19,2.946168478074412,0.5,10766412.0,12001768.0,2218.2266,101.75,26.55,2015,854.08,6.39,0.1,-0.24
2015-12-09,panzhihua,攀枝花,Panzhihua,0.14,11.3,15.82,5.96,2.20304835075239,0.72,8084570.0,9008940.0,2186.8047,101.75,26.55,2015,853.65,6.83,0.36,-0.49
2015-12-10,panzhihua,攀枝花,Panzhihua,0.0,12.32,17.23,5.65,3.232805811413095,0.66,11725814.0,13065788.0,2153.5312,101.75,26.55,2015,850.24,6.15,0.14,-0.46
2015-12-11,panzhihua,攀枝花,Panzhihua,0.01,12.74,17.02,8.29,2.783792037871556,0.82,9509350.0,10593112.0,2115.3516,101.75,26.55,2015,847.81,6.23,0.38,-0.44
2015-12-12,panzhihua,攀枝花,Panzhihua,0.02,14.23,19.66,8.35,3.874171759211489,1.26,11874664.0,13225376.0,2072.8125,101.75,26.55,2015,848.31,4.19,0.88,0.35
2015-12-13,panzhihua,攀枝花,Panzhihua,0.0,13.61,19.05,8.14,3.467693497049724,0.77,11652980.0,12975800.0,2033.0,101.75,26.55,2015,851.46,5.29,0.35,-0.2
2015-12-14,panzhihua,攀枝花,Panzhihua,0.17,13.45,18.75,6.56,3.1513046915399423,0.9,10345506.0,11517400.0,2000.6797,101.75,26.55,2015,850.94,5.55,0.27,-0.33
2015-12-15,panzhihua,攀枝花,Panzhihua,0.53,6.01,11.0,1.99,2.2101460333911462,1.52,9223322.0,10266004.0,1980.2266,101.75,26.55,2015,856.31,0.67,-1.0,-1.13
2015-12-16,panzhihua,攀枝花,Panzhihua,0.23,5.0,6.93,2.55,1.5801648762599776,1.1,5597718.0,6321276.0,1976.7812,101.75,26.55,2015,859.67,-2.27,-0.15,-1.0
2015-12-17,panzhihua,攀枝花,Panzhihua,0.02,7.0,9.0,3.4,1.7098962331077523,0.97,6233784.0,7017908.0,1975.4609,101.75,26.55,2015,856.17,0.89,0.37,-0.82
2015-12-18,panzhihua,攀枝花,Panzhihua,0.5,9.9,13.95,5.59,1.6031563750430458,0.96,5561858.0,6228276.0,1961.7656,101.75,26.55,2015,853.66,5.41,0.65,-0.63
2015-12-19,panzhihua,攀枝花,Panzhihua,0.72,11.26,15.82,6.16,2.665433246524508,0.89,9681108.0,10806472.0,1946.0078,101.75,26.55,2015,853.99,5.76,0.76,-0.24
2015-12-20,panzhihua,攀枝花,Panzhihua,0.26,11.08,16.32,5.67,3.043397879380232,1.09,10141966.0,11303256.0,1943.4453,101.75,26.55,2015,854.22,1.98,0.75,0.23
2015-12-21,panzhihua,攀枝花,Panzhihua,0.0,12.24,17.74,6.3,3.8134501686983335,0.9,12894126.0,14360016.0,1945.3516,101.75,26.55,2015,854.18,1.42,0.54,0.16
2015-12-22,panzhihua,攀枝花,Panzhihua,0.01,13.2,18.69,6.67,3.7411211591956217,1.1,11869332.0,13214124.0,1932.6641,101.75,26.55,2015,853.96,2.58,0.75,0.07
2015-12-23,panzhihua,攀枝花,Panzhihua,0.0,13.4,19.23,7.31,4.026368507395183,1.02,12938476.0,14402864.0,1904.8672,101.75,26.55,2015,851.34,2.03,0.81,-0.17
2015-12-24,panzhihua,攀枝花,Panzhihua,0.01,11.41,18.6,4.43,3.836376094970292,1.03,13341296.0,14850872.0,1873.2422,101.75,26.55,2015,854.14,1.22,-0.14,-0.8
2015-12-25,panzhihua,攀枝花,Panzhihua,0.12,8.55,11.65,4.09,2.1657789639358374,0.88,8013526.0,8918784.0,1842.8203,101.75,26.55,2015,855.1,1.93,-0.56,-0.66
2015-12-26,panzhihua,攀枝花,Panzhihua,0.28,11.63,17.79,4.28,3.478505502362512,0.86,11860202.0,13201080.0,1813.1328,101.75,26.55,2015,854.57,1.09,-0.04,-0.01
2015-12-27,panzhihua,攀枝花,Panzhihua,0.0,11.75,17.79,3.65,3.7780076537346834,0.57,13707520.0,15258080.0,1785.6094,101.75,26.55,2015,856.52,2.28,-0.06,-0.32
2015-12-28,panzhihua,攀枝花,Panzhihua,3.23,12.71,16.96,7.72,2.6260833574107894,0.77,9005344.0,10024184.0,1762.4531,101.75,26.55,2015,856.25,6.52,-0.41,-0.48
2015-12-29,panzhihua,攀枝花,Panzhihua,5.84,8.99,11.73,6.33,1.4415308650573488,1.06,5888952.0,6554620.0,1745.8828,101.75,26.55,2015,857.56,6.8,-0.6,-0.83
2015-12-30,panzhihua,攀枝花,Panzhihua,1.66,8.93,10.71,6.99,0.9958589493391748,0.91,3681430.0,4097296.0,1743.9531,101.75,26.55,2015,858.82,6.4,-0.41,-0.78
2015-12-31,panzhihua,攀枝花,Panzhihua,0.12,9.4,12.83,7.23,1.2148245257191057,0.65,4808284.0,5351676.0,1757.8047,101.75,26.55,2015,858.9,7.21,-0.4,-0.36
2016-01-01,panzhihua,攀枝花,Panzhihua,2.94,11.69,17.44,7.4,2.6043215495453578,0.51,9957240.0,11083168.0,1773.8906,101.75,26.55,2016,857.53,8.2,0.21,-0.27
2016-01-02,panzhihua,攀枝花,Panzhihua,0.51,11.03,15.93,6.59,2.8807169695605834,0.64,10915506.0,12149872.0,1780.1719,101.75,26.55,2016,855.83,5.74,0.29,-0.24
2016-01-03,panzhihua,攀枝花,Panzhihua,0.0,12.28,17.92,6.36,3.7699678842060687,0.79,13181654.0,14673188.0,1780.2734,101.75,26.55,2016,853.13,2.94,0.53,-0.23
2016-01-04,panzhihua,攀枝花,Panzhihua,0.0,11.22,16.95,5.89,3.588413605829206,0.64,13149652.0,14637404.0,1769.8672,101.75,26.55,2016,853.45,2.36,0.04,-0.18
2016-01-05,panzhihua,攀枝花,Panzhihua,0.0,11.16,17.15,4.94,3.852676995290888,0.62,14319292.0,15939420.0,1752.4688,101.75,26.55,2016,853.58,2.31,0.14,-0.22
2016-01-06,panzhihua,攀枝花,Panzhihua,0.0,11.77,17.79,5.94,3.9076700973515375,0.65,14264558.0,15878636.0,1729.625,101.75,26.55,2016,853.41,3.03,0.26,-0.35
2016-01-07,panzhihua,攀枝花,Panzhihua,0.0,11.93,17.52,6.22,3.7282907981437874,0.64,13456770.0,14979468.0,1701.7109,101.75,26.55,2016,853.94,3.18,0.07,-0.33
2016-01-08,panzhihua,攀枝花,Panzhihua,0.01,12.57,17.95,7.28,3.4490387554247235,0.8,11740482.0,13068660.0,1671.1797,101.75,26.55,2016,850.87,3.39,0.32,-0.27
2016-01-09,panzhihua,攀枝花,Panzhihua,0.05,13.12,19.03,7.15,4.3390446006940975,1.23,13704472.0,15255116.0,1641.0469,101.75,26.55,2016,850.0,0.53,0.72,0.39
2016-01-10,panzhihua,攀枝花,Panzhihua,0.01,11.53,17.25,5.9,3.5662443974389872,0.92,12058806.0,13423448.0,1614.1641,101.75,26.55,2016,851.91,0.44,0.23,0.07
2016-01-11,panzhihua,攀枝花,Panzhihua,0.0,11.13,17.2,4.77,4.030915374859694,0.64,14830214.0,16508436.0,1591.7188,101.75,26.55,2016,852.48,0.85,0.22,-0.29
2016-01-12,panzhihua,攀枝花,Panzhihua,0.0,11.92,18.15,5.36,4.159723424794951,0.73,14776066.0,16448260.0,1572.5078,101.75,26.55,2016,850.76,1.07,0.29,-0.39
2016-01-13,panzhihua,攀枝花,Panzhihua,0.0,13.07,18.52,6.15,4.410185421444941,0.95,14481040.0,16120148.0,1553.9609,101.75,26.55,2016,849.75,0.08,0.8,-0.29
2016-01-14,panzhihua,攀枝花,Panzhihua,0.0,13.7,19.19,7.12,4.545316775132642,1.37,13394026.0,14909544.0,1535.0156,101.75,26.55,2016,849.03,-1.15,0.93,0.44
2016-01-15,panzhihua,攀枝花,Panzhihua,0.0,13.08,18.41,6.77,4.514822987677071,0.92,14999022.0,16696576.0,1516.9922,101.75,26.55,2016,847.23,0.23,0.71,-0.17
2016-01-16,panzhihua,攀枝花,Panzhihua,0.0,13.73,19.78,7.15,4.806662730061633,1.54,13936500.0,15515756.0,1501.4297,101.75,26.55,2016,846.51,-1.8,0.91,0.37
2016-01-17,panzhihua,攀枝花,Panzhihua,0.0,11.3,17.02,6.25,4.1968574819642495,0.62,15072314.0,16782784.0,1487.4062,101.75,26.55,2016,850.96,-1.79,-0.01,-0.44
2016-01-18,panzhihua,攀枝花,Panzhihua,0.0,12.78,18.96,5.91,4.537635552955223,0.83,15294336.0,17032388.0,1473.5,101.75,26.55,2016,849.12,-0.72,0.34,-0.35
2016-01-19,panzhihua,攀枝花,Panzhihua,0.0,14.55,20.64,6.81,5.0103456428970095,1.24,15102340.0,16820980.0,1460.2578,101.75,26.55,2016,849.19,-0.66,1.02,0.13
2016-01-20,panzhihua,攀枝花,Panzhihua,0.0,15.87,22.28,8.64,5.099620745450172,1.45,14442666.0,16088612.0,1446.3906,101.75,26.55,2016,849.57,1.37,1.02,0.54
2016-01-21,panzhihua,攀枝花,Panzhihua,0.1,15.05,21.12,10.32,4.3840372548291535,1.73,12692806.0,14140876.0,1431.375,101.75,26.55,2016,849.33,4.51,1.31,0.69
2016-01-22,panzhihua,攀枝花,Panzhihua,3.04,13.64,19.96,4.43,4.2686788833862135,1.48,13312278.0,14833216.0,1418.7578,101.75,26.55,2016,852.18,3.07,0.54,0.01
2016-01-23,panzhihua,攀枝花,Panzhihua,2.09,4.36,7.52,0.36,1.6364686092262282,1.63,5905724.0,6706864.0,1415.8516,101.75,26.55,2016,858.62,-1.82,-0.52,-1.52
2016-01-24,panzhihua,攀枝花,Panzhihua,0.45,1.39,3.21,-0.31,1.5426850876159657,1.4,5472784.0,6510168.0,1426.3203,101.75,26.55,2016,863.51,-7.23,0.11,-1.38
2016-01-25,panzhihua,攀枝花,Panzhihua,0.05,5.16,8.25,0.05,2.055013645124934,1.0,7576308.0,8992920.0,1437.6797,101.75,26.55,2016,857.98,-3.05,0.27,-0.85
2016-01-26,panzhihua,攀枝花,Panzhihua,0.01,9.03,14.47,3.19,3.0795523501551334,0.92,10898250.0,12631460.0,1434.4375,101.75,26.55,2016,853.36,-0.46,0.44,-0.42
2016-01-27,panzhihua,攀枝花,Panzhihua,3.15,8.68,13.19,5.6,2.207470797908908,0.77,8662046.0,9849136.0,1423.75,101.75,26.55,2016,851.61,4.21,0.46,-0.15
2016-01-28,panzhihua,攀枝花,Panzhihua,0.38,10.05,14.92,3.76,3.371450808474858,0.98,11739066.0,13215068.0,1414.1172,101.75,26.55,2016,851.03,-0.56,0.51,0.27
2016-01-29,panzhihua,攀枝花,Panzhihua,0.0,11.14,17.04,2.41,4.18315254247598,0.69,15202576.0,17020976.0,1407.8281,101.75,26.55,2016,852.82,0.14,0.28,-0.28
2016-01-30,panzhihua,攀枝花,Panzhihua,0.02,13.28,18.65,5.82,4.5437208561073135,0.94,15090868.0,16856564.0,1396.7969,101.75,26.55,2016,850.34,1.22,0.78,0.06
2016-01-31,panzhihua,攀枝花,Panzhihua,1.63,11.45,16.45,6.16,2.9216598237068863,0.94,10142092.0,11320376.0,1380.9375,101.75,26.55,2016,852.58,4.07,-0.27,-0.63
2016-02-01,panzhihua,攀枝花,Panzhihua,3.97,4.13,5.51,2.77,0.7853757057285868,1.29,3072854.0,3434624.0,1368.125,101.75,26.55,2016,856.7,1.43,-0.33,-1.24
2016-02-02,panzhihua,攀枝花,Panzhihua,0.48,5.73,7.79,2.73,0.9197582356435068,0.76,3634806.0,4063202.0,1366.125,101.75,26.55,2016,854.55,2.5,0.01,-0.72
2016-02-03,panzhihua,攀枝花,Panzhihua,0.04,11.76,17.75,3.74,2.7914065225165583,0.78,9597036.0,10719776.0,1368.3594,101.75,26.55,2016,850.31,4.11,0.04,-0.39
2016-02-04,panzhihua,攀枝花,Panzhihua,0.0,9.05,13.09,3.5,2.835453526463142,0.98,10769350.0,12025696.0,1362.9375,101.75,26.55,2016,854.74,2.09,-0.46,-0.83
2016-02-05,panzhihua,攀枝花,Panzhihua,0.47,8.53,12.19,5.47,1.797825824872772,1.07,6445828.0,7197272.0,1354.1562,101.75,26.55,2016,857.48,3.21,-0.33,-0.99
2016-02-06,panzhihua,攀枝花,Panzhihua,1.01,5.81,7.37,4.47,1.0573243213097536,1.13,3625136.0,4047980.0,1345.75,101.75,26.55,2016,861.7,1.42,-0.41,-1.02
2016-02-07,panzhihua,攀枝花,Panzhihua,0.12,7.73,10.02,4.48,1.4847300839204534,0.55,5483516.0,6123744.0,1341.75,101.75,26.55,2016,860.23,1.26,-0.12,-0.49
2016-02-08,panzhihua,攀枝花,Panzhihua,0.0,11.01,15.49,7.03,2.138787040550496,0.61,7463330.0,8335632.0,1338.1875,101.75,26.55,2016,853.12,4.23,-0.1,-0.51
2016-02-09,panzhihua,攀枝花,Panzhihua,0.01,13.12,18.66,6.71,3.4765273750299177,0.76,12017794.0,13424548.0,1328.6562,101.75,26.55,2016,849.07,5.59,0.09,-0.2
2016-02-10,panzhihua,攀枝花,Panzhihua,0.02,14.67,20.77,7.91,4.558316662731094,1.51,13478174.0,15057672.0,1316.2188,101.75,26.55,2016,846.99,2.81,0.89,0.88
2016-02-11,panzhihua,攀枝花,Panzhihua,0.02,14.99,21.79,8.46,4.9672401480789645,1.95,13685308.0,15291136.0,1305.3125,101.75,26.55,2016,846.44,1.68,1.24,1.21
2016-02-12,panzhihua,攀枝花,Panzhihua,0.01,15.94,22.0,9.18,5.75735361170161,2.09,15654066.0,17493452.0,1298.4375,101.75,26.55,2016,846.56,1.15,1.19,1.21
2016-02-13,panzhihua,攀枝花,Panzhihua,0.0,16.15,23.05,8.9,5.804769939524919,1.65,16947440.0,18941568.0,1296.7656,101.75,26.55,2016,848.43,2.37,1.29,0.38
2016-02-14,panzhihua,攀枝花,Panzhihua,0.0,14.82,22.77,3.19,5.4246753337707245,1.26,16829714.0,18812840.0,1299.0938,101.75,26.55,2016,851.08,0.72,0.11,-0.53
2016-02-15,panzhihua,攀枝花,Panzhihua,0.0,10.8,16.39,2.9,4.538872616393593,0.9,16676382.0,18644484.0,1302.4375,101.75,26.55,2016,853.66,-0.27,-0.42,-0.67
2016-02-16,panzhihua,攀枝花,Panzhihua,0.0,15.85,22.36,5.81,5.452956718893812,0.85,17240890.0,19280412.0,1302.3281,101.75,26.55,2016,851.55,2.08,0.09,-0.51
2016-02-17,panzhihua,攀枝花,Panzhihua,0.0,16.0,22.84,8.61,5.1762990132701,1.02,15791808.0,17664564.0,1295.625,101.75,26.55,2016,850.9,2.46,-0.35,-0.64
2016-02-18,panzhihua,攀枝花,Panzhihua,0.0,15.59,21.38,8.1,5.0403052942810325,0.97,15925580.0,17819134.0,1282.9688,101.75,26.55,2016,849.99,3.79,-0.39,-0.69
2016-02-19,panzhihua,攀枝花,Panzhihua,0.32,13.62,18.11,8.63,3.9563572865931977,1.43,12300986.0,13767936.0,1267.2344,101.75,26.55,2016,854.74,3.93,-0.7,-1.19
2016-02-20,panzhihua,攀枝花,Panzhihua,0.62,9.18,10.15,8.28,1.0842626439049383,0.93,3109854.0,3481448.0,1252.9062,101.75,26.55,2016,854.71,4.0,0.07,-0.81
2016-02-21,panzhihua,攀枝花,Panzhihua,0.86,12.62,16.75,8.45,2.18130168918962,0.91,7466920.0,8361232.0,1244.8125,101.75,26.55,2016,847.79,8.06,-0.54,-0.37
2016-02-22,panzhihua,攀枝花,Panzhihua,0.67,11.06,15.83,6.68,3.0447010294063213,1.17,11511664.0,12894804.0,1248.3125,101.75,26.55,2016,852.75,6.22,-0.89,-0.62
2016-02-23,panzhihua,攀枝花,Panzhihua,0.93,9.14,14.59,4.51,3.292914684202936,1.57,12711892.0,14242862.0,1266.625,101.75,26.55,2016,856.93,2.59,-1.04,-1.16
2016-02-24,panzhihua,攀枝花,Panzhihua,7.09,7.4,10.66,4.53,1.8250437251213183,0.93,7249388.0,8124232.0,1299.1719,101.75,26.55,2016,860.72,2.83,-0.4,-0.82
2016-02-25,panzhihua,攀枝花,Panzhihua,5.91,6.42,8.78,3.58,0.9676013518766584,1.17,3799494.0,4259102.0,1349.1406,101.75,26.55,2016,862.38,3.87,-0.64,-0.95
2016-02-26,panzhihua,攀枝花,Panzhihua,0.11,8.94,13.09,3.5,2.8722619332740345,0.49,11127886.0,12479108.0,1419.7656,101.75,26.55,2016,862.37,0.51,0.24,-0.35
2016-02-27,panzhihua,攀枝花,Panzhihua,0.0,13.22,18.21,5.41,5.036495755665418,0.48,17977934.0,20165688.0,1501.8594,101.75,26.55,2016,859.53,3.07,-0.03,0.02
2016-02-28,panzhihua,攀枝花,Panzhihua,0.05,15.24,21.04,8.65,5.654306097467767,0.56,18899222.0,21203626.0,1570.7969,101.75,26.55,2016,860.68,2.33,0.04,-0.24
2016-02-29,panzhihua,攀枝花,Panzhihua,1.59,13.85,19.18,8.46,4.8018764091406325,0.66,16865720.0,18927266.0,1614.2344,101.75,26.55,2016,859.96,5.51,0.48,0.15
2016-03-01,panzhihua,攀枝花,Panzhihua,0.18,14.95,20.08,8.24,4.6284503006357385,0.74,15397432.0,17283646.0,1627.8281,101.75,26.55,2016,855.03,5.5,0.34,-0.12
2016-03-02,panzhihua,攀枝花,Panzhihua,0.24,15.8,21.28,9.86,5.296543390292675,0.82,17374264.0,19508718.0,1617.625,101.75,26.55,2016,854.18,5.87,0.34,-0.16
2016-03-03,panzhihua,攀枝花,Panzhihua,0.0,17.54,23.34,9.45,6.109251550112815,0.76,19052056.0,21397908.0,1586.4531,101.75,26.55,2016,852.14,4.41,0.24,0.04
2016-03-04,panzhihua,攀枝花,Panzhihua,0.01,18.82,24.48,11.39,6.333624392626097,1.17,17921650.0,20133604.0,1547.5781,101.75,26.55,2016,850.55,3.28,0.56,0.27
2016-03-05,panzhihua,攀枝花,Panzhihua,0.22,17.43,22.63,11.55,5.648228816846089,0.73,17581182.0,19756880.0,1508.0625,101.75,26.55,2016,853.53,4.99,-0.33,-0.24
2016-03-06,panzhihua,攀枝花,Panzhihua,0.0,19.71,25.83,11.13,6.907694750024213,1.21,19560100.0,21986334.0,1467.9062,101.75,26.55,2016,850.0,4.67,0.79,0.54
2016-03-07,panzhihua,攀枝花,Panzhihua,0.0,19.93,26.71,12.97,6.820993566426213,1.9,17643368.0,19836998.0,1433.3281,101.75,26.55,2016,847.34,5.01,1.14,1.12
2016-03-08,panzhihua,攀枝花,Panzhihua,0.01,20.22,26.63,13.02,6.879295612466446,1.73,17537042.0,19722682.0,1404.4844,101.75,26.55,2016,846.6,3.63,1.06,0.86
2016-03-09,panzhihua,攀枝花,Panzhihua,0.01,20.46,27.12,11.34,7.2601271942568655,1.69,18885030.0,21244788.0,1377.6875,101.75,26.55,2016,848.08,3.77,0.81,0.86
2016-03-10,panzhihua,攀枝花,Panzhihua,0.39,14.8,20.39,9.83,4.0452668105360665,1.28,12144511.0,13666632.0,1356.875,101.75,26.55,2016,852.73,4.65,-0.72,-1.05
2016-03-11,panzhihua,攀枝花,Panzhihua,0.02,19.22,25.41,9.94,5.715550154196283,1.1,15792516.0,17776282.0,1353.4844,101.75,26.55,2016,849.54,4.58,0.43,0.4
2016-03-12,panzhihua,攀枝花,Panzhihua,0.0,20.8,27.41,12.93,7.010032428652954,1.85,17419092.0,19611336.0,1374.8438,101.75,26.55,2016,846.35,4.38,1.04,1.18
2016-03-13,panzhihua,攀枝花,Panzhihua,0.0,21.18,27.61,13.4,6.376737005365348,1.14,16871486.0,19000336.0,1397.0938,101.75,26.55,2016,848.69,5.18,0.1,-0.29
2016-03-14,panzhihua,攀枝花,Panzhihua,0.0,21.62,28.9,12.75,7.448882543030741,1.91,18556220.0,20903270.0,1401.1406,101.75,26.55,2016,848.11,5.65,0.8,1.29
2016-03-15,panzhihua,攀枝花,Panzhihua,0.0,21.41,27.68,15.15,8.166062741214134,2.25,20184092.0,22743364.0,1392.9062,101.75,26.55,2016,847.34,4.31,1.01,1.84
2016-03-16,panzhihua,攀枝花,Panzhihua,0.0,21.16,27.12,14.39,7.724472564569206,2.08,18545022.0,20899602.0,1381.75,101.75,26.55,2016,847.63,2.45,0.88,1.77
2016-03-17,panzhihua,攀枝花,Panzhihua,0.01,20.2,26.54,11.21,8.177064170522325,2.0,20503410.0,23110464.0,1371.8906,101.75,26.55,2016,848.39,-0.85,0.56,1.79
2016-03-18,panzhihua,攀枝花,Panzhihua,0.0,20.91,27.36,10.5,7.884900228677893,0.87,21955860.0,24751944.0,1365.4531,101.75,26.55,2016,847.98,-2.21,0.39,0.37
2016-03-19,panzhihua,攀枝花,Panzhihua,0.0,21.05,27.61,13.93,8.108388813334981,1.72,20429646.0,23035230.0,1362.6406,101.75,26.55,2016,847.39,0.04,0.93,1.26
2016-03-20,panzhihua,攀枝花,Panzhihua,0.1,21.68,27.88,13.78,8.231157945601431,1.68,21170772.0,23874928.0,1362.3125,101.75,26.55,2016,847.13,3.16,1.01,0.95
2016-03-21,panzhihua,攀枝花,Panzhihua,0.01,21.08,27.3,14.46,7.518977815451956,1.63,19947436.0,22499124.0,1361.8438,101.75,26.55,2016,846.79,5.72,0.98,0.78
2016-03-22,panzhihua,攀枝花,Panzhihua,0.0,21.19,27.78,13.9,8.423102047233302,1.86,21208556.0,23925444.0,1358.1719,101.75,26.55,2016,846.7,0.65,0.87,1.3
2016-03-23,panzhihua,攀枝花,Panzhihua,4.85,16.24,22.88,10.49,5.294894097736355,1.35,16288668.0,18378604.0,1352.5,101.75,26.55,2016,853.1,5.87,-0.96,-0.91
2016-03-24,panzhihua,攀枝花,Panzhihua,5.34,11.75,15.42,7.58,2.5686076309275534,1.04,8663344.0,9776292.0,1353.6562,101.75,26.55,2016,859.16,5.58,-0.43,-0.55
2016-03-25,panzhihua,攀枝花,Panzhihua,0.0,15.23,20.75,7.67,5.941380587422215,0.79,19690546.0,22224124.0,1375.7188,101.75,26.55,2016,856.54,3.3,0.19,-0.23
2016-03-26,panzhihua,攀枝花,Panzhihua,0.01,18.36,25.09,11.27,6.799922213096,1.09,20313314.0,22931182.0,1403.0312,101.75,26.55,2016,854.82,4.45,0.15,-0.98
2016-03-27,panzhihua,攀枝花,Panzhihua,0.11,17.2,21.23,13.13,3.4078246274760065,0.93,9844442.0,11114220.0,1408.0312,101.75,26.55,2016,853.45,8.76,0.53,-0.69
2016-03-28,panzhihua,攀枝花,Panzhihua,0.03,20.1,24.88,13.52,4.258901171614626,0.76,11943992.0,13488064.0,1394.5625,101.75,26.55,2016,850.1,9.8,0.38,-0.22
2016-03-29,panzhihua,攀枝花,Panzhihua,0.13,20.53,27.33,13.77,6.396381343338839,1.72,16526782.0,18665666.0,1373.7812,101.75,26.55,2016,850.07,7.07,1.39,0.6
2016-03-30,panzhihua,攀枝花,Panzhihua,0.0,22.27,28.18,13.31,8.154380883394996,0.88,22758486.0,25707710.0,1351.7188,101.75,26.55,2016,851.38,4.74,0.5,0.13
2016-03-31,panzhihua,攀枝花,Panzhihua,0.0,23.22,30.58,15.52,8.95349795653201,1.81,22669560.0,25611524.0,1335.5938,101.75,26.55,2016,848.32,5.66,1.18,0.87
2016-04-01,panzhihua,攀枝花,Panzhihua,0.0,22.99,29.33,16.42,8.724348010042624,1.81,22075224.0,24944268.0,1324.9062,101.75,26.55,2016,847.61,5.68,1.16,0.99
2016-04-02,panzhihua,攀枝花,Panzhihua,0.14,21.64,28.11,15.19,7.552988949186237,1.59,19891726.0,22480576.0,1315.2188,101.75,26.55,2016,848.58,6.61,1.17,0.62
2016-04-03,panzhihua,攀枝花,Panzhihua,0.0,23.06,28.55,14.85,8.106345355306562,0.84,22313408.0,25221816.0,1312.6875,101.75,26.55,2016,849.53,5.6,0.28,-0.19
2016-04-04,panzhihua,攀枝花,Panzhihua,0.01,24.97,33.05,16.74,9.210404955485613,1.68,22944186.0,25939020.0,1326.8438,101.75,26.55,2016,845.65,7.95,1.35,0.66
2016-04-05,panzhihua,攀枝花,Panzhihua,0.13,23.94,30.58,18.25,7.209612695339789,1.8,17575052.0,19872870.0,1355.2188,101.75,26.55,2016,844.93,10.63,1.38,0.8
2016-04-06,panzhihua,攀枝花,Panzhihua,0.22,23.64,30.17,17.75,7.252409250510257,1.37,18694038.0,21141494.0,1383.9688,101.75,26.55,2016,846.84,9.99,0.67,0.14
2016-04-07,panzhihua,攀枝花,Panzhihua,1.41,21.84,28.53,16.0,6.2572637580446,0.94,17822674.0,20159766.0,1408.7188,101.75,26.55,2016,849.03,11.67,0.56,-0.16
2016-04-08,panzhihua,攀枝花,Panzhihua,0.12,23.25,29.44,15.65,7.033672132459405,1.49,17235698.0,19498638.0,1446.6562,101.75,26.55,2016,848.55,7.45,0.91,0.91
2016-04-09,panzhihua,攀枝花,Panzhihua,0.0,23.65,29.48,16.13,8.54664411341223,1.93,20240324.0,22901294.0,1536.5,101.75,26.55,2016,847.04,4.81,0.67,1.72
2016-04-10,panzhihua,攀枝花,Panzhihua,0.0,24.67,30.8,15.73,9.243730600379203,1.2,23764588.0,26893168.0,1705.5312,101.75,26.55,2016,846.57,4.37,0.45,0.48
2016-04-11,panzhihua,攀枝花,Panzhihua,0.13,24.7,30.16,17.16,8.215681063185503,1.2,20984714.0,23751054.0,1918.125,101.75,26.55,2016,845.08,7.65,1.01,0.37
2016-04-12,panzhihua,攀枝花,Panzhihua,0.18,24.53,30.62,17.01,8.450578588936533,1.75,20206800.0,22874656.0,2113.9375,101.75,26.55,2016,843.83,6.84,0.72,1.34
2016-04-13,panzhihua,攀枝花,Panzhihua,0.02,24.12,30.36,16.77,9.130541479447617,1.99,21440388.0,24275390.0,2273.9062,101.75,26.55,2016,843.58,3.95,0.89,1.5
2016-04-14,panzhihua,攀枝花,Panzhihua,0.0,24.44,30.9,17.2,9.914509120217618,2.04,23503654.0,26615534.0,2413.6875,101.75,26.55,2016,845.75,3.06,1.13,1.5
2016-04-15,panzhihua,攀枝花,Panzhihua,0.32,22.97,30.29,14.59,8.43212313717714,1.85,20944494.0,23721224.0,2538.25,101.75,26.55,2016,847.35,5.8,1.01,1.44
2016-04-16,panzhihua,攀枝花,Panzhihua,0.42,23.39,30.21,14.59,8.366128280138696,1.34,22106230.0,25032676.0,2627.1875,101.75,26.55,2016,847.99,7.77,0.95,0.77
2016-04-17,panzhihua,攀枝花,Panzhihua,3.91,17.6,22.17,12.93,4.890841039939944,1.29,14132070.0,16000358.0,2673.9688,101.75,26.55,2016,852.89,7.35,-0.25,-0.87
2016-04-18,panzhihua,攀枝花,Panzhihua,2.59,18.18,23.6,13.43,4.879332131594338,0.55,15449960.0,17488816.0,2692.0,101.75,26.55,2016,851.09,10.51,0.16,0.02
2016-04-19,panzhihua,攀枝花,Panzhihua,0.08,21.78,28.77,14.0,5.902818596064358,1.38,15659092.0,17723014.0,2697.5938,101.75,26.55,2016,847.84,10.83,0.84,0.64
2016-04-20,panzhihua,攀枝花,Panzhihua,6.04,21.35,27.25,15.81,5.606105250464866,0.96,15588180.0,17639464.0,2677.0,101.75,26.55,2016,849.68,10.43,-0.23,-0.64
2016-04-21,panzhihua,攀枝花,Panzhihua,3.89,19.73,25.34,15.54,4.383185905106216,0.76,13197082.0,14930548.0,2632.5,101.75,26.55,2016,847.31,12.94,0.02,0.4
2016-04-22,panzhihua,攀枝花,Panzhihua,0.82,21.41,26.63,16.3,5.613505806095425,1.09,15235014.0,17232740.0,2595.4062,101.75,26.55,2016,844.48,10.03,0.44,0.3
2016-04-23,panzhihua,攀枝花,Panzhihua,0.86,20.78,24.42,15.93,5.479528965015831,0.94,15566358.0,17604958.0,2592.0,101.75,26.55,2016,844.73,10.53,0.27,-0.08
2016-04-24,panzhihua,攀枝花,Panzhihua,0.51,21.19,26.84,15.4,5.475669661862463,0.94,15346926.0,17354134.0,2637.125,101.75,26.55,2016,845.24,10.69,0.52,-0.13
2016-04-25,panzhihua,攀枝花,Panzhihua,0.16,22.95,29.87,15.9,8.663014210207956,1.87,21947998.0,24813658.0,2732.9375,101.75,26.55,2016,845.87,6.34,1.24,1.06
2016-04-26,panzhihua,攀枝花,Panzhihua,0.0,24.75,30.47,16.21,9.460329812265288,0.99,25328440.0,28629760.0,2841.5312,101.75,26.55,2016,848.01,6.28,0.27,-0.05
2016-04-27,panzhihua,攀枝花,Panzhihua,0.11,23.78,28.05,18.13,7.110979560697168,0.98,18903202.0,21363196.0,2916.0,101.75,26.55,2016,848.14,9.39,0.25,-0.63
2016-04-28,panzhihua,攀枝花,Panzhihua,1.01,23.13,29.03,16.61,7.195774703005866,0.92,20049304.0,22655558.0,2945.625,101.75,26.55,2016,848.98,11.07,-0.26,-0.29
2016-04-29,panzhihua,攀枝花,Panzhihua,0.08,24.43,30.82,16.13,8.568501192727927,1.44,21711328.0,24527918.0,2956.7812,101.75,26.55,2016,848.22,7.45,0.67,0.81
2016-04-30,panzhihua,攀枝花,Panzhihua,0.13,25.65,32.93,18.05,10.03593454791407,1.93,23958772.0,27062272.0,2976.2188,101.75,26.55,2016,846.29,6.03,0.99,1.43
2016-05-01,panzhihua,攀枝花,Panzhihua,0.06,25.84,32.21,17.93,10.106426505491369,2.03,23547526.0,26593072.0,2992.4062,101.75,26.55,2016,845.44,5.33,1.05,1.5
2016-05-02,panzhihua,攀枝花,Panzhihua,0.0,26.02,31.33,18.43,9.05038514160141,0.93,23209472.0,26206464.0,2985.8125,101.75,26.55,2016,848.81,4.58,0.11,-0.31
2016-05-03,panzhihua,攀枝花,Panzhihua,1.12,24.3,31.04,17.2,7.433845428975206,0.86,19964138.0,22538448.0,2953.125,101.75,26.55,2016,848.89,9.42,0.47,0.35
2016-05-04,panzhihua,攀枝花,Panzhihua,0.01,24.66,30.14,17.76,8.37386006453408,1.53,20603060.0,23254404.0,2902.0312,101.75,26.55,2016,846.88,7.22,1.04,0.8
2016-05-05,panzhihua,攀枝花,Panzhihua,0.0,26.28,32.2,19.17,9.293402724877623,1.15,23708708.0,26755896.0,2843.4062,101.75,26.55,2016,846.13,8.21,0.89,0.26
2016-05-06,panzhihua,攀枝花,Panzhihua,0.0,26.77,34.01,20.26,10.359171105495554,1.77,24885752.0,28078846.0,2788.2188,101.75,26.55,2016,845.37,7.41,1.24,0.92
2016-05-07,panzhihua,攀枝花,Panzhihua,0.0,26.95,32.57,20.72,8.670113251579194,1.48,19999694.0,22561564.0,2746.5,101.75,26.55,2016,846.43,6.89,0.82,0.76
2016-05-08,panzhihua,攀枝花,Panzhihua,0.0,27.37,34.09,20.7,10.210257087912233,1.88,23930010.0,26990996.0,2729.5312,101.75,26.55,2016,846.55,8.69,1.38,0.91
2016-05-09,panzhihua,攀枝花,Panzhihua,0.42,25.12,31.84,17.68,8.254922392255146,0.95,22083028.0,24903964.0,2761.2188,101.75,26.55,2016,849.96,10.4,-0.33,-0.21
2016-05-10,panzhihua,攀枝花,Panzhihua,2.18,23.19,30.44,16.12,7.526372472275661,0.6,21991220.0,24795840.0,2876.125,101.75,26.55,2016,851.38,13.05,0.03,0.34
2016-05-11,panzhihua,攀枝花,Panzhihua,0.0,27.43,33.15,17.73,9.730069642522276,1.02,24937662.0,28112260.0,3095.5,101.75,26.55,2016,846.28,9.41,0.59,0.07
2016-05-12,panzhihua,攀枝花,Panzhihua,0.12,28.24,35.32,22.29,10.085951798332056,1.27,24838896.0,27995860.0,3360.0,101.75,26.55,2016,845.39,9.6,0.86,-0.28
2016-05-13,panzhihua,攀枝花,Panzhihua,0.11,26.55,32.06,20.91,8.497787157378486,1.6,20457458.0,23053924.0,3565.6875,101.75,26.55,2016,846.43,11.06,1.38,0.35
2016-05-14,panzhihua,攀枝花,Panzhihua,0.7,25.65,31.53,16.34,8.259096520596017,1.93,19477170.0,21944926.0,3746.5938,101.75,26.55,2016,849.13,10.71,1.01,0.07
2016-05-15,panzhihua,攀枝花,Panzhihua,3.01,14.84,18.22,12.2,2.295849461598125,1.24,6096178.0,6867422.0,4053.625,101.75,26.55,2016,857.98,7.79,-0.85,-0.76
2016-05-16,panzhihua,攀枝花,Panzhihua,0.01,19.64,23.05,12.51,4.749544035149643,0.56,14072678.0,15865102.0,4601.5625,101.75,26.55,2016,851.11,8.62,-0.21,0.25
2016-05-17,panzhihua,攀枝花,Panzhihua,0.0,24.37,28.77,18.2,5.908550155620954,0.84,15421600.0,17396216.0,5291.6562,101.75,26.55,2016,846.21,11.25,0.04,0.13
2016-05-18,panzhihua,攀枝花,Panzhihua,0.0,24.44,29.12,18.18,6.866233014508271,1.54,16986034.0,19173184.0,5822.75,101.75,26.55,2016,846.54,11.74,1.14,0.78
2016-05-19,panzhihua,攀枝花,Panzhihua,2.01,25.38,32.09,18.24,8.278092621469746,1.21,21713326.0,24526164.0,6123.7812,101.75,26.55,2016,845.78,11.93,0.04,0.11
2016-05-20,panzhihua,攀枝花,Panzhihua,1.33,24.66,29.39,19.59,6.071440048304218,0.63,16724452.0,18903076.0,6340.1875,101.75,26.55,2016,847.21,14.13,-0.15,-0.11
2016-05-21,panzhihua,攀枝花,Panzhihua,20.21,21.89,28.03,18.27,3.9434031904693936,0.46,11837736.0,13389316.0,6561.6875,101.75,26.55,2016,848.73,17.18,-0.04,-0.08
2016-05-22,panzhihua,攀枝花,Panzhihua,51.34,18.88,20.17,17.35,1.2988510697613542,0.71,4257938.0,4819184.0,6809.625,101.75,26.55,2016,847.75,17.99,-0.49,-0.22
2016-05-23,panzhihua,攀枝花,Panzhihua,19.29,17.56,21.16,14.49,1.9354136480222044,0.76,6090020.0,6897416.0,7149.0,101.75,26.55,2016,851.62,14.74,-0.29,0.51
2016-05-24,panzhihua,攀枝花,Panzhihua,0.01,20.55,24.32,15.0,5.152461690536708,0.7,15619482.0,17701792.0,7648.375,101.75,26.55,2016,846.98,13.9,0.48,-0.16
2016-05-25,panzhihua,攀枝花,Panzhihua,12.57,21.85,26.53,18.57,5.689732066977522,0.65,17629944.0,19994724.0,8084.1875,101.75,26.55,2016,844.72,18.12,0.37,-0.11
2016-05-26,panzhihua,攀枝花,Panzhihua,13.38,22.31,26.97,18.51,5.3950745989321245,0.45,16699702.0,18952768.0,8308.094000000001,101.75,26.55,2016,845.54,19.85,-0.19,-0.22
2016-05-27,panzhihua,攀枝花,Panzhihua,1.0,24.19,28.45,19.33,7.061635738011256,0.78,20705068.0,23514148.0,8435.625,101.75,26.55,2016,844.74,18.45,0.44,-0.14
2016-05-28,panzhihua,攀枝花,Panzhihua,0.19,25.49,29.77,19.88,8.077047719254546,0.93,22367120.0,25418672.0,8487.094000000001,101.75,26.55,2016,844.99,16.08,0.44,-0.4
2016-05-29,panzhihua,攀枝花,Panzhihua,0.52,25.04,28.67,20.87,7.098674519891629,0.71,20030310.0,22778644.0,8522.405999999999,101.75,26.55,2016,846.1,17.08,-0.05,-0.52
2016-05-30,panzhihua,攀枝花,Panzhihua,0.36,25.74,30.91,21.04,8.203731130734564,1.34,22547212.0,25658100.0,8604.5,101.75,26.55,2016,844.54,17.42,1.21,-0.22
2016-05-31,panzhihua,攀枝花,Panzhihua,0.09,26.26,31.81,21.26,8.124699114767546,1.36,21131038.0,24063176.0,8732.280999999999,101.75,26.55,2016,844.97,15.4,1.13,0.01
2016-06-01,panzhihua,攀枝花,Panzhihua,0.04,25.2,30.97,20.85,7.830541643131845,1.44,20937402.0,23859144.0,8872.9375,101.75,26.55,2016,845.54,15.54,1.14,-0.32
2016-06-02,panzhihua,攀枝花,Panzhihua,1.27,26.56,31.51,20.23,7.978578889096657,0.95,21131954.0,24097252.0,8907.625,101.75,26.55,2016,845.19,15.43,0.4,-0.37
2016-06-03,panzhihua,攀枝花,Panzhihua,0.28,24.97,29.16,20.45,6.963398877739638,0.71,19255374.0,21971428.0,8832.625,101.75,26.55,2016,848.23,15.39,-0.1,-0.52
2016-06-04,panzhihua,攀枝花,Panzhihua,7.64,25.49,32.3,19.45,8.291101232712531,0.62,23263596.0,26562864.0,8744.375,101.75,26.55,2016,848.51,15.99,0.06,-0.17
2016-06-05,panzhihua,攀枝花,Panzhihua,0.27,25.57,29.79,19.57,7.762431466604668,0.43,21790800.0,24898300.0,8551.9375,101.75,26.55,2016,850.19,15.51,0.15,-0.04
2016-06-06,panzhihua,攀枝花,Panzhihua,1.64,26.57,30.87,22.0,8.255696187190182,0.95,22187420.0,25368536.0,8269.125,101.75,26.55,2016,847.98,16.57,0.5,-0.2
2016-06-07,panzhihua,攀枝花,Panzhihua,1.7,25.33,28.68,21.48,6.973189904609718,0.76,19192220.0,21959884.0,7923.7188,101.75,26.55,2016,848.71,16.52,-0.4,-0.46
2016-06-08,panzhihua,攀枝花,Panzhihua,0.98,25.17,29.67,21.16,6.284306598882543,0.91,16633810.0,19044272.0,7602.375,101.75,26.55,2016,847.49,15.29,0.47,0.57
2016-06-09,panzhihua,攀枝花,Panzhihua,16.83,22.97,27.56,19.21,5.3659067802003095,0.49,15865172.0,18177448.0,7336.8438,101.75,26.55,2016,846.79,18.12,0.36,-0.02
2016-06-10,panzhihua,攀枝花,Panzhihua,23.98,21.69,26.02,19.03,4.043131000409028,0.63,12409084.0,14228040.0,7188.0625,101.75,26.55,2016,846.96,19.05,-0.32,-0.14
2016-06-11,panzhihua,攀枝花,Panzhihua,27.97,20.69,22.05,19.41,2.1559616960957344,0.63,6572214.0,7541364.0,7249.0,101.75,26.55,2016,847.5,18.66,-0.47,-0.11
2016-06-12,panzhihua,攀枝花,Panzhihua,18.26,19.74,21.41,18.33,1.7870773910363946,0.53,5644330.0,6480960.0,7514.1562,101.75,26.55,2016,848.38,18.46,-0.32,0.3
2016-06-13,panzhihua,攀枝花,Panzhihua,9.1,21.58,25.26,18.11,4.036573419547157,0.58,12090192.0,13889840.0,7879.0938,101.75,26.55,2016,846.08,17.57,0.39,0.05
2016-06-14,panzhihua,攀枝花,Panzhihua,20.18,22.08,26.6,18.95,4.647235235597338,0.51,14269328.0,16405108.0,8182.875,101.75,26.55,2016,844.17,19.88,-0.17,0.1
2016-06-15,panzhihua,攀枝花,Panzhihua,22.63,20.66,24.71,17.61,3.5366396341505064,0.85,10862812.0,12498380.0,8406.8125,101.75,26.55,2016,848.13,17.7,-0.53,-0.48
2016-06-16,panzhihua,攀枝花,Panzhihua,5.59,19.34,21.23,17.6,2.534419722889771,0.43,7588922.0,8731904.0,8721.155999999999,101.75,26.55,2016,850.45,14.63,-0.04,-0.14
2016-06-17,panzhihua,攀枝花,Panzhihua,1.15,22.79,26.33,18.39,4.985843179749369,0.48,14604922.0,16809888.0,9096.75,101.75,26.55,2016,846.38,17.59,-0.12,-0.24
2016-06-18,panzhihua,攀枝花,Panzhihua,0.54,25.37,29.17,20.22,6.0770680593177415,0.93,16495296.0,18989720.0,9365.625,101.75,26.55,2016,845.62,18.22,0.59,-0.38
2016-06-19,panzhihua,攀枝花,Panzhihua,13.11,22.71,26.8,19.93,4.290868154712126,0.62,12738272.0,14666708.0,9459.969,101.75,26.55,2016,846.91,19.33,0.5,-0.17
2016-06-20,panzhihua,攀枝花,Panzhihua,22.58,23.06,27.46,20.13,5.359237063267221,0.47,16074492.0,18511328.0,9575.0625,101.75,26.55,2016,846.33,20.19,0.07,-0.11
2016-06-21,panzhihua,攀枝花,Panzhihua,30.01,21.35,24.31,19.82,1.9440519493257729,0.7,5947708.0,6851152.0,10021.906,101.75,26.55,2016,847.15,20.0,0.15,-0.56
2016-06-22,panzhihua,攀枝花,Panzhihua,13.8,21.82,25.14,19.85,3.1449596731980423,0.61,9623590.0,11087100.0,10719.469,101.75,26.55,2016,847.05,19.98,0.05,-0.27
2016-06-23,panzhihua,攀枝花,Panzhihua,2.77,24.71,28.64,20.72,5.920640807558343,0.97,16664246.0,19201848.0,11412.781,101.75,26.55,2016,845.33,19.27,0.59,-0.44
2016-06-24,panzhihua,攀枝花,Panzhihua,17.76,23.27,26.76,19.95,4.5665020733066175,0.52,13531416.0,15594420.0,11916.875,101.75,26.55,2016,847.28,20.23,0.06,-0.13
2016-06-25,panzhihua,攀枝花,Panzhihua,27.95,22.36,26.19,19.81,4.174320566433924,0.65,12804354.0,14758296.0,12653.406,101.75,26.55,2016,848.95,20.49,-0.11,-0.22
2016-06-26,panzhihua,攀枝花,Panzhihua,8.61,23.0,26.09,20.26,4.381709807917002,0.56,13128372.0,15135984.0,13458.9375,101.75,26.55,2016,848.41,20.5,-0.4,-0.01
2016-06-27,panzhihua,攀枝花,Panzhihua,33.43,22.82,26.91,19.77,4.926517160110935,0.57,14973412.0,17266784.0,13837.719,101.75,26.55,2016,847.29,20.75,-0.41,0.04
2016-06-28,panzhihua,攀枝花,Panzhihua,29.47,21.71,24.82,19.84,3.123347062292043,0.45,9660016.0,11140768.0,14306.5,101.75,26.55,2016,849.04,20.57,-0.22,0.11
2016-06-29,panzhihua,攀枝花,Panzhihua,19.75,21.79,25.52,19.44,3.2643995467481326,0.47,10017900.0,11555992.0,14971.969,101.75,26.55,2016,848.8,20.22,0.2,-0.1
2016-06-30,panzhihua,攀枝花,Panzhihua,45.13,21.63,24.32,19.69,2.6417838608680806,0.6,8196272.0,9457744.0,15668.578,101.75,26.55,2016,845.8,20.5,-0.12,-0.18
2016-07-01,panzhihua,攀枝花,Panzhihua,9.98,22.41,24.52,19.85,3.558361420407405,0.58,10231932.0,11809468.0,16268.969,101.75,26.55,2016,847.17,17.88,-0.35,-0.1
2016-07-02,panzhihua,攀枝花,Panzhihua,6.36,22.27,24.79,19.48,5.1480461365445125,0.45,15278596.0,17635644.0,16672.938000000002,101.75,26.55,2016,847.03,17.45,-0.19,0.07
2016-07-03,panzhihua,攀枝花,Panzhihua,10.31,22.34,25.11,19.71,3.509397234956062,0.46,10482666.0,12102308.0,16714.953,101.75,26.55,2016,845.57,19.69,0.17,-0.1
2016-07-04,panzhihua,攀枝花,Panzhihua,23.34,23.38,27.49,20.07,5.736330101313769,0.42,17063954.0,19703396.0,16609.89,101.75,26.55,2016,844.8,20.39,0.01,-0.12
2016-07-05,panzhihua,攀枝花,Panzhihua,33.31,21.83,24.47,20.09,3.2721968799069163,0.57,10142926.0,11713532.0,16637.375,101.75,26.55,2016,845.72,20.63,-0.08,-0.24
2016-07-06,panzhihua,攀枝花,Panzhihua,29.39,21.22,24.38,19.7,2.135039425010795,0.64,6639508.0,7669176.0,17000.406000000006,101.75,26.55,2016,847.79,20.16,-0.09,-0.58
2016-07-07,panzhihua,攀枝花,Panzhihua,12.23,21.3,25.45,18.02,3.603676679231845,0.43,11142116.0,12872458.0,17701.125,101.75,26.55,2016,848.43,19.66,0.16,-0.1
2016-07-08,panzhihua,攀枝花,Panzhihua,3.31,23.66,27.66,18.82,5.393071018798208,0.48,15895692.0,18367808.0,18034.89,101.75,26.55,2016,845.87,20.39,-0.07,-0.08
2016-07-09,panzhihua,攀枝花,Panzhihua,10.23,22.93,27.39,18.38,5.474025856327495,0.51,16468360.0,19033000.0,18112.906000000006,101.75,26.55,2016,845.22,20.29,-0.06,0.3
2016-07-10,panzhihua,攀枝花,Panzhihua,7.65,22.97,27.58,19.16,6.009174008610526,0.65,18076394.0,20895304.0,18413.219,101.75,26.55,2016,845.03,19.79,0.08,0.4
2016-07-11,panzhihua,攀枝花,Panzhihua,7.59,23.92,28.49,19.66,6.371004856334909,0.53,18749922.0,21679164.0,18696.172,101.75,26.55,2016,845.34,20.28,0.17,0.39
2016-07-12,panzhihua,攀枝花,Panzhihua,8.1,24.27,28.65,20.21,5.754113058390832,0.42,16803872.0,19433312.0,18653.234,101.75,26.55,2016,845.55,21.0,0.03,0.06
2016-07-13,panzhihua,攀枝花,Panzhihua,11.2,23.7,27.82,20.45,4.948284530100829,0.46,14612288.0,16900624.0,18239.578,101.75,26.55,2016,845.16,21.04,-0.0,0.21
2016-07-14,panzhihua,攀枝花,Panzhihua,21.46,23.09,25.79,20.27,3.9477417117953406,0.84,11626142.0,13450120.0,17749.297,101.75,26.55,2016,846.29,20.22,-0.47,-0.25
2016-07-15,panzhihua,攀枝花,Panzhihua,3.04,20.55,21.53,18.85,2.128539729727147,0.37,6336714.0,7332756.0,17708.438000000002,101.75,26.55,2016,848.67,17.47,0.01,-0.12
2016-07-16,panzhihua,攀枝花,Panzhihua,1.32,24.05,27.53,19.45,6.368680987453967,0.63,18284458.0,21159788.0,18206.453,101.75,26.55,2016,847.74,18.38,0.35,-0.21
2016-07-17,panzhihua,攀枝花,Panzhihua,4.09,23.42,27.7,19.45,5.27408256218512,0.67,15668840.0,18133336.0,18306.469,101.75,26.55,2016,846.09,20.42,0.41,-0.05
2016-07-18,panzhihua,攀枝花,Panzhihua,4.12,23.68,27.33,20.54,4.498086072972066,0.74,12889402.0,14919010.0,17694.734,101.75,26.55,2016,843.25,19.56,0.34,-0.08
2016-07-19,panzhihua,攀枝花,Panzhihua,10.56,21.66,24.07,19.25,2.5970387258635848,0.55,7810782.0,9042264.0,16922.061999999998,101.75,26.55,2016,845.43,19.64,0.19,-0.33
2016-07-20,panzhihua,攀枝花,Panzhihua,1.22,24.62,28.42,19.74,6.417110754981496,0.67,18267108.0,21147040.0,16322.859,101.75,26.55,2016,846.2,19.12,0.58,-0.08
2016-07-21,panzhihua,攀枝花,Panzhihua,1.8,23.82,27.79,20.15,5.083794477435584,0.82,14519696.0,16808740.0,15840.4375,101.75,26.55,2016,847.2,19.18,0.65,-0.31
2016-07-22,panzhihua,攀枝花,Panzhihua,4.64,22.22,25.17,20.34,3.318041970435103,0.87,9623046.0,11141616.0,15343.234,101.75,26.55,2016,848.03,18.89,0.57,-0.39
2016-07-23,panzhihua,攀枝花,Panzhihua,6.78,21.02,23.52,18.62,2.9921194887669365,0.95,8929362.0,10338436.0,14980.6875,101.75,26.55,2016,848.18,18.19,0.69,-0.36
2016-07-24,panzhihua,攀枝花,Panzhihua,1.29,20.32,22.02,18.74,1.8774187805907057,0.5,5594134.0,6477336.0,15106.031,101.75,26.55,2016,850.23,17.87,0.1,-0.21
2016-07-25,panzhihua,攀枝花,Panzhihua,0.48,22.77,26.73,18.03,6.18429358088848,0.53,18394684.0,21300804.0,15467.422,101.75,26.55,2016,851.39,18.5,-0.0,0.13
2016-07-26,panzhihua,攀枝花,Panzhihua,0.31,24.54,29.09,18.61,7.533534692050313,0.69,21876404.0,25336848.0,15536.875,101.75,26.55,2016,849.72,19.81,0.27,-0.01
2016-07-27,panzhihua,攀枝花,Panzhihua,24.73,23.59,28.71,18.58,6.063039985008071,0.47,17789606.0,20604390.0,15435.594,101.75,26.55,2016,849.9,19.52,0.12,0.1
2016-07-28,panzhihua,攀枝花,Panzhihua,9.04,21.14,25.23,17.65,5.170693187533604,0.51,16004492.0,18538860.0,15492.844,101.75,26.55,2016,850.33,18.54,-0.02,-0.03
2016-07-29,panzhihua,攀枝花,Panzhihua,6.78,22.38,26.25,18.2,5.9202280507632015,0.43,17731566.0,20540476.0,15713.375,101.75,26.55,2016,849.68,18.46,0.11,-0.16
2016-07-30,panzhihua,攀枝花,Panzhihua,15.15,20.47,24.22,17.73,3.8383244134031984,0.49,12029882.0,13936682.0,15649.859,101.75,26.55,2016,850.8,18.62,-0.22,0.08
2016-07-31,panzhihua,攀枝花,Panzhihua,16.0,21.73,25.92,18.15,5.305077883508528,0.59,16238580.0,18813968.0,15346.031,101.75,26.55,2016,850.07,18.86,-0.03,0.3
2016-08-01,panzhihua,攀枝花,Panzhihua,8.34,23.14,27.64,18.83,6.09312576998776,0.5,18105840.0,20979906.0,14982.781,101.75,26.55,2016,848.72,19.59,0.14,0.01
2016-08-02,panzhihua,攀枝花,Panzhihua,8.66,23.56,28.48,18.18,6.651447321344332,0.44,19615510.0,22730726.0,14550.594,101.75,26.55,2016,846.8,19.72,0.06,0.03
2016-08-03,panzhihua,攀枝花,Panzhihua,1.26,23.99,28.35,19.09,6.945768434209291,0.48,20328256.0,23559246.0,14083.844,101.75,26.55,2016,846.47,19.83,0.01,0.14
2016-08-04,panzhihua,攀枝花,Panzhihua,18.46,23.71,27.55,19.08,5.787657790129707,0.78,16909010.0,19599120.0,13617.984,101.75,26.55,2016,847.62,19.66,-0.14,-0.5
2016-08-05,panzhihua,攀枝花,Panzhihua,35.41,21.17,24.93,19.15,3.3366403960027213,0.47,10316502.0,11958004.0,13320.922,101.75,26.55,2016,850.0,19.62,-0.02,-0.03
2016-08-06,panzhihua,攀枝花,Panzhihua,11.87,20.26,22.65,17.13,2.2400664901265026,0.43,7034954.0,8155910.0,13208.828,101.75,26.55,2016,849.59,19.25,-0.17,-0.14
2016-08-07,panzhihua,攀枝花,Panzhihua,5.41,22.21,27.64,17.62,6.368514261394199,0.53,19257498.0,22325918.0,13147.734,101.75,26.55,2016,848.34,18.59,0.1,-0.19
2016-08-08,panzhihua,攀枝花,Panzhihua,8.61,22.65,27.44,18.0,6.156785572186169,0.56,18360770.0,21287060.0,13102.109,101.75,26.55,2016,847.95,18.54,0.1,0.13
2016-08-09,panzhihua,攀枝花,Panzhihua,8.32,22.3,26.29,18.04,5.229208605791858,0.57,15745386.0,18256048.0,13083.922,101.75,26.55,2016,847.46,19.12,0.09,0.29
2016-08-10,panzhihua,攀枝花,Panzhihua,10.6,23.39,27.6,18.38,6.456084755413157,0.58,19060646.0,22102312.0,12919.828,101.75,26.55,2016,847.86,19.34,0.17,-0.03
2016-08-11,panzhihua,攀枝花,Panzhihua,17.24,22.63,27.57,18.79,5.682786463371865,0.49,17074518.0,19800698.0,12627.25,101.75,26.55,2016,848.75,19.65,0.12,-0.1
2016-08-12,panzhihua,攀枝花,Panzhihua,6.58,23.58,27.88,18.61,6.186922193581495,0.48,18151212.0,21051804.0,12329.844,101.75,26.55,2016,847.43,19.53,-0.13,-0.14
2016-08-13,panzhihua,攀枝花,Panzhihua,10.48,23.97,29.44,19.26,6.738095728189857,0.41,19677346.0,22823300.0,12031.703,101.75,26.55,2016,846.14,19.84,-0.11,-0.13
2016-08-14,panzhihua,攀枝花,Panzhihua,8.36,24.26,29.48,19.78,7.083288586852822,0.48,20661420.0,23966616.0,11646.922,101.75,26.55,2016,845.14,20.25,0.06,-0.01
2016-08-15,panzhihua,攀枝花,Panzhihua,16.93,23.41,27.71,19.77,6.41525053189851,0.52,19058398.0,22108880.0,11140.766,101.75,26.55,2016,845.3,20.18,0.15,-0.12
2016-08-16,panzhihua,攀枝花,Panzhihua,1.6,23.68,28.01,19.29,5.767268960915454,0.59,16826580.0,19519026.0,10651.25,101.75,26.55,2016,845.88,19.57,0.03,-0.33
2016-08-17,panzhihua,攀枝花,Panzhihua,0.26,24.8,29.13,19.49,6.889686730281758,0.36,19839032.0,23012310.0,10195.25,101.75,26.55,2016,843.95,20.49,0.01,-0.14
2016-08-18,panzhihua,攀枝花,Panzhihua,4.39,26.07,31.25,21.12,7.550463936326741,0.44,21257324.0,24656456.0,9685.844,101.75,26.55,2016,843.76,20.74,-0.07,0.07
2016-08-19,panzhihua,攀枝花,Panzhihua,0.53,26.46,30.94,21.19,7.168107507272787,0.71,19570386.0,22699236.0,9136.156,101.75,26.55,2016,845.3,19.42,-0.08,-0.37
2016-08-20,panzhihua,攀枝花,Panzhihua,17.04,24.27,28.5,20.61,5.666020600839839,0.61,16455164.0,19084806.0,8596.0625,101.75,26.55,2016,848.4,20.65,0.13,-0.24
2016-08-21,panzhihua,攀枝花,Panzhihua,23.71,22.95,27.86,19.06,5.929797937221987,0.57,17853814.0,20706466.0,8143.672,101.75,26.55,2016,849.52,20.31,-0.01,-0.2
2016-08-22,panzhihua,攀枝花,Panzhihua,27.07,23.77,28.37,19.69,6.1311313378173695,0.39,17979884.0,20851876.0,7831.5156,101.75,26.55,2016,849.72,20.19,0.04,-0.05
2016-08-23,panzhihua,攀枝花,Panzhihua,7.83,23.62,28.65,18.68,5.499098240134798,0.54,16083232.0,18652390.0,7594.922,101.75,26.55,2016,849.46,19.82,0.28,-0.11
2016-08-24,panzhihua,攀枝花,Panzhihua,0.4,24.92,29.25,19.09,6.949284931494337,0.51,19928492.0,23109804.0,7361.4844,101.75,26.55,2016,849.06,20.17,0.16,-0.28
2016-08-25,panzhihua,攀枝花,Panzhihua,15.56,24.02,29.31,18.58,6.898280276233696,0.5,20136818.0,23350574.0,7085.6094,101.75,26.55,2016,850.7,19.68,-0.0,-0.27
2016-08-26,panzhihua,攀枝花,Panzhihua,9.4,23.96,28.51,19.5,5.964269481448111,0.53,17431292.0,20212676.0,6828.547,101.75,26.55,2016,851.97,20.26,-0.02,-0.31
2016-08-27,panzhihua,攀枝花,Panzhihua,9.33,22.99,26.45,19.9,5.2236910180063445,0.53,15496898.0,17968816.0,6685.1094,101.75,26.55,2016,852.83,19.66,-0.05,-0.16
2016-08-28,panzhihua,攀枝花,Panzhihua,0.86,23.28,26.97,19.73,4.983981904792405,0.6,14503530.0,16816594.0,6615.2344,101.75,26.55,2016,850.77,19.09,0.3,-0.31
2016-08-29,panzhihua,攀枝花,Panzhihua,16.76,22.87,27.24,20.12,5.0817359765710215,0.54,15182544.0,17602154.0,6535.75,101.75,26.55,2016,848.06,20.0,0.01,-0.15
2016-08-30,panzhihua,攀枝花,Panzhihua,39.25,21.32,25.39,19.29,3.5652301297052187,0.46,11053528.0,12814428.0,6531.078,101.75,26.55,2016,847.74,20.02,-0.32,0.06
2016-08-31,panzhihua,攀枝花,Panzhihua,19.24,21.97,24.75,19.73,3.43446469125878,0.62,10421052.0,12081548.0,6624.3438,101.75,26.55,2016,846.0,19.97,-0.27,-0.37
2016-09-01,panzhihua,攀枝花,Panzhihua,5.21,20.77,21.68,19.89,1.9050929411004889,0.69,5247138.0,6083150.0,6716.1406,101.75,26.55,2016,847.5,17.12,-0.3,-0.49
2016-09-02,panzhihua,攀枝花,Panzhihua,2.26,20.98,22.81,19.69,2.8911125706582275,0.42,8373098.0,9705836.0,6747.2656,101.75,26.55,2016,847.55,15.87,-0.19,0.24
2016-09-03,panzhihua,攀枝花,Panzhihua,20.88,21.76,24.02,19.33,2.8287065945079,0.5,8297410.0,9618388.0,6837.953,101.75,26.55,2016,847.31,18.56,-0.02,-0.28
2016-09-04,panzhihua,攀枝花,Panzhihua,19.28,21.95,24.01,20.55,2.841039039056516,0.85,8295414.0,9614966.0,7111.953,101.75,26.55,2016,848.91,19.18,-0.42,-0.65
2016-09-05,panzhihua,攀枝花,Panzhihua,11.27,21.28,22.55,20.49,1.5866632150395854,0.62,4461224.0,5170916.0,7681.8594,101.75,26.55,2016,849.31,18.68,-0.3,-0.41
2016-09-06,panzhihua,攀枝花,Panzhihua,30.84,20.54,22.94,18.9,2.431689032015349,0.82,7381146.0,8554778.0,8594.171999999999,101.75,26.55,2016,850.15,18.39,-0.55,-0.51
2016-09-07,panzhihua,攀枝花,Panzhihua,19.04,19.7,20.93,18.76,1.8074685954846816,0.49,5432774.0,6296384.0,9826.875,101.75,26.55,2016,850.05,17.24,-0.35,-0.06
2016-09-08,panzhihua,攀枝花,Panzhihua,28.99,20.78,25.31,18.81,3.8363807977659214,0.5,12051248.0,13966276.0,11033.531,101.75,26.55,2016,849.1,19.42,-0.26,-0.23
2016-09-09,panzhihua,攀枝花,Panzhihua,7.06,22.01,24.57,19.13,3.387557703594412,0.62,10125766.0,11734528.0,12008.672,101.75,26.55,2016,849.54,19.41,-0.38,-0.36
2016-09-10,panzhihua,攀枝花,Panzhihua,0.15,20.53,23.01,15.66,2.9949054802955017,0.55,8732980.0,10120456.0,12785.234,101.75,26.55,2016,852.66,15.84,-0.11,-0.17
2016-09-11,panzhihua,攀枝花,Panzhihua,0.0,22.16,26.64,15.54,7.495884516344392,0.55,22048514.0,25549962.0,13146.984,101.75,26.55,2016,852.23,13.92,0.26,-0.21
2016-09-12,panzhihua,攀枝花,Panzhihua,0.04,22.61,25.58,17.96,5.69805904828972,0.47,16532430.0,19156874.0,12997.344,101.75,26.55,2016,853.39,15.79,0.23,-0.11
2016-09-13,panzhihua,攀枝花,Panzhihua,4.58,21.82,25.9,17.88,4.998473280059325,0.45,14970836.0,17346564.0,12459.016,101.75,26.55,2016,853.25,17.63,0.35,-0.03
2016-09-14,panzhihua,攀枝花,Panzhihua,19.76,21.9,26.35,17.73,5.078502187535796,0.56,15360454.0,17797534.0,11930.8125,101.75,26.55,2016,850.98,18.57,-0.08,0.09
2016-09-15,panzhihua,攀枝花,Panzhihua,11.58,21.28,25.14,17.91,3.7728032211950926,0.64,11403190.0,13211700.0,11721.703,101.75,26.55,2016,851.25,18.21,-0.52,-0.21
2016-09-16,panzhihua,攀枝花,Panzhihua,8.08,20.73,22.49,19.54,2.5247881003409507,0.52,7448622.0,8626618.0,11690.922,101.75,26.55,2016,850.79,17.35,-0.1,-0.27
2016-09-17,panzhihua,攀枝花,Panzhihua,9.34,20.64,23.22,18.2,2.909691333510384,0.47,8947366.0,10357658.0,11663.422,101.75,26.55,2016,851.33,18.49,-0.14,-0.26
2016-09-18,panzhihua,攀枝花,Panzhihua,12.42,20.36,24.35,17.95,3.4853007002918286,0.53,11007510.0,12736956.0,11604.375,101.75,26.55,2016,851.44,18.83,-0.01,-0.24
2016-09-19,panzhihua,攀枝花,Panzhihua,21.42,19.97,23.38,18.45,2.577501369925833,0.78,7990694.0,9242178.0,11648.641,101.75,26.55,2016,852.31,17.85,-0.25,-0.63
2016-09-20,panzhihua,攀枝花,Panzhihua,16.98,17.91,18.66,17.19,0.7712308638358625,0.6,2170268.0,2509112.0,12049.234,101.75,26.55,2016,856.28,15.96,-0.39,-0.16
2016-09-21,panzhihua,攀枝花,Panzhihua,1.87,17.74,20.27,16.31,2.197556131210272,0.43,6973456.0,8058956.0,12877.844,101.75,26.55,2016,857.72,14.94,-0.02,0.37
2016-09-22,panzhihua,攀枝花,Panzhihua,0.19,19.83,22.14,16.56,3.4306859517509003,0.41,10454140.0,12075891.0,13566.781,101.75,26.55,2016,853.53,15.38,0.07,0.04
2016-09-23,panzhihua,攀枝花,Panzhihua,8.04,20.88,24.08,17.68,3.725295904564722,0.49,11241646.0,12979556.0,13575.906,101.75,26.55,2016,850.56,17.0,0.28,-0.31
2016-09-24,panzhihua,攀枝花,Panzhihua,1.05,22.38,25.86,18.35,4.833756086222642,0.82,14018721.0,16178987.0,13135.117,101.75,26.55,2016,848.78,17.21,0.42,-0.41
2016-09-25,panzhihua,攀枝花,Panzhihua,0.79,22.89,26.68,18.37,5.141474964721882,0.82,14853407.0,17135278.0,12636.32,101.75,26.55,2016,849.24,17.66,0.5,-0.37
2016-09-26,panzhihua,攀枝花,Panzhihua,0.89,22.68,26.64,18.34,5.252692010360628,0.64,15458392.0,17825740.0,12179.609,101.75,26.55,2016,849.89,17.91,0.29,-0.27
2016-09-27,panzhihua,攀枝花,Panzhihua,14.66,22.28,26.29,18.89,4.566454256237695,0.45,13729944.0,15826809.0,11695.961,101.75,26.55,2016,851.77,19.08,-0.17,-0.23
2016-09-28,panzhihua,攀枝花,Panzhihua,14.09,19.61,20.29,19.03,1.4640616358560696,0.63,4349954.5,5011783.0,11457.297,101.75,26.55,2016,853.24,17.48,-0.24,0.02
2016-09-29,panzhihua,攀枝花,Panzhihua,6.49,21.91,24.47,18.98,3.989325059221384,0.41,11773939.0,13559306.0,11535.797,101.75,26.55,2016,850.98,17.03,-0.06,-0.19
2016-09-30,panzhihua,攀枝花,Panzhihua,7.59,20.98,22.89,19.14,2.3822644161509907,0.58,6992463.5,8049225.0,11655.602,101.75,26.55,2016,851.08,17.75,-0.16,-0.35
2016-10-01,panzhihua,攀枝花,Panzhihua,9.55,19.66,22.57,16.13,2.659952800363892,0.48,8433643.0,9704562.0,11737.25,101.75,26.55,2016,853.66,17.94,-0.2,-0.18
2016-10-02,panzhihua,攀枝花,Panzhihua,0.32,20.36,25.67,14.34,4.633166024480546,0.43,14367108.0,16522692.0,11884.992,101.75,26.55,2016,854.1,16.5,-0.02,-0.12
2016-10-03,panzhihua,攀枝花,Panzhihua,0.01,20.79,26.75,14.16,6.117138787929987,0.48,18983678.0,21824740.0,11822.586,101.75,26.55,2016,851.68,16.52,0.21,-0.24
2016-10-04,panzhihua,攀枝花,Panzhihua,0.04,21.86,26.13,16.3,5.791997248174317,0.42,17400368.0,19997482.0,11298.117,101.75,26.55,2016,851.25,16.32,0.16,-0.19
2016-10-05,panzhihua,攀枝花,Panzhihua,0.23,21.69,24.93,18.18,4.596598696907254,0.45,13679858.0,15714006.0,10555.641,101.75,26.55,2016,851.99,16.31,-0.09,-0.17
2016-10-06,panzhihua,攀枝花,Panzhihua,1.13,21.71,24.96,18.41,4.6855672872087135,0.64,13862787.0,15917708.0,9860.211,101.75,26.55,2016,851.18,16.4,0.36,-0.31
2016-10-07,panzhihua,攀枝花,Panzhihua,3.85,20.93,24.21,18.12,4.055887734220174,0.52,12459234.0,14300326.0,9298.477,101.75,26.55,2016,851.89,17.58,-0.13,-0.36
2016-10-08,panzhihua,攀枝花,Panzhihua,7.67,19.32,21.08,17.91,1.9754136776264388,0.82,5922915.5,6793887.5,8905.0625,101.75,26.55,2016,852.14,16.66,-0.47,-0.53
2016-10-09,panzhihua,攀枝花,Panzhihua,1.62,21.34,24.83,17.32,3.739178017061184,0.65,11161702.0,12797571.0,8634.508,101.75,26.55,2016,849.43,17.26,0.08,-0.49
2016-10-10,panzhihua,攀枝花,Panzhihua,1.56,21.13,24.55,18.1,3.60675945922808,0.58,11113670.0,12739190.0,8353.164,101.75,26.55,2016,849.16,18.48,-0.24,-0.26
2016-10-11,panzhihua,攀枝花,Panzhihua,3.25,21.62,25.89,17.18,4.554051562226417,0.86,13607380.0,15589714.0,8083.078,101.75,26.55,2016,850.19,17.18,0.16,-0.44
2016-10-12,panzhihua,攀枝花,Panzhihua,13.48,18.28,21.17,16.27,2.530031761570642,0.95,8190826.0,9380818.0,7890.0,101.75,26.55,2016,852.97,16.08,-0.7,-0.56
2016-10-13,panzhihua,攀枝花,Panzhihua,8.8,19.05,23.31,16.41,3.0935894041552965,0.6,10082970.0,11542858.0,7848.8984,101.75,26.55,2016,852.55,17.33,-0.16,-0.23
2016-10-14,panzhihua,攀枝花,Panzhihua,1.38,21.2,24.87,17.15,4.049459932849032,0.8,12048764.0,13785648.0,7898.5938,101.75,26.55,2016,850.94,16.63,0.5,-0.37
2016-10-15,panzhihua,攀枝花,Panzhihua,5.25,20.95,25.05,16.65,4.343299334696137,0.57,13269906.0,15177668.0,7922.9297,101.75,26.55,2016,852.69,16.79,0.27,-0.24
2016-10-16,panzhihua,攀枝花,Panzhihua,12.12,18.73,22.62,16.02,3.0180830540606327,0.46,9792242.0,11195246.0,7949.4297,101.75,26.55,2016,854.82,16.67,-0.12,-0.19
2016-10-17,panzhihua,攀枝花,Panzhihua,5.79,19.05,22.15,16.04,2.935659980499872,0.55,9392528.0,10730802.0,8002.008000000002,101.75,26.55,2016,854.12,16.61,-0.46,-0.06
2016-10-18,panzhihua,攀枝花,Panzhihua,2.27,18.99,22.46,16.16,3.4705561006868013,0.36,11059930.0,12625782.0,7949.9766,101.75,26.55,2016,852.54,15.63,-0.01,0.11
2016-10-19,panzhihua,攀枝花,Panzhihua,0.73,18.77,22.93,14.48,3.799755538025606,0.4,12211860.0,13930304.0,7731.258000000002,101.75,26.55,2016,850.38,15.36,-0.18,-0.08
2016-10-20,panzhihua,攀枝花,Panzhihua,0.21,19.37,24.15,14.26,4.491223736676943,0.45,14220652.0,16210584.0,7417.4766,101.75,26.55,2016,848.03,14.97,0.08,-0.09
2016-10-21,panzhihua,攀枝花,Panzhihua,0.08,19.36,24.66,14.04,4.812912929401972,0.43,15334220.0,17467540.0,7034.4609999999975,101.75,26.55,2016,848.9,15.12,-0.02,-0.11
2016-10-22,panzhihua,攀枝花,Panzhihua,0.01,19.55,24.86,13.82,4.89233265328883,0.51,15447826.0,17585214.0,6615.4140000000025,101.75,26.55,2016,849.1,14.72,0.04,-0.21
2016-10-23,panzhihua,攀枝花,Panzhihua,0.0,19.43,24.64,14.16,5.325163842840579,0.56,16752112.0,19056724.0,6193.8125,101.75,26.55,2016,849.03,13.52,0.12,-0.17
2016-10-24,panzhihua,攀枝花,Panzhihua,0.0,19.05,23.98,14.21,5.019028879119039,0.54,15947598.0,18128388.0,5785.6953,101.75,26.55,2016,849.28,13.61,-0.08,-0.24
2016-10-25,panzhihua,攀枝花,Panzhihua,0.36,19.82,24.43,14.54,4.712466890798927,0.8,14533592.0,16509856.0,5398.3203,101.75,26.55,2016,849.77,14.31,0.46,-0.14
2016-10-26,panzhihua,攀枝花,Panzhihua,0.86,20.42,24.55,15.53,4.271033489610551,0.75,13131324.0,14907320.0,5037.7812,101.75,26.55,2016,852.43,15.89,0.51,-0.17
2016-10-27,panzhihua,攀枝花,Panzhihua,0.29,20.56,25.03,16.37,4.014894290066129,0.82,11951524.0,13557948.0,4714.4297,101.75,26.55,2016,853.29,15.12,0.55,-0.24
2016-10-28,panzhihua,攀枝花,Panzhihua,4.18,19.31,22.89,15.79,3.280571615012536,0.73,10271712.0,11645400.0,4442.1875,101.75,26.55,2016,853.64,15.64,0.22,-0.31
2016-10-29,panzhihua,攀枝花,Panzhihua,21.74,14.33,16.37,12.59,1.0729690490490116,1.0,3898676.0,4416400.0,4299.1797,101.75,26.55,2016,856.84,13.43,-0.57,-0.81
2016-10-30,panzhihua,攀枝花,Panzhihua,3.78,15.64,17.85,12.54,1.3427044605388518,0.39,4539866.0,5140396.0,4342.210999999998,101.75,26.55,2016,857.19,13.8,-0.04,-0.2
2016-10-31,panzhihua,攀枝花,Panzhihua,4.54,17.17,20.75,14.5,2.469291537974624,0.5,8115022.0,9181284.0,4409.9453,101.75,26.55,2016,858.61,14.16,0.07,-0.35
2016-11-01,panzhihua,攀枝花,Panzhihua,3.04,17.51,21.2,14.43,3.359528229528524,0.6,10991900.0,12427936.0,4423.0703,101.75,26.55,2016,857.57,13.59,0.24,-0.45
2016-11-02,panzhihua,攀枝花,Panzhihua,2.59,17.46,21.11,14.55,3.111140231623826,0.72,10200124.0,11524484.0,4425.6484,101.75,26.55,2016,857.72,13.98,0.09,-0.66
2016-11-03,panzhihua,攀枝花,Panzhihua,1.29,16.87,20.45,14.51,2.7218186661724864,0.54,9071290.0,10242360.0,4391.422000000001,101.75,26.55,2016,855.79,13.8,-0.04,-0.47
2016-11-04,panzhihua,攀枝花,Panzhihua,0.43,17.61,22.43,11.83,3.2995701378969486,0.67,10647382.0,12013040.0,4283.5,101.75,26.55,2016,850.85,13.24,0.33,-0.27
2016-11-05,panzhihua,攀枝花,Panzhihua,0.01,17.88,22.83,11.98,3.8974272044782574,0.57,12697532.0,14317524.0,4104.8203,101.75,26.55,2016,849.31,13.29,0.06,-0.38
2016-11-06,panzhihua,攀枝花,Panzhihua,0.39,19.1,22.54,13.69,3.311660190237212,0.45,10504098.0,11837328.0,3894.9531,101.75,26.55,2016,851.22,14.99,-0.0,-0.2
2016-11-07,panzhihua,攀枝花,Panzhihua,24.86,17.89,22.78,12.06,2.9343733907185854,1.22,9584504.0,10793908.0,3757.9922,101.75,26.55,2016,853.27,14.93,-0.14,-0.93
2016-11-08,panzhihua,攀枝花,Panzhihua,10.75,10.23,11.71,8.98,0.7214575785652132,1.16,2366294.0,2663196.0,3873.2969,101.75,26.55,2016,857.01,8.33,-0.77,-0.84
2016-11-09,panzhihua,攀枝花,Panzhihua,0.24,12.99,14.7,9.07,1.3473382527118225,0.62,4440098.0,4993428.0,4221.078,101.75,26.55,2016,857.51,9.36,-0.24,-0.47
2016-11-10,panzhihua,攀枝花,Panzhihua,0.04,13.63,15.62,11.87,1.5185136580618914,0.54,5017764.0,5639856.0,4536.2344,101.75,26.55,2016,856.74,9.64,-0.23,-0.31
2016-11-11,panzhihua,攀枝花,Panzhihua,0.03,14.99,19.19,11.96,2.371883342015837,0.54,8257150.0,9272748.0,4716.1953,101.75,26.55,2016,851.95,12.05,-0.04,-0.37
2016-11-12,panzhihua,攀枝花,Panzhihua,0.16,15.77,20.8,10.09,2.8353429946987325,0.7,9727264.0,10916776.0,4797.3984,101.75,26.55,2016,852.14,12.5,0.12,-0.46
2016-11-13,panzhihua,攀枝花,Panzhihua,0.01,16.07,21.43,9.59,3.7306325484999694,0.59,12765150.0,14317656.0,4752.7188,101.75,26.55,2016,852.61,11.79,0.08,-0.34
2016-11-14,panzhihua,攀枝花,Panzhihua,0.01,16.14,20.74,11.12,3.658053442809937,0.49,12538336.0,14054152.0,4600.547000000001,101.75,26.55,2016,853.9,12.07,-0.06,-0.39
2016-11-15,panzhihua,攀枝花,Panzhihua,0.07,16.02,21.28,10.56,3.5851355419863333,0.61,12256954.0,13729320.0,4382.203,101.75,26.55,2016,853.73,11.75,0.18,-0.32
2016-11-16,panzhihua,攀枝花,Panzhihua,0.0,15.9,21.9,10.13,4.206572684336261,0.56,14494290.0,16231940.0,4144.4297,101.75,26.55,2016,853.67,11.06,0.25,-0.33
2016-11-17,panzhihua,攀枝花,Panzhihua,0.0,15.83,21.84,9.92,4.244258278401851,0.55,14499262.0,16233984.0,3910.1016,101.75,26.55,2016,852.82,10.11,0.2,-0.3
2016-11-18,panzhihua,攀枝花,Panzhihua,0.0,15.54,21.22,10.23,4.362557993481176,0.52,15030694.0,16825452.0,3686.5156,101.75,26.55,2016,852.61,9.66,0.15,-0.21
2016-11-19,panzhihua,攀枝花,Panzhihua,0.0,14.9,20.16,10.27,4.20778890431443,0.54,14645158.0,16390516.0,3478.8047,101.75,26.55,2016,852.15,8.79,0.18,-0.36
2016-11-20,panzhihua,攀枝花,Panzhihua,0.0,14.42,19.56,10.01,4.204106895454402,0.48,14730656.0,16482756.0,3289.039,101.75,26.55,2016,852.49,7.58,0.14,-0.31
2016-11-21,panzhihua,攀枝花,Panzhihua,0.0,14.37,19.73,9.88,4.184913415722762,0.5,14737818.0,16487216.0,3117.7969,101.75,26.55,2016,851.54,7.98,0.18,-0.34
2016-11-22,panzhihua,攀枝花,Panzhihua,0.0,13.84,19.53,7.97,4.011363217100486,0.55,14252688.0,15941376.0,2965.4531,101.75,26.55,2016,852.46,7.46,0.21,-0.38
2016-11-23,panzhihua,攀枝花,Panzhihua,0.0,13.64,18.96,7.77,3.7253234402258544,0.4,13423668.0,15011296.0,2831.961,101.75,26.55,2016,854.51,8.14,0.0,-0.24
2016-11-24,panzhihua,攀枝花,Panzhihua,0.0,14.11,20.06,8.45,3.648765480731248,0.6,12874234.0,14393384.0,2716.7344,101.75,26.55,2016,851.22,8.53,0.06,-0.26
2016-11-25,panzhihua,攀枝花,Panzhihua,0.01,13.8,18.63,8.25,3.052931013824339,0.87,10601970.0,11850192.0,2618.125,101.75,26.55,2016,851.56,8.71,-0.19,-0.56
2016-11-26,panzhihua,攀枝花,Panzhihua,0.0,8.97,10.44,5.64,1.2333338202867734,0.74,3935002.0,4397244.0,2535.961,101.75,26.55,2016,858.2,3.15,0.1,-0.59
2016-11-27,panzhihua,攀枝花,Panzhihua,0.01,11.29,15.54,4.95,2.8341843641476623,0.37,10841146.0,12112904.0,2468.6484,101.75,26.55,2016,854.66,6.86,-0.08,-0.25
2016-11-28,panzhihua,攀枝花,Panzhihua,2.69,11.92,16.66,8.22,2.399770662676017,0.42,9270782.0,10355808.0,2411.9375,101.75,26.55,2016,854.93,9.83,0.13,-0.24
2016-11-29,panzhihua,攀枝花,Panzhihua,12.73,13.04,16.68,9.61,2.535267053508632,0.66,9634034.0,10759344.0,2376.9453,101.75,26.55,2016,857.3,11.0,-0.04,-0.48
2016-11-30,panzhihua,攀枝花,Panzhihua,3.19,9.62,10.49,9.0,0.6804212460469921,0.9,2086218.0,2329128.0,2382.3047,101.75,26.55,2016,859.96,6.97,-0.28,-0.83
2016-12-01,panzhihua,攀枝花,Panzhihua,1.05,11.42,14.16,9.1,1.554018447054461,0.57,5708608.0,6372492.0,2395.1875,101.75,26.55,2016,857.24,8.28,-0.01,-0.45
2016-12-02,panzhihua,攀枝花,Panzhihua,0.66,12.53,16.92,8.74,2.5062181682201614,0.63,9391196.0,10481832.0,2389.9688,101.75,26.55,2016,855.95,9.48,0.08,-0.3
2016-12-03,panzhihua,攀枝花,Panzhihua,0.87,13.32,17.87,9.03,2.7865305259561506,0.72,9980402.0,11136408.0,2384.2812,101.75,26.55,2016,856.56,9.03,-0.04,-0.26
2016-12-04,panzhihua,攀枝花,Panzhihua,0.29,12.27,16.34,6.43,2.809976876486328,0.42,10483194.0,11694948.0,2391.0,101.75,26.55,2016,857.68,8.03,-0.02,-0.29
2016-12-05,panzhihua,攀枝花,Panzhihua,0.6,12.01,17.61,5.5,3.3767916011253725,0.39,12884492.0,14371040.0,2411.2969,101.75,26.55,2016,860.25,8.1,0.08,-0.22
2016-12-06,panzhihua,攀枝花,Panzhihua,0.02,12.02,17.14,5.5,2.8685410539623826,0.53,10756878.0,11995740.0,2415.7969,101.75,26.55,2016,858.29,7.69,0.14,-0.31
2016-12-07,panzhihua,攀枝花,Panzhihua,0.0,11.63,16.6,5.14,3.169979083928168,0.39,12156476.0,13553928.0,2388.0547,101.75,26.55,2016,857.77,7.5,-0.0,-0.19
2016-12-08,panzhihua,攀枝花,Panzhihua,0.0,12.26,17.48,6.62,3.303870410502869,0.41,12520402.0,13956752.0,2340.5234,101.75,26.55,2016,855.55,8.37,0.12,-0.25
2016-12-09,panzhihua,攀枝花,Panzhihua,0.0,12.3,17.66,6.22,3.361865811742309,0.46,12778594.0,14241424.0,2287.8203,101.75,26.55,2016,852.9,8.58,-0.05,-0.34
2016-12-10,panzhihua,攀枝花,Panzhihua,0.0,13.0,18.58,7.76,3.385418356281205,0.47,12570050.0,14006032.0,2235.336,101.75,26.55,2016,852.02,8.9,0.14,-0.34
2016-12-11,panzhihua,攀枝花,Panzhihua,0.0,12.36,18.14,7.3,3.418433363036366,0.64,12725732.0,14176488.0,2184.8125,101.75,26.55,2016,848.18,7.29,0.23,-0.42
2016-12-12,panzhihua,攀枝花,Panzhihua,0.0,12.62,18.09,7.29,3.5782935122507524,0.48,13113996.0,14606356.0,2137.7422,101.75,26.55,2016,850.67,6.32,0.06,-0.38
2016-12-13,panzhihua,攀枝花,Panzhihua,0.0,13.16,18.42,8.03,3.63563031178774,0.58,13185922.0,14683196.0,2095.2266,101.75,26.55,2016,853.04,7.38,0.1,-0.36
2016-12-14,panzhihua,攀枝花,Panzhihua,0.13,12.44,16.3,8.71,2.2050850230369217,0.66,7986836.0,8891680.0,2058.039,101.75,26.55,2016,855.34,8.53,-0.1,-0.51
2016-12-15,panzhihua,攀枝花,Panzhihua,1.77,10.55,13.88,7.62,1.7651244204593366,1.22,6422774.0,7148064.0,2029.75,101.75,26.55,2016,858.26,7.05,-0.71,-0.95
2016-12-16,panzhihua,攀枝花,Panzhihua,0.07,7.98,10.42,5.16,0.9363727249079412,0.61,3648056.0,4060340.0,2024.2578,101.75,26.55,2016,858.41,5.34,-0.27,-0.4
2016-12-17,panzhihua,攀枝花,Panzhihua,0.02,10.7,15.73,5.2,2.205267949076733,0.53,8528042.0,9490892.0,2032.4922,101.75,26.55,2016,853.83,7.04,-0.09,-0.41
2016-12-18,panzhihua,攀枝花,Panzhihua,0.06,11.69,16.96,7.56,1.9305914772423507,0.54,7285810.0,8108900.0,2021.625,101.75,26.55,2016,852.26,8.73,-0.18,-0.29
2016-12-19,panzhihua,攀枝花,Panzhihua,0.02,12.4,16.83,7.51,2.4566839003570866,0.55,9026594.0,10047260.0,2000.5078,101.75,26.55,2016,851.49,8.28,0.01,-0.42
2016-12-20,panzhihua,攀枝花,Panzhihua,0.02,12.84,17.38,8.61,2.317723988268708,0.6,8186906.0,9112612.0,1978.5312,101.75,26.55,2016,851.49,8.05,0.07,-0.39
2016-12-21,panzhihua,攀枝花,Panzhihua,0.03,13.25,16.3,9.49,2.0982536613232985,0.5,7373610.0,8207680.0,1956.1797,101.75,26.55,2016,856.74,8.87,-0.26,-0.26
2016-12-22,panzhihua,攀枝花,Panzhihua,0.05,12.73,16.22,9.26,1.9872446477006809,0.45,7173050.0,7985012.0,1933.5547,101.75,26.55,2016,855.55,8.93,0.01,-0.34
2016-12-23,panzhihua,攀枝花,Panzhihua,0.09,13.21,17.73,9.11,2.4288123000137363,0.73,8598626.0,9570964.0,1912.5312,101.75,26.55,2016,850.64,8.99,0.21,-0.39
2016-12-24,panzhihua,攀枝花,Panzhihua,0.12,15.03,20.03,9.17,3.006995166257425,1.04,9303014.0,10355132.0,1893.6875,101.75,26.55,2016,848.91,7.96,0.84,-0.13
2016-12-25,panzhihua,攀枝花,Panzhihua,0.0,13.88,19.13,9.23,3.008871633211125,0.73,10356980.0,11528384.0,1876.4375,101.75,26.55,2016,850.97,8.12,0.15,-0.28
2016-12-26,panzhihua,攀枝花,Panzhihua,2.02,11.56,18.41,5.09,3.0509569463521755,1.11,11221834.0,12491188.0,1859.2578,101.75,26.55,2016,855.15,6.19,-0.43,-0.88
2016-12-27,panzhihua,攀枝花,Panzhihua,3.52,6.1,7.38,4.46,1.0035296139367798,0.8,4075598.0,4536284.0,1846.1562,101.75,26.55,2016,858.22,3.14,-0.28,-0.71
2016-12-28,panzhihua,攀枝花,Panzhihua,0.04,8.15,12.0,3.67,1.4907436314412277,0.53,6042256.0,6725996.0,1847.5,101.75,26.55,2016,858.29,4.76,-0.03,-0.39
2016-12-29,panzhihua,攀枝花,Panzhihua,0.01,8.51,13.23,3.57,1.785306195207523,0.65,7404960.0,8243308.0,1855.8906,101.75,26.55,2016,857.91,5.66,-0.24,-0.41
2016-12-30,panzhihua,攀枝花,Panzhihua,0.0,10.12,15.41,4.56,2.998091138776212,0.58,11950782.0,13303108.0,1854.8594,101.75,26.55,2016,857.29,5.72,-0.09,-0.43
2016-12-31,panzhihua,攀枝花,Panzhihua,0.0,11.62,17.59,5.45,3.3786413486847904,0.69,12661370.0,14094084.0,1843.1094,101.75,26.55,2016,855.86,5.77,0.09,-0.42
2017-01-01,panzhihua,攀枝花,Panzhihua,0.0,12.13,17.94,7.25,3.381705043094158,0.64,12576336.0,13999216.0,1823.7188,101.75,26.55,2017,856.48,6.63,0.0,-0.41
2017-01-02,panzhihua,攀枝花,Panzhihua,0.0,12.45,18.0,7.37,3.5392925476556285,0.53,13104468.0,14587388.0,1800.5156,101.75,26.55,2017,857.04,6.76,-0.14,-0.38
2017-01-03,panzhihua,攀枝花,Panzhihua,2.76,12.39,16.01,8.12,2.0241434672271525,0.64,7350662.0,8181808.0,1776.7188,101.75,26.55,2017,855.8,8.83,0.22,-0.53
2017-01-04,panzhihua,攀枝花,Panzhihua,1.59,10.39,12.8,7.44,1.2979777977042577,0.81,4793628.0,5335932.0,1762.3906,101.75,26.55,2017,854.88,7.62,0.23,-0.65
2017-01-05,panzhihua,攀枝花,Panzhihua,0.33,10.92,15.37,7.22,2.7868130588306625,0.69,10691892.0,11901476.0,1766.3594,101.75,26.55,2017,853.0,6.32,0.29,-0.42
2017-01-06,panzhihua,攀枝花,Panzhihua,0.21,10.54,16.14,5.07,2.8867390451735764,0.58,11496966.0,12797576.0,1772.2656,101.75,26.55,2017,851.3,6.97,0.2,-0.42
2017-01-07,panzhihua,攀枝花,Panzhihua,0.01,10.72,16.13,4.87,3.056257453469032,0.79,11696708.0,13020196.0,1771.4375,101.75,26.55,2017,850.79,5.32,0.19,-0.67
2017-01-08,panzhihua,攀枝花,Panzhihua,0.0,11.55,17.25,6.26,3.6628751829283375,0.71,13704544.0,15255404.0,1764.5469,101.75,26.55,2017,850.16,4.91,0.25,-0.51
2017-01-09,panzhihua,攀枝花,Panzhihua,0.0,12.99,18.8,6.41,4.092962185731158,0.88,14305260.0,15924056.0,1749.7656,101.75,26.55,2017,849.83,4.5,0.63,-0.43
2017-01-10,panzhihua,攀枝花,Panzhihua,0.0,13.11,18.96,7.31,3.965992225421132,0.73,14007870.0,15592860.0,1729.6406,101.75,26.55,2017,850.85,5.2,0.38,-0.4
2017-01-11,panzhihua,攀枝花,Panzhihua,0.25,13.95,19.8,7.51,3.9315971306616633,0.9,12818450.0,14269120.0,1707.2031,101.75,26.55,2017,850.02,3.87,0.58,0.01
2017-01-12,panzhihua,攀枝花,Panzhihua,0.25,12.9,18.69,7.99,3.51402004210088,0.69,12378712.0,13778940.0,1684.5,101.75,26.55,2017,849.3,5.42,0.21,-0.42
2017-01-13,panzhihua,攀枝花,Panzhihua,0.0,13.89,19.9,7.58,4.31485335103346,0.9,14193912.0,15800160.0,1663.9375,101.75,26.55,2017,848.53,2.86,0.63,-0.08
2017-01-14,panzhihua,攀枝花,Panzhihua,0.0,13.79,20.02,6.85,4.582578255174399,0.92,14913956.0,16601860.0,1646.5469,101.75,26.55,2017,850.18,0.89,0.7,-0.02
2017-01-15,panzhihua,攀枝花,Panzhihua,0.0,12.27,18.29,6.67,4.271693906183632,0.68,15138510.0,16851840.0,1629.7344,101.75,26.55,2017,851.74,1.36,0.29,-0.44
2017-01-16,panzhihua,攀枝花,Panzhihua,0.0,14.63,21.6,6.12,4.936936347734059,1.07,15234352.0,16960896.0,1610.0,101.75,26.55,2017,850.01,-0.19,0.85,0.02
2017-01-17,panzhihua,攀枝花,Panzhihua,0.0,15.1,21.39,8.16,5.04820893344353,1.22,15277150.0,17010872.0,1588.2031,101.75,26.55,2017,851.66,1.04,0.91,0.3
2017-01-18,panzhihua,攀枝花,Panzhihua,0.0,15.55,22.14,7.86,5.052127015307926,1.12,15286448.0,17023560.0,1566.6406,101.75,26.55,2017,853.54,1.56,0.85,0.2
2017-01-19,panzhihua,攀枝花,Panzhihua,0.0,14.79,21.51,7.61,4.728069528714463,0.76,15444894.0,17202424.0,1546.4375,101.75,26.55,2017,853.52,2.59,0.49,-0.36
2017-01-20,panzhihua,攀枝花,Panzhihua,0.0,15.94,22.79,8.04,5.285511054340984,1.08,15546494.0,17318000.0,1527.4688,101.75,26.55,2017,852.7,-0.82,0.79,-0.03
2017-01-21,panzhihua,攀枝花,Panzhihua,0.0,12.73,18.58,7.83,4.503396858772501,0.9,15524748.0,17296188.0,1510.0781,101.75,26.55,2017,857.28,1.7,-0.28,-0.73
2017-01-22,panzhihua,攀枝花,Panzhihua,0.0,13.47,19.99,7.32,4.480640992036858,0.86,15464674.0,17231592.0,1494.4688,101.75,26.55,2017,855.5,4.04,0.16,-0.57
2017-01-23,panzhihua,攀枝花,Panzhihua,0.0,15.62,22.53,8.04,4.740230935973252,0.85,14882450.0,16585180.0,1479.4688,101.75,26.55,2017,853.46,3.11,0.65,-0.23
2017-01-24,panzhihua,攀枝花,Panzhihua,0.0,15.12,21.54,9.0,4.7672385872564815,0.76,15429040.0,17196584.0,1464.4531,101.75,26.55,2017,856.1,2.87,0.14,-0.22
2017-01-25,panzhihua,攀枝花,Panzhihua,0.0,14.47,20.8,8.33,4.705200915500853,0.61,15891292.0,17714296.0,1449.6875,101.75,26.55,2017,858.63,3.2,0.14,-0.27
2017-01-26,panzhihua,攀枝花,Panzhihua,0.0,14.79,21.5,8.5,4.747169555529394,0.7,15915472.0,17743748.0,1435.3594,101.75,26.55,2017,854.88,4.41,0.13,-0.4
2017-01-27,panzhihua,攀枝花,Panzhihua,0.0,15.73,22.02,8.85,4.826459538810608,0.96,15363674.0,17130896.0,1421.4062,101.75,26.55,2017,851.97,5.11,0.6,-0.52
2017-01-28,panzhihua,攀枝花,Panzhihua,0.0,16.69,23.54,9.42,5.5829553061967285,1.5,15716040.0,17526272.0,1407.8125,101.75,26.55,2017,848.23,1.8,1.07,0.71
2017-01-29,panzhihua,攀枝花,Panzhihua,0.01,14.88,20.33,9.15,4.889269795570163,0.85,15607950.0,17408200.0,1395.875,101.75,26.55,2017,852.62,1.34,0.26,0.02
2017-01-30,panzhihua,攀枝花,Panzhihua,0.0,15.81,21.92,8.76,5.239791990343637,0.84,16264854.0,18143466.0,1385.8125,101.75,26.55,2017,851.18,0.57,0.65,-0.02
2017-01-31,panzhihua,攀枝花,Panzhihua,0.02,15.73,21.42,9.53,4.588763133007441,0.98,13688550.0,15271620.0,1376.3125,101.75,26.55,2017,851.24,1.89,0.61,0.27
2017-02-01,panzhihua,攀枝花,Panzhihua,0.02,15.91,22.18,9.03,4.719240491612665,0.98,13988762.0,15608640.0,1366.8125,101.75,26.55,2017,853.57,1.41,0.72,0.34
2017-02-02,panzhihua,攀枝花,Panzhihua,0.0,16.07,22.49,8.81,5.642343956498281,1.31,16439460.0,18345716.0,1356.8125,101.75,26.55,2017,852.62,0.01,0.8,0.57
2017-02-03,panzhihua,攀枝花,Panzhihua,0.02,14.27,20.18,7.49,4.693635713820201,0.81,15354780.0,17137632.0,1346.8438,101.75,26.55,2017,852.41,1.66,0.24,0.16
2017-02-04,panzhihua,攀枝花,Panzhihua,0.0,14.17,21.21,6.37,5.15140582960759,0.49,17386022.0,19407472.0,1336.9688,101.75,26.55,2017,853.49,-2.37,0.06,-0.14
2017-02-05,panzhihua,攀枝花,Panzhihua,0.0,16.01,23.44,7.72,5.443550143044682,0.64,17300562.0,19314780.0,1326.25,101.75,26.55,2017,848.8,-0.03,0.14,-0.22
2017-02-06,panzhihua,攀枝花,Panzhihua,0.0,18.75,26.38,9.34,6.141362928412214,0.94,17311404.0,19329596.0,1314.25,101.75,26.55,2017,845.12,-0.7,0.8,-0.05
2017-02-07,panzhihua,攀枝花,Panzhihua,0.0,17.83,24.64,9.51,6.254897763628827,1.73,16174528.0,18062740.0,1301.7812,101.75,26.55,2017,846.99,-0.59,0.99,0.55
2017-02-08,panzhihua,攀枝花,Panzhihua,0.0,14.0,19.94,7.16,5.098712229288181,0.98,17020852.0,19010440.0,1290.9062,101.75,26.55,2017,852.2,2.33,-0.29,-0.9
2017-02-09,panzhihua,攀枝花,Panzhihua,0.0,12.42,17.01,7.17,3.0888456221969123,1.07,10201226.0,11395232.0,1284.125,101.75,26.55,2017,850.03,4.56,-0.61,-0.76
2017-02-10,panzhihua,攀枝花,Panzhihua,0.0,11.85,19.87,4.05,3.8984472738442064,1.26,13359052.0,14924596.0,1281.25,101.75,26.55,2017,851.21,2.69,-0.81,-0.91
2017-02-11,panzhihua,攀枝花,Panzhihua,0.01,10.69,16.46,3.89,3.9684847701233146,0.86,14546726.0,16254028.0,1280.7188,101.75,26.55,2017,855.85,0.89,-0.44,-0.68
2017-02-12,panzhihua,攀枝花,Panzhihua,0.01,13.29,19.91,6.91,3.882483131027513,0.63,13313132.0,14877424.0,1282.25,101.75,26.55,2017,855.54,3.49,-0.11,-0.44
2017-02-13,panzhihua,攀枝花,Panzhihua,0.02,16.33,22.9,8.1,5.38361584462538,0.93,16580708.0,18531792.0,1283.1562,101.75,26.55,2017,854.56,2.54,0.71,-0.31
2017-02-14,panzhihua,攀枝花,Panzhihua,0.08,15.65,21.9,9.53,4.925943954212232,0.8,15511560.0,17339142.0,1280.9375,101.75,26.55,2017,856.04,2.41,0.21,-0.39
2017-02-15,panzhihua,攀枝花,Panzhihua,0.02,15.32,21.15,9.04,5.158870710426463,0.77,16478552.0,18422720.0,1275.7188,101.75,26.55,2017,855.69,1.18,0.24,-0.09
2017-02-16,panzhihua,攀枝花,Panzhihua,0.0,15.96,22.89,8.68,5.826415780341778,0.73,18553062.0,20747660.0,1270.375,101.75,26.55,2017,853.72,0.15,0.27,-0.18
2017-02-17,panzhihua,攀枝花,Panzhihua,0.0,17.08,23.81,9.63,5.942063993266138,0.69,18538886.0,20737656.0,1267.4062,101.75,26.55,2017,854.29,1.52,0.11,-0.36
2017-02-18,panzhihua,攀枝花,Panzhihua,0.0,18.83,25.53,10.63,6.513438171258647,1.05,18545444.0,20750786.0,1264.1875,101.75,26.55,2017,852.12,1.16,0.92,-0.11
2017-02-19,panzhihua,攀枝花,Panzhihua,0.0,19.78,26.64,10.56,6.734382831784707,1.08,18720382.0,20952396.0,1256.9062,101.75,26.55,2017,846.59,1.83,0.86,0.28
2017-02-20,panzhihua,攀枝花,Panzhihua,0.23,17.38,25.36,11.44,5.756343988272987,1.67,17003756.0,19036376.0,1245.2812,101.75,26.55,2017,844.86,6.48,1.33,0.41
2017-02-21,panzhihua,攀枝花,Panzhihua,0.07,17.12,24.11,11.02,4.744932556098996,1.52,13490374.0,15107346.0,1231.5938,101.75,26.55,2017,847.85,6.68,1.2,0.54
2017-02-22,panzhihua,攀枝花,Panzhihua,0.03,18.33,24.51,10.9,5.884626310143488,1.67,16064182.0,17994832.0,1217.5312,101.75,26.55,2017,848.33,5.04,1.15,0.84
2017-02-23,panzhihua,攀枝花,Panzhihua,0.25,17.76,24.03,8.32,5.424646394749901,1.5,15028222.0,16839004.0,1207.8125,101.75,26.55,2017,849.37,4.84,0.33,0.44
2017-02-24,panzhihua,攀枝花,Panzhihua,1.86,14.79,21.78,5.24,4.821124946248147,1.31,14892540.0,16691918.0,1210.9375,101.75,26.55,2017,850.72,3.15,-0.2,0.03
2017-02-25,panzhihua,攀枝花,Panzhihua,0.04,11.55,17.29,4.8,4.285635169589926,1.2,15346228.0,17205288.0,1227.4375,101.75,26.55,2017,851.87,2.63,-0.47,-1.06
2017-02-26,panzhihua,攀枝花,Panzhihua,1.15,11.63,15.84,7.05,3.3662343321410018,0.97,11636864.0,13049584.0,1245.9375,101.75,26.55,2017,852.54,3.22,-0.13,-0.84
2017-02-27,panzhihua,攀枝花,Panzhihua,0.13,11.27,16.21,7.49,2.603625774312712,0.8,9134330.0,10246236.0,1264.9688,101.75,26.55,2017,852.98,4.64,-0.37,-0.56
2017-02-28,panzhihua,攀枝花,Panzhihua,0.06,14.67,20.1,7.38,4.449184908794488,0.62,14849290.0,16661918.0,1288.8438,101.75,26.55,2017,852.83,4.38,-0.21,-0.49
2017-03-01,panzhihua,攀枝花,Panzhihua,1.92,13.18,18.47,9.32,3.704204062976822,1.5,12355540.0,13867756.0,1312.125,101.75,26.55,2017,855.61,6.08,-0.16,-1.46
2017-03-02,panzhihua,攀枝花,Panzhihua,0.04,14.18,19.56,9.69,3.313795567855579,1.07,10457274.0,11740372.0,1331.9375,101.75,26.55,2017,849.39,6.33,0.5,-0.33
2017-03-03,panzhihua,攀枝花,Panzhihua,0.06,18.45,25.58,10.16,6.701494555335644,1.84,17945622.0,20152792.0,1347.1562,101.75,26.55,2017,845.5,2.59,1.13,1.14
2017-03-04,panzhihua,攀枝花,Panzhihua,0.0,19.17,25.74,12.04,6.931211741402187,1.75,18087226.0,20317548.0,1347.0,101.75,26.55,2017,845.82,1.67,0.89,1.27
2017-03-05,panzhihua,攀枝花,Panzhihua,0.0,18.84,24.17,11.97,7.223504740076759,1.71,19640724.0,22068916.0,1334.8125,101.75,26.55,2017,847.05,1.74,0.91,0.94
2017-03-06,panzhihua,攀枝花,Panzhihua,0.01,17.51,23.64,10.36,6.152598462118982,1.43,17584584.0,19764458.0,1318.3125,101.75,26.55,2017,847.77,2.83,0.43,0.43
2017-03-07,panzhihua,攀枝花,Panzhihua,0.1,18.59,24.54,10.56,6.947755868486397,1.6,18719676.0,21045728.0,1307.375,101.75,26.55,2017,848.17,0.47,0.61,0.96
2017-03-08,panzhihua,攀枝花,Panzhihua,0.01,17.75,23.6,8.94,6.661267116926488,1.18,19162928.0,21550264.0,1306.5312,101.75,26.55,2017,848.0,-0.51,0.07,0.45
2017-03-09,panzhihua,攀枝花,Panzhihua,0.15,16.28,21.75,10.64,4.949648976061535,1.7,14124600.0,15887893.0,1310.1875,101.75,26.55,2017,845.88,5.18,1.52,0.3
2017-03-10,panzhihua,攀枝花,Panzhihua,0.01,18.51,24.69,10.19,5.990062020378296,1.79,15372604.0,17297232.0,1311.7188,101.75,26.55,2017,847.12,3.25,0.95,1.03
2017-03-11,panzhihua,攀枝花,Panzhihua,0.0,19.57,25.58,12.36,5.824639816140162,1.64,15393935.0,17325648.0,1309.3438,101.75,26.55,2017,847.61,6.94,1.19,0.8
2017-03-12,panzhihua,攀枝花,Panzhihua,0.59,18.3,24.76,13.74,4.755779751764319,2.04,11664051.0,13131386.0,1303.8438,101.75,26.55,2017,845.88,7.16,1.69,0.68
2017-03-13,panzhihua,攀枝花,Panzhihua,0.06,19.31,25.79,12.34,7.388059463400534,1.96,19429652.0,21881102.0,1296.125,101.75,26.55,2017,848.53,2.47,1.12,1.0
2017-03-14,panzhihua,攀枝花,Panzhihua,0.0,19.61,27.14,11.76,7.877654182388833,1.67,21335390.0,24033898.0,1291.0,101.75,26.55,2017,849.13,1.28,1.23,0.78
2017-03-15,panzhihua,攀枝花,Panzhihua,0.0,20.89,27.08,12.39,8.473509596426522,1.7,21663454.0,24410312.0,1293.625,101.75,26.55,2017,848.5,-1.5,0.87,1.03
2017-03-16,panzhihua,攀枝花,Panzhihua,0.0,21.11,28.4,13.26,8.54753711113585,1.64,21924116.0,24708112.0,1300.4062,101.75,26.55,2017,847.32,-1.43,0.96,1.09
2017-03-17,panzhihua,攀枝花,Panzhihua,0.0,20.84,26.95,13.55,8.3540620563458,1.67,21365572.0,24082468.0,1303.25,101.75,26.55,2017,847.86,-1.41,0.87,1.2
2017-03-18,panzhihua,攀枝花,Panzhihua,0.07,19.73,25.8,13.15,8.025463993752867,1.93,20837588.0,23491248.0,1301.0625,101.75,26.55,2017,849.43,0.15,0.99,1.48
2017-03-19,panzhihua,攀枝花,Panzhihua,0.01,18.82,24.6,12.35,7.794953850346018,1.93,20883224.0,23546792.0,1296.25,101.75,26.55,2017,850.37,0.19,1.13,1.22
2017-03-20,panzhihua,攀枝花,Panzhihua,6.1,18.2,24.39,11.58,5.704375827802157,1.26,15896186.0,17926440.0,1288.5938,101.75,26.55,2017,850.85,3.86,0.22,0.91
2017-03-21,panzhihua,攀枝花,Panzhihua,2.19,16.94,22.88,11.44,5.083417763232855,0.96,15321752.0,17282338.0,1278.8125,101.75,26.55,2017,848.66,4.98,0.51,0.49
2017-03-22,panzhihua,攀枝花,Panzhihua,0.0,19.62,25.57,10.93,7.724455065064732,0.87,22727422.0,25638704.0,1273.625,101.75,26.55,2017,848.93,1.93,0.38,0.24
2017-03-23,panzhihua,攀枝花,Panzhihua,0.0,22.33,30.26,13.27,8.59944318157376,1.35,22637916.0,25541976.0,1269.875,101.75,26.55,2017,847.86,2.46,1.02,0.47
2017-03-24,panzhihua,攀枝花,Panzhihua,0.0,22.25,29.53,11.55,8.335956482628037,1.66,21135924.0,23851372.0,1264.4688,101.75,26.55,2017,848.97,3.37,0.78,0.63
2017-03-25,panzhihua,攀枝花,Panzhihua,5.43,13.83,19.53,9.2,4.308487741951665,1.52,14098376.0,15913414.0,1257.3438,101.75,26.55,2017,855.16,5.63,-1.03,-1.09
2017-03-26,panzhihua,攀枝花,Panzhihua,9.25,15.85,19.64,9.38,3.6113726488072495,0.62,11603864.0,13098592.0,1257.125,101.75,26.55,2017,855.78,8.04,-0.06,-0.36
2017-03-27,panzhihua,攀枝花,Panzhihua,17.73,15.05,20.01,11.33,3.132136450402964,0.54,11132454.0,12569490.0,1282.8438,101.75,26.55,2017,853.79,12.54,0.2,-0.17
2017-03-28,panzhihua,攀枝花,Panzhihua,0.29,17.93,24.03,11.7,5.366625224796354,0.87,16804218.0,18975250.0,1320.7188,101.75,26.55,2017,851.27,9.28,0.29,-0.29
2017-03-29,panzhihua,攀枝花,Panzhihua,0.2,20.86,26.33,13.06,7.1859401487380925,1.24,20759532.0,23445920.0,1361.5625,101.75,26.55,2017,849.31,9.54,0.9,-0.03
2017-03-30,panzhihua,攀枝花,Panzhihua,21.1,16.83,21.78,10.59,3.5601029658499423,1.05,11427362.0,12908298.0,1398.5938,101.75,26.55,2017,853.82,11.79,-0.0,-0.36
2017-03-31,panzhihua,攀枝花,Panzhihua,0.01,15.45,18.21,10.38,3.8215340771990185,0.66,12411704.0,14023758.0,1446.3438,101.75,26.55,2017,857.15,7.41,-0.3,-0.28
2017-04-01,panzhihua,攀枝花,Panzhihua,2.62,15.25,17.55,13.8,1.6080069718175167,0.42,5011452.0,5662770.0,1520.8125,101.75,26.55,2017,855.18,9.9,-0.13,-0.21
2017-04-02,panzhihua,攀枝花,Panzhihua,2.8,15.26,18.73,13.21,2.28410261661941,0.57,7908814.0,8939010.0,1585.3438,101.75,26.55,2017,851.12,12.74,0.14,-0.41
2017-04-03,panzhihua,攀枝花,Panzhihua,0.74,19.06,24.42,13.84,5.363998373709157,1.46,15735876.0,17787276.0,1643.8125,101.75,26.55,2017,849.61,10.66,1.17,0.47
2017-04-04,panzhihua,攀枝花,Panzhihua,0.36,20.01,25.12,14.0,6.5816313575298615,1.25,19005752.0,21486988.0,1700.7812,101.75,26.55,2017,849.19,8.69,0.79,0.53
2017-04-05,panzhihua,攀枝花,Panzhihua,0.03,19.74,25.36,13.8,6.435871645021527,1.07,18998502.0,21482288.0,1745.2812,101.75,26.55,2017,848.08,8.86,0.64,0.22
2017-04-06,panzhihua,攀枝花,Panzhihua,0.0,21.39,27.15,13.67,8.039004388512161,0.91,23630966.0,26724144.0,1770.875,101.75,26.55,2017,847.49,9.09,0.61,-0.15
2017-04-07,panzhihua,攀枝花,Panzhihua,0.0,21.96,28.2,15.43,6.913773072567004,1.41,18866952.0,21339690.0,1783.1875,101.75,26.55,2017,845.88,10.36,1.21,0.11
2017-04-08,panzhihua,攀枝花,Panzhihua,0.01,22.91,29.97,16.26,6.821667421051862,1.67,17626872.0,19940326.0,1790.9375,101.75,26.55,2017,846.31,11.31,1.22,0.56
2017-04-09,panzhihua,攀枝花,Panzhihua,0.0,24.29,31.18,17.49,9.115231447650514,2.1,22057104.0,24956888.0,1791.6875,101.75,26.55,2017,845.4,7.45,1.31,1.36
2017-04-10,panzhihua,攀枝花,Panzhihua,0.0,24.2,31.02,17.22,9.709531190147745,2.26,22920096.0,25937486.0,1787.3125,101.75,26.55,2017,845.2,4.71,1.29,1.41
2017-04-11,panzhihua,攀枝花,Panzhihua,0.0,23.56,30.37,11.49,9.541312611333485,2.07,22742100.0,25740580.0,1790.9688,101.75,26.55,2017,847.37,2.22,1.04,1.11
2017-04-12,panzhihua,攀枝花,Panzhihua,0.0,20.25,25.86,11.84,7.831079363558643,1.12,22299948.0,25244602.0,1817.4062,101.75,26.55,2017,851.52,3.73,-0.63,-0.8
2017-04-13,panzhihua,攀枝花,Panzhihua,0.08,22.02,27.47,14.64,8.213515558012883,1.08,22710986.0,25713858.0,1873.3438,101.75,26.55,2017,851.11,5.44,0.3,-0.36
2017-04-14,panzhihua,攀枝花,Panzhihua,0.0,24.0,30.11,15.82,9.679803940141085,1.71,23774256.0,26921992.0,1949.0938,101.75,26.55,2017,848.14,1.91,0.74,1.15
2017-04-15,panzhihua,攀枝花,Panzhihua,0.0,24.14,30.15,16.7,8.830811805881199,1.59,21464034.0,24309072.0,2026.9688,101.75,26.55,2017,847.19,3.6,1.16,0.64
2017-04-16,panzhihua,攀枝花,Panzhihua,7.29,20.95,28.37,14.94,5.913149041784332,1.47,16213130.0,18359264.0,2091.25,101.75,26.55,2017,850.8,10.9,0.71,-0.05
2017-04-17,panzhihua,攀枝花,Panzhihua,19.35,11.85,15.19,10.53,0.9257753152749566,0.81,3345682.0,3787664.0,2144.75,101.75,26.55,2017,855.49,10.36,-0.32,0.02
2017-04-18,panzhihua,攀枝花,Panzhihua,0.09,16.62,20.63,10.92,4.744719499727308,0.52,15547618.0,17599678.0,2205.4688,101.75,26.55,2017,849.84,8.83,0.04,0.16
2017-04-19,panzhihua,攀枝花,Panzhihua,0.0,21.36,27.34,12.89,7.5340827915426525,0.94,22094546.0,25005662.0,2286.375,101.75,26.55,2017,846.56,10.1,0.43,-0.06
2017-04-20,panzhihua,攀枝花,Panzhihua,5.87,19.94,26.35,15.74,5.504943097358407,0.7,17332684.0,19613794.0,2339.5938,101.75,26.55,2017,847.65,14.54,0.27,-0.22
2017-04-21,panzhihua,攀枝花,Panzhihua,1.62,15.16,17.9,12.74,2.8567113513260334,1.3,8849362.0,10012696.0,2356.625,101.75,26.55,2017,852.25,9.75,-0.8,-1.0
2017-04-22,panzhihua,攀枝花,Panzhihua,0.52,18.12,21.11,13.04,3.3374036944797294,0.55,10143764.0,11474678.0,2364.1562,101.75,26.55,2017,850.65,10.71,-0.25,-0.1
2017-04-23,panzhihua,攀枝花,Panzhihua,8.55,18.65,22.8,14.89,3.4249751022221786,0.46,10898138.0,12325998.0,2366.6875,101.75,26.55,2017,848.78,14.23,-0.06,-0.1
2017-04-24,panzhihua,攀枝花,Panzhihua,0.85,19.48,24.09,15.61,4.929311666057741,0.73,15783726.0,17848272.0,2367.5938,101.75,26.55,2017,846.23,15.13,0.36,-0.5
2017-04-25,panzhihua,攀枝花,Panzhihua,5.94,18.96,24.15,15.36,4.843014786811269,1.11,15329436.0,17331542.0,2397.8125,101.75,26.55,2017,848.79,13.71,-0.32,-0.47
2017-04-26,panzhihua,攀枝花,Panzhihua,0.63,18.26,21.57,14.89,2.90964209011779,0.83,8499468.0,9607890.0,2488.2812,101.75,26.55,2017,851.29,12.14,-0.67,-0.41
2017-04-27,panzhihua,攀枝花,Panzhihua,2.17,15.36,17.47,13.38,2.639725564468733,1.32,8158138.0,9220406.0,2642.2812,101.75,26.55,2017,853.98,10.52,-0.81,-1.03
2017-04-28,panzhihua,攀枝花,Panzhihua,0.05,17.49,22.09,13.77,3.662597150058293,0.8,11217324.0,12675578.0,2823.1562,101.75,26.55,2017,851.95,10.42,-0.57,-0.42
2017-04-29,panzhihua,攀枝花,Panzhihua,0.04,21.75,27.69,14.59,7.20764101718972,0.98,20529282.0,23192938.0,3031.7812,101.75,26.55,2017,848.71,9.37,0.69,-0.08
2017-04-30,panzhihua,攀枝花,Panzhihua,0.0,23.74,30.37,16.03,8.561120705543487,1.6,22316910.0,25207226.0,3228.4688,101.75,26.55,2017,847.09,9.0,1.0,0.67
2017-05-01,panzhihua,攀枝花,Panzhihua,0.0,24.41,30.03,17.79,8.544392948485418,1.33,22407282.0,25305152.0,3376.8438,101.75,26.55,2017,847.62,9.41,1.01,0.38
2017-05-02,panzhihua,攀枝花,Panzhihua,0.0,24.36,30.95,17.3,8.594348924697849,2.0,20952604.0,23657994.0,3466.9688,101.75,26.55,2017,846.93,8.88,1.37,1.07
2017-05-03,panzhihua,攀枝花,Panzhihua,0.0,24.78,30.65,17.66,9.328895087601424,1.36,24113462.0,27221964.0,3505.125,101.75,26.55,2017,849.74,7.1,0.08,-0.04
2017-05-04,panzhihua,攀枝花,Panzhihua,0.06,25.45,30.65,17.97,8.422171964302144,1.11,21448022.0,24209026.0,3498.5,101.75,26.55,2017,850.49,7.52,0.79,-0.06
2017-05-05,panzhihua,攀枝花,Panzhihua,0.0,25.96,32.6,17.65,9.8552989414959,1.56,24262318.0,27380634.0,3464.3438,101.75,26.55,2017,850.21,6.52,0.91,0.7
2017-05-06,panzhihua,攀枝花,Panzhihua,0.0,25.01,30.67,18.45,9.45808880941787,1.45,24273290.0,27388136.0,3420.1562,101.75,26.55,2017,850.52,7.64,0.88,0.46
2017-05-07,panzhihua,攀枝花,Panzhihua,0.11,24.73,30.71,17.68,8.831870807887002,1.51,22504178.0,25386936.0,3377.125,101.75,26.55,2017,849.6,8.57,0.86,0.97
2017-05-08,panzhihua,攀枝花,Panzhihua,0.0,25.73,31.21,18.73,9.364097376213405,0.73,25176888.0,28397276.0,3334.3125,101.75,26.55,2017,849.54,6.1,0.25,-0.05
2017-05-09,panzhihua,攀枝花,Panzhihua,0.16,27.86,33.41,20.49,10.276930262478157,1.27,25063174.0,28263846.0,3284.4375,101.75,26.55,2017,848.95,6.24,1.11,0.19
2017-05-10,panzhihua,攀枝花,Panzhihua,0.0,27.25,33.34,20.64,10.214910279784467,1.7,24259030.0,27352290.0,3231.0312,101.75,26.55,2017,848.82,7.54,1.43,0.55
2017-05-11,panzhihua,攀枝花,Panzhihua,3.3,22.97,30.85,15.66,7.687428271449312,1.36,21033816.0,23711712.0,3163.8438,101.75,26.55,2017,852.84,10.85,-0.35,-0.25
2017-05-12,panzhihua,攀枝花,Panzhihua,0.0,21.58,25.8,16.55,6.4039437688641385,0.63,18359076.0,20693076.0,3085.2812,101.75,26.55,2017,853.59,7.3,-0.38,0.24
2017-05-13,panzhihua,攀枝花,Panzhihua,0.0,26.57,31.25,18.9,9.072493967765716,0.96,23497208.0,26479296.0,3034.4688,101.75,26.55,2017,848.0,8.8,0.55,0.07
2017-05-14,panzhihua,攀枝花,Panzhihua,3.2,22.18,29.63,15.16,5.968041886546898,1.02,16986232.0,19138992.0,3032.25,101.75,26.55,2017,850.02,13.25,-0.43,-0.23
2017-05-15,panzhihua,攀枝花,Panzhihua,6.85,18.61,23.54,13.41,4.675994819298004,0.86,13923674.0,15685248.0,3081.9375,101.75,26.55,2017,853.32,9.22,0.5,0.63
2017-05-16,panzhihua,攀枝花,Panzhihua,7.09,15.11,18.07,12.95,2.261515101770456,0.79,7770362.0,8759172.0,3190.6875,101.75,26.55,2017,854.52,12.29,-0.26,0.69
2017-05-17,panzhihua,攀枝花,Panzhihua,0.02,18.25,20.42,13.41,3.5012863177596807,0.55,10745130.0,12119696.0,3313.5312,101.75,26.55,2017,851.17,11.03,0.44,0.22
2017-05-18,panzhihua,攀枝花,Panzhihua,0.98,21.07,24.06,16.78,3.6369149252660846,0.39,10722176.0,12102828.0,3410.0,101.75,26.55,2017,849.61,13.38,0.08,-0.26
2017-05-19,panzhihua,攀枝花,Panzhihua,0.43,23.92,27.76,18.49,6.715079313357023,0.8,19008040.0,21470712.0,3444.125,101.75,26.55,2017,846.82,14.83,0.58,-0.13
2017-05-20,panzhihua,攀枝花,Panzhihua,0.32,25.37,29.27,20.78,6.983448699762278,1.02,18592410.0,21014636.0,3445.375,101.75,26.55,2017,844.18,14.6,0.5,-0.19
2017-05-21,panzhihua,攀枝花,Panzhihua,0.04,27.05,30.96,21.46,7.853164729697193,1.06,20041866.0,22668336.0,3481.7812,101.75,26.55,2017,844.09,13.88,0.74,-0.16
2017-05-22,panzhihua,攀枝花,Panzhihua,0.05,28.17,32.92,22.33,8.635171698343578,1.28,21321254.0,24131760.0,3584.2812,101.75,26.55,2017,845.09,14.24,0.5,-0.47
2017-05-23,panzhihua,攀枝花,Panzhihua,2.28,25.1,29.83,20.04,6.160605890009446,1.32,15988160.0,18108676.0,3801.375,101.75,26.55,2017,848.66,15.99,-0.79,-1.03
2017-05-24,panzhihua,攀枝花,Panzhihua,6.27,19.8,24.3,15.5,3.501301868446059,1.41,9391840.0,10644704.0,4185.3438,101.75,26.55,2017,851.07,13.31,-0.96,-1.02
2017-05-25,panzhihua,攀枝花,Panzhihua,0.72,17.64,20.09,15.66,2.163244275642673,0.88,5635974.0,6391472.0,4691.5938,101.75,26.55,2017,854.86,10.8,-0.6,-0.38
2017-05-26,panzhihua,攀枝花,Panzhihua,0.01,21.56,24.76,16.1,4.8259587524187415,0.55,13638712.0,15478068.0,5241.3125,101.75,26.55,2017,852.58,10.17,0.04,0.41
2017-05-27,panzhihua,攀枝花,Panzhihua,3.47,22.64,27.75,18.66,4.870628733781702,0.83,13244384.0,15041708.0,5788.4375,101.75,26.55,2017,851.38,13.24,-0.37,0.36
2017-05-28,panzhihua,攀枝花,Panzhihua,1.85,21.29,25.95,17.87,4.0602484476583625,0.57,12094528.0,13744656.0,6216.9688,101.75,26.55,2017,850.09,15.86,-0.03,0.38
2017-05-29,panzhihua,攀枝花,Panzhihua,0.24,25.86,29.96,19.6,6.887049504325177,0.96,18020162.0,20492728.0,6510.6562,101.75,26.55,2017,847.09,14.69,0.47,0.43
2017-05-30,panzhihua,攀枝花,Panzhihua,5.84,24.38,30.99,19.64,6.465557137781079,0.85,18206246.0,20717892.0,6699.1875,101.75,26.55,2017,848.03,16.81,0.37,0.32
2017-05-31,panzhihua,攀枝花,Panzhihua,1.38,24.76,28.35,20.21,5.886990279220612,0.73,16467664.0,18753456.0,6929.625,101.75,26.55,2017,844.87,17.59,0.56,0.2
2017-06-01,panzhihua,攀枝花,Panzhihua,1.28,26.13,30.94,20.5,6.141727342736106,0.88,16052698.0,18292608.0,7315.1562,101.75,26.55,2017,843.31,16.36,0.37,-0.04
2017-06-02,panzhihua,攀枝花,Panzhihua,0.19,26.29,32.38,20.84,7.997229410443307,1.49,20443544.0,23311964.0,7794.6875,101.75,26.55,2017,842.35,15.36,1.12,0.2
2017-06-03,panzhihua,攀枝花,Panzhihua,0.01,27.37,33.02,21.34,8.789027114702634,1.57,21547986.0,24587808.0,8307.469000000001,101.75,26.55,2017,842.01,14.17,1.19,0.51
2017-06-04,panzhihua,攀枝花,Panzhihua,0.01,27.33,32.11,20.9,8.8022360468186,1.47,21212386.0,24221092.0,8730.875,101.75,26.55,2017,842.14,12.13,0.94,0.76
2017-06-05,panzhihua,攀枝花,Panzhihua,1.06,27.68,33.46,19.35,9.73233046289369,1.1,24288912.0,27753192.0,9111.1875,101.75,26.55,2017,845.62,9.74,0.04,-0.22
2017-06-06,panzhihua,攀枝花,Panzhihua,0.23,26.12,30.68,20.72,8.529664935675445,0.76,22794294.0,26062736.0,9438.8125,101.75,26.55,2017,850.42,12.3,-0.23,-0.61
2017-06-07,panzhihua,攀枝花,Panzhihua,0.08,27.83,32.38,21.83,8.850890649349617,1.22,21652082.0,24773624.0,9547.781,101.75,26.55,2017,848.31,12.3,1.02,-0.1
2017-06-08,panzhihua,攀枝花,Panzhihua,0.1,28.57,33.53,23.47,9.68299955047462,1.57,23133936.0,26487224.0,9369.531,101.75,26.55,2017,845.65,13.49,1.39,-0.24
2017-06-09,panzhihua,攀枝花,Panzhihua,0.02,29.39,35.51,23.53,9.552409885235626,1.6,22291506.0,25540908.0,8969.0,101.75,26.55,2017,843.92,14.4,1.29,0.13
2017-06-10,panzhihua,攀枝花,Panzhihua,4.45,28.38,33.73,21.32,7.980524705484457,0.95,20185472.0,23142888.0,8492.625,101.75,26.55,2017,845.4,16.39,0.3,-0.17
2017-06-11,panzhihua,攀枝花,Panzhihua,6.02,25.81,30.1,21.68,5.371505328522392,0.75,14425852.0,16550760.0,8127.6562,101.75,26.55,2017,845.6,18.51,-0.25,0.03
2017-06-12,panzhihua,攀枝花,Panzhihua,20.85,25.21,31.9,20.58,5.83838615785519,0.47,16529294.0,18977260.0,7974.5938,101.75,26.55,2017,846.04,19.36,-0.04,-0.21
2017-06-13,panzhihua,攀枝花,Panzhihua,36.75,23.68,28.5,20.87,4.568057611155694,0.7,13210718.0,15177000.0,7985.2188,101.75,26.55,2017,847.2,19.52,-0.22,-0.28
2017-06-14,panzhihua,攀枝花,Panzhihua,33.38,23.86,28.21,20.25,5.450898244120616,0.55,16082976.0,18489392.0,8106.9062,101.75,26.55,2017,847.0,20.43,-0.34,0.08
2017-06-15,panzhihua,攀枝花,Panzhihua,47.17,23.21,27.05,20.45,4.381511427427936,0.74,13050252.0,15013792.0,8406.625,101.75,26.55,2017,845.96,20.36,-0.44,-0.42
2017-06-16,panzhihua,攀枝花,Panzhihua,9.34,22.71,26.04,20.52,3.2718649148901218,0.72,9107184.0,10479516.0,8804.5,101.75,26.55,2017,847.16,17.84,-0.16,-0.63
2017-06-17,panzhihua,攀枝花,Panzhihua,7.95,23.63,27.55,20.44,4.588497229430304,0.62,13130012.0,15112144.0,9283.4375,101.75,26.55,2017,844.45,18.71,-0.17,-0.44
2017-06-18,panzhihua,攀枝花,Panzhihua,25.39,21.77,24.33,19.84,3.3900100140460614,1.02,10363078.0,11929732.0,9861.875,101.75,26.55,2017,844.97,19.49,-0.94,-0.38
2017-06-19,panzhihua,攀枝花,Panzhihua,9.17,20.67,22.13,19.52,2.1586123991990207,0.57,6462092.0,7439820.0,10509.969,101.75,26.55,2017,846.7,18.15,-0.43,0.16
2017-06-20,panzhihua,攀枝花,Panzhihua,8.23,20.92,23.74,18.6,2.966797531104238,0.53,8776206.0,10106628.0,11212.25,101.75,26.55,2017,846.0,16.95,-0.32,0.08
2017-06-21,panzhihua,攀枝花,Panzhihua,21.73,22.34,26.81,18.83,5.9385567809524025,0.59,17973922.0,20702088.0,11836.5,101.75,26.55,2017,844.33,18.59,0.1,-0.06
2017-06-22,panzhihua,攀枝花,Panzhihua,16.82,23.32,27.5,19.45,5.59479555069561,0.42,16624394.0,19151192.0,12230.0625,101.75,26.55,2017,845.39,19.93,-0.15,0.07
2017-06-23,panzhihua,攀枝花,Panzhihua,7.96,23.76,27.88,20.47,5.715550516565871,0.57,16743302.0,19292308.0,12426.469,101.75,26.55,2017,844.54,19.58,-0.04,-0.2
2017-06-24,panzhihua,攀枝花,Panzhihua,43.13,22.54,26.57,20.0,4.321728620023252,0.64,13190216.0,15200980.0,12701.4375,101.75,26.55,2017,845.28,20.52,-0.04,-0.4
2017-06-25,panzhihua,攀枝花,Panzhihua,19.86,20.9,22.49,19.2,2.1705968138283187,0.81,6247544.0,7202484.0,13162.5625,101.75,26.55,2017,847.84,17.94,-0.43,-0.61
2017-06-26,panzhihua,攀枝花,Panzhihua,10.51,20.31,22.01,18.95,2.345312238236493,0.6,6872246.0,7923004.0,13689.4375,101.75,26.55,2017,849.47,16.74,-0.51,-0.12
2017-06-27,panzhihua,攀枝花,Panzhihua,1.53,22.68,25.46,18.76,4.430081157191954,0.49,12769662.0,14724676.0,14326.156,101.75,26.55,2017,848.73,16.87,0.35,-0.12
2017-06-28,panzhihua,攀枝花,Panzhihua,33.85,21.99,26.98,19.16,5.121027793708045,0.61,15717486.0,18127032.0,15095.969,101.75,26.55,2017,847.77,19.39,0.14,0.04
2017-06-29,panzhihua,攀枝花,Panzhihua,43.59,20.85,25.68,18.62,3.3994097760863107,0.48,10707684.0,12352668.0,15958.469,101.75,26.55,2017,846.15,19.68,0.07,-0.22
2017-06-30,panzhihua,攀枝花,Panzhihua,21.0,20.44,22.58,18.61,2.186981410159956,0.46,6845060.0,7898844.0,16588.875,101.75,26.55,2017,845.59,19.24,-0.24,0.03
2017-07-01,panzhihua,攀枝花,Panzhihua,23.67,20.96,25.55,18.16,3.816130985473879,0.5,11954574.0,13795244.0,16914.531000000006,101.75,26.55,2017,845.11,19.39,0.12,-0.11
2017-07-02,panzhihua,攀枝花,Panzhihua,36.95,21.37,24.12,19.15,3.3679589404243164,0.55,10453754.0,12066220.0,17282.438000000002,101.75,26.55,2017,845.31,19.82,-0.16,-0.37
2017-07-03,panzhihua,攀枝花,Panzhihua,26.16,20.15,22.52,17.85,1.5558063894201088,0.52,4880534.0,5635152.0,17780.781000000006,101.75,26.55,2017,847.47,19.2,-0.09,-0.42
2017-07-04,panzhihua,攀枝花,Panzhihua,8.57,22.43,25.69,18.55,5.13924032721822,0.45,15443858.0,17833108.0,18550.906000000006,101.75,26.55,2017,847.5,19.15,-0.2,-0.12
2017-07-05,panzhihua,攀枝花,Panzhihua,12.46,23.43,27.43,20.34,6.067289919591082,0.63,18153474.0,20965784.0,19219.375,101.75,26.55,2017,846.28,20.4,0.27,-0.18
2017-07-06,panzhihua,攀枝花,Panzhihua,73.69,22.88,26.6,20.31,4.751404008987499,0.65,14419858.0,16657324.0,20020.781000000006,101.75,26.55,2017,845.49,20.79,0.02,-0.31
2017-07-07,panzhihua,攀枝花,Panzhihua,30.31,21.6,22.94,19.71,1.9020761460990665,0.72,5742422.0,6634124.0,20900.719,101.75,26.55,2017,847.37,20.17,-0.15,-0.56
2017-07-08,panzhihua,攀枝花,Panzhihua,15.44,20.73,23.16,18.62,3.173999509926511,0.58,9480440.0,10955644.0,21506.11,101.75,26.55,2017,848.11,17.04,-0.16,-0.09
2017-07-09,panzhihua,攀枝花,Panzhihua,5.65,18.15,19.02,15.3,1.2567969105208796,0.56,3758740.0,4344496.0,21650.422,101.75,26.55,2017,851.21,15.84,-0.04,-0.0
2017-07-10,panzhihua,攀枝花,Panzhihua,0.0,21.51,24.86,16.18,5.163624637793513,0.35,15540772.0,17965908.0,21693.375,101.75,26.55,2017,849.96,16.68,0.02,0.01
2017-07-11,panzhihua,攀枝花,Panzhihua,0.0,24.0,28.31,19.33,6.781219065111574,0.46,19436028.0,22474860.0,21674.734,101.75,26.55,2017,849.31,16.92,-0.03,-0.21
2017-07-12,panzhihua,攀枝花,Panzhihua,5.68,24.49,28.48,19.78,7.538344095840938,0.63,21183398.0,24498356.0,21163.078,101.75,26.55,2017,849.19,15.82,0.49,-0.18
2017-07-13,panzhihua,攀枝花,Panzhihua,12.09,21.85,25.27,18.44,5.1551856391038005,0.48,15690250.0,18149388.0,20241.562,101.75,26.55,2017,848.08,18.89,0.23,0.01
2017-07-14,panzhihua,攀枝花,Panzhihua,9.68,21.88,26.47,17.68,5.185265639539106,0.4,15790254.0,18267828.0,19226.438,101.75,26.55,2017,847.8,19.23,0.11,-0.17
2017-07-15,panzhihua,攀枝花,Panzhihua,6.84,22.44,26.98,17.72,6.06024705885764,0.64,18336764.0,21218818.0,18403.594,101.75,26.55,2017,848.54,19.04,0.06,-0.38
2017-07-16,panzhihua,攀枝花,Panzhihua,8.09,22.22,26.45,18.25,5.8877524734986295,0.54,17968430.0,20794158.0,17742.061999999998,101.75,26.55,2017,849.82,19.56,0.1,-0.2
2017-07-17,panzhihua,攀枝花,Panzhihua,15.36,23.02,27.56,18.89,6.708783015436167,0.48,20110140.0,23275460.0,17037.797,101.75,26.55,2017,849.98,19.76,0.06,-0.25
2017-07-18,panzhihua,攀枝花,Panzhihua,3.35,24.36,28.21,19.63,7.1964028182684405,0.51,20850864.0,24134166.0,16349.141,101.75,26.55,2017,849.46,19.34,0.27,-0.22
2017-07-19,panzhihua,攀枝花,Panzhihua,13.3,22.66,27.5,19.16,6.110124028264028,0.64,18473096.0,21383442.0,15724.391,101.75,26.55,2017,846.93,19.51,0.16,0.02
2017-07-20,panzhihua,攀枝花,Panzhihua,17.96,22.07,26.88,17.76,5.692688019261071,0.53,17390594.0,20132224.0,15248.922,101.75,26.55,2017,847.68,19.42,0.07,-0.13
2017-07-21,panzhihua,攀枝花,Panzhihua,22.48,22.16,26.35,18.77,5.325711778068984,0.65,16170660.0,18720972.0,14878.016,101.75,26.55,2017,850.17,19.11,-0.11,-0.3
2017-07-22,panzhihua,攀枝花,Panzhihua,20.46,20.38,23.12,18.82,2.925114971940588,0.5,9176060.0,10623114.0,14614.75,101.75,26.55,2017,851.86,18.9,-0.18,-0.08
2017-07-23,panzhihua,攀枝花,Panzhihua,14.18,20.62,24.88,18.15,4.46628271967767,0.48,14045578.0,16262440.0,14456.172,101.75,26.55,2017,850.53,18.9,-0.22,0.03
2017-07-24,panzhihua,攀枝花,Panzhihua,7.17,21.92,25.41,18.02,5.277196662137336,0.64,15969944.0,18491888.0,14323.641,101.75,26.55,2017,848.43,18.39,0.06,0.16
2017-07-25,panzhihua,攀枝花,Panzhihua,13.73,22.51,27.35,19.11,5.702193785690082,0.53,17172474.0,19886898.0,14239.547,101.75,26.55,2017,848.47,19.32,0.1,-0.08
2017-07-26,panzhihua,攀枝花,Panzhihua,2.77,23.99,28.13,19.34,7.008223012417304,0.53,20381848.0,23605480.0,14204.797,101.75,26.55,2017,848.1,18.91,0.15,0.15
2017-07-27,panzhihua,攀枝花,Panzhihua,14.56,24.46,29.44,18.94,7.066372176301697,0.65,20504092.0,23748968.0,14087.297,101.75,26.55,2017,848.03,19.9,0.04,0.16
2017-07-28,panzhihua,攀枝花,Panzhihua,14.68,22.58,27.49,18.21,6.1587845028595565,0.54,18650722.0,21604026.0,13879.234,101.75,26.55,2017,850.45,19.75,-0.2,-0.05
2017-07-29,panzhihua,攀枝花,Panzhihua,0.47,24.11,28.87,18.6,7.3255505835359,0.39,21383060.0,24771538.0,13616.672,101.75,26.55,2017,848.48,19.7,0.15,-0.03
2017-07-30,panzhihua,攀枝花,Panzhihua,11.96,24.51,29.47,19.72,7.3137048195678815,0.6,21170940.0,24527590.0,13251.266,101.75,26.55,2017,845.92,19.66,0.17,0.43
2017-07-31,panzhihua,攀枝花,Panzhihua,16.44,22.07,25.86,19.04,3.230000220876537,0.52,9690960.0,11228996.0,12933.656,101.75,26.55,2017,845.8,19.81,0.19,0.02
2017-08-01,panzhihua,攀枝花,Panzhihua,6.6,23.7,27.9,19.56,5.704533392112633,0.61,16811690.0,19479840.0,12836.453,101.75,26.55,2017,845.44,20.36,0.27,-0.12
2017-08-02,panzhihua,攀枝花,Panzhihua,14.92,23.88,28.32,20.31,6.030398974323198,0.51,17724448.0,20539186.0,12849.781,101.75,26.55,2017,844.89,20.51,-0.08,-0.03
2017-08-03,panzhihua,攀枝花,Panzhihua,14.79,23.13,27.02,20.3,5.141383498741138,0.66,15277862.0,17705678.0,12909.031,101.75,26.55,2017,844.65,20.0,-0.27,-0.09
2017-08-04,panzhihua,攀枝花,Panzhihua,20.79,23.96,28.73,19.93,6.2988776117387175,0.52,18349480.0,21267748.0,13221.016,101.75,26.55,2017,845.64,19.66,-0.15,-0.18
2017-08-05,panzhihua,攀枝花,Panzhihua,26.8,23.58,29.29,19.19,6.805352341547834,0.49,20299224.0,23529414.0,13534.266,101.75,26.55,2017,847.19,20.91,-0.09,-0.2
2017-08-06,panzhihua,攀枝花,Panzhihua,1.67,24.06,28.14,20.05,5.916156678478202,0.47,17284566.0,20035856.0,13501.328,101.75,26.55,2017,848.02,20.55,0.15,-0.03
2017-08-07,panzhihua,攀枝花,Panzhihua,3.16,25.02,28.52,20.38,5.9512323105361205,0.7,16879600.0,19568736.0,13191.0625,101.75,26.55,2017,846.27,20.36,0.36,-0.15
2017-08-08,panzhihua,攀枝花,Panzhihua,17.11,21.9,24.37,18.88,2.2744940179681508,0.64,6772660.0,7852328.0,12752.156,101.75,26.55,2017,847.98,20.05,-0.53,0.01
2017-08-09,panzhihua,攀枝花,Panzhihua,3.23,19.45,21.85,16.9,1.5651621210547026,0.66,4513924.0,5233746.0,12605.594,101.75,26.55,2017,849.44,16.72,0.21,0.5
2017-08-10,panzhihua,攀枝花,Panzhihua,6.45,19.71,21.51,17.13,1.7390873952341983,0.38,5124552.0,5942400.0,12856.078,101.75,26.55,2017,848.06,16.36,-0.04,0.33
2017-08-11,panzhihua,攀枝花,Panzhihua,6.5,21.78,25.54,19.4,3.507011139737456,0.47,10456692.0,12126738.0,13235.5625,101.75,26.55,2017,846.2,18.69,-0.15,0.03
2017-08-12,panzhihua,攀枝花,Panzhihua,10.65,22.52,26.44,19.68,4.417194204669702,0.56,13393560.0,15533588.0,13613.844,101.75,26.55,2017,846.64,20.58,-0.21,-0.03
2017-08-13,panzhihua,攀枝花,Panzhihua,43.11,22.15,26.68,19.88,4.3904128440414825,0.55,13439336.0,15587904.0,14103.781,101.75,26.55,2017,848.21,20.43,-0.31,0.09
2017-08-14,panzhihua,攀枝花,Panzhihua,41.63,21.18,23.57,19.29,2.1522515769099466,0.48,6556460.0,7605124.0,14623.531,101.75,26.55,2017,848.48,19.71,-0.07,-0.1
2017-08-15,panzhihua,攀枝花,Panzhihua,28.25,20.7,24.31,17.96,2.4081563732358338,0.58,7476744.0,8673032.0,14983.656,101.75,26.55,2017,848.31,19.33,-0.22,-0.15
2017-08-16,panzhihua,攀枝花,Panzhihua,3.91,23.25,27.83,18.69,6.088222056392447,0.5,17969868.0,20845222.0,15222.453,101.75,26.55,2017,847.74,19.32,-0.13,-0.16
2017-08-17,panzhihua,攀枝花,Panzhihua,2.95,23.63,27.88,20.09,6.07225656104848,0.53,17770674.0,20612620.0,15223.9375,101.75,26.55,2017,847.9,19.48,0.28,-0.14
2017-08-18,panzhihua,攀枝花,Panzhihua,1.54,22.99,26.07,19.91,4.827894977570674,0.61,14187402.0,16455024.0,14919.25,101.75,26.55,2017,849.88,19.28,0.44,-0.21
2017-08-19,panzhihua,攀枝花,Panzhihua,0.59,23.93,27.37,19.48,5.570799817046598,0.85,15739326.0,18255402.0,14452.391,101.75,26.55,2017,849.57,18.43,0.53,-0.47
2017-08-20,panzhihua,攀枝花,Panzhihua,2.37,23.78,27.78,20.29,5.64973343909471,0.64,16390700.0,19009708.0,13866.266,101.75,26.55,2017,848.64,19.46,0.19,0.12
2017-08-21,panzhihua,攀枝花,Panzhihua,0.62,24.51,28.39,20.44,6.185208390788403,0.48,17779684.0,20620204.0,13306.328,101.75,26.55,2017,847.46,19.9,0.3,-0.03
2017-08-22,panzhihua,攀枝花,Panzhihua,8.9,25.11,29.63,19.34,7.103552284529318,0.45,20305650.0,23548920.0,12832.875,101.75,26.55,2017,847.55,20.21,0.1,-0.04
2017-08-23,panzhihua,攀枝花,Panzhihua,13.63,23.2,29.2,19.79,6.379624077905994,0.55,19110834.0,22162526.0,12301.531,101.75,26.55,2017,849.07,20.33,0.11,-0.02
2017-08-24,panzhihua,攀枝花,Panzhihua,16.32,21.89,24.95,20.01,3.4339086077200034,0.52,10432482.0,12098730.0,11803.281,101.75,26.55,2017,847.54,20.0,0.19,0.08
2017-08-25,panzhihua,攀枝花,Panzhihua,19.19,21.46,24.46,19.29,3.097943444706321,0.72,9502886.0,11019026.0,11527.328,101.75,26.55,2017,849.32,19.64,-0.17,-0.12
2017-08-26,panzhihua,攀枝花,Panzhihua,5.83,21.86,25.53,18.0,4.498638476780707,0.53,13671908.0,15852778.0,11586.109,101.75,26.55,2017,850.52,19.3,0.03,0.03
2017-08-27,panzhihua,攀枝花,Panzhihua,2.18,23.63,27.71,18.33,6.295829083982937,0.48,18370106.0,21300228.0,11659.8125,101.75,26.55,2017,849.01,18.95,0.17,-0.12
2017-08-28,panzhihua,攀枝花,Panzhihua,33.87,22.76,27.77,19.07,5.833991204199867,0.43,17484844.0,20273080.0,11556.547,101.75,26.55,2017,849.2,19.82,0.11,-0.08
2017-08-29,panzhihua,攀枝花,Panzhihua,20.26,21.5,26.23,18.88,4.399907900337205,0.54,13523282.0,15678754.0,11423.469,101.75,26.55,2017,850.59,19.28,-0.01,-0.15
2017-08-30,panzhihua,攀枝花,Panzhihua,7.04,22.74,26.53,19.01,5.560276058527879,0.57,16523212.0,19155862.0,11327.984,101.75,26.55,2017,851.27,18.9,-0.02,-0.14
2017-08-31,panzhihua,攀枝花,Panzhihua,7.8,22.85,26.66,18.72,5.2828997198042735,0.42,15689856.0,18189068.0,11193.156,101.75,26.55,2017,849.78,19.45,0.05,-0.05
2017-09-01,panzhihua,攀枝花,Panzhihua,8.89,22.38,26.59,19.07,4.785743872493857,0.48,14446882.0,16747152.0,10991.906,101.75,26.55,2017,847.11,19.92,-0.07,-0.02
2017-09-02,panzhihua,攀枝花,Panzhihua,16.14,22.05,26.09,19.39,4.476026167794863,0.51,13706574.0,15888624.0,10803.344,101.75,26.55,2017,846.88,20.28,-0.35,0.14
2017-09-03,panzhihua,攀枝花,Panzhihua,11.96,22.95,26.26,20.15,4.690991496781737,0.46,13905004.0,16117952.0,10798.0625,101.75,26.55,2017,847.84,19.9,-0.1,-0.05
2017-09-04,panzhihua,攀枝花,Panzhihua,16.62,23.07,27.77,19.47,4.6594073214554985,0.45,13853796.0,16058166.0,10935.297,101.75,26.55,2017,847.53,20.47,-0.18,-0.04
2017-09-05,panzhihua,攀枝花,Panzhihua,26.65,21.95,26.16,19.72,3.852480336925909,0.66,11805852.0,13683346.0,11222.094,101.75,26.55,2017,849.2,20.08,-0.21,-0.3
2017-09-06,panzhihua,攀枝花,Panzhihua,12.3,20.91,23.14,19.61,2.5110948113813607,0.6,7579816.0,8784752.0,11717.359,101.75,26.55,2017,851.84,18.65,-0.29,-0.03
2017-09-07,panzhihua,攀枝花,Panzhihua,3.15,22.62,24.96,19.37,4.99842796006161,0.5,14789806.0,17140974.0,12385.172,101.75,26.55,2017,850.62,18.68,0.28,0.03
2017-09-08,panzhihua,攀枝花,Panzhihua,9.74,22.17,26.34,19.69,4.613905417191266,0.55,13954852.0,16172676.0,13045.391,101.75,26.55,2017,848.54,19.53,0.13,-0.1
2017-09-09,panzhihua,攀枝花,Panzhihua,17.69,22.51,26.4,19.54,4.533733297569276,0.53,13609970.0,15772484.0,13434.109,101.75,26.55,2017,847.67,19.85,-0.25,0.05
2017-09-10,panzhihua,攀枝花,Panzhihua,17.1,19.31,20.92,17.73,1.3615206896935272,0.67,3839730.0,4449708.0,13638.516,101.75,26.55,2017,853.96,16.58,-0.21,0.17
2017-09-11,panzhihua,攀枝花,Panzhihua,0.0,21.6,25.46,17.34,5.899829193254527,0.31,17664040.0,20469346.0,13901.984,101.75,26.55,2017,853.77,15.62,0.15,-0.08
2017-09-12,panzhihua,攀枝花,Panzhihua,1.15,23.15,26.64,19.56,6.099850399133773,0.53,17627100.0,20425562.0,13932.375,101.75,26.55,2017,853.33,16.71,0.39,-0.15
2017-09-13,panzhihua,攀枝花,Panzhihua,13.55,21.91,26.13,18.94,4.889469360862543,0.49,14774248.0,17118732.0,13490.1875,101.75,26.55,2017,852.66,18.73,0.14,0.01
2017-09-14,panzhihua,攀枝花,Panzhihua,12.32,21.63,25.33,18.22,4.527006031335745,0.6,13811764.0,16002626.0,13068.102,101.75,26.55,2017,852.22,18.88,-0.14,0.1
2017-09-15,panzhihua,攀枝花,Panzhihua,4.79,21.08,25.07,17.59,3.6219162911026017,0.44,11113858.0,12876870.0,12747.914,101.75,26.55,2017,852.73,18.84,0.05,-0.14
2017-09-16,panzhihua,攀枝花,Panzhihua,4.45,22.65,26.31,17.75,5.460755085815606,0.53,16172838.0,18730098.0,12445.547,101.75,26.55,2017,853.15,18.38,0.11,-0.23
2017-09-17,panzhihua,攀枝花,Panzhihua,3.89,21.65,25.72,18.38,4.972357743932256,0.41,15223128.0,17622494.0,12074.539,101.75,26.55,2017,852.78,19.27,0.15,-0.03
2017-09-18,panzhihua,攀枝花,Panzhihua,0.98,23.47,27.82,18.74,5.724564726970656,0.87,16398542.0,18975038.0,11661.531,101.75,26.55,2017,849.89,17.99,0.56,-0.34
2017-09-19,panzhihua,攀枝花,Panzhihua,7.64,23.53,27.49,18.89,5.421153982406639,0.68,15688988.0,18146166.0,11228.883,101.75,26.55,2017,849.84,18.77,0.14,-0.27
2017-09-20,panzhihua,攀枝花,Panzhihua,12.53,21.23,24.12,19.2,2.8943313545055243,0.53,8836670.0,10216356.0,10914.766,101.75,26.55,2017,851.11,19.2,-0.38,-0.14
2017-09-21,panzhihua,攀枝花,Panzhihua,4.5,21.56,24.1,19.64,2.761326234833944,0.73,8089876.0,9348814.0,10767.891,101.75,26.55,2017,850.51,18.54,-0.1,-0.6
2017-09-22,panzhihua,攀枝花,Panzhihua,7.43,20.9,24.22,17.94,3.434937067948457,0.58,10756709.0,12425745.0,10690.461,101.75,26.55,2017,850.73,19.3,-0.09,-0.27
2017-09-23,panzhihua,攀枝花,Panzhihua,1.76,22.42,26.32,18.57,4.225372382409375,0.59,12724865.0,14692523.0,10750.727,101.75,26.55,2017,850.33,19.77,0.23,-0.28
2017-09-24,panzhihua,攀枝花,Panzhihua,0.48,23.3,27.32,19.77,4.818399889643972,0.74,13884939.0,16024735.0,10841.414,101.75,26.55,2017,848.31,18.61,0.45,-0.32
2017-09-25,panzhihua,攀枝花,Panzhihua,1.0,23.55,27.84,19.93,4.868491792495041,0.55,14168358.0,16345170.0,10805.148,101.75,26.55,2017,848.52,19.39,0.23,-0.21
2017-09-26,panzhihua,攀枝花,Panzhihua,12.06,22.24,27.08,19.26,4.716456077306502,0.5,14310732.0,16502889.0,10596.75,101.75,26.55,2017,851.19,19.58,0.23,-0.05
2017-09-27,panzhihua,攀枝花,Panzhihua,11.0,21.9,26.12,18.66,4.681367434821733,0.51,14386979.0,16583023.0,10283.805,101.75,26.55,2017,851.8,19.7,-0.27,-0.01
2017-09-28,panzhihua,攀枝花,Panzhihua,9.91,20.67,24.4,17.53,3.4085683745610087,0.5,10614251.0,12229966.0,10000.125,101.75,26.55,2017,851.88,18.58,-0.26,-0.13
2017-09-29,panzhihua,攀枝花,Panzhihua,12.5,21.19,26.27,17.6,4.481168772719121,0.58,14016021.0,16141115.0,9833.0625,101.75,26.55,2017,851.26,19.15,0.13,-0.2
2017-09-30,panzhihua,攀枝花,Panzhihua,1.68,22.2,26.05,18.15,4.799789160090049,0.85,14299592.0,16460838.0,9721.227,101.75,26.55,2017,850.6,18.14,0.52,-0.24
2017-10-01,panzhihua,攀枝花,Panzhihua,4.23,23.04,26.16,18.68,4.635451853761103,0.77,13331671.0,15339562.0,9589.711,101.75,26.55,2017,850.24,18.09,0.23,-0.23
2017-10-02,panzhihua,攀枝花,Panzhihua,20.94,21.32,25.49,18.4,4.129534450236234,0.58,12813316.0,14739281.0,9422.789,101.75,26.55,2017,851.64,19.07,-0.19,0.07
2017-10-03,panzhihua,攀枝花,Panzhihua,19.39,20.13,24.46,17.13,3.3359131572483105,0.47,10676906.0,12275929.0,9364.156,101.75,26.55,2017,853.54,18.96,-0.23,0.05
2017-10-04,panzhihua,攀枝花,Panzhihua,17.87,19.99,24.58,17.06,3.6723440475821207,0.48,11758744.0,13513811.0,9494.328,101.75,26.55,2017,854.51,18.5,-0.34,0.12
2017-10-05,panzhihua,攀枝花,Panzhihua,3.0,20.49,25.15,17.2,4.205986153938838,0.39,13229973.0,15197294.0,9695.383,101.75,26.55,2017,853.14,18.41,-0.13,0.16
2017-10-06,panzhihua,攀枝花,Panzhihua,1.06,21.61,25.48,17.42,4.507284188577529,0.47,13735135.0,15770702.0,9817.797,101.75,26.55,2017,852.67,18.24,0.02,-0.07
2017-10-07,panzhihua,攀枝花,Panzhihua,2.29,22.33,25.95,18.21,4.960788354124455,0.57,14669723.0,16836166.0,9774.18,101.75,26.55,2017,852.49,17.27,0.3,-0.31
2017-10-08,panzhihua,攀枝花,Panzhihua,7.08,20.64,24.43,16.62,3.723736496383984,0.42,11584497.0,13291592.0,9628.5,101.75,26.55,2017,853.79,18.06,-0.1,-0.08
2017-10-09,panzhihua,攀枝花,Panzhihua,0.8,21.9,25.98,17.07,4.820869389094856,0.46,14541683.0,16675691.0,9386.641,101.75,26.55,2017,853.05,17.72,0.05,-0.1
2017-10-10,panzhihua,攀枝花,Panzhihua,10.59,22.92,26.46,18.82,5.062304862809488,0.42,14852114.0,17024492.0,9024.1875,101.75,26.55,2017,853.59,17.36,0.16,-0.34
2017-10-11,panzhihua,攀枝花,Panzhihua,12.98,20.18,22.51,18.24,2.838274446499604,0.52,8967410.0,10274642.0,8632.155999999999,101.75,26.55,2017,853.75,18.41,-0.37,-0.11
2017-10-12,panzhihua,攀枝花,Panzhihua,21.96,18.22,21.94,15.46,1.7210663017884409,0.92,5665278.0,6488672.0,8410.992,101.75,26.55,2017,852.64,16.98,-0.46,-0.75
2017-10-13,panzhihua,攀枝花,Panzhihua,15.15,16.87,17.87,15.34,1.0737944432338278,0.67,3480344.0,3985706.0,8501.492,101.75,26.55,2017,850.63,15.58,-0.64,0.01
2017-10-14,panzhihua,攀枝花,Panzhihua,11.43,18.77,23.11,15.32,2.9129010593387403,0.94,9393356.0,10748562.0,8705.226999999999,101.75,26.55,2017,850.44,16.39,-0.41,-0.73
2017-10-15,panzhihua,攀枝花,Panzhihua,2.06,16.22,17.31,15.15,1.0256161644332007,0.81,2936552.0,3359428.0,8851.953000000001,101.75,26.55,2017,853.86,13.67,-0.35,-0.72
2017-10-16,panzhihua,攀枝花,Panzhihua,0.03,18.65,20.31,15.61,2.5485228196961143,0.61,7457462.0,8525932.0,8858.8125,101.75,26.55,2017,854.58,13.07,-0.44,-0.09
2017-10-17,panzhihua,攀枝花,Panzhihua,0.17,20.17,22.59,16.92,3.6885100205077057,0.47,11064972.0,12638334.0,8745.555,101.75,26.55,2017,853.92,14.12,0.15,-0.41
2017-10-18,panzhihua,攀枝花,Panzhihua,0.79,19.03,21.01,16.46,2.0038461551166087,0.65,5891596.0,6721954.0,8535.078000000001,101.75,26.55,2017,854.88,15.26,0.14,-0.53
2017-10-19,panzhihua,攀枝花,Panzhihua,0.21,19.66,22.79,16.14,3.258986246206008,0.6,9823724.0,11205264.0,8267.391,101.75,26.55,2017,853.27,14.66,0.33,-0.38
2017-10-20,panzhihua,攀枝花,Panzhihua,0.75,20.29,23.57,17.43,3.8259578654031263,0.48,11746846.0,13390432.0,7964.172,101.75,26.55,2017,851.99,15.78,0.06,-0.32
2017-10-21,panzhihua,攀枝花,Panzhihua,20.85,18.71,22.66,15.06,2.744487345982792,0.91,8962880.0,10210512.0,7655.9844,101.75,26.55,2017,851.57,16.65,-0.54,-0.65
2017-10-22,panzhihua,攀枝花,Panzhihua,19.13,14.2,14.83,13.78,0.5606289433316242,0.83,1733084.0,1973288.0,7460.375,101.75,26.55,2017,853.05,12.92,-0.66,-0.48
2017-10-23,panzhihua,攀枝花,Panzhihua,1.88,15.22,15.73,14.15,1.0032181387553494,0.79,2843254.0,3233680.0,7365.75,101.75,26.55,2017,855.02,12.25,-0.36,-0.68
2017-10-24,panzhihua,攀枝花,Panzhihua,0.47,16.14,17.91,15.1,1.6443797768727912,0.93,4922758.0,5595856.0,7296.883000000002,101.75,26.55,2017,854.89,12.73,0.7,-0.55
2017-10-25,panzhihua,攀枝花,Panzhihua,0.25,17.61,21.4,14.31,3.1019378484345963,0.71,9796748.0,11127916.0,7255.625,101.75,26.55,2017,855.77,13.02,0.24,-0.54
2017-10-26,panzhihua,攀枝花,Panzhihua,1.43,17.31,21.65,13.53,3.830055470185656,0.72,12609050.0,14314576.0,7210.5234,101.75,26.55,2017,855.54,13.18,0.08,-0.43
2017-10-27,panzhihua,攀枝花,Panzhihua,0.29,16.92,20.62,12.48,3.4857935486168987,0.36,11589122.0,13147988.0,7110.9919999999975,101.75,26.55,2017,855.27,12.89,0.14,-0.19
2017-10-28,panzhihua,攀枝花,Panzhihua,0.18,17.16,21.87,12.26,4.158621357036668,0.45,13742262.0,15580852.0,6900.6875,101.75,26.55,2017,857.27,12.27,0.06,-0.27
2017-10-29,panzhihua,攀枝花,Panzhihua,0.39,17.48,22.05,11.71,4.238575468604582,0.5,13906290.0,15755564.0,6601.0938,101.75,26.55,2017,859.38,12.51,0.0,-0.23
2017-10-30,panzhihua,攀枝花,Panzhihua,0.03,17.66,21.14,13.92,3.88058171273028,0.69,12265726.0,13888844.0,6272.5625,101.75,26.55,2017,857.68,11.57,0.27,-0.38
2017-10-31,panzhihua,攀枝花,Panzhihua,0.0,17.55,20.1,13.36,4.31577381318487,0.72,13454672.0,15225692.0,5938.7890000000025,101.75,26.55,2017,855.23,9.66,0.27,-0.46
2017-11-01,panzhihua,攀枝花,Panzhihua,0.24,16.94,20.1,13.62,3.591653200756116,0.41,11777996.0,13317816.0,5623.6016,101.75,26.55,2017,854.87,11.45,-0.15,-0.18
2017-11-02,panzhihua,攀枝花,Panzhihua,7.2,16.19,20.43,13.43,3.798527919595352,0.55,12906578.0,14584028.0,5371.133000000002,101.75,26.55,2017,857.24,12.01,-0.34,0.0
2017-11-03,panzhihua,攀枝花,Panzhihua,4.27,13.66,17.14,10.42,2.1189947661675643,0.68,7322996.0,8268948.0,5251.1875,101.75,26.55,2017,862.09,10.05,0.15,0.48
2017-11-04,panzhihua,攀枝花,Panzhihua,0.17,12.43,15.37,8.26,2.5926315573759977,0.45,9275046.0,10466444.0,5214.6094,101.75,26.55,2017,862.21,7.05,0.05,0.15
2017-11-05,panzhihua,攀枝花,Panzhihua,0.0,13.86,18.36,7.67,4.177530249658576,0.41,14912764.0,16816520.0,5130.5312,101.75,26.55,2017,858.08,8.11,0.0,-0.18
2017-11-06,panzhihua,攀枝花,Panzhihua,0.0,15.16,19.78,9.65,4.054136115112319,0.29,14138168.0,15931560.0,4954.703,101.75,26.55,2017,856.61,10.39,0.07,-0.1
2017-11-07,panzhihua,攀枝花,Panzhihua,0.05,15.83,20.98,9.73,4.020240455815063,0.34,13875966.0,15626008.0,4719.3906,101.75,26.55,2017,858.22,11.68,-0.06,0.02
2017-11-08,panzhihua,攀枝花,Panzhihua,0.03,15.42,20.59,9.33,3.951073294200018,0.47,13747248.0,15470872.0,4462.453,101.75,26.55,2017,856.12,11.11,0.04,-0.18
2017-11-09,panzhihua,攀枝花,Panzhihua,0.0,15.92,21.17,10.55,4.173780385141279,0.48,14361132.0,16150816.0,4204.5156,101.75,26.55,2017,853.92,11.35,-0.0,-0.23
2017-11-10,panzhihua,攀枝花,Panzhihua,0.11,16.45,22.0,11.61,3.852187066928877,0.56,12966070.0,14572328.0,3957.4688,101.75,26.55,2017,854.37,11.64,0.19,-0.23
2017-11-11,panzhihua,攀枝花,Panzhihua,0.0,16.02,21.47,11.18,4.319347463803618,0.51,14705308.0,16515684.0,3731.961,101.75,26.55,2017,853.1,10.46,0.08,-0.29
2017-11-12,panzhihua,攀枝花,Panzhihua,0.0,15.63,21.19,10.78,4.5044091971428175,0.57,15368530.0,17249064.0,3532.4922,101.75,26.55,2017,851.29,9.21,0.2,-0.33
2017-11-13,panzhihua,攀枝花,Panzhihua,0.0,15.05,20.14,10.58,4.2237106835957565,0.45,14590396.0,16364856.0,3357.4453,101.75,26.55,2017,851.56,8.47,0.08,-0.35
2017-11-14,panzhihua,攀枝花,Panzhihua,0.0,15.29,20.14,10.42,4.23789491839553,0.46,14582904.0,16345544.0,3202.5781,101.75,26.55,2017,853.23,8.87,0.06,-0.29
2017-11-15,panzhihua,攀枝花,Panzhihua,0.0,15.47,20.8,10.68,4.246435077403598,0.6,14619852.0,16375968.0,3064.8984,101.75,26.55,2017,852.41,9.78,0.15,-0.3
2017-11-16,panzhihua,攀枝花,Panzhihua,0.0,17.02,23.0,10.41,4.498484557915382,0.63,14703496.0,16466176.0,2943.5234,101.75,26.55,2017,849.97,9.96,0.36,-0.14
2017-11-17,panzhihua,攀枝花,Panzhihua,0.0,17.74,23.42,11.76,4.295392981300584,0.64,13970910.0,15642540.0,2838.8984,101.75,26.55,2017,850.02,11.94,0.08,-0.22
2017-11-18,panzhihua,攀枝花,Panzhihua,0.08,15.55,19.64,11.47,2.4082094499160847,0.78,7998320.0,8952732.0,2751.8516,101.75,26.55,2017,852.76,11.72,-0.16,-0.71
2017-11-19,panzhihua,攀枝花,Panzhihua,0.06,16.58,21.92,11.45,3.095324668915296,0.67,10228242.0,11446984.0,2685.5078,101.75,26.55,2017,851.58,12.11,-0.05,-0.37
2017-11-20,panzhihua,攀枝花,Panzhihua,0.09,13.2,17.24,10.06,2.6635577842834333,0.85,9643522.0,10790320.0,2641.039,101.75,26.55,2017,852.33,9.57,-0.29,-0.75
2017-11-21,panzhihua,攀枝花,Panzhihua,0.13,16.92,23.2,10.09,3.5607566201244243,0.77,11364520.0,12713252.0,2611.1719,101.75,26.55,2017,850.52,10.7,0.28,-0.22
2017-11-22,panzhihua,攀枝花,Panzhihua,0.56,11.54,15.84,7.65,2.7751505661647005,1.19,10190484.0,11397716.0,2591.4922,101.75,26.55,2017,853.04,6.87,-0.65,-0.97
2017-11-23,panzhihua,攀枝花,Panzhihua,1.59,8.33,9.09,7.15,0.9687634197035369,1.16,2829668.0,3163976.0,2576.8438,101.75,26.55,2017,856.1,4.28,-0.5,-1.04
2017-11-24,panzhihua,攀枝花,Panzhihua,0.5,8.34,8.88,6.98,0.8780869729359099,0.8,2987900.0,3340104.0,2564.1875,101.75,26.55,2017,857.01,4.99,-0.32,-0.71
2017-11-25,panzhihua,攀枝花,Panzhihua,1.34,11.69,14.12,8.87,1.1439581274767516,0.5,3828370.0,4279132.0,2553.8047,101.75,26.55,2017,857.24,7.58,-0.14,-0.33
2017-11-26,panzhihua,攀枝花,Panzhihua,0.08,12.38,16.38,8.86,1.9870909403187769,0.51,7233250.0,8083216.0,2539.5625,101.75,26.55,2017,855.13,8.84,0.06,-0.38
2017-11-27,panzhihua,攀枝花,Panzhihua,0.05,13.18,18.04,8.69,2.8109861463790504,0.67,10088026.0,11271084.0,2524.2969,101.75,26.55,2017,851.36,8.74,0.12,-0.3
2017-11-28,panzhihua,攀枝花,Panzhihua,0.41,13.69,18.89,8.45,3.409351335791985,0.9,11543668.0,12894936.0,2507.25,101.75,26.55,2017,853.38,6.76,0.62,-0.27
2017-11-29,panzhihua,攀枝花,Panzhihua,0.02,13.08,18.27,8.06,3.2636530874381964,0.62,11712788.0,13080692.0,2488.4219,101.75,26.55,2017,854.67,7.51,0.04,-0.37
2017-11-30,panzhihua,攀枝花,Panzhihua,0.5,11.85,16.14,7.29,2.583281629210396,0.77,9678626.0,10806688.0,2473.9297,101.75,26.55,2017,855.23,8.01,-0.34,-0.62
2017-12-01,panzhihua,攀枝花,Panzhihua,0.03,12.61,17.81,6.93,2.992989383819658,0.64,10930962.0,12202680.0,2467.086,101.75,26.55,2017,854.65,7.79,-0.05,-0.48
2017-12-02,panzhihua,攀枝花,Panzhihua,0.02,12.8,18.22,7.97,3.2271461312898,0.65,11565554.0,12908440.0,2459.0469,101.75,26.55,2017,854.16,6.83,0.03,-0.35
2017-12-03,panzhihua,攀枝花,Panzhihua,0.0,12.52,17.74,6.97,3.4502003283358715,0.56,12574416.0,14031612.0,2439.1406,101.75,26.55,2017,854.89,6.28,0.04,-0.5
2017-12-04,panzhihua,攀枝花,Panzhihua,0.01,11.37,15.0,8.01,2.1293373598145395,0.59,7798990.0,8700288.0,2408.3906,101.75,26.55,2017,855.8,6.77,-0.13,-0.48
2017-12-05,panzhihua,攀枝花,Panzhihua,0.04,10.99,15.54,6.24,1.998711076730796,0.64,7472768.0,8334640.0,2373.586,101.75,26.55,2017,852.03,7.11,-0.08,-0.46
2017-12-06,panzhihua,攀枝花,Panzhihua,0.01,12.23,17.54,5.85,3.1156415902651737,0.56,11456802.0,12776716.0,2341.3281,101.75,26.55,2017,850.21,6.7,0.02,-0.37
2017-12-07,panzhihua,攀枝花,Panzhihua,0.12,13.39,18.7,8.89,3.1476420719169584,0.81,10973896.0,12235700.0,2312.1406,101.75,26.55,2017,854.0,7.55,-0.11,-0.69
2017-12-08,panzhihua,攀枝花,Panzhihua,0.21,9.64,11.39,7.59,0.8420855595295321,0.67,2718860.0,3030512.0,2283.375,101.75,26.55,2017,856.16,6.01,-0.23,-0.37
2017-12-09,panzhihua,攀枝花,Panzhihua,0.0,12.89,17.51,8.61,2.4972095708251767,0.42,8999638.0,10029368.0,2258.164,101.75,26.55,2017,853.82,8.06,-0.04,-0.16
2017-12-10,panzhihua,攀枝花,Panzhihua,0.0,14.31,20.18,8.49,3.6031180669464113,0.5,12753598.0,14210696.0,2237.8906,101.75,26.55,2017,852.29,8.93,0.04,-0.3
2017-12-11,panzhihua,攀枝花,Panzhihua,0.01,13.99,19.65,8.0,2.9599441404264413,0.51,10538902.0,11739592.0,2217.25,101.75,26.55,2017,850.32,9.56,-0.01,-0.33
2017-12-12,panzhihua,攀枝花,Panzhihua,0.01,15.55,21.39,9.61,3.321925940016633,0.83,10909452.0,12150364.0,2194.711,101.75,26.55,2017,848.18,9.49,0.52,-0.22
2017-12-13,panzhihua,攀枝花,Panzhihua,0.01,15.0,20.89,10.14,3.151858304513873,0.7,10529696.0,11724692.0,2171.6172,101.75,26.55,2017,849.47,8.91,0.11,-0.21
2017-12-14,panzhihua,攀枝花,Panzhihua,0.0,14.43,20.59,8.95,3.704991030932154,0.68,12726450.0,14168648.0,2149.3516,101.75,26.55,2017,850.84,7.61,0.29,-0.42
2017-12-15,panzhihua,攀枝花,Panzhihua,0.01,13.63,19.69,6.73,3.5801492653387523,0.94,12298506.0,13689592.0,2128.4297,101.75,26.55,2017,854.38,6.79,-0.14,-0.71
2017-12-16,panzhihua,攀枝花,Panzhihua,0.08,8.36,9.36,6.71,0.9891299343010704,0.85,2701954.0,3007192.0,2109.3516,101.75,26.55,2017,860.61,2.43,-0.25,-0.74
2017-12-17,panzhihua,攀枝花,Panzhihua,0.02,9.37,12.99,6.38,1.2389377416279128,0.61,4400152.0,4897480.0,2091.75,101.75,26.55,2017,858.08,4.94,-0.18,-0.44
2017-12-18,panzhihua,攀枝花,Panzhihua,0.17,8.68,10.41,7.01,0.9459550403192768,0.89,2694310.0,2998804.0,2074.3438,101.75,26.55,2017,861.28,3.78,-0.39,-0.77
2017-12-19,panzhihua,攀枝花,Panzhihua,0.0,9.65,12.37,6.18,2.094792508750114,0.51,7601092.0,8461604.0,2056.961,101.75,26.55,2017,863.7,1.67,0.01,-0.25
2017-12-20,panzhihua,攀枝花,Panzhihua,0.0,9.9,14.37,4.84,3.343655524386562,0.5,12543634.0,13962980.0,2040.5312,101.75,26.55,2017,863.36,-1.13,0.11,-0.34
2017-12-21,panzhihua,攀枝花,Panzhihua,0.0,9.63,14.38,4.33,3.5235309068713216,0.57,13315538.0,14821884.0,2020.7969,101.75,26.55,2017,857.03,-1.5,0.21,-0.38
2017-12-22,panzhihua,攀枝花,Panzhihua,0.0,10.98,16.65,5.55,3.6729824754612825,0.64,13522070.0,15051560.0,1998.75,101.75,26.55,2017,851.77,1.59,0.04,-0.39
2017-12-23,panzhihua,攀枝花,Panzhihua,0.0,12.66,18.09,6.82,3.5206306621915835,0.81,12234452.0,13618452.0,1976.5,101.75,26.55,2017,853.46,4.57,-0.18,-0.63
2017-12-24,panzhihua,攀枝花,Panzhihua,0.0,9.66,14.14,3.94,1.8830642264657824,0.68,6668480.0,7422760.0,1955.9688,101.75,26.55,2017,857.43,3.13,-0.05,-0.49
2017-12-25,panzhihua,攀枝花,Panzhihua,0.0,11.17,16.98,4.19,3.572077749052478,0.42,13553130.0,15086144.0,1937.7031,101.75,26.55,2017,854.51,3.89,0.02,-0.25
2017-12-26,panzhihua,攀枝花,Panzhihua,0.08,14.08,19.63,6.79,3.9155016851473614,0.39,13658942.0,15204000.0,1921.2656,101.75,26.55,2017,854.4,5.18,0.07,-0.23
2017-12-27,panzhihua,攀枝花,Panzhihua,0.38,12.89,18.39,8.24,2.9740216653539515,0.87,10588950.0,11786012.0,1905.9062,101.75,26.55,2017,854.49,7.7,0.59,-0.51
2017-12-28,panzhihua,攀枝花,Panzhihua,0.0,12.84,18.4,7.66,3.5575135317581417,0.62,12777636.0,14222984.0,1893.3281,101.75,26.55,2017,855.12,6.05,0.34,-0.36
2017-12-29,panzhihua,攀枝花,Panzhihua,0.0,13.15,18.9,7.79,3.719121223892272,0.74,13036698.0,14511688.0,1883.0,101.75,26.55,2017,855.74,5.52,0.13,-0.45
2017-12-30,panzhihua,攀枝花,Panzhihua,0.02,8.73,12.07,5.47,1.9863833963134487,1.14,6786110.0,7553196.0,1869.1875,101.75,26.55,2017,858.6,2.13,-0.65,-0.89
2017-12-31,panzhihua,攀枝花,Panzhihua,0.01,10.35,15.48,5.46,2.608142624442769,0.65,9967218.0,11093644.0,1854.9531,101.75,26.55,2017,853.06,5.07,-0.12,-0.46
2018-01-01,panzhihua,攀枝花,Panzhihua,0.03,13.78,19.05,7.26,2.7459230057017834,0.64,9435264.0,10502072.0,1841.8125,101.75,26.55,2018,850.87,8.1,-0.15,-0.34
2018-01-02,panzhihua,攀枝花,Panzhihua,0.9,15.34,19.26,11.28,2.292218678991248,0.67,7232268.0,8051020.0,1828.4688,101.75,26.55,2018,850.86,9.51,0.13,-0.22
2018-01-03,panzhihua,攀枝花,Panzhihua,7.92,11.3,13.53,7.45,0.904249756492498,0.82,3233534.0,3599152.0,1819.7812,101.75,26.55,2018,850.17,9.42,0.52,-0.58
2018-01-04,panzhihua,攀枝花,Panzhihua,0.27,11.97,16.83,7.22,3.066537330514775,0.8,11041474.0,12290548.0,1834.9531,101.75,26.55,2018,851.4,5.7,0.29,-0.01
2018-01-05,panzhihua,攀枝花,Panzhihua,0.0,12.95,18.59,6.66,4.015800883620304,0.92,13678682.0,15226352.0,1883.0781,101.75,26.55,2018,848.62,3.33,0.75,-0.11
2018-01-06,panzhihua,攀枝花,Panzhihua,0.0,13.38,18.95,6.95,4.268062784155879,1.21,13828016.0,15392612.0,1921.0625,101.75,26.55,2018,847.49,2.67,0.88,0.16
2018-01-07,panzhihua,攀枝花,Panzhihua,0.0,13.68,18.94,7.71,4.381462486411886,1.32,13411018.0,14928584.0,1934.0156,101.75,26.55,2018,847.81,1.06,0.95,0.23
2018-01-08,panzhihua,攀枝花,Panzhihua,0.0,10.73,17.6,2.17,3.606737481773784,1.15,12584782.0,14008960.0,1921.6094,101.75,26.55,2018,851.37,0.93,-0.08,-0.58
2018-01-09,panzhihua,攀枝花,Panzhihua,0.0,8.0,13.39,1.47,3.262619348368681,1.08,12884632.0,14342960.0,1897.6562,101.75,26.55,2018,854.15,-0.3,-0.37,-0.95
2018-01-10,panzhihua,攀枝花,Panzhihua,0.4,5.89,7.37,3.4,1.277038526610307,1.02,4332186.0,4822440.0,1868.5,101.75,26.55,2018,857.87,-0.1,-0.26,-0.97
2018-01-11,panzhihua,攀枝花,Panzhihua,0.77,6.88,8.59,4.11,1.2665088509054598,0.64,4746206.0,5283712.0,1836.625,101.75,26.55,2018,858.5,1.56,-0.11,-0.47
2018-01-12,panzhihua,攀枝花,Panzhihua,1.11,8.46,10.99,5.81,1.2469548357141975,0.79,4329302.0,4819264.0,1809.3906,101.75,26.55,2018,854.52,3.75,0.46,-0.48
2018-01-13,panzhihua,攀枝花,Panzhihua,1.5,8.98,10.68,7.27,0.9003476263157146,0.74,3159976.0,3517548.0,1792.0781,101.75,26.55,2018,852.87,5.93,-0.12,-0.44
2018-01-14,panzhihua,攀枝花,Panzhihua,0.23,9.23,12.42,6.06,1.0546989208638682,0.58,4003604.0,4456524.0,1783.0938,101.75,26.55,2018,852.58,6.48,-0.04,-0.35
2018-01-15,panzhihua,攀枝花,Panzhihua,0.02,11.31,16.55,5.92,2.6807829530848166,0.73,9753554.0,10856908.0,1776.1406,101.75,26.55,2018,848.64,5.34,0.06,-0.48
2018-01-16,panzhihua,攀枝花,Panzhihua,0.0,9.72,14.59,3.17,2.360353020365249,0.71,9048550.0,10073960.0,1764.0469,101.75,26.55,2018,851.69,4.49,-0.42,-0.42
2018-01-17,panzhihua,攀枝花,Panzhihua,0.0,11.12,17.5,2.72,3.817730141749147,0.57,14544418.0,16195076.0,1747.4375,101.75,26.55,2018,850.16,4.13,-0.09,-0.21
2018-01-18,panzhihua,攀枝花,Panzhihua,0.0,13.11,19.22,6.32,3.9818939083147,0.65,14055528.0,15652928.0,1729.4375,101.75,26.55,2018,850.72,4.75,0.13,-0.28
2018-01-19,panzhihua,攀枝花,Panzhihua,0.0,11.94,16.97,6.97,2.8164111546512487,0.69,9971820.0,11106460.0,1710.4531,101.75,26.55,2018,851.88,5.15,-0.27,-0.3
2018-01-20,panzhihua,攀枝花,Panzhihua,0.0,13.53,19.47,6.67,3.8320310278252734,0.69,13171786.0,14673136.0,1689.2969,101.75,26.55,2018,849.16,4.84,0.13,-0.17
2018-01-21,panzhihua,攀枝花,Panzhihua,0.0,13.23,18.63,7.81,3.819542878350093,0.51,13364644.0,14889696.0,1667.25,101.75,26.55,2018,851.52,3.85,-0.09,-0.13
2018-01-22,panzhihua,攀枝花,Panzhihua,0.0,13.61,19.67,7.6,4.391254182350695,0.54,15369774.0,17125932.0,1645.4688,101.75,26.55,2018,849.98,3.88,0.13,-0.22
2018-01-23,panzhihua,攀枝花,Panzhihua,0.0,13.99,20.14,7.81,4.567168704439742,0.71,15480274.0,17251452.0,1624.2344,101.75,26.55,2018,847.09,3.13,0.36,-0.31
2018-01-24,panzhihua,攀枝花,Panzhihua,0.0,15.69,23.21,7.38,5.295389796704437,1.26,15731072.0,17533380.0,1603.1875,101.75,26.55,2018,844.29,1.09,1.14,0.05
2018-01-25,panzhihua,攀枝花,Panzhihua,0.0,15.66,21.59,9.16,5.3275022440976585,1.24,15573482.0,17360360.0,1582.5938,101.75,26.55,2018,846.75,-0.46,0.82,0.31
2018-01-26,panzhihua,攀枝花,Panzhihua,0.0,15.49,21.48,9.12,5.5076324736929045,1.6,15450710.0,17225780.0,1564.0156,101.75,26.55,2018,846.67,-0.99,1.13,0.8
2018-01-27,panzhihua,攀枝花,Panzhihua,0.0,15.12,20.21,8.82,5.553718742651284,1.54,15522720.0,17308280.0,1548.375,101.75,26.55,2018,846.67,-3.39,0.99,0.65
2018-01-28,panzhihua,攀枝花,Panzhihua,0.0,13.47,19.42,3.25,4.900809052493783,1.25,14714376.0,16409408.0,1534.9375,101.75,26.55,2018,848.33,-4.1,0.36,-0.09
2018-01-29,panzhihua,攀枝花,Panzhihua,0.0,8.93,14.51,2.0,3.558734532900525,1.0,13486824.0,15042784.0,1522.1719,101.75,26.55,2018,849.49,-0.76,-0.37,-0.89
2018-01-30,panzhihua,攀枝花,Panzhihua,0.03,12.28,19.35,4.33,4.379987874357338,1.15,14729704.0,16431280.0,1508.7812,101.75,26.55,2018,847.41,0.77,-0.48,-0.75
2018-01-31,panzhihua,攀枝花,Panzhihua,0.54,4.93,7.19,2.11,1.5191466615656026,1.01,5278106.0,5979032.0,1495.8906,101.75,26.55,2018,856.03,-2.77,-0.05,-0.96
2018-02-01,panzhihua,攀枝花,Panzhihua,2.11,9.41,15.83,1.94,3.6403548949384574,1.07,13660594.0,15431772.0,1483.8125,101.75,26.55,2018,850.38,0.77,-0.37,-0.62
2018-02-02,panzhihua,攀枝花,Panzhihua,3.35,2.12,3.35,0.95,0.9839875671358558,1.16,3104558.0,4052470.0,1475.0,101.75,26.55,2018,858.67,-3.16,-0.12,-1.15
2018-02-03,panzhihua,攀枝花,Panzhihua,0.28,4.71,7.25,1.24,1.340735152940096,0.91,4593714.0,6108248.0,1470.5781,101.75,26.55,2018,854.27,-0.08,0.11,-0.83
2018-02-04,panzhihua,攀枝花,Panzhihua,3.34,3.23,4.8,0.39,0.8805502799233981,1.41,2922026.0,3623458.0,1469.0,101.75,26.55,2018,855.04,-0.42,-0.67,-1.22
2018-02-05,panzhihua,攀枝花,Panzhihua,0.27,3.88,6.53,0.28,1.573600243453119,1.03,5841610.0,7463440.0,1471.5312,101.75,26.55,2018,857.41,-1.59,-0.01,-1.02
2018-02-06,panzhihua,攀枝花,Panzhihua,0.08,6.45,9.25,3.34,1.5292901767906395,0.78,5808228.0,7007490.0,1474.7969,101.75,26.55,2018,851.64,2.26,-0.05,-0.73
2018-02-07,panzhihua,攀枝花,Panzhihua,0.44,6.07,8.56,4.16,1.0765546885515709,1.14,3762944.0,4365670.0,1469.7344,101.75,26.55,2018,851.11,2.26,-0.48,-0.97
2018-02-08,panzhihua,攀枝花,Panzhihua,0.04,7.95,12.85,3.98,2.2304084121946337,0.81,9242616.0,10489254.0,1464.6406,101.75,26.55,2018,846.53,4.28,-0.34,-0.35
2018-02-09,panzhihua,攀枝花,Panzhihua,0.0,14.77,21.67,5.7,5.314550928988387,1.68,16024664.0,17991594.0,1462.0469,101.75,26.55,2018,847.14,2.15,1.07,0.99
2018-02-10,panzhihua,攀枝花,Panzhihua,0.07,15.06,20.46,8.83,4.746763320002019,1.14,14218998.0,15903036.0,1459.5,101.75,26.55,2018,851.32,1.17,0.66,0.3
2018-02-11,panzhihua,攀枝花,Panzhihua,0.0,14.63,20.95,7.4,4.990579985853959,0.75,16587866.0,18539192.0,1457.3438,101.75,26.55,2018,854.14,2.89,-0.04,-0.23
2018-02-12,panzhihua,攀枝花,Panzhihua,0.0,14.9,21.73,7.81,5.226979654438097,0.67,17440380.0,19490812.0,1449.3906,101.75,26.55,2018,854.78,2.77,-0.1,-0.38
2018-02-13,panzhihua,攀枝花,Panzhihua,0.0,18.1,24.98,8.65,6.11330092794826,0.95,17805624.0,19900902.0,1436.7812,101.75,26.55,2018,851.26,0.87,0.7,0.35
2018-02-14,panzhihua,攀枝花,Panzhihua,0.0,18.95,26.18,11.59,6.692378441316303,1.84,17298246.0,19336342.0,1425.3125,101.75,26.55,2018,850.29,1.93,1.09,1.06
2018-02-15,panzhihua,攀枝花,Panzhihua,0.02,17.09,22.84,8.64,6.135129585470498,1.57,16387740.0,18320764.0,1418.875,101.75,26.55,2018,852.05,-2.13,0.86,1.01
2018-02-16,panzhihua,攀枝花,Panzhihua,0.0,15.43,22.66,7.46,5.826137739538248,0.65,18779932.0,21001420.0,1417.125,101.75,26.55,2018,852.35,-2.44,0.12,-0.08
2018-02-17,panzhihua,攀枝花,Panzhihua,0.0,18.55,25.8,8.35,7.127283336079928,1.43,18862028.0,21099142.0,1416.5312,101.75,26.55,2018,848.2,-5.51,0.94,0.67
2018-02-18,panzhihua,攀枝花,Panzhihua,0.0,18.62,25.33,11.1,6.9387309818822684,1.44,18708604.0,20933400.0,1412.4688,101.75,26.55,2018,849.61,-1.66,0.96,0.71
2018-02-19,panzhihua,攀枝花,Panzhihua,0.0,18.85,25.36,11.3,6.948651885008697,1.55,18562328.0,20775468.0,1403.2188,101.75,26.55,2018,849.22,-0.15,1.11,0.62
2018-02-20,panzhihua,攀枝花,Panzhihua,0.0,19.18,25.34,11.43,6.81374673434762,1.13,18805570.0,21053658.0,1391.375,101.75,26.55,2018,848.72,-1.08,0.61,0.33
2018-02-21,panzhihua,攀枝花,Panzhihua,0.0,19.11,25.47,12.68,7.05309329140978,1.53,18441550.0,20651948.0,1378.9375,101.75,26.55,2018,847.22,-1.78,1.04,0.66
2018-02-22,panzhihua,攀枝花,Panzhihua,0.01,15.78,21.87,8.16,5.481053502740503,1.07,16927920.0,18962148.0,1365.7812,101.75,26.55,2018,849.79,2.02,-0.71,-0.6
2018-02-23,panzhihua,攀枝花,Panzhihua,0.0,17.77,24.49,7.59,6.6122410628491926,1.47,18350008.0,20560864.0,1350.5938,101.75,26.55,2018,849.19,-0.25,0.6,0.88
2018-02-24,panzhihua,攀枝花,Panzhihua,0.01,17.61,23.38,10.49,5.938758652099254,0.93,17683190.0,19819470.0,1334.5625,101.75,26.55,2018,852.48,2.09,0.54,0.43
2018-02-25,panzhihua,攀枝花,Panzhihua,0.0,17.39,23.14,9.85,6.038892093678802,0.5,19146666.0,21465628.0,1319.625,101.75,26.55,2018,852.03,1.99,0.2,-0.03
2018-02-26,panzhihua,攀枝花,Panzhihua,0.03,19.74,25.22,10.9,6.871339525826559,1.46,18124892.0,20325880.0,1305.5625,101.75,26.55,2018,849.03,1.55,0.74,1.01
2018-02-27,panzhihua,攀枝花,Panzhihua,0.0,18.69,24.18,10.96,6.512303886801897,1.26,17997928.0,20188942.0,1292.6562,101.75,26.55,2018,848.5,0.92,0.59,0.66
2018-02-28,panzhihua,攀枝花,Panzhihua,0.0,20.05,26.83,10.18,7.021444842842258,0.84,19998036.0,22438878.0,1280.0312,101.75,26.55,2018,847.94,0.51,0.68,0.01
2018-03-01,panzhihua,攀枝花,Panzhihua,0.0,20.7,27.05,13.31,7.391453821653597,1.2,19949872.0,22391118.0,1266.9062,101.75,26.55,2018,845.9,1.34,0.72,0.42
2018-03-02,panzhihua,攀枝花,Panzhihua,0.0,20.81,26.76,13.19,7.200417934656824,1.42,18646852.0,20934398.0,1254.125,101.75,26.55,2018,845.36,1.84,0.7,0.88
2018-03-03,panzhihua,攀枝花,Panzhihua,0.0,19.24,26.13,12.88,7.349484656854924,1.99,19146252.0,21501228.0,1242.25,101.75,26.55,2018,844.37,1.89,1.37,1.16
2018-03-04,panzhihua,攀枝花,Panzhihua,0.0,19.82,26.64,12.15,7.306786731426505,1.52,20018520.0,22487048.0,1232.0938,101.75,26.55,2018,847.12,3.65,0.96,0.75
2018-03-05,panzhihua,攀枝花,Panzhihua,0.0,20.89,27.14,12.68,7.475748678259097,1.5,19327738.0,21717538.0,1224.5,101.75,26.55,2018,848.82,1.78,0.96,0.78
2018-03-06,panzhihua,攀枝花,Panzhihua,0.0,19.81,26.6,12.87,6.788472630097353,1.7,17286136.0,19428588.0,1218.875,101.75,26.55,2018,849.51,2.39,0.98,1.07
2018-03-07,panzhihua,攀枝花,Panzhihua,0.07,16.51,24.83,9.11,6.268168463602665,1.75,18328104.0,20605632.0,1214.1875,101.75,26.55,2018,853.08,2.67,-0.41,0.35
2018-03-08,panzhihua,攀枝花,Panzhihua,0.0,14.46,19.95,8.8,5.451328573541603,0.72,18076088.0,20328188.0,1211.75,101.75,26.55,2018,856.96,0.56,-0.18,-0.59
2018-03-09,panzhihua,攀枝花,Panzhihua,0.05,17.11,22.16,8.46,5.975401056198431,1.02,17905372.0,20141736.0,1213.7812,101.75,26.55,2018,853.67,2.12,0.62,-0.52
2018-03-10,panzhihua,攀枝花,Panzhihua,0.03,18.53,24.6,11.5,6.405501300026429,1.31,18571958.0,20897396.0,1216.875,101.75,26.55,2018,850.38,5.25,1.14,0.13
2018-03-11,panzhihua,攀枝花,Panzhihua,0.01,18.83,25.12,10.87,6.706483948214824,0.88,19660772.0,22128920.0,1219.2812,101.75,26.55,2018,850.71,1.77,0.28,0.28
2018-03-12,panzhihua,攀枝花,Panzhihua,0.01,19.46,25.26,10.7,7.321834919958237,1.19,20373738.0,22937788.0,1224.1875,101.75,26.55,2018,849.06,0.14,0.57,0.78
2018-03-13,panzhihua,攀枝花,Panzhihua,0.0,19.33,25.19,11.86,7.335558343509233,0.99,21004420.0,23654404.0,1235.9688,101.75,26.55,2018,848.09,-0.13,0.52,0.27
2018-03-14,panzhihua,攀枝花,Panzhihua,0.11,19.34,25.08,11.24,7.0380625183941605,0.84,20565608.0,23166744.0,1253.9375,101.75,26.55,2018,849.06,1.62,-0.26,-0.1
2018-03-15,panzhihua,攀枝花,Panzhihua,0.01,19.9,25.45,12.47,7.2453252279172675,0.71,21362148.0,24070812.0,1270.0312,101.75,26.55,2018,848.7,2.51,0.09,-0.23
2018-03-16,panzhihua,攀枝花,Panzhihua,0.57,20.04,26.18,13.64,6.749360964942912,1.35,18660266.0,21030144.0,1277.3125,101.75,26.55,2018,847.36,5.81,1.16,0.35
2018-03-17,panzhihua,攀枝花,Panzhihua,0.16,20.01,26.6,13.56,6.862446707187095,1.54,18725448.0,21106680.0,1272.5938,101.75,26.55,2018,848.01,5.87,1.16,0.66
2018-03-18,panzhihua,攀枝花,Panzhihua,0.08,19.41,25.93,12.07,7.3816765368950525,1.62,20200004.0,22772538.0,1257.9062,101.75,26.55,2018,848.62,3.0,0.93,1.12
2018-03-19,panzhihua,攀枝花,Panzhihua,0.03,18.05,23.93,11.37,6.838474539318986,0.65,21086248.0,23775684.0,1239.7188,101.75,26.55,2018,851.26,1.39,-0.21,-0.05
2018-03-20,panzhihua,攀枝花,Panzhihua,0.01,20.85,27.3,11.08,7.852394532891005,0.87,22135480.0,24962684.0,1221.875,101.75,26.55,2018,850.12,0.22,0.32,-0.5
2018-03-21,panzhihua,攀枝花,Panzhihua,0.07,19.13,25.3,12.15,7.126026034955562,1.12,20616856.0,23254404.0,1206.5,101.75,26.55,2018,850.49,3.24,-0.61,-0.66
2018-03-22,panzhihua,攀枝花,Panzhihua,0.03,19.84,25.27,11.76,6.720875958047918,0.76,19844380.0,22386092.0,1194.5625,101.75,26.55,2018,849.03,5.47,0.14,-0.63
2018-03-23,panzhihua,攀枝花,Panzhihua,0.04,21.56,28.47,13.28,7.722320984891954,1.61,19619504.0,22136526.0,1185.875,101.75,26.55,2018,848.14,3.2,1.12,0.8
2018-03-24,panzhihua,攀枝花,Panzhihua,0.05,21.93,27.8,13.85,8.094919804832706,1.31,21433818.0,24187418.0,1183.0,101.75,26.55,2018,850.21,3.16,0.49,0.16
2018-03-25,panzhihua,攀枝花,Panzhihua,0.01,21.73,27.09,14.73,7.727304052502732,0.82,21761820.0,24562070.0,1186.5938,101.75,26.55,2018,852.82,4.14,-0.21,-0.61
2018-03-26,panzhihua,攀枝花,Panzhihua,0.54,20.22,25.91,13.7,6.7032055519448885,0.98,19217048.0,21693652.0,1194.5938,101.75,26.55,2018,852.31,6.33,-0.31,-0.79
2018-03-27,panzhihua,攀枝花,Panzhihua,5.57,16.32,21.66,12.8,3.377566166919207,0.74,10852678.0,12252878.0,1205.0938,101.75,26.55,2018,852.19,10.38,-0.35,-0.14
2018-03-28,panzhihua,攀枝花,Panzhihua,0.29,17.43,22.07,10.6,5.390896216369039,0.72,16883296.0,19065340.0,1224.0938,101.75,26.55,2018,851.03,6.79,-0.11,0.31
2018-03-29,panzhihua,攀枝花,Panzhihua,0.01,20.62,26.38,10.73,7.339731527096621,0.83,21295514.0,24051356.0,1263.0625,101.75,26.55,2018,849.74,5.4,0.48,-0.12
2018-03-30,panzhihua,攀枝花,Panzhihua,0.03,22.43,27.9,14.74,7.976494384865985,1.05,21658214.0,24465326.0,1303.5312,101.75,26.55,2018,849.86,4.95,0.81,0.29
2018-03-31,panzhihua,攀枝花,Panzhihua,0.0,22.68,28.63,14.97,8.077752220499868,0.96,21742752.0,24564606.0,1332.4375,101.75,26.55,2018,850.43,2.75,0.51,0.07
2018-04-01,panzhihua,攀枝花,Panzhihua,0.0,22.42,28.47,14.73,7.955705871885698,0.78,21977296.0,24833968.0,1357.8125,101.75,26.55,2018,850.62,2.36,0.0,-0.42
2018-04-02,panzhihua,攀枝花,Panzhihua,0.0,23.04,29.56,14.37,8.623884666125415,1.06,22702906.0,25657908.0,1389.25,101.75,26.55,2018,849.78,0.36,-0.08,0.57
2018-04-03,panzhihua,攀枝花,Panzhihua,0.0,24.64,30.57,14.68,8.938568080159543,0.95,22925630.0,25913784.0,1415.7188,101.75,26.55,2018,848.58,-1.37,0.41,0.42
2018-04-04,panzhihua,攀枝花,Panzhihua,0.02,24.1,30.03,16.96,9.087922185173506,1.72,21997894.0,24868802.0,1420.9688,101.75,26.55,2018,846.29,3.45,1.16,0.96
2018-04-05,panzhihua,攀枝花,Panzhihua,1.51,21.88,28.68,13.07,7.974009922668557,1.64,20519856.0,23202176.0,1405.3125,101.75,26.55,2018,847.94,4.7,0.46,-0.23
2018-04-06,panzhihua,攀枝花,Panzhihua,9.37,12.27,14.86,9.11,2.137307109885613,1.12,7025928.0,7945318.0,1384.4375,101.75,26.55,2018,860.67,7.4,-0.51,-0.92
2018-04-07,panzhihua,攀枝花,Panzhihua,0.19,13.55,16.04,9.07,3.116104104249987,0.59,10158078.0,11489258.0,1372.0938,101.75,26.55,2018,859.52,3.95,-0.0,-0.09
2018-04-08,panzhihua,攀枝花,Panzhihua,0.0,18.35,23.16,11.53,6.029839082542827,0.66,18430470.0,20850490.0,1381.5625,101.75,26.55,2018,853.78,5.16,0.05,-0.11
2018-04-09,panzhihua,攀枝花,Panzhihua,0.01,22.02,27.34,13.57,6.829763378551589,1.18,18366288.0,20780860.0,1396.75,101.75,26.55,2018,848.64,8.22,0.84,0.3
2018-04-10,panzhihua,攀枝花,Panzhihua,0.0,23.25,28.6,15.83,6.9720705259137095,1.29,17503158.0,19806980.0,1412.3125,101.75,26.55,2018,847.11,7.24,0.78,0.51
2018-04-11,panzhihua,攀枝花,Panzhihua,0.0,23.8,30.11,16.86,8.723102855847728,1.9,21634522.0,24486962.0,1426.5625,101.75,26.55,2018,845.29,7.5,1.25,1.06
2018-04-12,panzhihua,攀枝花,Panzhihua,0.0,24.31,30.79,17.42,8.681901963042671,2.02,20351874.0,23039546.0,1439.875,101.75,26.55,2018,845.02,6.43,1.13,1.35
2018-04-13,panzhihua,攀枝花,Panzhihua,0.0,24.97,31.02,17.78,9.1568576747391,2.01,21082258.0,23869614.0,1450.0938,101.75,26.55,2018,847.09,5.32,1.09,1.33
2018-04-14,panzhihua,攀枝花,Panzhihua,0.13,24.1,29.9,13.76,8.76401269853055,1.51,21710476.0,24585288.0,1457.5938,101.75,26.55,2018,848.37,4.54,0.78,0.37
2018-04-15,panzhihua,攀枝花,Panzhihua,5.84,18.89,25.59,13.15,5.835834378320444,1.22,17195518.0,19475890.0,1471.625,101.75,26.55,2018,851.29,8.71,-0.89,-0.66
2018-04-16,panzhihua,攀枝花,Panzhihua,0.16,20.54,25.6,12.85,7.237897337211603,0.59,21304162.0,24124444.0,1503.7188,101.75,26.55,2018,853.61,3.93,0.04,-0.2
2018-04-17,panzhihua,攀枝花,Panzhihua,0.77,22.0,27.73,15.8,7.585503764679204,0.98,21421258.0,24252796.0,1566.5312,101.75,26.55,2018,852.32,8.57,0.79,0.16
2018-04-18,panzhihua,攀枝花,Panzhihua,2.93,21.51,28.63,15.43,7.051811750342552,1.12,20237526.0,22908600.0,1654.75,101.75,26.55,2018,849.14,10.72,0.71,-0.12
2018-04-19,panzhihua,攀枝花,Panzhihua,0.66,20.5,26.32,15.27,5.92805876495868,1.08,17313276.0,19595232.0,1752.5938,101.75,26.55,2018,845.93,11.38,0.95,-0.13
2018-04-20,panzhihua,攀枝花,Panzhihua,0.0,22.72,29.19,15.57,7.048523489762032,1.17,18666626.0,21122530.0,1840.6562,101.75,26.55,2018,846.16,8.29,0.59,-0.28
2018-04-21,panzhihua,攀枝花,Panzhihua,0.01,24.39,30.63,17.52,8.201764600187369,1.64,20230016.0,22888256.0,1904.7188,101.75,26.55,2018,845.34,8.42,1.2,0.62
2018-04-22,panzhihua,攀枝花,Panzhihua,0.0,25.92,31.21,18.49,7.9729090792362785,1.43,18553684.0,20986918.0,1945.4688,101.75,26.55,2018,845.6,6.93,0.73,0.64
2018-04-23,panzhihua,攀枝花,Panzhihua,0.0,26.84,32.26,19.16,9.202775454270284,1.17,22476128.0,25419800.0,1974.8438,101.75,26.55,2018,846.68,5.4,0.34,0.07
2018-04-24,panzhihua,攀枝花,Panzhihua,0.0,27.24,32.38,19.44,8.83271293110187,0.87,22029854.0,24910186.0,2010.25,101.75,26.55,2018,847.16,4.39,0.53,-0.16
2018-04-25,panzhihua,攀枝花,Panzhihua,0.0,26.43,33.65,16.46,10.463906900562572,1.65,24681232.0,27903286.0,2065.4375,101.75,26.55,2018,846.46,2.2,0.37,0.51
2018-04-26,panzhihua,攀枝花,Panzhihua,7.66,21.75,28.45,15.24,7.929984993309611,1.2,22610546.0,25558090.0,2160.0938,101.75,26.55,2018,851.13,9.29,-0.38,-0.91
2018-04-27,panzhihua,攀枝花,Panzhihua,7.42,18.61,24.29,15.09,4.396920434676432,0.73,13925914.0,15737630.0,2317.9688,101.75,26.55,2018,853.93,13.06,0.17,-0.48
2018-04-28,panzhihua,攀枝花,Panzhihua,1.91,20.58,26.14,14.93,5.871943935178133,0.54,18138322.0,20495994.0,2544.1562,101.75,26.55,2018,850.86,13.73,0.29,-0.05
2018-04-29,panzhihua,攀枝花,Panzhihua,2.38,21.55,27.22,15.65,6.823357116380332,0.8,20186686.0,22805976.0,2808.7812,101.75,26.55,2018,849.35,11.97,0.11,-0.34
2018-04-30,panzhihua,攀枝花,Panzhihua,2.36,21.17,27.09,15.54,6.561207996743868,0.77,19930174.0,22512524.0,3047.6875,101.75,26.55,2018,849.3,13.58,0.28,-0.18
2018-05-01,panzhihua,攀枝花,Panzhihua,0.05,24.54,29.16,16.79,8.033176919045689,0.91,21736302.0,24547908.0,3211.8438,101.75,26.55,2018,850.17,10.1,0.5,-0.23
2018-05-02,panzhihua,攀枝花,Panzhihua,6.21,20.98,24.98,16.56,4.453544549180789,0.82,12944886.0,14616644.0,3310.0,101.75,26.55,2018,854.03,13.84,-0.49,-0.54
2018-05-03,panzhihua,攀枝花,Panzhihua,10.9,17.86,20.78,16.01,2.8327712793519173,0.46,9340766.0,10544724.0,3383.9375,101.75,26.55,2018,853.87,15.17,-0.22,-0.29
2018-05-04,panzhihua,攀枝花,Panzhihua,0.74,22.55,27.99,16.52,6.669287771880184,1.23,19013106.0,21460960.0,3443.4375,101.75,26.55,2018,848.58,13.87,1.11,0.0
2018-05-05,panzhihua,攀枝花,Panzhihua,0.53,22.51,28.56,16.97,7.609485998379397,1.75,20797158.0,23470542.0,3481.2188,101.75,26.55,2018,847.44,11.53,1.64,0.2
2018-05-06,panzhihua,攀枝花,Panzhihua,0.01,23.61,29.15,17.7,7.921611793084986,1.43,21021378.0,23719038.0,3502.5938,101.75,26.55,2018,846.65,10.37,1.1,0.34
2018-05-07,panzhihua,攀枝花,Panzhihua,0.02,24.63,29.86,19.03,8.880345827903945,1.21,23889184.0,26949776.0,3513.0312,101.75,26.55,2018,846.11,10.46,0.97,-0.26
2018-05-08,panzhihua,攀枝花,Panzhihua,0.05,25.36,30.18,19.52,8.50532050239128,1.28,22156154.0,24990854.0,3507.1562,101.75,26.55,2018,845.79,11.18,1.04,0.01
2018-05-09,panzhihua,攀枝花,Panzhihua,0.0,25.85,30.08,20.23,7.598238115043799,1.14,18944876.0,21364712.0,3498.5938,101.75,26.55,2018,848.36,9.87,0.75,-0.16
2018-05-10,panzhihua,攀枝花,Panzhihua,0.0,26.91,33.4,20.05,10.425068241964686,1.95,24393736.0,27504452.0,3508.7812,101.75,26.55,2018,847.11,7.06,1.37,0.86
2018-05-11,panzhihua,攀枝花,Panzhihua,0.0,27.51,33.67,20.44,10.645768020301636,1.52,25634440.0,28897688.0,3541.75,101.75,26.55,2018,846.96,5.92,1.12,0.62
2018-05-12,panzhihua,攀枝花,Panzhihua,0.91,24.96,31.3,18.75,8.445775802773435,0.93,22513580.0,25375604.0,3588.25,101.75,26.55,2018,850.42,8.46,-0.45,-0.13
2018-05-13,panzhihua,攀枝花,Panzhihua,4.52,18.97,23.05,13.34,4.613244001904564,0.71,14430786.0,16261908.0,3646.4375,101.75,26.55,2018,851.21,12.6,0.08,-0.07
2018-05-14,panzhihua,攀枝花,Panzhihua,0.1,23.79,29.76,15.46,8.181641660415996,1.65,20404254.0,22989068.0,3721.8438,101.75,26.55,2018,845.61,7.34,0.93,0.97
2018-05-15,panzhihua,攀枝花,Panzhihua,0.0,25.95,32.83,18.4,10.099668358677954,1.62,25341854.0,28546866.0,3796.5,101.75,26.55,2018,843.53,8.05,1.2,0.6
2018-05-16,panzhihua,攀枝花,Panzhihua,0.01,26.85,33.22,20.4,9.858510131544715,1.68,24013486.0,27069092.0,3829.1562,101.75,26.55,2018,843.95,9.52,1.39,0.43
2018-05-17,panzhihua,攀枝花,Panzhihua,0.0,27.24,33.29,21.29,9.968631400401913,1.49,24414552.0,27539676.0,3821.8438,101.75,26.55,2018,844.96,9.0,1.31,0.08
2018-05-18,panzhihua,攀枝花,Panzhihua,0.45,27.11,32.9,21.69,9.00576385919485,1.16,22803828.0,25740566.0,3808.9375,101.75,26.55,2018,844.93,11.15,1.04,0.08
2018-05-19,panzhihua,攀枝花,Panzhihua,0.02,27.8,32.98,21.8,9.67922928718752,1.42,23567562.0,26620190.0,3854.875,101.75,26.55,2018,845.15,10.39,1.24,0.1
2018-05-20,panzhihua,攀枝花,Panzhihua,0.09,28.67,34.58,22.51,9.90053610217518,1.34,23884464.0,26996328.0,4023.7812,101.75,26.55,2018,845.3,10.5,1.14,0.14
2018-05-21,panzhihua,攀枝花,Panzhihua,0.06,28.49,34.38,22.86,9.443341943048596,1.12,23472462.0,26548476.0,4303.0312,101.75,26.55,2018,846.48,11.8,0.88,0.03
2018-05-22,panzhihua,攀枝花,Panzhihua,7.72,26.32,33.98,19.92,8.167430411753386,1.16,21454526.0,24282756.0,4641.1562,101.75,26.55,2018,850.1,14.59,0.23,-0.73
2018-05-23,panzhihua,攀枝花,Panzhihua,0.66,25.06,29.48,20.14,6.2813274113451145,1.1,16743460.0,18963424.0,5049.625,101.75,26.55,2018,847.32,15.98,0.9,-0.21
2018-05-24,panzhihua,攀枝花,Panzhihua,0.04,26.59,32.36,21.57,7.895984722677682,1.93,18334960.0,20780800.0,5506.9688,101.75,26.55,2018,843.17,13.34,1.6,0.55
2018-05-25,panzhihua,攀枝花,Panzhihua,0.16,27.68,32.35,21.21,7.06025260905894,1.32,16354818.0,18548676.0,5990.1875,101.75,26.55,2018,843.83,13.38,0.8,-0.22
2018-05-26,panzhihua,攀枝花,Panzhihua,25.97,24.22,31.4,18.51,5.932840048561388,1.15,16372074.0,18580508.0,6539.5,101.75,26.55,2018,849.02,16.94,-0.07,-0.89
2018-05-27,panzhihua,攀枝花,Panzhihua,9.86,17.71,18.31,16.46,2.017420341397316,0.86,5543498.0,6295156.0,7119.8125,101.75,26.55,2018,853.61,12.41,-0.73,-0.27
2018-05-28,panzhihua,攀枝花,Panzhihua,7.9,18.84,21.41,16.61,2.4261891279113263,0.63,7225124.0,8211072.0,7712.7812,101.75,26.55,2018,850.62,14.22,-0.46,0.28
2018-05-29,panzhihua,攀枝花,Panzhihua,13.39,20.3,22.82,17.29,3.490723537418257,0.63,10879792.0,12371624.0,8233.530999999999,101.75,26.55,2018,849.65,17.13,0.33,-0.08
2018-05-30,panzhihua,攀枝花,Panzhihua,39.67,19.55,21.29,18.32,1.6853737923984438,0.54,5384692.0,6127468.0,8706.905999999999,101.75,26.55,2018,850.04,18.31,-0.01,-0.45
2018-05-31,panzhihua,攀枝花,Panzhihua,11.69,18.76,19.53,17.78,1.472517746052208,0.72,4533828.0,5163060.0,9189.4375,101.75,26.55,2018,851.23,16.81,-0.42,-0.5
2018-06-01,panzhihua,攀枝花,Panzhihua,10.83,22.78,26.67,18.0,5.62139190447322,0.57,16719892.0,19052644.0,9586.8125,101.75,26.55,2018,850.03,17.55,-0.04,-0.28
2018-06-02,panzhihua,攀枝花,Panzhihua,14.02,20.99,23.83,18.75,3.3176036913695213,0.77,10088366.0,11504448.0,9824.531,101.75,26.55,2018,850.58,17.79,-0.46,-0.46
2018-06-03,panzhihua,攀枝花,Panzhihua,24.48,20.74,24.44,17.96,3.908163279148556,0.62,12426086.0,14179128.0,10056.125,101.75,26.55,2018,848.4,18.82,-0.03,-0.28
2018-06-04,panzhihua,攀枝花,Panzhihua,11.02,18.71,19.6,16.55,1.7219224546986038,0.76,4982930.0,5689744.0,10276.9375,101.75,26.55,2018,852.77,15.38,-0.48,-0.2
2018-06-05,panzhihua,攀枝花,Panzhihua,0.01,21.27,25.38,16.53,5.886406134484882,0.52,17836334.0,20379036.0,10511.0,101.75,26.55,2018,852.07,14.92,0.21,0.33
2018-06-06,panzhihua,攀枝花,Panzhihua,0.0,24.7,30.01,18.85,9.111360111771518,0.5,26097922.0,29840172.0,10698.531,101.75,26.55,2018,848.98,14.63,0.3,-0.04
2018-06-07,panzhihua,攀枝花,Panzhihua,0.01,25.66,29.43,19.49,8.016991844073809,0.57,22167500.0,25363220.0,10594.375,101.75,26.55,2018,847.4,14.66,0.36,-0.21
2018-06-08,panzhihua,攀枝花,Panzhihua,21.15,23.73,28.56,19.97,6.5118762060627375,0.84,19128416.0,21900632.0,10206.906,101.75,26.55,2018,845.85,18.66,0.19,-0.36
2018-06-09,panzhihua,攀枝花,Panzhihua,4.88,20.98,22.5,19.79,2.3686483758619543,0.44,6921094.0,7929500.0,9785.8125,101.75,26.55,2018,846.98,16.89,-0.22,0.16
2018-06-10,panzhihua,攀枝花,Panzhihua,10.08,21.47,25.19,18.99,4.152777402981009,0.49,12705046.0,14567080.0,9454.0,101.75,26.55,2018,845.65,18.38,0.14,-0.36
2018-06-11,panzhihua,攀枝花,Panzhihua,16.11,21.4,24.92,19.61,3.614080870119688,0.43,11225690.0,12879344.0,9241.875,101.75,26.55,2018,843.48,19.72,0.02,-0.18
2018-06-12,panzhihua,攀枝花,Panzhihua,29.22,20.38,21.69,19.41,1.8476750044991168,0.75,5866664.0,6736144.0,9279.3125,101.75,26.55,2018,843.37,19.36,-0.61,-0.29
2018-06-13,panzhihua,攀枝花,Panzhihua,27.84,20.25,23.24,18.75,2.431689597564426,0.89,7770764.0,8928440.0,9514.906,101.75,26.55,2018,843.54,18.9,-0.74,-0.4
2018-06-14,panzhihua,攀枝花,Panzhihua,4.97,18.65,19.92,17.29,1.2792731726959778,0.85,3628640.0,4171728.0,9803.875,101.75,26.55,2018,845.88,16.22,-0.82,-0.06
2018-06-15,panzhihua,攀枝花,Panzhihua,2.52,19.5,21.23,17.16,2.348935065763552,0.58,6987096.0,8037968.0,10135.375,101.75,26.55,2018,846.2,15.71,-0.42,0.22
2018-06-16,panzhihua,攀枝花,Panzhihua,18.17,22.02,26.74,18.72,4.253190892519583,0.4,12815398.0,14746952.0,10527.5,101.75,26.55,2018,844.58,18.72,-0.1,-0.14
2018-06-17,panzhihua,攀枝花,Panzhihua,4.59,22.7,27.17,18.91,5.148394317395853,0.53,15518336.0,17860180.0,10881.656,101.75,26.55,2018,842.94,19.69,0.09,0.09
2018-06-18,panzhihua,攀枝花,Panzhihua,1.61,25.56,29.25,19.84,7.044104108264548,0.89,19675702.0,22650048.0,11172.625,101.75,26.55,2018,841.84,19.19,0.46,-0.21
2018-06-19,panzhihua,攀枝花,Panzhihua,12.93,23.86,28.0,20.31,5.913610359113985,0.55,17491720.0,20138856.0,11429.1875,101.75,26.55,2018,844.75,20.46,-0.03,0.02
2018-06-20,panzhihua,攀枝花,Panzhihua,8.84,22.35,26.16,20.4,3.810302208716264,0.42,11476434.0,13215372.0,11615.5625,101.75,26.55,2018,846.48,19.87,-0.16,-0.01
2018-06-21,panzhihua,攀枝花,Panzhihua,25.33,22.34,27.74,19.75,5.094804583266,0.56,15701460.0,18083880.0,11784.156,101.75,26.55,2018,845.29,20.52,-0.24,0.03
2018-06-22,panzhihua,攀枝花,Panzhihua,20.14,20.77,22.61,19.42,1.9237352993096468,0.54,6045688.0,6964932.0,12134.656,101.75,26.55,2018,845.74,19.89,-0.18,-0.03
2018-06-23,panzhihua,攀枝花,Panzhihua,14.46,22.46,25.82,19.6,4.470442183788824,0.38,13520250.0,15577916.0,12676.156,101.75,26.55,2018,844.33,20.17,0.16,0.14
2018-06-24,panzhihua,攀枝花,Panzhihua,13.92,22.72,27.11,19.84,4.651360903085128,0.56,13982990.0,16114252.0,13233.5,101.75,26.55,2018,843.84,19.92,-0.04,0.05
2018-06-25,panzhihua,攀枝花,Panzhihua,12.96,22.38,27.16,19.81,4.291894821566453,0.47,13050830.0,15042212.0,13716.469,101.75,26.55,2018,844.16,20.32,-0.09,-0.09
2018-06-26,panzhihua,攀枝花,Panzhihua,16.42,22.25,26.79,19.8,4.398902478250607,0.44,13411752.0,15461920.0,14033.531,101.75,26.55,2018,847.45,20.26,-0.14,-0.19
2018-06-27,panzhihua,攀枝花,Panzhihua,2.48,23.62,27.27,20.51,5.487041710353021,0.49,16208500.0,18688736.0,14324.4375,101.75,26.55,2018,847.74,20.22,0.29,-0.23
2018-06-28,panzhihua,攀枝花,Panzhihua,4.64,23.57,27.92,20.31,5.154268012129094,0.63,15082182.0,17394664.0,14663.9375,101.75,26.55,2018,846.56,19.62,0.27,0.16
2018-06-29,panzhihua,攀枝花,Panzhihua,9.27,22.8,26.92,19.7,5.145916676331567,0.53,15591184.0,17985764.0,14799.9375,101.75,26.55,2018,844.34,20.51,-0.04,0.35
2018-06-30,panzhihua,攀枝花,Panzhihua,15.74,21.3,25.27,18.92,3.2536597052548366,0.47,10131476.0,11689856.0,14811.531,101.75,26.55,2018,845.27,20.05,-0.18,0.01
2018-07-01,panzhihua,攀枝花,Panzhihua,1.75,23.59,27.54,19.46,5.906229406883353,0.6,17539880.0,20241312.0,14896.0,101.75,26.55,2018,843.51,20.27,0.32,0.07
2018-07-02,panzhihua,攀枝花,Panzhihua,0.66,24.81,28.35,20.96,4.980189031524142,0.83,13711652.0,15827484.0,14994.406,101.75,26.55,2018,840.85,19.2,0.49,-0.25
2018-07-03,panzhihua,攀枝花,Panzhihua,0.16,25.17,28.73,21.42,5.5913958775062165,0.99,14938302.0,17248096.0,14823.3125,101.75,26.55,2018,840.14,18.05,0.76,-0.42
2018-07-04,panzhihua,攀枝花,Panzhihua,0.26,25.58,29.05,21.19,5.3560088124141165,0.72,14625116.0,16888920.0,14555.0625,101.75,26.55,2018,840.8,19.41,0.31,-0.25
2018-07-05,panzhihua,攀枝花,Panzhihua,20.0,24.5,28.63,20.06,5.56053077899183,0.62,16038440.0,18523528.0,14509.406,101.75,26.55,2018,842.72,20.42,0.07,0.12
2018-07-06,panzhihua,攀枝花,Panzhihua,27.42,23.27,27.84,20.49,4.4457360731065485,0.56,13219342.0,15270312.0,14904.875,101.75,26.55,2018,844.61,20.67,-0.06,0.02
2018-07-07,panzhihua,攀枝花,Panzhihua,19.49,22.45,25.52,19.72,3.3730634157254697,0.59,10190350.0,11774144.0,15702.375,101.75,26.55,2018,845.75,20.56,0.27,-0.17
2018-07-08,panzhihua,攀枝花,Panzhihua,42.69,23.51,28.4,20.41,5.4051648546962365,0.55,16142888.0,18654676.0,16562.125,101.75,26.55,2018,845.53,21.01,0.21,-0.14
2018-07-09,panzhihua,攀枝花,Panzhihua,26.24,22.69,26.83,19.68,4.135181277173961,0.44,12481488.0,14425856.0,17299.0,101.75,26.55,2018,846.76,20.83,-0.04,-0.14
2018-07-10,panzhihua,攀枝花,Panzhihua,15.33,22.47,26.15,20.05,4.443084668353348,0.47,13514136.0,15621256.0,17916.938000000002,101.75,26.55,2018,846.56,20.68,0.05,-0.16
2018-07-11,panzhihua,攀枝花,Panzhihua,20.05,22.05,26.84,19.47,4.431766811810503,0.43,13591778.0,15713746.0,18541.906000000006,101.75,26.55,2018,846.6,20.49,-0.2,0.1
2018-07-12,panzhihua,攀枝花,Panzhihua,6.24,23.51,27.83,18.73,6.0521587787672,0.53,17908792.0,20710340.0,19194.938,101.75,26.55,2018,846.52,19.95,0.15,0.13
2018-07-13,panzhihua,攀枝花,Panzhihua,18.86,22.8,27.6,18.88,5.425749670206258,0.45,16346076.0,18907052.0,19761.531000000006,101.75,26.55,2018,846.01,20.36,0.0,0.07
2018-07-14,panzhihua,攀枝花,Panzhihua,17.31,22.35,27.02,18.81,4.948667473498928,0.58,15037320.0,17395830.0,20020.969,101.75,26.55,2018,845.8,19.88,-0.28,0.17
2018-07-15,panzhihua,攀枝花,Panzhihua,12.63,22.19,27.39,19.25,4.144812919832174,0.6,12586120.0,14563856.0,20201.219,101.75,26.55,2018,846.96,19.93,-0.29,-0.17
2018-07-16,panzhihua,攀枝花,Panzhihua,7.13,22.18,25.59,19.11,4.335288974907842,0.78,13143004.0,15207688.0,20320.656000000006,101.75,26.55,2018,848.03,19.53,-0.32,0.05
2018-07-17,panzhihua,攀枝花,Panzhihua,8.44,22.96,27.42,18.75,5.549078007521891,0.42,16588004.0,19196994.0,20241.594,101.75,26.55,2018,847.88,20.09,-0.09,0.06
2018-07-18,panzhihua,攀枝花,Panzhihua,0.35,24.93,28.87,19.6,7.354072149992,0.4,21084996.0,24404406.0,20069.531000000006,101.75,26.55,2018,846.97,19.53,0.05,-0.02
2018-07-19,panzhihua,攀枝花,Panzhihua,0.5,26.31,30.18,21.79,7.337913509086912,0.57,20327858.0,23530344.0,19675.719,101.75,26.55,2018,846.15,19.6,0.2,-0.33
2018-07-20,panzhihua,攀枝花,Panzhihua,6.18,24.88,29.28,20.8,7.136861949512777,0.62,20439532.0,23661358.0,18924.906000000006,101.75,26.55,2018,846.5,19.62,0.06,-0.36
2018-07-21,panzhihua,攀枝花,Panzhihua,11.6,24.39,29.64,20.43,7.189642553110549,0.47,20908242.0,24205828.0,18034.234,101.75,26.55,2018,847.26,19.96,-0.24,-0.06
2018-07-22,panzhihua,攀枝花,Panzhihua,6.85,23.44,28.31,18.75,6.509555521257974,0.47,19297424.0,22342480.0,17361.75,101.75,26.55,2018,846.8,19.9,0.09,0.18
2018-07-23,panzhihua,攀枝花,Panzhihua,14.16,22.82,27.04,19.42,5.881302517406563,0.61,17729430.0,20528080.0,17018.0,101.75,26.55,2018,846.1,19.88,-0.17,0.2
2018-07-24,panzhihua,攀枝花,Panzhihua,8.81,23.0,27.35,19.46,6.242862594943459,0.54,18641398.0,21586876.0,17054.938000000002,101.75,26.55,2018,846.79,19.46,-0.1,-0.03
2018-07-25,panzhihua,攀枝花,Panzhihua,3.71,24.84,28.83,21.15,6.539971206491759,0.65,18612362.0,21556260.0,17299.218999999994,101.75,26.55,2018,845.87,19.53,0.15,-0.11
2018-07-26,panzhihua,攀枝花,Panzhihua,26.95,22.92,27.99,19.14,5.4897320423810765,0.59,16570186.0,19190904.0,17523.64,101.75,26.55,2018,846.67,20.48,-0.23,-0.14
2018-07-27,panzhihua,攀枝花,Panzhihua,13.85,23.04,27.7,19.45,5.755438229179335,0.41,17193734.0,19915198.0,17447.11,101.75,26.55,2018,846.75,20.26,-0.11,-0.16
2018-07-28,panzhihua,攀枝花,Panzhihua,17.33,22.73,27.32,19.44,5.140374604023532,0.65,15516702.0,17972772.0,17110.468999999994,101.75,26.55,2018,846.85,20.12,-0.19,-0.15
2018-07-29,panzhihua,攀枝花,Panzhihua,15.17,21.54,24.23,18.5,3.0356796695278216,0.7,9102898.0,10544720.0,16736.75,101.75,26.55,2018,847.68,19.02,-0.23,-0.01
2018-07-30,panzhihua,攀枝花,Panzhihua,13.67,22.65,27.03,19.09,5.4823932819517935,0.66,16543672.0,19166904.0,16531.811999999998,101.75,26.55,2018,846.36,19.73,0.06,-0.19
2018-07-31,panzhihua,攀枝花,Panzhihua,18.01,21.78,25.55,18.8,4.632456642660442,0.44,14163164.0,16408738.0,16448.688000000002,101.75,26.55,2018,846.66,19.63,-0.08,0.09
2018-08-01,panzhihua,攀枝花,Panzhihua,6.81,21.33,25.82,19.13,3.2565697741581863,0.41,10013418.0,11602934.0,16383.0,101.75,26.55,2018,845.84,19.78,-0.0,-0.04
2018-08-02,panzhihua,攀枝花,Panzhihua,34.21,22.54,27.66,19.37,5.175842726886424,0.58,15762478.0,18266374.0,16341.234,101.75,26.55,2018,844.62,20.47,-0.31,0.09
2018-08-03,panzhihua,攀枝花,Panzhihua,20.93,20.75,22.68,18.5,1.6036445564453097,0.61,4887906.0,5664568.0,16599.75,101.75,26.55,2018,845.87,19.47,-0.15,-0.01
2018-08-04,panzhihua,攀枝花,Panzhihua,27.73,21.93,26.91,18.1,5.423431719731426,0.49,16616998.0,19259860.0,17083.468999999994,101.75,26.55,2018,847.65,19.69,-0.03,0.03
2018-08-05,panzhihua,攀枝花,Panzhihua,11.81,22.2,27.24,17.98,6.263216913253981,0.53,19022756.0,22050420.0,17390.39,101.75,26.55,2018,848.36,19.05,-0.25,-0.29
2018-08-06,panzhihua,攀枝花,Panzhihua,6.73,22.43,26.91,17.56,5.57821436174838,0.52,16731888.0,19395632.0,17313.203,101.75,26.55,2018,848.24,18.94,0.16,-0.18
2018-08-07,panzhihua,攀枝花,Panzhihua,22.01,22.42,27.15,18.27,5.90148653779,0.38,17785512.0,20618794.0,16870.5,101.75,26.55,2018,847.54,19.58,-0.0,-0.05
2018-08-08,panzhihua,攀枝花,Panzhihua,12.98,23.09,27.47,18.74,6.0920023519734725,0.45,18074914.0,20956388.0,16364.625,101.75,26.55,2018,848.21,19.44,-0.09,-0.15
2018-08-09,panzhihua,攀枝花,Panzhihua,12.99,22.42,26.82,18.88,5.632205449881266,0.64,17138734.0,19872622.0,16012.656,101.75,26.55,2018,848.7,19.81,-0.06,-0.25
2018-08-10,panzhihua,攀枝花,Panzhihua,13.92,22.79,26.88,19.62,5.000728358769752,0.49,14904332.0,17282160.0,15725.922,101.75,26.55,2018,847.29,19.75,-0.05,-0.04
2018-08-11,panzhihua,攀枝花,Panzhihua,6.24,20.84,23.11,18.24,2.8277188207493835,0.46,8746710.0,10143964.0,15467.281,101.75,26.55,2018,846.24,19.31,-0.2,-0.01
2018-08-12,panzhihua,攀枝花,Panzhihua,11.32,22.49,27.33,17.76,5.6901730984713845,0.58,17070408.0,19797818.0,15279.453,101.75,26.55,2018,845.26,18.99,0.0,-0.1
2018-08-13,panzhihua,攀枝花,Panzhihua,6.16,22.73,25.32,18.72,4.479097426208583,0.55,13098010.0,15192498.0,15173.641,101.75,26.55,2018,846.27,18.65,-0.02,-0.12
2018-08-14,panzhihua,攀枝花,Panzhihua,3.2,23.4,27.86,19.42,5.599157121959201,0.59,16476694.0,19111282.0,15103.0625,101.75,26.55,2018,847.44,19.71,-0.13,0.18
2018-08-15,panzhihua,攀枝花,Panzhihua,0.93,24.77,29.08,19.52,6.9481643932507815,0.44,19896674.0,23081196.0,15182.516,101.75,26.55,2018,848.78,19.54,-0.09,-0.05
2018-08-16,panzhihua,攀枝花,Panzhihua,0.23,25.58,29.43,20.81,6.995830304683232,0.67,19486084.0,22604238.0,15172.969,101.75,26.55,2018,847.83,19.15,-0.39,-0.42
2018-08-17,panzhihua,攀枝花,Panzhihua,4.48,23.58,28.09,19.6,6.3244880293474735,0.53,18723860.0,21719200.0,14973.75,101.75,26.55,2018,847.55,20.31,-0.16,-0.36
2018-08-18,panzhihua,攀枝花,Panzhihua,1.37,24.21,28.35,20.11,7.55074933178562,0.6,21789070.0,25273372.0,14638.703,101.75,26.55,2018,847.17,18.39,-0.08,-0.22
2018-08-19,panzhihua,攀枝花,Panzhihua,1.3,24.43,28.57,19.31,6.6734969922520335,0.43,19147826.0,22208458.0,14228.141,101.75,26.55,2018,846.86,18.93,0.15,0.13
2018-08-20,panzhihua,攀枝花,Panzhihua,17.09,22.84,27.67,19.06,5.700575365433703,0.55,17145256.0,19884892.0,13809.625,101.75,26.55,2018,847.04,20.12,-0.05,0.24
2018-08-21,panzhihua,攀枝花,Panzhihua,7.97,23.61,27.7,19.36,5.972639611068,0.5,17488048.0,20281892.0,13482.016,101.75,26.55,2018,845.71,19.55,0.1,0.12
2018-08-22,panzhihua,攀枝花,Panzhihua,26.43,22.54,26.89,19.02,5.103027513687604,0.61,15454952.0,17923292.0,13251.719,101.75,26.55,2018,847.31,20.1,0.0,0.03
2018-08-23,panzhihua,攀枝花,Panzhihua,0.75,23.65,27.07,19.23,5.863578718014868,0.52,17008542.0,19724672.0,13236.344,101.75,26.55,2018,847.91,18.82,0.28,0.07
2018-08-24,panzhihua,攀枝花,Panzhihua,5.8,24.12,28.2,20.71,6.398279596311582,0.65,18412128.0,21351644.0,13216.047,101.75,26.55,2018,847.23,18.95,0.35,-0.39
2018-08-25,panzhihua,攀枝花,Panzhihua,8.4,23.27,27.26,19.84,5.19552135024644,0.58,15165076.0,17585106.0,13105.4375,101.75,26.55,2018,847.01,19.08,0.13,-0.44
2018-08-26,panzhihua,攀枝花,Panzhihua,7.27,21.92,26.25,17.99,4.7954634501574125,0.69,14435430.0,16738200.0,13110.375,101.75,26.55,2018,848.2,18.48,-0.38,-0.22
2018-08-27,panzhihua,攀枝花,Panzhihua,0.45,23.49,27.05,17.95,6.115560333831361,0.42,17745120.0,20575380.0,13110.375,101.75,26.55,2018,848.08,17.92,0.11,0.04
2018-08-28,panzhihua,攀枝花,Panzhihua,4.64,24.29,28.0,19.65,6.404945316855644,0.39,18473248.0,21418828.0,12849.0,101.75,26.55,2018,847.73,19.34,0.05,-0.09
2018-08-29,panzhihua,攀枝花,Panzhihua,21.26,23.33,28.48,19.16,6.225222455105526,0.51,18403134.0,21336598.0,12542.641,101.75,26.55,2018,847.24,19.54,-0.06,-0.22
2018-08-30,panzhihua,攀枝花,Panzhihua,7.83,23.78,28.73,19.48,6.706024414544546,0.44,19632470.0,22761086.0,12250.516,101.75,26.55,2018,847.14,19.49,0.01,-0.03
2018-08-31,panzhihua,攀枝花,Panzhihua,12.26,23.9,29.04,19.44,6.276530558707132,0.59,18361642.0,21286908.0,11926.266,101.75,26.55,2018,848.11,19.91,-0.13,-0.33
2018-09-01,panzhihua,攀枝花,Panzhihua,2.69,23.85,28.1,19.56,6.247238079003951,0.49,18235934.0,21140164.0,11616.672,101.75,26.55,2018,848.07,19.64,0.07,-0.18
2018-09-02,panzhihua,攀枝花,Panzhihua,36.19,23.27,28.68,19.5,5.853753338989973,0.56,17348034.0,20110120.0,11395.609,101.75,26.55,2018,847.78,19.78,-0.09,-0.15
2018-09-03,panzhihua,攀枝花,Panzhihua,16.65,22.99,27.78,18.96,5.7193360866649625,0.47,17038876.0,19750836.0,11239.797,101.75,26.55,2018,848.9,19.77,-0.2,-0.07
2018-09-04,panzhihua,攀枝花,Panzhihua,0.49,23.95,28.06,19.38,5.882350486005612,0.52,16999698.0,19705024.0,11094.297,101.75,26.55,2018,848.25,19.19,0.17,-0.14
2018-09-05,panzhihua,攀枝花,Panzhihua,0.45,24.85,28.81,20.19,6.609746720729004,0.72,18763836.0,21748698.0,10807.969,101.75,26.55,2018,847.36,19.44,0.36,-0.29
2018-09-06,panzhihua,攀枝花,Panzhihua,6.64,24.36,28.15,20.16,5.652021047173669,0.62,16160336.0,18730228.0,10478.547,101.75,26.55,2018,849.01,19.62,0.01,-0.3
2018-09-07,panzhihua,攀枝花,Panzhihua,4.24,20.21,22.45,18.0,2.138630762739476,0.98,6005878.0,6960382.0,10298.125,101.75,26.55,2018,852.71,16.93,-0.56,-0.77
2018-09-08,panzhihua,攀枝花,Panzhihua,4.17,18.64,20.07,17.68,1.6025962566798742,0.79,4484550.0,5196988.0,10306.969,101.75,26.55,2018,853.77,15.31,-0.67,-0.06
2018-09-09,panzhihua,攀枝花,Panzhihua,15.82,18.96,20.49,17.43,1.7732588193743466,0.42,5557898.0,6440798.0,10473.25,101.75,26.55,2018,852.96,17.27,-0.28,0.18
2018-09-10,panzhihua,攀枝花,Panzhihua,21.95,20.39,24.19,18.41,2.5232378025871123,0.47,7868830.0,9118572.0,10918.406,101.75,26.55,2018,851.55,18.97,-0.25,-0.22
2018-09-11,panzhihua,攀枝花,Panzhihua,15.15,20.65,24.05,18.4,3.2247740822193665,0.79,10035896.0,11629458.0,11698.6875,101.75,26.55,2018,850.01,18.62,-0.43,-0.56
2018-09-12,panzhihua,攀枝花,Panzhihua,10.02,20.68,23.08,18.51,3.095696420889831,0.75,9220800.0,10684444.0,12543.6875,101.75,26.55,2018,849.31,17.32,-0.6,-0.37
2018-09-13,panzhihua,攀枝花,Panzhihua,15.74,20.18,24.01,18.06,3.4213908327497284,0.58,10796290.0,12509406.0,13260.1875,101.75,26.55,2018,850.45,18.43,-0.35,-0.2
2018-09-14,panzhihua,攀枝花,Panzhihua,11.84,20.84,24.68,17.66,4.0229143615387954,0.53,12538896.0,14527974.0,13917.5625,101.75,26.55,2018,852.72,18.9,-0.17,-0.11
2018-09-15,panzhihua,攀枝花,Panzhihua,8.18,21.34,25.24,17.83,4.114832758237118,0.45,12556462.0,14547878.0,14416.594,101.75,26.55,2018,852.35,18.7,-0.06,0.01
2018-09-16,panzhihua,攀枝花,Panzhihua,1.8,20.94,25.12,16.86,4.268144180165366,0.47,13157572.0,15237718.0,14627.969,101.75,26.55,2018,850.84,18.34,-0.08,0.09
2018-09-17,panzhihua,攀枝花,Panzhihua,0.3,22.71,26.97,16.96,5.63169702481547,0.77,16229130.0,18787096.0,14429.828,101.75,26.55,2018,849.28,16.61,-0.2,-0.42
2018-09-18,panzhihua,攀枝花,Panzhihua,10.68,20.49,22.91,18.75,2.9469967277297013,0.51,8934164.0,10337924.0,13888.891,101.75,26.55,2018,852.32,17.48,-0.03,-0.39
2018-09-19,panzhihua,攀枝花,Panzhihua,4.59,20.99,24.53,17.6,4.3726910896903854,0.5,13529164.0,15648176.0,13341.625,101.75,26.55,2018,853.19,18.51,-0.04,0.08
2018-09-20,panzhihua,攀枝花,Panzhihua,4.43,21.87,26.72,17.48,5.248524189118016,0.53,15964316.0,18456676.0,12830.219,101.75,26.55,2018,852.75,18.69,0.29,0.06
2018-09-21,panzhihua,攀枝花,Panzhihua,8.88,21.31,26.1,18.05,5.033519273122503,0.41,15517242.0,17932260.0,12296.484,101.75,26.55,2018,854.11,18.81,-0.07,0.18
2018-09-22,panzhihua,攀枝花,Panzhihua,16.37,20.0,23.63,16.96,3.033395570261302,0.51,9579770.0,11066136.0,11844.359,101.75,26.55,2018,855.39,18.31,-0.28,0.07
2018-09-23,panzhihua,攀枝花,Panzhihua,8.04,19.7,23.73,17.47,3.1789220271537872,0.47,10189660.0,11765472.0,11664.359,101.75,26.55,2018,854.01,18.45,-0.14,-0.05
2018-09-24,panzhihua,攀枝花,Panzhihua,0.59,21.76,25.08,17.86,4.144838595579468,0.63,12366617.0,14272430.0,11716.5,101.75,26.55,2018,849.42,17.94,0.18,-0.37
2018-09-25,panzhihua,攀枝花,Panzhihua,1.63,22.56,25.59,19.26,4.385524474891514,0.7,12730015.0,14685306.0,11712.453,101.75,26.55,2018,848.09,17.9,0.21,-0.3
2018-09-26,panzhihua,攀枝花,Panzhihua,13.17,21.62,25.46,19.26,3.953963600818703,0.41,12022197.0,13863505.0,11544.719,101.75,26.55,2018,850.23,18.89,-0.02,-0.34
2018-09-27,panzhihua,攀枝花,Panzhihua,18.05,20.96,24.7,18.56,3.587001566894686,0.55,11200752.0,12911372.0,11407.359,101.75,26.55,2018,851.14,19.15,-0.1,-0.42
2018-09-28,panzhihua,攀枝花,Panzhihua,8.67,18.61,19.41,18.33,0.93342918143208,0.67,2588493.8,2982328.0,11412.531,101.75,26.55,2018,854.67,16.39,-0.51,-0.29
2018-09-29,panzhihua,攀枝花,Panzhihua,3.51,19.34,20.55,17.84,1.9168665942344991,0.45,5678262.0,6539784.0,11519.672,101.75,26.55,2018,853.5,15.64,-0.33,-0.02
2018-09-30,panzhihua,攀枝花,Panzhihua,22.93,18.86,21.59,17.0,2.142654641042489,0.86,6830421.0,7861865.0,11785.594,101.75,26.55,2018,853.44,17.08,-0.4,-0.71
2018-10-01,panzhihua,攀枝花,Panzhihua,7.81,17.08,17.64,16.16,0.8053573072714917,0.75,2166363.0,2492627.0,12278.406,101.75,26.55,2018,856.05,14.77,-0.49,-0.44
2018-10-02,panzhihua,攀枝花,Panzhihua,5.58,17.66,18.98,16.16,1.4645737176400655,0.77,4246144.0,4883665.0,12802.4375,101.75,26.55,2018,854.63,14.63,0.03,-0.68
2018-10-03,panzhihua,攀枝花,Panzhihua,14.35,16.9,20.79,13.79,2.800857318442944,1.13,9159655.0,10530243.0,13059.8125,101.75,26.55,2018,855.56,13.97,-0.74,-0.8
2018-10-04,panzhihua,攀枝花,Panzhihua,2.09,16.72,18.58,13.66,1.901382037470772,0.52,5905384.5,6786147.0,13030.453,101.75,26.55,2018,856.05,12.87,-0.36,-0.08
2018-10-05,panzhihua,攀枝花,Panzhihua,0.94,19.82,23.17,16.99,4.069912433243943,0.78,12252067.0,14074120.0,12845.125,101.75,26.55,2018,853.45,14.52,0.46,-0.33
2018-10-06,panzhihua,攀枝花,Panzhihua,2.05,19.41,23.66,15.34,4.4225676173014445,0.72,13604091.0,15619428.0,12591.9375,101.75,26.55,2018,853.17,14.08,0.33,-0.37
2018-10-07,panzhihua,攀枝花,Panzhihua,1.06,19.66,24.05,15.48,4.8833200233053455,0.61,15368439.0,17638020.0,12260.859,101.75,26.55,2018,852.24,15.45,0.39,-0.33
2018-10-08,panzhihua,攀枝花,Panzhihua,1.19,19.82,24.42,15.09,4.808572055096096,0.97,14733295.0,16901856.0,11804.695,101.75,26.55,2018,851.27,14.6,0.69,-0.21
2018-10-09,panzhihua,攀枝花,Panzhihua,8.86,16.3,19.51,12.72,2.981559696019604,1.22,9739651.0,11166747.0,11265.703,101.75,26.55,2018,855.43,12.73,-0.71,-0.95
2018-10-10,panzhihua,攀枝花,Panzhihua,0.03,13.9,15.18,12.62,1.5328890845077157,0.57,4719706.0,5410174.0,10823.969,101.75,26.55,2018,857.74,8.95,-0.33,-0.21
2018-10-11,panzhihua,攀枝花,Panzhihua,2.87,16.23,18.12,13.53,2.3190700313112744,0.59,7284130.0,8346480.0,10383.117,101.75,26.55,2018,856.32,11.59,-0.47,-0.22
2018-10-12,panzhihua,攀枝花,Panzhihua,2.23,16.95,19.48,15.13,1.9607013286741075,0.46,6395688.0,7323446.0,9927.0,101.75,26.55,2018,853.24,14.54,0.26,-0.28
2018-10-13,panzhihua,攀枝花,Panzhihua,2.57,17.21,20.24,14.37,2.222711779570145,0.77,7357068.0,8419834.0,9512.383,101.75,26.55,2018,851.19,15.21,0.67,-0.24
2018-10-14,panzhihua,攀枝花,Panzhihua,1.39,18.34,22.56,14.29,3.782992029892746,0.57,12326686.0,14105216.0,9166.9375,101.75,26.55,2018,851.32,15.39,0.26,-0.08
2018-10-15,panzhihua,攀枝花,Panzhihua,1.5,17.73,22.2,13.82,3.321745044270393,0.54,11094336.0,12687048.0,8880.921999999999,101.75,26.55,2018,852.22,15.75,0.04,-0.2
2018-10-16,panzhihua,攀枝花,Panzhihua,0.79,17.84,22.78,13.0,4.036825444649441,0.63,12964878.0,14817446.0,8616.523000000001,101.75,26.55,2018,851.45,13.05,0.26,-0.06
2018-10-17,panzhihua,攀枝花,Panzhihua,0.1,18.16,22.4,12.98,4.245394445888961,0.49,13536130.0,15460538.0,8285.133,101.75,26.55,2018,850.04,12.71,0.22,-0.21
2018-10-18,panzhihua,攀枝花,Panzhihua,0.0,19.21,24.33,13.7,5.060737498417971,0.83,15292316.0,17454624.0,7873.328,101.75,26.55,2018,850.06,11.45,0.51,-0.14
2018-10-19,panzhihua,攀枝花,Panzhihua,0.01,18.79,24.1,13.5,4.986712524766801,0.7,15582780.0,17774808.0,7447.8594,101.75,26.55,2018,852.57,12.26,0.36,-0.14
2018-10-20,panzhihua,攀枝花,Panzhihua,0.0,18.92,24.28,13.29,4.994272040571755,0.68,15510486.0,17679116.0,7045.4766,101.75,26.55,2018,853.47,12.02,0.3,-0.09
2018-10-21,panzhihua,攀枝花,Panzhihua,0.0,18.69,23.95,13.61,4.9733722407173815,0.62,15753172.0,17944012.0,6637.125,101.75,26.55,2018,853.72,12.72,-0.0,-0.15
2018-10-22,panzhihua,攀枝花,Panzhihua,0.29,18.5,23.44,13.82,5.025202087355335,0.65,15996242.0,18208232.0,6227.0312,101.75,26.55,2018,853.32,12.52,0.0,-0.35
2018-10-23,panzhihua,攀枝花,Panzhihua,1.49,17.64,21.97,14.03,4.045977186063518,0.74,13257706.0,15080076.0,5847.5156,101.75,26.55,2018,853.23,13.52,0.4,-0.5
2018-10-24,panzhihua,攀枝花,Panzhihua,0.12,18.66,24.0,13.36,4.626992470376386,0.92,14203934.0,16145552.0,5517.547,101.75,26.55,2018,852.38,11.92,0.51,-0.0
2018-10-25,panzhihua,攀枝花,Panzhihua,0.02,18.46,23.72,13.18,4.741040323864527,0.66,15039144.0,17083656.0,5214.5625,101.75,26.55,2018,854.78,12.44,0.14,-0.26
2018-10-26,panzhihua,攀枝花,Panzhihua,0.45,17.42,22.09,11.65,4.336854400786794,0.63,14210094.0,16131792.0,4913.5938,101.75,26.55,2018,857.14,12.45,-0.09,-0.54
2018-10-27,panzhihua,攀枝花,Panzhihua,0.02,17.75,22.57,11.47,4.621311856168666,0.53,15074882.0,17101968.0,4633.922000000001,101.75,26.55,2018,856.84,12.45,-0.09,-0.27
2018-10-28,panzhihua,攀枝花,Panzhihua,0.82,18.21,22.08,14.14,3.5857100561732094,0.45,11522610.0,13064364.0,4386.203,101.75,26.55,2018,855.97,13.73,-0.09,-0.34
2018-10-29,panzhihua,攀枝花,Panzhihua,5.8,16.3,18.45,14.48,2.019216085518649,0.79,6621862.0,7502352.0,4171.710999999998,101.75,26.55,2018,856.85,13.59,-0.59,-0.41
2018-10-30,panzhihua,攀枝花,Panzhihua,4.69,14.22,15.78,11.83,1.072454401337234,0.63,3467872.0,3926200.0,4016.8047,101.75,26.55,2018,861.24,11.77,-0.14,-0.49
2018-10-31,panzhihua,攀枝花,Panzhihua,0.0,15.87,19.46,11.72,4.296068999070636,0.33,14458758.0,16359936.0,3923.2031,101.75,26.55,2018,859.8,8.74,0.06,0.02
2018-11-01,panzhihua,攀枝花,Panzhihua,0.0,14.43,17.68,9.91,2.518478263228901,0.68,7561930.0,8551168.0,3841.0625,101.75,26.55,2018,858.25,5.59,0.26,0.33
2018-11-02,panzhihua,攀枝花,Panzhihua,0.0,14.88,19.62,9.74,4.602522232376168,0.48,15815380.0,17870668.0,3739.0625,101.75,26.55,2018,855.26,7.46,0.1,-0.23
2018-11-03,panzhihua,攀枝花,Panzhihua,0.0,15.15,19.76,10.41,3.8947324193135695,0.65,13269208.0,14983128.0,3618.8828,101.75,26.55,2018,853.03,9.42,0.09,-0.28
2018-11-04,panzhihua,攀枝花,Panzhihua,0.02,15.93,20.79,10.85,3.8109705039322974,0.64,12669388.0,14296204.0,3485.6719,101.75,26.55,2018,852.37,10.02,0.32,-0.36
2018-11-05,panzhihua,攀枝花,Panzhihua,0.09,16.71,21.69,11.34,3.869227153266386,0.79,12269878.0,13836040.0,3347.6484,101.75,26.55,2018,852.2,9.71,0.56,-0.33
2018-11-06,panzhihua,攀枝花,Panzhihua,0.18,16.8,21.49,11.44,4.012385503332508,0.78,12814458.0,14440596.0,3227.3828,101.75,26.55,2018,853.28,9.91,0.51,-0.34
2018-11-07,panzhihua,攀枝花,Panzhihua,0.42,15.72,22.04,9.65,4.055445530439509,1.04,13184548.0,14847336.0,3153.8281,101.75,26.55,2018,854.71,8.95,-0.04,-0.34
2018-11-08,panzhihua,攀枝花,Panzhihua,0.0,12.58,17.34,7.35,2.963010561311106,0.46,10746684.0,12093264.0,3125.0156,101.75,26.55,2018,855.66,7.4,0.11,-0.33
2018-11-09,panzhihua,攀枝花,Panzhihua,0.02,14.39,19.7,7.13,3.813099758716624,0.65,13374542.0,15040812.0,3110.2734,101.75,26.55,2018,852.65,9.09,-0.04,-0.15
2018-11-10,panzhihua,攀枝花,Panzhihua,0.0,15.65,21.35,9.77,4.191416272657194,0.67,13960260.0,15689216.0,3073.625,101.75,26.55,2018,853.67,8.48,0.12,-0.11
2018-11-11,panzhihua,攀枝花,Panzhihua,0.0,16.04,21.73,10.23,4.630002463613488,0.66,15242840.0,17119356.0,3023.414,101.75,26.55,2018,853.14,7.69,0.32,-0.17
2018-11-12,panzhihua,攀枝花,Panzhihua,0.0,15.67,21.08,10.6,4.492732746190165,0.6,15035182.0,16874984.0,2972.8984,101.75,26.55,2018,851.55,7.82,0.12,-0.21
2018-11-13,panzhihua,攀枝花,Panzhihua,0.0,16.25,21.8,10.27,4.645687014000343,0.82,14718044.0,16508232.0,2919.9297,101.75,26.55,2018,849.49,6.31,0.52,-0.14
2018-11-14,panzhihua,攀枝花,Panzhihua,0.0,16.54,22.39,9.94,4.83633301234488,0.75,15158814.0,16991144.0,2859.4531,101.75,26.55,2018,850.78,5.14,0.47,-0.1
2018-11-15,panzhihua,攀枝花,Panzhihua,0.0,17.02,22.47,10.31,4.6857194956674455,0.87,14236256.0,15946208.0,2793.2734,101.75,26.55,2018,851.56,5.85,0.52,0.01
2018-11-16,panzhihua,攀枝花,Panzhihua,0.01,17.02,22.45,10.86,4.759597977977918,1.11,13864562.0,15526944.0,2725.9062,101.75,26.55,2018,850.95,5.03,0.78,0.04
2018-11-17,panzhihua,攀枝花,Panzhihua,0.0,16.99,22.31,10.6,5.0219478144719005,1.12,14677904.0,16434248.0,2665.914,101.75,26.55,2018,850.88,4.23,0.83,0.11
2018-11-18,panzhihua,攀枝花,Panzhihua,0.0,15.52,20.36,10.31,3.722263133805837,0.72,11859094.0,13275264.0,2621.3516,101.75,26.55,2018,852.87,6.53,0.09,-0.18
2018-11-19,panzhihua,攀枝花,Panzhihua,0.0,16.2,21.95,9.84,4.307157779488591,0.9,13159182.0,14727384.0,2586.711,101.75,26.55,2018,852.5,5.38,0.4,0.14
2018-11-20,panzhihua,攀枝花,Panzhihua,0.0,16.46,22.11,10.01,4.6009808204882905,0.93,14027726.0,15696316.0,2553.7031,101.75,26.55,2018,851.73,5.2,0.45,-0.01
2018-11-21,panzhihua,攀枝花,Panzhihua,0.02,14.54,19.92,7.91,3.7170439338828496,0.81,12089516.0,13524756.0,2521.2344,101.75,26.55,2018,855.78,5.72,-0.44,-0.5
2018-11-22,panzhihua,攀枝花,Panzhihua,0.0,13.04,18.32,7.08,3.4895345443769346,0.52,12405534.0,13875168.0,2492.6875,101.75,26.55,2018,857.49,5.96,-0.19,-0.27
2018-11-23,panzhihua,攀枝花,Panzhihua,0.0,14.48,20.61,6.34,4.04692527308218,0.6,13778216.0,15407284.0,2468.5312,101.75,26.55,2018,853.6,6.19,0.15,-0.17
2018-11-24,panzhihua,攀枝花,Panzhihua,0.38,15.49,20.34,9.39,3.9143553307123056,0.51,12866382.0,14384876.0,2442.1406,101.75,26.55,2018,855.94,6.04,-0.26,-0.16
2018-11-25,panzhihua,攀枝花,Panzhihua,0.14,13.99,19.02,9.59,3.5742679856541253,0.49,12279060.0,13725052.0,2412.9688,101.75,26.55,2018,857.75,5.75,-0.1,-0.07
2018-11-26,panzhihua,攀枝花,Panzhihua,0.0,14.97,20.72,9.37,4.2209259850832055,0.55,14187568.0,15855000.0,2391.4219,101.75,26.55,2018,855.65,5.79,0.07,-0.2
2018-11-27,panzhihua,攀枝花,Panzhihua,0.0,14.62,20.18,9.26,4.1105272227316085,0.46,13952516.0,15589024.0,2374.4219,101.75,26.55,2018,856.27,4.84,0.06,-0.18
2018-11-28,panzhihua,攀枝花,Panzhihua,0.0,15.08,21.17,8.92,4.314856156866727,0.46,14470374.0,16164208.0,2350.0469,101.75,26.55,2018,856.77,4.59,0.09,-0.06
2018-11-29,panzhihua,攀枝花,Panzhihua,0.0,15.4,21.65,9.52,4.407206987601897,0.68,14314618.0,15986888.0,2317.9766,101.75,26.55,2018,854.69,4.79,0.38,-0.25
2018-11-30,panzhihua,攀枝花,Panzhihua,0.0,15.01,20.94,9.08,4.299915942231012,0.65,14154566.0,15804844.0,2283.7344,101.75,26.55,2018,853.86,4.66,0.26,-0.31
2018-12-01,panzhihua,攀枝花,Panzhihua,0.0,15.67,21.19,9.53,4.49412385351918,0.87,13985846.0,15613268.0,2250.0469,101.75,26.55,2018,851.6,3.9,0.75,-0.02
2018-12-02,panzhihua,攀枝花,Panzhihua,0.0,15.48,20.98,9.0,4.51876303915541,1.01,13814486.0,15418584.0,2218.9297,101.75,26.55,2018,850.64,3.35,0.77,0.13
2018-12-03,panzhihua,攀枝花,Panzhihua,0.0,15.34,20.96,9.21,4.308903894993518,0.85,13390710.0,14942492.0,2192.6484,101.75,26.55,2018,852.6,3.27,0.6,-0.06
2018-12-04,panzhihua,攀枝花,Panzhihua,0.0,14.48,20.33,8.85,4.036197001488719,0.62,13466436.0,15024004.0,2169.4062,101.75,26.55,2018,853.04,4.52,0.09,-0.16
2018-12-05,panzhihua,攀枝花,Panzhihua,0.0,15.17,21.2,8.68,4.300487709293241,0.73,13789900.0,15381528.0,2145.3984,101.75,26.55,2018,850.44,3.76,0.44,-0.28
2018-12-06,panzhihua,攀枝花,Panzhihua,0.0,14.95,19.71,9.26,3.740524071064375,0.58,12244792.0,13655232.0,2120.336,101.75,26.55,2018,851.48,5.06,0.17,-0.21
2018-12-07,panzhihua,攀枝花,Panzhihua,0.1,16.45,21.82,10.94,4.130160832877149,0.66,12644024.0,14096940.0,2095.4219,101.75,26.55,2018,851.88,3.91,0.48,-0.03
2018-12-08,panzhihua,攀枝花,Panzhihua,0.21,15.32,20.48,9.95,3.691629398966292,0.87,11770518.0,13120380.0,2072.2188,101.75,26.55,2018,852.68,6.94,0.55,0.01
2018-12-09,panzhihua,攀枝花,Panzhihua,0.12,14.88,20.53,9.63,3.607807090382684,0.97,11373722.0,12675504.0,2052.1016,101.75,26.55,2018,852.31,6.19,0.58,0.19
2018-12-10,panzhihua,攀枝花,Panzhihua,0.01,14.69,20.54,8.82,3.808850371230936,0.86,11842940.0,13195560.0,2035.0938,101.75,26.55,2018,853.42,3.45,0.53,0.1
2018-12-11,panzhihua,攀枝花,Panzhihua,0.02,14.03,19.58,8.5,3.728135608324594,0.68,12299486.0,13701180.0,2018.8125,101.75,26.55,2018,854.69,3.77,0.11,-0.3
2018-12-12,panzhihua,攀枝花,Panzhihua,0.4,13.65,19.06,8.93,2.9309454778676134,0.83,9904658.0,11030616.0,2001.1406,101.75,26.55,2018,855.16,7.44,0.13,-0.68
2018-12-13,panzhihua,攀枝花,Panzhihua,0.07,14.2,19.93,8.8,3.2658960149513887,0.78,10713938.0,11930144.0,1983.5625,101.75,26.55,2018,856.08,6.27,0.21,-0.29
2018-12-14,panzhihua,攀枝花,Panzhihua,0.01,15.06,19.49,8.66,2.8609724710331834,0.59,9256064.0,10304480.0,1967.3125,101.75,26.55,2018,855.61,7.6,0.2,-0.37
2018-12-15,panzhihua,攀枝花,Panzhihua,0.1,16.47,21.1,11.82,2.8871901265263853,0.69,8621244.0,9595496.0,1951.9062,101.75,26.55,2018,856.07,7.86,0.48,-0.14
2018-12-16,panzhihua,攀枝花,Panzhihua,0.02,12.94,16.94,8.12,2.6296419457096536,0.87,8823894.0,9820628.0,1936.2188,101.75,26.55,2018,858.02,6.66,-0.48,-0.67
2018-12-17,panzhihua,攀枝花,Panzhihua,0.0,14.66,19.5,7.93,3.143869191303833,0.52,10425076.0,11603552.0,1921.4688,101.75,26.55,2018,856.38,6.41,-0.19,-0.3
2018-12-18,panzhihua,攀枝花,Panzhihua,0.3,17.47,21.07,11.01,3.4457311054670616,0.68,10462690.0,11645780.0,1907.9219,101.75,26.55,2018,851.38,8.97,0.2,-0.04
2018-12-19,panzhihua,攀枝花,Panzhihua,1.18,15.24,19.1,10.15,1.7185681842724767,0.75,5490204.0,6109992.0,1895.1094,101.75,26.55,2018,851.17,11.52,0.57,-0.15
2018-12-20,panzhihua,攀枝花,Panzhihua,0.05,14.77,20.46,9.32,3.5239587315675607,0.86,11355888.0,12639332.0,1886.3594,101.75,26.55,2018,851.04,6.48,0.57,-0.14
2018-12-21,panzhihua,攀枝花,Panzhihua,0.0,15.33,21.81,8.72,4.423467064514064,1.07,13444670.0,14965232.0,1889.1875,101.75,26.55,2018,850.72,3.31,0.93,0.05
2018-12-22,panzhihua,攀枝花,Panzhihua,0.0,14.17,20.26,8.11,4.095293017283243,0.64,13570270.0,15105164.0,1903.6406,101.75,26.55,2018,853.98,2.63,0.13,-0.35
2018-12-23,panzhihua,攀枝花,Panzhihua,0.0,13.5,19.06,8.24,4.0232770626965735,0.72,13443636.0,14964504.0,1920.7969,101.75,26.55,2018,854.1,2.19,0.26,-0.43
2018-12-24,panzhihua,攀枝花,Panzhihua,0.0,13.62,19.66,7.42,4.176058305953835,0.86,13684198.0,15232008.0,1930.2656,101.75,26.55,2018,849.22,1.93,0.52,-0.46
2018-12-25,panzhihua,攀枝花,Panzhihua,0.0,14.34,20.84,7.31,4.400833133365442,0.93,13825234.0,15389056.0,1926.3125,101.75,26.55,2018,847.93,1.09,0.75,-0.41
2018-12-26,panzhihua,攀枝花,Panzhihua,0.0,13.85,20.16,7.59,4.2733423971126,0.76,13861414.0,15429416.0,1907.4688,101.75,26.55,2018,849.1,0.35,0.43,-0.42
2018-12-27,panzhihua,攀枝花,Panzhihua,0.0,14.06,20.67,7.37,4.369934564609009,0.8,13934340.0,15510588.0,1877.7812,101.75,26.55,2018,849.69,-0.27,0.48,-0.43
2018-12-28,panzhihua,攀枝花,Panzhihua,6.03,14.25,19.98,8.06,3.460974671242361,0.88,10888550.0,12119276.0,1846.4844,101.75,26.55,2018,852.22,4.41,0.41,-0.61
2018-12-29,panzhihua,攀枝花,Panzhihua,15.6,8.59,13.54,4.15,1.5765881808017432,1.28,6833542.0,7605936.0,1830.5625,101.75,26.55,2018,854.98,6.74,-0.82,-0.95
2018-12-30,panzhihua,攀枝花,Panzhihua,0.37,6.89,11.48,2.81,1.6401141417767438,0.63,6868650.0,7646660.0,1837.8438,101.75,26.55,2018,859.43,2.94,-0.17,-0.57
2018-12-31,panzhihua,攀枝花,Panzhihua,0.01,8.89,14.37,2.62,2.752535574738101,0.63,11029522.0,12278052.0,1845.2188,101.75,26.55,2018,858.16,3.14,-0.05,-0.44
2019-01-01,panzhihua,攀枝花,Panzhihua,0.11,10.81,16.83,6.05,2.7236122020935096,0.78,10193632.0,11347132.0,1824.5781,101.75,26.55,2019,856.88,5.34,-0.17,-0.49
2019-01-02,panzhihua,攀枝花,Panzhihua,0.13,10.12,15.13,6.49,2.102697940450565,0.67,8091310.0,9006328.0,1795.375,101.75,26.55,2019,857.12,6.02,-0.25,-0.52
2019-01-03,panzhihua,攀枝花,Panzhihua,0.12,13.18,19.03,6.41,3.633503196877052,1.11,11679414.0,13000800.0,1766.6875,101.75,26.55,2019,854.66,3.54,0.69,0.19
2019-01-04,panzhihua,攀枝花,Panzhihua,0.27,12.78,18.49,6.6,3.542004473171166,1.06,11473182.0,12771024.0,1741.7656,101.75,26.55,2019,856.15,2.91,0.83,0.17
2019-01-05,panzhihua,攀枝花,Panzhihua,0.0,11.54,17.52,5.45,3.904519671462656,0.56,14379730.0,16006756.0,1720.6719,101.75,26.55,2019,856.85,2.37,0.01,-0.21
2019-01-06,panzhihua,攀枝花,Panzhihua,0.0,13.07,19.97,6.25,4.018534148893099,0.64,14181008.0,15785576.0,1700.3281,101.75,26.55,2019,855.05,4.4,0.29,-0.25
2019-01-07,panzhihua,攀枝花,Panzhihua,0.55,14.16,20.36,7.1,4.1583912034586925,0.58,14249350.0,15861692.0,1678.5312,101.75,26.55,2019,854.12,4.8,0.04,-0.32
2019-01-08,panzhihua,攀枝花,Panzhihua,7.9,10.11,12.87,8.25,0.8716003324325032,1.04,2864658.0,3188516.0,1662.6719,101.75,26.55,2019,853.85,7.55,0.58,-0.83
2019-01-09,panzhihua,攀枝花,Panzhihua,0.96,11.58,16.75,7.87,2.4063401296808262,0.73,8499950.0,9461296.0,1663.3594,101.75,26.55,2019,853.21,5.6,0.31,-0.28
2019-01-10,panzhihua,攀枝花,Panzhihua,0.18,12.92,18.3,7.24,3.7241005568039234,0.84,12711926.0,14150396.0,1682.2812,101.75,26.55,2019,852.59,3.85,0.64,0.14
2019-01-11,panzhihua,攀枝花,Panzhihua,0.0,12.01,17.67,6.27,3.5886039620224826,0.7,12938676.0,14402276.0,1691.9844,101.75,26.55,2019,853.79,4.11,0.26,-0.28
2019-01-12,panzhihua,攀枝花,Panzhihua,0.0,13.36,19.92,6.3,4.149715286229388,0.8,14268088.0,15882660.0,1688.0938,101.75,26.55,2019,853.21,4.02,0.51,-0.28
2019-01-13,panzhihua,攀枝花,Panzhihua,0.0,14.17,20.88,6.88,4.407799648902379,0.89,14737186.0,16405008.0,1671.75,101.75,26.55,2019,851.68,4.39,0.69,-0.4
2019-01-14,panzhihua,攀枝花,Panzhihua,0.0,14.9,21.45,7.58,4.5173593201388815,0.94,14612646.0,16266364.0,1648.9062,101.75,26.55,2019,850.62,4.43,0.74,-0.45
2019-01-15,panzhihua,攀枝花,Panzhihua,0.69,11.84,18.7,4.69,3.488391178119284,1.08,12203958.0,13584844.0,1626.4219,101.75,26.55,2019,852.46,3.97,-0.34,-0.7
2019-01-16,panzhihua,攀枝花,Panzhihua,0.0,10.11,15.85,4.05,3.798286242928268,0.61,14418068.0,16052016.0,1608.3281,101.75,26.55,2019,855.93,0.24,-0.15,-0.5
2019-01-17,panzhihua,攀枝花,Panzhihua,0.0,11.86,18.24,5.42,4.181692859347707,0.67,15209364.0,16935420.0,1595.5938,101.75,26.55,2019,853.89,2.37,0.25,-0.42
2019-01-18,panzhihua,攀枝花,Panzhihua,0.0,13.95,20.39,6.12,4.449987229420129,0.98,14473164.0,16117748.0,1580.1875,101.75,26.55,2019,851.8,2.45,0.75,0.13
2019-01-19,panzhihua,攀枝花,Panzhihua,0.0,14.56,20.84,7.29,4.896668594806254,1.19,14897910.0,16593160.0,1560.8125,101.75,26.55,2019,851.83,0.05,0.71,0.37
2019-01-20,panzhihua,攀枝花,Panzhihua,0.03,12.83,18.98,4.45,4.243750950027079,0.95,14102086.0,15708948.0,1541.0938,101.75,26.55,2019,854.01,0.86,0.14,-0.51
2019-01-21,panzhihua,攀枝花,Panzhihua,0.02,9.81,14.83,4.14,3.0063663076950164,0.94,11112474.0,12379436.0,1523.3125,101.75,26.55,2019,856.07,2.17,-0.26,-0.85
2019-01-22,panzhihua,攀枝花,Panzhihua,0.03,11.35,16.5,6.96,2.641096932106271,0.71,9530908.0,10619000.0,1507.2188,101.75,26.55,2019,853.64,5.17,-0.04,-0.53
2019-01-23,panzhihua,攀枝花,Panzhihua,0.0,15.22,21.94,6.69,4.815803390054616,0.97,14893560.0,16597404.0,1491.5312,101.75,26.55,2019,851.51,1.57,0.75,0.07
2019-01-24,panzhihua,攀枝花,Panzhihua,0.0,16.11,22.54,7.89,5.5689598303534815,1.34,15841780.0,17656744.0,1475.8125,101.75,26.55,2019,851.8,-0.95,0.85,0.58
2019-01-25,panzhihua,攀枝花,Panzhihua,0.0,15.05,21.44,7.81,4.893494807937267,0.62,15913814.0,17739488.0,1460.5,101.75,26.55,2019,855.29,0.56,0.19,-0.36
2019-01-26,panzhihua,攀枝花,Panzhihua,0.0,16.74,23.36,9.22,5.450466329540657,1.15,15747806.0,17556948.0,1445.4688,101.75,26.55,2019,853.68,0.81,1.01,0.02
2019-01-27,panzhihua,攀枝花,Panzhihua,0.0,17.01,23.73,9.14,5.585443995257078,1.21,15754916.0,17567372.0,1430.6562,101.75,26.55,2019,852.57,-0.01,0.94,0.21
2019-01-28,panzhihua,攀枝花,Panzhihua,0.0,17.17,23.83,9.46,5.543961075567236,1.36,15256118.0,17013528.0,1416.7188,101.75,26.55,2019,851.89,0.82,0.88,0.48
2019-01-29,panzhihua,攀枝花,Panzhihua,0.32,16.72,23.39,10.46,5.044370103016459,1.89,13648954.0,15222932.0,1404.1562,101.75,26.55,2019,849.96,4.63,1.61,0.44
2019-01-30,panzhihua,攀枝花,Panzhihua,2.19,14.52,19.86,7.45,4.589353176732417,1.33,13255444.0,14786476.0,1397.1875,101.75,26.55,2019,852.87,-0.15,0.63,0.91
2019-01-31,panzhihua,攀枝花,Panzhihua,0.0,13.87,20.28,6.6,4.982263423786682,0.63,16639960.0,18564372.0,1405.0625,101.75,26.55,2019,855.45,-1.8,0.09,-0.23
2019-02-01,panzhihua,攀枝花,Panzhihua,0.0,17.15,24.11,7.87,5.765613524903046,1.02,16568808.0,18487542.0,1423.0312,101.75,26.55,2019,851.88,-1.74,0.8,0.16
2019-02-02,panzhihua,攀枝花,Panzhihua,0.0,17.19,24.49,9.79,6.31746986722759,1.62,16766970.0,18711294.0,1439.1875,101.75,26.55,2019,850.51,-2.84,1.03,0.96
2019-02-03,panzhihua,攀枝花,Panzhihua,0.0,17.14,23.66,9.74,6.267166728655808,1.43,17015742.0,18991532.0,1447.4688,101.75,26.55,2019,852.61,-3.53,0.95,0.62
2019-02-04,panzhihua,攀枝花,Panzhihua,0.0,16.25,22.98,8.53,6.141702143500261,1.44,17018238.0,18997044.0,1448.8125,101.75,26.55,2019,852.42,-4.56,0.84,0.98
2019-02-05,panzhihua,攀枝花,Panzhihua,0.0,16.54,23.09,7.21,5.882806274112448,0.87,17483056.0,19518540.0,1443.9062,101.75,26.55,2019,851.45,-4.59,0.66,-0.08
2019-02-06,panzhihua,攀枝花,Panzhihua,0.0,17.42,24.42,9.47,6.460894723939783,1.52,17323592.0,19343204.0,1430.1562,101.75,26.55,2019,848.07,-3.32,1.13,0.41
2019-02-07,panzhihua,攀枝花,Panzhihua,0.01,18.22,25.16,9.35,6.422895110868187,1.28,17370626.0,19398418.0,1408.3125,101.75,26.55,2019,850.15,-2.72,1.0,0.29
2019-02-08,panzhihua,攀枝花,Panzhihua,0.0,19.73,26.96,10.27,6.826265293219072,1.51,17393644.0,19426818.0,1382.5625,101.75,26.55,2019,849.87,-0.77,1.11,0.56
2019-02-09,panzhihua,攀枝花,Panzhihua,0.0,20.04,27.26,12.55,6.696805194159914,1.84,16680154.0,18632662.0,1357.1562,101.75,26.55,2019,850.15,3.11,1.33,0.94
2019-02-10,panzhihua,攀枝花,Panzhihua,0.02,19.23,25.75,12.35,6.353012434701498,1.8,16429602.0,18355114.0,1334.8125,101.75,26.55,2019,852.82,3.86,1.15,1.15
2019-02-11,panzhihua,攀枝花,Panzhihua,0.0,19.05,25.58,11.35,6.5061996856751385,1.28,17525862.0,19582632.0,1316.375,101.75,26.55,2019,854.43,-0.09,0.59,0.88
2019-02-12,panzhihua,攀枝花,Panzhihua,0.0,19.5,25.6,11.64,6.91639055408685,1.51,17680652.0,19758324.0,1301.9375,101.75,26.55,2019,854.94,-1.91,0.79,0.91
2019-02-13,panzhihua,攀枝花,Panzhihua,0.0,19.23,25.58,11.29,6.671254546049763,1.08,18008506.0,20127504.0,1292.4062,101.75,26.55,2019,853.84,-4.29,0.45,0.54
2019-02-14,panzhihua,攀枝花,Panzhihua,0.0,19.39,25.86,11.39,6.627452299177397,1.27,17618272.0,19694052.0,1288.8438,101.75,26.55,2019,851.42,-0.83,0.76,0.55
2019-02-15,panzhihua,攀枝花,Panzhihua,0.0,19.34,26.37,11.68,6.980605777091402,1.87,17397502.0,19450136.0,1292.0625,101.75,26.55,2019,850.83,-0.11,1.17,1.12
2019-02-16,panzhihua,攀枝花,Panzhihua,0.33,19.67,25.65,12.84,7.045308348263723,1.74,17631348.0,19717086.0,1300.0,101.75,26.55,2019,849.21,-0.46,1.0,0.98
2019-02-17,panzhihua,攀枝花,Panzhihua,0.64,15.62,21.7,9.82,4.564413918738556,1.5,11876000.0,13284554.0,1307.0,101.75,26.55,2019,846.2,-0.0,0.98,0.78
2019-02-18,panzhihua,攀枝花,Panzhihua,0.16,15.47,21.57,9.28,5.933303094656777,1.76,16740186.0,18730848.0,1306.6562,101.75,26.55,2019,847.12,-1.36,1.08,1.07
2019-02-19,panzhihua,攀枝花,Panzhihua,0.02,15.82,21.98,9.8,5.963014942109684,1.92,16766540.0,18765812.0,1299.1562,101.75,26.55,2019,850.03,0.53,1.11,1.31
2019-02-20,panzhihua,攀枝花,Panzhihua,0.35,16.27,21.44,9.62,5.463107848506938,1.53,15639718.0,17509148.0,1288.375,101.75,26.55,2019,852.51,2.38,1.03,0.89
2019-02-21,panzhihua,攀枝花,Panzhihua,0.0,17.61,23.62,9.59,6.08736709315979,0.78,18676770.0,20915284.0,1279.25,101.75,26.55,2019,852.78,2.68,0.46,0.07
2019-02-22,panzhihua,攀枝花,Panzhihua,0.0,18.01,24.47,11.31,5.879149826420183,1.42,16159720.0,18101462.0,1275.0,101.75,26.55,2019,848.7,2.73,0.88,0.6
2019-02-23,panzhihua,攀枝花,Panzhihua,0.1,17.75,22.4,11.75,4.489149273156563,1.06,12340578.0,13827494.0,1274.8438,101.75,26.55,2019,848.09,4.46,0.83,0.13
2019-02-24,panzhihua,攀枝花,Panzhihua,0.0,18.6,25.64,11.64,6.445651467135267,1.82,16688402.0,18704116.0,1273.375,101.75,26.55,2019,848.27,2.03,1.13,1.12
2019-02-25,panzhihua,攀枝花,Panzhihua,0.0,19.19,25.64,11.68,6.870209168596772,1.89,17969636.0,20146036.0,1266.8438,101.75,26.55,2019,848.81,3.1,1.01,1.41
2019-02-26,panzhihua,攀枝花,Panzhihua,0.0,16.84,23.56,9.8,6.202450387036111,2.13,16982046.0,19044072.0,1256.5625,101.75,26.55,2019,849.26,2.49,1.38,1.09
2019-02-27,panzhihua,攀枝花,Panzhihua,0.0,17.2,23.38,9.25,6.074012038332745,1.89,16308150.0,18293316.0,1243.8438,101.75,26.55,2019,849.14,1.86,1.08,1.06
2019-02-28,panzhihua,攀枝花,Panzhihua,0.2,16.58,22.88,10.8,5.009124372188202,1.75,13714786.0,15388494.0,1230.4062,101.75,26.55,2019,848.67,4.37,1.37,0.65
2019-03-01,panzhihua,攀枝花,Panzhihua,0.03,16.67,23.01,9.94,6.489852939274916,2.02,18044064.0,20252314.0,1218.3438,101.75,26.55,2019,848.69,1.08,1.22,1.47
2019-03-02,panzhihua,攀枝花,Panzhihua,0.0,16.31,22.85,7.88,7.1854436694976656,1.79,19542816.0,21940286.0,1211.125,101.75,26.55,2019,849.32,-7.9,0.33,1.64
2019-03-03,panzhihua,攀枝花,Panzhihua,0.0,18.38,24.39,7.0,7.021529566758112,0.75,20591354.0,23124028.0,1211.7188,101.75,26.55,2019,847.63,-6.86,0.39,0.08
2019-03-04,panzhihua,攀枝花,Panzhihua,0.11,18.27,24.3,11.47,6.918797779495407,2.06,17590886.0,19759994.0,1219.875,101.75,26.55,2019,844.39,-0.17,1.28,1.21
2019-03-05,panzhihua,攀枝花,Panzhihua,0.01,17.66,24.11,10.8,6.6177096638446615,1.6,19202952.0,21577064.0,1231.9062,101.75,26.55,2019,847.59,3.67,0.99,0.66
2019-03-06,panzhihua,攀枝花,Panzhihua,0.51,17.31,23.63,11.83,5.535999455226044,1.33,16082344.0,18076072.0,1243.25,101.75,26.55,2019,848.08,4.73,1.16,0.0
2019-03-07,panzhihua,攀枝花,Panzhihua,0.79,17.29,22.55,11.29,5.413641221071671,1.12,16021170.0,18012652.0,1251.875,101.75,26.55,2019,848.22,4.74,0.51,0.45
2019-03-08,panzhihua,攀枝花,Panzhihua,0.02,17.9,23.82,11.57,6.274453492420214,1.91,16616757.0,18686416.0,1256.0625,101.75,26.55,2019,847.27,2.64,1.11,1.09
2019-03-09,panzhihua,攀枝花,Panzhihua,0.26,18.41,23.54,11.18,6.0678840558631935,1.25,16645875.0,18724852.0,1255.375,101.75,26.55,2019,847.74,1.54,0.26,0.6
2019-03-10,panzhihua,攀枝花,Panzhihua,0.01,17.91,22.33,12.33,5.1105141424486575,0.79,14586073.0,16412468.0,1250.4375,101.75,26.55,2019,849.72,0.8,0.25,-0.37
2019-03-11,panzhihua,攀枝花,Panzhihua,0.0,17.25,21.66,11.94,4.491065700188557,0.71,13090003.0,14733096.0,1243.7812,101.75,26.55,2019,850.55,2.21,0.02,-0.41
2019-03-12,panzhihua,攀枝花,Panzhihua,0.0,19.41,26.1,11.39,6.332117883703574,1.43,16667045.0,18764496.0,1237.2188,101.75,26.55,2019,848.53,2.74,0.77,0.6
2019-03-13,panzhihua,攀枝花,Panzhihua,0.0,21.17,27.67,12.19,7.602157528152242,1.13,20916996.0,23555888.0,1229.9688,101.75,26.55,2019,850.6,3.82,0.44,-0.05
2019-03-14,panzhihua,攀枝花,Panzhihua,0.0,17.25,22.7,10.32,4.458591784013085,1.21,12733130.0,14343615.0,1222.125,101.75,26.55,2019,853.84,6.68,-0.58,-0.97
2019-03-15,panzhihua,攀枝花,Panzhihua,0.02,17.4,23.39,9.77,5.39052738330943,1.17,16299231.0,18366468.0,1212.0312,101.75,26.55,2019,852.57,6.88,-0.84,-0.56
2019-03-16,panzhihua,攀枝花,Panzhihua,0.0,21.36,27.86,11.14,7.469055063676348,1.74,18939416.0,21344244.0,1198.3438,101.75,26.55,2019,850.35,4.6,0.8,1.33
2019-03-17,panzhihua,攀枝花,Panzhihua,0.0,22.09,28.22,14.32,8.494219965310219,1.85,20910948.0,23569936.0,1183.0,101.75,26.55,2019,850.83,1.6,0.84,1.32
2019-03-18,panzhihua,攀枝花,Panzhihua,0.0,22.14,29.4,13.67,8.761892117538691,1.76,21835170.0,24616030.0,1168.75,101.75,26.55,2019,849.01,0.52,0.88,1.21
2019-03-19,panzhihua,攀枝花,Panzhihua,0.04,19.91,25.82,12.94,7.81585772269991,2.21,19318476.0,21781948.0,1158.8438,101.75,26.55,2019,847.13,0.81,1.36,1.49
2019-03-20,panzhihua,攀枝花,Panzhihua,0.03,19.67,26.8,12.2,7.780527326912187,1.99,20583128.0,23211848.0,1156.6562,101.75,26.55,2019,847.48,2.74,1.3,1.28
2019-03-21,panzhihua,攀枝花,Panzhihua,0.0,19.98,27.04,12.28,7.509014382260302,2.06,18144936.0,20465250.0,1164.5625,101.75,26.55,2019,848.01,-0.16,1.13,1.48
2019-03-22,panzhihua,攀枝花,Panzhihua,0.0,21.09,27.79,12.55,8.038237633445847,1.58,20950058.0,23633378.0,1182.5312,101.75,26.55,2019,849.1,1.96,0.82,0.84
2019-03-23,panzhihua,攀枝花,Panzhihua,0.22,18.32,24.15,11.65,5.765034332374557,1.1,16755462.0,18905630.0,1207.1562,101.75,26.55,2019,850.38,5.49,-0.43,-0.71
2019-03-24,panzhihua,攀枝花,Panzhihua,0.0,20.95,27.14,11.21,8.036341957769316,1.45,20746340.0,23411900.0,1232.0938,101.75,26.55,2019,849.5,-1.4,0.12,0.85
2019-03-25,panzhihua,攀枝花,Panzhihua,0.0,22.65,30.09,12.96,8.989278271572699,1.55,22649698.0,25563776.0,1252.9688,101.75,26.55,2019,850.08,-0.25,0.78,1.02
2019-03-26,panzhihua,攀枝花,Panzhihua,0.0,23.82,31.0,15.17,9.717117409946988,1.94,23008532.0,25973062.0,1265.6875,101.75,26.55,2019,850.81,-0.12,0.95,1.49
2019-03-27,panzhihua,攀枝花,Panzhihua,0.02,22.26,28.2,13.93,8.066590335756544,1.93,19427422.0,21933796.0,1269.0,101.75,26.55,2019,850.57,3.41,1.1,1.35
2019-03-28,panzhihua,攀枝花,Panzhihua,0.13,18.81,25.69,11.8,6.121522773756649,0.89,17982950.0,20307096.0,1265.0,101.75,26.55,2019,850.32,4.78,0.24,0.2
2019-03-29,panzhihua,攀枝花,Panzhihua,0.0,22.38,28.85,11.5,8.541920043383938,0.98,23308084.0,26324176.0,1255.875,101.75,26.55,2019,848.48,1.78,0.63,-0.12
2019-03-30,panzhihua,攀枝花,Panzhihua,0.0,24.49,30.73,15.19,9.274785047960233,1.43,22953420.0,25928120.0,1244.9688,101.75,26.55,2019,847.7,2.11,0.94,0.54
2019-03-31,panzhihua,攀枝花,Panzhihua,1.0,22.33,28.95,14.92,6.855587334985036,0.91,18813546.0,21255698.0,1234.9062,101.75,26.55,2019,851.13,7.83,0.44,-0.4
2019-04-01,panzhihua,攀枝花,Panzhihua,1.62,21.39,28.25,14.39,6.995830870852879,1.17,19530528.0,22068756.0,1224.7188,101.75,26.55,2019,850.93,8.6,0.69,0.53
2019-04-02,panzhihua,攀枝花,Panzhihua,0.1,21.24,28.36,13.6,7.9501135226740445,1.77,21033448.0,23770974.0,1216.4688,101.75,26.55,2019,850.6,5.7,1.11,0.9
2019-04-03,panzhihua,攀枝花,Panzhihua,2.92,17.2,24.66,10.65,4.838931035826952,0.58,15660776.0,17703324.0,1218.7812,101.75,26.55,2019,852.51,9.56,0.32,-0.01
2019-04-04,panzhihua,攀枝花,Panzhihua,0.24,20.29,25.77,10.84,6.88346046611807,1.04,19121482.0,21617664.0,1234.625,101.75,26.55,2019,852.13,3.58,0.2,0.45
2019-04-05,panzhihua,攀枝花,Panzhihua,1.91,17.02,24.01,12.18,5.246978282284256,1.07,16392308.0,18536600.0,1265.25,101.75,26.55,2019,853.83,7.85,-0.93,-0.01
2019-04-06,panzhihua,攀枝花,Panzhihua,0.02,20.71,26.92,11.9,8.008673991747164,0.88,22970330.0,25977216.0,1309.375,101.75,26.55,2019,851.8,2.58,-0.03,0.17
2019-04-07,panzhihua,攀枝花,Panzhihua,0.0,23.47,30.67,14.45,9.047857346128474,1.57,22927560.0,25932924.0,1365.3438,101.75,26.55,2019,848.5,3.99,1.09,0.87
2019-04-08,panzhihua,攀枝花,Panzhihua,0.01,22.71,29.23,15.9,8.831288531409056,2.13,22138660.0,25045238.0,1415.7188,101.75,26.55,2019,846.01,6.15,1.54,1.25
2019-04-09,panzhihua,攀枝花,Panzhihua,0.08,23.33,29.52,15.55,8.534861691540325,1.54,21831060.0,24700472.0,1448.3438,101.75,26.55,2019,848.51,6.0,1.11,0.73
2019-04-10,panzhihua,攀枝花,Panzhihua,0.01,23.74,30.06,16.81,9.113027835735911,1.94,21976138.0,24869282.0,1463.4375,101.75,26.55,2019,847.77,4.28,1.14,1.2
2019-04-11,panzhihua,攀枝花,Panzhihua,0.01,23.63,29.57,16.72,8.352553283768755,0.92,22413532.0,25368524.0,1466.4688,101.75,26.55,2019,848.38,4.83,0.63,0.13
2019-04-12,panzhihua,攀枝花,Panzhihua,0.0,25.81,32.92,16.53,10.124470153858235,1.69,24097974.0,27279486.0,1463.0938,101.75,26.55,2019,846.82,3.24,1.15,0.85
2019-04-13,panzhihua,攀枝花,Panzhihua,0.0,27.42,33.86,18.63,10.171800456253411,1.24,24448174.0,27680498.0,1460.9375,101.75,26.55,2019,848.18,2.33,0.89,0.4
2019-04-14,panzhihua,攀枝花,Panzhihua,0.57,26.12,31.74,19.12,8.670960884736314,0.9,22267324.0,25216006.0,1461.7812,101.75,26.55,2019,849.16,6.7,0.39,-0.42
2019-04-15,panzhihua,攀枝花,Panzhihua,0.01,26.47,32.66,18.83,9.502309968198867,1.74,21875778.0,24775958.0,1460.5625,101.75,26.55,2019,847.93,5.69,0.68,1.21
2019-04-16,panzhihua,攀枝花,Panzhihua,0.06,25.18,29.56,19.06,7.433650768288063,0.81,19334482.0,21894812.0,1460.75,101.75,26.55,2019,849.23,7.87,0.48,-0.08
2019-04-17,panzhihua,攀枝花,Panzhihua,0.0,26.34,33.47,18.87,10.175965443868492,2.04,23665890.0,26794044.0,1474.4062,101.75,26.55,2019,846.11,6.84,1.11,1.44
2019-04-18,panzhihua,攀枝花,Panzhihua,0.0,25.94,33.14,19.69,10.404662992757927,2.25,23926644.0,27084218.0,1516.625,101.75,26.55,2019,844.57,5.76,1.11,1.8
2019-04-19,panzhihua,攀枝花,Panzhihua,0.0,26.56,33.44,19.37,11.060493079792032,2.26,24564704.0,27801580.0,1584.75,101.75,26.55,2019,844.44,2.29,1.0,1.88
2019-04-20,panzhihua,攀枝花,Panzhihua,0.0,26.82,33.31,19.1,10.680943634941857,1.83,24636566.0,27877864.0,1657.6562,101.75,26.55,2019,844.59,3.1,1.01,1.06
2019-04-21,panzhihua,攀枝花,Panzhihua,0.09,25.06,31.5,17.1,9.786885486030735,1.8,23399814.0,26473696.0,1732.9375,101.75,26.55,2019,846.36,3.81,1.19,1.07
2019-04-22,panzhihua,攀枝花,Panzhihua,0.0,26.73,33.1,17.1,10.435685844357224,1.65,24348966.0,27542682.0,1817.8125,101.75,26.55,2019,847.01,2.25,0.78,1.27
2019-04-23,panzhihua,攀枝花,Panzhihua,0.0,26.86,33.07,19.13,11.005460382911656,2.23,23931904.0,27065700.0,1909.75,101.75,26.55,2019,847.74,1.12,1.14,1.74
2019-04-24,panzhihua,攀枝花,Panzhihua,0.0,27.47,33.45,18.97,10.114822369450328,0.99,25072680.0,28351010.0,1999.5,101.75,26.55,2019,848.11,1.24,0.42,0.39
2019-04-25,panzhihua,攀枝花,Panzhihua,0.01,26.63,33.06,18.96,8.901007754362125,0.83,22850278.0,25833974.0,2076.875,101.75,26.55,2019,848.79,5.77,0.42,0.57
2019-04-26,panzhihua,攀枝花,Panzhihua,0.0,27.74,33.49,19.42,9.37165879199741,1.1,22856780.0,25836688.0,2144.4688,101.75,26.55,2019,846.8,6.39,0.87,0.39
2019-04-27,panzhihua,攀枝花,Panzhihua,0.0,28.17,34.84,21.27,10.899498056700326,1.83,24995618.0,28248506.0,2202.9375,101.75,26.55,2019,845.13,6.42,1.23,0.84
2019-04-28,panzhihua,攀枝花,Panzhihua,0.47,27.34,33.4,20.58,8.958750602587099,1.56,20999750.0,23728054.0,2247.6875,101.75,26.55,2019,845.93,9.58,1.02,0.39
2019-04-29,panzhihua,攀枝花,Panzhihua,0.01,26.43,30.76,21.1,7.335998398720244,1.02,18104404.0,20453078.0,2293.6562,101.75,26.55,2019,846.88,9.91,0.51,0.08
2019-04-30,panzhihua,攀枝花,Panzhihua,5.85,22.02,29.1,15.87,6.035506166805908,1.22,16541694.0,18685204.0,2379.25,101.75,26.55,2019,849.39,11.73,-0.04,-0.82
2019-05-01,panzhihua,攀枝花,Panzhihua,0.15,23.39,28.63,16.18,5.671625292416628,0.73,15272146.0,17248280.0,2543.9375,101.75,26.55,2019,847.1,10.55,0.28,0.01
2019-05-02,panzhihua,攀枝花,Panzhihua,0.0,25.77,30.01,19.3,6.783526021715717,0.91,16986982.0,19180784.0,2813.4062,101.75,26.55,2019,847.95,9.5,0.43,0.31
2019-05-03,panzhihua,攀枝花,Panzhihua,0.0,28.11,34.17,20.48,9.115762588242436,1.7,20566442.0,23218790.0,3176.7188,101.75,26.55,2019,846.84,9.72,0.97,0.9
2019-05-04,panzhihua,攀枝花,Panzhihua,0.0,28.89,35.19,22.04,9.104221907608704,1.91,19747704.0,22290876.0,3574.6875,101.75,26.55,2019,845.71,11.28,1.03,1.21
2019-05-05,panzhihua,攀枝花,Panzhihua,0.01,28.26,34.2,21.98,8.304458673642461,1.67,18768166.0,21180676.0,3953.625,101.75,26.55,2019,844.52,12.53,0.84,0.97
2019-05-06,panzhihua,攀枝花,Panzhihua,0.09,28.1,34.66,20.85,9.004579752164698,1.58,20350822.0,22962420.0,4320.7188,101.75,26.55,2019,843.59,8.7,1.12,0.85
2019-05-07,panzhihua,攀枝花,Panzhihua,0.0,27.64,33.34,21.02,9.163771649786309,1.81,19685578.0,22207820.0,4714.0,101.75,26.55,2019,843.55,5.58,0.93,0.91
2019-05-08,panzhihua,攀枝花,Panzhihua,0.0,26.92,32.42,20.26,7.69008966233821,1.24,17703368.0,19968284.0,5159.4688,101.75,26.55,2019,843.99,6.85,0.24,0.3
2019-05-09,panzhihua,攀枝花,Panzhihua,0.1,23.05,28.94,18.01,6.0640564421910295,1.68,14075972.0,15874452.0,5662.5,101.75,26.55,2019,846.53,9.12,-1.34,-0.97
2019-05-10,panzhihua,攀枝花,Panzhihua,0.01,26.24,31.43,18.91,7.7162618768267475,0.96,19215380.0,21666406.0,6172.875,101.75,26.55,2019,847.53,7.41,-0.08,0.34
2019-05-11,panzhihua,攀枝花,Panzhihua,0.0,28.41,33.99,20.98,9.450679976272324,1.77,20575766.0,23195022.0,6583.2188,101.75,26.55,2019,846.73,7.19,0.81,1.43
2019-05-12,panzhihua,攀枝花,Panzhihua,0.0,29.31,35.78,20.99,10.692352078692869,1.75,23526332.0,26516628.0,6812.7812,101.75,26.55,2019,846.11,5.28,0.71,1.43
2019-05-13,panzhihua,攀枝花,Panzhihua,0.0,29.29,35.68,21.18,10.58097245536539,1.96,22596884.0,25464716.0,6841.0,101.75,26.55,2019,845.59,6.03,0.91,1.49
2019-05-14,panzhihua,攀枝花,Panzhihua,0.0,29.19,35.7,21.81,11.038538168090888,2.04,23944198.0,26977598.0,6742.2188,101.75,26.55,2019,844.24,6.3,1.17,1.27
2019-05-15,panzhihua,攀枝花,Panzhihua,0.0,29.41,35.23,22.2,10.310159496217246,1.69,22700602.0,25571996.0,6610.9375,101.75,26.55,2019,844.74,6.38,1.07,0.9
2019-05-16,panzhihua,攀枝花,Panzhihua,0.0,29.55,36.03,22.4,10.665459676101497,1.88,22946686.0,25866454.0,6477.875,101.75,26.55,2019,843.46,6.04,1.22,0.9
2019-05-17,panzhihua,攀枝花,Panzhihua,0.0,29.4,35.75,22.54,10.122338662997665,1.76,22215198.0,25058782.0,6335.8125,101.75,26.55,2019,842.77,8.08,1.19,0.9
2019-05-18,panzhihua,攀枝花,Panzhihua,0.0,29.86,36.52,22.35,10.529555363214763,1.85,23005950.0,25967966.0,6164.5,101.75,26.55,2019,842.49,8.79,1.21,0.82
2019-05-19,panzhihua,攀枝花,Panzhihua,0.0,29.81,35.69,21.88,9.847671521612291,1.19,23305388.0,26324368.0,5976.5938,101.75,26.55,2019,846.29,9.56,0.14,-0.57
2019-05-20,panzhihua,攀枝花,Panzhihua,0.05,29.75,36.76,20.22,9.720789237062448,1.06,23115390.0,26127076.0,5814.2188,101.75,26.55,2019,846.65,7.72,0.35,-0.39
2019-05-21,panzhihua,攀枝花,Panzhihua,0.04,28.56,36.34,20.97,10.24755084504757,1.34,24434262.0,27636264.0,5738.9688,101.75,26.55,2019,847.21,7.57,-0.24,-0.33
2019-05-22,panzhihua,攀枝花,Panzhihua,1.63,25.63,31.19,20.83,6.87323910091513,1.14,16977150.0,19215396.0,5778.0625,101.75,26.55,2019,849.37,11.19,0.23,-0.74
2019-05-23,panzhihua,攀枝花,Panzhihua,0.06,28.63,34.68,21.46,9.490645513138777,1.31,22694776.0,25704108.0,5908.6562,101.75,26.55,2019,846.01,10.55,1.08,0.22
2019-05-24,panzhihua,攀枝花,Panzhihua,0.01,28.72,34.24,22.62,10.057707531203224,1.8,22805624.0,25846734.0,6094.9062,101.75,26.55,2019,843.74,10.03,1.47,0.65
2019-05-25,panzhihua,攀枝花,Panzhihua,0.0,29.02,34.8,22.08,9.078768294177427,1.37,20772076.0,23558176.0,6294.7188,101.75,26.55,2019,842.46,9.67,1.03,0.01
2019-05-26,panzhihua,攀枝花,Panzhihua,3.32,28.16,34.52,21.17,8.76638972215406,0.79,22757104.0,25826984.0,6493.25,101.75,26.55,2019,844.98,13.85,0.13,-0.11
2019-05-27,panzhihua,攀枝花,Panzhihua,16.03,22.58,28.35,19.14,3.397441721687537,0.76,9845210.0,11180844.0,6685.2188,101.75,26.55,2019,848.89,18.55,-0.45,-0.3
2019-05-28,panzhihua,攀枝花,Panzhihua,8.25,23.32,27.9,18.66,5.087993899328459,0.68,14717152.0,16724564.0,6828.1562,101.75,26.55,2019,848.64,17.45,-0.12,-0.39
2019-05-29,panzhihua,攀枝花,Panzhihua,0.69,25.1,30.1,19.46,6.528367012278298,0.8,17861812.0,20312488.0,6916.4062,101.75,26.55,2019,845.85,15.89,0.02,-0.52
2019-05-30,panzhihua,攀枝花,Panzhihua,2.79,24.4,30.51,18.76,7.902621078317739,1.32,21636854.0,24622236.0,6984.125,101.75,26.55,2019,847.79,14.5,-0.39,-1.03
2019-05-31,panzhihua,攀枝花,Panzhihua,14.8,21.92,26.05,18.5,4.078519992343654,0.81,11542426.0,13143372.0,7072.6562,101.75,26.55,2019,848.79,15.56,0.01,-0.65
2019-06-01,panzhihua,攀枝花,Panzhihua,6.18,18.71,21.01,16.23,2.932859752503373,1.01,8479846.0,9662640.0,7166.4062,101.75,26.55,2019,851.71,13.47,-0.3,0.09
2019-06-02,panzhihua,攀枝花,Panzhihua,0.0,23.24,27.85,16.66,8.772739624051832,0.58,25346170.0,28901976.0,7293.75,101.75,26.55,2019,849.39,10.63,0.39,-0.15
2019-06-03,panzhihua,攀枝花,Panzhihua,0.29,26.1,31.21,19.26,8.224000783813171,0.67,22295356.0,25439792.0,7415.6875,101.75,26.55,2019,847.1,13.55,0.43,0.18
2019-06-04,panzhihua,攀枝花,Panzhihua,0.17,26.67,30.32,21.21,7.903985113593878,1.07,20588830.0,23509172.0,7421.0625,101.75,26.55,2019,844.65,15.41,0.65,0.16
2019-06-05,panzhihua,攀枝花,Panzhihua,0.0,27.94,32.22,21.26,8.843257284674335,1.09,22012626.0,25152076.0,7256.4688,101.75,26.55,2019,844.95,12.72,0.69,-0.37
2019-06-06,panzhihua,攀枝花,Panzhihua,0.01,28.88,33.31,22.62,9.329935798862609,1.27,22733780.0,25993208.0,6972.4375,101.75,26.55,2019,846.56,14.05,1.01,-0.14
2019-06-07,panzhihua,攀枝花,Panzhihua,0.03,28.76,34.43,23.71,9.18931520819194,1.46,22158306.0,25352584.0,6654.6875,101.75,26.55,2019,846.2,14.91,1.14,-0.12
2019-06-08,panzhihua,攀枝花,Panzhihua,0.11,29.08,35.31,23.56,9.453981176813793,1.58,22301952.0,25534820.0,6377.7812,101.75,26.55,2019,844.07,14.45,1.36,0.31
2019-06-09,panzhihua,攀枝花,Panzhihua,1.71,28.35,34.13,23.46,7.811735484676213,1.16,19098406.0,21882408.0,6177.5625,101.75,26.55,2019,843.32,15.74,0.58,-0.1
2019-06-10,panzhihua,攀枝花,Panzhihua,0.65,29.52,35.16,23.5,8.664943463570982,0.8,21870526.0,25075096.0,6078.8125,101.75,26.55,2019,842.84,16.05,0.48,-0.09
2019-06-11,panzhihua,攀枝花,Panzhihua,0.05,30.39,36.61,24.3,9.652536147998893,1.53,22230944.0,25506116.0,6175.4375,101.75,26.55,2019,842.6,15.13,1.06,-0.08
2019-06-12,panzhihua,攀枝花,Panzhihua,9.75,28.11,34.33,21.52,7.708434713922332,0.74,20017786.0,22982220.0,6429.0938,101.75,26.55,2019,845.43,16.92,0.09,-0.53
2019-06-13,panzhihua,攀枝花,Panzhihua,19.4,24.56,30.43,20.0,5.402083794976426,0.7,15348384.0,17633076.0,6661.2812,101.75,26.55,2019,845.99,19.39,0.18,-0.38
2019-06-14,panzhihua,攀枝花,Panzhihua,14.0,24.51,28.32,20.38,5.309030791051432,0.63,15367656.0,17667412.0,6877.0938,101.75,26.55,2019,844.03,20.58,-0.07,0.04
2019-06-15,panzhihua,攀枝花,Panzhihua,11.05,23.91,27.44,20.77,4.313932109444764,0.77,12395580.0,14258496.0,7063.5625,101.75,26.55,2019,844.11,20.05,0.37,0.23
2019-06-16,panzhihua,攀枝花,Panzhihua,19.58,24.22,28.42,20.59,5.135106719151954,0.55,14967558.0,17222872.0,7195.4688,101.75,26.55,2019,844.31,20.61,-0.31,-0.11
2019-06-17,panzhihua,攀枝花,Panzhihua,22.1,23.89,27.52,20.27,4.937444877778744,0.64,14552206.0,16748312.0,7348.2188,101.75,26.55,2019,845.58,20.8,-0.42,-0.22
2019-06-18,panzhihua,攀枝花,Panzhihua,12.93,24.15,28.16,20.67,4.866353500610017,0.56,14307104.0,16468516.0,7556.8125,101.75,26.55,2019,845.63,21.29,-0.2,-0.19
2019-06-19,panzhihua,攀枝花,Panzhihua,4.84,24.49,28.02,22.0,5.366333981969794,0.69,15674688.0,18046936.0,7877.875,101.75,26.55,2019,845.14,21.19,0.13,-0.06
2019-06-20,panzhihua,攀枝花,Panzhihua,0.18,27.23,32.66,22.2,7.450571979924548,1.35,19113484.0,22011460.0,8281.280999999999,101.75,26.55,2019,843.95,18.42,0.95,0.05
2019-06-21,panzhihua,攀枝花,Panzhihua,0.02,27.82,31.73,22.88,7.351573273126862,0.9,19132576.0,22037952.0,8637.6875,101.75,26.55,2019,843.89,18.67,0.26,-0.12
2019-06-22,panzhihua,攀枝花,Panzhihua,3.45,26.8,31.43,22.7,7.078145189688841,0.8,19189498.0,22106656.0,8825.530999999999,101.75,26.55,2019,844.92,19.5,-0.09,-0.09
2019-06-23,panzhihua,攀枝花,Panzhihua,22.57,22.91,25.38,21.0,3.074534566994502,0.6,9112038.0,10498840.0,8894.405999999999,101.75,26.55,2019,846.98,20.65,-0.34,-0.3
2019-06-24,panzhihua,攀枝花,Panzhihua,34.72,22.44,25.93,20.56,2.9836388808056538,0.59,9022556.0,10398248.0,9044.031,101.75,26.55,2019,846.69,20.71,-0.24,-0.24
2019-06-25,panzhihua,攀枝花,Panzhihua,58.23,21.57,23.1,20.53,1.7660243380156662,0.52,5389322.0,6211312.0,9463.75,101.75,26.55,2019,847.24,20.43,-0.14,-0.31
2019-06-26,panzhihua,攀枝花,Panzhihua,7.75,23.2,26.27,20.12,3.8709030393891775,0.51,11487626.0,13243984.0,9839.281,101.75,26.55,2019,843.17,20.7,0.05,-0.3
2019-06-27,panzhihua,攀枝花,Panzhihua,0.43,26.11,29.54,21.52,6.017251891787432,0.82,16245968.0,18734972.0,10133.1875,101.75,26.55,2019,839.85,19.21,0.39,-0.35
2019-06-28,panzhihua,攀枝花,Panzhihua,14.87,25.49,29.96,20.99,6.093417506146637,0.6,17065956.0,19683340.0,10356.969,101.75,26.55,2019,842.13,19.68,0.05,-0.1
2019-06-29,panzhihua,攀枝花,Panzhihua,21.6,22.37,25.09,21.02,2.8778730398619783,0.93,8351780.0,9634304.0,10685.9375,101.75,26.55,2019,845.17,19.57,-0.73,-0.38
2019-06-30,panzhihua,攀枝花,Panzhihua,7.97,20.2,21.68,19.35,1.7140827267176142,0.59,4896112.0,5648408.0,11120.156,101.75,26.55,2019,849.02,17.03,-0.49,-0.08
2019-07-01,panzhihua,攀枝花,Panzhihua,0.0,22.54,25.19,19.09,5.363895824685368,0.59,15451992.0,17830968.0,11547.6875,101.75,26.55,2019,849.16,15.62,-0.26,0.35
2019-07-02,panzhihua,攀枝花,Panzhihua,0.34,25.86,29.59,20.61,7.199194279885916,0.46,20089460.0,23187516.0,11958.156,101.75,26.55,2019,847.12,18.42,0.09,-0.23
2019-07-03,panzhihua,攀枝花,Panzhihua,17.87,24.62,29.43,20.36,6.14966749452345,0.68,17664724.0,20392752.0,12266.1875,101.75,26.55,2019,846.47,19.89,0.14,-0.54
2019-07-04,panzhihua,攀枝花,Panzhihua,5.01,23.6,26.43,20.85,4.774578706374118,0.77,13841286.0,15980100.0,12682.4375,101.75,26.55,2019,846.66,19.63,-0.6,0.42
2019-07-05,panzhihua,攀枝花,Panzhihua,9.25,22.52,25.26,20.16,3.5675298693792583,0.68,10531728.0,12163268.0,13462.875,101.75,26.55,2019,845.59,19.52,-0.36,-0.11
2019-07-06,panzhihua,攀枝花,Panzhihua,18.66,21.79,25.66,20.24,3.6017770762187498,0.49,11114434.0,12838172.0,14596.344,101.75,26.55,2019,844.06,20.4,-0.11,-0.0
2019-07-07,panzhihua,攀枝花,Panzhihua,3.88,24.0,27.01,20.73,5.222692416483215,0.66,15266960.0,17639556.0,15628.656,101.75,26.55,2019,843.21,20.55,0.05,-0.16
2019-07-08,panzhihua,攀枝花,Panzhihua,39.07,23.14,26.96,20.51,4.3905899445205705,0.56,12998130.0,15019580.0,16307.5625,101.75,26.55,2019,844.74,20.18,0.02,0.01
2019-07-09,panzhihua,攀枝花,Panzhihua,28.21,19.74,21.25,17.44,1.3737559795827972,0.57,4165086.0,4813870.0,16903.5,101.75,26.55,2019,846.83,18.13,-0.27,-0.05
2019-07-10,panzhihua,攀枝花,Panzhihua,4.89,21.82,24.85,17.77,4.3506508265146495,0.4,13056184.0,15092540.0,17480.031000000006,101.75,26.55,2019,845.61,18.16,0.07,0.1
2019-07-11,panzhihua,攀枝花,Panzhihua,13.26,21.89,24.82,20.2,3.131180505748125,0.5,9586870.0,11085640.0,17726.343999999994,101.75,26.55,2019,845.64,20.43,0.23,-0.12
2019-07-12,panzhihua,攀枝花,Panzhihua,16.64,21.51,24.08,19.28,3.0993764662807437,0.59,9531066.0,11021240.0,17671.906000000006,101.75,26.55,2019,846.0,19.83,0.1,0.05
2019-07-13,panzhihua,攀枝花,Panzhihua,16.46,21.19,22.98,19.94,2.321482953239688,0.42,7184236.0,8309636.0,17637.938000000002,101.75,26.55,2019,845.94,20.17,-0.27,-0.13
2019-07-14,panzhihua,攀枝花,Panzhihua,13.62,22.41,25.29,19.81,4.268241034298018,0.45,12771458.0,14775450.0,17715.531000000006,101.75,26.55,2019,844.05,19.52,-0.31,-0.03
2019-07-15,panzhihua,攀枝花,Panzhihua,4.7,24.22,27.91,20.32,5.7522014158271375,0.41,16719708.0,19347888.0,17781.875,101.75,26.55,2019,843.66,20.41,0.07,-0.11
2019-07-16,panzhihua,攀枝花,Panzhihua,3.54,24.19,28.61,20.71,5.441955543165711,0.48,15871760.0,18367576.0,17811.031000000006,101.75,26.55,2019,844.68,20.86,0.22,-0.05
2019-07-17,panzhihua,攀枝花,Panzhihua,5.32,23.62,27.95,19.13,5.377696735835785,0.57,15930636.0,18436784.0,17791.561999999998,101.75,26.55,2019,845.49,20.73,-0.22,0.39
2019-07-18,panzhihua,攀枝花,Panzhihua,12.89,23.73,29.54,20.0,6.021904166703954,0.63,17861486.0,20673406.0,17721.531000000006,101.75,26.55,2019,845.48,20.62,-0.13,0.28
2019-07-19,panzhihua,攀枝花,Panzhihua,21.24,22.71,26.72,20.01,4.413943614419766,0.53,13180832.0,15256588.0,17568.468999999994,101.75,26.55,2019,846.69,19.93,0.0,0.05
2019-07-20,panzhihua,攀枝花,Panzhihua,34.19,21.91,24.83,19.69,3.128802983642609,0.35,9505130.0,11003666.0,17313.25,101.75,26.55,2019,847.56,20.38,-0.01,-0.1
2019-07-21,panzhihua,攀枝花,Panzhihua,12.13,22.68,26.31,19.81,4.925808786490399,0.47,14915752.0,17267454.0,17153.688000000002,101.75,26.55,2019,846.13,20.74,-0.11,0.0
2019-07-22,panzhihua,攀枝花,Panzhihua,27.67,22.53,27.17,19.6,4.661347549054013,0.47,14166668.0,16402088.0,17086.297,101.75,26.55,2019,845.39,20.79,0.02,0.24
2019-07-23,panzhihua,攀枝花,Panzhihua,21.47,21.37,24.34,18.67,3.02672412240546,0.5,9276262.0,10741302.0,17056.39,101.75,26.55,2019,846.23,19.63,-0.07,0.15
2019-07-24,panzhihua,攀枝花,Panzhihua,21.77,22.76,27.37,19.12,5.810568927000995,0.72,17528844.0,20297894.0,17455.016,101.75,26.55,2019,847.49,19.63,-0.3,0.0
2019-07-25,panzhihua,攀枝花,Panzhihua,2.25,23.1,27.33,20.01,5.281734099056652,0.67,15451048.0,17892908.0,17984.593999999994,101.75,26.55,2019,848.27,18.75,0.13,-0.02
2019-07-26,panzhihua,攀枝花,Panzhihua,3.71,22.63,26.52,19.17,4.977787539270033,0.55,14953362.0,17317922.0,18326.656000000006,101.75,26.55,2019,846.95,19.82,0.18,-0.12
2019-07-27,panzhihua,攀枝花,Panzhihua,1.85,23.76,28.33,19.81,5.960116311457633,0.51,17520148.0,20293118.0,18445.266,101.75,26.55,2019,846.6,20.21,0.26,0.03
2019-07-28,panzhihua,攀枝花,Panzhihua,7.24,24.23,29.38,20.64,6.463101768060152,0.66,18952186.0,21953746.0,17896.203,101.75,26.55,2019,846.55,20.65,-0.05,0.22
2019-07-29,panzhihua,攀枝花,Panzhihua,31.97,22.02,26.14,18.99,3.766668108115813,0.49,11506338.0,13329244.0,16942.047,101.75,26.55,2019,847.32,20.38,-0.12,0.16
2019-07-30,panzhihua,攀枝花,Panzhihua,36.13,21.74,26.76,18.9,3.876701433218898,0.61,11926276.0,13817782.0,16238.781,101.75,26.55,2019,848.29,19.92,-0.08,-0.19
2019-07-31,panzhihua,攀枝花,Panzhihua,22.43,22.06,25.92,18.69,4.987023607350613,0.62,15174198.0,17580518.0,16171.594,101.75,26.55,2019,848.89,19.33,-0.1,-0.02
2019-08-01,panzhihua,攀枝花,Panzhihua,3.72,23.04,26.78,19.0,5.867672647104322,0.51,17401084.0,20163264.0,16375.094,101.75,26.55,2019,847.71,19.26,-0.11,-0.01
2019-08-02,panzhihua,攀枝花,Panzhihua,3.28,25.01,28.66,19.46,6.743459676297762,0.45,19258558.0,22317026.0,16364.031,101.75,26.55,2019,845.26,19.97,-0.07,0.09
2019-08-03,panzhihua,攀枝花,Panzhihua,19.73,23.61,28.13,19.9,5.600624677100842,0.55,16532802.0,19159220.0,16306.516,101.75,26.55,2019,845.9,20.43,-0.11,-0.02
2019-08-04,panzhihua,攀枝花,Panzhihua,22.81,22.97,27.96,19.02,5.6302169253754375,0.53,16779668.0,19448078.0,16339.484,101.75,26.55,2019,846.9,19.69,0.05,-0.18
2019-08-05,panzhihua,攀枝花,Panzhihua,8.14,22.78,26.69,19.13,4.80842105277113,0.6,14249432.0,16517048.0,16216.516,101.75,26.55,2019,847.65,19.35,-0.03,-0.05
2019-08-06,panzhihua,攀枝花,Panzhihua,10.19,23.28,27.01,19.82,5.1051159975417,0.53,15084728.0,17485724.0,15780.172,101.75,26.55,2019,847.59,20.09,-0.12,-0.13
2019-08-07,panzhihua,攀枝花,Panzhihua,2.88,22.51,25.84,18.96,4.740347434559519,0.56,14210194.0,16474032.0,15348.6875,101.75,26.55,2019,846.64,19.61,-0.11,0.02
2019-08-08,panzhihua,攀枝花,Panzhihua,20.51,23.5,27.72,19.38,5.753581681035207,0.55,17006200.0,19715894.0,15262.266,101.75,26.55,2019,846.25,20.21,0.13,-0.01
2019-08-09,panzhihua,攀枝花,Panzhihua,7.84,22.75,27.31,18.63,5.7446796260053885,0.67,17312506.0,20072978.0,15554.75,101.75,26.55,2019,847.22,19.75,-0.1,0.12
2019-08-10,panzhihua,攀枝花,Panzhihua,0.17,24.79,29.23,18.91,6.671356535450692,0.55,19009850.0,22043542.0,15856.578,101.75,26.55,2019,847.13,19.36,0.12,0.1
2019-08-11,panzhihua,攀枝花,Panzhihua,0.01,26.1,30.93,19.85,8.031294511575611,0.44,22456496.0,26042304.0,15820.078,101.75,26.55,2019,846.23,19.27,0.33,0.04
2019-08-12,panzhihua,攀枝花,Panzhihua,0.09,25.79,30.89,20.47,8.018029692584989,0.49,22631044.0,26246640.0,15441.469,101.75,26.55,2019,846.1,19.86,0.15,-0.11
2019-08-13,panzhihua,攀枝花,Panzhihua,11.64,25.75,30.8,20.41,7.764235530345847,0.64,21846418.0,25338472.0,14646.1875,101.75,26.55,2019,846.48,19.79,-0.12,0.19
2019-08-14,panzhihua,攀枝花,Panzhihua,5.5,23.2,27.39,18.49,5.414406112611368,0.66,15999240.0,18557162.0,13725.125,101.75,26.55,2019,849.01,19.65,-0.03,0.1
2019-08-15,panzhihua,攀枝花,Panzhihua,0.48,24.12,28.91,18.67,7.315671726557758,0.51,21220270.0,24616912.0,13179.344,101.75,26.55,2019,847.51,18.93,0.25,0.04
2019-08-16,panzhihua,攀枝花,Panzhihua,0.04,25.07,30.31,19.0,8.126924575918622,0.41,23144464.0,26847814.0,12876.844,101.75,26.55,2019,846.16,18.58,0.1,-0.13
2019-08-17,panzhihua,攀枝花,Panzhihua,0.0,26.35,31.3,20.81,8.35656885212275,0.5,23225116.0,26940374.0,12408.125,101.75,26.55,2019,846.06,19.08,0.26,-0.32
2019-08-18,panzhihua,攀枝花,Panzhihua,0.41,26.08,29.77,22.08,6.777958419204942,0.67,18732680.0,21728098.0,11752.156,101.75,26.55,2019,845.99,19.91,0.32,-0.28
2019-08-19,panzhihua,攀枝花,Panzhihua,0.79,26.49,29.62,22.19,6.641873428618545,0.65,18141912.0,21041686.0,10995.1875,101.75,26.55,2019,846.53,19.92,-0.02,-0.13
2019-08-20,panzhihua,攀枝花,Panzhihua,12.86,25.15,30.01,20.31,6.375238998101303,0.73,17962430.0,20833200.0,10247.828,101.75,26.55,2019,848.1,19.84,0.26,-0.36
2019-08-21,panzhihua,攀枝花,Panzhihua,14.18,24.02,27.66,19.85,5.164066923747376,0.47,14923162.0,17306904.0,9648.141,101.75,26.55,2019,849.0,20.0,-0.17,0.04
2019-08-22,panzhihua,攀枝花,Panzhihua,26.77,21.89,26.64,18.56,4.764357941103706,0.47,14494948.0,16810446.0,9292.641,101.75,26.55,2019,850.21,19.43,-0.05,-0.27
2019-08-23,panzhihua,攀枝花,Panzhihua,3.36,21.33,25.56,17.17,5.284846514936863,0.66,16168152.0,18749302.0,9395.547,101.75,26.55,2019,852.44,17.85,-0.42,-0.03
2019-08-24,panzhihua,攀枝花,Panzhihua,0.26,23.79,27.5,17.39,6.896816191857054,0.39,19990190.0,23181240.0,9720.969,101.75,26.55,2019,851.02,17.92,-0.06,0.11
2019-08-25,panzhihua,攀枝花,Panzhihua,0.02,24.91,28.68,21.29,6.890214056562704,0.33,19677854.0,22818348.0,9839.3125,101.75,26.55,2019,849.44,19.39,0.09,0.03
2019-08-26,panzhihua,攀枝花,Panzhihua,0.08,25.88,29.88,21.95,7.457410105248448,0.45,20889938.0,24222736.0,9692.031,101.75,26.55,2019,847.49,19.42,-0.05,-0.07
2019-08-27,panzhihua,攀枝花,Panzhihua,22.48,24.76,29.83,21.55,6.5989706826304815,0.4,18922642.0,21940850.0,9411.781,101.75,26.55,2019,849.58,19.89,0.06,-0.1
2019-08-28,panzhihua,攀枝花,Panzhihua,14.9,23.58,27.99,19.27,5.63905686101316,0.56,16531692.0,19167740.0,9163.047,101.75,26.55,2019,852.21,19.79,-0.13,-0.15
2019-08-29,panzhihua,攀枝花,Panzhihua,8.95,22.56,26.68,18.78,5.211004303169231,0.46,15691798.0,18193066.0,9058.297,101.75,26.55,2019,851.16,19.99,-0.06,-0.13
2019-08-30,panzhihua,攀枝花,Panzhihua,10.19,22.1,26.33,18.44,4.572142217871591,0.47,13816316.0,16017102.0,9018.234,101.75,26.55,2019,850.14,19.48,-0.06,0.02
2019-08-31,panzhihua,攀枝花,Panzhihua,3.82,21.69,24.08,18.84,3.1455004619685183,0.56,9215256.0,10683664.0,9027.266,101.75,26.55,2019,851.03,18.12,-0.15,0.16
2019-09-01,panzhihua,攀枝花,Panzhihua,11.28,22.11,24.96,19.14,4.702876875336521,0.55,13983532.0,16210494.0,9248.859,101.75,26.55,2019,851.4,18.15,-0.09,-0.24
2019-09-02,panzhihua,攀枝花,Panzhihua,20.24,20.15,23.69,17.75,2.8519625795646046,0.49,9005078.0,10439184.0,9745.344,101.75,26.55,2019,852.24,18.88,-0.15,-0.23
2019-09-03,panzhihua,攀枝花,Panzhihua,1.86,21.55,24.92,18.02,4.583429979158872,0.41,13870114.0,16077782.0,10234.3125,101.75,26.55,2019,850.7,18.27,0.05,-0.15
2019-09-04,panzhihua,攀枝花,Panzhihua,32.19,21.84,26.12,18.13,5.156661300728822,0.47,15741084.0,18245436.0,10610.906,101.75,26.55,2019,848.51,19.33,-0.09,-0.03
2019-09-05,panzhihua,攀枝花,Panzhihua,23.28,20.85,24.37,18.87,2.849875736253904,0.48,8828280.0,10232674.0,10915.953,101.75,26.55,2019,847.99,19.33,-0.06,-0.07
2019-09-06,panzhihua,攀枝花,Panzhihua,11.98,21.51,25.67,18.84,3.755328255476756,0.39,11434628.0,13253178.0,11268.328,101.75,26.55,2019,847.06,19.29,0.07,0.02
2019-09-07,panzhihua,攀枝花,Panzhihua,15.13,22.03,26.62,19.13,4.467834631146144,0.6,13792714.0,15985386.0,11627.641,101.75,26.55,2019,846.32,20.47,-0.47,0.06
2019-09-08,panzhihua,攀枝花,Panzhihua,19.77,22.58,26.2,19.41,3.6955365390712895,0.47,10933908.0,12671944.0,11800.547,101.75,26.55,2019,845.55,19.69,-0.22,-0.17
2019-09-09,panzhihua,攀枝花,Panzhihua,23.3,21.91,26.05,19.2,3.820718390117666,0.49,11700176.0,13559416.0,11727.141,101.75,26.55,2019,845.85,20.3,-0.07,-0.22
2019-09-10,panzhihua,攀枝花,Panzhihua,23.2,23.08,27.33,19.45,5.241571291991328,0.61,15645964.0,18131364.0,11871.5,101.75,26.55,2019,847.93,20.18,-0.07,-0.09
2019-09-11,panzhihua,攀枝花,Panzhihua,17.5,21.84,25.37,19.37,3.3068582775017568,0.52,10061052.0,11658504.0,12367.3125,101.75,26.55,2019,851.86,20.01,-0.25,-0.22
2019-09-12,panzhihua,攀枝花,Panzhihua,7.79,21.93,26.35,18.72,4.629587178372047,0.41,14113554.0,16353432.0,12685.328,101.75,26.55,2019,851.49,19.87,-0.04,0.08
2019-09-13,panzhihua,攀枝花,Panzhihua,12.91,22.27,26.8,18.81,4.708884416994872,0.61,14131180.0,16373640.0,12686.984,101.75,26.55,2019,851.14,19.1,0.05,-0.14
2019-09-14,panzhihua,攀枝花,Panzhihua,11.46,21.36,25.46,18.56,3.9153122698321385,0.68,12127882.0,14051592.0,12650.984,101.75,26.55,2019,851.7,19.39,-0.48,0.1
2019-09-15,panzhihua,攀枝花,Panzhihua,15.83,20.84,24.71,18.4,3.749830573818432,0.63,11836662.0,13713728.0,12903.531,101.75,26.55,2019,851.31,19.45,-0.48,0.24
2019-09-16,panzhihua,攀枝花,Panzhihua,5.9,22.78,26.16,18.54,4.559184765472962,0.52,13658822.0,15818266.0,13450.172,101.75,26.55,2019,850.37,20.26,-0.39,0.14
2019-09-17,panzhihua,攀枝花,Panzhihua,2.53,23.88,27.61,19.21,5.487061329717729,0.53,15743054.0,18224348.0,13944.859,101.75,26.55,2019,852.33,18.62,-0.02,-0.2
2019-09-18,panzhihua,攀枝花,Panzhihua,3.85,21.99,25.59,18.51,5.004182560971066,0.47,15172642.0,17556552.0,14183.297,101.75,26.55,2019,855.09,19.06,-0.21,-0.25
2019-09-19,panzhihua,攀枝花,Panzhihua,15.7,21.25,25.82,17.75,3.719154464948068,0.46,11413784.0,13201442.0,14244.344,101.75,26.55,2019,853.98,19.02,-0.18,0.01
2019-09-20,panzhihua,攀枝花,Panzhihua,10.36,19.06,22.71,16.4,2.6422330460347254,0.96,8150846.0,9423418.0,14220.766,101.75,26.55,2019,855.74,16.3,-0.73,-0.58
2019-09-21,panzhihua,攀枝花,Panzhihua,0.4,17.07,17.91,16.48,1.296355735016636,0.61,3594192.0,4153548.0,14157.859,101.75,26.55,2019,858.56,13.08,-0.18,0.05
2019-09-22,panzhihua,攀枝花,Panzhihua,0.02,19.81,23.14,16.49,4.629639403165733,0.63,13573610.0,15679436.0,14025.547,101.75,26.55,2019,858.57,11.48,0.1,0.3
2019-09-23,panzhihua,攀枝花,Panzhihua,1.04,20.7,22.78,17.4,4.492708244048447,0.5,13139044.0,15170963.0,13986.609,101.75,26.55,2019,858.46,12.92,0.17,-0.14
2019-09-24,panzhihua,攀枝花,Panzhihua,13.19,17.68,19.11,16.45,1.6662759546433523,0.66,4997997.0,5768531.0,13884.297,101.75,26.55,2019,859.21,14.61,-0.43,-0.32
2019-09-25,panzhihua,攀枝花,Panzhihua,7.32,15.19,16.73,11.36,1.1277938802095997,0.49,3891989.0,4489893.0,13875.5625,101.75,26.55,2019,860.88,14.27,-0.12,-0.21
2019-09-26,panzhihua,攀枝花,Panzhihua,0.05,17.89,21.78,12.83,4.683549831938587,0.46,14981252.0,17274572.0,14150.297,101.75,26.55,2019,859.43,12.35,-0.11,-0.22
2019-09-27,panzhihua,攀枝花,Panzhihua,0.48,19.1,23.53,13.93,5.301177354001988,0.37,16722314.0,19274864.0,14101.547,101.75,26.55,2019,858.51,13.92,0.08,-0.1
2019-09-28,panzhihua,攀枝花,Panzhihua,0.32,19.89,23.9,13.88,5.334227951232545,0.46,16500717.0,19011116.0,13487.516,101.75,26.55,2019,856.83,14.3,0.15,-0.23
2019-09-29,panzhihua,攀枝花,Panzhihua,0.21,20.88,24.84,16.07,5.273588196724951,0.53,15954714.0,18374190.0,12673.344,101.75,26.55,2019,853.76,15.22,0.12,-0.19
2019-09-30,panzhihua,攀枝花,Panzhihua,0.67,20.73,24.6,15.99,4.990034283128597,0.58,15203563.0,17501604.0,11871.414,101.75,26.55,2019,851.07,15.82,0.11,-0.12
2019-10-01,panzhihua,攀枝花,Panzhihua,0.28,21.69,25.43,16.37,5.29097914583,0.54,15850826.0,18238856.0,11211.8125,101.75,26.55,2019,850.75,16.48,0.12,-0.09
2019-10-02,panzhihua,攀枝花,Panzhihua,0.6,22.19,26.4,17.42,5.182804723348748,0.62,15340732.0,17644318.0,10663.242,101.75,26.55,2019,850.73,17.02,0.17,-0.0
2019-10-03,panzhihua,攀枝花,Panzhihua,0.7,21.69,25.64,17.39,4.761519906989244,0.57,14233110.0,16364016.0,10187.391,101.75,26.55,2019,850.91,16.9,0.06,-0.03
2019-10-04,panzhihua,攀枝花,Panzhihua,18.1,20.58,25.4,16.7,4.810368709335856,0.41,14989136.0,17226598.0,9774.914,101.75,26.55,2019,852.22,17.4,-0.08,-0.0
2019-10-05,panzhihua,攀枝花,Panzhihua,14.96,18.73,22.26,15.93,2.579757565982241,0.41,8412250.0,9664904.0,9499.977,101.75,26.55,2019,854.42,17.54,-0.0,0.0
2019-10-06,panzhihua,攀枝花,Panzhihua,18.88,18.81,23.31,16.24,3.4595230614593184,0.43,11340614.0,13022298.0,9358.219,101.75,26.55,2019,855.32,17.54,-0.15,-0.05
2019-10-07,panzhihua,攀枝花,Panzhihua,12.93,18.86,22.89,15.66,3.631000386195173,0.56,11940650.0,13706884.0,9265.18,101.75,26.55,2019,856.09,17.31,-0.46,0.22
2019-10-08,panzhihua,攀枝花,Panzhihua,3.67,18.73,23.49,14.23,4.120623945829329,0.63,13557692.0,15556188.0,9203.648,101.75,26.55,2019,855.12,16.61,-0.21,0.29
2019-10-09,panzhihua,攀枝花,Panzhihua,0.32,20.78,25.29,14.33,5.1854041149242684,0.83,15569290.0,17853808.0,9077.82,101.75,26.55,2019,851.14,14.9,0.46,-0.03
2019-10-10,panzhihua,攀枝花,Panzhihua,0.42,20.76,24.65,15.96,4.752432600588205,0.65,14291310.0,16381058.0,8879.030999999999,101.75,26.55,2019,851.02,15.08,0.26,-0.14
2019-10-11,panzhihua,攀枝花,Panzhihua,2.26,21.05,24.82,17.25,4.939274198318535,0.61,14851424.0,17015764.0,8650.242,101.75,26.55,2019,851.26,15.38,0.0,-0.14
2019-10-12,panzhihua,攀枝花,Panzhihua,2.65,19.58,22.96,16.67,3.535084707013904,0.49,11098814.0,12711234.0,8422.914,101.75,26.55,2019,853.77,16.27,-0.16,-0.17
2019-10-13,panzhihua,攀枝花,Panzhihua,9.62,19.49,23.1,15.93,3.795204426630848,0.52,11924430.0,13652246.0,8234.405999999999,101.75,26.55,2019,855.48,15.84,-0.11,-0.35
2019-10-14,panzhihua,攀枝花,Panzhihua,13.05,17.98,21.42,16.0,2.545782406323724,0.77,8308492.0,9509982.0,8125.5625,101.75,26.55,2019,858.2,15.79,-0.21,-0.67
2019-10-15,panzhihua,攀枝花,Panzhihua,3.32,18.14,22.41,15.11,2.7040332724909955,0.52,8851912.0,10124560.0,8164.6094,101.75,26.55,2019,856.6,16.11,0.14,-0.21
2019-10-16,panzhihua,攀枝花,Panzhihua,22.36,18.93,22.76,15.14,4.115833774644789,0.6,13144414.0,15024372.0,8232.75,101.75,26.55,2019,856.42,15.16,0.28,-0.39
2019-10-17,panzhihua,攀枝花,Panzhihua,2.41,17.17,19.46,14.84,2.7991486627112354,0.82,9016372.0,10296932.0,8278.305,101.75,26.55,2019,858.06,13.71,-0.61,-0.48
2019-10-18,panzhihua,攀枝花,Panzhihua,0.2,17.98,21.37,14.7,4.049395179881248,0.4,13022364.0,14865272.0,8211.055,101.75,26.55,2019,857.19,12.9,-0.01,-0.12
2019-10-19,panzhihua,攀枝花,Panzhihua,0.82,18.06,22.48,13.27,4.036630710680866,0.51,13127730.0,14973606.0,8002.258000000002,101.75,26.55,2019,855.21,14.17,0.09,-0.21
2019-10-20,panzhihua,攀枝花,Panzhihua,0.55,18.44,22.64,13.26,4.212958199739239,0.45,13609548.0,15511948.0,7700.453,101.75,26.55,2019,853.69,14.4,0.05,-0.19
2019-10-21,panzhihua,攀枝花,Panzhihua,0.12,19.85,24.51,13.89,4.457221915532123,0.65,13737096.0,15647304.0,7323.1797,101.75,26.55,2019,848.91,14.53,0.33,-0.16
2019-10-22,panzhihua,攀枝花,Panzhihua,0.47,19.83,24.27,15.51,4.525705437209262,0.58,14141326.0,16097668.0,6924.7734,101.75,26.55,2019,848.46,15.14,0.03,-0.16
2019-10-23,panzhihua,攀枝花,Panzhihua,0.8,17.61,21.11,13.8,3.098906723890656,0.6,10224244.0,11629740.0,6558.0234,101.75,26.55,2019,851.67,14.78,-0.36,-0.3
2019-10-24,panzhihua,攀枝花,Panzhihua,0.16,19.35,23.12,13.59,3.945508267267456,0.57,12384554.0,14079148.0,6255.8984,101.75,26.55,2019,852.26,14.9,-0.09,-0.08
2019-10-25,panzhihua,攀枝花,Panzhihua,0.33,18.76,22.49,13.43,2.8896843208942764,0.44,9238658.0,10494896.0,6023.0080000000025,101.75,26.55,2019,853.45,15.7,-0.18,0.04
2019-10-26,panzhihua,攀枝花,Panzhihua,0.85,18.95,22.91,13.25,3.688873444735688,0.48,11786028.0,13380532.0,5880.0,101.75,26.55,2019,852.99,15.19,-0.09,-0.09
2019-10-27,panzhihua,攀枝花,Panzhihua,4.54,18.54,23.24,13.5,3.3303004345966407,0.55,10997154.0,12475716.0,5756.4297,101.75,26.55,2019,852.09,16.44,-0.29,-0.19
2019-10-28,panzhihua,攀枝花,Panzhihua,0.3,17.33,20.47,13.65,3.168888284367123,0.73,9816256.0,11129356.0,5660.8438,101.75,26.55,2019,857.46,11.53,-0.26,-0.26
2019-10-29,panzhihua,攀枝花,Panzhihua,0.42,17.81,21.26,14.93,3.6068348140030864,0.53,11436410.0,12957292.0,5592.9062,101.75,26.55,2019,856.24,12.0,-0.02,-0.12
2019-10-30,panzhihua,攀枝花,Panzhihua,2.47,16.68,20.84,12.67,3.1722409389346087,0.5,10631098.0,12037556.0,5493.835999999998,101.75,26.55,2019,855.91,13.23,-0.07,-0.03
2019-10-31,panzhihua,攀枝花,Panzhihua,1.95,17.11,20.8,12.75,3.3329364918265183,0.57,11062168.0,12516260.0,5368.8047,101.75,26.55,2019,854.55,13.49,-0.23,-0.04
2019-11-01,panzhihua,攀枝花,Panzhihua,0.17,18.6,23.21,14.26,3.982654972223885,0.44,12804230.0,14478006.0,5226.992,101.75,26.55,2019,853.77,14.03,-0.17,-0.07
2019-11-02,panzhihua,攀枝花,Panzhihua,0.12,17.83,22.7,13.07,4.03552382729143,0.47,13172864.0,14884444.0,5064.585999999998,101.75,26.55,2019,855.09,13.08,-0.33,-0.13
2019-11-03,panzhihua,攀枝花,Panzhihua,1.0,16.59,21.27,12.36,3.658842267246462,0.44,12395196.0,13996932.0,4911.9062,101.75,26.55,2019,855.97,12.96,-0.08,-0.01
2019-11-04,panzhihua,攀枝花,Panzhihua,2.48,16.86,21.72,12.75,3.344224297522915,0.58,11216136.0,12656012.0,4754.7344,101.75,26.55,2019,853.74,13.33,0.11,-0.4
2019-11-05,panzhihua,攀枝花,Panzhihua,1.17,16.47,20.73,12.74,3.4330782887513047,0.48,11820242.0,13328980.0,4608.883,101.75,26.55,2019,849.85,13.85,-0.02,-0.25
2019-11-06,panzhihua,攀枝花,Panzhihua,0.37,16.9,21.63,12.57,3.750859754532321,0.68,12404714.0,13977652.0,4490.117,101.75,26.55,2019,851.22,12.18,0.08,-0.32
2019-11-07,panzhihua,攀枝花,Panzhihua,0.29,16.77,20.54,12.98,3.47780019283576,0.52,11541548.0,12997148.0,4366.0234,101.75,26.55,2019,854.65,12.14,-0.08,-0.2
2019-11-08,panzhihua,攀枝花,Panzhihua,0.25,16.76,21.21,12.43,3.31282763643007,0.43,11017768.0,12398912.0,4187.875,101.75,26.55,2019,854.65,12.23,-0.01,-0.22
2019-11-09,panzhihua,攀枝花,Panzhihua,0.07,16.88,20.95,12.39,3.0971679195634843,0.57,10149626.0,11413316.0,3999.7969,101.75,26.55,2019,854.04,12.34,-0.22,-0.37
2019-11-10,panzhihua,攀枝花,Panzhihua,2.5,14.85,15.89,13.93,1.15417280968278,0.72,3597142.0,4042148.0,3825.6172,101.75,26.55,2019,853.74,12.05,-0.47,-0.45
2019-11-11,panzhihua,攀枝花,Panzhihua,0.77,16.24,20.4,13.26,1.9306863629618969,0.67,6592558.0,7403928.0,3690.6875,101.75,26.55,2019,850.32,14.26,-0.26,-0.14
2019-11-12,panzhihua,攀枝花,Panzhihua,0.29,18.09,22.49,13.45,3.139243877608859,0.68,10150708.0,11392420.0,3585.3125,101.75,26.55,2019,852.52,14.31,0.09,-0.14
2019-11-13,panzhihua,攀枝花,Panzhihua,1.65,15.61,17.85,13.65,1.661723100368366,1.06,4877542.0,5470320.0,3492.9219,101.75,26.55,2019,860.2,11.77,-0.29,-0.99
2019-11-14,panzhihua,攀枝花,Panzhihua,0.02,14.59,18.11,10.33,2.1199390448303976,0.51,7306440.0,8190308.0,3442.2344,101.75,26.55,2019,856.82,11.14,-0.29,-0.08
2019-11-15,panzhihua,攀枝花,Panzhihua,0.01,15.86,21.4,10.25,3.431318782514297,0.62,11799854.0,13216888.0,3421.7422,101.75,26.55,2019,851.61,11.9,-0.14,-0.25
2019-11-16,panzhihua,攀枝花,Panzhihua,0.0,16.78,22.36,11.01,4.042671883772935,0.54,13599430.0,15229804.0,3368.5234,101.75,26.55,2019,849.75,11.93,0.05,-0.23
2019-11-17,panzhihua,攀枝花,Panzhihua,0.08,16.81,22.98,10.27,4.120045127197254,0.73,13847086.0,15503872.0,3289.5938,101.75,26.55,2019,851.45,12.04,-0.12,-0.56
2019-11-18,panzhihua,攀枝花,Panzhihua,0.74,12.48,14.1,10.61,1.2762972878964745,0.9,4010712.0,4489408.0,3207.3906,101.75,26.55,2019,856.44,8.86,-0.54,-0.59
2019-11-19,panzhihua,攀枝花,Panzhihua,0.05,14.86,20.24,10.12,3.055863223708935,0.61,10561234.0,11820044.0,3164.664,101.75,26.55,2019,853.28,10.36,0.04,-0.15
2019-11-20,panzhihua,攀枝花,Panzhihua,0.14,15.27,20.78,9.55,3.6083414374347744,0.72,12336232.0,13803576.0,3167.3047,101.75,26.55,2019,853.77,10.04,0.03,-0.11
2019-11-21,panzhihua,攀枝花,Panzhihua,0.0,14.72,19.84,9.15,3.3678819967024043,0.53,11781654.0,13180364.0,3163.1797,101.75,26.55,2019,854.15,10.0,-0.1,-0.25
2019-11-22,panzhihua,攀枝花,Panzhihua,0.0,14.8,20.03,10.09,3.858428322864825,0.52,13439036.0,15031092.0,3132.6172,101.75,26.55,2019,852.64,9.05,0.02,-0.23
2019-11-23,panzhihua,攀枝花,Panzhihua,0.0,15.4,20.77,10.35,4.218579899795639,0.58,14463226.0,16173248.0,3073.4375,101.75,26.55,2019,852.07,9.13,0.08,-0.22
2019-11-24,panzhihua,攀枝花,Panzhihua,0.0,14.93,19.85,10.64,3.386915087443964,0.87,11189048.0,12510324.0,2995.7656,101.75,26.55,2019,855.47,8.53,-0.16,-0.4
2019-11-25,panzhihua,攀枝花,Panzhihua,0.01,12.81,16.98,8.42,2.4128125941983343,0.66,8661228.0,9681048.0,2910.836,101.75,26.55,2019,856.09,8.7,-0.29,-0.39
2019-11-26,panzhihua,攀枝花,Panzhihua,0.0,15.16,21.08,7.83,3.455047001115439,0.66,11703708.0,13079192.0,2829.2344,101.75,26.55,2019,853.56,9.36,0.11,-0.13
2019-11-27,panzhihua,攀枝花,Panzhihua,0.0,14.72,20.13,8.81,3.535619528740753,0.54,12319978.0,13765232.0,2754.4453,101.75,26.55,2019,856.17,9.4,-0.14,-0.29
2019-11-28,panzhihua,攀枝花,Panzhihua,0.0,15.2,21.2,9.74,3.806347186080442,0.66,13042080.0,14568704.0,2682.4766,101.75,26.55,2019,854.28,9.42,-0.0,-0.23
2019-11-29,panzhihua,攀枝花,Panzhihua,0.0,16.66,22.58,10.11,4.540956823015848,0.9,13951480.0,15581360.0,2615.1484,101.75,26.55,2019,852.62,6.09,0.66,0.13
2019-11-30,panzhihua,攀枝花,Panzhihua,0.0,16.76,21.7,10.42,4.687513814310114,1.26,13166732.0,14701712.0,2555.6094,101.75,26.55,2019,851.79,3.8,0.99,0.31
2019-12-01,panzhihua,攀枝花,Panzhihua,0.01,12.41,17.69,6.5,3.5087335973891283,1.24,12018790.0,13417448.0,2501.375,101.75,26.55,2019,855.54,5.03,-0.61,-0.98
2019-12-02,panzhihua,攀枝花,Panzhihua,0.01,9.06,11.19,6.13,1.6861927699442427,0.81,5807948.0,6481104.0,2452.3906,101.75,26.55,2019,857.83,2.86,-0.24,-0.74
2019-12-03,panzhihua,攀枝花,Panzhihua,2.34,11.49,13.29,7.65,1.4966469100764352,0.5,5118298.0,5710712.0,2412.9688,101.75,26.55,2019,857.07,6.28,-0.05,-0.44
2019-12-04,panzhihua,攀枝花,Panzhihua,8.27,8.27,10.89,4.76,1.0611924974153444,1.25,4007428.0,4470556.0,2396.4688,101.75,26.55,2019,860.53,5.85,-0.77,-0.95
2019-12-05,panzhihua,攀枝花,Panzhihua,0.01,8.06,12.32,2.43,2.6030272924624045,0.53,10487962.0,11697956.0,2424.086,101.75,26.55,2019,864.28,1.13,-0.02,-0.39
2019-12-06,panzhihua,攀枝花,Panzhihua,0.0,8.26,12.92,2.23,3.1231666958351068,0.45,12794850.0,14268852.0,2461.9453,101.75,26.55,2019,862.2,1.11,0.01,-0.42
2019-12-07,panzhihua,攀枝花,Panzhihua,0.0,9.31,14.16,2.68,3.297590954245208,0.46,13176890.0,14691512.0,2450.586,101.75,26.55,2019,859.74,2.57,0.05,-0.37
2019-12-08,panzhihua,攀枝花,Panzhihua,0.0,10.01,14.66,3.77,3.116286736055226,0.37,12180306.0,13578256.0,2407.5156,101.75,26.55,2019,858.61,3.27,-0.05,-0.21
2019-12-09,panzhihua,攀枝花,Panzhihua,0.0,9.91,14.3,4.81,2.826735589550727,0.48,10917370.0,12167772.0,2355.75,101.75,26.55,2019,855.97,3.29,-0.06,-0.19
2019-12-10,panzhihua,攀枝花,Panzhihua,0.0,10.13,15.34,3.51,3.3520917955246365,0.53,13053392.0,14544848.0,2310.2344,101.75,26.55,2019,853.96,3.46,0.02,-0.4
2019-12-11,panzhihua,攀枝花,Panzhihua,0.01,10.33,14.57,6.14,2.628410855340531,0.58,9861926.0,10986840.0,2274.25,101.75,26.55,2019,853.71,3.85,0.03,-0.23
2019-12-12,panzhihua,攀枝花,Panzhihua,0.0,10.43,15.09,5.61,2.8038963292895205,0.63,10680710.0,11895772.0,2241.7812,101.75,26.55,2019,855.09,4.62,-0.08,-0.34
2019-12-13,panzhihua,攀枝花,Panzhihua,0.0,11.55,17.46,5.18,3.5315410356886017,0.59,13337876.0,14852304.0,2212.8672,101.75,26.55,2019,856.04,5.56,0.01,-0.37
2019-12-14,panzhihua,攀枝花,Panzhihua,0.0,13.29,19.21,7.08,3.8710737120700975,0.7,13570954.0,15108832.0,2189.3047,101.75,26.55,2019,853.67,5.36,0.44,-0.3
2019-12-15,panzhihua,攀枝花,Panzhihua,0.0,14.18,20.14,7.79,4.070073802347578,0.84,13521556.0,15050604.0,2167.7969,101.75,26.55,2019,853.11,4.75,0.6,-0.14
2019-12-16,panzhihua,攀枝花,Panzhihua,0.0,14.7,20.63,8.27,4.201729327117474,0.9,13380474.0,14893728.0,2145.8906,101.75,26.55,2019,852.78,3.66,0.72,-0.08
2019-12-17,panzhihua,攀枝花,Panzhihua,0.0,14.77,20.44,8.91,4.087505195230923,0.89,12981352.0,14449668.0,2124.0469,101.75,26.55,2019,852.92,4.04,0.6,-0.03
2019-12-18,panzhihua,攀枝花,Panzhihua,0.01,13.39,19.02,8.49,3.626947760985957,0.8,12070216.0,13435272.0,2104.3594,101.75,26.55,2019,853.7,3.8,0.25,0.05
2019-12-19,panzhihua,攀枝花,Panzhihua,0.0,11.65,16.9,7.34,3.074174918412931,0.61,10999296.0,12243136.0,2088.8281,101.75,26.55,2019,853.05,3.59,-0.18,-0.11
2019-12-20,panzhihua,攀枝花,Panzhihua,0.0,13.02,18.3,7.31,3.043017474709695,0.81,10012070.0,11144384.0,2079.4688,101.75,26.55,2019,850.45,4.44,0.23,-0.12
2019-12-21,panzhihua,攀枝花,Panzhihua,0.01,14.37,19.79,8.59,3.4682435414549326,0.93,10612400.0,11812056.0,2071.5,101.75,26.55,2019,849.75,3.8,0.62,-0.05
2019-12-22,panzhihua,攀枝花,Panzhihua,0.0,14.87,20.18,8.15,4.121844310265592,1.09,12603628.0,14029092.0,2060.4844,101.75,26.55,2019,848.68,3.7,0.94,0.07
2019-12-23,panzhihua,攀枝花,Panzhihua,0.0,14.25,20.09,8.89,4.04802854616985,0.75,13354340.0,14864868.0,2048.4844,101.75,26.55,2019,851.24,3.9,0.33,-0.1
2019-12-24,panzhihua,攀枝花,Panzhihua,0.0,14.93,20.46,8.42,4.388710283686884,0.96,13345988.0,14855664.0,2034.2031,101.75,26.55,2019,850.37,1.18,0.79,0.0
2019-12-25,panzhihua,攀枝花,Panzhihua,0.0,14.24,20.0,8.45,4.387910779633279,0.92,13668946.0,15215032.0,2014.0625,101.75,26.55,2019,850.46,0.07,0.5,-0.12
2019-12-26,panzhihua,攀枝花,Panzhihua,0.0,10.42,15.35,5.39,3.2969743502145628,1.26,11428820.0,12721896.0,1991.4375,101.75,26.55,2019,854.33,1.49,-0.61,-0.93
2019-12-27,panzhihua,攀枝花,Panzhihua,3.27,11.11,15.19,5.07,2.8275901889317017,0.66,10390780.0,11566292.0,1970.9062,101.75,26.55,2019,853.14,4.62,-0.15,-0.31
2019-12-28,panzhihua,攀枝花,Panzhihua,0.16,11.35,15.97,6.45,2.6517487541803857,0.77,9513256.0,10588412.0,1958.3906,101.75,26.55,2019,852.93,5.1,0.44,-0.07
2019-12-29,panzhihua,攀枝花,Panzhihua,0.0,10.47,15.72,5.19,3.41415393760228,0.5,13073744.0,14552392.0,1955.9688,101.75,26.55,2019,856.06,2.91,0.11,-0.14
2019-12-30,panzhihua,攀枝花,Panzhihua,0.0,10.57,15.98,5.21,3.701259563661152,0.54,13959360.0,15538588.0,1952.375,101.75,26.55,2019,858.31,1.28,0.08,-0.24
2019-12-31,panzhihua,攀枝花,Panzhihua,0.0,11.8,17.83,5.82,3.509901968204332,0.63,12655826.0,14087132.0,1939.6875,101.75,26.55,2019,859.1,3.29,0.06,-0.03
2020-01-01,panzhihua,攀枝花,Panzhihua,0.0,13.15,19.39,6.77,3.533590272295212,0.68,12311174.0,13703352.0,1917.25,101.75,26.55,2020,860.77,5.35,0.06,-0.17
2020-01-02,panzhihua,攀枝花,Panzhihua,0.0,14.12,20.26,7.68,3.521595154401402,0.57,12020994.0,13380680.0,1890.75,101.75,26.55,2020,859.99,6.15,0.07,-0.13
2020-01-03,panzhihua,攀枝花,Panzhihua,0.24,15.15,20.14,9.5,3.33603555759302,0.55,11007424.0,12252804.0,1865.125,101.75,26.55,2020,857.39,7.16,0.08,-0.24
2020-01-04,panzhihua,攀枝花,Panzhihua,7.52,11.52,14.27,7.81,0.926935124100828,0.57,3519350.0,3917232.0,1847.7656,101.75,26.55,2020,854.51,10.19,0.4,-0.28
2020-01-05,panzhihua,攀枝花,Panzhihua,2.59,12.56,17.69,7.46,2.7261307894936366,0.9,9834682.0,10947396.0,1856.6875,101.75,26.55,2020,853.07,8.0,0.64,-0.24
2020-01-06,panzhihua,攀枝花,Panzhihua,1.02,13.06,18.72,6.76,3.5952154918302472,1.15,11217772.0,12487104.0,1912.6562,101.75,26.55,2020,854.1,2.44,0.68,0.7
2020-01-07,panzhihua,攀枝花,Panzhihua,0.0,12.09,17.25,6.39,3.843452719549616,0.51,13986972.0,15569604.0,1990.875,101.75,26.55,2020,855.98,3.17,-0.01,-0.18
2020-01-08,panzhihua,攀枝花,Panzhihua,0.05,14.59,20.33,7.79,3.950648148196749,1.13,12605066.0,14031500.0,2055.7344,101.75,26.55,2020,853.87,5.7,0.91,0.41
2020-01-09,panzhihua,攀枝花,Panzhihua,0.01,15.4,20.91,8.53,3.920335199627519,0.93,12398196.0,13801208.0,2082.1562,101.75,26.55,2020,852.79,6.34,0.67,0.41
2020-01-10,panzhihua,攀枝花,Panzhihua,0.1,14.7,20.17,8.54,3.922106793835632,1.0,12556890.0,13977748.0,2077.4531,101.75,26.55,2020,852.4,5.57,0.68,0.32
2020-01-11,panzhihua,攀枝花,Panzhihua,0.39,10.9,15.97,4.16,2.9114555088119345,0.56,11082708.0,12336788.0,2058.8438,101.75,26.55,2020,855.57,5.38,-0.22,-0.3
2020-01-12,panzhihua,攀枝花,Panzhihua,0.0,11.67,17.97,3.93,3.9185518355374698,0.5,14489034.0,16128720.0,2036.2812,101.75,26.55,2020,854.2,2.8,-0.01,-0.34
2020-01-13,panzhihua,攀枝花,Panzhihua,0.0,13.67,19.59,6.79,4.2833103967600366,0.61,14772500.0,16444352.0,2007.1719,101.75,26.55,2020,851.43,3.49,0.23,-0.27
2020-01-14,panzhihua,攀枝花,Panzhihua,0.0,15.5,22.07,8.5,4.5143314859690005,1.27,13729878.0,15283872.0,1967.4688,101.75,26.55,2020,850.1,4.8,1.15,0.06
2020-01-15,panzhihua,攀枝花,Panzhihua,0.0,15.91,21.47,9.84,4.705070927438183,1.16,14105824.0,15702280.0,1922.7969,101.75,26.55,2020,851.11,3.81,0.96,0.07
2020-01-16,panzhihua,攀枝花,Panzhihua,0.0,15.09,20.78,9.06,4.473941397893661,0.75,14439676.0,16076392.0,1877.5,101.75,26.55,2020,853.38,3.43,0.43,-0.4
2020-01-17,panzhihua,攀枝花,Panzhihua,0.0,16.13,22.36,8.9,4.938767867671567,1.11,14808284.0,16488924.0,1832.4844,101.75,26.55,2020,852.8,3.16,1.05,-0.04
2020-01-18,panzhihua,攀枝花,Panzhihua,0.0,16.28,22.62,9.04,5.276292514904231,1.25,15072724.0,16785672.0,1789.2344,101.75,26.55,2020,852.33,0.38,1.06,0.07
2020-01-19,panzhihua,攀枝花,Panzhihua,0.0,15.36,21.74,8.34,5.122852519436911,1.1,15106644.0,16825940.0,1749.7656,101.75,26.55,2020,853.44,-1.64,0.68,0.02
2020-01-20,panzhihua,攀枝花,Panzhihua,0.0,15.51,21.44,8.84,5.395960260826449,1.58,15152110.0,16878828.0,1714.2812,101.75,26.55,2020,853.57,-0.52,1.2,0.66
2020-01-21,panzhihua,攀枝花,Panzhihua,0.02,15.31,20.92,9.2,4.955151687202371,1.56,14231390.0,15855324.0,1682.9688,101.75,26.55,2020,854.24,1.88,1.02,0.94
2020-01-22,panzhihua,攀枝花,Panzhihua,0.05,15.1,20.91,8.34,5.2036724697711625,1.57,14861356.0,16559544.0,1656.2812,101.75,26.55,2020,853.34,-0.03,0.96,0.93
2020-01-23,panzhihua,攀枝花,Panzhihua,0.01,14.88,19.97,8.1,5.028709573154746,1.4,13960210.0,15557464.0,1635.6562,101.75,26.55,2020,852.53,-3.11,0.82,0.8
2020-01-24,panzhihua,攀枝花,Panzhihua,4.99,11.77,18.42,5.11,4.1814490841838525,1.16,13870526.0,15459836.0,1623.0,101.75,26.55,2020,853.71,-0.73,-0.02,-0.17
2020-01-25,panzhihua,攀枝花,Panzhihua,4.24,6.37,8.42,4.19,1.792873153090317,0.75,7610010.0,8497436.0,1620.0938,101.75,26.55,2020,856.83,2.11,-0.54,-0.2
2020-01-26,panzhihua,攀枝花,Panzhihua,0.01,8.71,13.7,4.45,2.8684164929818823,0.64,11067342.0,12351812.0,1627.9062,101.75,26.55,2020,853.03,0.27,0.08,-0.28
2020-01-27,panzhihua,攀枝花,Panzhihua,0.01,11.25,16.67,4.18,4.003894504795984,0.67,14422632.0,16092544.0,1633.7188,101.75,26.55,2020,850.06,-0.03,-0.1,-0.37
2020-01-28,panzhihua,攀枝花,Panzhihua,0.0,11.81,16.5,5.97,3.728055910888252,0.68,12984618.0,14485136.0,1628.1875,101.75,26.55,2020,853.01,0.47,-0.14,-0.53
2020-01-29,panzhihua,攀枝花,Panzhihua,0.04,11.57,15.38,6.8,3.2539892829022934,0.64,11401768.0,12719016.0,1613.0312,101.75,26.55,2020,855.89,1.69,-0.05,-0.51
2020-01-30,panzhihua,攀枝花,Panzhihua,0.31,12.82,17.67,7.71,3.620214555528608,1.03,11556688.0,12892208.0,1593.75,101.75,26.55,2020,852.62,1.95,0.81,-0.22
2020-01-31,panzhihua,攀枝花,Panzhihua,0.02,13.4,18.79,7.2,4.298479665404348,0.93,14460412.0,16133320.0,1578.1875,101.75,26.55,2020,852.05,3.19,0.63,-0.01
2020-02-01,panzhihua,攀枝花,Panzhihua,0.01,14.2,20.13,7.8,4.446086507998539,1.47,13052814.0,14564052.0,1570.0,101.75,26.55,2020,852.91,1.47,1.0,0.68
2020-02-02,panzhihua,攀枝花,Panzhihua,0.19,15.13,20.82,8.08,5.38803053792445,1.28,16064854.0,17927820.0,1565.1562,101.75,26.55,2020,853.71,-0.73,0.77,0.51
2020-02-03,panzhihua,攀枝花,Panzhihua,0.04,11.39,16.37,5.58,3.849880397288037,0.87,13623014.0,15205064.0,1558.125,101.75,26.55,2020,855.01,1.31,-0.48,-0.65
2020-02-04,panzhihua,攀枝花,Panzhihua,0.0,12.91,18.61,6.07,4.328424537674725,0.6,15001562.0,16746160.0,1547.9375,101.75,26.55,2020,854.13,0.94,-0.13,-0.22
2020-02-05,panzhihua,攀枝花,Panzhihua,0.0,15.06,21.47,7.51,5.780442875813707,1.62,16502858.0,18424368.0,1533.8125,101.75,26.55,2020,850.96,-2.62,1.07,0.92
2020-02-06,panzhihua,攀枝花,Panzhihua,0.0,15.58,20.93,8.98,5.373596581319994,1.21,15390274.0,17184460.0,1515.875,101.75,26.55,2020,853.41,-2.9,0.75,0.4
2020-02-07,panzhihua,攀枝花,Panzhihua,0.0,16.12,21.96,9.22,5.663937898045485,1.03,16738270.0,18692284.0,1497.5625,101.75,26.55,2020,855.53,-2.38,0.57,0.44
2020-02-08,panzhihua,攀枝花,Panzhihua,0.09,16.31,21.83,9.51,4.343112798875287,0.77,12615682.0,14090088.0,1481.0312,101.75,26.55,2020,857.89,-0.26,0.18,0.22
2020-02-09,panzhihua,攀枝花,Panzhihua,9.51,9.63,12.25,7.99,1.6940501293317225,0.98,6276500.0,7011232.0,1471.625,101.75,26.55,2020,857.8,5.8,-0.72,-0.59
2020-02-10,panzhihua,攀枝花,Panzhihua,0.59,12.79,18.67,7.0,3.142828122131056,0.81,11350158.0,12679448.0,1481.1562,101.75,26.55,2020,853.96,7.73,0.62,-0.08
2020-02-11,panzhihua,攀枝花,Panzhihua,0.0,14.17,19.76,6.52,4.715681638729341,0.79,15705142.0,17548044.0,1515.8438,101.75,26.55,2020,854.92,2.66,0.39,0.06
2020-02-12,panzhihua,攀枝花,Panzhihua,0.0,13.81,19.5,8.02,4.562025821629336,0.59,15581694.0,17412444.0,1540.25,101.75,26.55,2020,854.0,2.26,0.21,-0.15
2020-02-13,panzhihua,攀枝花,Panzhihua,0.0,14.79,20.9,7.92,5.105067174779137,0.62,17128006.0,19143456.0,1544.8438,101.75,26.55,2020,850.85,2.83,0.1,-0.27
2020-02-14,panzhihua,攀枝花,Panzhihua,0.0,16.52,22.06,8.98,5.334361150512153,0.69,16897016.0,18888016.0,1534.1875,101.75,26.55,2020,849.04,3.37,0.41,-0.19
2020-02-15,panzhihua,攀枝花,Panzhihua,1.34,12.65,18.39,7.06,3.255158555721541,1.39,10305170.0,11520884.0,1520.2812,101.75,26.55,2020,855.16,4.48,0.02,-1.16
2020-02-16,panzhihua,攀枝花,Panzhihua,0.21,7.61,9.85,5.29,1.2911806415777012,0.72,4569184.0,5109454.0,1515.75,101.75,26.55,2020,859.92,2.16,-0.24,-0.59
2020-02-17,panzhihua,攀枝花,Panzhihua,0.49,8.8,11.89,5.48,1.6395001511583842,1.01,5825460.0,6516346.0,1527.2188,101.75,26.55,2020,860.05,3.95,-0.57,-0.79
2020-02-18,panzhihua,攀枝花,Panzhihua,0.02,13.15,18.75,7.46,3.0895443271653003,0.96,10223744.0,11439178.0,1533.6562,101.75,26.55,2020,855.77,5.83,0.63,-0.39
2020-02-19,panzhihua,攀枝花,Panzhihua,0.09,15.34,20.57,8.53,4.900363533620278,0.68,16214796.0,18147294.0,1528.625,101.75,26.55,2020,856.3,4.9,0.31,-0.48
2020-02-20,panzhihua,攀枝花,Panzhihua,0.0,18.28,24.2,9.81,6.0937898653094695,1.01,17489076.0,19579110.0,1516.5938,101.75,26.55,2020,856.49,1.25,0.66,0.18
2020-02-21,panzhihua,攀枝花,Panzhihua,0.0,16.99,23.33,10.9,5.746141016945976,0.81,17899516.0,20043780.0,1504.75,101.75,26.55,2020,860.47,3.57,-0.3,-0.51
2020-02-22,panzhihua,攀枝花,Panzhihua,0.0,18.53,24.8,11.2,5.875844761740884,0.77,17768656.0,19902628.0,1492.5938,101.75,26.55,2020,859.01,5.34,0.36,-0.24
2020-02-23,panzhihua,攀枝花,Panzhihua,0.03,18.56,25.57,12.1,6.111552197960639,1.38,17590568.0,19708262.0,1478.9375,101.75,26.55,2020,855.5,5.96,1.18,0.06
2020-02-24,panzhihua,攀枝花,Panzhihua,0.11,18.47,23.8,12.35,6.003785557595773,1.36,16974628.0,19023428.0,1466.125,101.75,26.55,2020,853.69,4.88,1.11,0.24
2020-02-25,panzhihua,攀枝花,Panzhihua,0.0,19.09,24.47,11.73,6.081707429862576,0.99,17219620.0,19303118.0,1456.875,101.75,26.55,2020,854.31,2.88,0.69,0.27
2020-02-26,panzhihua,攀枝花,Panzhihua,0.15,20.19,25.67,12.66,6.022663220352397,1.14,15944374.0,17878320.0,1451.375,101.75,26.55,2020,854.38,3.21,0.86,0.3
2020-02-27,panzhihua,攀枝花,Panzhihua,2.79,17.96,24.51,11.95,4.883114671454957,1.02,14617244.0,16394272.0,1448.75,101.75,26.55,2020,853.56,8.07,0.66,0.22
2020-02-28,panzhihua,攀枝花,Panzhihua,0.44,16.88,22.48,11.3,5.45626851454402,0.88,16975552.0,19044892.0,1453.4062,101.75,26.55,2020,853.04,4.91,0.45,0.11
2020-02-29,panzhihua,攀枝花,Panzhihua,0.0,18.64,24.53,10.65,6.7886584332855815,0.94,19807718.0,22228436.0,1477.2812,101.75,26.55,2020,852.28,0.51,0.42,0.14
2020-03-01,panzhihua,攀枝花,Panzhihua,0.0,20.11,26.71,12.34,7.138613767072839,1.17,19316852.0,21683582.0,1512.7812,101.75,26.55,2020,851.57,-0.07,0.86,0.49
2020-03-02,panzhihua,攀枝花,Panzhihua,0.01,20.31,25.82,13.22,7.309672781381249,1.42,19062018.0,21403346.0,1544.9688,101.75,26.55,2020,851.36,0.02,0.87,0.77
2020-03-03,panzhihua,攀枝花,Panzhihua,0.35,18.02,23.64,11.26,5.0297702399447575,1.03,14093176.0,15828102.0,1565.8125,101.75,26.55,2020,852.45,3.8,0.76,0.03
2020-03-04,panzhihua,攀枝花,Panzhihua,1.48,14.42,20.34,8.1,4.3636054041717625,0.82,15036883.0,16893440.0,1575.0,101.75,26.55,2020,854.19,7.37,-0.2,-0.56
2020-03-05,panzhihua,攀枝花,Panzhihua,0.04,18.29,25.12,7.68,6.390632506990055,1.59,17505320.0,19670954.0,1576.4062,101.75,26.55,2020,851.4,2.88,0.98,0.9
2020-03-06,panzhihua,攀枝花,Panzhihua,0.0,19.36,25.92,12.11,7.19587127657013,1.91,18890324.0,21233384.0,1575.6875,101.75,26.55,2020,851.18,2.82,1.17,1.16
2020-03-07,panzhihua,攀枝花,Panzhihua,0.0,19.88,25.81,12.48,7.292422279829898,2.01,18578626.0,20888600.0,1564.0625,101.75,26.55,2020,849.58,3.04,1.18,1.26
2020-03-08,panzhihua,攀枝花,Panzhihua,0.0,19.61,25.36,13.59,7.129383104439348,2.21,17161654.0,19300816.0,1540.625,101.75,26.55,2020,847.22,1.42,1.27,1.47
2020-03-09,panzhihua,攀枝花,Panzhihua,0.08,19.68,25.45,10.33,6.467012361664895,1.11,17559780.0,19754200.0,1511.5312,101.75,26.55,2020,850.15,1.3,0.36,0.24
2020-03-10,panzhihua,攀枝花,Panzhihua,0.03,14.85,19.36,9.79,4.139923008150613,1.02,12797708.0,14401860.0,1484.4688,101.75,26.55,2020,853.05,4.17,-0.42,-0.68
2020-03-11,panzhihua,攀枝花,Panzhihua,0.0,21.25,27.97,10.24,8.376921618515379,2.19,19847464.0,22339922.0,1463.25,101.75,26.55,2020,849.73,-0.3,1.26,1.54
2020-03-12,panzhihua,攀枝花,Panzhihua,0.0,22.8,29.34,15.19,8.458574712120546,2.0,19488740.0,21942124.0,1449.5938,101.75,26.55,2020,851.65,0.72,1.04,1.42
2020-03-13,panzhihua,攀枝花,Panzhihua,0.0,23.28,29.32,14.74,8.183434615710729,1.09,21209528.0,23885894.0,1439.2188,101.75,26.55,2020,854.01,1.51,0.47,0.21
2020-03-14,panzhihua,攀枝花,Panzhihua,0.0,23.1,29.71,13.82,8.044691374290615,0.94,21541276.0,24266044.0,1426.4375,101.75,26.55,2020,853.12,3.1,0.03,-0.4
2020-03-15,panzhihua,攀枝花,Panzhihua,0.0,24.46,31.37,16.26,8.978680010798316,1.81,20785464.0,23420924.0,1411.25,101.75,26.55,2020,851.63,2.02,1.02,1.17
2020-03-16,panzhihua,攀枝花,Panzhihua,0.02,23.06,28.98,15.67,8.067060540224508,1.66,19387242.0,21848894.0,1397.0938,101.75,26.55,2020,852.79,2.76,0.8,1.09
2020-03-17,panzhihua,攀枝花,Panzhihua,0.08,21.58,27.78,14.04,7.340439610810362,1.31,19220912.0,21664616.0,1389.3438,101.75,26.55,2020,852.73,3.85,0.54,0.28
2020-03-18,panzhihua,攀枝花,Panzhihua,0.06,21.0,26.63,12.64,7.487697245226183,1.35,19566794.0,22058760.0,1395.1875,101.75,26.55,2020,850.87,1.4,-0.03,0.32
2020-03-19,panzhihua,攀枝花,Panzhihua,0.0,17.59,22.22,11.33,5.711365974099334,0.72,17522184.0,19757520.0,1421.2812,101.75,26.55,2020,853.28,4.01,-0.4,-0.53
2020-03-20,panzhihua,攀枝花,Panzhihua,0.01,21.32,28.33,11.06,8.335495386722634,1.77,21203944.0,23912404.0,1467.2812,101.75,26.55,2020,850.83,1.42,0.92,1.2
2020-03-21,panzhihua,攀枝花,Panzhihua,0.08,21.55,27.07,14.23,8.09343130308594,1.45,20894258.0,23566936.0,1527.5,101.75,26.55,2020,851.43,0.85,0.73,1.0
2020-03-22,panzhihua,攀枝花,Panzhihua,0.0,21.96,27.29,14.63,8.145550311973377,1.21,21515824.0,24272032.0,1582.7188,101.75,26.55,2020,852.12,1.14,0.77,0.68
2020-03-23,panzhihua,攀枝花,Panzhihua,1.46,20.16,27.42,13.33,6.840093380057257,0.86,19918550.0,22473862.0,1613.875,101.75,26.55,2020,852.42,5.94,0.64,0.09
2020-03-24,panzhihua,攀枝花,Panzhihua,0.03,20.64,26.81,12.84,7.57204312572972,1.28,20869506.0,23550838.0,1618.0,101.75,26.55,2020,850.53,4.13,0.9,0.74
2020-03-25,panzhihua,攀枝花,Panzhihua,0.0,22.47,28.1,13.66,8.508333655497461,1.32,22151020.0,25000930.0,1604.2812,101.75,26.55,2020,848.31,1.69,0.8,0.73
2020-03-26,panzhihua,攀枝花,Panzhihua,0.0,23.27,29.27,15.74,8.911519015742947,1.61,22310408.0,25184892.0,1582.7188,101.75,26.55,2020,848.94,2.89,1.01,0.84
2020-03-27,panzhihua,攀枝花,Panzhihua,0.0,24.65,31.14,15.39,8.57603388639744,0.88,22642924.0,25564582.0,1555.7188,101.75,26.55,2020,850.42,4.42,0.27,-0.22
2020-03-28,panzhihua,攀枝花,Panzhihua,0.0,23.97,30.57,16.78,7.275952459013003,2.08,16106550.0,18187712.0,1522.6875,101.75,26.55,2020,846.92,7.95,1.46,0.83
2020-03-29,panzhihua,攀枝花,Panzhihua,0.01,25.16,31.88,18.79,8.557488571041766,2.28,17550476.0,19822722.0,1487.125,101.75,26.55,2020,846.44,3.72,1.58,1.32
2020-03-30,panzhihua,攀枝花,Panzhihua,0.0,25.37,32.62,18.01,10.466271114774433,2.32,22861040.0,25823812.0,1455.7188,101.75,26.55,2020,847.88,-0.44,1.31,1.69
2020-03-31,panzhihua,攀枝花,Panzhihua,0.0,25.43,31.67,17.34,9.452554045393814,1.37,22565342.0,25494026.0,1440.1875,101.75,26.55,2020,849.92,-1.28,0.96,0.73
2020-04-01,panzhihua,攀枝花,Panzhihua,0.0,25.19,32.07,16.49,10.411838540048045,1.94,23436082.0,26482022.0,1455.2812,101.75,26.55,2020,849.29,-4.33,0.99,1.36
2020-04-02,panzhihua,攀枝花,Panzhihua,0.0,23.92,31.07,15.93,9.5016323434941,2.02,21643726.0,24460746.0,1511.8125,101.75,26.55,2020,850.15,-1.2,0.92,1.53
2020-04-03,panzhihua,攀枝花,Panzhihua,0.0,23.63,29.83,15.67,9.227335344714117,2.03,21535720.0,24342138.0,1613.9062,101.75,26.55,2020,851.82,1.59,1.16,1.25
2020-04-04,panzhihua,攀枝花,Panzhihua,0.07,21.64,27.72,13.28,7.10718562420278,1.34,18639434.0,21071346.0,1747.0312,101.75,26.55,2020,853.15,5.7,0.75,-0.39
2020-04-05,panzhihua,攀枝花,Panzhihua,0.0,21.54,29.11,12.77,8.045261871740415,1.19,21473700.0,24280752.0,1874.4688,101.75,26.55,2020,852.11,1.1,0.23,-0.05
2020-04-06,panzhihua,攀枝花,Panzhihua,0.05,21.84,28.11,13.46,8.376820611555443,1.22,22433596.0,25370160.0,1973.3438,101.75,26.55,2020,850.75,1.83,0.06,0.25
2020-04-07,panzhihua,攀枝花,Panzhihua,0.2,21.7,27.73,14.24,7.8177701254505,0.97,21499356.0,24317720.0,2045.9375,101.75,26.55,2020,850.87,3.11,0.37,0.1
2020-04-08,panzhihua,攀枝花,Panzhihua,0.39,20.53,25.93,13.53,7.08744113504981,0.94,20365222.0,23039490.0,2090.8125,101.75,26.55,2020,854.06,6.24,-0.39,-0.73
2020-04-09,panzhihua,攀枝花,Panzhihua,0.04,23.48,30.32,15.16,8.947030274862948,1.69,22130004.0,25039296.0,2109.625,101.75,26.55,2020,851.62,3.55,1.22,0.65
2020-04-10,panzhihua,攀枝花,Panzhihua,0.03,23.34,30.5,16.08,9.04025169293124,1.95,21886314.0,24767200.0,2112.0625,101.75,26.55,2020,852.47,3.63,1.38,1.02
2020-04-11,panzhihua,攀枝花,Panzhihua,0.02,22.61,29.53,15.69,8.329236684092187,1.02,22643066.0,25628790.0,2093.5,101.75,26.55,2020,854.84,4.28,-0.22,-0.61
2020-04-12,panzhihua,攀枝花,Panzhihua,8.86,19.09,26.36,14.34,5.295796040677108,0.99,15945634.0,18051426.0,2054.2812,101.75,26.55,2020,855.88,10.63,0.14,-0.79
2020-04-13,panzhihua,攀枝花,Panzhihua,10.29,16.77,23.01,10.88,4.441534345897004,0.82,14604376.0,16536422.0,2010.875,101.75,26.55,2020,854.75,11.01,0.38,-0.01
2020-04-14,panzhihua,攀枝花,Panzhihua,0.03,19.46,25.35,12.08,6.457084027166934,0.63,19847228.0,22474546.0,1977.75,101.75,26.55,2020,853.89,8.97,0.15,-0.3
2020-04-15,panzhihua,攀枝花,Panzhihua,0.0,24.91,31.22,14.54,9.289529618564227,0.93,24506168.0,27755438.0,1948.5,101.75,26.55,2020,849.76,4.19,0.59,0.04
2020-04-16,panzhihua,攀枝花,Panzhihua,0.07,25.32,32.12,18.53,9.797989545647406,1.52,24431736.0,27666158.0,1903.4688,101.75,26.55,2020,848.91,5.7,1.17,0.49
2020-04-17,panzhihua,攀枝花,Panzhihua,0.04,24.1,31.03,17.89,9.170751428936285,1.95,22658182.0,25652858.0,1850.9688,101.75,26.55,2020,849.52,7.09,1.5,0.85
2020-04-18,panzhihua,攀枝花,Panzhihua,0.0,24.76,31.03,17.98,8.654649372539174,1.65,20887470.0,23644516.0,1806.1562,101.75,26.55,2020,849.31,6.47,1.07,0.53
2020-04-19,panzhihua,攀枝花,Panzhihua,0.33,24.98,31.43,18.79,9.440877688781958,1.8,23077646.0,26118804.0,1776.625,101.75,26.55,2020,850.09,6.86,1.38,0.84
2020-04-20,panzhihua,攀枝花,Panzhihua,0.01,25.23,30.64,18.71,9.50207639994659,2.1,21936162.0,24822932.0,1763.4688,101.75,26.55,2020,850.59,5.8,1.4,1.24
2020-04-21,panzhihua,攀枝花,Panzhihua,1.19,25.77,32.27,17.99,9.345003582829436,2.01,21127194.0,23902990.0,1770.4688,101.75,26.55,2020,850.45,5.68,1.26,0.94
2020-04-22,panzhihua,攀枝花,Panzhihua,1.95,22.45,29.26,17.14,6.366065212392348,1.45,16011886.0,18111446.0,1809.0938,101.75,26.55,2020,851.72,8.83,1.01,0.4
2020-04-23,panzhihua,攀枝花,Panzhihua,1.13,18.41,26.73,12.42,5.766288455677517,1.39,16551712.0,18718778.0,1888.0312,101.75,26.55,2020,854.34,6.99,-0.58,-1.19
2020-04-24,panzhihua,攀枝花,Panzhihua,3.68,13.64,17.01,11.4,2.1234427939503493,0.95,6330886.0,7157576.0,2019.9375,101.75,26.55,2020,858.17,7.32,-0.33,-0.73
2020-04-25,panzhihua,攀枝花,Panzhihua,5.38,12.09,12.9,10.69,1.2007587974856295,0.54,4158718.0,4701294.0,2202.0312,101.75,26.55,2020,859.97,9.15,-0.17,-0.08
2020-04-26,panzhihua,攀枝花,Panzhihua,0.05,16.28,20.22,11.04,3.745487991823377,0.55,11693396.0,13218240.0,2394.0938,101.75,26.55,2020,860.97,6.14,0.24,0.19
2020-04-27,panzhihua,攀枝花,Panzhihua,0.0,18.77,22.26,14.25,4.447249592409596,0.46,13284944.0,15013952.0,2565.7812,101.75,26.55,2020,860.65,5.86,-0.01,0.29
2020-04-28,panzhihua,攀枝花,Panzhihua,0.02,21.45,25.81,15.03,6.550247984009881,1.06,17803708.0,20117392.0,2692.625,101.75,26.55,2020,856.28,6.95,0.97,0.14
2020-04-29,panzhihua,攀枝花,Panzhihua,1.09,19.55,24.3,16.38,4.500927044097189,0.98,13381826.0,15117658.0,2759.8438,101.75,26.55,2020,854.57,12.47,0.74,-0.31
2020-04-30,panzhihua,攀枝花,Panzhihua,14.84,19.74,26.61,14.93,5.547747818409285,0.69,17532476.0,19804036.0,2787.5625,101.75,26.55,2020,853.69,14.1,0.15,0.1
2020-05-01,panzhihua,攀枝花,Panzhihua,4.82,19.96,25.94,13.88,5.8424656011789775,0.43,18317762.0,20687596.0,2804.125,101.75,26.55,2020,852.47,12.95,-0.04,0.2
2020-05-02,panzhihua,攀枝花,Panzhihua,0.05,22.98,28.04,14.87,7.450186170343536,0.53,21841756.0,24662120.0,2834.8438,101.75,26.55,2020,850.82,12.47,0.17,0.01
2020-05-03,panzhihua,攀枝花,Panzhihua,1.9,24.44,30.24,18.22,7.745135209865385,0.82,21705884.0,24504710.0,2859.7188,101.75,26.55,2020,850.82,13.52,0.68,0.19
2020-05-04,panzhihua,攀枝花,Panzhihua,0.01,25.17,31.35,18.35,8.995977459897604,1.64,23276632.0,26272474.0,2862.125,101.75,26.55,2020,849.65,11.49,1.17,0.69
2020-05-05,panzhihua,攀枝花,Panzhihua,0.0,25.98,32.7,19.0,9.401052044135003,1.74,23465790.0,26481660.0,2861.75,101.75,26.55,2020,848.53,10.77,1.18,0.9
2020-05-06,panzhihua,攀枝花,Panzhihua,0.0,27.04,33.55,20.32,9.615855989648027,2.12,22044360.0,24873048.0,2863.6875,101.75,26.55,2020,847.82,10.06,1.33,1.3
2020-05-07,panzhihua,攀枝花,Panzhihua,0.0,27.74,34.53,20.99,11.248252500861444,2.27,25271826.0,28509562.0,2863.625,101.75,26.55,2020,847.46,6.56,1.4,1.43
2020-05-08,panzhihua,攀枝花,Panzhihua,0.0,27.81,34.99,20.21,11.147274125394624,2.08,24952882.0,28144648.0,2874.5,101.75,26.55,2020,848.29,4.72,1.39,1.34
2020-05-09,panzhihua,攀枝花,Panzhihua,0.0,27.78,34.18,20.69,10.95145520165783,1.86,24638626.0,27785656.0,2923.1562,101.75,26.55,2020,850.07,2.74,1.25,1.05
2020-05-10,panzhihua,攀枝花,Panzhihua,0.0,28.81,34.82,21.24,11.018047813145506,1.3,26119102.0,29449400.0,3038.9062,101.75,26.55,2020,850.72,2.7,0.7,0.65
2020-05-11,panzhihua,攀枝花,Panzhihua,0.0,27.58,34.44,18.56,10.048010298045153,1.25,24389708.0,27494988.0,3230.125,101.75,26.55,2020,851.22,4.89,0.45,-0.26
2020-05-12,panzhihua,攀枝花,Panzhihua,0.04,26.4,32.61,19.32,8.851621384807745,1.4,21568796.0,24310616.0,3467.5938,101.75,26.55,2020,850.06,8.41,1.07,0.32
2020-05-13,panzhihua,攀枝花,Panzhihua,0.0,27.21,34.06,20.41,10.992117640943034,2.28,24940478.0,28104932.0,3698.5,101.75,26.55,2020,848.0,6.58,1.5,1.27
2020-05-14,panzhihua,攀枝花,Panzhihua,0.0,27.06,33.42,20.2,10.405098225218742,1.99,24343332.0,27427428.0,3896.0,101.75,26.55,2020,847.54,7.91,1.21,1.12
2020-05-15,panzhihua,攀枝花,Panzhihua,0.0,27.84,33.99,20.6,10.529431239915514,1.41,25599184.0,28837240.0,4079.5625,101.75,26.55,2020,846.38,7.04,1.09,0.26
2020-05-16,panzhihua,攀枝花,Panzhihua,10.74,25.59,33.11,18.51,8.02754017158365,0.96,21451874.0,24182088.0,4273.8125,101.75,26.55,2020,848.89,12.42,0.25,-0.37
2020-05-17,panzhihua,攀枝花,Panzhihua,3.68,22.91,28.14,17.99,6.033643440882941,0.97,16848538.0,19006184.0,4464.5938,101.75,26.55,2020,849.9,13.46,-0.48,0.28
2020-05-18,panzhihua,攀枝花,Panzhihua,2.04,23.46,28.34,17.8,6.331863420482208,0.47,18129208.0,20464148.0,4632.2812,101.75,26.55,2020,849.13,12.05,-0.07,0.34
2020-05-19,panzhihua,攀枝花,Panzhihua,0.0,28.45,33.93,19.61,9.380907396892717,1.54,21777822.0,24599220.0,4788.7812,101.75,26.55,2020,844.32,10.26,1.04,0.77
2020-05-20,panzhihua,攀枝花,Panzhihua,0.0,28.69,34.02,23.29,8.464237686661598,1.33,20055708.0,22668896.0,4942.3125,101.75,26.55,2020,845.38,13.1,1.02,0.21
2020-05-21,panzhihua,攀枝花,Panzhihua,2.76,27.0,33.05,20.41,6.845484755666058,1.28,17271712.0,19535740.0,5075.8438,101.75,26.55,2020,847.82,16.85,0.13,-0.16
2020-05-22,panzhihua,攀枝花,Panzhihua,4.42,22.44,28.1,17.5,4.6863114733581925,1.61,12134098.0,13734552.0,5246.4688,101.75,26.55,2020,851.49,14.92,-1.33,-0.83
2020-05-23,panzhihua,攀枝花,Panzhihua,0.15,21.22,24.38,17.6,3.727529197364895,0.71,10262348.0,11623552.0,5661.125,101.75,26.55,2020,852.31,12.67,-0.6,0.1
2020-05-24,panzhihua,攀枝花,Panzhihua,0.19,27.39,32.59,19.52,8.156727054936518,0.95,20737134.0,23502612.0,6418.4375,101.75,26.55,2020,848.4,12.56,0.35,0.06
2020-05-25,panzhihua,攀枝花,Panzhihua,7.65,19.61,26.55,15.31,4.011335919303376,1.23,11995020.0,13604948.0,7337.5312,101.75,26.55,2020,852.89,14.37,-1.0,-0.51
2020-05-26,panzhihua,攀枝花,Panzhihua,5.62,16.63,19.31,14.47,1.9960391769329304,0.91,6152012.0,6982016.0,8324.530999999999,101.75,26.55,2020,854.72,13.11,-0.86,-0.25
2020-05-27,panzhihua,攀枝花,Panzhihua,7.82,14.19,15.13,13.46,1.1500488730369751,0.56,3790404.0,4304756.0,9289.969,101.75,26.55,2020,855.96,11.73,-0.51,-0.05
2020-05-28,panzhihua,攀枝花,Panzhihua,1.11,14.4,16.27,11.06,1.573304787196553,0.39,5325850.0,6052292.0,10052.844,101.75,26.55,2020,854.0,11.32,-0.14,0.11
2020-05-29,panzhihua,攀枝花,Panzhihua,0.05,20.4,25.18,12.6,6.076043136436894,0.56,18397140.0,20921320.0,10551.531,101.75,26.55,2020,851.87,11.31,-0.16,-0.14
2020-05-30,panzhihua,攀枝花,Panzhihua,3.4,22.99,29.04,17.42,7.460932597626513,0.61,22072602.0,25117532.0,10619.6875,101.75,26.55,2020,851.55,15.41,0.39,0.03
2020-05-31,panzhihua,攀枝花,Panzhihua,0.82,24.74,29.62,18.89,7.4690658529934915,0.72,21021418.0,23938184.0,10243.375,101.75,26.55,2020,850.8,15.61,0.19,-0.02
2020-06-01,panzhihua,攀枝花,Panzhihua,0.22,26.41,30.4,20.24,8.1366297141552,1.09,21293418.0,24264212.0,9637.875,101.75,26.55,2020,848.76,14.64,0.91,0.01
2020-06-02,panzhihua,攀枝花,Panzhihua,2.44,24.77,31.69,19.47,7.988853463164943,1.3,22098892.0,25199156.0,9016.1875,101.75,26.55,2020,848.12,15.95,0.04,-0.31
2020-06-03,panzhihua,攀枝花,Panzhihua,0.07,24.66,28.93,19.76,6.170049144475166,0.85,16328004.0,18632032.0,8553.530999999999,101.75,26.55,2020,848.26,13.5,-0.52,-0.47
2020-06-04,panzhihua,攀枝花,Panzhihua,0.13,25.94,31.98,20.4,7.510925606446693,1.02,19568918.0,22344200.0,8364.594000000001,101.75,26.55,2020,847.67,13.99,0.4,0.28
2020-06-05,panzhihua,攀枝花,Panzhihua,5.21,25.49,31.27,20.17,6.677686604449568,0.57,18253014.0,20856244.0,8519.280999999999,101.75,26.55,2020,848.35,14.9,-0.23,0.22
2020-06-06,panzhihua,攀枝花,Panzhihua,0.19,26.17,31.03,20.66,7.220576190271287,0.69,19749486.0,22581600.0,8997.155999999999,101.75,26.55,2020,846.02,17.23,0.34,0.2
2020-06-07,panzhihua,攀枝花,Panzhihua,0.04,28.79,34.49,22.01,9.150939839338704,1.51,21617800.0,24734688.0,9505.969,101.75,26.55,2020,843.9,13.96,1.18,0.53
2020-06-08,panzhihua,攀枝花,Panzhihua,1.29,28.39,34.58,23.14,8.712050560383425,1.17,21729654.0,24879644.0,9862.8125,101.75,26.55,2020,846.61,15.47,0.44,-0.14
2020-06-09,panzhihua,攀枝花,Panzhihua,9.19,25.98,31.85,20.59,5.870581479099611,0.66,15922770.0,18243896.0,10266.875,101.75,26.55,2020,848.92,18.12,-0.34,-0.27
2020-06-10,panzhihua,攀枝花,Panzhihua,1.12,26.58,31.03,21.25,5.934015262515468,0.66,15857296.0,18181064.0,10792.719,101.75,26.55,2020,847.62,18.24,0.12,-0.23
2020-06-11,panzhihua,攀枝花,Panzhihua,1.23,27.82,33.76,23.07,8.20851020545113,1.4,20417452.0,23425832.0,11344.656,101.75,26.55,2020,844.94,16.64,1.22,-0.08
2020-06-12,panzhihua,攀枝花,Panzhihua,0.12,28.8,33.32,22.65,7.889127760794527,1.16,18982730.0,21794404.0,11750.375,101.75,26.55,2020,844.22,15.57,0.89,-0.14
2020-06-13,panzhihua,攀枝花,Panzhihua,29.65,26.91,34.17,21.09,6.950408506743405,0.83,18335282.0,21065304.0,11940.6875,101.75,26.55,2020,847.64,17.62,0.04,-0.19
2020-06-14,panzhihua,攀枝花,Panzhihua,15.04,22.37,24.19,20.28,3.0405837185368783,0.5,9008252.0,10356740.0,12086.0,101.75,26.55,2020,851.17,19.54,-0.25,-0.03
2020-06-15,panzhihua,攀枝花,Panzhihua,3.6,23.73,26.97,20.43,5.192360277665798,0.52,15216084.0,17503368.0,12345.1875,101.75,26.55,2020,848.69,19.81,0.29,0.03
2020-06-16,panzhihua,攀枝花,Panzhihua,0.79,26.03,30.17,21.73,6.0005166129013965,1.12,15898802.0,18294180.0,12686.125,101.75,26.55,2020,845.1,18.99,0.96,-0.04
2020-06-17,panzhihua,攀枝花,Panzhihua,11.09,25.92,31.36,22.21,5.634802868642156,0.8,15175210.0,17466768.0,12998.969,101.75,26.55,2020,845.48,18.98,0.43,-0.16
2020-06-18,panzhihua,攀枝花,Panzhihua,20.57,22.62,24.7,20.98,3.2636976482327924,0.83,9117334.0,10495036.0,13316.875,101.75,26.55,2020,849.39,18.19,-0.67,-0.29
2020-06-19,panzhihua,攀枝花,Panzhihua,2.75,24.97,28.73,20.97,5.1124893563205145,0.42,14379920.0,16556944.0,13901.594,101.75,26.55,2020,847.98,18.94,0.01,-0.06
2020-06-20,panzhihua,攀枝花,Panzhihua,3.96,26.37,31.87,22.24,5.964212122855513,0.93,16114010.0,18557588.0,14613.594,101.75,26.55,2020,845.89,20.16,0.72,-0.24
2020-06-21,panzhihua,攀枝花,Panzhihua,0.27,27.62,32.33,23.31,6.75934772251316,1.33,16548972.0,19061820.0,15164.031,101.75,26.55,2020,843.68,17.92,1.09,-0.01
2020-06-22,panzhihua,攀枝花,Panzhihua,1.5,26.96,31.45,22.93,6.908065705161596,0.89,18230438.0,21002380.0,15545.9375,101.75,26.55,2020,846.17,18.43,0.52,-0.23
2020-06-23,panzhihua,攀枝花,Panzhihua,7.83,26.56,31.53,21.91,6.2194772623544585,0.67,16859504.0,19426912.0,15856.656,101.75,26.55,2020,847.46,19.47,-0.12,-0.06
2020-06-24,panzhihua,攀枝花,Panzhihua,5.8,24.53,27.43,21.4,4.490181350672347,0.47,12689072.0,14623580.0,16230.75,101.75,26.55,2020,849.09,19.48,0.15,-0.04
2020-06-25,panzhihua,攀枝花,Panzhihua,14.91,24.77,29.58,21.04,6.452147518948307,0.67,18638104.0,21482996.0,16594.25,101.75,26.55,2020,847.06,20.31,0.22,0.09
2020-06-26,panzhihua,攀枝花,Panzhihua,1.2,26.74,31.12,21.96,6.41132403781634,1.14,16424146.0,18936268.0,16691.843999999994,101.75,26.55,2020,844.17,18.22,0.83,-0.29
2020-06-27,panzhihua,攀枝花,Panzhihua,0.12,27.49,31.58,23.08,6.543107456128285,1.22,15998880.0,18450332.0,16469.406000000006,101.75,26.55,2020,844.91,17.47,0.95,-0.04
2020-06-28,panzhihua,攀枝花,Panzhihua,2.33,27.68,32.1,23.48,6.392856411384183,0.89,16175350.0,18657548.0,16073.6875,101.75,26.55,2020,846.09,17.97,0.52,-0.32
2020-06-29,panzhihua,攀枝花,Panzhihua,20.84,26.5,31.86,21.05,6.676253623285426,0.65,18332008.0,21147432.0,15831.594,101.75,26.55,2020,846.45,19.89,-0.03,0.2
2020-06-30,panzhihua,攀枝花,Panzhihua,36.2,22.31,23.63,21.31,2.5739868655311504,0.48,7730424.0,8919072.0,15979.219,101.75,26.55,2020,847.99,20.58,-0.41,-0.02
2020-07-01,panzhihua,攀枝花,Panzhihua,6.13,22.88,24.79,21.27,2.519613805651133,0.41,7187462.0,8295020.0,16399.5,101.75,26.55,2020,847.52,19.24,-0.1,-0.02
2020-07-02,panzhihua,攀枝花,Panzhihua,4.69,23.75,27.95,20.9,5.252611671800722,0.53,15425754.0,17805688.0,16794.531000000006,101.75,26.55,2020,848.89,20.27,0.15,-0.2
2020-07-03,panzhihua,攀枝花,Panzhihua,19.07,23.67,27.67,20.61,4.366440225486123,0.59,12737856.0,14704776.0,16962.375,101.75,26.55,2020,849.76,20.34,0.37,-0.26
2020-07-04,panzhihua,攀枝花,Panzhihua,20.31,22.13,26.4,20.08,3.4206888976670298,0.44,10374692.0,11977980.0,16932.906000000006,101.75,26.55,2020,849.43,20.25,-0.15,-0.15
2020-07-05,panzhihua,攀枝花,Panzhihua,6.15,23.9,27.02,20.76,4.912742902137438,0.51,14481206.0,16724316.0,16892.281000000006,101.75,26.55,2020,846.49,21.19,0.22,-0.3
2020-07-06,panzhihua,攀枝花,Panzhihua,0.21,25.97,29.19,21.84,5.562631167399119,1.06,14545484.0,16802912.0,16984.561999999998,101.75,26.55,2020,846.52,18.88,0.69,-0.54
2020-07-07,panzhihua,攀枝花,Panzhihua,13.46,25.09,29.1,21.43,5.470582145308028,0.94,15125686.0,17477236.0,17192.718999999994,101.75,26.55,2020,848.35,19.68,0.32,-0.44
2020-07-08,panzhihua,攀枝花,Panzhihua,23.9,22.89,26.36,20.61,4.191011396483321,0.44,12559008.0,14512904.0,17451.343999999994,101.75,26.55,2020,847.49,20.71,-0.09,-0.16
2020-07-09,panzhihua,攀枝花,Panzhihua,9.11,23.29,26.85,20.68,4.297390260942159,0.71,12554634.0,14511964.0,17770.938000000002,101.75,26.55,2020,844.96,19.87,0.38,-0.31
2020-07-10,panzhihua,攀枝花,Panzhihua,0.81,24.38,27.71,21.14,5.26579749103831,1.23,14450106.0,16706796.0,18092.797,101.75,26.55,2020,843.29,18.87,0.93,-0.56
2020-07-11,panzhihua,攀枝花,Panzhihua,0.45,25.32,28.94,21.17,5.837933038439232,1.25,15363860.0,17766630.0,18354.406000000006,101.75,26.55,2020,843.22,18.21,0.85,-0.41
2020-07-12,panzhihua,攀枝花,Panzhihua,11.44,23.07,25.89,21.46,3.3275747894056686,0.63,9514264.0,11004396.0,18578.328,101.75,26.55,2020,847.07,19.4,-0.23,-0.31
2020-07-13,panzhihua,攀枝花,Panzhihua,13.17,21.88,24.67,20.13,2.5445168424176927,0.52,7635434.0,8830996.0,19002.422,101.75,26.55,2020,849.75,19.93,0.15,-0.16
2020-07-14,panzhihua,攀枝花,Panzhihua,1.04,23.31,25.81,20.38,3.9903555875821937,0.6,11560280.0,13373424.0,19411.203,101.75,26.55,2020,849.52,19.7,0.36,-0.2
2020-07-15,panzhihua,攀枝花,Panzhihua,0.88,24.45,27.17,20.8,4.863192552465043,0.75,13673996.0,15823562.0,19529.094,101.75,26.55,2020,847.5,19.68,0.54,-0.4
2020-07-16,panzhihua,攀枝花,Panzhihua,6.36,25.22,29.28,21.39,5.253043478896331,0.92,14346082.0,16602716.0,19548.11,101.75,26.55,2020,845.81,19.61,0.57,-0.32
2020-07-17,panzhihua,攀枝花,Panzhihua,25.14,21.67,23.28,20.42,1.6019231461765182,0.44,4766616.0,5515750.0,19919.594,101.75,26.55,2020,847.88,20.14,0.2,-0.11
2020-07-18,panzhihua,攀枝花,Panzhihua,20.72,22.65,25.88,20.45,3.879753532369541,1.02,11655916.0,13491466.0,20749.969,101.75,26.55,2020,847.68,20.2,0.61,-0.61
2020-07-19,panzhihua,攀枝花,Panzhihua,34.35,20.87,22.91,19.39,1.3525004540667434,0.4,4120470.0,4768626.0,21593.984,101.75,26.55,2020,849.87,19.78,-0.05,-0.2
2020-07-20,panzhihua,攀枝花,Panzhihua,7.52,21.02,21.86,19.88,1.5771284357662871,0.45,4741822.0,5489804.0,22084.14,101.75,26.55,2020,849.71,19.49,0.02,-0.28
2020-07-21,panzhihua,攀枝花,Panzhihua,4.68,22.84,27.23,19.92,3.9655609774145097,0.95,11678132.0,13517776.0,22291.375,101.75,26.55,2020,848.52,19.82,0.74,-0.31
2020-07-22,panzhihua,攀枝花,Panzhihua,2.43,24.57,28.03,20.31,4.8569570266276445,1.01,13207650.0,15291836.0,22218.312,101.75,26.55,2020,848.17,18.98,0.83,-0.31
2020-07-23,panzhihua,攀枝花,Panzhihua,0.88,24.81,28.79,21.47,5.913232473377158,1.02,16389528.0,18978582.0,21842.125,101.75,26.55,2020,849.76,19.02,0.77,-0.46
2020-07-24,panzhihua,攀枝花,Panzhihua,0.25,25.68,29.06,21.43,5.819419841387666,0.83,15730498.0,18216732.0,21329.89,101.75,26.55,2020,850.06,18.96,0.47,-0.42
2020-07-25,panzhihua,攀枝花,Panzhihua,16.86,25.92,29.72,21.54,6.683967291660249,0.67,18631018.0,21576956.0,20806.047,101.75,26.55,2020,849.77,20.24,0.37,-0.05
2020-07-26,panzhihua,攀枝花,Panzhihua,21.81,20.33,22.49,16.39,1.961069722220172,0.68,6067950.0,7027980.0,20451.61,101.75,26.55,2020,852.46,18.89,-0.11,0.19
2020-07-27,panzhihua,攀枝花,Panzhihua,0.01,22.72,27.44,16.94,7.5269838729400895,0.31,22338060.0,25875078.0,20473.516,101.75,26.55,2020,851.46,17.1,0.01,-0.14
2020-07-28,panzhihua,攀枝花,Panzhihua,0.23,25.56,29.39,18.4,7.5645835686209715,0.6,21076876.0,24414446.0,20504.062,101.75,26.55,2020,850.17,18.06,0.24,-0.24
2020-07-29,panzhihua,攀枝花,Panzhihua,0.14,26.28,29.28,22.57,6.889967002496506,0.7,18579438.0,21523302.0,20101.594,101.75,26.55,2020,849.64,17.99,0.31,-0.3
2020-07-30,panzhihua,攀枝花,Panzhihua,19.22,25.71,29.81,20.59,6.50642503849092,0.72,18003594.0,20857446.0,19400.078,101.75,26.55,2020,849.61,19.47,0.22,-0.04
2020-07-31,panzhihua,攀枝花,Panzhihua,27.22,23.78,27.8,20.75,5.321148059224425,0.61,15544414.0,18009708.0,18999.078,101.75,26.55,2020,850.58,20.15,-0.14,0.14
2020-08-01,panzhihua,攀枝花,Panzhihua,14.0,23.99,28.08,20.42,5.656650212000779,0.38,16541586.0,19167052.0,20013.938,101.75,26.55,2020,849.5,20.71,0.01,0.04
2020-08-02,panzhihua,攀枝花,Panzhihua,36.71,24.31,29.08,19.84,6.260831661562015,0.52,18197800.0,21088062.0,20136.031000000006,101.75,26.55,2020,848.12,20.38,-0.06,0.11
2020-08-03,panzhihua,攀枝花,Panzhihua,22.6,23.81,28.47,20.25,6.323238533719207,0.57,18690070.0,21660540.0,20310.594,101.75,26.55,2020,847.3,20.58,-0.02,-0.01
2020-08-04,panzhihua,攀枝花,Panzhihua,4.37,25.06,29.25,20.77,6.5234539057524845,0.54,18586568.0,21542104.0,20425.64,101.75,26.55,2020,847.53,20.15,0.12,-0.12
2020-08-05,panzhihua,攀枝花,Panzhihua,0.36,26.13,29.39,22.61,6.6584775628091295,0.35,18670770.0,21641598.0,20036.922,101.75,26.55,2020,848.74,20.78,0.17,-0.1
2020-08-06,panzhihua,攀枝花,Panzhihua,1.87,26.72,30.68,23.41,7.360202205284383,0.64,20225302.0,23445238.0,19083.203,101.75,26.55,2020,848.68,20.2,0.42,-0.23
2020-08-07,panzhihua,攀枝花,Panzhihua,8.04,24.58,28.22,21.96,4.850247944040027,0.47,13928212.0,16145888.0,17835.922,101.75,26.55,2020,848.64,21.03,0.04,-0.19
2020-08-08,panzhihua,攀枝花,Panzhihua,16.85,23.24,26.43,20.06,4.2718433478226014,0.41,12631362.0,14643940.0,16722.672,101.75,26.55,2020,848.45,20.73,-0.12,0.12
2020-08-09,panzhihua,攀枝花,Panzhihua,17.73,22.65,26.42,20.34,3.5671091632367755,0.41,10634962.0,12330680.0,16175.734,101.75,26.55,2020,847.81,20.47,-0.23,0.01
2020-08-10,panzhihua,攀枝花,Panzhihua,10.05,23.41,27.79,20.53,4.981275606325816,0.44,14797450.0,17159374.0,16202.984,101.75,26.55,2020,847.07,21.1,0.22,-0.05
2020-08-11,panzhihua,攀枝花,Panzhihua,0.82,25.8,29.17,21.29,5.560543135840491,0.97,14972004.0,17362964.0,16406.797,101.75,26.55,2020,845.52,19.86,0.61,-0.5
2020-08-12,panzhihua,攀枝花,Panzhihua,10.35,24.92,28.35,21.34,4.919118525532109,0.79,13585956.0,15757340.0,16378.609,101.75,26.55,2020,847.19,19.79,0.5,-0.43
2020-08-13,panzhihua,攀枝花,Panzhihua,34.63,21.97,24.93,20.27,2.6066864472393654,0.55,7877230.0,9135902.0,16392.734,101.75,26.55,2020,848.98,20.39,0.07,-0.39
2020-08-14,panzhihua,攀枝花,Panzhihua,12.31,22.73,26.4,20.12,4.607862675408502,0.44,13846958.0,16060880.0,17043.797,101.75,26.55,2020,847.8,20.63,-0.15,-0.15
2020-08-15,panzhihua,攀枝花,Panzhihua,14.61,23.78,27.8,20.59,5.130601791875648,0.61,14988476.0,17386870.0,17848.531000000006,101.75,26.55,2020,846.48,20.38,0.26,-0.21
2020-08-16,panzhihua,攀枝花,Panzhihua,39.22,21.48,23.32,19.89,2.025068863976172,0.6,6101556.0,7077744.0,18333.031000000006,101.75,26.55,2020,846.66,19.94,0.17,-0.4
2020-08-17,panzhihua,攀枝花,Panzhihua,47.71,21.04,22.03,19.78,1.2650889577138555,0.75,3750610.0,4351006.0,19171.766,101.75,26.55,2020,848.25,19.79,-0.0,-0.67
2020-08-18,panzhihua,攀枝花,Panzhihua,24.38,19.66,21.05,17.99,1.1798977361769056,0.62,3500744.0,4060124.0,20851.969,101.75,26.55,2020,851.81,18.04,-0.53,0.01
2020-08-19,panzhihua,攀枝花,Panzhihua,9.63,17.86,19.15,16.59,1.1958904311194218,0.57,3522632.0,4085792.0,22671.64,101.75,26.55,2020,854.07,15.39,0.14,0.46
2020-08-20,panzhihua,攀枝花,Panzhihua,0.06,20.58,24.14,16.45,4.217026621892011,0.44,12840350.0,14891524.0,23595.11,101.75,26.55,2020,853.2,16.64,-0.04,0.21
2020-08-21,panzhihua,攀枝花,Panzhihua,14.28,21.85,27.12,16.92,5.841606269241964,0.44,17793834.0,20636518.0,23283.14,101.75,26.55,2020,852.12,18.94,0.02,0.07
2020-08-22,panzhihua,攀枝花,Panzhihua,3.11,21.88,25.69,18.68,4.082878520216719,0.31,12302784.0,14267220.0,22193.188,101.75,26.55,2020,851.78,19.27,0.06,0.08
2020-08-23,panzhihua,攀枝花,Panzhihua,2.09,24.15,27.96,18.71,5.86152699769801,0.84,16626322.0,19281140.0,20641.312,101.75,26.55,2020,848.66,18.78,0.43,-0.29
2020-08-24,panzhihua,攀枝花,Panzhihua,3.26,21.96,25.43,19.23,3.40945103161326,0.41,10204604.0,11833164.0,18998.828,101.75,26.55,2020,850.75,19.36,-0.12,0.05
2020-08-25,panzhihua,攀枝花,Panzhihua,0.0,23.82,28.93,19.44,7.565186942721563,0.31,22088828.0,25614212.0,17939.843999999994,101.75,26.55,2020,851.06,18.76,0.17,-0.03
2020-08-26,panzhihua,攀枝花,Panzhihua,0.02,25.45,30.37,19.67,8.137706058526465,0.52,22890724.0,26542980.0,17412.906000000006,101.75,26.55,2020,849.05,18.15,0.21,-0.23
2020-08-27,panzhihua,攀枝花,Panzhihua,0.04,26.21,30.43,20.78,7.812901004658581,0.72,21384350.0,24795242.0,16688.906000000006,101.75,26.55,2020,846.43,18.23,0.21,-0.27
2020-08-28,panzhihua,攀枝花,Panzhihua,45.82,23.06,27.97,19.42,5.7622750306084445,0.52,17113918.0,19842432.0,15909.672,101.75,26.55,2020,848.29,19.57,0.04,-0.14
2020-08-29,panzhihua,攀枝花,Panzhihua,24.78,21.28,24.7,19.18,3.2350876389877485,0.44,9968702.0,11557552.0,15366.547,101.75,26.55,2020,849.82,19.78,-0.14,-0.25
2020-08-30,panzhihua,攀枝花,Panzhihua,29.78,20.77,23.7,19.19,2.7049535635026225,0.55,8450700.0,9797208.0,15195.156,101.75,26.55,2020,851.14,19.52,-0.2,-0.43
2020-08-31,panzhihua,攀枝花,Panzhihua,13.84,20.47,23.1,17.33,2.4758932478073103,0.57,7671562.0,8893778.0,15341.719,101.75,26.55,2020,855.13,18.83,-0.19,-0.24
2020-09-01,panzhihua,攀枝花,Panzhihua,0.68,22.31,26.56,17.8,6.086888397856536,0.47,18182670.0,21078602.0,15689.172,101.75,26.55,2020,854.46,17.86,0.21,-0.06
2020-09-02,panzhihua,攀枝花,Panzhihua,0.31,24.2,28.01,18.13,6.784389479397173,0.38,19577062.0,22693812.0,15703.672,101.75,26.55,2020,853.76,18.71,0.15,-0.16
2020-09-03,panzhihua,攀枝花,Panzhihua,1.3,24.4,28.23,19.83,5.985189308919295,0.43,17174720.0,19907926.0,15120.828,101.75,26.55,2020,853.08,19.43,0.02,0.04
2020-09-04,panzhihua,攀枝花,Panzhihua,18.31,22.62,26.98,19.73,5.184508028815421,0.45,15586120.0,18065734.0,14478.625,101.75,26.55,2020,851.49,20.01,-0.23,0.09
2020-09-05,panzhihua,攀枝花,Panzhihua,12.04,22.25,26.82,19.1,4.548186449125081,0.46,13748192.0,15934984.0,14136.203,101.75,26.55,2020,849.27,19.88,-0.28,0.13
2020-09-06,panzhihua,攀枝花,Panzhihua,15.0,20.82,22.27,18.68,2.3812684493563414,0.61,7354908.0,8524230.0,13930.734,101.75,26.55,2020,851.65,19.33,-0.33,0.25
2020-09-07,panzhihua,攀枝花,Panzhihua,0.54,23.48,26.6,18.78,5.887577408518816,0.47,17107450.0,19827412.0,13875.578,101.75,26.55,2020,852.01,18.36,0.27,0.03
2020-09-08,panzhihua,攀枝花,Panzhihua,1.39,23.59,26.72,19.67,4.640648451803246,0.47,13273638.0,15383410.0,13627.125,101.75,26.55,2020,853.17,18.51,0.25,-0.19
2020-09-09,panzhihua,攀枝花,Panzhihua,18.23,23.1,27.08,19.37,5.000222001087992,0.55,14554742.0,16867338.0,13182.266,101.75,26.55,2020,850.89,18.57,0.19,-0.07
2020-09-10,panzhihua,攀枝花,Panzhihua,16.04,20.88,23.77,19.05,2.4219377104187383,0.48,7492858.0,8683026.0,12916.5,101.75,26.55,2020,850.47,19.56,-0.04,-0.16
2020-09-11,panzhihua,攀枝花,Panzhihua,9.04,21.88,24.2,19.45,2.8463727481427514,0.55,8430420.0,9769420.0,12960.297,101.75,26.55,2020,852.24,19.24,0.16,-0.27
2020-09-12,panzhihua,攀枝花,Panzhihua,20.17,21.55,24.71,19.53,3.0086183259489983,0.59,9167396.0,10622592.0,13219.0625,101.75,26.55,2020,853.78,19.67,0.01,-0.5
2020-09-13,panzhihua,攀枝花,Panzhihua,14.35,21.06,22.86,19.68,1.7247254140793369,0.7,5058826.0,5861508.0,13545.375,101.75,26.55,2020,853.28,19.09,-0.19,-0.6
2020-09-14,panzhihua,攀枝花,Panzhihua,31.83,20.64,23.83,18.74,2.4714552334258286,0.6,7644158.0,8856918.0,13983.266,101.75,26.55,2020,851.31,19.02,-0.26,-0.41
2020-09-15,panzhihua,攀枝花,Panzhihua,27.59,21.05,24.99,19.13,3.6500479343983394,0.57,11440244.0,13254880.0,14503.781,101.75,26.55,2020,850.25,19.7,-0.28,-0.21
2020-09-16,panzhihua,攀枝花,Panzhihua,23.41,21.71,25.13,19.72,3.6573787463135337,0.45,11212692.0,12985494.0,14961.641,101.75,26.55,2020,850.13,20.08,-0.3,-0.14
2020-09-17,panzhihua,攀枝花,Panzhihua,11.08,20.27,21.61,19.34,1.466960415247751,0.83,4026900.0,4661536.0,15261.094,101.75,26.55,2020,854.31,17.6,-0.57,-0.54
2020-09-18,panzhihua,攀枝花,Panzhihua,0.08,19.01,20.71,16.4,1.9431969590111056,0.47,5812792.0,6726060.0,15414.0,101.75,26.55,2020,856.28,15.6,-0.17,-0.23
2020-09-19,panzhihua,攀枝花,Panzhihua,0.03,22.22,25.45,16.49,5.219308625560573,0.38,15481586.0,17906462.0,15498.031,101.75,26.55,2020,853.94,17.22,0.04,-0.0
2020-09-20,panzhihua,攀枝花,Panzhihua,0.68,23.04,26.11,19.95,4.645313119872641,0.66,13302580.0,15379414.0,15281.891,101.75,26.55,2020,851.68,17.82,0.45,-0.2
2020-09-21,panzhihua,攀枝花,Panzhihua,10.29,22.93,26.95,20.0,4.9774130310522615,0.82,14555928.0,16820940.0,14702.1875,101.75,26.55,2020,850.51,18.66,0.42,-0.35
2020-09-22,panzhihua,攀枝花,Panzhihua,28.64,21.26,24.22,18.37,3.14800690738113,0.88,9652985.0,11150362.0,14101.516,101.75,26.55,2020,852.36,19.08,-0.43,-0.65
2020-09-23,panzhihua,攀枝花,Panzhihua,7.11,18.42,18.67,18.1,0.9731243035826596,0.37,2803878.5,3237382.0,13822.594,101.75,26.55,2020,855.89,15.51,-0.09,-0.21
2020-09-24,panzhihua,攀枝花,Panzhihua,1.19,20.53,22.07,18.06,2.1797047929066653,0.44,6353862.5,7333102.0,13758.844,101.75,26.55,2020,852.44,16.64,-0.05,-0.2
2020-09-25,panzhihua,攀枝花,Panzhihua,16.27,21.46,25.98,18.16,3.0461596750506232,0.61,9189920.0,10601398.0,13961.984,101.75,26.55,2020,849.45,18.91,-0.0,-0.36
2020-09-26,panzhihua,攀枝花,Panzhihua,11.98,18.9,20.19,18.03,1.771938265010394,0.95,5369080.0,6191220.0,14233.641,101.75,26.55,2020,851.62,16.74,-0.82,-0.43
2020-09-27,panzhihua,攀枝花,Panzhihua,1.07,22.06,25.47,18.13,3.794427734075721,0.49,11241931.0,12957500.0,14508.914,101.75,26.55,2020,850.5,18.24,-0.29,-0.19
2020-09-28,panzhihua,攀枝花,Panzhihua,1.41,23.75,27.36,19.89,5.0569237585512905,0.9,14239205.0,16405499.0,14782.422,101.75,26.55,2020,849.77,18.26,0.5,-0.4
2020-09-29,panzhihua,攀枝花,Panzhihua,3.33,22.03,25.66,19.79,3.8671180925198834,0.77,11479311.0,13220736.0,14786.922,101.75,26.55,2020,851.24,18.53,-0.2,-0.6
2020-09-30,panzhihua,攀枝花,Panzhihua,2.98,21.63,24.67,19.23,3.0521024944612387,0.42,9074684.0,10445952.0,14419.828,101.75,26.55,2020,850.01,18.16,0.03,-0.35
2020-10-01,panzhihua,攀枝花,Panzhihua,6.08,22.2,26.12,19.19,4.248696102327711,0.44,12916122.0,14861997.0,13800.484,101.75,26.55,2020,849.81,19.85,0.01,-0.18
2020-10-02,panzhihua,攀枝花,Panzhihua,2.01,23.13,26.91,19.21,4.648000679015625,0.82,13461852.0,15482417.0,13250.797,101.75,26.55,2020,850.47,18.67,0.47,-0.35
2020-10-03,panzhihua,攀枝花,Panzhihua,10.38,21.85,26.27,18.92,4.031021324112595,0.64,12334668.0,14181191.0,12725.734,101.75,26.55,2020,851.95,19.35,0.04,-0.2
2020-10-04,panzhihua,攀枝花,Panzhihua,16.06,21.31,25.29,18.38,3.5678148338343254,0.64,11096763.0,12752048.0,12323.594,101.75,26.55,2020,852.5,19.36,-0.02,-0.58
2020-10-05,panzhihua,攀枝花,Panzhihua,29.77,20.37,24.36,18.39,3.057568092008001,0.7,9766911.0,11220458.0,12118.867,101.75,26.55,2020,853.03,18.92,-0.06,-0.57
2020-10-06,panzhihua,攀枝花,Panzhihua,11.85,21.23,24.66,18.51,3.52056721348764,0.59,10920943.0,12540258.0,11984.57,101.75,26.55,2020,854.01,19.14,0.05,-0.29
2020-10-07,panzhihua,攀枝花,Panzhihua,6.98,18.85,20.84,17.05,2.267927515154605,1.01,7127268.0,8180118.0,11942.609,101.75,26.55,2020,856.27,16.64,-0.67,-0.73
2020-10-08,panzhihua,攀枝花,Panzhihua,6.07,21.32,24.7,17.33,3.103984454958652,0.48,9367162.0,10746495.0,11949.477,101.75,26.55,2020,855.53,18.24,-0.11,-0.33
2020-10-09,panzhihua,攀枝花,Panzhihua,1.05,21.16,23.35,19.27,2.353131479417932,0.96,6702247.5,7685293.0,11961.508,101.75,26.55,2020,855.44,17.97,0.03,-0.9
2020-10-10,panzhihua,攀枝花,Panzhihua,0.06,21.63,23.59,19.46,3.6203818248614703,0.68,10329524.0,11840652.0,11940.6875,101.75,26.55,2020,853.57,15.93,0.12,-0.37
2020-10-11,panzhihua,攀枝花,Panzhihua,2.75,22.29,24.99,19.78,3.907677950347255,0.53,11299460.0,12946704.0,11683.156,101.75,26.55,2020,852.44,16.77,0.03,-0.32
2020-10-12,panzhihua,攀枝花,Panzhihua,1.65,20.84,23.14,19.54,2.684217405152981,0.66,8107260.0,9286358.0,11277.93,101.75,26.55,2020,853.04,18.04,-0.17,-0.44
2020-10-13,panzhihua,攀枝花,Panzhihua,0.32,22.03,24.77,19.52,3.7318000903276416,0.6,10723894.0,12277238.0,10821.5625,101.75,26.55,2020,853.25,16.45,0.17,-0.24
2020-10-14,panzhihua,攀枝花,Panzhihua,0.45,20.87,24.32,16.85,3.7328658320434376,0.78,10961020.0,12543760.0,10311.461,101.75,26.55,2020,855.53,15.84,-0.3,-0.61
2020-10-15,panzhihua,攀枝花,Panzhihua,1.8,21.0,23.51,16.62,3.659351157415713,0.67,10639380.0,12168512.0,9780.32,101.75,26.55,2020,855.47,15.35,0.32,-0.49
2020-10-16,panzhihua,攀枝花,Panzhihua,9.81,15.36,18.97,13.31,0.6956995382963824,0.91,1977916.0,2260260.0,9261.898,101.75,26.55,2020,858.98,13.6,-0.29,-0.84
2020-10-17,panzhihua,攀枝花,Panzhihua,0.83,14.86,15.78,13.36,1.1343465505162538,0.6,3367002.0,3846836.0,8856.711,101.75,26.55,2020,858.22,11.29,-0.39,-0.32
2020-10-18,panzhihua,攀枝花,Panzhihua,4.3,15.49,17.54,13.74,1.4573210788098665,0.93,4446834.0,5076012.0,8490.508,101.75,26.55,2020,857.97,12.55,-0.51,-0.77
2020-10-19,panzhihua,攀枝花,Panzhihua,2.91,14.36,14.9,13.66,0.8742275328094132,0.77,2619404.0,2988076.0,8140.914000000002,101.75,26.55,2020,857.92,12.02,-0.48,-0.58
2020-10-20,panzhihua,攀枝花,Panzhihua,16.36,13.9,16.62,10.49,0.9076603690251878,1.11,2895748.0,3301650.0,7889.1875,101.75,26.55,2020,859.57,12.22,-0.8,-0.74
2020-10-21,panzhihua,攀枝花,Panzhihua,4.56,9.86,10.92,8.87,0.7072577240783382,0.7,2123756.0,2419218.0,7968.2656,101.75,26.55,2020,862.12,6.62,-0.63,-0.24
2020-10-22,panzhihua,攀枝花,Panzhihua,0.9,14.05,16.7,11.0,2.1779939506560426,0.54,7260752.0,8267436.0,8295.539,101.75,26.55,2020,859.98,9.34,0.19,0.41
2020-10-23,panzhihua,攀枝花,Panzhihua,0.01,15.39,16.96,13.33,2.111363406844992,0.39,6621364.0,7532494.0,8533.594000000001,101.75,26.55,2020,857.62,8.43,-0.27,-0.11
2020-10-24,panzhihua,攀枝花,Panzhihua,0.01,17.77,21.0,14.01,3.990451723152263,0.34,12801376.0,14553184.0,8548.8125,101.75,26.55,2020,855.35,11.25,-0.18,-0.01
2020-10-25,panzhihua,攀枝花,Panzhihua,0.16,19.09,22.78,13.96,3.2462630744987573,0.51,10227898.0,11618932.0,8316.101999999999,101.75,26.55,2020,854.48,15.28,-0.24,-0.23
2020-10-26,panzhihua,攀枝花,Panzhihua,1.87,19.66,23.78,16.23,4.12700705610848,0.58,13093486.0,14864824.0,7960.172,101.75,26.55,2020,854.86,16.0,0.09,-0.26
2020-10-27,panzhihua,攀枝花,Panzhihua,1.08,20.38,24.92,16.31,3.9548469328181057,0.64,12163858.0,13799060.0,7627.422,101.75,26.55,2020,854.26,16.0,0.28,-0.34
2020-10-28,panzhihua,攀枝花,Panzhihua,4.7,19.21,23.72,15.72,3.381243783515857,0.74,10753136.0,12191192.0,7335.8516,101.75,26.55,2020,857.37,15.95,0.06,-0.57
2020-10-29,panzhihua,攀枝花,Panzhihua,0.9,18.26,21.99,15.75,2.5197520476511337,0.52,8024650.0,9092464.0,7091.5547,101.75,26.55,2020,859.43,14.99,-0.22,-0.12
2020-10-30,panzhihua,攀枝花,Panzhihua,0.31,19.84,23.01,16.29,3.5314068264279577,0.64,10859362.0,12294184.0,6831.5234,101.75,26.55,2020,858.1,15.33,0.41,-0.33
2020-10-31,panzhihua,攀枝花,Panzhihua,0.85,20.28,23.89,17.12,3.5119206577232127,0.73,10642698.0,12040984.0,6510.547,101.75,26.55,2020,856.25,15.76,0.54,-0.39
2020-11-01,panzhihua,攀枝花,Panzhihua,2.39,19.73,23.75,15.18,3.1848658447299525,1.02,9569720.0,10819472.0,6193.3594,101.75,26.55,2020,855.91,15.53,0.06,-0.68
2020-11-02,panzhihua,攀枝花,Panzhihua,3.71,13.64,14.82,12.45,0.9935565209702404,1.03,2839220.0,3208668.0,5933.125,101.75,26.55,2020,859.1,10.79,-0.45,-0.92
2020-11-03,panzhihua,攀枝花,Panzhihua,1.59,13.57,14.33,12.57,0.9143123534878824,0.66,2916862.0,3293544.0,5757.2188,101.75,26.55,2020,857.49,11.16,-0.24,-0.6
2020-11-04,panzhihua,攀枝花,Panzhihua,0.24,16.38,19.78,13.23,2.0531203774950484,0.52,6816338.0,7690332.0,5631.625,101.75,26.55,2020,854.06,13.56,-0.09,-0.37
2020-11-05,panzhihua,攀枝花,Panzhihua,0.64,18.15,22.68,13.86,3.73737206764786,0.72,12161346.0,13713268.0,5481.3594,101.75,26.55,2020,854.99,14.2,0.39,-0.26
2020-11-06,panzhihua,攀枝花,Panzhihua,1.22,16.81,21.22,12.03,3.5940300389863364,0.85,11977284.0,13497136.0,5322.5547,101.75,26.55,2020,859.2,12.72,0.07,-0.68
2020-11-07,panzhihua,攀枝花,Panzhihua,0.31,16.02,19.91,11.65,3.4019625979587365,0.72,11381076.0,12816312.0,5172.8984,101.75,26.55,2020,861.51,11.34,-0.21,-0.68
2020-11-08,panzhihua,攀枝花,Panzhihua,1.17,16.02,19.84,13.26,2.8252659065395664,0.46,9560704.0,10758972.0,5011.742,101.75,26.55,2020,861.79,12.3,-0.19,-0.36
2020-11-09,panzhihua,攀枝花,Panzhihua,1.18,14.51,17.31,11.29,1.86780106836656,0.55,6447292.0,7249980.0,4832.6094,101.75,26.55,2020,862.22,11.66,-0.27,-0.03
2020-11-10,panzhihua,攀枝花,Panzhihua,0.06,14.47,18.23,9.65,2.4530345815081107,0.43,8537612.0,9594036.0,4657.8047,101.75,26.55,2020,861.66,10.64,-0.14,-0.19
2020-11-11,panzhihua,攀枝花,Panzhihua,0.0,15.34,19.52,9.68,3.1768332584742827,0.42,10969266.0,12319948.0,4468.8984,101.75,26.55,2020,861.49,11.14,-0.1,-0.29
2020-11-12,panzhihua,攀枝花,Panzhihua,0.0,15.52,20.2,9.91,3.596264069972633,0.31,12469840.0,13996372.0,4253.5234,101.75,26.55,2020,861.28,11.23,-0.05,-0.24
2020-11-13,panzhihua,攀枝花,Panzhihua,0.0,15.66,20.22,9.56,3.509320126782418,0.32,12121102.0,13595724.0,4034.7422,101.75,26.55,2020,859.96,11.36,-0.13,-0.22
2020-11-14,panzhihua,攀枝花,Panzhihua,0.0,15.44,20.3,10.19,3.5989654069169474,0.35,12480030.0,13989056.0,3825.3906,101.75,26.55,2020,859.28,10.88,-0.09,-0.18
2020-11-15,panzhihua,攀枝花,Panzhihua,0.01,15.35,20.4,9.88,4.022841847754859,0.38,14031866.0,15717552.0,3626.8906,101.75,26.55,2020,859.58,10.55,-0.06,-0.24
2020-11-16,panzhihua,攀枝花,Panzhihua,0.01,15.64,21.1,9.98,3.930925024552866,0.48,13627772.0,15261468.0,3440.7969,101.75,26.55,2020,855.62,11.1,-0.12,-0.18
2020-11-17,panzhihua,攀枝花,Panzhihua,0.04,17.3,22.68,10.32,4.241423111330164,1.12,12659370.0,14174072.0,3270.0781,101.75,26.55,2020,851.43,8.55,0.89,0.38
2020-11-18,panzhihua,攀枝花,Panzhihua,0.0,16.47,21.6,10.25,4.625661000468052,1.17,14045216.0,15722412.0,3118.0781,101.75,26.55,2020,852.17,6.52,0.86,0.39
2020-11-19,panzhihua,攀枝花,Panzhihua,0.0,14.88,19.98,9.65,4.1857177174357965,0.66,14100772.0,15781156.0,2986.289,101.75,26.55,2020,852.38,6.7,0.2,-0.2
2020-11-20,panzhihua,攀枝花,Panzhihua,0.0,15.48,20.61,9.66,4.486002822830779,0.81,14503672.0,16228816.0,2872.3594,101.75,26.55,2020,851.74,5.67,0.66,-0.13
2020-11-21,panzhihua,攀枝花,Panzhihua,0.0,15.7,21.35,9.58,4.483088282182253,0.68,14696282.0,16440816.0,2775.2656,101.75,26.55,2020,853.62,6.45,0.39,-0.19
2020-11-22,panzhihua,攀枝花,Panzhihua,0.19,15.45,19.81,10.73,2.681244616131316,0.45,8839536.0,9887412.0,2695.2734,101.75,26.55,2020,855.68,9.27,0.06,-0.0
2020-11-23,panzhihua,攀枝花,Panzhihua,0.01,15.13,20.13,10.31,3.541617682642112,0.71,11938342.0,13349920.0,2632.2969,101.75,26.55,2020,857.21,9.05,-0.08,0.1
2020-11-24,panzhihua,攀枝花,Panzhihua,0.07,15.82,20.96,9.91,4.169303278611869,0.79,13396816.0,14977384.0,2587.6016,101.75,26.55,2020,856.08,6.96,0.47,0.21
2020-11-25,panzhihua,攀枝花,Panzhihua,0.0,15.38,21.09,9.79,4.209925969228752,0.56,14157344.0,15824516.0,2555.2344,101.75,26.55,2020,856.43,7.36,0.18,-0.15
2020-11-26,panzhihua,攀枝花,Panzhihua,0.0,14.81,20.48,10.19,4.214443383318623,0.52,14367872.0,16056540.0,2524.7031,101.75,26.55,2020,858.45,6.36,0.0,-0.22
2020-11-27,panzhihua,攀枝花,Panzhihua,0.0,14.88,20.67,9.97,4.231489878549025,0.58,14342526.0,16024852.0,2490.3438,101.75,26.55,2020,858.8,6.44,0.09,-0.28
2020-11-28,panzhihua,攀枝花,Panzhihua,0.07,13.29,18.25,9.09,2.8845535882981013,0.88,9662062.0,10792708.0,2453.836,101.75,26.55,2020,859.72,6.77,-0.36,-0.62
2020-11-29,panzhihua,攀枝花,Panzhihua,0.0,11.99,16.55,5.85,2.7388267035561835,0.38,10130624.0,11313656.0,2417.7656,101.75,26.55,2020,860.04,6.64,-0.17,-0.26
2020-11-30,panzhihua,攀枝花,Panzhihua,0.01,12.73,18.02,5.86,2.9879461684087243,0.57,10984744.0,12265236.0,2387.6953,101.75,26.55,2020,858.36,8.34,-0.14,-0.32
2020-12-01,panzhihua,攀枝花,Panzhihua,0.0,13.3,18.59,7.27,3.2197299142613147,0.52,11520392.0,12860760.0,2365.2188,101.75,26.55,2020,857.28,7.69,-0.07,-0.32
2020-12-02,panzhihua,攀枝花,Panzhihua,0.52,12.95,18.16,7.26,2.9114403052051627,0.85,10211174.0,11396752.0,2344.711,101.75,26.55,2020,856.34,7.48,-0.33,-0.65
2020-12-03,panzhihua,攀枝花,Panzhihua,1.68,9.17,12.52,6.38,1.662929672269728,0.97,6350124.0,7085248.0,2326.6016,101.75,26.55,2020,857.73,5.6,-0.52,-0.8
2020-12-04,panzhihua,攀枝花,Panzhihua,0.92,9.99,13.94,6.6,1.751761901791538,0.62,6704162.0,7479364.0,2321.3828,101.75,26.55,2020,856.45,6.36,-0.12,-0.55
2020-12-05,panzhihua,攀枝花,Panzhihua,1.5,11.48,16.48,6.94,2.492243296105709,0.61,9428240.0,10516152.0,2327.6094,101.75,26.55,2020,855.44,7.56,0.08,-0.34
2020-12-06,panzhihua,攀枝花,Panzhihua,0.02,11.55,17.1,6.23,2.504447442622792,0.66,9284288.0,10353220.0,2330.1875,101.75,26.55,2020,856.1,6.94,-0.07,-0.45
2020-12-07,panzhihua,攀枝花,Panzhihua,0.02,11.91,17.29,6.18,2.7292328140649302,0.69,9979096.0,11126228.0,2321.8203,101.75,26.55,2020,857.39,6.77,-0.29,-0.52
2020-12-08,panzhihua,攀枝花,Panzhihua,0.0,12.21,17.98,7.05,3.300410490033353,0.52,12171772.0,13567948.0,2305.1719,101.75,26.55,2020,856.42,6.29,-0.06,-0.31
2020-12-09,panzhihua,攀枝花,Panzhihua,0.0,13.05,18.69,7.42,3.6983578547911446,0.58,13390824.0,14923792.0,2286.7812,101.75,26.55,2020,853.46,6.87,0.09,-0.35
2020-12-10,panzhihua,攀枝花,Panzhihua,0.01,12.32,17.44,7.22,2.844407490927616,0.71,10399406.0,11587200.0,2264.8281,101.75,26.55,2020,853.19,7.48,-0.17,-0.4
2020-12-11,panzhihua,攀枝花,Panzhihua,0.0,12.9,18.99,6.57,3.353538452593201,0.61,12150068.0,13535640.0,2237.7422,101.75,26.55,2020,852.72,7.23,-0.11,-0.26
2020-12-12,panzhihua,攀枝花,Panzhihua,0.0,14.05,19.59,8.53,3.7993644062970495,0.63,13098398.0,14588728.0,2207.914,101.75,26.55,2020,850.15,6.33,0.23,-0.32
2020-12-13,panzhihua,攀枝花,Panzhihua,0.0,16.45,22.28,9.23,4.463887330784374,0.95,13444160.0,14970808.0,2178.5938,101.75,26.55,2020,849.77,4.78,0.82,-0.15
2020-12-14,panzhihua,攀枝花,Panzhihua,0.0,15.25,21.03,9.68,3.9963700117989935,0.73,13089900.0,14573428.0,2151.6484,101.75,26.55,2020,852.76,6.42,0.26,-0.36
2020-12-15,panzhihua,攀枝花,Panzhihua,0.0,15.22,21.07,9.87,4.006121842193518,0.7,13267086.0,14767360.0,2127.6172,101.75,26.55,2020,854.2,6.82,0.39,-0.07
2020-12-16,panzhihua,攀枝花,Panzhihua,0.0,15.92,21.79,9.22,4.186055230462759,0.75,13317802.0,14823828.0,2105.6875,101.75,26.55,2020,853.32,5.96,0.54,-0.04
2020-12-17,panzhihua,攀枝花,Panzhihua,0.0,16.37,21.72,10.04,4.614183543714228,1.25,13233024.0,14729560.0,2083.836,101.75,26.55,2020,852.27,3.84,0.91,0.19
2020-12-18,panzhihua,攀枝花,Panzhihua,0.04,11.54,18.17,3.91,3.5593795061077795,1.17,12565120.0,13985836.0,2061.9922,101.75,26.55,2020,855.16,3.66,-0.61,-0.89
2020-12-19,panzhihua,攀枝花,Panzhihua,0.13,7.6,12.12,3.73,2.4301151974103643,1.24,9412152.0,10475556.0,2041.6094,101.75,26.55,2020,859.35,1.23,-0.63,-1.06
2020-12-20,panzhihua,攀枝花,Panzhihua,0.02,6.88,9.76,4.59,1.2572088084432018,0.67,4737406.0,5272316.0,2023.2266,101.75,26.55,2020,861.35,1.87,-0.15,-0.62
2020-12-21,panzhihua,攀枝花,Panzhihua,0.02,8.23,12.18,4.0,1.3962803647646551,0.54,5418504.0,6030840.0,2005.0781,101.75,26.55,2020,858.28,3.99,-0.12,-0.46
2020-12-22,panzhihua,攀枝花,Panzhihua,0.01,8.87,13.33,4.07,1.8001613803652872,0.69,7230720.0,8047456.0,1985.7891,101.75,26.55,2020,854.3,5.46,-0.25,-0.5
2020-12-23,panzhihua,攀枝花,Panzhihua,0.02,10.17,15.73,4.76,2.4078974872992585,0.74,9325938.0,10380756.0,1966.0469,101.75,26.55,2020,854.33,5.8,-0.22,-0.51
2020-12-24,panzhihua,攀枝花,Panzhihua,0.01,11.25,17.16,4.45,3.1619562111273667,0.65,12008148.0,13366440.0,1946.8438,101.75,26.55,2020,853.71,5.87,-0.14,-0.48
2020-12-25,panzhihua,攀枝花,Panzhihua,0.0,14.8,21.04,6.74,4.253995280859432,0.93,13523754.0,15053532.0,1929.1641,101.75,26.55,2020,851.64,3.9,0.84,-0.1
2020-12-26,panzhihua,攀枝花,Panzhihua,0.0,14.11,20.34,8.27,4.3093507070184485,0.91,13707302.0,15257776.0,1913.5547,101.75,26.55,2020,852.48,1.4,0.56,0.15
2020-12-27,panzhihua,攀枝花,Panzhihua,0.0,12.89,18.56,7.7,4.02677059754026,0.63,13830512.0,15395056.0,1899.3047,101.75,26.55,2020,851.82,1.27,0.23,-0.31
2020-12-28,panzhihua,攀枝花,Panzhihua,0.0,14.58,20.8,7.0,4.562487179305129,0.9,14025482.0,15612088.0,1884.2734,101.75,26.55,2020,850.1,-0.98,0.83,-0.23
2020-12-29,panzhihua,攀枝花,Panzhihua,0.0,11.2,19.88,4.04,4.152425545897969,1.18,14200546.0,15807120.0,1867.5781,101.75,26.55,2020,856.09,-0.68,-0.23,-1.03
2020-12-30,panzhihua,攀枝花,Panzhihua,0.0,7.94,12.33,3.59,2.9092144019045247,0.87,11463208.0,12759132.0,1850.5859,101.75,26.55,2020,858.64,-0.04,-0.22,-0.68
2020-12-31,panzhihua,攀枝花,Panzhihua,0.0,10.67,16.85,5.09,2.908517111744398,0.78,10885520.0,12116820.0,1834.3125,101.75,26.55,2020,855.64,4.55,-0.27,-0.53
2021-01-01,panzhihua,攀枝花,Panzhihua,0.0,10.82,17.08,5.52,3.195960081764041,0.83,12026864.0,13387244.0,1818.3359,101.75,26.55,2021,855.38,4.58,-0.3,-0.61
2021-01-02,panzhihua,攀枝花,Panzhihua,0.0,13.23,20.09,6.16,4.049083969428757,0.69,13999514.0,15583468.0,1802.2266,101.75,26.55,2021,853.03,3.58,0.32,-0.37
2021-01-03,panzhihua,攀枝花,Panzhihua,0.0,12.83,19.38,7.47,4.034147616423259,0.68,14130718.0,15729540.0,1786.0781,101.75,26.55,2021,854.46,3.22,0.01,-0.4
2021-01-04,panzhihua,攀枝花,Panzhihua,0.0,14.25,21.13,7.15,4.134294103768844,0.65,13956148.0,15535188.0,1770.0312,101.75,26.55,2021,853.53,4.49,0.21,-0.35
2021-01-05,panzhihua,攀枝花,Panzhihua,0.0,16.42,22.86,9.17,4.506010588909263,0.76,14005526.0,15590236.0,1754.0938,101.75,26.55,2021,852.44,4.76,0.6,-0.21
2021-01-06,panzhihua,攀枝花,Panzhihua,0.0,17.99,24.58,11.16,5.254408366983894,1.51,13707118.0,15258324.0,1738.3281,101.75,26.55,2021,849.65,3.07,1.29,0.24
2021-01-07,panzhihua,攀枝花,Panzhihua,0.0,14.48,21.38,4.0,4.055315834985513,1.21,12156772.0,13532356.0,1724.0156,101.75,26.55,2021,851.02,2.9,-0.02,-0.73
2021-01-08,panzhihua,攀枝花,Panzhihua,0.01,8.68,12.7,3.45,2.7027665862156582,0.95,9996004.0,11126384.0,1712.0625,101.75,26.55,2021,855.07,0.45,-0.12,-0.92
2021-01-09,panzhihua,攀枝花,Panzhihua,0.07,9.81,15.12,5.47,2.8128467036554783,0.87,10644990.0,11849368.0,1701.7969,101.75,26.55,2021,852.13,3.42,-0.39,-0.65
2021-01-10,panzhihua,攀枝花,Panzhihua,1.83,7.78,13.07,1.78,2.260274849903691,1.44,8313066.0,9253644.0,1692.7812,101.75,26.55,2021,853.82,1.48,-0.8,-1.16
2021-01-11,panzhihua,攀枝花,Panzhihua,1.32,2.64,3.92,1.35,1.0616316559756909,0.87,3569504.0,4401224.0,1688.1094,101.75,26.55,2021,864.37,-3.93,-0.28,-0.81
2021-01-12,panzhihua,攀枝花,Panzhihua,0.08,5.92,9.58,1.95,2.0938570940778187,0.57,7840960.0,9748832.0,1687.0,101.75,26.55,2021,858.33,-1.35,0.22,-0.39
2021-01-13,panzhihua,攀枝花,Panzhihua,0.0,9.02,14.29,2.32,2.890980579839513,0.58,10451732.0,12479340.0,1682.5,101.75,26.55,2021,854.24,0.95,0.02,-0.39
2021-01-14,panzhihua,攀枝花,Panzhihua,0.0,11.38,16.9,4.43,3.910395648164136,0.4,14113144.0,16245660.0,1676.3906,101.75,26.55,2021,853.84,1.67,0.08,-0.26
2021-01-15,panzhihua,攀枝花,Panzhihua,0.0,12.53,17.98,6.49,3.9870835198576406,0.54,14150956.0,15977240.0,1668.9531,101.75,26.55,2021,851.81,3.62,0.1,-0.31
2021-01-16,panzhihua,攀枝花,Panzhihua,2.77,11.08,16.36,4.92,2.743852103064341,1.15,9240668.0,10349056.0,1661.9375,101.75,26.55,2021,854.73,3.8,-0.5,-0.72
2021-01-17,panzhihua,攀枝花,Panzhihua,1.32,4.87,5.99,3.35,1.095527993954032,0.82,4137478.0,4628672.0,1659.2031,101.75,26.55,2021,864.58,-0.12,-0.23,-0.54
2021-01-18,panzhihua,攀枝花,Panzhihua,0.0,8.43,13.51,2.78,3.588476863952501,0.58,14612398.0,16327844.0,1664.2812,101.75,26.55,2021,857.72,0.6,0.18,-0.41
2021-01-19,panzhihua,攀枝花,Panzhihua,0.01,11.02,15.78,4.4,2.963437534489283,0.65,11102904.0,12381664.0,1668.6406,101.75,26.55,2021,851.43,5.07,0.11,-0.46
2021-01-20,panzhihua,攀枝花,Panzhihua,0.41,12.42,17.49,7.91,2.86864614979028,0.9,10005290.0,11150352.0,1667.4375,101.75,26.55,2021,850.97,6.34,0.72,-0.31
2021-01-21,panzhihua,攀枝花,Panzhihua,1.68,11.61,17.3,7.42,3.2417133599905448,0.83,11805714.0,13155020.0,1660.9688,101.75,26.55,2021,853.03,5.02,-0.2,-0.42
2021-01-22,panzhihua,攀枝花,Panzhihua,0.04,9.15,14.02,3.0,2.2548417945978376,0.73,8672614.0,9663684.0,1662.2656,101.75,26.55,2021,854.9,3.69,-0.28,-0.58
2021-01-23,panzhihua,攀枝花,Panzhihua,0.0,13.0,19.65,2.67,4.122687378683138,0.78,14311692.0,15949560.0,1674.2188,101.75,26.55,2021,850.25,3.59,0.32,-0.17
2021-01-24,panzhihua,攀枝花,Panzhihua,0.0,14.76,21.24,8.74,4.10652393463303,1.2,12719956.0,14177428.0,1678.2188,101.75,26.55,2021,849.99,4.79,1.02,0.02
2021-01-25,panzhihua,攀枝花,Panzhihua,0.0,14.2,19.91,7.89,4.488794980114982,0.64,15122740.0,16858144.0,1667.1562,101.75,26.55,2021,852.99,2.96,0.19,-0.38
2021-01-26,panzhihua,攀枝花,Panzhihua,0.0,15.97,22.3,7.83,5.414817889448408,1.15,16034424.0,17876516.0,1646.25,101.75,26.55,2021,851.26,0.15,1.0,0.03
2021-01-27,panzhihua,攀枝花,Panzhihua,0.0,15.74,22.66,5.44,5.536673827864664,1.16,16297108.0,18171800.0,1621.9531,101.75,26.55,2021,853.23,-1.73,0.63,-0.15
2021-01-28,panzhihua,攀枝花,Panzhihua,0.0,10.82,16.69,4.35,4.461210246014233,0.82,16411408.0,18301880.0,1597.0,101.75,26.55,2021,856.59,-0.49,-0.31,-0.66
2021-01-29,panzhihua,攀枝花,Panzhihua,0.0,15.67,22.74,5.3,5.525048621078796,1.1,16447958.0,18345068.0,1571.4375,101.75,26.55,2021,852.64,-1.76,0.77,0.11
2021-01-30,panzhihua,攀枝花,Panzhihua,0.18,15.79,22.08,8.79,5.452907109136572,1.25,15804394.0,17629736.0,1545.5625,101.75,26.55,2021,852.48,-1.12,0.86,0.53
2021-01-31,panzhihua,攀枝花,Panzhihua,0.14,14.89,20.22,8.34,5.007938799582189,1.39,14947812.0,16676368.0,1521.9375,101.75,26.55,2021,853.8,1.23,1.09,0.63
2021-02-01,panzhihua,攀枝花,Panzhihua,0.0,14.78,20.71,7.68,4.923092385842312,0.82,15585792.0,17390780.0,1502.8906,101.75,26.55,2021,855.14,-0.38,0.22,0.37
2021-02-02,panzhihua,攀枝花,Panzhihua,0.0,14.62,20.64,8.6,5.044182104541485,0.67,16464522.0,18373908.0,1488.1719,101.75,26.55,2021,855.69,-0.67,0.07,-0.1
2021-02-03,panzhihua,攀枝花,Panzhihua,0.0,15.06,21.26,8.45,5.211771146271524,0.62,16946390.0,18914164.0,1474.6719,101.75,26.55,2021,855.63,-0.81,0.26,-0.18
2021-02-04,panzhihua,攀枝花,Panzhihua,0.0,16.82,23.5,8.47,5.886211781356804,0.98,17135722.0,19128124.0,1460.0156,101.75,26.55,2021,854.61,-3.32,0.78,0.19
2021-02-05,panzhihua,攀枝花,Panzhihua,0.0,16.04,22.56,9.37,5.518484153500072,0.65,17315720.0,19331748.0,1445.4844,101.75,26.55,2021,854.22,-2.13,0.42,-0.21
2021-02-06,panzhihua,攀枝花,Panzhihua,0.0,16.69,23.23,8.95,5.7859936851174165,0.84,17365340.0,19389816.0,1432.4844,101.75,26.55,2021,853.26,-2.37,0.56,0.35
2021-02-07,panzhihua,攀枝花,Panzhihua,0.84,15.33,21.03,9.7,4.625643157158682,1.08,14157916.0,15810016.0,1421.3281,101.75,26.55,2021,855.19,3.18,0.65,-0.36
2021-02-08,panzhihua,攀枝花,Panzhihua,0.47,12.58,15.78,9.43,2.6430624348783245,0.82,8684816.0,9699820.0,1412.25,101.75,26.55,2021,858.89,5.02,0.07,-0.45
2021-02-09,panzhihua,攀枝花,Panzhihua,0.08,11.34,15.9,5.98,3.0727800178044977,0.72,11032862.0,12323484.0,1408.7031,101.75,26.55,2021,856.37,3.79,0.45,-0.45
2021-02-10,panzhihua,攀枝花,Panzhihua,0.0,12.7,18.69,4.28,4.597094073923562,0.81,16372414.0,18291036.0,1411.8281,101.75,26.55,2021,853.95,3.43,0.34,-0.56
2021-02-11,panzhihua,攀枝花,Panzhihua,0.0,14.39,20.3,8.05,4.631424147001054,0.74,15476072.0,17292592.0,1409.4062,101.75,26.55,2021,852.45,3.59,-0.06,-0.52
2021-02-12,panzhihua,攀枝花,Panzhihua,0.0,14.82,20.67,8.46,5.163073333077653,0.7,17136976.0,19150900.0,1398.0625,101.75,26.55,2021,853.14,2.38,0.03,-0.37
2021-02-13,panzhihua,攀枝花,Panzhihua,0.0,15.81,21.72,9.21,5.12708410490574,0.83,16084926.0,17977996.0,1385.5469,101.75,26.55,2021,853.32,2.19,-0.22,-0.43
2021-02-14,panzhihua,攀枝花,Panzhihua,0.0,16.54,22.24,9.64,5.469281756556802,0.8,16901444.0,18893136.0,1380.3125,101.75,26.55,2021,852.06,1.67,0.23,-0.33
2021-02-15,panzhihua,攀枝花,Panzhihua,0.0,18.13,24.12,10.73,6.251267920149148,1.11,17507032.0,19572776.0,1378.75,101.75,26.55,2021,850.25,-1.3,0.81,0.21
2021-02-16,panzhihua,攀枝花,Panzhihua,0.03,14.94,20.42,7.73,5.127563416329831,1.09,16196294.0,18112372.0,1376.1562,101.75,26.55,2021,854.91,2.24,-0.57,-0.91
2021-02-17,panzhihua,攀枝花,Panzhihua,0.01,13.52,18.91,6.96,4.203804214233728,0.89,13945426.0,15599380.0,1372.25,101.75,26.55,2021,857.06,2.9,-0.42,-0.75
2021-02-18,panzhihua,攀枝花,Panzhihua,0.02,14.14,20.18,8.11,4.374702300459592,0.88,14428146.0,16143996.0,1368.8125,101.75,26.55,2021,858.32,3.79,-0.48,-0.69
2021-02-19,panzhihua,攀枝花,Panzhihua,0.02,16.52,22.55,7.8,5.154921201198532,0.64,16325492.0,18271916.0,1366.9375,101.75,26.55,2021,856.73,3.46,0.13,-0.37
2021-02-20,panzhihua,攀枝花,Panzhihua,0.01,18.72,24.06,11.37,5.383141477922281,0.97,14822382.0,16594064.0,1364.3125,101.75,26.55,2021,853.93,1.87,0.62,0.26
2021-02-21,panzhihua,攀枝花,Panzhihua,0.0,18.06,23.71,11.69,5.998050369710382,0.86,17423484.0,19511532.0,1358.4688,101.75,26.55,2021,853.45,-0.53,0.29,0.1
2021-02-22,panzhihua,攀枝花,Panzhihua,0.0,18.65,25.03,11.05,6.3621809610287725,0.68,19134788.0,21434186.0,1350.1562,101.75,26.55,2021,852.95,1.71,0.29,-0.3
2021-02-23,panzhihua,攀枝花,Panzhihua,0.0,19.5,25.37,12.17,6.63218115334946,0.85,19039866.0,21333874.0,1340.8125,101.75,26.55,2021,850.56,1.07,0.65,-0.15
2021-02-24,panzhihua,攀枝花,Panzhihua,0.0,19.76,26.33,12.63,7.244109488684535,1.56,19253714.0,21579440.0,1330.625,101.75,26.55,2021,846.51,1.57,1.11,0.68
2021-02-25,panzhihua,攀枝花,Panzhihua,0.0,19.77,24.73,13.57,5.821418387146641,0.98,15967790.0,17901008.0,1321.375,101.75,26.55,2021,846.57,3.34,0.61,0.17
2021-02-26,panzhihua,攀枝花,Panzhihua,0.0,18.94,23.45,13.48,4.997127334848595,0.77,14178626.0,15900936.0,1315.125,101.75,26.55,2021,848.28,3.95,0.11,-0.07
2021-02-27,panzhihua,攀枝花,Panzhihua,0.01,18.48,24.05,13.61,4.867634615454619,1.69,11869070.0,13314034.0,1312.1562,101.75,26.55,2021,847.04,5.01,1.37,0.57
2021-02-28,panzhihua,攀枝花,Panzhihua,0.0,18.88,24.89,13.14,5.777153984504162,1.98,14188644.0,15921246.0,1311.2812,101.75,26.55,2021,847.79,4.4,1.37,0.89
2021-03-01,panzhihua,攀枝花,Panzhihua,0.03,13.06,20.01,8.08,3.5928121849827166,1.34,10951940.0,12293160.0,1311.7188,101.75,26.55,2021,855.99,2.99,-0.81,-0.97
2021-03-02,panzhihua,攀枝花,Panzhihua,0.02,17.01,22.69,7.82,5.41278317631503,0.79,16570388.0,18604046.0,1313.0312,101.75,26.55,2021,852.79,3.1,0.11,-0.04
2021-03-03,panzhihua,攀枝花,Panzhihua,0.0,19.59,25.27,12.04,6.551935837505572,1.52,16821760.0,18890502.0,1317.3438,101.75,26.55,2021,851.73,1.38,0.8,1.01
2021-03-04,panzhihua,攀枝花,Panzhihua,0.0,19.28,25.33,12.03,6.8198851775232825,1.97,17079340.0,19185464.0,1324.5312,101.75,26.55,2021,850.16,1.95,1.03,1.45
2021-03-05,panzhihua,攀枝花,Panzhihua,0.01,18.98,24.96,12.28,6.945930075103937,1.89,17330848.0,19473268.0,1331.625,101.75,26.55,2021,850.34,-0.57,1.1,1.22
2021-03-06,panzhihua,攀枝花,Panzhihua,0.01,18.31,23.71,11.32,6.188743127012203,1.09,17505418.0,19675614.0,1339.5625,101.75,26.55,2021,853.9,1.05,0.59,0.57
2021-03-07,panzhihua,攀枝花,Panzhihua,0.09,18.47,24.6,10.76,6.501672832716122,1.29,18318966.0,20595060.0,1352.9688,101.75,26.55,2021,853.32,2.36,0.5,0.83
2021-03-08,panzhihua,攀枝花,Panzhihua,0.0,19.77,25.54,10.88,7.232175537509152,1.28,19800484.0,22267116.0,1375.2812,101.75,26.55,2021,853.08,1.27,0.66,0.65
2021-03-09,panzhihua,攀枝花,Panzhihua,0.06,19.26,24.67,12.89,6.21862531885583,1.23,17104580.0,19240964.0,1402.375,101.75,26.55,2021,853.2,3.71,0.95,0.29
2021-03-10,panzhihua,攀枝花,Panzhihua,0.0,20.1,25.52,12.52,6.348358343867399,1.19,16969998.0,19095560.0,1422.5625,101.75,26.55,2021,853.25,3.19,0.57,0.54
2021-03-11,panzhihua,攀枝花,Panzhihua,0.0,20.63,26.22,13.63,6.63942106297988,0.94,18128442.0,20404194.0,1429.2188,101.75,26.55,2021,854.46,1.78,0.4,0.31
2021-03-12,panzhihua,攀枝花,Panzhihua,0.0,20.96,27.08,13.73,7.309593584755322,0.86,20282724.0,22835364.0,1422.875,101.75,26.55,2021,854.91,0.28,0.07,0.09
2021-03-13,panzhihua,攀枝花,Panzhihua,0.0,22.19,27.9,13.61,7.470919353847037,0.68,20897922.0,23534476.0,1406.9062,101.75,26.55,2021,853.24,2.47,0.33,-0.34
2021-03-14,panzhihua,攀枝花,Panzhihua,0.01,22.23,29.27,15.3,8.336443277678423,1.81,20625866.0,23234502.0,1385.0938,101.75,26.55,2021,849.54,2.74,1.29,0.97
2021-03-15,panzhihua,攀枝花,Panzhihua,0.0,22.66,28.6,14.52,8.070753547718207,1.37,20338388.0,22917044.0,1360.875,101.75,26.55,2021,849.41,1.44,0.78,0.85
2021-03-16,panzhihua,攀枝花,Panzhihua,0.0,23.02,29.29,14.9,8.820670277946322,1.65,21704332.0,24460450.0,1338.1562,101.75,26.55,2021,849.35,0.93,1.07,0.89
2021-03-17,panzhihua,攀枝花,Panzhihua,0.0,23.5,30.77,15.48,9.22509126495065,1.77,22062956.0,24868642.0,1320.5312,101.75,26.55,2021,849.67,-0.46,1.12,1.13
2021-03-18,panzhihua,攀枝花,Panzhihua,0.0,23.86,30.55,15.42,9.443902792948426,1.87,22255256.0,25089516.0,1309.1875,101.75,26.55,2021,849.42,-0.15,1.3,1.01
2021-03-19,panzhihua,攀枝花,Panzhihua,0.0,24.55,31.02,16.33,9.450872389958391,1.71,22201336.0,25032858.0,1302.3125,101.75,26.55,2021,848.76,-0.27,1.18,0.78
2021-03-20,panzhihua,攀枝花,Panzhihua,0.0,24.12,30.87,13.02,9.029895931497537,1.77,20843268.0,23504992.0,1297.4375,101.75,26.55,2021,848.53,-0.52,1.16,0.4
2021-03-21,panzhihua,攀枝花,Panzhihua,0.06,15.45,22.97,8.62,5.371898877062733,1.85,15388696.0,17356680.0,1294.3438,101.75,26.55,2021,855.8,2.59,-0.94,-1.56
2021-03-22,panzhihua,攀枝花,Panzhihua,0.12,17.29,22.01,8.59,5.576639725839749,0.77,17393110.0,19621138.0,1293.0938,101.75,26.55,2021,856.85,5.71,0.18,-0.55
2021-03-23,panzhihua,攀枝花,Panzhihua,0.04,19.01,24.62,13.83,4.932778980154809,0.77,14174220.0,15992164.0,1294.4688,101.75,26.55,2021,853.74,6.17,-0.13,-0.41
2021-03-24,panzhihua,攀枝花,Panzhihua,0.0,23.86,29.85,13.43,8.780761775164027,1.37,22052536.0,24885530.0,1295.5625,101.75,26.55,2021,848.83,2.57,0.95,0.42
2021-03-25,panzhihua,攀枝花,Panzhihua,0.0,24.14,30.93,17.21,9.298902633448703,2.12,21267512.0,24003688.0,1295.6562,101.75,26.55,2021,848.52,2.36,1.3,1.36
2021-03-26,panzhihua,攀枝花,Panzhihua,0.0,24.11,30.74,16.48,9.09085045767108,1.94,20713176.0,23381706.0,1299.75,101.75,26.55,2021,849.07,0.67,1.2,1.24
2021-03-27,panzhihua,攀枝花,Panzhihua,0.0,24.38,30.44,15.92,9.348784252711484,1.45,22634478.0,25554928.0,1308.5312,101.75,26.55,2021,848.8,-1.68,0.73,0.93
2021-03-28,panzhihua,攀枝花,Panzhihua,0.0,24.65,31.16,15.81,9.893108267786449,1.75,23155134.0,26147124.0,1317.7812,101.75,26.55,2021,847.44,-2.08,1.12,1.07
2021-03-29,panzhihua,攀枝花,Panzhihua,0.0,24.33,31.12,17.19,9.984432165033487,2.22,21972124.0,24815898.0,1323.0,101.75,26.55,2021,845.09,-2.91,1.1,1.73
2021-03-30,panzhihua,攀枝花,Panzhihua,0.0,22.67,29.94,16.27,9.100793400605298,2.16,21706192.0,24518950.0,1323.5625,101.75,26.55,2021,843.91,1.78,1.38,1.36
2021-03-31,panzhihua,攀枝花,Panzhihua,0.0,22.14,27.95,15.63,7.363197677293018,1.89,17570128.0,19850066.0,1321.5,101.75,26.55,2021,844.84,5.07,1.07,1.41
2021-04-01,panzhihua,攀枝花,Panzhihua,0.01,22.72,28.09,15.25,7.406982573152343,1.69,17858532.0,20179388.0,1317.4375,101.75,26.55,2021,847.07,5.37,0.93,1.29
2021-04-02,panzhihua,攀枝花,Panzhihua,0.0,22.96,29.05,15.19,8.462018145760219,1.78,20439870.0,23099930.0,1309.625,101.75,26.55,2021,849.59,2.71,0.91,1.12
2021-04-03,panzhihua,攀枝花,Panzhihua,0.0,24.07,30.23,14.87,9.06225523248968,1.39,22337510.0,25249194.0,1297.625,101.75,26.55,2021,851.48,0.1,0.59,1.08
2021-04-04,panzhihua,攀枝花,Panzhihua,0.0,24.09,30.63,16.79,7.955374009840352,1.52,18188350.0,20561914.0,1285.5625,101.75,26.55,2021,851.83,0.47,0.91,0.5
2021-04-05,panzhihua,攀枝花,Panzhihua,0.26,21.03,26.24,16.02,5.704755345650736,1.47,13640514.0,15422708.0,1279.5,101.75,26.55,2021,854.2,5.25,1.21,-0.49
2021-04-06,panzhihua,攀枝花,Panzhihua,1.51,16.41,19.2,13.17,3.0432196113062293,0.99,9078170.0,10265990.0,1283.0,101.75,26.55,2021,855.85,9.7,0.75,-0.61
2021-04-07,panzhihua,攀枝花,Panzhihua,0.13,20.29,26.45,13.15,5.7794427896220935,1.06,16156344.0,18274554.0,1293.8438,101.75,26.55,2021,852.54,8.26,0.36,-0.58
2021-04-08,panzhihua,攀枝花,Panzhihua,0.18,21.14,25.96,15.34,6.46009187815884,0.76,18561616.0,20999120.0,1309.1875,101.75,26.55,2021,851.95,8.23,0.1,-0.59
2021-04-09,panzhihua,攀枝花,Panzhihua,0.01,23.8,30.21,15.75,7.40195894045583,1.42,18055866.0,20429502.0,1329.5,101.75,26.55,2021,850.33,6.55,1.01,0.43
2021-04-10,panzhihua,攀枝花,Panzhihua,0.0,25.13,31.92,17.39,9.027440847765671,1.89,20746090.0,23477738.0,1354.2812,101.75,26.55,2021,850.83,4.91,1.22,1.13
2021-04-11,panzhihua,攀枝花,Panzhihua,0.0,25.15,31.44,18.06,9.567618134053497,2.0,22665116.0,25653172.0,1375.3438,101.75,26.55,2021,851.66,6.31,1.4,1.06
2021-04-12,panzhihua,攀枝花,Panzhihua,0.0,25.99,32.75,18.14,10.02945770350828,1.77,23576366.0,26688914.0,1389.1875,101.75,26.55,2021,851.58,4.14,1.05,1.15
2021-04-13,panzhihua,攀枝花,Panzhihua,0.0,25.61,32.12,17.91,10.185538038217356,1.91,23908870.0,27069910.0,1397.625,101.75,26.55,2021,850.54,3.75,1.11,1.31
2021-04-14,panzhihua,攀枝花,Panzhihua,0.0,25.21,31.24,17.23,10.06931395180882,1.87,23385500.0,26481658.0,1402.9062,101.75,26.55,2021,849.75,1.05,0.97,1.43
2021-04-15,panzhihua,攀枝花,Panzhihua,0.0,26.19,32.22,17.03,10.1298426632655,1.4,24449434.0,27691188.0,1408.3438,101.75,26.55,2021,848.9,1.44,0.85,0.77
2021-04-16,panzhihua,攀枝花,Panzhihua,0.11,25.12,30.41,19.05,8.142505750442753,1.18,20060654.0,22717322.0,1418.5625,101.75,26.55,2021,851.87,5.15,-0.28,-0.26
2021-04-17,panzhihua,攀枝花,Panzhihua,0.47,20.53,24.95,15.84,5.1443011968202175,1.55,13581392.0,15376278.0,1435.125,101.75,26.55,2021,854.2,10.74,1.12,-0.91
2021-04-18,panzhihua,攀枝花,Panzhihua,0.12,24.08,29.39,16.44,7.887863046854362,1.15,20432416.0,23129530.0,1453.2188,101.75,26.55,2021,849.34,7.54,1.03,0.22
2021-04-19,panzhihua,攀枝花,Panzhihua,0.0,24.42,31.03,17.48,9.281537294319488,2.11,21852532.0,24731990.0,1472.3125,101.75,26.55,2021,847.08,5.59,1.52,1.09
2021-04-20,panzhihua,攀枝花,Panzhihua,0.0,24.63,31.2,17.45,9.045855946645416,1.9,20894110.0,23642972.0,1497.1875,101.75,26.55,2021,847.85,3.68,1.28,1.09
2021-04-21,panzhihua,攀枝花,Panzhihua,0.0,27.23,33.64,17.75,10.336356655452676,1.2,25114508.0,28413680.0,1526.3125,101.75,26.55,2021,849.11,1.25,0.78,0.42
2021-04-22,panzhihua,攀枝花,Panzhihua,0.0,28.45,35.44,20.41,11.094039371304172,1.88,24845322.0,28104046.0,1549.6562,101.75,26.55,2021,846.99,4.84,1.34,1.11
2021-04-23,panzhihua,攀枝花,Panzhihua,0.0,28.61,35.89,20.61,11.378054973798443,2.13,24666752.0,27896954.0,1560.4062,101.75,26.55,2021,845.9,4.32,1.06,1.67
2021-04-24,panzhihua,攀枝花,Panzhihua,0.0,28.78,35.21,20.51,10.764388939488237,1.28,25041840.0,28315992.0,1562.875,101.75,26.55,2021,848.27,0.03,0.68,0.74
2021-04-25,panzhihua,攀枝花,Panzhihua,0.0,28.52,35.38,15.91,11.154161192923686,1.45,25518202.0,28849584.0,1566.6875,101.75,26.55,2021,849.28,-2.0,0.53,0.6
2021-04-26,panzhihua,攀枝花,Panzhihua,0.0,26.58,33.31,16.57,9.84040382457268,1.11,24390624.0,27570196.0,1580.6875,101.75,26.55,2021,849.85,1.91,-0.02,-0.07
2021-04-27,panzhihua,攀枝花,Panzhihua,0.09,24.08,29.42,17.62,8.356502090778893,1.62,21411038.0,24197632.0,1609.4375,101.75,26.55,2021,852.38,9.47,-0.11,-1.54
2021-04-28,panzhihua,攀枝花,Panzhihua,9.21,20.77,28.09,15.21,6.3751096927894295,1.35,18482054.0,20884076.0,1658.7812,101.75,26.55,2021,857.37,11.63,-0.63,-1.11
2021-04-29,panzhihua,攀枝花,Panzhihua,0.01,22.25,27.15,15.09,7.733792105322717,0.43,22772610.0,25727400.0,1729.9375,101.75,26.55,2021,855.82,7.65,0.25,0.02
2021-04-30,panzhihua,攀枝花,Panzhihua,0.04,25.45,31.11,18.66,8.634143263924363,0.73,23333628.0,26356036.0,1822.3438,101.75,26.55,2021,852.6,8.72,0.6,0.25
2021-05-01,panzhihua,攀枝花,Panzhihua,2.75,23.12,29.79,17.16,6.875662154907443,0.96,19633372.0,22172490.0,1907.3438,101.75,26.55,2021,853.03,14.0,0.77,0.07
2021-05-02,panzhihua,攀枝花,Panzhihua,0.66,24.48,30.4,17.71,7.881300536504061,1.34,20901798.0,23601012.0,1970.2812,101.75,26.55,2021,849.39,12.19,1.22,0.06
2021-05-03,panzhihua,攀枝花,Panzhihua,0.0,26.17,32.0,19.41,9.224998429927275,1.54,22540274.0,25445660.0,2014.7812,101.75,26.55,2021,848.02,8.46,1.09,-0.08
2021-05-04,panzhihua,攀枝花,Panzhihua,8.47,23.25,30.45,18.35,7.0989310805523385,1.0,19938440.0,22505848.0,2051.3125,101.75,26.55,2021,851.76,12.81,0.23,-0.36
2021-05-05,panzhihua,攀枝花,Panzhihua,1.63,22.83,28.85,17.61,6.5685303309446,0.52,19456706.0,21958120.0,2088.5625,101.75,26.55,2021,851.61,14.8,0.25,-0.08
2021-05-06,panzhihua,攀枝花,Panzhihua,0.06,25.07,30.77,18.43,8.929513471004247,1.63,22787348.0,25711326.0,2146.5312,101.75,26.55,2021,851.68,10.33,1.18,0.36
2021-05-07,panzhihua,攀枝花,Panzhihua,0.13,23.6,27.39,18.36,6.591941634100449,1.03,17842384.0,20128564.0,2237.6875,101.75,26.55,2021,852.71,12.18,0.42,0.12
2021-05-08,panzhihua,攀枝花,Panzhihua,0.5,24.7,29.55,18.99,7.455856137907548,0.63,20585078.0,23218928.0,2360.5938,101.75,26.55,2021,850.9,10.72,-0.26,-0.02
2021-05-09,panzhihua,攀枝花,Panzhihua,0.14,26.28,32.74,19.51,9.441118783931064,1.55,23139232.0,26094466.0,2504.375,101.75,26.55,2021,846.94,8.38,1.34,0.54
2021-05-10,panzhihua,攀枝花,Panzhihua,0.0,26.55,33.33,19.9,10.360372135675073,2.08,24277046.0,27372424.0,2649.6875,101.75,26.55,2021,845.92,7.48,1.44,0.99
2021-05-11,panzhihua,攀枝花,Panzhihua,0.02,26.85,32.62,20.34,9.69961105433404,1.54,23514766.0,26508496.0,2789.875,101.75,26.55,2021,846.92,8.14,1.23,0.5
2021-05-12,panzhihua,攀枝花,Panzhihua,0.0,25.71,32.24,19.27,8.764104448994969,1.77,20949644.0,23612588.0,2907.125,101.75,26.55,2021,846.46,8.99,1.45,0.5
2021-05-13,panzhihua,攀枝花,Panzhihua,0.21,25.88,31.75,19.58,9.146125099233412,1.95,21353034.0,24063444.0,2998.4062,101.75,26.55,2021,845.37,8.15,1.42,1.09
2021-05-14,panzhihua,攀枝花,Panzhihua,0.0,26.29,32.83,20.12,9.725383434633304,2.26,22470292.0,25317432.0,3085.1562,101.75,26.55,2021,845.21,9.1,1.63,1.28
2021-05-15,panzhihua,攀枝花,Panzhihua,0.0,27.34,33.96,20.15,10.31165287658556,2.18,22887660.0,25783620.0,3171.8438,101.75,26.55,2021,846.46,6.82,1.3,1.32
2021-05-16,panzhihua,攀枝花,Panzhihua,0.0,28.24,33.34,21.36,8.899821030665732,1.16,21105686.0,23791444.0,3244.25,101.75,26.55,2021,848.15,7.33,0.71,0.24
2021-05-17,panzhihua,攀枝花,Panzhihua,0.0,28.43,33.17,22.23,8.222546265266883,1.16,19115322.0,21562484.0,3289.0938,101.75,26.55,2021,848.16,8.65,0.68,0.4
2021-05-18,panzhihua,攀枝花,Panzhihua,0.0,28.32,33.61,22.79,8.354210872930027,1.93,17138312.0,19345452.0,3318.4062,101.75,26.55,2021,846.35,9.46,1.19,1.19
2021-05-19,panzhihua,攀枝花,Panzhihua,0.0,27.61,31.96,21.81,6.5522274848830735,1.28,14751228.0,16663104.0,3354.5938,101.75,26.55,2021,846.43,12.48,0.17,0.8
2021-05-20,panzhihua,攀枝花,Panzhihua,0.02,29.16,35.25,22.02,8.744294243911588,1.73,19095938.0,21584482.0,3413.875,101.75,26.55,2021,845.39,11.86,1.2,0.92
2021-05-21,panzhihua,攀枝花,Panzhihua,0.0,30.1,36.57,22.75,9.719790989607729,2.14,20263452.0,22919968.0,3519.6875,101.75,26.55,2021,844.15,12.12,1.44,1.12
2021-05-22,panzhihua,攀枝花,Panzhihua,0.0,30.79,36.57,23.65,9.55510053548132,1.94,19798998.0,22409952.0,3669.5312,101.75,26.55,2021,843.96,12.08,1.4,0.66
2021-05-23,panzhihua,攀枝花,Panzhihua,3.6,28.32,35.77,20.1,8.473161573220661,1.38,20271776.0,22959864.0,3822.9062,101.75,26.55,2021,849.7,13.56,0.0,-1.16
2021-05-24,panzhihua,攀枝花,Panzhihua,7.53,21.7,25.03,19.69,2.514570050341165,0.68,6899550.0,7819416.0,4009.5,101.75,26.55,2021,852.96,16.47,-0.42,-0.21
2021-05-25,panzhihua,攀枝花,Panzhihua,2.91,25.33,30.55,20.07,5.793847977074231,1.08,15488072.0,17565844.0,4292.9062,101.75,26.55,2021,848.19,17.53,0.98,-0.14
2021-05-26,panzhihua,攀枝花,Panzhihua,13.09,23.94,32.33,17.64,6.762494400276423,1.16,19182406.0,21770124.0,4721.0625,101.75,26.55,2021,850.31,16.64,-0.2,-0.28
2021-05-27,panzhihua,攀枝花,Panzhihua,0.3,21.69,24.77,17.86,3.612250717898005,0.54,10274946.0,11668992.0,5249.4062,101.75,26.55,2021,852.15,14.45,-0.35,0.04
2021-05-28,panzhihua,攀枝花,Panzhihua,0.17,26.98,31.37,21.38,7.6439966571022895,0.99,20150464.0,22899756.0,5820.0625,101.75,26.55,2021,849.15,16.7,0.51,-0.33
2021-05-29,panzhihua,攀枝花,Panzhihua,0.2,27.3,33.05,20.81,8.374796507244247,1.4,21476028.0,24422880.0,6398.0938,101.75,26.55,2021,847.78,16.53,0.11,-0.63
2021-05-30,panzhihua,攀枝花,Panzhihua,0.15,25.78,29.29,21.99,5.1860821794447896,0.88,13047508.0,14848360.0,6955.1875,101.75,26.55,2021,847.35,15.3,-0.39,-0.7
2021-05-31,panzhihua,攀枝花,Panzhihua,0.42,28.37,33.39,22.12,7.8304980329575935,0.91,19820120.0,22570308.0,7453.125,101.75,26.55,2021,845.26,15.69,0.32,-0.63
2021-06-01,panzhihua,攀枝花,Panzhihua,1.58,28.53,34.04,23.03,8.207981957037303,1.14,20332282.0,23169044.0,7817.6562,101.75,26.55,2021,845.75,15.69,0.63,-0.21
2021-06-02,panzhihua,攀枝花,Panzhihua,1.55,28.62,35.14,23.64,8.624369643934093,1.45,20726628.0,23634556.0,7994.4688,101.75,26.55,2021,845.85,15.3,1.11,-0.13
2021-06-03,panzhihua,攀枝花,Panzhihua,8.72,24.02,34.25,16.94,6.825410604624849,1.34,18494430.0,21103520.0,8021.8438,101.75,26.55,2021,851.1,15.08,-0.21,-0.84
2021-06-04,panzhihua,攀枝花,Panzhihua,1.74,21.41,25.02,17.01,3.994253465003157,0.49,11229644.0,12821640.0,8039.6562,101.75,26.55,2021,852.71,11.53,-0.04,0.03
2021-06-05,panzhihua,攀枝花,Panzhihua,2.7,27.08,31.29,21.22,7.706319033988329,0.64,20139504.0,23012340.0,8079.1562,101.75,26.55,2021,848.98,12.35,0.32,0.16
2021-06-06,panzhihua,攀枝花,Panzhihua,24.82,24.38,30.74,19.59,6.251224000476023,0.64,17921422.0,20490460.0,8177.75,101.75,26.55,2021,848.43,18.16,0.08,-0.08
2021-06-07,panzhihua,攀枝花,Panzhihua,20.51,22.29,25.93,19.76,3.973888431003915,0.8,12052688.0,13790720.0,8272.4375,101.75,26.55,2021,850.12,19.52,-0.22,-0.72
2021-06-08,panzhihua,攀枝花,Panzhihua,29.02,19.88,21.41,18.45,1.8062468131866485,0.74,5670488.0,6492796.0,8456.125,101.75,26.55,2021,851.45,18.43,-0.55,-0.15
2021-06-09,panzhihua,攀枝花,Panzhihua,28.6,21.4,23.74,18.59,3.1755164254191834,0.52,9449006.0,10825492.0,8824.4375,101.75,26.55,2021,850.37,17.6,-0.31,-0.1
2021-06-10,panzhihua,攀枝花,Panzhihua,1.76,20.95,22.99,18.76,3.7044893032728567,0.62,10673992.0,12238168.0,9331.531,101.75,26.55,2021,850.73,14.55,-0.02,-0.08
2021-06-11,panzhihua,攀枝花,Panzhihua,4.57,22.41,25.54,20.0,3.615055041533049,0.53,10227290.0,11733292.0,9862.594,101.75,26.55,2021,850.8,16.26,0.34,-0.12
2021-06-12,panzhihua,攀枝花,Panzhihua,8.74,23.31,27.21,19.3,5.435155104150753,0.33,16135232.0,18523964.0,10164.125,101.75,26.55,2021,850.57,19.58,0.05,0.01
2021-06-13,panzhihua,攀枝花,Panzhihua,5.74,24.96,29.36,20.21,6.088090115735936,0.55,17518444.0,20126036.0,10223.969,101.75,26.55,2021,847.03,20.38,0.15,0.06
2021-06-14,panzhihua,攀枝花,Panzhihua,1.95,26.2,30.19,22.34,6.248303987135736,0.79,17080724.0,19638820.0,10092.5,101.75,26.55,2021,843.61,19.63,0.39,-0.43
2021-06-15,panzhihua,攀枝花,Panzhihua,3.32,25.71,30.21,22.44,5.170273946636196,0.54,14378792.0,16542228.0,9892.4375,101.75,26.55,2021,843.87,20.23,0.11,0.05
2021-06-16,panzhihua,攀枝花,Panzhihua,8.95,25.82,30.55,22.13,6.207071563206936,0.64,17309162.0,19917556.0,9805.906,101.75,26.55,2021,846.53,19.9,0.33,-0.11
2021-06-17,panzhihua,攀枝花,Panzhihua,8.95,25.67,29.27,22.16,6.456050542969178,0.49,18338758.0,21106204.0,9986.406,101.75,26.55,2021,847.88,20.7,0.12,0.05
2021-06-18,panzhihua,攀枝花,Panzhihua,1.29,26.44,31.72,21.95,7.141536359629892,1.13,19104852.0,21993104.0,10498.4375,101.75,26.55,2021,846.81,18.81,0.93,-0.19
2021-06-19,panzhihua,攀枝花,Panzhihua,0.04,27.03,31.9,22.52,7.621651943554022,1.31,19360132.0,22291608.0,11248.156,101.75,26.55,2021,845.42,17.0,1.07,-0.19
2021-06-20,panzhihua,攀枝花,Panzhihua,0.06,27.46,30.77,22.5,7.278985656176838,0.91,18789638.0,21638492.0,12142.344,101.75,26.55,2021,845.52,17.33,0.51,-0.28
2021-06-21,panzhihua,攀枝花,Panzhihua,12.2,25.41,30.49,20.93,6.324963156505892,0.7,17539398.0,20201128.0,12983.3125,101.75,26.55,2021,848.0,18.6,-0.14,-0.24
2021-06-22,panzhihua,攀枝花,Panzhihua,2.17,22.31,23.99,21.12,3.348872935468808,0.78,9352390.0,10773668.0,13781.5625,101.75,26.55,2021,850.45,17.39,-0.33,0.2
2021-06-23,panzhihua,攀枝花,Panzhihua,20.12,23.26,27.38,20.45,4.705609439883571,0.5,13947350.0,16070768.0,14586.531,101.75,26.55,2021,848.97,20.12,0.06,-0.2
2021-06-24,panzhihua,攀枝花,Panzhihua,25.92,22.87,27.27,20.15,4.574237158932172,0.51,13764428.0,15862164.0,15402.3125,101.75,26.55,2021,847.53,20.43,-0.3,0.12
2021-06-25,panzhihua,攀枝花,Panzhihua,13.91,23.8,27.03,20.79,5.114639247485826,0.46,15000614.0,17289740.0,16181.1875,101.75,26.55,2021,847.13,20.27,-0.33,0.13
2021-06-26,panzhihua,攀枝花,Panzhihua,1.19,26.52,30.11,21.85,6.386867850481231,0.55,17605678.0,20298116.0,16861.406000000006,101.75,26.55,2021,846.58,20.17,0.21,0.01
2021-06-27,panzhihua,攀枝花,Panzhihua,17.95,25.1,29.24,21.27,5.081366052588519,0.68,14299494.0,16489544.0,17368.625,101.75,26.55,2021,846.92,20.45,-0.12,-0.05
2021-06-28,panzhihua,攀枝花,Panzhihua,11.09,22.06,24.51,19.8,2.866959090689112,0.47,8735260.0,10074388.0,17730.0,101.75,26.55,2021,847.89,20.57,-0.01,0.07
2021-06-29,panzhihua,攀枝花,Panzhihua,17.14,23.53,28.57,19.51,6.562925966088541,0.64,19479124.0,22471352.0,18253.875,101.75,26.55,2021,847.05,19.57,-0.15,0.07
2021-06-30,panzhihua,攀枝花,Panzhihua,10.28,23.13,26.56,19.51,5.158965471887632,0.4,15168650.0,17501176.0,18680.625,101.75,26.55,2021,846.96,18.75,-0.06,0.16
2021-07-01,panzhihua,攀枝花,Panzhihua,22.75,21.35,23.27,20.2,2.4018712677791565,0.56,7343714.0,8475808.0,18784.875,101.75,26.55,2021,846.4,19.74,-0.5,-0.17
2021-07-02,panzhihua,攀枝花,Panzhihua,11.81,22.68,26.54,20.31,4.369211392290108,0.71,13150980.0,15179620.0,18985.531000000006,101.75,26.55,2021,846.94,20.05,0.2,-0.25
2021-07-03,panzhihua,攀枝花,Panzhihua,4.47,23.23,26.58,20.32,4.238968851296277,0.51,12583816.0,14528108.0,19269.969,101.75,26.55,2021,847.66,20.62,-0.06,-0.15
2021-07-04,panzhihua,攀枝花,Panzhihua,6.94,23.89,28.1,20.47,5.225861070974048,0.74,15390048.0,17770564.0,19507.688,101.75,26.55,2021,848.12,20.7,-0.04,0.09
2021-07-05,panzhihua,攀枝花,Panzhihua,31.2,23.49,27.4,21.08,4.710116356056731,0.46,14063758.0,16241616.0,19715.562,101.75,26.55,2021,848.18,21.45,-0.04,-0.06
2021-07-06,panzhihua,攀枝花,Panzhihua,51.92,21.52,23.52,20.05,2.2447176202291304,0.51,6906322.0,7978228.0,20191.875,101.75,26.55,2021,849.64,20.38,0.02,-0.45
2021-07-07,panzhihua,攀枝花,Panzhihua,2.74,23.56,27.27,19.9,5.335120784064354,0.54,15769404.0,18216824.0,20662.25,101.75,26.55,2021,851.58,20.34,-0.21,0.15
2021-07-08,panzhihua,攀枝花,Panzhihua,0.37,26.14,29.45,20.7,6.679400395520668,0.52,18461626.0,21333840.0,20844.875,101.75,26.55,2021,850.92,19.18,0.23,-0.13
2021-07-09,panzhihua,攀枝花,Panzhihua,2.56,23.84,26.61,20.88,5.180288112541854,0.63,14991726.0,17327388.0,20745.156000000006,101.75,26.55,2021,851.52,19.58,0.38,-0.27
2021-07-10,panzhihua,攀枝花,Panzhihua,1.05,24.94,28.84,21.1,6.0983894982758144,0.88,17103722.0,19771744.0,20685.0,101.75,26.55,2021,850.27,19.38,0.74,-0.12
2021-07-11,panzhihua,攀枝花,Panzhihua,0.47,25.76,29.39,21.58,6.748733029824964,1.1,17998330.0,20811500.0,20521.0,101.75,26.55,2021,850.28,17.91,0.87,-0.15
2021-07-12,panzhihua,攀枝花,Panzhihua,5.47,25.49,29.77,21.23,6.955399394661328,0.62,19540392.0,22599684.0,20235.0,101.75,26.55,2021,849.57,19.37,0.11,-0.07
2021-07-13,panzhihua,攀枝花,Panzhihua,5.14,23.93,28.04,20.24,5.580269555910702,0.47,16199956.0,18738020.0,20027.578,101.75,26.55,2021,848.93,19.59,0.16,-0.0
2021-07-14,panzhihua,攀枝花,Panzhihua,0.42,25.7,28.67,20.96,6.247266955777778,0.61,17289576.0,20002658.0,19685.14,101.75,26.55,2021,848.43,19.25,0.37,0.01
2021-07-15,panzhihua,攀枝花,Panzhihua,10.68,24.5,28.64,20.46,5.025459687339005,0.53,14168654.0,16395976.0,18991.062,101.75,26.55,2021,849.99,19.14,0.1,-0.03
2021-07-16,panzhihua,攀枝花,Panzhihua,15.75,22.91,26.73,20.25,4.046382487373247,0.48,11981774.0,13865288.0,18126.234,101.75,26.55,2021,851.65,20.07,-0.06,0.16
2021-07-17,panzhihua,攀枝花,Panzhihua,11.58,22.49,25.86,19.49,4.801475720960067,0.46,14549930.0,16839908.0,17475.843999999994,101.75,26.55,2021,850.05,20.41,-0.12,-0.11
2021-07-18,panzhihua,攀枝花,Panzhihua,6.93,24.21,28.9,19.96,7.393882166665925,0.52,21644826.0,25053422.0,17277.188000000002,101.75,26.55,2021,848.18,20.0,-0.23,-0.13
2021-07-19,panzhihua,攀枝花,Panzhihua,0.24,25.55,29.02,21.34,7.740585731234684,0.66,21626432.0,25034168.0,17248.593999999994,101.75,26.55,2021,848.16,18.3,0.16,-0.32
2021-07-20,panzhihua,攀枝花,Panzhihua,5.73,25.19,29.0,21.13,7.541456239752188,0.51,21356232.0,24722876.0,17052.172,101.75,26.55,2021,848.33,18.63,-0.04,-0.27
2021-07-21,panzhihua,攀枝花,Panzhihua,6.49,23.57,27.71,18.88,6.567526761282832,0.62,19290752.0,22332514.0,16502.547,101.75,26.55,2021,848.22,19.07,-0.18,0.1
2021-07-22,panzhihua,攀枝花,Panzhihua,6.44,23.16,26.53,19.24,5.87090656775405,0.53,17326594.0,20060010.0,15763.6875,101.75,26.55,2021,848.19,19.02,0.09,0.14
2021-07-23,panzhihua,攀枝花,Panzhihua,5.52,23.22,27.62,19.47,5.341949654793643,0.45,15758136.0,18245806.0,15004.359,101.75,26.55,2021,848.09,19.58,0.09,-0.18
2021-07-24,panzhihua,攀枝花,Panzhihua,28.01,22.89,26.74,19.16,4.920496329276209,0.46,14694644.0,17016826.0,14283.422,101.75,26.55,2021,848.2,20.15,-0.06,-0.2
2021-07-25,panzhihua,攀枝花,Panzhihua,3.36,23.0,27.89,18.73,5.858246358354576,0.55,17503150.0,20270610.0,13732.016,101.75,26.55,2021,848.33,19.74,0.05,-0.11
2021-07-26,panzhihua,攀枝花,Panzhihua,0.5,24.51,27.89,19.18,6.916966306969299,0.47,19812392.0,22946570.0,13247.3125,101.75,26.55,2021,846.26,18.61,-0.02,-0.24
2021-07-27,panzhihua,攀枝花,Panzhihua,14.2,25.2,28.86,20.68,7.040890567570193,0.55,19937496.0,23092906.0,12759.156,101.75,26.55,2021,846.34,19.33,-0.15,-0.22
2021-07-28,panzhihua,攀枝花,Panzhihua,25.42,22.26,25.66,19.42,4.018966834005804,0.65,12015660.0,13917858.0,12482.9375,101.75,26.55,2021,847.46,19.36,-0.13,-0.04
2021-07-29,panzhihua,攀枝花,Panzhihua,14.4,23.42,26.29,19.74,4.7028453784217685,0.58,13514380.0,15655900.0,12659.281,101.75,26.55,2021,848.39,18.72,0.14,0.44
2021-07-30,panzhihua,攀枝花,Panzhihua,19.03,22.79,26.96,19.94,5.11712441739222,0.46,15158830.0,17562684.0,13197.5625,101.75,26.55,2021,848.27,19.08,0.07,-0.0
2021-07-31,panzhihua,攀枝花,Panzhihua,9.43,21.4,24.42,18.48,2.5439859772598705,0.34,7591380.0,8795604.0,13758.406,101.75,26.55,2021,848.23,18.68,-0.06,0.15
2021-08-01,panzhihua,攀枝花,Panzhihua,0.21,24.29,29.03,19.23,7.724681527600135,0.49,22243164.0,25774550.0,14042.156,101.75,26.55,2021,847.66,17.94,0.04,0.15
2021-08-02,panzhihua,攀枝花,Panzhihua,0.01,25.42,29.77,20.16,8.121799382015768,0.35,22994086.0,26646782.0,13959.0,101.75,26.55,2021,847.94,18.42,0.13,-0.02
2021-08-03,panzhihua,攀枝花,Panzhihua,0.22,25.72,29.12,21.77,7.455991483254431,0.38,20896620.0,24218338.0,13437.891,101.75,26.55,2021,849.21,18.5,0.16,0.01
2021-08-04,panzhihua,攀枝花,Panzhihua,0.01,26.21,30.21,21.83,8.106113993052285,0.41,22521288.0,26102768.0,12675.875,101.75,26.55,2021,848.98,18.15,0.23,0.04
2021-08-05,panzhihua,攀枝花,Panzhihua,0.03,26.38,30.17,22.06,7.971625703834374,0.57,21962898.0,25457664.0,11863.859,101.75,26.55,2021,847.73,18.55,0.19,-0.2
2021-08-06,panzhihua,攀枝花,Panzhihua,0.36,26.6,30.25,22.53,7.536037045794988,0.68,20545950.0,23816926.0,11047.547,101.75,26.55,2021,847.3,19.01,0.41,-0.27
2021-08-07,panzhihua,攀枝花,Panzhihua,1.43,27.01,31.44,22.71,6.8500236762189655,0.6,18624736.0,21591814.0,10276.5625,101.75,26.55,2021,847.45,20.27,0.24,-0.05
2021-08-08,panzhihua,攀枝花,Panzhihua,21.73,25.89,30.39,21.29,6.095076095315923,0.76,16865638.0,19553816.0,9616.0,101.75,26.55,2021,848.25,20.48,0.06,0.2
2021-08-09,panzhihua,攀枝花,Panzhihua,20.79,22.46,25.92,20.54,3.5924198781181937,0.54,10762982.0,12478718.0,9123.922,101.75,26.55,2021,849.88,20.25,-0.22,0.24
2021-08-10,panzhihua,攀枝花,Panzhihua,16.04,23.46,26.18,20.54,3.7137926543378734,0.46,10657592.0,12358862.0,8866.421999999999,101.75,26.55,2021,849.25,19.59,-0.03,-0.07
2021-08-11,panzhihua,攀枝花,Panzhihua,13.92,23.19,27.06,20.42,4.065444042806772,0.57,11863518.0,13758272.0,8863.280999999999,101.75,26.55,2021,850.42,19.9,-0.05,-0.03
2021-08-12,panzhihua,攀枝花,Panzhihua,15.7,23.42,27.96,19.7,5.775060807289567,0.46,17193416.0,19939694.0,9008.891,101.75,26.55,2021,849.52,20.9,0.2,0.04
2021-08-13,panzhihua,攀枝花,Panzhihua,14.56,23.04,25.83,20.21,3.8769209233370727,0.49,11449292.0,13278732.0,9412.25,101.75,26.55,2021,848.08,20.44,-0.32,-0.17
2021-08-14,panzhihua,攀枝花,Panzhihua,6.32,20.77,22.61,19.36,1.816909073284904,0.55,5386316.0,6247946.0,10319.469,101.75,26.55,2021,850.13,18.64,0.01,0.29
2021-08-15,panzhihua,攀枝花,Panzhihua,4.85,22.96,25.79,19.34,4.103286561164246,0.37,11886412.0,13788982.0,11847.0,101.75,26.55,2021,851.44,18.38,0.04,0.01
2021-08-16,panzhihua,攀枝花,Panzhihua,10.81,22.99,27.27,20.46,4.568819800137444,0.58,13568824.0,15739192.0,13605.125,101.75,26.55,2021,851.96,20.17,0.24,-0.33
2021-08-17,panzhihua,攀枝花,Panzhihua,15.6,21.6,24.34,19.55,3.0468926495589046,0.6,9269040.0,10750714.0,14822.1875,101.75,26.55,2021,851.39,19.7,0.3,-0.1
2021-08-18,panzhihua,攀枝花,Panzhihua,18.04,21.85,25.17,19.8,3.951622085601524,0.47,12002028.0,13920432.0,15427.516,101.75,26.55,2021,850.69,19.68,-0.02,0.0
2021-08-19,panzhihua,攀枝花,Panzhihua,12.6,21.67,25.78,18.72,4.2247969906243314,0.44,12935300.0,15002240.0,15603.266,101.75,26.55,2021,851.66,19.76,-0.04,0.2
2021-08-20,panzhihua,攀枝花,Panzhihua,1.09,23.7,27.42,19.18,5.430763337783333,0.31,15857526.0,18391588.0,15598.375,101.75,26.55,2021,852.14,19.97,0.09,0.08
2021-08-21,panzhihua,攀枝花,Panzhihua,0.71,25.15,28.6,20.39,5.89056252950765,0.77,16330594.0,18939638.0,15421.953,101.75,26.55,2021,849.58,19.28,0.5,-0.3
2021-08-22,panzhihua,攀枝花,Panzhihua,0.59,25.25,28.39,21.75,4.626519956193329,0.78,12444138.0,14432170.0,15148.344,101.75,26.55,2021,847.27,19.41,0.32,-0.48
2021-08-23,panzhihua,攀枝花,Panzhihua,12.69,23.31,26.31,20.95,3.860020146241169,0.55,11156606.0,12937630.0,14934.781,101.75,26.55,2021,848.83,19.76,-0.06,-0.14
2021-08-24,panzhihua,攀枝花,Panzhihua,1.82,22.64,25.22,20.87,3.312383091340532,0.41,9536626.0,11058978.0,15201.656,101.75,26.55,2021,850.42,18.36,0.14,-0.21
2021-08-25,panzhihua,攀枝花,Panzhihua,26.48,21.97,24.93,20.24,3.008603806944665,0.49,8880942.0,10297576.0,15950.531,101.75,26.55,2021,849.96,19.04,0.15,-0.2
2021-08-26,panzhihua,攀枝花,Panzhihua,29.6,20.79,23.83,18.86,2.2958087611385336,0.76,7097956.0,8230180.0,16869.703,101.75,26.55,2021,852.53,19.31,-0.04,-0.57
2021-08-27,panzhihua,攀枝花,Panzhihua,16.24,21.0,24.68,18.81,3.469474049119756,0.61,10779458.0,12498478.0,18199.672,101.75,26.55,2021,852.94,19.23,-0.35,-0.2
2021-08-28,panzhihua,攀枝花,Panzhihua,16.96,21.37,25.1,19.03,3.575394818726205,0.59,11029944.0,12788348.0,19483.89,101.75,26.55,2021,851.8,19.57,0.13,-0.31
2021-08-29,panzhihua,攀枝花,Panzhihua,8.46,21.72,24.94,18.98,3.891153686166275,0.52,11785950.0,13664076.0,20209.5,101.75,26.55,2021,852.4,19.18,0.24,-0.3
2021-08-30,panzhihua,攀枝花,Panzhihua,1.88,23.47,26.78,19.48,5.656852397515952,0.83,16339592.0,18943202.0,20356.594,101.75,26.55,2021,852.32,18.61,0.48,-0.29
2021-08-31,panzhihua,攀枝花,Panzhihua,11.07,23.46,27.69,19.36,5.807748454036566,0.51,16876694.0,19565230.0,20049.328,101.75,26.55,2021,853.39,18.49,0.32,-0.08
2021-09-01,panzhihua,攀枝花,Panzhihua,18.94,21.9,26.64,19.19,4.710623732330416,0.46,14331032.0,16612948.0,19518.36,101.75,26.55,2021,853.72,19.47,-0.26,0.06
2021-09-02,panzhihua,攀枝花,Panzhihua,7.77,21.9,25.12,18.32,3.916583480232824,0.33,11790224.0,13667390.0,19068.25,101.75,26.55,2021,852.28,19.28,0.05,-0.04
2021-09-03,panzhihua,攀枝花,Panzhihua,6.85,23.02,26.8,18.63,5.038243162689203,0.38,14967168.0,17349276.0,18664.062,101.75,26.55,2021,849.31,20.16,0.06,0.11
2021-09-04,panzhihua,攀枝花,Panzhihua,20.74,22.2,25.59,19.88,3.958107197155482,0.56,11942672.0,13842382.0,18231.922,101.75,26.55,2021,850.81,19.85,-0.2,0.18
2021-09-05,panzhihua,攀枝花,Panzhihua,22.65,21.62,25.6,18.55,4.201570900448351,0.55,12932540.0,14989314.0,17888.11,101.75,26.55,2021,854.02,19.69,-0.21,-0.28
2021-09-06,panzhihua,攀枝花,Panzhihua,12.68,21.85,26.03,18.82,4.845433677120275,0.77,14688446.0,17024006.0,17747.031000000006,101.75,26.55,2021,857.45,18.62,-0.65,-0.17
2021-09-07,panzhihua,攀枝花,Panzhihua,0.15,19.49,21.73,17.15,3.034692176846819,0.56,9024394.0,10458452.0,17684.39,101.75,26.55,2021,857.68,14.66,-0.22,0.3
2021-09-08,panzhihua,攀枝花,Panzhihua,3.02,22.14,25.68,17.39,5.64984210227987,0.38,16756596.0,19419424.0,17692.39,101.75,26.55,2021,854.67,16.72,-0.01,-0.04
2021-09-09,panzhihua,攀枝花,Panzhihua,1.44,21.38,25.32,17.22,4.741324475825159,0.6,14338102.0,16615656.0,17766.156000000006,101.75,26.55,2021,855.84,17.6,-0.08,0.12
2021-09-10,panzhihua,攀枝花,Panzhihua,0.25,22.08,26.05,17.47,5.572654027280109,0.45,16694332.0,19346022.0,17830.938000000002,101.75,26.55,2021,854.75,17.89,0.33,0.08
2021-09-11,panzhihua,攀枝花,Panzhihua,0.44,23.55,27.38,17.88,5.909709867369246,0.64,17011400.0,19712862.0,17634.36,101.75,26.55,2021,850.81,17.97,0.3,-0.2
2021-09-12,panzhihua,攀枝花,Panzhihua,17.46,23.22,27.58,18.74,5.879926599796161,0.54,17188656.0,19917212.0,16982.843999999994,101.75,26.55,2021,850.54,18.35,-0.08,0.27
2021-09-13,panzhihua,攀枝花,Panzhihua,5.47,21.8,25.24,18.69,4.523454640071564,0.56,13490498.0,15631080.0,16152.969,101.75,26.55,2021,854.06,17.79,-0.17,0.41
2021-09-14,panzhihua,攀枝花,Panzhihua,7.85,22.67,26.62,18.59,5.424692784727268,0.43,16171558.0,18737122.0,15394.406,101.75,26.55,2021,855.52,19.17,-0.02,0.02
2021-09-15,panzhihua,攀枝花,Panzhihua,15.66,21.97,26.76,18.78,4.922178162959108,0.47,14932568.0,17301004.0,14788.859,101.75,26.55,2021,854.63,19.22,-0.04,-0.12
2021-09-16,panzhihua,攀枝花,Panzhihua,19.94,20.73,25.21,17.89,3.71335820485072,0.53,11587508.0,13419592.0,14293.4375,101.75,26.55,2021,852.68,18.87,-0.18,-0.03
2021-09-17,panzhihua,攀枝花,Panzhihua,12.34,21.34,25.69,18.41,4.426312680628032,0.49,13626784.0,15774460.0,13837.141,101.75,26.55,2021,851.64,19.02,-0.18,-0.13
2021-09-18,panzhihua,攀枝花,Panzhihua,14.48,22.51,27.02,18.43,5.13446464529876,0.83,15327720.0,17735966.0,13500.422,101.75,26.55,2021,851.4,18.82,0.24,-0.06
2021-09-19,panzhihua,攀枝花,Panzhihua,7.49,20.06,23.85,17.09,3.3569313303522543,0.53,10601308.0,12261572.0,13333.953,101.75,26.55,2021,854.87,18.27,-0.28,-0.34
2021-09-20,panzhihua,攀枝花,Panzhihua,0.25,21.42,25.04,17.54,5.684161444914497,0.39,17158012.0,19837010.0,13375.891,101.75,26.55,2021,855.36,16.3,-0.12,-0.1
2021-09-21,panzhihua,攀枝花,Panzhihua,2.17,22.74,26.62,18.04,5.835604771779266,0.42,17079216.0,19737250.0,13261.719,101.75,26.55,2021,853.36,16.5,0.18,-0.18
2021-09-22,panzhihua,攀枝花,Panzhihua,1.04,22.15,25.38,18.56,4.8333446028165445,0.54,14414104.0,16650328.0,12810.914,101.75,26.55,2021,852.89,18.07,0.2,-0.15
2021-09-23,panzhihua,攀枝花,Panzhihua,15.95,21.91,26.45,17.63,5.233499279764916,0.38,15860716.0,18313664.0,12343.93,101.75,26.55,2021,854.52,18.6,-0.0,0.12
2021-09-24,panzhihua,攀枝花,Panzhihua,1.51,22.58,26.53,18.0,5.2196441658978365,0.46,15522904.0,17915502.0,11826.8125,101.75,26.55,2021,854.46,18.44,0.18,-0.02
2021-09-25,panzhihua,攀枝花,Panzhihua,18.81,22.28,26.55,17.7,4.953816529611134,0.6,14806985.0,17082156.0,11232.1875,101.75,26.55,2021,854.68,18.37,0.16,0.02
2021-09-26,panzhihua,攀枝花,Panzhihua,18.76,20.87,25.13,17.28,4.2868995249913535,0.38,13276340.0,15310045.0,10700.664,101.75,26.55,2021,856.01,18.36,0.06,0.12
2021-09-27,panzhihua,攀枝花,Panzhihua,2.04,20.57,25.03,17.19,4.211163979487205,0.47,13143358.0,15150726.0,10272.3125,101.75,26.55,2021,854.87,18.06,-0.2,0.05
2021-09-28,panzhihua,攀枝花,Panzhihua,12.57,20.91,24.87,16.99,4.6763695827918745,0.44,14557986.0,16773518.0,9975.172,101.75,26.55,2021,855.02,18.46,-0.08,0.15
2021-09-29,panzhihua,攀枝花,Panzhihua,0.87,20.84,25.46,15.98,4.888216597371539,0.48,15199825.0,17504886.0,9835.922,101.75,26.55,2021,854.88,17.91,0.1,0.22
2021-09-30,panzhihua,攀枝花,Panzhihua,1.25,21.19,26.15,16.4,5.270513584752076,0.45,16308159.0,18773832.0,9868.195,101.75,26.55,2021,854.11,18.2,0.2,0.21
2021-10-01,panzhihua,攀枝花,Panzhihua,1.84,22.7,26.81,17.16,5.512236866333149,0.43,16484849.0,18968396.0,9911.086,101.75,26.55,2021,853.38,18.79,0.1,-0.02
2021-10-02,panzhihua,攀枝花,Panzhihua,0.92,23.15,27.02,18.98,5.0702317045568135,0.49,14813037.0,17037948.0,9732.469,101.75,26.55,2021,851.91,18.16,0.23,-0.09
2021-10-03,panzhihua,攀枝花,Panzhihua,1.42,23.14,26.72,19.49,5.184870193710894,0.88,14698518.0,16897924.0,9300.836,101.75,26.55,2021,850.9,17.05,0.53,-0.27
2021-10-04,panzhihua,攀枝花,Panzhihua,6.25,21.94,26.11,18.23,4.374560837598184,0.62,13092872.0,15046406.0,8750.344000000001,101.75,26.55,2021,853.45,18.01,0.31,-0.27
2021-10-05,panzhihua,攀枝花,Panzhihua,2.14,22.54,26.22,18.3,4.321054349915147,0.47,12733375.0,14626789.0,8250.844000000001,101.75,26.55,2021,854.1,18.06,0.1,-0.08
2021-10-06,panzhihua,攀枝花,Panzhihua,12.46,22.08,26.6,18.54,4.780468581775635,0.56,14373804.0,16504218.0,7851.789000000002,101.75,26.55,2021,852.51,18.13,0.18,-0.16
2021-10-07,panzhihua,攀枝花,Panzhihua,13.21,20.78,24.67,17.92,3.8830046391461552,0.52,12188907.0,13990613.0,7573.335999999997,101.75,26.55,2021,852.25,18.73,-0.16,-0.09
2021-10-08,panzhihua,攀枝花,Panzhihua,5.71,21.12,24.59,18.06,4.014011434041455,0.37,12362444.0,14182422.0,7481.703,101.75,26.55,2021,851.98,18.26,-0.21,-0.08
2021-10-09,panzhihua,攀枝花,Panzhihua,15.69,20.88,24.68,18.13,3.8543568768972105,0.39,11976598.0,13735251.0,7459.8984,101.75,26.55,2021,853.78,18.46,-0.22,0.13
2021-10-10,panzhihua,攀枝花,Panzhihua,0.47,21.57,24.56,18.65,4.362644276431447,0.95,12394538.0,14206694.0,7415.1797,101.75,26.55,2021,855.56,15.36,-0.21,-0.83
2021-10-11,panzhihua,攀枝花,Panzhihua,0.36,20.64,22.31,18.67,2.5450141158256603,0.59,7187002.0,8233656.0,7345.1797,101.75,26.55,2021,855.44,15.38,-0.17,-0.07
2021-10-12,panzhihua,攀枝花,Panzhihua,0.27,20.86,23.76,19.07,2.8196902419140937,0.45,8358894.0,9572512.0,7206.2188,101.75,26.55,2021,855.28,16.57,0.08,0.06
2021-10-13,panzhihua,攀枝花,Panzhihua,0.2,21.45,25.56,16.12,4.380065448036566,0.61,12939124.0,14813922.0,7002.9919999999975,101.75,26.55,2021,855.42,15.84,-0.2,-0.47
2021-10-14,panzhihua,攀枝花,Panzhihua,4.71,19.03,20.71,16.25,1.80364011790846,0.49,5497636.0,6289438.0,6775.4140000000025,101.75,26.55,2021,857.02,16.19,-0.19,-0.43
2021-10-15,panzhihua,攀枝花,Panzhihua,3.94,18.72,20.59,16.87,1.8360429909091536,0.62,5661386.0,6475216.0,6548.1562,101.75,26.55,2021,857.56,16.22,-0.01,-0.55
2021-10-16,panzhihua,攀枝花,Panzhihua,8.2,15.9,17.33,14.24,0.8743625798685603,0.98,2508562.0,2867432.0,6338.1406,101.75,26.55,2021,861.78,13.93,-0.18,-0.95
2021-10-17,panzhihua,攀枝花,Panzhihua,0.06,15.91,17.25,14.21,1.5686259001263845,0.5,4870098.0,5563832.0,6165.922,101.75,26.55,2021,860.09,12.02,-0.15,-0.3
2021-10-18,panzhihua,攀枝花,Panzhihua,0.03,18.39,20.94,14.53,2.8373846223141714,0.62,8721166.0,9954608.0,6028.7812,101.75,26.55,2021,857.11,13.85,-0.11,-0.3
2021-10-19,panzhihua,攀枝花,Panzhihua,0.1,21.12,25.59,16.51,3.877653930668605,0.88,11284666.0,12870016.0,5901.9140000000025,101.75,26.55,2021,853.91,15.86,0.68,-0.35
2021-10-20,panzhihua,攀枝花,Panzhihua,2.75,20.34,25.22,13.66,3.71573467335378,1.11,10999854.0,12537044.0,5783.8984,101.75,26.55,2021,853.35,15.73,0.12,-0.72
2021-10-21,panzhihua,攀枝花,Panzhihua,17.43,12.84,13.73,11.89,0.6273916113325732,1.04,1813356.0,2065948.0,5701.8830000000025,101.75,26.55,2021,857.6,11.06,-0.55,-0.88
2021-10-22,panzhihua,攀枝花,Panzhihua,0.81,13.47,14.07,11.81,0.9164865927873788,0.66,2591244.0,2950020.0,5780.5625,101.75,26.55,2021,859.98,9.79,-0.27,-0.59
2021-10-23,panzhihua,攀枝花,Panzhihua,0.27,16.34,18.27,13.67,2.001749142075728,0.42,6344188.0,7216368.0,5980.4688,101.75,26.55,2021,859.02,11.74,-0.21,-0.25
2021-10-24,panzhihua,攀枝花,Panzhihua,1.13,18.17,21.3,15.71,3.088762756316408,0.62,9716068.0,11046140.0,6161.8906,101.75,26.55,2021,857.64,13.8,0.46,-0.24
2021-10-25,panzhihua,攀枝花,Panzhihua,0.81,18.78,23.13,14.88,3.917560065927985,0.9,12085256.0,13727972.0,6368.0,101.75,26.55,2021,854.11,13.5,0.51,-0.27
2021-10-26,panzhihua,攀枝花,Panzhihua,0.39,18.3,22.97,13.64,4.0941024417010805,0.86,12823998.0,14557848.0,6458.7812,101.75,26.55,2021,855.42,12.78,0.15,-0.57
2021-10-27,panzhihua,攀枝花,Panzhihua,0.16,17.31,21.66,13.67,3.569183229619948,0.62,11641474.0,13205936.0,6409.1953,101.75,26.55,2021,856.19,12.9,-0.23,-0.5
2021-10-28,panzhihua,攀枝花,Panzhihua,1.36,18.68,23.0,14.93,4.0913877592929975,0.7,13275490.0,15050588.0,6272.9453,101.75,26.55,2021,856.59,15.06,0.38,-0.48
2021-10-29,panzhihua,攀枝花,Panzhihua,1.17,17.51,20.92,14.82,3.4659735986404683,0.58,11540930.0,13075172.0,6071.8047,101.75,26.55,2021,858.47,14.47,-0.15,-0.46
2021-10-30,panzhihua,攀枝花,Panzhihua,1.01,17.72,21.89,14.74,3.40893919013624,0.66,11028810.0,12485720.0,5825.828,101.75,26.55,2021,856.16,13.57,0.26,-0.48
2021-10-31,panzhihua,攀枝花,Panzhihua,1.37,16.51,21.28,12.19,3.0342406007150418,0.85,10563256.0,11951136.0,5542.703,101.75,26.55,2021,856.32,14.38,-0.56,-0.55
2021-11-01,panzhihua,攀枝花,Panzhihua,0.66,17.11,21.95,12.3,3.7962711849452377,0.65,12454452.0,14081140.0,5279.0234,101.75,26.55,2021,856.51,12.3,0.0,-0.3
2021-11-02,panzhihua,攀枝花,Panzhihua,0.74,17.62,22.81,12.55,4.242524637361172,0.72,13579308.0,15342844.0,5031.5234,101.75,26.55,2021,856.07,11.52,0.19,-0.19
2021-11-03,panzhihua,攀枝花,Panzhihua,0.0,17.63,22.83,12.21,4.501792525079021,0.73,14307382.0,16154924.0,4770.4766,101.75,26.55,2021,854.06,10.63,0.33,-0.08
2021-11-04,panzhihua,攀枝花,Panzhihua,0.0,18.08,23.24,11.95,5.025635814690912,0.81,15506116.0,17496964.0,4508.3594,101.75,26.55,2021,852.76,9.06,0.6,0.13
2021-11-05,panzhihua,攀枝花,Panzhihua,0.0,17.55,23.01,11.99,5.002087124608307,0.77,15841316.0,17863144.0,4248.3594,101.75,26.55,2021,851.64,9.24,0.43,0.06
2021-11-06,panzhihua,攀枝花,Panzhihua,0.0,17.01,22.66,11.67,5.016359666814148,0.63,16268754.0,18332980.0,3994.8906,101.75,26.55,2021,851.84,8.75,0.18,-0.23
2021-11-07,panzhihua,攀枝花,Panzhihua,0.03,14.05,20.85,8.86,4.266460802632348,1.27,14307020.0,16112216.0,3754.75,101.75,26.55,2021,858.01,6.49,-0.22,-1.13
2021-11-08,panzhihua,攀枝花,Panzhihua,0.0,11.65,15.45,8.7,2.7034572062771933,0.68,9678582.0,10891264.0,3541.039,101.75,26.55,2021,858.27,5.68,-0.29,-0.56
2021-11-09,panzhihua,攀枝花,Panzhihua,0.16,13.59,18.4,8.9,2.8647068693403006,0.85,9925078.0,11161148.0,3361.6406,101.75,26.55,2021,857.38,8.74,-0.42,-0.67
2021-11-10,panzhihua,攀枝花,Panzhihua,0.05,12.56,15.63,10.29,1.9081332519497936,0.62,6452592.0,7251396.0,3211.2734,101.75,26.55,2021,856.81,7.51,-0.06,-0.57
2021-11-11,panzhihua,攀枝花,Panzhihua,0.94,14.61,19.89,9.38,3.228588868079572,0.86,11064532.0,12426560.0,3085.2188,101.75,26.55,2021,854.46,9.74,-0.41,-0.53
2021-11-12,panzhihua,攀枝花,Panzhihua,0.35,10.31,11.97,9.25,1.4763820710079485,1.15,4732400.0,5310688.0,2983.3125,101.75,26.55,2021,858.51,5.88,-0.58,-0.99
2021-11-13,panzhihua,攀枝花,Panzhihua,1.9,12.18,14.08,9.33,1.5461645622333977,0.58,5050350.0,5664472.0,2907.375,101.75,26.55,2021,857.11,6.82,-0.38,-0.33
2021-11-14,panzhihua,攀枝花,Panzhihua,1.92,14.48,18.09,11.62,2.013700592378932,0.52,6861646.0,7690172.0,2852.4453,101.75,26.55,2021,854.25,10.73,-0.13,-0.38
2021-11-15,panzhihua,攀枝花,Panzhihua,0.58,16.96,22.12,11.79,3.7384537049707727,0.85,11824296.0,13244516.0,2806.0156,101.75,26.55,2021,851.92,10.36,0.55,-0.07
2021-11-16,panzhihua,攀枝花,Panzhihua,0.24,16.37,21.7,11.18,4.087489678680448,0.74,13628282.0,15261752.0,2765.4062,101.75,26.55,2021,854.07,10.62,0.33,-0.42
2021-11-17,panzhihua,攀枝花,Panzhihua,0.26,12.75,15.85,10.18,2.003773087996627,0.81,6678360.0,7477268.0,2734.3672,101.75,26.55,2021,858.48,7.85,-0.44,-0.66
2021-11-18,panzhihua,攀枝花,Panzhihua,0.01,13.69,17.85,9.97,2.7610989062979887,0.51,9758764.0,10923256.0,2709.961,101.75,26.55,2021,853.37,9.03,-0.21,-0.3
2021-11-19,panzhihua,攀枝花,Panzhihua,0.0,15.24,20.44,9.82,4.006972853198322,0.5,13693790.0,15325832.0,2675.586,101.75,26.55,2021,849.41,8.54,-0.0,-0.25
2021-11-20,panzhihua,攀枝花,Panzhihua,0.0,16.08,21.59,10.4,4.2214912150705866,0.65,14048284.0,15719284.0,2629.4375,101.75,26.55,2021,850.69,9.18,-0.09,-0.38
2021-11-21,panzhihua,攀枝花,Panzhihua,1.49,13.28,17.25,8.65,2.7857490665507325,1.34,9268632.0,10369020.0,2582.1562,101.75,26.55,2021,855.5,7.98,-0.84,-1.0
2021-11-22,panzhihua,攀枝花,Panzhihua,1.02,8.69,9.4,7.92,0.935062541628224,1.03,2992680.0,3346856.0,2553.5781,101.75,26.55,2021,858.13,5.27,-0.6,-0.82
2021-11-23,panzhihua,攀枝花,Panzhihua,1.87,10.27,12.99,7.85,1.3743079914694778,1.1,4619618.0,5166136.0,2562.2422,101.75,26.55,2021,858.65,6.55,-0.78,-0.75
2021-11-24,panzhihua,攀枝花,Panzhihua,0.27,10.3,11.98,8.65,1.0500572128867571,0.43,3653110.0,4084300.0,2597.164,101.75,26.55,2021,858.94,5.99,-0.18,-0.24
2021-11-25,panzhihua,攀枝花,Panzhihua,0.18,12.31,16.09,8.35,2.45676837983064,0.4,8949272.0,10003340.0,2640.1797,101.75,26.55,2021,857.37,7.33,-0.08,-0.23
2021-11-26,panzhihua,攀枝花,Panzhihua,0.73,12.0,16.24,7.43,2.8567270171645136,0.49,10664636.0,11918088.0,2673.1016,101.75,26.55,2021,858.26,7.46,-0.23,-0.29
2021-11-27,panzhihua,攀枝花,Panzhihua,0.27,12.33,17.2,7.38,2.8481478831812423,0.51,10463548.0,11690484.0,2700.9766,101.75,26.55,2021,858.73,7.44,0.03,-0.41
2021-11-28,panzhihua,攀枝花,Panzhihua,0.1,13.07,17.61,8.97,2.781613774510748,0.6,9878330.0,11034616.0,2719.1719,101.75,26.55,2021,858.34,7.9,0.14,-0.3
2021-11-29,panzhihua,攀枝花,Panzhihua,0.21,13.27,17.22,8.57,2.7726654976664227,0.82,9671214.0,10800876.0,2711.3984,101.75,26.55,2021,860.0,8.21,-0.32,-0.58
2021-11-30,panzhihua,攀枝花,Panzhihua,0.17,9.37,11.31,6.62,1.0144290261046067,0.61,3253746.0,3633076.0,2677.3984,101.75,26.55,2021,862.43,4.31,0.01,-0.35
2021-12-01,panzhihua,攀枝花,Panzhihua,0.0,11.48,15.22,6.78,2.0217280994776368,0.34,7458036.0,8325828.0,2632.7969,101.75,26.55,2021,859.95,6.48,-0.18,0.0
2021-12-02,panzhihua,攀枝花,Panzhihua,0.32,13.34,15.81,7.77,1.994893438181439,0.41,6899162.0,7699740.0,2578.6562,101.75,26.55,2021,859.22,8.25,-0.18,-0.2
2021-12-03,panzhihua,攀枝花,Panzhihua,0.45,12.9,16.07,9.78,1.5281334604667252,0.61,5361302.0,5982140.0,2523.7578,101.75,26.55,2021,859.2,9.86,-0.02,-0.31
2021-12-04,panzhihua,攀枝花,Panzhihua,0.03,12.64,15.11,9.85,1.2518043328942263,0.43,4262030.0,4754664.0,2482.1797,101.75,26.55,2021,860.29,8.76,-0.17,-0.26
2021-12-05,panzhihua,攀枝花,Panzhihua,0.01,13.09,16.15,9.58,1.8744892138648848,0.33,6624376.0,7389164.0,2450.125,101.75,26.55,2021,860.09,8.49,-0.24,0.04
2021-12-06,panzhihua,攀枝花,Panzhihua,0.02,13.85,16.44,9.58,1.9588421293251423,0.45,6639980.0,7404584.0,2421.0703,101.75,26.55,2021,857.86,8.84,0.04,-0.32
2021-12-07,panzhihua,攀枝花,Panzhihua,0.04,14.95,18.76,11.54,2.1346523558570194,0.71,6759620.0,7535840.0,2392.7578,101.75,26.55,2021,855.87,9.61,0.41,-0.49
2021-12-08,panzhihua,攀枝花,Panzhihua,0.05,14.11,18.87,9.21,2.3835303278859774,0.55,8456270.0,9426608.0,2366.3203,101.75,26.55,2021,857.93,10.71,-0.23,-0.25
2021-12-09,panzhihua,攀枝花,Panzhihua,0.06,14.02,19.29,9.18,2.610907107382709,0.53,9134566.0,10179756.0,2348.2344,101.75,26.55,2021,857.83,9.43,0.01,-0.28
2021-12-10,panzhihua,攀枝花,Panzhihua,0.0,14.66,20.3,9.43,3.5669614474517592,0.58,12343502.0,13753700.0,2343.4688,101.75,26.55,2021,855.48,8.66,0.17,-0.33
2021-12-11,panzhihua,攀枝花,Panzhihua,1.12,13.82,19.42,7.37,2.942786030829497,0.9,10328984.0,11506560.0,2341.1406,101.75,26.55,2021,857.83,9.25,-0.27,-0.53
2021-12-12,panzhihua,攀枝花,Panzhihua,0.57,9.63,11.85,7.24,1.4839369028891565,0.83,5128094.0,5712492.0,2334.6875,101.75,26.55,2021,861.77,4.83,-0.57,-0.54
2021-12-13,panzhihua,攀枝花,Panzhihua,0.02,11.26,15.6,7.38,2.16019071870896,0.49,8025898.0,8936584.0,2334.7188,101.75,26.55,2021,857.06,6.6,-0.05,-0.29
2021-12-14,panzhihua,攀枝花,Panzhihua,0.02,12.67,18.0,8.13,3.068417492867132,0.78,10755162.0,11973448.0,2322.8906,101.75,26.55,2021,853.65,6.14,0.3,-0.39
2021-12-15,panzhihua,攀枝花,Panzhihua,0.0,13.2,19.29,7.6,3.9253318222172986,0.73,13645872.0,15188980.0,2294.5,101.75,26.55,2021,852.41,4.52,0.37,-0.41
2021-12-16,panzhihua,攀枝花,Panzhihua,0.0,12.94,19.24,6.98,3.8802501832378993,0.72,13599876.0,15137996.0,2257.0938,101.75,26.55,2021,855.93,4.35,-0.11,-0.51
2021-12-17,panzhihua,攀枝花,Panzhihua,0.01,10.08,13.56,6.67,1.7468553175815054,0.8,6151766.0,6846440.0,2217.6719,101.75,26.55,2021,858.38,4.92,-0.37,-0.54
2021-12-18,panzhihua,攀枝花,Panzhihua,0.03,11.88,17.75,6.57,2.61601433446021,0.71,9353040.0,10410388.0,2178.1094,101.75,26.55,2021,857.62,6.05,-0.02,-0.56
2021-12-19,panzhihua,攀枝花,Panzhihua,0.01,10.84,15.43,6.79,2.128267361050687,0.63,7823102.0,8706924.0,2139.6562,101.75,26.55,2021,856.84,5.81,-0.18,-0.43
2021-12-20,panzhihua,攀枝花,Panzhihua,0.0,11.82,17.29,6.92,3.3349625031191352,0.55,12295332.0,13685840.0,2102.9375,101.75,26.55,2021,855.68,4.99,-0.03,-0.4
2021-12-21,panzhihua,攀枝花,Panzhihua,0.0,11.43,16.4,6.02,3.0224473056599668,0.41,11212990.0,12481308.0,2067.7812,101.75,26.55,2021,856.45,4.15,-0.05,-0.32
2021-12-22,panzhihua,攀枝花,Panzhihua,0.01,11.68,16.59,5.75,3.158827912934944,0.56,11576914.0,12886380.0,2036.2344,101.75,26.55,2021,854.3,4.66,0.05,-0.29
2021-12-23,panzhihua,攀枝花,Panzhihua,0.28,12.0,16.95,7.0,3.129707357998552,0.66,11371206.0,12657492.0,2011.2344,101.75,26.55,2021,853.19,5.58,0.38,-0.3
2021-12-24,panzhihua,攀枝花,Panzhihua,0.46,9.67,14.0,4.69,2.329127109753572,0.42,9187074.0,10226184.0,1993.3594,101.75,26.55,2021,856.75,4.91,-0.1,-0.08
2021-12-25,panzhihua,攀枝花,Panzhihua,3.55,10.38,15.01,4.11,2.974898085355864,0.53,11532190.0,12836516.0,1985.125,101.75,26.55,2021,857.47,4.76,-0.11,-0.28
2021-12-26,panzhihua,攀枝花,Panzhihua,9.89,8.84,14.05,5.76,1.8470060709666016,0.76,7810600.0,8694132.0,1994.1719,101.75,26.55,2021,858.79,6.67,-0.44,-0.54
2021-12-27,panzhihua,攀枝花,Panzhihua,0.09,9.31,14.41,5.83,1.8479104512798663,0.64,7299972.0,8124432.0,2028.1875,101.75,26.55,2021,857.94,5.69,-0.08,-0.47
2021-12-28,panzhihua,攀枝花,Panzhihua,0.0,12.57,18.6,6.36,3.6165810856792064,0.67,12703506.0,14140268.0,2060.2031,101.75,26.55,2021,857.09,3.84,0.34,-0.06
2021-12-29,panzhihua,攀枝花,Panzhihua,0.0,12.2,18.15,6.8,3.5912740908999186,0.59,13226142.0,14722228.0,2052.3125,101.75,26.55,2021,858.83,5.65,0.04,-0.3
2021-12-30,panzhihua,攀枝花,Panzhihua,0.0,12.71,18.57,7.52,3.353394782944564,0.59,12156736.0,13531976.0,2023.2031,101.75,26.55,2021,858.91,6.63,0.12,-0.23
2021-12-31,panzhihua,攀枝花,Panzhihua,0.16,13.95,19.77,7.6,3.873260261115331,0.87,12778092.0,14223484.0,1988.3281,101.75,26.55,2021,857.45,4.52,0.54,0.08
2022-01-01,panzhihua,攀枝花,Panzhihua,0.08,12.23,17.7,6.53,3.1424663794608185,0.61,11421228.0,12713236.0,1953.4375,101.75,26.55,2022,858.14,6.0,0.01,-0.4
2022-01-02,panzhihua,攀枝花,Panzhihua,0.02,12.46,18.45,5.76,3.477878054218736,0.59,12706726.0,14144212.0,1920.9375,101.75,26.55,2022,856.58,6.14,0.09,-0.29
2022-01-03,panzhihua,攀枝花,Panzhihua,0.06,12.98,18.43,7.74,3.466727335312961,0.79,12071768.0,13437140.0,1891.4688,101.75,26.55,2022,855.08,5.58,0.4,-0.14
2022-01-04,panzhihua,攀枝花,Panzhihua,0.07,13.19,19.1,7.68,3.99856923631884,0.97,13082556.0,14562512.0,1865.5938,101.75,26.55,2022,854.35,2.14,0.53,0.36
2022-01-05,panzhihua,攀枝花,Panzhihua,0.0,12.69,18.48,6.59,3.9934785080475774,0.57,14103526.0,15699388.0,1841.6406,101.75,26.55,2022,853.86,2.62,0.08,-0.17
2022-01-06,panzhihua,攀枝花,Panzhihua,0.0,13.23,18.71,7.37,3.8344799353482304,0.5,13310452.0,14816672.0,1819.1719,101.75,26.55,2022,855.0,2.77,0.04,-0.21
2022-01-07,panzhihua,攀枝花,Panzhihua,0.0,13.56,19.21,8.29,3.838613303053096,0.68,13036432.0,14511684.0,1795.8438,101.75,26.55,2022,854.61,3.93,0.05,-0.26
2022-01-08,panzhihua,攀枝花,Panzhihua,0.0,13.46,19.52,8.11,3.6911472413180975,0.62,12745880.0,14188164.0,1771.8906,101.75,26.55,2022,854.02,4.83,-0.1,-0.32
2022-01-09,panzhihua,攀枝花,Panzhihua,0.0,13.73,19.02,8.1,3.58291578331624,0.65,12213004.0,13595028.0,1749.3281,101.75,26.55,2022,851.55,5.3,0.08,-0.26
2022-01-10,panzhihua,攀枝花,Panzhihua,0.0,13.18,19.88,6.57,3.8021913281246857,0.89,12790930.0,14238572.0,1728.5,101.75,26.55,2022,854.0,3.82,-0.23,-0.56
2022-01-11,panzhihua,攀枝花,Panzhihua,0.0,12.64,18.39,6.0,3.871421660618181,0.67,13643296.0,15187584.0,1709.4375,101.75,26.55,2022,854.05,3.5,0.03,-0.41
2022-01-12,panzhihua,攀枝花,Panzhihua,0.0,15.96,21.84,8.91,4.177146838500431,1.12,11876790.0,13220444.0,1692.6875,101.75,26.55,2022,853.4,3.08,0.77,0.33
2022-01-13,panzhihua,攀枝花,Panzhihua,0.04,14.45,19.85,9.43,3.475085602112959,1.44,10017314.0,11150468.0,1678.5938,101.75,26.55,2022,852.6,5.05,1.3,0.36
2022-01-14,panzhihua,攀枝花,Panzhihua,0.0,15.27,20.67,8.5,4.6214298098374815,1.3,13532228.0,15063956.0,1666.25,101.75,26.55,2022,853.25,2.22,0.88,0.59
2022-01-15,panzhihua,攀枝花,Panzhihua,0.34,15.71,20.69,9.54,4.19232950430073,1.01,12400728.0,13803716.0,1657.3438,101.75,26.55,2022,853.81,3.3,0.53,0.22
2022-01-16,panzhihua,攀枝花,Panzhihua,12.77,10.84,15.44,5.65,1.87535242681098,0.95,6971676.0,7761092.0,1658.0781,101.75,26.55,2022,856.77,7.36,-0.53,-0.75
2022-01-17,panzhihua,攀枝花,Panzhihua,1.25,7.54,11.46,1.99,1.826772214076932,0.5,7341258.0,8173620.0,1681.1719,101.75,26.55,2022,861.13,1.93,0.02,-0.42
2022-01-18,panzhihua,攀枝花,Panzhihua,0.0,9.07,13.88,1.68,3.407280349446653,0.52,13594138.0,15139100.0,1717.8906,101.75,26.55,2022,858.7,1.33,-0.21,-0.25
2022-01-19,panzhihua,攀枝花,Panzhihua,3.12,10.4,15.58,4.57,3.369686584359877,0.55,13171538.0,14670736.0,1721.8438,101.75,26.55,2022,853.73,4.63,0.16,-0.33
2022-01-20,panzhihua,攀枝花,Panzhihua,0.92,10.97,15.76,6.12,3.22129978223038,0.88,11724376.0,13060364.0,1708.3125,101.75,26.55,2022,850.97,3.58,0.35,-0.05
2022-01-21,panzhihua,攀枝花,Panzhihua,0.98,10.89,16.15,5.54,3.1083464390040465,0.53,11996830.0,13366192.0,1690.0938,101.75,26.55,2022,850.61,5.79,0.36,-0.08
2022-01-22,panzhihua,攀枝花,Panzhihua,0.1,11.38,16.59,5.14,3.3544277466078167,0.87,11760468.0,13104256.0,1667.7188,101.75,26.55,2022,848.9,2.45,0.39,0.02
2022-01-23,panzhihua,攀枝花,Panzhihua,0.06,11.0,15.79,6.14,3.2034045676270413,0.81,11421498.0,12728132.0,1645.4688,101.75,26.55,2022,850.92,2.44,0.4,-0.13
2022-01-24,panzhihua,攀枝花,Panzhihua,0.19,13.15,18.13,6.07,3.843092658450017,0.93,13137832.0,14643160.0,1622.2812,101.75,26.55,2022,850.91,4.72,0.65,0.07
2022-01-25,panzhihua,攀枝花,Panzhihua,0.61,12.68,16.67,8.49,2.1389132662528203,0.8,7036554.0,7843252.0,1602.5,101.75,26.55,2022,850.72,6.83,0.71,-0.17
2022-01-26,panzhihua,攀枝花,Panzhihua,0.11,14.1,19.14,7.61,4.12516390213643,1.38,12343026.0,13760892.0,1595.5938,101.75,26.55,2022,851.13,2.72,1.03,0.33
2022-01-27,panzhihua,攀枝花,Panzhihua,0.5,13.46,18.16,9.45,2.8896815788209738,1.15,8823312.0,9837860.0,1600.6875,101.75,26.55,2022,851.53,5.4,0.97,-0.06
2022-01-28,panzhihua,攀枝花,Panzhihua,0.22,13.14,18.48,7.1,4.189876221408265,1.35,13971344.0,15580980.0,1607.8125,101.75,26.55,2022,850.72,4.16,1.16,0.48
2022-01-29,panzhihua,攀枝花,Panzhihua,0.11,11.36,17.05,4.85,4.223021170164782,0.85,14872350.0,16587628.0,1621.5625,101.75,26.55,2022,851.26,-0.8,-0.02,0.1
2022-01-30,panzhihua,攀枝花,Panzhihua,3.11,11.56,17.07,3.34,4.0439114789594175,0.7,14676140.0,16371144.0,1645.0625,101.75,26.55,2022,850.57,1.87,0.04,-0.35
2022-01-31,panzhihua,攀枝花,Panzhihua,9.24,7.95,11.16,5.0,1.87378420249488,0.86,7752030.0,8649264.0,1666.5312,101.75,26.55,2022,852.37,4.49,-0.21,-0.8
2022-02-01,panzhihua,攀枝花,Panzhihua,2.32,11.31,17.33,3.3,3.2866256729824928,0.93,11987970.0,13377752.0,1679.5625,101.75,26.55,2022,850.32,4.57,0.18,-0.31
2022-02-02,panzhihua,攀枝花,Panzhihua,4.32,3.76,6.58,1.96,1.3641768370875804,0.96,6726022.0,7586940.0,1692.7812,101.75,26.55,2022,855.5,1.6,-0.65,-0.64
2022-02-03,panzhihua,攀枝花,Panzhihua,0.02,7.52,12.62,2.63,2.2889912380718687,0.52,9470500.0,10701548.0,1705.6875,101.75,26.55,2022,855.01,2.66,0.01,-0.38
2022-02-04,panzhihua,攀枝花,Panzhihua,0.0,11.15,16.93,2.8,3.8833007161759823,0.7,14454508.0,16247344.0,1697.9062,101.75,26.55,2022,855.02,3.42,-0.16,-0.38
2022-02-05,panzhihua,攀枝花,Panzhihua,1.88,14.39,19.92,7.16,4.396459934404425,1.23,13974014.0,15647772.0,1672.4375,101.75,26.55,2022,851.65,4.39,0.97,0.06
2022-02-06,panzhihua,攀枝花,Panzhihua,5.94,9.86,15.03,3.03,2.511596959515472,0.82,9938622.0,11109176.0,1654.6875,101.75,26.55,2022,850.64,5.87,0.47,0.09
2022-02-07,panzhihua,攀枝花,Panzhihua,0.0,11.65,17.78,2.67,4.275574836945559,0.83,15281032.0,17072840.0,1663.9688,101.75,26.55,2022,851.89,1.17,0.24,-0.05
2022-02-08,panzhihua,攀枝花,Panzhihua,0.05,13.73,18.75,7.88,4.6696473462961485,1.43,14142714.0,15798340.0,1679.3125,101.75,26.55,2022,851.34,0.35,0.88,0.74
2022-02-09,panzhihua,攀枝花,Panzhihua,0.0,14.65,19.76,8.18,5.394620142068684,1.4,16368796.0,18285904.0,1674.125,101.75,26.55,2022,851.61,-0.12,0.94,0.58
2022-02-10,panzhihua,攀枝花,Panzhihua,0.0,15.33,20.87,9.23,5.6158205898660265,1.6,17001164.0,18994096.0,1650.5312,101.75,26.55,2022,849.87,2.23,1.16,0.68
2022-02-11,panzhihua,攀枝花,Panzhihua,0.52,14.62,19.74,8.19,4.293887469316448,1.25,12876498.0,14386968.0,1618.2812,101.75,26.55,2022,851.14,2.75,0.92,0.64
2022-02-12,panzhihua,攀枝花,Panzhihua,1.26,14.31,19.21,7.1,5.257498147041393,1.23,16604966.0,18556144.0,1588.4688,101.75,26.55,2022,850.69,0.64,0.36,0.59
2022-02-13,panzhihua,攀枝花,Panzhihua,0.01,11.25,16.63,6.23,4.656074320904463,0.66,17376384.0,19420992.0,1567.5,101.75,26.55,2022,853.62,1.24,-0.14,-0.6
2022-02-14,panzhihua,攀枝花,Panzhihua,0.0,15.2,21.68,6.06,5.8961271702750375,0.97,18375796.0,20540916.0,1551.125,101.75,26.55,2022,851.92,-2.85,0.57,0.25
2022-02-15,panzhihua,攀枝花,Panzhihua,0.0,16.2,22.18,8.37,6.182141152203468,1.07,18494270.0,20676220.0,1527.0625,101.75,26.55,2022,850.0,-2.9,0.74,0.17
2022-02-16,panzhihua,攀枝花,Panzhihua,0.0,16.48,22.6,9.66,6.564057777616387,1.54,18635290.0,20839710.0,1497.2812,101.75,26.55,2022,846.96,-2.58,1.14,0.65
2022-02-17,panzhihua,攀枝花,Panzhihua,0.0,16.84,22.47,10.02,6.379258151058838,1.42,17857404.0,19975448.0,1468.0938,101.75,26.55,2022,847.52,-2.7,0.86,0.75
2022-02-18,panzhihua,攀枝花,Panzhihua,0.0,17.7,23.25,9.99,6.545078857899051,1.14,18633940.0,20849896.0,1443.1562,101.75,26.55,2022,849.69,-2.49,0.78,0.25
2022-02-19,panzhihua,攀枝花,Panzhihua,0.03,13.3,23.81,5.37,5.662559975417148,1.45,18647176.0,20870648.0,1422.5312,101.75,26.55,2022,851.46,-0.21,-0.53,-1.11
2022-02-20,panzhihua,攀枝花,Panzhihua,1.13,7.08,9.72,4.8,1.6081171503377334,1.27,5109522.0,5732136.0,1405.4062,101.75,26.55,2022,854.41,0.37,-0.19,-1.19
2022-02-21,panzhihua,攀枝花,Panzhihua,18.13,3.21,5.71,0.41,0.6679220785333012,1.23,3274674.0,3680984.0,1400.7812,101.75,26.55,2022,855.74,1.92,-0.55,-1.05
2022-02-22,panzhihua,攀枝花,Panzhihua,4.1,3.64,5.91,0.25,1.6051909125101569,0.96,3262156.0,7987884.0,1417.7188,101.75,26.55,2022,860.39,-1.37,-0.3,-0.89
2022-02-23,panzhihua,攀枝花,Panzhihua,0.0,7.54,11.59,3.6,2.4275448640143464,0.46,6249062.0,11031808.0,1447.125,101.75,26.55,2022,859.68,0.3,-0.03,-0.25
2022-02-24,panzhihua,攀枝花,Panzhihua,0.01,8.96,12.75,3.7,2.3634312804552056,0.52,7464788.0,10348096.0,1463.0625,101.75,26.55,2022,858.14,3.03,-0.18,-0.35
2022-02-25,panzhihua,攀枝花,Panzhihua,0.0,14.72,21.3,4.83,5.052207670299381,0.85,15353060.0,18709984.0,1462.5312,101.75,26.55,2022,855.37,3.55,0.58,-0.18
2022-02-26,panzhihua,攀枝花,Panzhihua,0.0,16.36,22.05,9.25,5.6391981527344015,1.27,16765120.0,19219150.0,1456.625,101.75,26.55,2022,855.43,3.77,0.88,0.6
2022-02-27,panzhihua,攀枝花,Panzhihua,0.0,16.74,22.12,9.85,6.1156346310158565,1.69,17445298.0,19665236.0,1459.1562,101.75,26.55,2022,853.21,2.41,1.16,0.8
2022-02-28,panzhihua,攀枝花,Panzhihua,0.0,17.46,23.1,10.29,6.280104289062277,1.44,17864470.0,20064184.0,1455.375,101.75,26.55,2022,853.54,1.88,0.93,0.74
2022-03-01,panzhihua,攀枝花,Panzhihua,0.03,17.33,22.88,10.22,5.903495012019968,1.05,17345950.0,19472122.0,1442.125,101.75,26.55,2022,855.07,1.59,0.39,0.59
2022-03-02,panzhihua,攀枝花,Panzhihua,0.0,18.68,24.76,10.24,7.235895699787709,1.46,19841030.0,22275934.0,1425.2812,101.75,26.55,2022,853.52,-0.82,1.01,0.72
2022-03-03,panzhihua,攀枝花,Panzhihua,0.0,19.45,25.33,11.22,7.759739218836573,1.58,20494642.0,23015602.0,1412.3125,101.75,26.55,2022,852.14,-2.5,1.01,0.8
2022-03-04,panzhihua,攀枝花,Panzhihua,0.0,19.81,25.84,11.91,7.575023969727955,1.23,20651408.0,23198082.0,1406.4375,101.75,26.55,2022,850.8,-1.79,0.93,0.39
2022-03-05,panzhihua,攀枝花,Panzhihua,0.0,20.31,26.78,12.36,7.829300986468838,1.48,20552552.0,23093498.0,1406.0938,101.75,26.55,2022,849.87,-1.17,1.09,0.66
2022-03-06,panzhihua,攀枝花,Panzhihua,0.01,20.16,26.11,12.69,7.1347561512555,1.0,19735520.0,22181696.0,1409.8125,101.75,26.55,2022,855.04,-0.16,-0.34,-0.03
2022-03-07,panzhihua,攀枝花,Panzhihua,0.0,19.86,25.63,12.46,6.624298438846442,0.52,19700714.0,22149032.0,1414.7812,101.75,26.55,2022,856.45,1.26,0.15,-0.27
2022-03-08,panzhihua,攀枝花,Panzhihua,0.0,22.51,29.27,12.79,8.113707692904574,1.28,20875152.0,23475632.0,1418.2188,101.75,26.55,2022,850.17,1.2,0.68,0.74
2022-03-09,panzhihua,攀枝花,Panzhihua,0.0,22.81,29.18,14.32,8.050023927815596,1.07,21049844.0,23678782.0,1421.8438,101.75,26.55,2022,850.1,0.74,0.52,0.43
2022-03-10,panzhihua,攀枝花,Panzhihua,0.0,23.86,30.32,15.06,8.28817692537478,1.06,21172088.0,23823032.0,1427.9062,101.75,26.55,2022,849.9,0.42,0.48,0.58
2022-03-11,panzhihua,攀枝花,Panzhihua,0.0,24.44,31.43,15.29,8.78972431054648,1.34,21344934.0,24024268.0,1438.4375,101.75,26.55,2022,848.77,-0.49,0.82,0.78
2022-03-12,panzhihua,攀枝花,Panzhihua,0.0,24.47,31.17,15.55,8.656844267507243,1.22,21170548.0,23834800.0,1453.4688,101.75,26.55,2022,849.27,-1.64,0.76,0.59
2022-03-13,panzhihua,攀枝花,Panzhihua,0.0,24.64,31.5,15.95,8.68398601636252,1.12,21540236.0,24257764.0,1471.7188,101.75,26.55,2022,850.3,-1.49,0.62,0.61
2022-03-14,panzhihua,攀枝花,Panzhihua,0.0,23.77,30.42,15.62,7.948024136758772,0.75,21149784.0,23824760.0,1494.0938,101.75,26.55,2022,851.93,-0.0,-0.35,-0.17
2022-03-15,panzhihua,攀枝花,Panzhihua,0.0,24.09,30.83,15.44,8.243393062958928,1.21,20697222.0,23321402.0,1523.1875,101.75,26.55,2022,848.1,2.96,0.83,0.57
2022-03-16,panzhihua,攀枝花,Panzhihua,0.0,24.81,30.87,16.47,8.980750961473968,1.52,21494444.0,24223806.0,1560.2188,101.75,26.55,2022,846.45,2.15,0.83,0.78
2022-03-17,panzhihua,攀枝花,Panzhihua,0.0,24.24,30.07,16.48,7.6770447913771775,0.48,21237462.0,23938204.0,1600.25,101.75,26.55,2022,849.83,3.15,-0.03,-0.05
2022-03-18,panzhihua,攀枝花,Panzhihua,0.0,25.07,32.02,16.95,8.228276643854779,0.58,21987760.0,24787948.0,1633.3125,101.75,26.55,2022,849.36,-0.44,0.14,-0.02
2022-03-19,panzhihua,攀枝花,Panzhihua,0.0,26.36,33.76,16.49,9.368345323807027,1.38,22236568.0,25072516.0,1657.0312,101.75,26.55,2022,844.96,2.7,1.09,0.49
2022-03-20,panzhihua,攀枝花,Panzhihua,0.0,25.5,32.83,19.03,9.200201635326636,1.98,21004038.0,23686862.0,1675.9688,101.75,26.55,2022,844.88,5.59,1.59,0.78
2022-03-21,panzhihua,攀枝花,Panzhihua,0.0,25.66,32.23,18.81,9.796225258481414,2.11,21954890.0,24763268.0,1694.3438,101.75,26.55,2022,847.34,3.57,1.35,1.36
2022-03-22,panzhihua,攀枝花,Panzhihua,0.0,25.42,32.1,14.83,9.45909626195939,1.91,21646194.0,24419370.0,1720.4688,101.75,26.55,2022,849.7,3.6,0.86,0.7
2022-03-23,panzhihua,攀枝花,Panzhihua,0.79,20.79,25.72,14.13,5.814903050736055,1.45,15589394.0,17588250.0,1760.8438,101.75,26.55,2022,850.48,9.53,0.7,-0.88
2022-03-24,panzhihua,攀枝花,Panzhihua,0.07,22.9,29.86,17.45,7.321010260097218,2.12,17553042.0,19808372.0,1815.6562,101.75,26.55,2022,844.69,8.84,1.54,1.2
2022-03-25,panzhihua,攀枝花,Panzhihua,0.0,22.66,29.61,16.38,7.991541632290182,1.97,19675730.0,22207458.0,1886.8125,101.75,26.55,2022,847.32,6.53,1.17,1.09
2022-03-26,panzhihua,攀枝花,Panzhihua,1.71,19.77,24.93,11.84,4.587227887659663,1.29,12359606.0,13953154.0,1976.1562,101.75,26.55,2022,851.37,10.08,-0.03,0.15
2022-03-27,panzhihua,攀枝花,Panzhihua,2.33,12.11,14.23,10.38,1.7422590076840438,0.7,5593810.0,6315412.0,2085.3125,101.75,26.55,2022,858.08,6.38,-0.18,-0.51
2022-03-28,panzhihua,攀枝花,Panzhihua,0.01,18.45,22.66,9.61,5.049726740231018,0.71,15096828.0,17047262.0,2214.875,101.75,26.55,2022,851.97,6.76,0.4,-0.19
2022-03-29,panzhihua,攀枝花,Panzhihua,0.0,22.73,28.99,13.83,6.9495955916397065,1.39,17689542.0,19978602.0,2333.1562,101.75,26.55,2022,849.1,7.73,0.91,0.49
2022-03-30,panzhihua,攀枝花,Panzhihua,1.92,23.87,29.19,15.42,6.1156677107459325,1.23,14771618.0,16686196.0,2423.5,101.75,26.55,2022,851.3,8.72,0.67,0.3
2022-03-31,panzhihua,攀枝花,Panzhihua,18.19,14.09,18.95,8.42,2.7854158311699124,1.63,9639150.0,10891468.0,2495.7812,101.75,26.55,2022,859.29,10.44,-1.03,-1.25
2022-04-01,panzhihua,攀枝花,Panzhihua,5.05,9.58,11.64,7.67,1.2770663425322248,0.71,4684900.0,5293636.0,2553.1875,101.75,26.55,2022,865.26,6.37,-0.51,-0.44
2022-04-02,panzhihua,攀枝花,Panzhihua,1.06,11.79,14.26,7.84,2.5434339171026306,0.48,8992290.0,10162650.0,2608.5312,101.75,26.55,2022,864.34,4.97,0.08,0.03
2022-04-03,panzhihua,攀枝花,Panzhihua,0.0,15.78,18.69,9.8,4.155023267321711,0.67,13263226.0,14992600.0,2654.1562,101.75,26.55,2022,857.51,6.3,-0.11,-0.21
2022-04-04,panzhihua,攀枝花,Panzhihua,3.46,17.23,22.36,11.13,3.3402495799235474,1.15,10020988.0,11330746.0,2716.375,101.75,26.55,2022,856.58,11.19,-0.5,-0.23
2022-04-05,panzhihua,攀枝花,Panzhihua,2.16,11.21,12.65,9.9,1.1480978471159071,0.98,3633856.0,4108926.0,2793.0625,101.75,26.55,2022,861.72,7.85,-0.84,-0.44
2022-04-06,panzhihua,攀枝花,Panzhihua,2.59,11.58,13.5,7.26,1.5578317223006573,0.54,5714472.0,6462092.0,2895.5625,101.75,26.55,2022,862.73,8.81,-0.12,0.12
2022-04-07,panzhihua,攀枝花,Panzhihua,0.04,16.09,21.11,7.39,6.0346568818032384,0.44,20245110.0,22899464.0,3008.6875,101.75,26.55,2022,859.48,6.41,0.18,-0.26
2022-04-08,panzhihua,攀枝花,Panzhihua,2.69,18.03,24.05,12.02,5.228072803909933,0.76,16687936.0,18879130.0,3078.9688,101.75,26.55,2022,853.82,10.93,0.07,-0.57
2022-04-09,panzhihua,攀枝花,Panzhihua,0.66,19.24,24.81,12.44,6.098646698589027,0.53,19227250.0,21755054.0,3083.4375,101.75,26.55,2022,851.75,11.31,0.18,-0.16
2022-04-10,panzhihua,攀枝花,Panzhihua,0.06,21.39,26.92,12.72,6.86069238662567,0.65,20444944.0,23136632.0,3047.1875,101.75,26.55,2022,850.81,11.38,0.33,-0.21
2022-04-11,panzhihua,攀枝花,Panzhihua,2.25,21.9,28.07,16.16,7.240445792073097,1.05,21065304.0,23843304.0,2983.625,101.75,26.55,2022,848.27,12.13,0.88,-0.1
2022-04-12,panzhihua,攀枝花,Panzhihua,0.43,21.02,27.6,13.21,6.702861181173662,0.74,19508630.0,22084196.0,2898.2188,101.75,26.55,2022,849.76,8.45,0.2,-0.57
2022-04-13,panzhihua,攀枝花,Panzhihua,0.01,24.39,30.23,13.51,8.562719630810626,1.05,22955784.0,25990944.0,2817.125,101.75,26.55,2022,847.25,8.98,0.97,-0.0
2022-04-14,panzhihua,攀枝花,Panzhihua,0.22,23.82,28.4,17.82,6.434722686131848,1.23,16610554.0,18810456.0,2748.0312,101.75,26.55,2022,846.96,11.79,0.96,0.31
2022-04-15,panzhihua,攀枝花,Panzhihua,0.03,24.08,30.69,17.58,7.606053673930112,1.63,18607552.0,21075020.0,2677.4375,101.75,26.55,2022,847.53,8.93,1.34,0.66
2022-04-16,panzhihua,攀枝花,Panzhihua,0.12,24.26,29.7,17.77,8.536968034582747,1.82,20754386.0,23502122.0,2629.4688,101.75,26.55,2022,847.94,7.53,1.4,0.8
2022-04-17,panzhihua,攀枝花,Panzhihua,0.13,22.25,29.82,11.33,8.3515278898298,1.95,21869042.0,24759608.0,2622.375,101.75,26.55,2022,850.43,7.88,0.87,0.06
2022-04-18,panzhihua,攀枝花,Panzhihua,7.17,14.54,18.26,11.73,3.683699890662109,1.42,11598300.0,13129798.0,2639.3438,101.75,26.55,2022,857.32,7.35,-0.95,-1.03
2022-04-19,panzhihua,攀枝花,Panzhihua,1.88,16.62,21.01,11.77,3.587378747899834,0.69,11132356.0,12599210.0,2664.7812,101.75,26.55,2022,855.58,8.67,-0.26,-0.25
2022-04-20,panzhihua,攀枝花,Panzhihua,0.0,20.85,25.77,13.29,7.386424678927866,0.73,21855324.0,24730646.0,2697.4062,101.75,26.55,2022,853.12,7.95,0.36,-0.44
2022-04-21,panzhihua,攀枝花,Panzhihua,0.6,21.75,28.12,16.04,7.289817119782997,1.34,20809940.0,23543250.0,2726.4062,101.75,26.55,2022,848.39,11.43,1.02,-0.42
2022-04-22,panzhihua,攀枝花,Panzhihua,0.03,23.46,29.48,16.37,7.311913751267955,1.13,19494598.0,22051564.0,2737.5938,101.75,26.55,2022,849.09,9.8,0.66,-0.53
2022-04-23,panzhihua,攀枝花,Panzhihua,0.03,24.24,29.79,18.24,7.99827380482553,1.49,20787098.0,23509524.0,2713.7812,101.75,26.55,2022,847.94,10.97,1.44,-0.19
2022-04-24,panzhihua,攀枝花,Panzhihua,0.0,25.39,32.5,18.11,9.185249229179226,1.85,22012034.0,24890230.0,2670.0312,101.75,26.55,2022,845.71,7.81,1.32,0.92
2022-04-25,panzhihua,攀枝花,Panzhihua,0.0,25.96,33.02,18.8,10.081754140052617,2.02,23191590.0,26219642.0,2630.7188,101.75,26.55,2022,846.52,4.73,1.26,1.13
2022-04-26,panzhihua,攀枝花,Panzhihua,0.0,26.81,33.72,19.2,10.243903209671204,1.45,24722262.0,27944614.0,2604.0938,101.75,26.55,2022,847.26,4.33,1.11,0.61
2022-04-27,panzhihua,攀枝花,Panzhihua,0.0,27.32,34.73,19.46,10.88855209505962,2.07,24407354.0,27583968.0,2591.25,101.75,26.55,2022,847.55,4.27,1.25,1.45
2022-04-28,panzhihua,攀枝花,Panzhihua,0.0,27.32,32.77,19.89,9.233013105165703,1.01,22721970.0,25674488.0,2582.25,101.75,26.55,2022,850.06,4.36,0.12,0.07
2022-04-29,panzhihua,攀枝花,Panzhihua,0.02,27.55,33.59,20.73,9.946494777669225,1.37,23819390.0,26909740.0,2568.125,101.75,26.55,2022,849.18,5.99,0.86,0.61
2022-04-30,panzhihua,攀枝花,Panzhihua,2.33,24.42,32.12,14.53,8.747611672551997,1.78,21523338.0,24311890.0,2560.0312,101.75,26.55,2022,851.4,7.63,0.26,-0.3
2022-05-01,panzhihua,攀枝花,Panzhihua,13.13,12.19,13.66,10.63,1.2969564874552766,0.96,4233196.0,4780452.0,2593.4688,101.75,26.55,2022,859.01,9.06,-0.69,-0.29
2022-05-02,panzhihua,攀枝花,Panzhihua,1.35,15.4,18.29,10.72,3.203720762765581,0.69,9946996.0,11231296.0,2688.125,101.75,26.55,2022,859.29,6.73,0.1,0.23
2022-05-03,panzhihua,攀枝花,Panzhihua,1.56,15.02,16.86,12.74,2.579904484690557,0.52,8246108.0,9309324.0,2829.4062,101.75,26.55,2022,859.48,7.91,-0.19,0.4
2022-05-04,panzhihua,攀枝花,Panzhihua,1.04,19.71,23.58,14.47,5.564508051699587,0.77,16378832.0,18487280.0,2944.6562,101.75,26.55,2022,855.41,8.42,0.12,0.65
2022-05-05,panzhihua,攀枝花,Panzhihua,11.29,19.33,25.13,14.59,4.873392538940734,0.73,15106900.0,17047924.0,3020.0625,101.75,26.55,2022,853.37,12.63,0.45,0.06
2022-05-06,panzhihua,攀枝花,Panzhihua,0.88,20.51,24.85,15.01,6.012027356736575,0.53,18579984.0,20963976.0,3054.3438,101.75,26.55,2022,852.57,13.14,0.28,0.16
2022-05-07,panzhihua,攀枝花,Panzhihua,4.49,23.24,28.67,17.58,7.688037880428985,0.74,22356640.0,25221208.0,3054.9375,101.75,26.55,2022,851.83,13.39,0.36,0.4
2022-05-08,panzhihua,攀枝花,Panzhihua,2.63,22.77,28.5,17.79,6.636060934017532,0.79,19683300.0,22201398.0,3039.6875,101.75,26.55,2022,849.96,15.73,0.2,0.03
2022-05-09,panzhihua,攀枝花,Panzhihua,2.37,22.74,28.43,17.11,6.0625858611226215,0.6,18047050.0,20352166.0,3042.7188,101.75,26.55,2022,850.85,16.11,-0.47,-0.16
2022-05-10,panzhihua,攀枝花,Panzhihua,0.25,24.03,28.45,18.22,6.475569639937223,0.8,18189368.0,20508500.0,3102.4688,101.75,26.55,2022,848.44,14.73,0.66,0.07
2022-05-11,panzhihua,攀枝花,Panzhihua,9.75,23.66,31.1,19.31,6.743131741471701,0.8,19592088.0,22087392.0,3243.8438,101.75,26.55,2022,848.25,16.17,-0.21,-0.19
2022-05-12,panzhihua,攀枝花,Panzhihua,6.13,21.8,26.28,18.3,4.324607657087573,0.46,12844248.0,14476886.0,3522.5312,101.75,26.55,2022,848.26,15.18,-0.0,0.06
2022-05-13,panzhihua,攀枝花,Panzhihua,2.27,23.5,27.43,18.51,6.244028339510139,0.68,18062248.0,20354430.0,4049.6875,101.75,26.55,2022,846.68,15.53,0.41,-0.36
2022-05-14,panzhihua,攀枝花,Panzhihua,17.26,21.16,27.02,15.77,4.8636600208089735,1.33,14806136.0,16682516.0,4786.8438,101.75,26.55,2022,849.54,16.45,0.18,-0.48
2022-05-15,panzhihua,攀枝花,Panzhihua,3.01,16.4,17.56,15.08,1.3096168922214315,0.69,3986794.0,4490628.0,5576.6562,101.75,26.55,2022,854.79,13.45,-0.24,-0.63
2022-05-16,panzhihua,攀枝花,Panzhihua,3.31,18.71,21.58,15.16,2.275955840326404,0.4,6778680.0,7641518.0,6367.0312,101.75,26.55,2022,854.4,12.33,-0.0,0.02
2022-05-17,panzhihua,攀枝花,Panzhihua,1.01,19.28,21.19,16.51,2.2575872655511726,0.65,6621362.0,7469740.0,7153.4688,101.75,26.55,2022,851.26,14.74,0.05,-0.31
2022-05-18,panzhihua,攀枝花,Panzhihua,0.61,22.58,27.22,17.88,5.191157531579702,1.19,14376494.0,16228336.0,7872.5,101.75,26.55,2022,849.54,14.98,0.83,-0.63
2022-05-19,panzhihua,攀枝花,Panzhihua,1.16,22.84,27.63,18.68,6.295471604911038,0.97,18102028.0,20446960.0,8405.8125,101.75,26.55,2022,850.91,14.82,-0.12,-0.5
2022-05-20,panzhihua,攀枝花,Panzhihua,5.18,21.05,25.02,17.0,4.3331274195271785,1.13,12147788.0,13731728.0,8745.875,101.75,26.55,2022,850.83,13.99,-0.89,-0.66
2022-05-21,panzhihua,攀枝花,Panzhihua,9.79,20.0,24.5,17.33,3.717852530023556,0.9,11620948.0,13143248.0,9016.0,101.75,26.55,2022,847.85,16.39,-0.01,-0.68
2022-05-22,panzhihua,攀枝花,Panzhihua,1.29,20.02,21.37,18.23,2.5313488959677777,0.91,7114538.0,8052612.0,9309.094,101.75,26.55,2022,847.52,15.29,-0.59,-0.63
2022-05-23,panzhihua,攀枝花,Panzhihua,0.8,21.27,23.28,18.88,2.910946885173273,0.45,8424702.0,9541224.0,9572.531,101.75,26.55,2022,849.26,15.28,-0.12,0.17
2022-05-24,panzhihua,攀枝花,Panzhihua,2.9,23.95,28.31,19.18,6.632854016646854,0.72,19285176.0,21856664.0,9753.719,101.75,26.55,2022,849.7,17.31,0.48,-0.09
2022-05-25,panzhihua,攀枝花,Panzhihua,7.31,25.07,29.72,19.49,6.322480152091521,0.82,17772328.0,20156380.0,9870.4375,101.75,26.55,2022,847.39,18.13,0.28,-0.3
2022-05-26,panzhihua,攀枝花,Panzhihua,20.09,22.09,26.17,19.42,3.7764192204806943,0.76,11483072.0,13032752.0,10010.4375,101.75,26.55,2022,847.02,19.1,-0.23,-0.5
2022-05-27,panzhihua,攀枝花,Panzhihua,5.91,22.13,26.33,18.81,4.3686951605241005,0.52,13406670.0,15226016.0,10271.281,101.75,26.55,2022,844.64,19.25,-0.26,-0.25
2022-05-28,panzhihua,攀枝花,Panzhihua,0.88,24.17,28.63,19.29,7.136412330283385,0.7,20951028.0,23809960.0,10708.1875,101.75,26.55,2022,844.28,18.42,0.19,-0.12
2022-05-29,panzhihua,攀枝花,Panzhihua,0.68,25.55,29.59,20.14,8.03783908365094,0.98,22259602.0,25313734.0,11439.531,101.75,26.55,2022,845.95,16.58,0.14,-0.43
2022-05-30,panzhihua,攀枝花,Panzhihua,18.21,22.66,27.22,19.68,5.319941254837457,0.88,15626584.0,17782376.0,12260.219,101.75,26.55,2022,849.65,17.24,-0.24,-0.42
2022-05-31,panzhihua,攀枝花,Panzhihua,13.89,22.6,27.49,18.76,4.88001772397546,0.62,14432438.0,16434864.0,13038.5,101.75,26.55,2022,847.96,17.56,0.24,-0.23
2022-06-01,panzhihua,攀枝花,Panzhihua,1.77,24.17,28.3,19.36,5.74815701730084,0.53,16714910.0,19047560.0,13615.406,101.75,26.55,2022,846.23,18.87,0.21,-0.31
2022-06-02,panzhihua,攀枝花,Panzhihua,5.15,24.98,29.8,20.73,6.4370124034440845,0.85,18198276.0,20752112.0,13985.25,101.75,26.55,2022,844.66,18.66,0.28,-0.2
2022-06-03,panzhihua,攀枝花,Panzhihua,3.09,25.24,29.81,21.73,6.722431355803884,0.71,18991988.0,21671152.0,14199.4375,101.75,26.55,2022,845.08,18.52,0.26,-0.3
2022-06-04,panzhihua,攀枝花,Panzhihua,8.93,24.24,29.38,20.44,5.0831177378402375,0.61,14588564.0,16658588.0,14359.156,101.75,26.55,2022,846.52,19.09,-0.22,0.02
2022-06-05,panzhihua,攀枝花,Panzhihua,27.09,21.85,23.79,20.62,3.092647143191457,0.86,9110012.0,10410524.0,14568.875,101.75,26.55,2022,848.68,18.61,-0.58,-0.55
2022-06-06,panzhihua,攀枝花,Panzhihua,1.69,21.8,23.34,19.73,3.4269033346645577,0.7,9663118.0,11048820.0,14888.75,101.75,26.55,2022,850.35,16.08,-0.48,-0.16
2022-06-07,panzhihua,攀枝花,Panzhihua,4.43,19.5,21.47,17.67,1.9387114166160784,0.47,5595438.0,6402464.0,15230.594,101.75,26.55,2022,851.25,14.85,-0.27,0.25
2022-06-08,panzhihua,攀枝花,Panzhihua,8.94,20.42,22.59,17.39,3.1995839112243147,0.37,9747216.0,11160160.0,15604.875,101.75,26.55,2022,849.3,16.32,-0.06,0.17
2022-06-09,panzhihua,攀枝花,Panzhihua,15.16,21.68,24.63,19.03,3.6636384306449687,0.67,10872614.0,12457612.0,15990.125,101.75,26.55,2022,848.19,17.74,-0.33,-0.51
2022-06-10,panzhihua,攀枝花,Panzhihua,11.35,21.57,25.29,19.36,3.18029232217529,0.75,9268686.0,10627532.0,16444.531000000006,101.75,26.55,2022,848.34,17.63,-0.25,-0.67
2022-06-11,panzhihua,攀枝花,Panzhihua,9.7,21.39,24.87,18.79,3.3795716151914488,0.59,10109188.0,11598432.0,16976.5,101.75,26.55,2022,848.17,17.81,-0.2,-0.27
2022-06-12,panzhihua,攀枝花,Panzhihua,36.35,21.89,26.51,19.62,4.589995648893177,0.53,14185854.0,16286844.0,17519.375,101.75,26.55,2022,848.74,19.79,-0.23,-0.29
2022-06-13,panzhihua,攀枝花,Panzhihua,9.54,20.21,21.89,18.01,2.272093597573587,0.76,6790824.0,7802880.0,17937.468999999994,101.75,26.55,2022,851.73,17.46,-0.61,-0.36
2022-06-14,panzhihua,攀枝花,Panzhihua,7.81,17.68,18.68,17.05,1.5124974084156295,0.42,4745522.0,5455644.0,18327.469,101.75,26.55,2022,854.71,15.27,-0.02,0.37
2022-06-15,panzhihua,攀枝花,Panzhihua,10.6,17.32,18.79,16.15,2.7121482671092862,0.5,8987030.0,10338708.0,18724.125,101.75,26.55,2022,852.69,15.3,-0.29,0.36
2022-06-16,panzhihua,攀枝花,Panzhihua,3.15,20.57,23.44,16.52,4.093520997936022,0.36,12662188.0,14570656.0,18950.625,101.75,26.55,2022,848.66,17.4,-0.1,-0.17
2022-06-17,panzhihua,攀枝花,Panzhihua,0.94,23.04,26.9,18.89,4.775761923918521,0.9,13487188.0,15522300.0,18874.781000000006,101.75,26.55,2022,846.15,17.34,0.71,-0.04
2022-06-18,panzhihua,攀枝花,Panzhihua,0.11,24.79,29.51,19.36,6.464417320859988,1.1,17421460.0,20054784.0,18565.219,101.75,26.55,2022,844.87,16.63,0.77,-0.08
2022-06-19,panzhihua,攀枝花,Panzhihua,0.49,24.76,28.74,20.52,6.575798497847308,0.82,18421460.0,21210000.0,18174.781000000006,101.75,26.55,2022,844.88,17.94,0.36,-0.36
2022-06-20,panzhihua,攀枝花,Panzhihua,0.54,25.84,29.55,20.94,7.28759775775645,0.91,19966956.0,22994192.0,17781.906000000006,101.75,26.55,2022,843.4,18.2,0.59,-0.3
2022-06-21,panzhihua,攀枝花,Panzhihua,0.49,26.13,29.28,21.54,6.362566090757937,0.92,16938000.0,19509856.0,17359.031000000006,101.75,26.55,2022,844.22,18.19,0.52,-0.41
2022-06-22,panzhihua,攀枝花,Panzhihua,6.83,24.48,27.96,20.8,5.074715926016451,0.64,14437450.0,16632336.0,16932.188000000002,101.75,26.55,2022,847.81,19.71,0.28,0.01
2022-06-23,panzhihua,攀枝花,Panzhihua,33.23,21.98,25.59,19.9,3.534595340653448,0.47,10773600.0,12413608.0,16661.938000000002,101.75,26.55,2022,850.19,20.01,0.06,-0.01
2022-06-24,panzhihua,攀枝花,Panzhihua,9.89,22.06,26.11,18.6,5.2156929437866335,0.53,16031556.0,18475096.0,16702.188000000002,101.75,26.55,2022,849.53,19.76,0.31,0.19
2022-06-25,panzhihua,攀枝花,Panzhihua,3.66,23.5,27.2,19.44,5.6014684815687845,0.49,16653542.0,19196712.0,16933.0,101.75,26.55,2022,847.11,20.41,0.13,-0.33
2022-06-26,panzhihua,攀枝花,Panzhihua,1.34,25.4,28.95,20.95,5.623486251810482,1.0,15004056.0,17298800.0,16848.906000000006,101.75,26.55,2022,846.81,18.35,0.68,-0.26
2022-06-27,panzhihua,攀枝花,Panzhihua,40.4,22.0,23.75,20.51,2.748086246396076,0.58,8148352.0,9396724.0,16593.281000000006,101.75,26.55,2022,848.85,19.43,-0.12,-0.08
2022-06-28,panzhihua,攀枝花,Panzhihua,5.99,20.83,23.78,18.8,2.9211638291473765,0.77,8727842.0,10066564.0,16737.625,101.75,26.55,2022,850.03,17.75,-0.27,0.55
2022-06-29,panzhihua,攀枝花,Panzhihua,0.01,21.05,24.41,18.36,3.2023580901048865,0.38,9515668.0,10978080.0,17361.375,101.75,26.55,2022,849.83,16.6,0.19,0.18
2022-06-30,panzhihua,攀枝花,Panzhihua,0.8,24.25,27.74,20.28,6.048174676569072,0.58,17194270.0,19838540.0,17774.561999999998,101.75,26.55,2022,849.07,17.92,0.03,0.49
2022-07-01,panzhihua,攀枝花,Panzhihua,8.88,23.54,26.32,20.39,5.509888668347062,0.63,15760848.0,18187776.0,17860.531000000006,101.75,26.55,2022,849.37,17.54,-0.17,0.42
2022-07-02,panzhihua,攀枝花,Panzhihua,5.89,21.75,24.42,18.66,4.191501371258163,0.51,12712846.0,14673852.0,17975.406000000006,101.75,26.55,2022,848.26,18.84,-0.11,0.14
2022-07-03,panzhihua,攀枝花,Panzhihua,1.57,24.05,27.93,19.24,6.418381868818724,0.55,18522968.0,21384368.0,18116.312,101.75,26.55,2022,847.04,18.44,0.06,-0.19
2022-07-04,panzhihua,攀枝花,Panzhihua,4.84,24.59,28.79,19.69,6.799988165582717,0.48,19672702.0,22715316.0,18071.094,101.75,26.55,2022,846.72,19.86,0.17,-0.07
2022-07-05,panzhihua,攀枝花,Panzhihua,6.4,23.59,29.66,18.7,6.306770623867849,0.51,18754232.0,21659356.0,17774.468999999994,101.75,26.55,2022,849.31,20.4,0.01,0.03
2022-07-06,panzhihua,攀枝花,Panzhihua,0.03,25.43,30.43,19.67,7.835473447137139,0.37,22299326.0,25759776.0,17199.311999999998,101.75,26.55,2022,849.7,19.24,0.06,-0.04
2022-07-07,panzhihua,攀枝花,Panzhihua,2.38,25.88,31.22,20.33,8.304082251444429,0.51,23376348.0,27008288.0,16364.1875,101.75,26.55,2022,848.96,18.96,0.23,-0.2
2022-07-08,panzhihua,攀枝花,Panzhihua,0.42,25.05,28.58,20.51,7.068582630521767,0.44,20078718.0,23203036.0,15400.484,101.75,26.55,2022,849.38,18.62,0.06,-0.02
2022-07-09,panzhihua,攀枝花,Panzhihua,2.22,25.72,29.5,20.68,7.479732350442848,0.72,20723424.0,23952564.0,14459.484,101.75,26.55,2022,848.19,18.25,0.57,-0.14
2022-07-10,panzhihua,攀枝花,Panzhihua,0.96,25.53,29.11,20.96,7.171707821060921,0.62,20164850.0,23310868.0,13627.5,101.75,26.55,2022,848.85,19.29,0.38,0.24
2022-07-11,panzhihua,攀枝花,Panzhihua,0.5,26.92,30.2,22.62,7.764763958297176,1.12,20445082.0,23640166.0,12884.016,101.75,26.55,2022,848.38,18.23,0.95,-0.29
2022-07-12,panzhihua,攀枝花,Panzhihua,1.06,26.78,31.6,21.18,7.881859791845285,0.92,21343194.0,24683082.0,12122.141,101.75,26.55,2022,847.74,19.12,0.8,-0.09
2022-07-13,panzhihua,攀枝花,Panzhihua,0.46,27.3,31.45,21.65,8.028069002561944,0.77,21666726.0,25061684.0,11416.203,101.75,26.55,2022,847.65,19.38,0.57,0.18
2022-07-14,panzhihua,攀枝花,Panzhihua,0.04,28.73,32.45,22.96,8.934267081081238,0.84,23147354.0,26779872.0,10774.297,101.75,26.55,2022,847.96,17.99,0.68,0.06
2022-07-15,panzhihua,攀枝花,Panzhihua,0.09,29.09,32.83,24.64,8.84541981677754,1.0,22099922.0,25572754.0,10228.531,101.75,26.55,2022,847.78,16.64,0.68,0.02
2022-07-16,panzhihua,攀枝花,Panzhihua,0.07,29.41,32.78,25.24,8.455383449283612,0.96,21134572.0,24458040.0,9809.734,101.75,26.55,2022,847.67,17.91,0.67,0.03
2022-07-17,panzhihua,攀枝花,Panzhihua,0.84,28.98,32.46,24.58,7.324424570933372,0.79,18660582.0,21596280.0,9519.828,101.75,26.55,2022,846.88,19.23,0.43,0.28
2022-07-18,panzhihua,攀枝花,Panzhihua,17.13,25.3,30.25,22.56,5.034588082134533,0.58,14149936.0,16377840.0,9370.719,101.75,26.55,2022,845.88,20.87,-0.11,0.25
2022-07-19,panzhihua,攀枝花,Panzhihua,67.01,23.37,27.51,21.07,3.684028388719164,0.44,10869210.0,12580374.0,9736.75,101.75,26.55,2022,847.15,21.09,-0.27,-0.15
2022-07-20,panzhihua,攀枝花,Panzhihua,14.66,20.98,22.15,19.2,1.971098889648109,0.55,5554278.0,6430276.0,10215.203,101.75,26.55,2022,852.52,17.3,-0.09,0.34
2022-07-21,panzhihua,攀枝花,Panzhihua,8.28,21.53,24.44,19.01,3.870507916508612,0.48,11765226.0,13620332.0,10482.641,101.75,26.55,2022,853.92,18.95,-0.11,0.02
2022-07-22,panzhihua,攀枝花,Panzhihua,25.41,23.53,28.13,19.52,6.077664793581143,0.42,17940018.0,20770492.0,10560.6875,101.75,26.55,2022,853.3,20.04,0.09,0.03
2022-07-23,panzhihua,攀枝花,Panzhihua,6.15,22.45,25.46,18.48,4.740973192004309,0.47,14161136.0,16396730.0,10576.016,101.75,26.55,2022,853.03,19.18,-0.03,0.15
2022-07-24,panzhihua,攀枝花,Panzhihua,9.35,22.35,26.22,19.01,5.06286234983666,0.46,15269606.0,17680848.0,10613.25,101.75,26.55,2022,852.33,19.56,-0.05,0.17
2022-07-25,panzhihua,攀枝花,Panzhihua,12.62,22.11,26.8,18.63,5.550727620313604,0.47,16873988.0,19540746.0,10624.859,101.75,26.55,2022,852.77,19.37,0.1,0.24
2022-07-26,panzhihua,攀枝花,Panzhihua,12.13,23.18,28.24,19.18,6.4965017340674125,0.42,19391612.0,22458572.0,10524.656,101.75,26.55,2022,850.97,20.15,-0.2,0.12
2022-07-27,panzhihua,攀枝花,Panzhihua,24.62,21.62,25.33,19.16,4.299242551319154,0.53,13194876.0,15282612.0,10333.422,101.75,26.55,2022,851.98,19.46,-0.04,0.34
2022-07-28,panzhihua,攀枝花,Panzhihua,2.21,23.02,27.53,18.49,6.285986038632838,0.45,18792266.0,21768962.0,10166.234,101.75,26.55,2022,852.43,19.88,0.31,-0.02
2022-07-29,panzhihua,攀枝花,Panzhihua,0.28,25.32,29.11,18.86,7.689843959343152,0.51,21735144.0,25179644.0,10121.094,101.75,26.55,2022,850.36,18.73,0.38,0.04
2022-07-30,panzhihua,攀枝花,Panzhihua,29.09,24.5,29.77,20.03,6.829181864762857,0.59,19710560.0,22835952.0,10118.203,101.75,26.55,2022,849.29,19.71,0.21,-0.05
2022-07-31,panzhihua,攀枝花,Panzhihua,7.87,22.03,25.07,19.26,3.587647658062408,0.43,10667670.0,12359248.0,10168.594,101.75,26.55,2022,850.03,18.87,0.2,0.11
2022-08-01,panzhihua,攀枝花,Panzhihua,25.81,22.26,26.64,19.23,5.208274730596076,0.49,15806592.0,18315286.0,10312.125,101.75,26.55,2022,849.71,19.78,-0.01,-0.1
2022-08-02,panzhihua,攀枝花,Panzhihua,28.0,20.78,23.25,19.41,2.2789781470575825,0.41,7073498.0,8196136.0,10660.4375,101.75,26.55,2022,851.85,19.68,-0.17,-0.13
2022-08-03,panzhihua,攀枝花,Panzhihua,25.36,21.34,23.9,19.35,2.306830754415201,0.3,7003266.0,8116372.0,11224.25,101.75,26.55,2022,851.87,19.77,-0.04,0.0
2022-08-04,panzhihua,攀枝花,Panzhihua,16.55,22.01,26.35,19.62,4.671048885975531,0.46,14275184.0,16545712.0,11582.219,101.75,26.55,2022,851.08,20.11,-0.06,-0.09
2022-08-05,panzhihua,攀枝花,Panzhihua,10.62,22.65,27.69,18.59,5.727879332196324,0.63,17353352.0,20113386.0,11744.094,101.75,26.55,2022,849.94,19.97,0.22,0.02
2022-08-06,panzhihua,攀枝花,Panzhihua,17.12,23.26,27.66,19.23,6.223121505010457,0.46,18418080.0,21350636.0,11835.141,101.75,26.55,2022,849.62,19.53,0.1,0.02
2022-08-07,panzhihua,攀枝花,Panzhihua,11.44,23.68,28.5,19.71,6.631643013378066,0.61,19511844.0,22620110.0,11770.297,101.75,26.55,2022,850.55,19.6,0.13,-0.23
2022-08-08,panzhihua,攀枝花,Panzhihua,0.65,24.83,28.88,19.96,7.025773336519345,0.45,20223808.0,23447322.0,11531.703,101.75,26.55,2022,850.45,20.3,0.26,-0.16
2022-08-09,panzhihua,攀枝花,Panzhihua,12.41,24.1,28.92,18.89,6.908795615473088,0.62,20143320.0,23355612.0,11115.344,101.75,26.55,2022,849.56,19.65,-0.03,-0.11
2022-08-10,panzhihua,攀枝花,Panzhihua,3.97,24.53,28.81,19.56,6.789065366131271,0.39,19559590.0,22681410.0,10659.3125,101.75,26.55,2022,849.78,19.67,0.02,-0.07
2022-08-11,panzhihua,攀枝花,Panzhihua,7.54,25.74,30.36,21.37,7.4088907361311325,0.5,20988604.0,24340124.0,10210.219,101.75,26.55,2022,849.08,20.71,0.17,-0.01
2022-08-12,panzhihua,攀枝花,Panzhihua,2.21,25.25,29.23,21.62,6.336855537015357,0.52,17968402.0,20839108.0,9743.4375,101.75,26.55,2022,850.04,20.36,0.12,-0.19
2022-08-13,panzhihua,攀枝花,Panzhihua,0.73,25.33,29.2,21.09,7.287871765901595,0.55,20615848.0,23911604.0,9263.8125,101.75,26.55,2022,849.61,19.51,0.44,0.01
2022-08-14,panzhihua,攀枝花,Panzhihua,15.47,25.29,29.67,20.75,7.013332795188044,0.46,20016212.0,23218006.0,8798.1875,101.75,26.55,2022,850.18,20.65,0.12,-0.02
2022-08-15,panzhihua,攀枝花,Panzhihua,12.23,23.99,29.02,19.82,6.339764695568124,0.57,18631420.0,21613266.0,8425.796999999999,101.75,26.55,2022,851.07,20.59,-0.12,-0.01
2022-08-16,panzhihua,攀枝花,Panzhihua,2.7,24.94,28.48,20.34,5.963173069686409,0.49,16927928.0,19635952.0,8166.5625,101.75,26.55,2022,850.22,19.96,0.06,0.03
2022-08-17,panzhihua,攀枝花,Panzhihua,7.56,24.89,29.17,19.54,6.9693923438705925,0.6,20018334.0,23220130.0,7904.8125,101.75,26.55,2022,849.28,20.27,0.41,0.03
2022-08-18,panzhihua,攀枝花,Panzhihua,16.35,23.81,28.53,19.58,5.7208022803143885,0.45,16809188.0,19496526.0,7646.453,101.75,26.55,2022,849.74,20.68,-0.09,0.23
2022-08-19,panzhihua,攀枝花,Panzhihua,14.81,24.78,29.47,20.0,6.4188866635872825,0.45,18415312.0,21359112.0,7436.7344,101.75,26.55,2022,850.32,20.24,0.11,0.23
2022-08-20,panzhihua,攀枝花,Panzhihua,11.79,24.88,28.8,20.31,6.571850914016582,0.44,18879864.0,21897210.0,7311.625,101.75,26.55,2022,849.94,20.58,-0.12,-0.08
2022-08-21,panzhihua,攀枝花,Panzhihua,0.35,25.64,29.08,20.91,6.7392428997423135,0.5,18874212.0,21889892.0,7287.953,101.75,26.55,2022,848.68,19.61,0.07,-0.06
2022-08-22,panzhihua,攀枝花,Panzhihua,10.47,25.28,29.51,21.81,6.6890490849698425,0.52,18960940.0,21989428.0,7260.797,101.75,26.55,2022,850.56,20.09,0.17,-0.19
2022-08-23,panzhihua,攀枝花,Panzhihua,6.06,25.09,29.22,21.58,6.462954896635427,0.57,18465152.0,21413490.0,7249.5312,101.75,26.55,2022,852.25,20.63,0.12,0.01
2022-08-24,panzhihua,攀枝花,Panzhihua,19.32,24.62,28.97,20.38,6.590664936665699,0.52,19090448.0,22137784.0,7241.547,101.75,26.55,2022,851.49,20.7,0.07,-0.14
2022-08-25,panzhihua,攀枝花,Panzhihua,10.08,24.47,28.9,20.56,6.319153399785563,0.52,18253716.0,21166678.0,7217.797,101.75,26.55,2022,850.37,20.2,-0.11,0.09
2022-08-26,panzhihua,攀枝花,Panzhihua,20.35,24.17,28.17,20.73,6.214660769598369,0.53,18209770.0,21115178.0,7244.4844,101.75,26.55,2022,850.38,20.88,0.1,-0.24
2022-08-27,panzhihua,攀枝花,Panzhihua,0.32,23.71,26.86,20.07,5.1231622558444165,0.72,14513828.0,16828752.0,7280.203,101.75,26.55,2022,851.19,18.34,0.48,-0.23
2022-08-28,panzhihua,攀枝花,Panzhihua,0.52,25.01,28.15,20.72,5.7206296066989735,0.69,15915046.0,18452632.0,7176.5938,101.75,26.55,2022,850.56,19.16,0.5,-0.21
2022-08-29,panzhihua,攀枝花,Panzhihua,5.15,24.59,28.6,21.54,5.064644923690594,0.67,14208862.0,16473988.0,6948.8125,101.75,26.55,2022,852.09,19.53,0.27,-0.22
2022-08-30,panzhihua,攀枝花,Panzhihua,10.37,23.51,27.72,20.14,4.559666435215611,0.58,13327664.0,15450916.0,6855.0938,101.75,26.55,2022,852.49,20.23,0.03,-0.2
2022-08-31,panzhihua,攀枝花,Panzhihua,27.83,20.59,22.92,18.22,2.7999329578636734,1.19,8409736.0,9748998.0,7200.2812,101.75,26.55,2022,853.7,18.01,-0.82,-0.63
2022-09-01,panzhihua,攀枝花,Panzhihua,8.77,19.51,20.62,18.46,1.6367731557073382,0.53,4723246.0,5475288.0,7929.297,101.75,26.55,2022,856.71,16.29,-0.38,-0.09
2022-09-02,panzhihua,攀枝花,Panzhihua,4.49,20.93,22.83,19.37,2.003954826479409,0.68,5663200.0,6564642.0,8563.969000000001,101.75,26.55,2022,853.62,17.7,-0.55,-0.07
2022-09-03,panzhihua,攀枝花,Panzhihua,15.95,20.98,25.08,18.28,3.333087615558045,0.97,10011650.0,11605140.0,9112.219,101.75,26.55,2022,852.58,18.0,-0.54,-0.76
2022-09-04,panzhihua,攀枝花,Panzhihua,0.45,18.55,19.79,17.63,1.358474380209324,0.66,3696484.0,4284614.0,9700.109,101.75,26.55,2022,856.29,14.96,-0.49,0.11
2022-09-05,panzhihua,攀枝花,Panzhihua,0.0,19.25,21.24,17.46,2.9494573031472884,0.61,8453844.0,9798430.0,10204.469,101.75,26.55,2022,857.51,12.93,-0.25,0.32
2022-09-06,panzhihua,攀枝花,Panzhihua,0.0,20.8,23.52,17.53,3.21918270654418,0.57,8982184.0,10410732.0,10706.6875,101.75,26.55,2022,858.36,13.83,-0.22,0.38
2022-09-07,panzhihua,攀枝花,Panzhihua,0.0,22.85,25.57,20.07,4.723324509861879,0.49,13317968.0,15435264.0,11199.625,101.75,26.55,2022,858.85,15.3,-0.15,0.26
2022-09-08,panzhihua,攀枝花,Panzhihua,0.9,23.2,26.11,19.93,5.368799988738941,0.37,15421154.0,17872544.0,11530.969,101.75,26.55,2022,858.84,16.2,0.14,-0.02
2022-09-09,panzhihua,攀枝花,Panzhihua,6.23,21.95,25.54,18.99,5.4470471759672,0.53,16215936.0,18792364.0,11660.1875,101.75,26.55,2022,858.72,17.07,-0.15,0.05
2022-09-10,panzhihua,攀枝花,Panzhihua,6.18,20.07,22.59,18.13,3.0488255911695323,0.42,9295336.0,10771626.0,11846.281,101.75,26.55,2022,857.65,16.73,0.06,0.27
2022-09-11,panzhihua,攀枝花,Panzhihua,16.05,20.26,24.39,17.14,4.540366319198129,0.46,14176740.0,16428288.0,12161.391,101.75,26.55,2022,855.42,17.54,0.04,-0.23
2022-09-12,panzhihua,攀枝花,Panzhihua,11.71,20.29,24.47,16.73,4.777740910302327,0.44,14902504.0,17268464.0,12335.875,101.75,26.55,2022,854.45,17.42,0.24,-0.01
2022-09-13,panzhihua,攀枝花,Panzhihua,1.93,21.97,25.61,17.06,5.478078589338046,0.44,16426442.0,19033550.0,12186.141,101.75,26.55,2022,854.15,17.74,0.15,-0.24
2022-09-14,panzhihua,攀枝花,Panzhihua,11.81,21.85,26.14,18.75,4.563078476042493,0.58,13842552.0,16038656.0,11774.609,101.75,26.55,2022,852.64,19.0,0.04,0.17
2022-09-15,panzhihua,攀枝花,Panzhihua,5.49,20.51,23.29,18.74,2.701465513036409,0.46,8416042.0,9751334.0,11348.531,101.75,26.55,2022,850.81,19.05,-0.03,-0.13
2022-09-16,panzhihua,攀枝花,Panzhihua,5.83,21.8,26.06,19.08,3.631727867357653,0.43,10982918.0,12719724.0,11101.844,101.75,26.55,2022,849.75,19.44,0.12,-0.2
2022-09-17,panzhihua,攀枝花,Panzhihua,1.67,22.67,25.93,19.81,4.702479943731612,0.41,13955356.0,16154880.0,10974.047,101.75,26.55,2022,852.26,19.19,-0.02,0.07
2022-09-18,panzhihua,攀枝花,Panzhihua,4.25,24.05,27.86,20.07,5.677394709779319,0.48,16332902.0,18899132.0,10761.875,101.75,26.55,2022,852.35,18.95,0.1,-0.13
2022-09-19,panzhihua,攀枝花,Panzhihua,20.98,22.68,27.4,19.26,4.826212802059368,0.6,14502996.0,16774460.0,10438.453,101.75,26.55,2022,852.95,19.89,-0.21,0.39
2022-09-20,panzhihua,攀枝花,Panzhihua,26.65,20.34,23.47,18.7,2.6726009870936847,0.5,8411576.0,9724696.0,10188.875,101.75,26.55,2022,854.53,19.04,-0.01,-0.26
2022-09-21,panzhihua,攀枝花,Panzhihua,5.23,21.25,24.95,18.45,4.356015865086317,0.39,13322764.0,15396368.0,10071.516,101.75,26.55,2022,854.36,18.36,-0.04,-0.15
2022-09-22,panzhihua,攀枝花,Panzhihua,15.98,21.22,25.17,18.3,3.963820787608083,0.64,12209526.0,14103864.0,10054.023,101.75,26.55,2022,855.01,18.73,-0.3,-0.4
2022-09-23,panzhihua,攀枝花,Panzhihua,10.03,18.5,19.37,17.66,1.5686940054915646,0.85,4549425.5,5252781.0,10253.039,101.75,26.55,2022,855.86,15.79,-0.7,-0.44
2022-09-24,panzhihua,攀枝花,Panzhihua,22.35,19.47,23.57,17.58,2.640411056390859,0.48,8416490.0,9713756.0,10734.945,101.75,26.55,2022,854.64,17.96,-0.28,-0.18
2022-09-25,panzhihua,攀枝花,Panzhihua,14.7,19.34,22.37,17.57,2.803385165455398,0.55,9057068.0,10448633.0,11405.547,101.75,26.55,2022,855.71,18.06,-0.41,-0.1
2022-09-26,panzhihua,攀枝花,Panzhihua,9.78,20.81,24.9,17.07,4.209953936927467,0.46,13078559.0,15081849.0,12016.852,101.75,26.55,2022,853.59,18.34,0.01,-0.1
2022-09-27,panzhihua,攀枝花,Panzhihua,31.55,20.9,25.14,17.39,4.376821489138497,0.62,13658222.0,15743179.0,12391.641,101.75,26.55,2022,853.61,18.42,-0.03,-0.23
2022-09-28,panzhihua,攀枝花,Panzhihua,3.72,18.97,20.85,17.27,2.419252934295972,0.97,7113473.0,8195715.0,12639.055,101.75,26.55,2022,855.53,15.38,-0.74,-0.53
2022-09-29,panzhihua,攀枝花,Panzhihua,0.1,21.59,25.15,16.87,4.694598375681457,0.32,14052045.0,16183849.0,12800.094,101.75,26.55,2022,854.59,16.16,-0.07,-0.03
2022-09-30,panzhihua,攀枝花,Panzhihua,1.05,22.3,25.78,17.85,5.244849809607159,0.54,15492467.0,17834308.0,12785.328,101.75,26.55,2022,853.7,16.94,0.35,-0.24
2022-10-01,panzhihua,攀枝花,Panzhihua,3.41,22.11,26.59,17.82,4.88367177711562,0.45,14707722.0,16924188.0,12505.406,101.75,26.55,2022,852.88,18.38,0.24,-0.06
2022-10-02,panzhihua,攀枝花,Panzhihua,7.54,21.85,26.17,17.84,4.769881961011773,0.57,14531513.0,16714298.0,12173.805,101.75,26.55,2022,854.09,18.66,0.43,-0.06
2022-10-03,panzhihua,攀枝花,Panzhihua,18.45,21.42,25.1,18.3,4.123835228481092,0.45,12719766.0,14624926.0,11864.109,101.75,26.55,2022,856.41,19.11,-0.12,-0.08
2022-10-04,panzhihua,攀枝花,Panzhihua,6.92,21.36,25.13,18.39,3.7704548921747887,0.42,11567100.0,13293685.0,11556.203,101.75,26.55,2022,856.91,18.82,0.06,-0.09
2022-10-05,panzhihua,攀枝花,Panzhihua,1.0,22.56,26.1,18.31,4.635122923600648,0.72,13640290.0,15669675.0,11256.852,101.75,26.55,2022,855.04,18.17,0.43,-0.3
2022-10-06,panzhihua,攀枝花,Panzhihua,4.48,22.43,26.15,17.52,4.719133391200173,0.79,13801311.0,15845918.0,10953.281,101.75,26.55,2022,855.64,17.56,0.29,-0.46
2022-10-07,panzhihua,攀枝花,Panzhihua,6.98,20.55,23.82,17.36,3.2927680753765785,0.65,10166382.0,11667948.0,10737.664,101.75,26.55,2022,855.17,17.79,-0.07,-0.56
2022-10-08,panzhihua,攀枝花,Panzhihua,9.2,22.06,25.93,17.49,4.5188285101505565,1.16,13108459.0,15036904.0,10629.727,101.75,26.55,2022,855.16,17.28,0.38,-0.58
2022-10-09,panzhihua,攀枝花,Panzhihua,5.57,14.85,16.66,13.41,1.0070839441206487,1.0,2909177.2,3336312.5,10564.836,101.75,26.55,2022,863.34,12.41,-0.36,-0.88
2022-10-10,panzhihua,攀枝花,Panzhihua,0.39,14.93,15.97,13.43,1.0436539421026283,0.55,3001176.0,3440042.0,10604.484,101.75,26.55,2022,861.24,11.06,-0.2,-0.38
2022-10-11,panzhihua,攀枝花,Panzhihua,0.54,17.41,18.72,14.95,1.7346210486898834,0.37,5284178.0,6053780.0,10747.625,101.75,26.55,2022,857.57,12.87,-0.11,-0.12
2022-10-12,panzhihua,攀枝花,Panzhihua,0.83,20.4,23.22,17.25,3.0096676698906064,0.53,8920842.0,10216224.0,10833.703,101.75,26.55,2022,855.48,15.68,0.08,-0.41
2022-10-13,panzhihua,攀枝花,Panzhihua,4.09,20.44,23.61,17.37,3.351667615305268,0.97,9885290.0,11314512.0,10748.164,101.75,26.55,2022,855.85,16.21,-0.12,-0.79
2022-10-14,panzhihua,攀枝花,Panzhihua,3.13,16.48,17.4,15.3,1.0418553416354974,1.09,2762372.0,3160008.0,10583.961,101.75,26.55,2022,857.71,13.85,-0.71,-0.81
2022-10-15,panzhihua,攀枝花,Panzhihua,0.89,16.23,17.7,14.91,1.288644598293805,0.92,3709992.0,4244724.0,10381.641,101.75,26.55,2022,859.29,13.28,-0.63,-0.64
2022-10-16,panzhihua,攀枝花,Panzhihua,0.09,16.04,16.93,14.96,1.2629184998449905,0.63,3517234.0,4021420.0,10118.977,101.75,26.55,2022,862.49,11.7,-0.34,-0.1
2022-10-17,panzhihua,攀枝花,Panzhihua,0.0,16.0,17.54,13.65,1.541690877587904,0.45,4482256.0,5120604.0,9786.594,101.75,26.55,2022,862.49,9.97,-0.13,-0.0
2022-10-18,panzhihua,攀枝花,Panzhihua,0.01,17.4,20.1,13.69,3.4959366716188707,0.46,10935476.0,12483324.0,9478.383,101.75,26.55,2022,860.54,10.22,-0.0,0.11
2022-10-19,panzhihua,攀枝花,Panzhihua,0.0,17.82,21.55,14.04,4.589765996503449,0.41,14673122.0,16739828.0,9154.484,101.75,26.55,2022,858.25,10.82,0.17,-0.18
2022-10-20,panzhihua,攀枝花,Panzhihua,0.0,18.59,23.12,13.25,4.882502584132285,0.37,15555782.0,17733688.0,8768.492,101.75,26.55,2022,858.46,12.41,0.08,-0.23
2022-10-21,panzhihua,攀枝花,Panzhihua,4.5,20.09,24.55,13.5,5.1089371650431135,0.27,15952100.0,18173372.0,8333.101999999999,101.75,26.55,2022,860.61,14.46,0.02,-0.07
2022-10-22,panzhihua,攀枝花,Panzhihua,7.71,19.03,23.08,15.5,3.530562650029709,0.35,11379252.0,12954468.0,7885.4766,101.75,26.55,2022,861.63,16.4,-0.0,-0.03
2022-10-23,panzhihua,攀枝花,Panzhihua,4.2,18.66,23.01,15.02,3.0863639770875286,0.38,9998924.0,11375308.0,7465.883000000002,101.75,26.55,2022,859.86,16.15,0.09,-0.19
2022-10-24,panzhihua,攀枝花,Panzhihua,8.05,17.82,21.56,15.09,2.9328418284846447,0.4,9825284.0,11168608.0,7097.9140000000025,101.75,26.55,2022,858.23,16.35,-0.03,-0.23
2022-10-25,panzhihua,攀枝花,Panzhihua,2.73,19.16,22.01,15.2,2.6855308992486298,0.54,8460810.0,9612956.0,6793.2419999999975,101.75,26.55,2022,856.5,16.18,0.02,0.02
2022-10-26,panzhihua,攀枝花,Panzhihua,0.83,17.77,20.57,14.56,1.452089515289374,0.56,4686632.0,5319168.0,6528.8594,101.75,26.55,2022,856.65,16.08,0.34,-0.23
2022-10-27,panzhihua,攀枝花,Panzhihua,0.96,18.62,23.17,14.75,3.875549058869167,0.71,12305830.0,13960484.0,6292.4766,101.75,26.55,2022,856.88,14.12,0.33,-0.18
2022-10-28,panzhihua,攀枝花,Panzhihua,0.94,18.6,23.05,14.46,4.28555812428883,0.58,13653656.0,15478544.0,6133.8906,101.75,26.55,2022,856.83,13.44,0.12,-0.19
2022-10-29,panzhihua,攀枝花,Panzhihua,0.93,18.38,23.12,14.36,4.280190856148712,0.62,13721896.0,15545028.0,6042.0390000000025,101.75,26.55,2022,857.19,13.35,-0.02,-0.15
2022-10-30,panzhihua,攀枝花,Panzhihua,2.13,16.67,20.76,12.68,3.120550193598281,0.5,10501172.0,11888352.0,5923.047,101.75,26.55,2022,858.85,13.49,-0.07,-0.39
2022-10-31,panzhihua,攀枝花,Panzhihua,0.63,17.21,20.55,13.3,3.1422473893546794,0.38,10261078.0,11610320.0,5738.7419999999975,101.75,26.55,2022,860.81,12.57,-0.2,0.02
2022-11-01,panzhihua,攀枝花,Panzhihua,0.01,17.19,21.04,12.03,3.4038984149051497,0.43,11103384.0,12554396.0,5497.164000000002,101.75,26.55,2022,857.54,12.15,0.2,-0.12
2022-11-02,panzhihua,攀枝花,Panzhihua,0.01,16.92,22.07,11.45,4.376717405857032,0.48,14586522.0,16481788.0,5215.2656,101.75,26.55,2022,854.83,11.75,-0.18,-0.21
2022-11-03,panzhihua,攀枝花,Panzhihua,0.0,17.46,21.86,10.97,3.717542661662869,0.41,12103670.0,13667816.0,4915.3438,101.75,26.55,2022,856.54,12.03,-0.1,-0.06
2022-11-04,panzhihua,攀枝花,Panzhihua,2.0,18.02,21.37,14.23,3.46449024807162,0.64,10765088.0,12147684.0,4624.4688,101.75,26.55,2022,858.48,11.9,0.14,-0.29
2022-11-05,panzhihua,攀枝花,Panzhihua,1.07,15.49,19.69,9.32,3.4481251755658464,0.39,11926936.0,13449596.0,4390.4453,101.75,26.55,2022,859.62,11.61,0.13,-0.07
2022-11-06,panzhihua,攀枝花,Panzhihua,0.06,15.14,20.06,9.37,3.441098810618549,0.42,11968170.0,13485472.0,4242.6953,101.75,26.55,2022,858.09,10.99,-0.0,-0.19
2022-11-07,panzhihua,攀枝花,Panzhihua,0.04,15.9,20.7,9.73,3.878426781509416,0.44,13195426.0,14859972.0,4112.883,101.75,26.55,2022,856.48,10.79,0.07,-0.2
2022-11-08,panzhihua,攀枝花,Panzhihua,0.01,15.98,21.09,10.64,3.814504333777239,0.41,12938406.0,14560384.0,3945.9219,101.75,26.55,2022,857.17,10.72,-0.01,-0.14
2022-11-09,panzhihua,攀枝花,Panzhihua,0.0,16.33,21.66,10.6,4.1922094759103,0.56,14085276.0,15840736.0,3764.3984,101.75,26.55,2022,857.06,10.72,-0.03,-0.16
2022-11-10,panzhihua,攀枝花,Panzhihua,0.0,16.65,22.08,11.41,4.647831559048306,0.56,15461720.0,17376884.0,3581.7344,101.75,26.55,2022,856.05,10.05,0.13,-0.24
2022-11-11,panzhihua,攀枝花,Panzhihua,0.0,16.97,22.64,11.42,4.7926141094005015,0.62,15625774.0,17549584.0,3403.4922,101.75,26.55,2022,855.51,9.21,0.18,-0.23
2022-11-12,panzhihua,攀枝花,Panzhihua,0.0,16.97,22.42,11.67,4.645756210276956,0.54,15243976.0,17109332.0,3237.914,101.75,26.55,2022,855.3,9.61,0.08,-0.17
2022-11-13,panzhihua,攀枝花,Panzhihua,0.0,17.44,23.08,11.79,4.464918103172923,0.7,14213926.0,15942644.0,3090.2031,101.75,26.55,2022,855.87,9.73,0.29,0.04
2022-11-14,panzhihua,攀枝花,Panzhihua,0.0,16.73,22.13,11.38,4.562158862537494,0.62,14916110.0,16719020.0,2961.7344,101.75,26.55,2022,855.97,9.02,0.2,-0.11
2022-11-15,panzhihua,攀枝花,Panzhihua,0.0,16.56,22.12,10.86,4.7466211216415495,0.72,15294534.0,17131676.0,2852.5,101.75,26.55,2022,854.27,7.44,0.41,-0.02
2022-11-16,panzhihua,攀枝花,Panzhihua,0.0,16.47,22.57,10.36,4.768823499074028,0.69,15357102.0,17198148.0,2760.6172,101.75,26.55,2022,853.56,6.82,0.32,-0.03
2022-11-17,panzhihua,攀枝花,Panzhihua,0.0,16.59,22.27,10.37,4.8049119180060265,0.79,14937260.0,16724472.0,2682.375,101.75,26.55,2022,853.79,5.04,0.49,0.16
2022-11-18,panzhihua,攀枝花,Panzhihua,0.0,15.41,21.29,9.93,4.6163751609620896,0.53,15370808.0,17206248.0,2615.3594,101.75,26.55,2022,856.99,5.26,-0.08,-0.15
2022-11-19,panzhihua,攀枝花,Panzhihua,0.0,14.95,20.52,9.59,4.478510513542106,0.4,15219152.0,17032920.0,2558.3828,101.75,26.55,2022,857.43,4.67,0.01,-0.15
2022-11-20,panzhihua,攀枝花,Panzhihua,0.0,15.01,20.8,9.43,4.560201394303858,0.55,15237858.0,17050260.0,2509.789,101.75,26.55,2022,853.79,4.42,0.11,-0.14
2022-11-21,panzhihua,攀枝花,Panzhihua,0.0,15.61,21.59,9.62,4.468695823645909,0.51,14890222.0,16657744.0,2467.2656,101.75,26.55,2022,853.29,6.27,-0.14,-0.19
2022-11-22,panzhihua,攀枝花,Panzhihua,0.0,15.64,21.18,10.56,4.070068545713959,0.56,13616866.0,15230308.0,2429.2266,101.75,26.55,2022,854.95,8.14,-0.29,-0.18
2022-11-23,panzhihua,攀枝花,Panzhihua,0.0,16.16,21.99,10.32,4.334902204942599,0.58,14349458.0,16046140.0,2394.5312,101.75,26.55,2022,854.7,8.37,-0.11,-0.18
2022-11-24,panzhihua,攀枝花,Panzhihua,0.0,16.14,22.02,10.84,4.405397412102499,0.56,14515750.0,16228632.0,2362.8984,101.75,26.55,2022,855.61,7.57,-0.0,-0.16
2022-11-25,panzhihua,攀枝花,Panzhihua,0.0,16.16,22.06,10.63,4.30672883254293,0.38,14401894.0,16097896.0,2336.0312,101.75,26.55,2022,857.13,7.84,-0.01,0.02
2022-11-26,panzhihua,攀枝花,Panzhihua,0.0,16.07,22.13,10.34,4.414091685416161,0.57,14416376.0,16110720.0,2314.7344,101.75,26.55,2022,852.51,6.52,0.14,-0.07
2022-11-27,panzhihua,攀枝花,Panzhihua,0.0,17.0,23.09,9.82,4.744507756198082,0.72,14544350.0,16250272.0,2295.9688,101.75,26.55,2022,849.93,4.42,0.5,0.06
2022-11-28,panzhihua,攀枝花,Panzhihua,0.0,16.99,23.25,10.76,4.651509425161029,0.66,14428406.0,16117364.0,2275.6172,101.75,26.55,2022,851.89,5.01,0.4,-0.07
2022-11-29,panzhihua,攀枝花,Panzhihua,0.0,16.57,22.59,10.68,4.4062143810274,0.57,14211582.0,15871804.0,2253.375,101.75,26.55,2022,854.11,7.0,0.02,-0.15
2022-11-30,panzhihua,攀枝花,Panzhihua,0.0,17.57,23.81,11.25,4.547805306791617,0.62,14135328.0,15783388.0,2230.625,101.75,26.55,2022,854.52,6.98,0.33,-0.09
2022-12-01,panzhihua,攀枝花,Panzhihua,0.0,17.73,23.99,11.35,4.28611331018688,0.77,12952384.0,14459348.0,2208.211,101.75,26.55,2022,853.97,7.67,0.39,0.1
2022-12-02,panzhihua,攀枝花,Panzhihua,0.0,15.93,21.37,10.75,3.825339084520919,0.6,12395726.0,13834948.0,2186.6328,101.75,26.55,2022,854.01,7.3,-0.01,-0.07
2022-12-03,panzhihua,攀枝花,Panzhihua,0.0,15.75,21.43,10.28,4.330728638701266,0.65,14003898.0,15626728.0,2165.5312,101.75,26.55,2022,853.69,5.46,0.21,-0.1
2022-12-04,panzhihua,攀枝花,Panzhihua,0.0,15.51,21.84,7.25,4.368861738593068,0.83,13770922.0,15363652.0,2144.664,101.75,26.55,2022,855.45,4.34,0.11,-0.38
2022-12-05,panzhihua,攀枝花,Panzhihua,0.0,12.22,17.58,6.38,3.8749060765340335,0.6,13861098.0,15460984.0,2124.3906,101.75,26.55,2022,856.76,2.88,-0.12,-0.49
2022-12-06,panzhihua,攀枝花,Panzhihua,0.0,15.26,21.5,7.65,4.239546429268985,0.59,13887726.0,15487348.0,2104.711,101.75,26.55,2022,853.05,4.52,0.3,-0.13
2022-12-07,panzhihua,攀枝花,Panzhihua,0.0,14.67,20.29,9.44,3.9464564323322975,0.6,13119500.0,14627496.0,2085.586,101.75,26.55,2022,853.93,4.9,-0.03,-0.1
2022-12-08,panzhihua,攀枝花,Panzhihua,0.0,14.39,20.1,9.11,4.045883260854011,0.52,13686476.0,15256604.0,2066.8594,101.75,26.55,2022,854.49,4.27,0.04,-0.14
2022-12-09,panzhihua,攀枝花,Panzhihua,0.0,14.2,19.88,9.13,4.058850686732341,0.52,13799060.0,15378828.0,2048.3906,101.75,26.55,2022,853.62,3.99,0.08,-0.16
2022-12-10,panzhihua,攀枝花,Panzhihua,0.0,14.11,19.61,8.83,3.9646112980294657,0.48,13448026.0,14984668.0,2030.3047,101.75,26.55,2022,853.82,3.14,-0.07,-0.29
2022-12-11,panzhihua,攀枝花,Panzhihua,0.0,13.73,19.53,8.46,3.951410457288648,0.7,13484334.0,15021636.0,2012.7188,101.75,26.55,2022,854.19,4.66,-0.04,-0.43
2022-12-12,panzhihua,攀枝花,Panzhihua,0.0,11.91,15.55,8.46,2.2082891920208243,0.68,7520262.0,8375252.0,1996.0234,101.75,26.55,2022,856.98,5.44,0.09,-0.52
2022-12-13,panzhihua,攀枝花,Panzhihua,0.13,10.8,14.69,7.54,1.85522769443319,0.66,6824612.0,7598804.0,1980.1016,101.75,26.55,2022,855.88,6.59,-0.43,-0.34
2022-12-14,panzhihua,攀枝花,Panzhihua,0.39,8.42,10.41,6.24,0.9309848637931996,0.65,3318866.0,3694068.0,1965.0312,101.75,26.55,2022,856.83,4.9,-0.35,-0.44
2022-12-15,panzhihua,攀枝花,Panzhihua,0.03,11.83,17.2,6.29,2.3360512934678246,0.69,8527338.0,9490428.0,1951.2266,101.75,26.55,2022,852.14,7.33,-0.26,-0.39
2022-12-16,panzhihua,攀枝花,Panzhihua,1.2,12.22,17.54,6.57,2.7263538533762537,1.07,9183728.0,10222124.0,1937.7812,101.75,26.55,2022,857.11,5.74,-0.35,-0.9
2022-12-17,panzhihua,攀枝花,Panzhihua,1.24,5.85,7.64,4.26,1.0223565252444111,0.9,3369950.0,3751560.0,1925.4219,101.75,26.55,2022,866.07,0.49,-0.04,-0.85
2022-12-18,panzhihua,攀枝花,Panzhihua,0.01,7.67,9.91,4.37,1.5297452499360031,0.47,5894038.0,6561752.0,1918.9609,101.75,26.55,2022,860.33,1.56,0.04,-0.28
2022-12-19,panzhihua,攀枝花,Panzhihua,0.0,9.05,12.82,5.09,1.9655664111725408,0.43,7636470.0,8500448.0,1914.5781,101.75,26.55,2022,854.7,3.38,-0.07,-0.34
2022-12-20,panzhihua,攀枝花,Panzhihua,0.5,10.74,15.74,4.72,2.450009131791308,0.86,8721272.0,9708016.0,1905.6094,101.75,26.55,2022,855.74,4.43,-0.35,-0.75
2022-12-21,panzhihua,攀枝花,Panzhihua,0.35,8.15,10.07,6.31,0.9296842409931294,0.55,3333618.0,3710772.0,1895.1562,101.75,26.55,2022,856.21,4.14,-0.14,-0.38
2022-12-22,panzhihua,攀枝花,Panzhihua,0.07,9.63,13.09,7.01,1.2048421625045742,0.48,4452032.0,4955128.0,1886.3516,101.75,26.55,2022,854.12,5.79,-0.16,-0.32
2022-12-23,panzhihua,攀枝花,Panzhihua,0.05,10.9,15.45,6.47,2.21555234633866,0.61,8311664.0,9251096.0,1876.0312,101.75,26.55,2022,855.23,6.41,-0.38,-0.38
2022-12-24,panzhihua,攀枝花,Panzhihua,0.03,11.06,15.74,6.25,2.513577489895842,0.54,9428872.0,10495004.0,1867.0938,101.75,26.55,2022,855.26,5.87,-0.14,-0.34
2022-12-25,panzhihua,攀枝花,Panzhihua,0.69,14.38,19.98,7.75,3.1750240494665785,0.95,10004780.0,11136620.0,1860.3047,101.75,26.55,2022,854.33,6.27,0.78,0.03
2022-12-26,panzhihua,攀枝花,Panzhihua,0.18,14.03,19.36,9.18,3.647407799089976,0.86,11931302.0,13280556.0,1851.3359,101.75,26.55,2022,854.93,4.96,0.58,0.21
2022-12-27,panzhihua,攀枝花,Panzhihua,6.03,9.73,16.23,3.86,2.3800418046743848,1.03,9409884.0,10474480.0,1845.1328,101.75,26.55,2022,855.87,5.8,-0.62,-0.3
2022-12-28,panzhihua,攀枝花,Panzhihua,1.28,5.33,8.47,3.0,1.140134995484887,0.95,4747268.0,5297552.0,1852.8906,101.75,26.55,2022,859.55,2.07,-0.51,-0.76
2022-12-29,panzhihua,攀枝花,Panzhihua,0.26,7.61,11.37,4.07,1.6683596167023378,0.77,6551016.0,7304296.0,1869.8281,101.75,26.55,2022,860.89,2.98,-0.42,-0.56
2022-12-30,panzhihua,攀枝花,Panzhihua,0.89,9.57,11.96,5.01,1.593302884177557,0.5,6027998.0,6716120.0,1869.3125,101.75,26.55,2022,860.22,5.17,0.11,-0.4
2022-12-31,panzhihua,攀枝花,Panzhihua,4.49,10.19,13.98,7.46,2.136501765099604,0.45,8600812.0,9578696.0,1859.5156,101.75,26.55,2022,858.47,7.77,0.13,-0.2
2023-01-01,panzhihua,攀枝花,Panzhihua,0.74,11.11,15.4,7.29,2.590089451759445,0.63,10013282.0,11148172.0,1859.3828,101.75,26.55,2023,858.98,7.4,0.08,-0.37
2023-01-02,panzhihua,攀枝花,Panzhihua,0.07,11.25,15.9,7.62,2.4669649441280823,0.86,8886882.0,9892384.0,1866.5859,101.75,26.55,2023,859.81,5.82,0.18,-0.43
2023-01-03,panzhihua,攀枝花,Panzhihua,0.18,11.74,16.72,7.06,2.977352535643244,0.79,10849562.0,12077036.0,1863.6406,101.75,26.55,2023,858.16,5.85,0.31,-0.27
2023-01-04,panzhihua,攀枝花,Panzhihua,0.0,12.19,18.12,6.57,3.434510944836928,0.58,12588096.0,14012604.0,1850.7969,101.75,26.55,2023,857.61,5.61,0.13,-0.38
2023-01-05,panzhihua,攀枝花,Panzhihua,0.0,12.7,18.6,7.25,3.8583644348573993,0.58,14025176.0,15612248.0,1829.8203,101.75,26.55,2023,860.78,5.63,-0.15,-0.44
2023-01-06,panzhihua,攀枝花,Panzhihua,0.0,11.43,14.77,7.24,2.211801222988216,0.61,7466390.0,8311760.0,1804.3516,101.75,26.55,2023,864.72,3.43,-0.02,-0.17
2023-01-07,panzhihua,攀枝花,Panzhihua,0.0,11.76,17.37,5.63,3.677308571643697,0.47,13695156.0,15245248.0,1778.2344,101.75,26.55,2023,858.52,4.36,0.14,-0.24
2023-01-08,panzhihua,攀枝花,Panzhihua,0.0,12.3,18.18,6.76,3.826329054096825,0.48,14019120.0,15605544.0,1751.5,101.75,26.55,2023,857.93,4.5,0.02,-0.21
2023-01-09,panzhihua,攀枝花,Panzhihua,0.0,12.45,18.2,7.04,3.840071111573848,0.37,14156216.0,15758160.0,1726.2188,101.75,26.55,2023,859.03,5.06,0.02,-0.14
2023-01-10,panzhihua,攀枝花,Panzhihua,0.0,12.73,18.29,7.06,3.604692552087808,0.5,12977202.0,14445912.0,1703.2031,101.75,26.55,2023,856.16,5.15,0.05,-0.19
2023-01-11,panzhihua,攀枝花,Panzhihua,0.01,13.69,19.49,7.49,3.979097783904985,0.82,13126508.0,14611880.0,1681.1562,101.75,26.55,2023,852.19,3.02,0.59,0.1
2023-01-12,panzhihua,攀枝花,Panzhihua,0.0,14.03,19.54,7.0,4.4704717118977895,0.94,14626422.0,16281664.0,1659.8438,101.75,26.55,2023,849.83,2.68,0.7,0.13
2023-01-13,panzhihua,攀枝花,Panzhihua,0.0,15.07,20.64,8.85,5.077864621369377,1.54,14561102.0,16208976.0,1640.1875,101.75,26.55,2023,849.18,0.4,1.11,0.56
2023-01-14,panzhihua,攀枝花,Panzhihua,0.0,14.73,19.99,8.52,4.3305343969969865,0.98,13345840.0,14856436.0,1622.7188,101.75,26.55,2023,849.48,1.92,0.65,-0.17
2023-01-15,panzhihua,攀枝花,Panzhihua,0.0,9.26,16.02,3.78,3.266067375197923,1.51,11236200.0,12508728.0,1607.4688,101.75,26.55,2023,852.84,-0.49,-0.81,-1.19
2023-01-16,panzhihua,攀枝花,Panzhihua,0.0,10.61,16.0,3.49,3.69208843210141,0.85,13288508.0,14794744.0,1593.5,101.75,26.55,2023,852.51,0.17,-0.06,-0.58
2023-01-17,panzhihua,攀枝花,Panzhihua,0.0,11.97,19.13,1.92,4.28591550978578,0.98,14392114.0,16025732.0,1580.2812,101.75,26.55,2023,854.26,-1.33,-0.05,-0.29
2023-01-18,panzhihua,攀枝花,Panzhihua,0.02,9.89,15.36,1.79,3.3721331317551084,0.84,12373520.0,13779212.0,1566.3906,101.75,26.55,2023,854.97,0.24,-0.06,-0.56
2023-01-19,panzhihua,攀枝花,Panzhihua,0.0,12.79,18.58,6.58,4.193768147188457,0.75,14317054.0,15946256.0,1551.375,101.75,26.55,2023,854.78,1.07,0.3,-0.15
2023-01-20,panzhihua,攀枝花,Panzhihua,0.0,14.5,19.83,7.68,4.850122447471676,1.21,14493440.0,16144948.0,1535.2031,101.75,26.55,2023,853.03,-0.88,0.89,0.22
2023-01-21,panzhihua,攀枝花,Panzhihua,0.0,15.39,21.77,8.7,5.517817905959827,1.67,15541182.0,17314500.0,1518.5156,101.75,26.55,2023,850.19,-0.6,1.42,0.4
2023-01-22,panzhihua,攀枝花,Panzhihua,0.0,15.94,22.29,9.01,5.45896483847036,1.22,15757618.0,17558096.0,1502.1094,101.75,26.55,2023,850.81,-1.38,1.1,-0.0
2023-01-23,panzhihua,攀枝花,Panzhihua,0.0,12.78,21.63,3.19,4.814755804632888,1.1,15809810.0,17618728.0,1486.9062,101.75,26.55,2023,854.87,-1.34,-0.07,-0.81
2023-01-24,panzhihua,攀枝花,Panzhihua,0.0,7.01,11.09,3.49,2.2539243923867054,0.75,8538234.0,9515952.0,1473.625,101.75,26.55,2023,860.48,-2.15,-0.01,-0.62
2023-01-25,panzhihua,攀枝花,Panzhihua,0.0,11.64,18.29,3.38,4.276519443395954,0.6,15743538.0,17549904.0,1460.3906,101.75,26.55,2023,852.08,2.0,0.04,-0.35
2023-01-26,panzhihua,攀枝花,Panzhihua,0.0,14.91,23.84,3.06,5.019001531269527,0.95,15889064.0,17714492.0,1445.9688,101.75,26.55,2023,852.03,1.26,0.05,-0.59
2023-01-27,panzhihua,攀枝花,Panzhihua,0.0,7.24,9.67,3.13,1.9664623348327124,1.03,6329182.0,7056616.0,1432.7656,101.75,26.55,2023,860.2,-2.65,-0.43,-0.86
2023-01-28,panzhihua,攀枝花,Panzhihua,0.0,8.94,11.93,5.81,2.10555628738125,0.49,7818380.0,8719452.0,1422.2344,101.75,26.55,2023,859.12,0.67,-0.3,-0.22
2023-01-29,panzhihua,攀枝花,Panzhihua,0.0,10.56,15.41,5.72,3.162336162512565,0.34,11940030.0,13317360.0,1413.875,101.75,26.55,2023,861.0,1.29,0.08,-0.14
2023-01-30,panzhihua,攀枝花,Panzhihua,0.0,12.72,18.96,5.69,4.474096744972568,0.46,16128466.0,17991284.0,1406.1562,101.75,26.55,2023,855.13,2.66,-0.02,-0.25
2023-01-31,panzhihua,攀枝花,Panzhihua,0.0,16.51,24.15,7.32,5.088829092567506,0.59,16313764.0,18200472.0,1397.8125,101.75,26.55,2023,850.08,4.02,0.25,-0.12
2023-02-01,panzhihua,攀枝花,Panzhihua,0.0,20.23,27.27,10.06,6.232640448434728,1.2,16252962.0,18135164.0,1389.3281,101.75,26.55,2023,850.4,1.49,0.97,0.37
2023-02-02,panzhihua,攀枝花,Panzhihua,0.0,18.23,23.19,11.83,3.4085595971945297,0.67,9094084.0,10147380.0,1386.0781,101.75,26.55,2023,853.34,3.12,0.51,-0.22
2023-02-03,panzhihua,攀枝花,Panzhihua,0.0,17.91,24.1,10.95,5.887265508602396,0.95,16781242.0,18729844.0,1393.25,101.75,26.55,2023,852.55,-1.43,0.6,0.34
2023-02-04,panzhihua,攀枝花,Panzhihua,0.0,17.9,24.13,10.22,6.091792286673354,1.1,16883208.0,18846224.0,1410.5312,101.75,26.55,2023,850.81,-2.89,0.76,0.31
2023-02-05,panzhihua,攀枝花,Panzhihua,0.0,17.95,23.45,10.98,5.601156144951887,1.27,14881860.0,16614264.0,1431.2188,101.75,26.55,2023,850.26,-0.39,0.79,0.61
2023-02-06,panzhihua,攀枝花,Panzhihua,0.0,17.85,23.75,10.76,5.977099671672617,1.09,16950460.0,18926632.0,1445.7969,101.75,26.55,2023,849.9,-0.08,0.74,0.37
2023-02-07,panzhihua,攀枝花,Panzhihua,0.01,17.67,23.25,10.85,5.740641431997252,1.27,15532294.0,17345398.0,1449.875,101.75,26.55,2023,850.15,-0.8,0.79,0.7
2023-02-08,panzhihua,攀枝花,Panzhihua,0.0,16.74,22.04,10.19,5.643426969289769,1.47,15077848.0,16840316.0,1444.5781,101.75,26.55,2023,850.95,-1.76,0.82,0.82
2023-02-09,panzhihua,攀枝花,Panzhihua,0.0,16.76,22.28,9.54,5.360188874407531,1.11,15104484.0,16872554.0,1433.375,101.75,26.55,2023,851.87,-1.08,0.63,0.48
2023-02-10,panzhihua,攀枝花,Panzhihua,0.0,17.42,22.95,11.04,5.847272579553831,1.58,15303614.0,17097332.0,1419.1094,101.75,26.55,2023,849.63,-0.58,1.0,0.44
2023-02-11,panzhihua,攀枝花,Panzhihua,0.0,17.94,24.37,11.85,6.478605728613568,1.7,17543898.0,19602838.0,1402.6719,101.75,26.55,2023,847.89,1.25,1.41,0.4
2023-02-12,panzhihua,攀枝花,Panzhihua,0.0,17.87,24.79,11.94,6.530012965503539,1.78,17570840.0,19635684.0,1384.0625,101.75,26.55,2023,849.26,1.07,1.6,0.19
2023-02-13,panzhihua,攀枝花,Panzhihua,0.0,18.26,24.22,7.73,6.250182603440421,1.43,16713436.0,18680400.0,1364.0469,101.75,26.55,2023,852.32,-0.15,0.9,0.13
2023-02-14,panzhihua,攀枝花,Panzhihua,0.0,14.32,20.42,6.66,5.418134640441575,0.75,18001930.0,20122992.0,1344.2969,101.75,26.55,2023,855.75,-0.08,-0.35,-0.53
2023-02-15,panzhihua,攀枝花,Panzhihua,0.01,19.1,25.3,9.53,5.910715686986803,0.95,16520178.0,18469276.0,1325.875,101.75,26.55,2023,854.53,1.46,0.63,0.1
2023-02-16,panzhihua,攀枝花,Panzhihua,0.12,18.9,24.91,11.95,5.970673956434733,1.18,16427714.0,18370736.0,1308.9375,101.75,26.55,2023,855.39,2.57,0.96,0.17
2023-02-17,panzhihua,攀枝花,Panzhihua,0.0,18.46,24.64,11.19,5.944379934171076,0.9,17020878.0,19039592.0,1292.8125,101.75,26.55,2023,854.15,0.46,0.5,0.32
2023-02-18,panzhihua,攀枝花,Panzhihua,0.36,18.62,24.98,11.07,6.225441842087956,0.85,18379718.0,20565382.0,1277.5938,101.75,26.55,2023,854.82,2.61,-0.02,-0.38
2023-02-19,panzhihua,攀枝花,Panzhihua,0.01,15.77,20.71,10.77,3.4788387643240584,0.97,10195698.0,11411006.0,1264.5938,101.75,26.55,2023,856.56,5.86,0.17,-0.78
2023-02-20,panzhihua,攀枝花,Panzhihua,0.07,18.96,25.23,10.39,5.5841833891467,1.17,15252556.0,17076244.0,1252.8906,101.75,26.55,2023,853.34,3.92,0.69,0.35
2023-02-21,panzhihua,攀枝花,Panzhihua,0.03,19.29,25.13,12.45,5.56946516256988,1.18,15128238.0,16941684.0,1241.25,101.75,26.55,2023,853.71,4.73,0.82,0.29
2023-02-22,panzhihua,攀枝花,Panzhihua,0.37,19.15,25.59,12.76,5.927111623714695,1.69,15452518.0,17309450.0,1230.4688,101.75,26.55,2023,852.16,5.03,1.26,0.72
2023-02-23,panzhihua,攀枝花,Panzhihua,0.0,19.23,25.29,12.17,6.353030508587303,1.62,16740206.0,18756748.0,1221.3125,101.75,26.55,2023,852.55,3.64,0.9,0.85
2023-02-24,panzhihua,攀枝花,Panzhihua,0.54,11.57,17.01,7.51,3.936984886225114,1.66,13646540.0,15296008.0,1215.5781,101.75,26.55,2023,861.0,3.4,-1.31,-0.96
2023-02-25,panzhihua,攀枝花,Panzhihua,0.03,12.63,15.7,7.55,2.505094525429109,0.89,7623628.0,8547310.0,1215.9375,101.75,26.55,2023,864.49,3.74,-0.71,-0.31
2023-02-26,panzhihua,攀枝花,Panzhihua,0.21,15.4,19.42,11.82,3.1107765759589774,0.76,9239116.0,10361144.0,1224.3438,101.75,26.55,2023,861.71,5.23,0.51,-0.24
2023-02-27,panzhihua,攀枝花,Panzhihua,0.35,15.68,22.18,10.07,4.642645800386092,1.31,14509318.0,16275816.0,1235.7188,101.75,26.55,2023,858.11,6.52,1.21,-0.19
2023-02-28,panzhihua,攀枝花,Panzhihua,0.04,17.49,23.95,9.81,5.819583420689184,1.44,16128394.0,18096938.0,1245.0,101.75,26.55,2023,857.27,2.17,1.05,0.46
2023-03-01,panzhihua,攀枝花,Panzhihua,0.0,18.46,24.03,11.15,6.262118904152199,0.67,18824832.0,21128438.0,1251.5938,101.75,26.55,2023,858.37,1.22,0.12,-0.33
2023-03-02,panzhihua,攀枝花,Panzhihua,0.0,19.12,25.34,10.15,6.4194364579889855,1.2,17125710.0,19226738.0,1257.0312,101.75,26.55,2023,857.27,-1.16,0.33,0.2
2023-03-03,panzhihua,攀枝花,Panzhihua,3.4,16.59,22.2,8.9,6.192480934482749,0.95,19364362.0,21746482.0,1259.875,101.75,26.55,2023,860.78,2.58,-0.19,-0.66
2023-03-04,panzhihua,攀枝花,Panzhihua,0.27,16.88,22.41,10.91,5.050472764292222,0.72,15773554.0,17718438.0,1256.8125,101.75,26.55,2023,859.41,5.14,-0.05,-0.45
2023-03-05,panzhihua,攀枝花,Panzhihua,0.62,18.32,23.81,12.09,5.363413359509787,0.72,16092266.0,18082138.0,1248.3438,101.75,26.55,2023,856.25,5.21,0.21,-0.33
2023-03-06,panzhihua,攀枝花,Panzhihua,0.0,21.2,26.78,12.51,6.921133230363562,1.08,18648892.0,20960230.0,1236.0312,101.75,26.55,2023,853.94,3.56,0.64,0.36
2023-03-07,panzhihua,攀枝花,Panzhihua,0.01,21.69,27.99,13.99,7.6427520088480545,1.45,19386116.0,21795132.0,1221.9062,101.75,26.55,2023,853.99,1.56,0.87,0.77
2023-03-08,panzhihua,攀枝花,Panzhihua,0.0,19.79,25.28,13.29,6.563522894310879,0.97,18680508.0,21007676.0,1207.8125,101.75,26.55,2023,858.03,4.04,-0.57,-0.7
2023-03-09,panzhihua,攀枝花,Panzhihua,0.0,21.87,27.69,13.3,6.866661540892896,1.09,17818222.0,20043884.0,1196.375,101.75,26.55,2023,854.82,2.54,0.78,0.31
2023-03-10,panzhihua,攀枝花,Panzhihua,0.0,23.26,29.39,14.09,9.060679588938108,1.87,21137182.0,23783718.0,1189.0625,101.75,26.55,2023,852.37,-1.8,0.82,1.39
2023-03-11,panzhihua,攀枝花,Panzhihua,0.0,22.28,28.64,15.43,7.604321563171406,0.91,20256308.0,22798960.0,1186.3125,101.75,26.55,2023,855.17,-0.47,-0.22,-0.37
2023-03-12,panzhihua,攀枝花,Panzhihua,1.45,15.81,20.54,10.16,4.01818848087438,1.79,10682258.0,12026557.0,1187.1875,101.75,26.55,2023,861.34,5.61,-0.84,-1.52
2023-03-13,panzhihua,攀枝花,Panzhihua,0.22,15.97,20.52,9.65,4.476552294297576,0.77,13874541.0,15624270.0,1192.3125,101.75,26.55,2023,857.27,4.22,0.42,-0.07
2023-03-14,panzhihua,攀枝花,Panzhihua,0.07,19.63,25.28,12.37,6.704238393436341,1.0,19276586.0,21714660.0,1209.25,101.75,26.55,2023,851.58,4.54,0.48,-0.03
2023-03-15,panzhihua,攀枝花,Panzhihua,0.56,21.02,27.85,13.3,7.503674971049664,1.43,20067592.0,22612152.0,1225.4062,101.75,26.55,2023,851.81,4.43,1.03,0.59
2023-03-16,panzhihua,攀枝花,Panzhihua,0.01,20.67,26.24,13.79,7.772293004385638,1.56,20623818.0,23242632.0,1230.4375,101.75,26.55,2023,852.92,2.83,1.06,0.68
2023-03-17,panzhihua,攀枝花,Panzhihua,0.01,21.65,27.62,13.32,7.979733216101048,1.4,20653632.0,23280016.0,1225.8125,101.75,26.55,2023,852.04,1.28,1.06,0.59
2023-03-18,panzhihua,攀枝花,Panzhihua,0.15,21.89,27.86,15.4,7.609279036799807,1.57,19488976.0,21970824.0,1218.5625,101.75,26.55,2023,850.55,4.88,1.14,0.7
2023-03-19,panzhihua,攀枝花,Panzhihua,0.0,22.22,28.68,15.12,7.76418081677591,1.92,18763070.0,21156320.0,1210.8438,101.75,26.55,2023,849.14,4.58,1.22,1.04
2023-03-20,panzhihua,攀枝花,Panzhihua,0.01,21.17,26.86,15.03,6.497390515944357,2.22,14719723.0,16599134.0,1200.4062,101.75,26.55,2023,848.16,5.88,1.52,1.23
2023-03-21,panzhihua,攀枝花,Panzhihua,0.06,20.43,26.85,14.39,7.4854838928810175,2.11,18905552.0,21323772.0,1186.4375,101.75,26.55,2023,847.26,4.27,1.44,1.17
2023-03-22,panzhihua,攀枝花,Panzhihua,0.02,20.19,26.98,13.89,6.874081700749258,1.77,17722776.0,19993076.0,1170.9375,101.75,26.55,2023,846.76,4.69,1.28,0.83
2023-03-23,panzhihua,攀枝花,Panzhihua,0.06,20.16,25.87,13.66,7.775743824493003,1.88,20002248.0,22568508.0,1156.1875,101.75,26.55,2023,847.75,1.74,1.27,1.08
2023-03-24,panzhihua,攀枝花,Panzhihua,0.01,21.27,26.89,13.96,8.22425852718786,1.55,21425054.0,24177416.0,1144.875,101.75,26.55,2023,849.81,1.44,1.0,0.93
2023-03-25,panzhihua,攀枝花,Panzhihua,0.01,21.99,27.58,14.04,8.075596027861652,1.02,21931866.0,24753800.0,1140.6875,101.75,26.55,2023,850.22,2.03,0.44,0.02
2023-03-26,panzhihua,攀枝花,Panzhihua,0.0,22.01,27.83,14.87,7.665264818089668,1.66,18834544.0,21261240.0,1144.3125,101.75,26.55,2023,849.07,2.97,0.93,0.65
2023-03-27,panzhihua,攀枝花,Panzhihua,0.1,21.33,27.07,13.27,6.9971848558172685,1.23,18642124.0,21047890.0,1151.9375,101.75,26.55,2023,850.98,5.1,0.48,0.35
2023-03-28,panzhihua,攀枝花,Panzhihua,0.2,21.12,27.58,14.59,7.339050158953329,1.59,19038972.0,21498092.0,1159.375,101.75,26.55,2023,851.48,4.72,1.25,0.58
2023-03-29,panzhihua,攀枝花,Panzhihua,0.03,21.71,27.36,14.2,7.945494088949418,1.41,20309934.0,22937680.0,1165.8125,101.75,26.55,2023,850.59,0.71,0.9,0.89
2023-03-30,panzhihua,攀枝花,Panzhihua,0.0,22.14,28.01,14.32,8.648672761705544,1.42,22324790.0,25217694.0,1171.9688,101.75,26.55,2023,848.84,0.22,0.74,0.78
2023-03-31,panzhihua,攀枝花,Panzhihua,0.0,22.52,28.33,15.64,8.633794321824508,1.63,21669868.0,24482314.0,1177.75,101.75,26.55,2023,849.68,1.87,1.06,0.7
2023-04-01,panzhihua,攀枝花,Panzhihua,0.0,23.07,29.91,15.81,8.927728142259364,1.99,21770988.0,24600696.0,1181.375,101.75,26.55,2023,847.72,3.99,1.38,1.12
2023-04-02,panzhihua,攀枝花,Panzhihua,0.02,21.67,28.39,15.37,8.414405749378457,2.45,20847360.0,23560744.0,1180.7188,101.75,26.55,2023,846.13,5.57,1.72,1.39
2023-04-03,panzhihua,攀枝花,Panzhihua,0.05,21.44,28.67,15.14,8.686241827214058,2.32,21336290.0,24117624.0,1177.0312,101.75,26.55,2023,846.35,2.72,1.5,1.53
2023-04-04,panzhihua,攀枝花,Panzhihua,0.0,22.31,29.07,15.1,9.13274268594417,1.76,23559794.0,26634876.0,1169.4375,101.75,26.55,2023,847.29,3.07,1.15,0.89
2023-04-05,panzhihua,攀枝花,Panzhihua,0.0,23.05,30.32,15.83,8.344078074026385,1.91,20024324.0,22641822.0,1157.25,101.75,26.55,2023,849.27,4.43,1.12,1.21
2023-04-06,panzhihua,攀枝花,Panzhihua,0.0,22.98,28.47,16.13,7.5857915181430755,1.64,18137570.0,20511654.0,1142.8125,101.75,26.55,2023,851.85,4.35,1.07,0.86
2023-04-07,panzhihua,攀枝花,Panzhihua,0.0,24.64,31.24,16.08,9.957754607185656,1.66,24150172.0,27315944.0,1129.3125,101.75,26.55,2023,852.6,0.84,1.12,0.6
2023-04-08,panzhihua,攀枝花,Panzhihua,0.0,24.61,30.76,14.64,9.453970874877491,1.09,24211526.0,27390056.0,1121.1875,101.75,26.55,2023,853.64,-0.21,0.29,-0.26
2023-04-09,panzhihua,攀枝花,Panzhihua,0.0,26.32,33.17,18.47,10.668595609270854,1.93,24206680.0,27388944.0,1117.4062,101.75,26.55,2023,850.65,0.71,1.17,1.26
2023-04-10,panzhihua,攀枝花,Panzhihua,0.0,26.19,33.43,18.5,10.76299205478878,2.26,23720286.0,26843062.0,1112.5938,101.75,26.55,2023,849.92,1.54,1.13,1.82
2023-04-11,panzhihua,攀枝花,Panzhihua,0.0,26.53,32.4,19.11,10.185492717877604,1.5,24051952.0,27222870.0,1107.0312,101.75,26.55,2023,850.47,1.43,0.85,0.95
2023-04-12,panzhihua,攀枝花,Panzhihua,0.0,26.59,32.65,18.95,10.339508740898324,1.77,23582708.0,26696506.0,1106.1562,101.75,26.55,2023,849.2,1.54,1.01,1.19
2023-04-13,panzhihua,攀枝花,Panzhihua,0.0,26.82,33.13,19.05,10.72158791786021,1.78,24549444.0,27795248.0,1115.5312,101.75,26.55,2023,848.88,1.16,1.14,0.99
2023-04-14,panzhihua,攀枝花,Panzhihua,0.17,25.65,32.22,18.84,9.091308259904604,1.04,23368788.0,26463198.0,1136.5625,101.75,26.55,2023,852.23,6.19,-0.34,-0.27
2023-04-15,panzhihua,攀枝花,Panzhihua,0.1,24.91,30.61,18.78,7.99482070821218,0.65,21682958.0,24557950.0,1164.6562,101.75,26.55,2023,854.15,7.87,-0.04,-0.15
2023-04-16,panzhihua,攀枝花,Panzhihua,0.09,27.27,34.0,19.66,9.699091111846007,1.69,22154062.0,25086924.0,1197.875,101.75,26.55,2023,848.0,6.1,1.21,0.97
2023-04-17,panzhihua,攀枝花,Panzhihua,0.0,27.94,35.22,21.11,11.20945274836626,2.37,23903414.0,27062980.0,1240.2812,101.75,26.55,2023,847.34,4.35,1.2,1.95
2023-04-18,panzhihua,攀枝花,Panzhihua,0.0,28.11,33.85,20.44,10.03281592269251,1.17,24190968.0,27383702.0,1289.625,101.75,26.55,2023,848.82,4.93,0.08,0.31
2023-04-19,panzhihua,攀枝花,Panzhihua,0.4,27.84,34.33,20.48,9.807898875236218,1.21,23781618.0,26915566.0,1340.5,101.75,26.55,2023,845.97,6.6,0.68,0.78
2023-04-20,panzhihua,攀枝花,Panzhihua,0.0,27.47,34.12,20.33,10.78687640587872,2.14,23626928.0,26735254.0,1395.3438,101.75,26.55,2023,844.4,4.08,1.15,1.68
2023-04-21,panzhihua,攀枝花,Panzhihua,0.0,26.49,32.98,19.61,10.465348378578229,2.21,23456500.0,26537930.0,1462.9375,101.75,26.55,2023,845.6,4.89,1.37,1.56
2023-04-22,panzhihua,攀枝花,Panzhihua,0.46,25.7,32.76,18.99,9.257255803233486,1.89,21884788.0,24755322.0,1544.875,101.75,26.55,2023,847.42,7.87,1.35,0.84
2023-04-23,panzhihua,攀枝花,Panzhihua,0.02,26.06,32.16,19.3,9.674941580368609,1.74,22888194.0,25885702.0,1634.9688,101.75,26.55,2023,850.74,6.0,1.21,0.98
2023-04-24,panzhihua,攀枝花,Panzhihua,0.0,25.89,31.89,18.34,10.104897920769126,2.02,23066016.0,26081632.0,1731.3438,101.75,26.55,2023,851.94,3.71,1.18,1.18
2023-04-25,panzhihua,攀枝花,Panzhihua,0.72,23.08,27.95,16.26,8.2020060719887,1.4,21241344.0,24014668.0,1840.0938,101.75,26.55,2023,853.53,5.94,-0.09,-1.29
2023-04-26,panzhihua,攀枝花,Panzhihua,0.02,24.89,31.36,18.21,9.289467485518797,1.88,22147998.0,25034554.0,1966.0,101.75,26.55,2023,849.68,5.78,1.36,0.83
2023-04-27,panzhihua,攀枝花,Panzhihua,0.0,26.42,32.6,18.98,10.706245970724396,2.27,23714708.0,26801004.0,2106.5312,101.75,26.55,2023,848.92,3.17,1.27,1.73
2023-04-28,panzhihua,攀枝花,Panzhihua,0.21,25.05,31.1,15.73,9.087990594506316,1.76,21912348.0,24759878.0,2250.7188,101.75,26.55,2023,851.3,6.7,0.53,0.63
2023-04-29,panzhihua,攀枝花,Panzhihua,0.5,20.55,25.83,15.85,5.787413624250076,1.37,15366556.0,17361426.0,2374.9375,101.75,26.55,2023,854.26,8.16,-0.65,-0.97
2023-04-30,panzhihua,攀枝花,Panzhihua,0.82,21.5,26.38,16.81,5.465807903608658,0.67,15577960.0,17596146.0,2463.25,101.75,26.55,2023,852.21,10.17,0.16,-0.41
2023-05-01,panzhihua,攀枝花,Panzhihua,0.02,24.75,31.06,18.19,8.486633005093921,1.88,20449286.0,23094218.0,2520.2812,101.75,26.55,2023,849.63,8.76,1.41,0.89
2023-05-02,panzhihua,攀枝花,Panzhihua,0.0,25.26,31.48,18.82,8.442158440233138,2.2,18792852.0,21219982.0,2553.25,101.75,26.55,2023,849.45,8.19,1.43,1.4
2023-05-03,panzhihua,攀枝花,Panzhihua,0.0,26.37,33.26,19.23,10.549440001524989,2.47,23574974.0,26614458.0,2561.8125,101.75,26.55,2023,848.17,6.19,1.47,1.77
2023-05-04,panzhihua,攀枝花,Panzhihua,0.0,28.21,35.47,20.45,10.496921853808258,2.27,22070524.0,24910998.0,2534.8125,101.75,26.55,2023,846.29,5.79,1.07,1.85
2023-05-05,panzhihua,攀枝花,Panzhihua,0.01,28.07,35.45,21.02,11.066871164210957,2.24,24649268.0,27817180.0,2475.875,101.75,26.55,2023,844.61,7.3,1.26,1.67
2023-05-06,panzhihua,攀枝花,Panzhihua,0.0,28.37,34.93,20.96,11.060237232815057,1.93,24608758.0,27765968.0,2403.25,101.75,26.55,2023,845.68,4.45,1.07,1.33
2023-05-07,panzhihua,攀枝花,Panzhihua,0.0,28.74,34.51,21.43,10.060659123247715,1.07,24163690.0,27259376.0,2333.75,101.75,26.55,2023,847.36,3.37,0.47,0.23
2023-05-08,panzhihua,攀枝花,Panzhihua,0.01,28.77,35.75,20.56,10.843821598229267,1.77,23787292.0,26830012.0,2276.7812,101.75,26.55,2023,848.03,2.45,0.91,1.08
2023-05-09,panzhihua,攀枝花,Panzhihua,0.0,29.22,35.11,21.51,11.34339050366374,2.05,23748216.0,26780976.0,2238.3125,101.75,26.55,2023,847.74,1.19,0.74,1.75
2023-05-10,panzhihua,攀枝花,Panzhihua,0.0,27.95,34.49,18.99,9.93902116877518,1.95,21653152.0,24413840.0,2217.375,101.75,26.55,2023,850.25,6.18,1.16,0.43
2023-05-11,panzhihua,攀枝花,Panzhihua,0.29,24.82,31.76,17.73,8.262601259503649,1.37,20915788.0,23578432.0,2205.4062,101.75,26.55,2023,853.89,8.65,-0.0,-0.9
2023-05-12,panzhihua,攀枝花,Panzhihua,15.0,22.02,27.6,16.64,6.2241726748394095,1.35,17070668.0,19240812.0,2206.1875,101.75,26.55,2023,856.09,11.87,-0.35,-1.02
2023-05-13,panzhihua,攀枝花,Panzhihua,2.02,18.78,22.1,15.85,2.7787888407147285,0.59,8214248.0,9256292.0,2214.6562,101.75,26.55,2023,857.62,12.4,-0.17,0.2
2023-05-14,panzhihua,攀枝花,Panzhihua,4.36,16.34,20.4,12.63,2.662743870404357,0.93,7930516.0,8934860.0,2234.625,101.75,26.55,2023,857.01,10.21,0.19,0.8
2023-05-15,panzhihua,攀枝花,Panzhihua,1.95,14.93,16.58,12.33,1.51778715606586,0.47,5051230.0,5690624.0,2268.7188,101.75,26.55,2023,851.99,11.87,0.15,0.25
2023-05-16,panzhihua,攀枝花,Panzhihua,0.04,21.44,26.38,13.36,5.42007161173938,0.7,15708364.0,17707632.0,2325.5312,101.75,26.55,2023,849.79,11.79,0.23,-0.03
2023-05-17,panzhihua,攀枝花,Panzhihua,0.0,24.93,29.7,18.2,7.802667925462071,1.1,20546942.0,23177472.0,2395.1562,101.75,26.55,2023,850.28,11.1,0.68,-0.15
2023-05-18,panzhihua,攀枝花,Panzhihua,0.04,25.73,30.6,19.51,7.761897238480057,1.06,20335410.0,22954208.0,2458.5938,101.75,26.55,2023,849.95,12.68,0.7,-0.28
2023-05-19,panzhihua,攀枝花,Panzhihua,0.01,26.79,32.44,20.5,8.910633997320428,1.25,22750692.0,25698112.0,2554.7188,101.75,26.55,2023,848.29,12.3,1.07,-0.23
2023-05-20,panzhihua,攀枝花,Panzhihua,0.01,26.96,33.66,20.96,9.636846325393464,1.79,23322588.0,26361268.0,2688.4375,101.75,26.55,2023,847.54,11.06,1.61,0.32
2023-05-21,panzhihua,攀枝花,Panzhihua,0.0,28.53,35.48,20.83,11.33839372948974,1.88,26127564.0,29551600.0,2759.3438,101.75,26.55,2023,848.73,7.22,1.34,0.66
2023-05-22,panzhihua,攀枝花,Panzhihua,0.0,28.76,35.6,22.44,10.946767415664112,1.76,25024326.0,28322964.0,2796.375,101.75,26.55,2023,849.13,7.15,1.51,0.55
2023-05-23,panzhihua,攀枝花,Panzhihua,0.31,28.98,34.94,22.51,10.241023476373666,1.25,24627028.0,27892020.0,2854.3125,101.75,26.55,2023,848.96,8.85,0.68,0.12
2023-05-24,panzhihua,攀枝花,Panzhihua,0.01,28.69,34.81,23.14,10.126015182600064,1.62,23440776.0,26566404.0,2931.2188,101.75,26.55,2023,847.61,9.48,1.41,0.16
2023-05-25,panzhihua,攀枝花,Panzhihua,0.37,27.47,33.59,22.47,9.56197795002788,1.84,22361356.0,25360016.0,3015.125,101.75,26.55,2023,848.27,10.84,1.69,0.28
2023-05-26,panzhihua,攀枝花,Panzhihua,0.01,27.5,33.51,21.97,8.61482160941525,1.88,18954972.0,21512502.0,3135.7812,101.75,26.55,2023,847.87,10.33,1.46,0.68
2023-05-27,panzhihua,攀枝花,Panzhihua,0.0,28.74,35.61,21.68,9.81233131271705,1.92,21104770.0,23968072.0,3304.1875,101.75,26.55,2023,847.22,8.29,1.54,0.55
2023-05-28,panzhihua,攀枝花,Panzhihua,0.0,30.81,37.39,23.19,11.15533397338026,1.51,24941564.0,28343872.0,3476.75,101.75,26.55,2023,848.73,7.19,1.31,0.31
2023-05-29,panzhihua,攀枝花,Panzhihua,0.0,31.72,38.6,24.65,11.680201895556696,1.47,26221336.0,29818520.0,3663.7188,101.75,26.55,2023,849.65,8.19,1.11,0.16
2023-05-30,panzhihua,攀枝花,Panzhihua,0.01,31.79,37.72,25.74,10.651883419057969,1.18,24739644.0,28152544.0,3928.375,101.75,26.55,2023,849.1,11.57,0.78,-0.61
2023-05-31,panzhihua,攀枝花,Panzhihua,0.0,32.78,39.51,25.83,11.798901023584824,1.67,25496424.0,29033444.0,4278.0,101.75,26.55,2023,845.72,10.2,1.39,0.3
2023-06-01,panzhihua,攀枝花,Panzhihua,0.0,31.97,38.33,26.06,10.868748092237356,1.59,23717630.0,27026300.0,4650.9688,101.75,26.55,2023,844.67,11.0,1.47,-0.23
2023-06-02,panzhihua,攀枝花,Panzhihua,0.22,30.87,38.01,25.5,10.115926620192534,1.79,22371874.0,25509932.0,4985.5,101.75,26.55,2023,845.93,14.0,1.51,-0.25
2023-06-03,panzhihua,攀枝花,Panzhihua,0.07,29.97,35.81,24.65,9.374376820265123,1.84,20433782.0,23315800.0,5279.2812,101.75,26.55,2023,847.23,13.42,1.7,-0.06
2023-06-04,panzhihua,攀枝花,Panzhihua,0.08,30.49,36.29,25.2,10.17396235530726,1.61,22791974.0,26024768.0,5575.4375,101.75,26.55,2023,846.97,12.1,1.45,-0.16
2023-06-05,panzhihua,攀枝花,Panzhihua,15.35,27.92,35.15,20.8,8.135521052047809,1.37,19838812.0,22667912.0,5882.9375,101.75,26.55,2023,850.23,15.3,0.08,-1.26
2023-06-06,panzhihua,攀枝花,Panzhihua,3.91,23.86,27.25,21.11,4.579291372544025,0.8,12600296.0,14406864.0,6183.0625,101.75,26.55,2023,851.64,17.3,0.25,-0.41
2023-06-07,panzhihua,攀枝花,Panzhihua,21.98,24.82,29.56,20.62,5.995580972925969,0.6,17134684.0,19604588.0,6478.1875,101.75,26.55,2023,850.96,19.22,0.03,0.22
2023-06-08,panzhihua,攀枝花,Panzhihua,14.88,21.18,23.73,18.42,3.0438207799209684,0.82,8922406.0,10216160.0,6720.0938,101.75,26.55,2023,853.26,17.44,-0.58,-0.49
2023-06-09,panzhihua,攀枝花,Panzhihua,1.0,22.13,25.3,18.37,3.66948182908902,0.68,9959582.0,11410760.0,6884.25,101.75,26.55,2023,852.73,14.35,-0.12,0.09
2023-06-10,panzhihua,攀枝花,Panzhihua,6.01,17.99,19.59,16.58,2.446005435805583,0.51,7380704.0,8461844.0,6989.375,101.75,26.55,2023,853.82,12.77,0.21,0.17
2023-06-11,panzhihua,攀枝花,Panzhihua,6.86,18.66,22.08,16.6,2.504757655886733,0.54,7492596.0,8597124.0,7085.625,101.75,26.55,2023,851.84,13.8,-0.19,0.23
2023-06-12,panzhihua,攀枝花,Panzhihua,5.22,18.07,19.72,16.6,1.9901209631701544,0.63,5874674.0,6745180.0,7210.4375,101.75,26.55,2023,851.61,13.93,-0.56,0.15
2023-06-13,panzhihua,攀枝花,Panzhihua,15.05,18.16,19.41,16.75,1.7873864734155298,0.53,5484900.0,6301388.0,7351.3438,101.75,26.55,2023,851.63,15.22,-0.35,0.37
2023-06-14,panzhihua,攀枝花,Panzhihua,24.46,17.86,19.13,16.72,1.3205874087919809,0.45,4107772.0,4722472.0,7544.2812,101.75,26.55,2023,851.67,15.73,0.04,0.32
2023-06-15,panzhihua,攀枝花,Panzhihua,2.01,21.96,26.34,17.79,4.280897338835842,0.44,12762584.0,14683408.0,7826.7812,101.75,26.55,2023,848.2,17.67,0.16,-0.16
2023-06-16,panzhihua,攀枝花,Panzhihua,1.03,25.61,29.45,20.04,7.467141087031231,1.18,19950702.0,22957428.0,8178.3125,101.75,26.55,2023,846.23,16.62,0.97,-0.16
2023-06-17,panzhihua,攀枝花,Panzhihua,0.04,26.34,29.98,21.24,7.263397512150085,1.1,18908420.0,21762940.0,8450.155999999999,101.75,26.55,2023,846.58,16.55,0.79,-0.19
2023-06-18,panzhihua,攀枝花,Panzhihua,12.78,24.88,30.5,20.33,7.103591134763001,0.76,20189566.0,23240564.0,8609.469000000001,101.75,26.55,2023,848.05,18.61,0.09,0.05
2023-06-19,panzhihua,攀枝花,Panzhihua,25.08,23.22,27.41,20.42,4.502735931385705,0.55,13215694.0,15216436.0,8744.9375,101.75,26.55,2023,849.29,19.46,-0.13,-0.39
2023-06-20,panzhihua,攀枝花,Panzhihua,25.24,22.67,26.11,19.83,4.261166580050111,0.54,12767610.0,14702556.0,8997.344000000001,101.75,26.55,2023,849.11,19.83,0.04,-0.2
2023-06-21,panzhihua,攀枝花,Panzhihua,14.37,22.37,26.14,20.04,4.224773436722881,0.95,12848840.0,14800304.0,9434.719,101.75,26.55,2023,849.82,19.78,-0.53,-0.56
2023-06-22,panzhihua,攀枝花,Panzhihua,5.06,21.79,24.09,20.0,3.2827899437603545,0.73,9311624.0,10727432.0,10065.844,101.75,26.55,2023,850.99,16.99,-0.51,-0.5
2023-06-23,panzhihua,攀枝花,Panzhihua,5.89,21.5,24.52,18.79,3.5350892534306464,0.4,10474130.0,12068856.0,10830.25,101.75,26.55,2023,850.89,16.97,0.03,-0.11
2023-06-24,panzhihua,攀枝花,Panzhihua,1.23,23.51,27.38,19.64,7.288704118709267,0.37,21403590.0,24666812.0,11617.719,101.75,26.55,2023,851.0,17.61,-0.07,-0.09
2023-06-25,panzhihua,攀枝花,Panzhihua,0.28,25.71,29.93,20.28,8.123408180378787,0.45,22801882.0,26283324.0,12118.656,101.75,26.55,2023,850.94,17.39,0.07,-0.13
2023-06-26,panzhihua,攀枝花,Panzhihua,0.13,26.85,30.45,22.41,8.308617369323429,0.77,22356456.0,25774796.0,12096.75,101.75,26.55,2023,849.98,17.1,0.52,-0.26
2023-06-27,panzhihua,攀枝花,Panzhihua,0.49,26.74,30.41,21.99,7.870938141006813,1.14,20912556.0,24114612.0,11703.344,101.75,26.55,2023,848.99,18.18,0.94,-0.4
2023-06-28,panzhihua,攀枝花,Panzhihua,0.27,27.37,31.3,22.5,7.882432869773295,1.25,20488628.0,23631128.0,11164.125,101.75,26.55,2023,848.45,18.54,1.02,-0.31
2023-06-29,panzhihua,攀枝花,Panzhihua,1.74,27.55,31.63,23.14,6.817278491464141,0.83,17859358.0,20602856.0,10626.906,101.75,26.55,2023,847.22,19.11,0.48,-0.17
2023-06-30,panzhihua,攀枝花,Panzhihua,3.45,26.51,30.67,22.5,6.421484859352077,0.57,17652102.0,20366844.0,10177.781,101.75,26.55,2023,846.9,19.99,0.13,0.18
2023-07-01,panzhihua,攀枝花,Panzhihua,0.5,28.43,32.47,23.07,6.8123022084608245,0.9,17196420.0,19845744.0,9921.781,101.75,26.55,2023,846.79,18.77,0.65,-0.03
2023-07-02,panzhihua,攀枝花,Panzhihua,1.5,28.13,31.7,24.39,6.750189826107024,0.81,17422290.0,20110052.0,9994.766,101.75,26.55,2023,847.08,19.27,0.46,0.13
2023-07-03,panzhihua,攀枝花,Panzhihua,12.88,26.81,31.94,22.4,6.3211326372655305,0.8,17114938.0,19758852.0,10387.828,101.75,26.55,2023,847.84,20.51,0.22,0.33
2023-07-04,panzhihua,攀枝花,Panzhihua,10.3,23.39,25.04,21.64,3.9352330122636174,0.84,10729926.0,12389308.0,10928.406,101.75,26.55,2023,851.56,17.71,-0.58,0.22
2023-07-05,panzhihua,攀枝花,Panzhihua,0.03,26.23,29.81,21.44,6.9541952590394285,0.87,18541350.0,21414692.0,11510.797,101.75,26.55,2023,847.79,17.53,0.36,0.04
2023-07-06,panzhihua,攀枝花,Panzhihua,0.05,27.46,32.64,22.24,7.765263312425003,1.59,19451854.0,22471120.0,12127.391,101.75,26.55,2023,846.89,18.2,1.2,0.3
2023-07-07,panzhihua,攀枝花,Panzhihua,0.57,28.04,31.87,23.21,6.594680860186965,0.95,16431920.0,18986332.0,12571.922,101.75,26.55,2023,848.44,17.88,0.62,-0.09
2023-07-08,panzhihua,攀枝花,Panzhihua,14.88,25.16,29.05,21.49,5.114665210285834,0.61,14234418.0,16449372.0,12762.9375,101.75,26.55,2023,850.34,19.74,0.03,0.05
2023-07-09,panzhihua,攀枝花,Panzhihua,9.05,24.02,27.36,21.88,4.839454826023564,0.55,14102888.0,16300000.0,12965.047,101.75,26.55,2023,850.79,20.7,0.17,-0.03
2023-07-10,panzhihua,攀枝花,Panzhihua,1.57,25.39,29.53,21.99,5.602708294600606,1.22,14811580.0,17123550.0,13276.953,101.75,26.55,2023,848.78,18.77,1.1,-0.24
2023-07-11,panzhihua,攀枝花,Panzhihua,0.36,25.24,28.53,22.04,4.145588216998679,0.93,10607912.0,12267640.0,13546.4375,101.75,26.55,2023,848.0,18.58,0.79,-0.21
2023-07-12,panzhihua,攀枝花,Panzhihua,5.48,24.86,29.2,22.3,4.843586869148226,0.75,13396426.0,15493952.0,13592.344,101.75,26.55,2023,847.97,19.58,0.42,-0.16
2023-07-13,panzhihua,攀枝花,Panzhihua,5.49,25.36,29.04,21.9,4.593500733312441,0.72,12399524.0,14343756.0,13439.922,101.75,26.55,2023,849.18,19.47,0.34,0.28
2023-07-14,panzhihua,攀枝花,Panzhihua,9.91,23.72,27.54,21.51,4.339389907227498,0.86,12000302.0,13883492.0,13444.719,101.75,26.55,2023,852.65,18.42,-0.72,-0.21
2023-07-15,panzhihua,攀枝花,Panzhihua,0.0,23.68,26.18,21.36,5.302013171228099,0.81,14005028.0,16205124.0,13843.125,101.75,26.55,2023,853.4,13.75,-0.48,0.44
2023-07-16,panzhihua,攀枝花,Panzhihua,0.0,25.02,29.94,19.38,7.076143035341658,0.68,19097700.0,22100418.0,14509.328,101.75,26.55,2023,851.54,13.89,-0.13,0.33
2023-07-17,panzhihua,攀枝花,Panzhihua,0.0,26.22,31.32,20.55,8.471352838505634,0.51,22972672.0,26588162.0,15144.828,101.75,26.55,2023,850.54,13.64,-0.1,0.07
2023-07-18,panzhihua,攀枝花,Panzhihua,0.0,27.37,32.37,21.62,9.313072548193055,0.69,24251938.0,28070528.0,15449.203,101.75,26.55,2023,849.98,11.61,-0.34,-0.42
2023-07-19,panzhihua,攀枝花,Panzhihua,9.1,23.11,28.19,19.57,4.704032579554244,0.79,12849400.0,14877276.0,15251.703,101.75,26.55,2023,851.4,15.76,0.19,-0.56
2023-07-20,panzhihua,攀枝花,Panzhihua,8.8,20.76,22.09,19.18,2.3728792519659216,0.31,7102936.0,8224878.0,14708.344,101.75,26.55,2023,853.32,17.6,0.1,-0.09
2023-07-21,panzhihua,攀枝花,Panzhihua,10.85,23.17,26.95,19.83,5.287133102506986,0.53,15572990.0,18028496.0,14188.109,101.75,26.55,2023,855.02,19.33,0.19,0.17
2023-07-22,panzhihua,攀枝花,Panzhihua,1.7,23.07,26.93,18.71,5.217277017474581,0.68,15288576.0,17701184.0,13843.75,101.75,26.55,2023,855.07,18.85,0.57,-0.03
2023-07-23,panzhihua,攀枝花,Panzhihua,2.47,24.68,29.11,19.61,6.578571469397497,0.63,18852276.0,21828752.0,13634.75,101.75,26.55,2023,851.96,19.67,0.54,0.07
2023-07-24,panzhihua,攀枝花,Panzhihua,6.89,25.0,29.41,21.16,5.8240334034276975,0.56,16451514.0,19049912.0,13312.9375,101.75,26.55,2023,850.86,19.77,0.25,0.13
2023-07-25,panzhihua,攀枝花,Panzhihua,11.78,23.52,28.04,20.21,4.723781804658124,0.41,13876182.0,16068600.0,12806.4375,101.75,26.55,2023,850.73,20.44,-0.08,0.23
2023-07-26,panzhihua,攀枝花,Panzhihua,23.79,23.77,28.16,20.22,4.6076625646543095,0.39,13510394.0,15647726.0,12381.8125,101.75,26.55,2023,849.41,21.01,-0.23,0.14
2023-07-27,panzhihua,攀枝花,Panzhihua,10.64,22.49,25.29,20.35,3.1839623737122213,0.54,9457506.0,10956244.0,12333.969,101.75,26.55,2023,848.6,20.14,-0.14,-0.13
2023-07-28,panzhihua,攀枝花,Panzhihua,2.8,23.18,27.19,20.36,3.994876949098346,0.76,11680120.0,13528596.0,12775.922,101.75,26.55,2023,848.76,20.08,0.22,0.18
2023-07-29,panzhihua,攀枝花,Panzhihua,1.77,23.63,26.45,20.44,4.898954587928368,0.55,14224532.0,16477560.0,13415.3125,101.75,26.55,2023,849.58,19.68,0.09,0.36
2023-07-30,panzhihua,攀枝花,Panzhihua,18.63,24.08,28.33,20.19,5.815566595536578,0.51,16746954.0,19401844.0,13776.094,101.75,26.55,2023,848.89,19.18,0.11,-0.01
2023-07-31,panzhihua,攀枝花,Panzhihua,19.17,23.14,26.42,19.55,4.92624275378042,0.47,14500786.0,16801542.0,13773.75,101.75,26.55,2023,849.67,19.56,-0.16,-0.1
2023-08-01,panzhihua,攀枝花,Panzhihua,16.11,22.44,25.51,19.74,3.840147418006099,0.43,11399882.0,13210138.0,13635.875,101.75,26.55,2023,850.27,19.46,-0.08,0.09
2023-08-02,panzhihua,攀枝花,Panzhihua,16.98,23.34,28.1,19.69,6.1936687591135495,0.42,18363016.0,21279626.0,13562.047,101.75,26.55,2023,849.37,20.04,0.04,-0.06
2023-08-03,panzhihua,攀枝花,Panzhihua,13.36,23.5,27.81,19.87,5.211749915240102,0.52,15336264.0,17773980.0,13566.5,101.75,26.55,2023,849.13,20.2,0.04,-0.15
2023-08-04,panzhihua,攀枝花,Panzhihua,13.78,23.43,26.76,20.5,4.0099142855356265,0.41,11592680.0,13436462.0,13541.219,101.75,26.55,2023,850.05,19.55,0.25,-0.04
2023-08-05,panzhihua,攀枝花,Panzhihua,4.67,23.15,26.85,20.37,5.113469688674377,0.45,15157902.0,17569192.0,13490.844,101.75,26.55,2023,848.78,20.12,0.19,0.17
2023-08-06,panzhihua,攀枝花,Panzhihua,7.63,23.72,28.14,20.07,5.46878630114858,0.6,15939344.0,18477322.0,13420.625,101.75,26.55,2023,847.03,19.77,0.14,-0.07
2023-08-07,panzhihua,攀枝花,Panzhihua,9.75,23.84,27.45,20.17,5.93582906734262,0.56,17360400.0,20126284.0,13388.359,101.75,26.55,2023,847.11,20.0,-0.01,0.07
2023-08-08,panzhihua,攀枝花,Panzhihua,9.54,24.55,28.62,20.72,6.673236514911099,0.59,19299810.0,22375958.0,13536.219,101.75,26.55,2023,848.55,20.23,0.17,-0.18
2023-08-09,panzhihua,攀枝花,Panzhihua,9.87,25.15,29.69,20.72,6.538557969733271,0.49,18564028.0,21524530.0,13949.8125,101.75,26.55,2023,850.33,19.97,0.1,-0.25
2023-08-10,panzhihua,攀枝花,Panzhihua,14.15,24.99,29.97,20.43,6.595420612908548,0.59,18931398.0,21952302.0,14519.375,101.75,26.55,2023,850.89,20.71,0.11,-0.15
2023-08-11,panzhihua,攀枝花,Panzhihua,13.45,24.95,29.72,20.92,6.050366163387513,0.56,17311000.0,20074842.0,14768.0,101.75,26.55,2023,848.64,20.73,0.17,0.06
2023-08-12,panzhihua,攀枝花,Panzhihua,44.68,22.16,24.28,19.48,2.530439540730583,0.47,7627192.0,8845174.0,14713.125,101.75,26.55,2023,850.2,20.71,-0.01,0.11
2023-08-13,panzhihua,攀枝花,Panzhihua,4.35,22.87,26.86,19.6,4.1746613379286215,0.5,12363864.0,14340456.0,14628.9375,101.75,26.55,2023,850.49,20.05,0.1,-0.18
2023-08-14,panzhihua,攀枝花,Panzhihua,3.65,24.43,28.24,20.12,6.115489172365567,0.47,17647332.0,20469608.0,14651.8125,101.75,26.55,2023,850.3,20.17,-0.04,-0.21
2023-08-15,panzhihua,攀枝花,Panzhihua,2.52,24.95,29.18,19.65,6.624551004698282,0.46,18958070.0,21991596.0,14657.6875,101.75,26.55,2023,850.98,20.29,0.16,0.05
2023-08-16,panzhihua,攀枝花,Panzhihua,1.8,25.06,29.2,20.33,6.542496852542576,0.5,18587978.0,21561900.0,14508.672,101.75,26.55,2023,851.68,19.86,0.3,-0.09
2023-08-17,panzhihua,攀枝花,Panzhihua,27.66,25.36,29.9,20.66,6.684231396137212,0.53,19049894.0,22097026.0,14091.766,101.75,26.55,2023,852.3,20.93,0.24,-0.12
2023-08-18,panzhihua,攀枝花,Panzhihua,16.71,23.91,27.84,20.59,5.181433994707676,0.4,15169444.0,17594776.0,13544.9375,101.75,26.55,2023,852.61,20.99,-0.02,0.05
2023-08-19,panzhihua,攀枝花,Panzhihua,4.3,24.29,27.93,20.62,4.845961052588807,0.37,13873380.0,16090600.0,13167.984,101.75,26.55,2023,852.38,19.88,0.06,0.14
2023-08-20,panzhihua,攀枝花,Panzhihua,13.25,23.41,27.02,20.36,4.362474997440616,0.52,12853596.0,14907428.0,13265.8125,101.75,26.55,2023,852.09,20.72,-0.0,0.09
2023-08-21,panzhihua,攀枝花,Panzhihua,10.28,21.57,23.52,18.28,2.6276068245578723,0.57,7874784.0,9133978.0,13851.469,101.75,26.55,2023,853.02,19.41,0.11,-0.12
2023-08-22,panzhihua,攀枝花,Panzhihua,3.08,21.53,24.63,18.35,3.6784182357367903,0.51,10807416.0,12533968.0,14668.25,101.75,26.55,2023,852.16,17.14,-0.35,0.17
2023-08-23,panzhihua,攀枝花,Panzhihua,9.78,22.17,25.92,18.4,4.548682640050083,0.49,13432964.0,15577952.0,15205.719,101.75,26.55,2023,850.42,17.88,-0.0,-0.24
2023-08-24,panzhihua,攀枝花,Panzhihua,14.55,20.93,22.5,19.71,2.0097259148969298,0.44,6116332.0,7092844.0,15435.391,101.75,26.55,2023,851.32,19.37,-0.11,-0.22
2023-08-25,panzhihua,攀枝花,Panzhihua,7.88,22.46,26.81,19.55,4.727029905944732,0.45,14211134.0,16478590.0,15699.469,101.75,26.55,2023,849.01,19.9,0.18,-0.15
2023-08-26,panzhihua,攀枝花,Panzhihua,1.99,24.85,28.33,20.25,5.190447250207696,0.98,14220576.0,16489622.0,15976.109,101.75,26.55,2023,846.6,19.38,0.5,-0.39
2023-08-27,panzhihua,攀枝花,Panzhihua,4.09,22.44,23.24,21.57,2.162355494281196,0.64,5804284.0,6730490.0,16139.9375,101.75,26.55,2023,849.88,18.28,-0.33,-0.29
2023-08-28,panzhihua,攀枝花,Panzhihua,0.13,20.79,22.47,20.02,1.9958580791228293,0.57,5007210.0,5805606.0,16402.61,101.75,26.55,2023,853.03,13.73,-0.42,0.09
2023-08-29,panzhihua,攀枝花,Panzhihua,13.21,19.85,22.36,18.61,2.8089550475656804,0.78,8090078.0,9379592.0,16669.766,101.75,26.55,2023,854.22,15.33,-0.58,0.33
2023-08-30,panzhihua,攀枝花,Panzhihua,3.68,18.77,19.27,18.18,0.8751790507565186,0.54,2516332.0,2917306.0,16891.453,101.75,26.55,2023,856.2,16.9,0.02,0.5
2023-08-31,panzhihua,攀枝花,Panzhihua,5.43,21.81,25.09,18.57,3.409286607810241,0.48,9914348.0,11493762.0,16962.984,101.75,26.55,2023,853.93,17.36,-0.11,0.02
2023-09-01,panzhihua,攀枝花,Panzhihua,22.33,20.67,21.58,19.57,1.2032137135611742,0.54,3464844.0,4016718.0,16932.093999999994,101.75,26.55,2023,854.66,18.76,-0.34,-0.37
2023-09-02,panzhihua,攀枝花,Panzhihua,0.63,22.12,25.5,17.07,5.461385109168319,0.42,16248272.0,18834946.0,17201.93,101.75,26.55,2023,854.34,17.36,0.05,0.2
2023-09-03,panzhihua,攀枝花,Panzhihua,0.0,23.33,28.58,17.31,7.763120380724112,0.43,22540464.0,26128404.0,17550.718999999994,101.75,26.55,2023,853.03,15.53,-0.0,-0.15
2023-09-04,panzhihua,攀枝花,Panzhihua,0.0,24.09,28.69,17.76,7.804690546221157,0.4,22417968.0,25985412.0,17441.281000000006,101.75,26.55,2023,853.32,16.43,0.16,-0.14
2023-09-05,panzhihua,攀枝花,Panzhihua,3.56,23.98,27.37,20.04,6.189605006379356,0.41,17739368.0,20561508.0,16642.46,101.75,26.55,2023,853.99,17.66,0.18,-0.12
2023-09-06,panzhihua,攀枝花,Panzhihua,4.97,23.71,27.78,19.51,6.277228368573266,0.47,18236008.0,21136154.0,15442.961,101.75,26.55,2023,854.86,18.64,0.1,-0.26
2023-09-07,panzhihua,攀枝花,Panzhihua,15.26,22.28,26.54,18.75,4.972599183532464,0.47,15022624.0,17410898.0,14336.07,101.75,26.55,2023,855.4,19.64,-0.01,-0.19
2023-09-08,panzhihua,攀枝花,Panzhihua,7.23,22.57,26.89,18.57,5.425941541504455,0.39,16222470.0,18800678.0,13457.383,101.75,26.55,2023,854.14,19.29,0.17,0.23
2023-09-09,panzhihua,攀枝花,Panzhihua,10.63,22.75,26.93,18.6,5.178677605005052,0.48,15425270.0,17876124.0,12750.422,101.75,26.55,2023,852.5,19.44,0.14,0.21
2023-09-10,panzhihua,攀枝花,Panzhihua,4.16,21.91,26.03,18.82,3.8007787421150696,0.46,11437170.0,13253782.0,12289.711,101.75,26.55,2023,851.95,19.25,0.21,-0.02
2023-09-11,panzhihua,攀枝花,Panzhihua,13.04,23.13,27.73,18.86,5.2313403269141325,0.54,15511708.0,17974810.0,11977.648,101.75,26.55,2023,850.05,19.89,0.11,0.13
2023-09-12,panzhihua,攀枝花,Panzhihua,22.26,20.15,22.05,17.73,1.6591983169785625,0.79,4862716.0,5634438.0,11846.031,101.75,26.55,2023,854.0,18.01,-0.61,0.22
2023-09-13,panzhihua,攀枝花,Panzhihua,3.96,18.2,20.86,13.7,2.8315674120355747,0.57,8865526.0,10272584.0,12062.344,101.75,26.55,2023,855.8,14.76,0.08,0.49
2023-09-14,panzhihua,攀枝花,Panzhihua,0.02,21.84,26.59,14.1,6.862199124144722,0.3,20635000.0,23909136.0,12452.719,101.75,26.55,2023,853.95,16.49,-0.01,0.0
2023-09-15,panzhihua,攀枝花,Panzhihua,0.2,23.86,27.75,19.17,5.874156598955955,0.43,16955284.0,19644754.0,12566.375,101.75,26.55,2023,853.52,18.59,0.17,-0.2
2023-09-16,panzhihua,攀枝花,Panzhihua,0.09,24.2,28.41,18.12,6.119790120499146,0.61,17262172.0,19991372.0,12253.164,101.75,26.55,2023,853.53,17.43,0.21,-0.12
2023-09-17,panzhihua,攀枝花,Panzhihua,0.11,24.2,28.06,18.25,6.495603910921633,0.63,18366160.0,21260962.0,11729.57,101.75,26.55,2023,852.56,17.21,0.34,-0.35
2023-09-18,panzhihua,攀枝花,Panzhihua,3.7,23.23,27.27,19.72,5.514819774713186,0.63,16175264.0,18716678.0,11136.734,101.75,26.55,2023,853.33,18.94,0.42,-0.2
2023-09-19,panzhihua,攀枝花,Panzhihua,5.94,22.85,27.54,19.18,4.870960161676097,0.64,14480970.0,16749016.0,10548.68,101.75,26.55,2023,853.31,19.51,0.1,0.0
2023-09-20,panzhihua,攀枝花,Panzhihua,13.54,23.43,27.18,19.57,5.2514977249455415,0.57,15370440.0,17770220.0,10061.031,101.75,26.55,2023,853.38,19.38,0.09,0.13
2023-09-21,panzhihua,攀枝花,Panzhihua,26.15,20.81,24.88,18.42,3.232935221899384,0.43,10104740.0,11677376.0,9900.922,101.75,26.55,2023,854.33,19.47,-0.3,-0.04
2023-09-22,panzhihua,攀枝花,Panzhihua,5.15,21.5,25.5,18.44,3.331198461541223,0.56,10227092.0,11813254.0,10064.375,101.75,26.55,2023,852.9,19.59,0.14,-0.22
2023-09-23,panzhihua,攀枝花,Panzhihua,1.25,24.1,28.3,18.49,5.5220075292506845,0.79,15651706.0,18071832.0,10139.414,101.75,26.55,2023,851.98,18.64,0.45,-0.19
2023-09-24,panzhihua,攀枝花,Panzhihua,5.01,24.12,28.0,20.52,5.4215530764514765,0.64,15548497.0,17944982.0,10009.57,101.75,26.55,2023,852.23,19.24,0.26,-0.19
2023-09-25,panzhihua,攀枝花,Panzhihua,24.41,22.4,26.73,19.31,4.3027609529745305,0.44,12939158.0,14927803.0,9895.891,101.75,26.55,2023,853.91,19.65,-0.14,0.06
2023-09-26,panzhihua,攀枝花,Panzhihua,20.33,21.55,24.59,18.88,3.767291634690603,0.54,11582042.0,13356926.0,9861.875,101.75,26.55,2023,855.09,19.44,-0.44,0.1
2023-09-27,panzhihua,攀枝花,Panzhihua,23.83,21.73,25.01,18.69,3.932204874683923,0.41,11945496.0,13769626.0,9862.078,101.75,26.55,2023,855.52,19.07,-0.26,-0.07
2023-09-28,panzhihua,攀枝花,Panzhihua,6.02,21.3,25.32,18.74,3.653275004483432,0.48,11244953.0,12956509.0,9902.414,101.75,26.55,2023,856.36,19.09,-0.22,-0.16
2023-09-29,panzhihua,攀枝花,Panzhihua,11.92,21.94,25.55,18.19,4.6088380294323885,0.43,13958597.0,16076087.0,9987.031,101.75,26.55,2023,856.72,18.75,-0.03,-0.0
2023-09-30,panzhihua,攀枝花,Panzhihua,4.37,21.52,25.53,18.29,4.390415526756134,0.25,13429209.0,15459622.0,10032.891,101.75,26.55,2023,854.9,19.03,-0.11,0.04
2023-10-01,panzhihua,攀枝花,Panzhihua,7.95,23.01,26.74,18.39,4.395347058719803,0.43,12985996.0,14943795.0,10028.305,101.75,26.55,2023,853.04,19.4,0.04,0.09
2023-10-02,panzhihua,攀枝花,Panzhihua,2.13,23.52,27.17,20.28,4.643237804659173,0.6,13519537.0,15549988.0,9863.164,101.75,26.55,2023,853.66,19.44,0.06,0.02
2023-10-03,panzhihua,攀枝花,Panzhihua,1.34,23.94,27.83,20.17,4.927000836990112,0.58,14204605.0,16330837.0,9583.648,101.75,26.55,2023,853.71,19.33,0.16,0.04
2023-10-04,panzhihua,攀枝花,Panzhihua,10.8,23.53,28.04,19.51,4.976487249614387,0.57,14592456.0,16769810.0,9274.672,101.75,26.55,2023,853.4,19.54,-0.06,0.12
2023-10-05,panzhihua,攀枝花,Panzhihua,8.15,22.73,26.34,19.58,4.027070558798444,0.54,12074379.0,13871202.0,8980.641,101.75,26.55,2023,852.08,20.02,-0.33,0.12
2023-10-06,panzhihua,攀枝花,Panzhihua,28.49,21.3,26.13,17.35,3.7197748349558473,1.0,11510378.0,13216160.0,8855.5,101.75,26.55,2023,853.43,18.78,-0.72,-0.61
2023-10-07,panzhihua,攀枝花,Panzhihua,14.43,16.9,17.75,16.32,0.8095914329548379,0.4,2538394.0,2912957.0,8950.391,101.75,26.55,2023,858.03,15.31,-0.17,-0.09
2023-10-08,panzhihua,攀枝花,Panzhihua,7.51,17.7,18.28,16.73,0.9263151308122552,0.48,2769229.0,3177113.0,9117.336,101.75,26.55,2023,858.3,15.61,-0.42,-0.1
2023-10-09,panzhihua,攀枝花,Panzhihua,14.75,17.74,19.13,16.54,0.9165545801816352,0.89,2769614.5,3175914.0,9294.922,101.75,26.55,2023,859.56,16.35,-0.57,-0.66
2023-10-10,panzhihua,攀枝花,Panzhihua,3.88,17.48,18.08,16.54,1.1273272239612369,0.61,3113362.0,3568568.0,9520.25,101.75,26.55,2023,859.88,14.05,-0.49,-0.18
2023-10-11,panzhihua,攀枝花,Panzhihua,8.28,18.43,20.18,17.07,1.40868076308297,0.49,4368582.0,5005562.0,9780.969,101.75,26.55,2023,857.8,16.38,-0.08,-0.32
2023-10-12,panzhihua,攀枝花,Panzhihua,17.27,18.87,22.53,16.4,2.430180053632824,0.53,7863480.0,9005186.0,10048.648,101.75,26.55,2023,858.32,17.24,-0.05,-0.35
2023-10-13,panzhihua,攀枝花,Panzhihua,10.36,16.72,18.72,15.16,1.2002191052209965,0.91,3877528.0,4437544.0,10350.891,101.75,26.55,2023,858.31,15.28,-0.56,-0.67
2023-10-14,panzhihua,攀枝花,Panzhihua,5.51,17.26,19.06,15.31,1.81708256873286,0.28,5727022.0,6552742.0,10558.484,101.75,26.55,2023,857.6,13.1,0.0,-0.16
2023-10-15,panzhihua,攀枝花,Panzhihua,7.91,17.43,21.44,14.1,3.4004344636251767,0.35,11315390.0,12945162.0,10501.758,101.75,26.55,2023,857.11,15.23,-0.1,-0.12
2023-10-16,panzhihua,攀枝花,Panzhihua,0.96,18.23,22.34,13.48,3.960356854017944,0.44,13016050.0,14876524.0,10280.891,101.75,26.55,2023,856.74,15.68,-0.08,-0.35
2023-10-17,panzhihua,攀枝花,Panzhihua,0.13,19.32,24.04,13.58,4.494563676118381,0.73,13922004.0,15900248.0,9885.422,101.75,26.55,2023,856.08,13.89,0.31,-0.3
2023-10-18,panzhihua,攀枝花,Panzhihua,0.01,19.68,24.59,14.35,4.939741653761951,0.61,15179242.0,17324382.0,9364.273,101.75,26.55,2023,855.64,13.19,0.28,-0.25
2023-10-19,panzhihua,攀枝花,Panzhihua,0.59,19.16,23.91,14.26,5.186244746227628,0.79,16231674.0,18515012.0,8783.836,101.75,26.55,2023,858.12,13.22,-0.02,-0.64
2023-10-20,panzhihua,攀枝花,Panzhihua,0.67,15.26,17.25,13.57,1.9293363907991568,0.88,5407654.0,6164518.0,8201.155999999999,101.75,26.55,2023,862.12,9.35,-0.43,-0.73
2023-10-21,panzhihua,攀枝花,Panzhihua,0.01,16.93,21.28,12.95,3.814551719079288,0.41,12571428.0,14320070.0,7676.9688,101.75,26.55,2023,859.72,12.15,-0.13,-0.31
2023-10-22,panzhihua,攀枝花,Panzhihua,0.33,18.02,23.06,12.76,4.667161639172416,0.54,15097818.0,17185012.0,7200.8984,101.75,26.55,2023,858.54,12.76,0.17,-0.26
2023-10-23,panzhihua,攀枝花,Panzhihua,0.0,19.3,24.03,13.52,5.021983646783284,0.5,15774130.0,17942966.0,6765.7419999999975,101.75,26.55,2023,857.2,13.23,-0.03,-0.29
2023-10-24,panzhihua,攀枝花,Panzhihua,4.63,18.78,22.35,16.12,2.6974592392109447,0.41,8643128.0,9825972.0,6352.8438,101.75,26.55,2023,857.73,16.09,0.09,-0.06
2023-10-25,panzhihua,攀枝花,Panzhihua,4.24,18.7,22.41,14.39,3.086799760100246,0.35,9996600.0,11355724.0,5975.3830000000025,101.75,26.55,2023,857.37,16.13,0.12,-0.2
2023-10-26,panzhihua,攀枝花,Panzhihua,1.67,18.11,22.65,14.25,3.394872044730209,0.91,11299042.0,12827676.0,5662.9062,101.75,26.55,2023,856.82,15.57,-0.35,-0.43
2023-10-27,panzhihua,攀枝花,Panzhihua,0.37,18.61,23.47,13.8,4.3786094827186925,0.69,13913846.0,15784744.0,5419.585999999998,101.75,26.55,2023,856.05,13.43,0.07,-0.45
2023-10-28,panzhihua,攀枝花,Panzhihua,0.08,18.4,23.28,13.61,4.580964150692458,0.61,14521106.0,16463164.0,5234.1016,101.75,26.55,2023,856.4,12.19,-0.03,-0.33
2023-10-29,panzhihua,攀枝花,Panzhihua,0.03,18.49,22.45,13.74,4.402202232702148,0.41,14050834.0,15920016.0,5076.117,101.75,26.55,2023,859.46,12.49,-0.25,-0.08
2023-10-30,panzhihua,攀枝花,Panzhihua,0.56,18.04,22.59,12.82,3.929986822634645,0.39,12725652.0,14408376.0,4954.585999999998,101.75,26.55,2023,860.23,13.1,0.09,-0.11
2023-10-31,panzhihua,攀枝花,Panzhihua,0.04,18.37,23.28,12.62,4.4266733977133566,0.39,14314510.0,16195920.0,4833.7812,101.75,26.55,2023,859.92,13.24,0.0,-0.13
2023-11-01,panzhihua,攀枝花,Panzhihua,0.21,18.54,23.25,13.59,4.160625325335781,0.51,13340814.0,15083444.0,4675.6953,101.75,26.55,2023,857.72,13.57,0.16,-0.15
2023-11-02,panzhihua,攀枝花,Panzhihua,0.0,19.0,23.74,14.16,4.381385049542772,0.52,13786772.0,15577564.0,4486.3047,101.75,26.55,2023,854.7,12.97,0.03,-0.2
2023-11-03,panzhihua,攀枝花,Panzhihua,0.0,19.11,24.82,13.62,5.051968988182383,0.57,15708060.0,17736812.0,4274.4297,101.75,26.55,2023,853.34,11.23,0.28,-0.16
2023-11-04,panzhihua,攀枝花,Panzhihua,0.0,19.81,25.0,13.27,5.47402134435546,0.99,15739488.0,17760276.0,4055.1562,101.75,26.55,2023,853.22,9.01,0.8,0.15
2023-11-05,panzhihua,攀枝花,Panzhihua,0.06,18.56,23.7,13.71,4.899896102194769,0.75,15146464.0,17079484.0,3853.211,101.75,26.55,2023,856.87,10.41,-0.13,-0.08
2023-11-06,panzhihua,攀枝花,Panzhihua,0.11,17.59,22.34,12.59,4.515638962176887,0.59,14515312.0,16357220.0,3677.289,101.75,26.55,2023,857.87,10.57,-0.15,-0.26
2023-11-07,panzhihua,攀枝花,Panzhihua,0.12,17.58,22.88,11.61,4.292964670817237,0.6,13676380.0,15400684.0,3532.1094,101.75,26.55,2023,855.66,10.28,0.06,-0.1
2023-11-08,panzhihua,攀枝花,Panzhihua,0.0,18.57,23.67,12.66,4.951008550396806,0.75,15007830.0,16889084.0,3418.3203,101.75,26.55,2023,854.14,8.71,0.44,0.01
2023-11-09,panzhihua,攀枝花,Panzhihua,0.0,17.74,22.74,12.83,4.487657312632248,0.61,14103624.0,15861000.0,3310.8281,101.75,26.55,2023,856.21,9.18,0.04,-0.08
2023-11-10,panzhihua,攀枝花,Panzhihua,0.0,17.59,22.78,12.62,4.695858250743234,0.63,14878232.0,16721242.0,3203.2540000000013,101.75,26.55,2023,857.35,9.0,-0.01,-0.09
2023-11-11,panzhihua,攀枝花,Panzhihua,0.0,17.94,23.21,12.51,4.7861323756050105,0.5,15310868.0,17195944.0,3102.3281,101.75,26.55,2023,858.65,9.81,-0.05,-0.14
2023-11-12,panzhihua,攀枝花,Panzhihua,0.0,18.33,23.79,13.11,4.414311070554144,0.59,13796668.0,15484904.0,3008.1094,101.75,26.55,2023,859.39,10.32,-0.14,-0.11
2023-11-13,panzhihua,攀枝花,Panzhihua,0.03,17.06,22.07,12.41,4.041516440344632,0.66,13070404.0,14659668.0,2920.2812,101.75,26.55,2023,860.0,10.46,-0.0,-0.47
2023-11-14,panzhihua,攀枝花,Panzhihua,0.06,18.01,23.1,13.1,4.0626520966835695,0.64,12726170.0,14264096.0,2848.9414,101.75,26.55,2023,857.66,10.65,0.17,-0.18
2023-11-15,panzhihua,攀枝花,Panzhihua,0.04,17.44,23.99,10.32,4.174447667598497,1.05,12559342.0,14067816.0,2792.961,101.75,26.55,2023,859.72,9.06,-0.12,-0.39
2023-11-16,panzhihua,攀枝花,Panzhihua,0.01,12.23,13.71,10.31,1.6715452784253306,0.74,4575866.0,5124032.0,2738.043,101.75,26.55,2023,868.7,3.38,0.23,-0.49
2023-11-17,panzhihua,攀枝花,Panzhihua,9.38,11.25,13.48,10.16,1.5751239018023742,0.44,5686316.0,6366716.0,2687.3086,101.75,26.55,2023,865.95,7.01,0.24,0.13
2023-11-18,panzhihua,攀枝花,Panzhihua,3.01,12.23,13.31,10.53,0.7103957512805661,0.39,2421916.0,2711120.0,2678.1484,101.75,26.55,2023,862.8,9.89,-0.07,-0.22
2023-11-19,panzhihua,攀枝花,Panzhihua,0.01,13.12,16.55,7.8,1.9324858487035013,0.38,6860812.0,7678256.0,2739.8008,101.75,26.55,2023,861.09,9.14,0.04,-0.32
2023-11-20,panzhihua,攀枝花,Panzhihua,0.0,14.17,19.36,7.65,3.3633074389729614,0.45,11824914.0,13231508.0,2804.8242,101.75,26.55,2023,858.46,8.6,-0.01,-0.18
2023-11-21,panzhihua,攀枝花,Panzhihua,0.0,16.59,20.92,10.01,4.025861172290973,0.54,13263318.0,14837772.0,2838.4648,101.75,26.55,2023,854.28,9.76,0.05,-0.27
2023-11-22,panzhihua,攀枝花,Panzhihua,0.06,16.74,21.03,12.32,3.274757284942132,0.48,10573858.0,11826796.0,2842.7656,101.75,26.55,2023,856.5,9.97,-0.32,0.02
2023-11-23,panzhihua,攀枝花,Panzhihua,0.17,14.79,19.41,9.14,3.108734264794752,0.53,10730728.0,11999748.0,2824.582000000001,101.75,26.55,2023,858.84,9.79,-0.2,0.13
2023-11-24,panzhihua,攀枝花,Panzhihua,0.19,14.52,19.47,8.84,3.3846118982541205,0.54,11821594.0,13216428.0,2793.0117,101.75,26.55,2023,858.01,9.32,-0.03,-0.04
2023-11-25,panzhihua,攀枝花,Panzhihua,0.0,15.71,20.92,10.21,3.9336645657837166,0.57,13065524.0,14603920.0,2746.8984,101.75,26.55,2023,859.01,8.11,0.03,-0.15
2023-11-26,panzhihua,攀枝花,Panzhihua,0.0,15.64,20.62,10.93,3.897452387234445,0.33,13262304.0,14820992.0,2680.4922,101.75,26.55,2023,861.73,8.43,-0.04,-0.11
2023-11-27,panzhihua,攀枝花,Panzhihua,0.0,15.46,21.0,10.61,4.005240346338097,0.4,13711276.0,15319316.0,2603.3242,101.75,26.55,2023,860.23,8.75,-0.04,-0.03
2023-11-28,panzhihua,攀枝花,Panzhihua,0.0,16.12,21.62,10.39,3.965778266165268,0.63,13142884.0,14681316.0,2526.1953,101.75,26.55,2023,856.24,9.33,0.18,-0.13
2023-11-29,panzhihua,攀枝花,Panzhihua,0.0,16.36,20.99,9.49,3.8379602066853296,0.47,12694872.0,14177988.0,2453.7734,101.75,26.55,2023,857.31,9.22,0.08,-0.28
2023-11-30,panzhihua,攀枝花,Panzhihua,0.0,16.8,21.86,11.62,3.7048433447863647,0.64,11831868.0,13211428.0,2388.289,101.75,26.55,2023,858.85,9.37,0.18,-0.33
2023-12-01,panzhihua,攀枝花,Panzhihua,0.0,16.58,22.0,11.25,3.702467239907425,0.68,11936104.0,13324744.0,2332.4375,101.75,26.55,2023,857.48,9.6,0.14,-0.18
2023-12-02,panzhihua,攀枝花,Panzhihua,0.03,16.96,22.36,11.63,3.620822303038848,0.76,11411396.0,12736064.0,2294.211,101.75,26.55,2023,856.82,9.9,0.3,-0.09
2023-12-03,panzhihua,攀枝花,Panzhihua,0.03,16.67,22.08,11.4,3.2433197718866937,0.78,10137252.0,11311652.0,2274.2344,101.75,26.55,2023,856.39,9.91,0.58,-0.04
2023-12-04,panzhihua,攀枝花,Panzhihua,0.01,16.6,22.06,10.96,3.8502394263534057,0.63,12212160.0,13624336.0,2257.25,101.75,26.55,2023,855.23,7.85,0.3,-0.05
2023-12-05,panzhihua,攀枝花,Panzhihua,0.02,17.19,22.74,10.77,4.188514004398897,0.93,12427030.0,13861032.0,2237.375,101.75,26.55,2023,854.73,6.82,0.41,-0.11
2023-12-06,panzhihua,攀枝花,Panzhihua,0.47,12.19,13.28,10.63,1.1034658738925402,0.71,3161656.0,3525888.0,2217.5625,101.75,26.55,2023,862.69,7.22,-0.41,-0.2
2023-12-07,panzhihua,攀枝花,Panzhihua,0.52,15.07,17.62,10.73,2.42141886451322,0.41,7837304.0,8738356.0,2202.2031,101.75,26.55,2023,857.14,7.33,-0.01,-0.21
2023-12-08,panzhihua,攀枝花,Panzhihua,0.99,14.88,17.74,11.46,1.5674309749210034,0.41,5241342.0,5842340.0,2194.7656,101.75,26.55,2023,853.69,11.23,0.08,-0.18
2023-12-09,panzhihua,攀枝花,Panzhihua,0.17,16.94,22.3,11.23,3.491989939445753,0.99,10345640.0,11529544.0,2187.4375,101.75,26.55,2023,852.07,8.77,0.69,0.24
2023-12-10,panzhihua,攀枝花,Panzhihua,0.0,16.94,22.33,11.35,4.3133117399067045,0.95,12886588.0,14358884.0,2177.2188,101.75,26.55,2023,852.38,6.23,0.77,0.03
2023-12-11,panzhihua,攀枝花,Panzhihua,0.0,15.66,20.85,10.78,4.015315583279683,0.59,13098198.0,14591836.0,2165.336,101.75,26.55,2023,856.05,6.17,0.21,-0.14
2023-12-12,panzhihua,攀枝花,Panzhihua,0.01,16.64,21.77,10.79,3.9754303276728034,0.86,11955692.0,13315848.0,2152.9766,101.75,26.55,2023,855.47,6.21,0.58,0.18
2023-12-13,panzhihua,攀枝花,Panzhihua,0.34,16.65,21.62,10.99,3.41877683091332,1.06,10440872.0,11626092.0,2138.789,101.75,26.55,2023,854.1,9.71,0.93,0.08
2023-12-14,panzhihua,攀枝花,Panzhihua,0.18,16.47,21.96,10.56,3.8362804538277286,1.16,11208348.0,12478120.0,2122.0,101.75,26.55,2023,854.91,7.09,0.82,0.49
2023-12-15,panzhihua,攀枝花,Panzhihua,0.02,15.53,20.74,10.57,3.718415532099133,0.78,11765040.0,13095220.0,2104.5547,101.75,26.55,2023,856.45,6.31,0.3,0.03
2023-12-16,panzhihua,攀枝花,Panzhihua,0.0,15.3,20.19,10.0,3.353619294633224,0.74,10388258.0,11562452.0,2081.8047,101.75,26.55,2023,856.33,5.5,0.23,-0.18
2023-12-17,panzhihua,攀枝花,Panzhihua,0.0,16.37,21.72,10.95,4.384108339710076,1.35,12437396.0,13843940.0,2052.2344,101.75,26.55,2023,853.95,4.96,1.11,0.24
2023-12-18,panzhihua,攀枝花,Panzhihua,0.0,16.13,22.12,10.66,4.5006843691903615,1.32,12938000.0,14401224.0,2021.6875,101.75,26.55,2023,854.38,4.28,1.17,0.07
2023-12-19,panzhihua,攀枝花,Panzhihua,0.0,14.79,20.46,9.67,3.648051633548812,0.56,12005020.0,13362756.0,1994.4062,101.75,26.55,2023,857.16,4.91,-0.15,-0.37
2023-12-20,panzhihua,攀枝花,Panzhihua,0.0,13.57,18.53,9.11,3.8259514853283534,0.6,12881670.0,14338936.0,1969.5781,101.75,26.55,2023,859.43,2.46,-0.08,-0.52
2023-12-21,panzhihua,攀枝花,Panzhihua,0.09,14.57,19.65,9.14,3.7091024282001857,0.79,11914108.0,13261324.0,1945.3438,101.75,26.55,2023,859.78,4.69,0.1,-0.49
2023-12-22,panzhihua,攀枝花,Panzhihua,0.51,11.86,13.62,9.27,1.39771101474944,0.73,4003406.0,4455644.0,1922.4219,101.75,26.55,2023,861.89,5.16,0.02,-0.57
2023-12-23,panzhihua,攀枝花,Panzhihua,0.23,10.51,12.05,8.95,0.9142461891110832,0.65,2755526.0,3066716.0,1902.4062,101.75,26.55,2023,864.11,6.01,-0.33,-0.44
2023-12-24,panzhihua,攀枝花,Panzhihua,0.53,12.55,14.37,9.97,1.4373852032390586,0.73,4173416.0,4645192.0,1887.2891,101.75,26.55,2023,863.27,6.34,0.09,-0.62
2023-12-25,panzhihua,攀枝花,Panzhihua,0.61,12.27,15.13,9.72,1.3198856775123742,0.58,4215708.0,4691668.0,1876.7188,101.75,26.55,2023,859.14,7.24,0.37,-0.29
2023-12-26,panzhihua,攀枝花,Panzhihua,0.22,12.75,16.73,8.24,2.112713582487744,0.43,7291606.0,8115756.0,1873.1172,101.75,26.55,2023,860.18,6.35,0.16,-0.0
2023-12-27,panzhihua,攀枝花,Panzhihua,0.01,12.56,16.98,8.19,2.584438998092099,0.44,9161542.0,10197300.0,1875.0859,101.75,26.55,2023,859.58,5.91,0.08,-0.17
2023-12-28,panzhihua,攀枝花,Panzhihua,0.0,13.49,18.61,8.02,3.294091319378489,0.69,11081172.0,12334432.0,1869.8125,101.75,26.55,2023,858.04,5.02,0.06,0.03
2023-12-29,panzhihua,攀枝花,Panzhihua,0.01,13.17,18.08,8.52,3.231718064862401,0.51,11188094.0,12453648.0,1854.5859,101.75,26.55,2023,858.5,4.61,-0.03,-0.02
2023-12-30,panzhihua,攀枝花,Panzhihua,0.27,12.69,17.88,6.58,3.1991613572553126,0.51,11439960.0,12734600.0,1834.1406,101.75,26.55,2023,858.16,5.64,0.21,0.29
2023-12-31,panzhihua,攀枝花,Panzhihua,0.0,12.69,18.33,6.48,3.4922624429072213,0.59,12425836.0,13832020.0,1815.375,101.75,26.55,2023,856.98,4.97,-0.13,-0.0
2024-01-01,panzhihua,攀枝花,Panzhihua,0.09,13.47,18.6,8.13,3.712264216982278,0.71,12361236.0,13759704.0,1801.2422,101.75,26.55,2024,855.67,2.97,0.14,0.13
2024-01-02,panzhihua,攀枝花,Panzhihua,0.12,13.24,18.73,7.91,3.8238949062637113,0.83,12710026.0,14148252.0,1784.3594,101.75,26.55,2024,857.0,2.8,-0.34,-0.18
2024-01-03,panzhihua,攀枝花,Panzhihua,0.01,11.54,16.59,7.0,3.2703415104937927,0.63,11889536.0,13234872.0,1766.8516,101.75,26.55,2024,856.8,3.78,-0.06,-0.34
2024-01-04,panzhihua,攀枝花,Panzhihua,0.01,13.69,19.14,6.66,4.315826812870152,1.03,13572232.0,15107832.0,1757.5781,101.75,26.55,2024,854.43,0.47,0.61,0.35
2024-01-05,panzhihua,攀枝花,Panzhihua,0.0,13.23,18.96,7.39,4.137828873966547,0.76,13737426.0,15291596.0,1756.3594,101.75,26.55,2024,856.35,0.67,0.09,0.09
2024-01-06,panzhihua,攀枝花,Panzhihua,0.0,13.59,19.15,7.99,4.165377846287762,0.65,13943536.0,15521392.0,1750.5078,101.75,26.55,2024,856.71,1.22,0.22,-0.0
2024-01-07,panzhihua,攀枝花,Panzhihua,0.0,13.81,19.6,7.29,4.133604941281473,0.74,13543050.0,15075160.0,1734.7969,101.75,26.55,2024,855.66,1.45,0.1,0.08
2024-01-08,panzhihua,攀枝花,Panzhihua,0.0,13.77,19.56,7.96,4.195002797105115,0.59,14165764.0,15768708.0,1713.7422,101.75,26.55,2024,855.56,1.85,0.14,-0.1
2024-01-09,panzhihua,攀枝花,Panzhihua,0.0,13.69,19.37,7.87,4.225703658550694,0.47,14473752.0,16111616.0,1691.75,101.75,26.55,2024,855.93,1.07,0.11,-0.19
2024-01-10,panzhihua,攀枝花,Panzhihua,0.0,14.23,20.08,8.56,4.249371918783137,0.73,13812908.0,15376052.0,1670.6016,101.75,26.55,2024,854.93,1.66,0.06,0.0
2024-01-11,panzhihua,攀枝花,Panzhihua,0.0,13.62,18.98,8.56,3.725148488973584,0.54,12689654.0,14125656.0,1650.9609,101.75,26.55,2024,855.95,3.34,-0.24,-0.11
2024-01-12,panzhihua,攀枝花,Panzhihua,0.0,14.08,19.77,8.32,3.988950330275292,0.54,13522280.0,15052948.0,1633.1328,101.75,26.55,2024,856.26,3.61,-0.1,0.03
2024-01-13,panzhihua,攀枝花,Panzhihua,0.0,14.43,20.4,8.26,4.374332610185346,0.51,14737230.0,16405132.0,1617.1641,101.75,26.55,2024,856.92,2.44,0.06,-0.12
2024-01-14,panzhihua,攀枝花,Panzhihua,0.0,14.72,20.93,8.66,4.53766964556037,0.59,14914214.0,16602188.0,1602.9375,101.75,26.55,2024,857.07,1.33,0.19,-0.18
2024-01-15,panzhihua,攀枝花,Panzhihua,0.0,15.83,21.5,8.34,4.418530324180325,0.91,13206114.0,14700244.0,1588.9688,101.75,26.55,2024,855.59,2.13,0.57,0.33
2024-01-16,panzhihua,攀枝花,Panzhihua,0.3,15.27,21.03,9.54,4.37245215739758,1.05,13396026.0,14913928.0,1574.2656,101.75,26.55,2024,854.86,3.63,0.81,-0.02
2024-01-17,panzhihua,攀枝花,Panzhihua,0.23,14.4,19.28,8.92,4.15528900182684,1.07,12823146.0,14278476.0,1559.6641,101.75,26.55,2024,854.02,2.61,0.82,0.29
2024-01-18,panzhihua,攀枝花,Panzhihua,0.01,14.84,20.35,8.62,4.898610456639749,1.3,14504396.0,16152452.0,1545.9219,101.75,26.55,2024,852.89,0.3,0.85,0.42
2024-01-19,panzhihua,攀枝花,Panzhihua,0.04,14.27,19.7,8.59,4.5796472050306685,1.04,13839776.0,15414468.0,1533.9375,101.75,26.55,2024,853.75,-1.5,0.41,0.37
2024-01-20,panzhihua,攀枝花,Panzhihua,0.0,14.09,19.21,7.9,4.5441005791455735,0.66,14977218.0,16683976.0,1522.2266,101.75,26.55,2024,854.75,0.14,0.35,-0.26
2024-01-21,panzhihua,攀枝花,Panzhihua,5.04,12.46,18.86,4.12,3.602417210616148,1.3,12174758.0,13563372.0,1511.5469,101.75,26.55,2024,854.86,4.54,0.28,-0.35
2024-01-22,panzhihua,攀枝花,Panzhihua,0.93,6.64,9.63,3.23,1.6394764188649116,0.9,6287892.0,7010044.0,1506.9766,101.75,26.55,2024,860.58,1.08,-0.22,-0.8
2024-01-23,panzhihua,攀枝花,Panzhihua,0.08,10.8,15.53,2.82,3.2226963100307824,0.73,11667006.0,13006444.0,1510.0156,101.75,26.55,2024,857.52,2.16,0.08,-0.47
2024-01-24,panzhihua,攀枝花,Panzhihua,0.83,13.63,18.72,8.66,3.65951975339013,1.26,11592742.0,12922812.0,1507.1172,101.75,26.55,2024,855.65,4.73,0.98,-0.19
2024-01-25,panzhihua,攀枝花,Panzhihua,1.42,10.85,14.5,5.54,1.7691065554481962,0.91,6187658.0,6897384.0,1500.7891,101.75,26.55,2024,857.75,6.43,0.8,-0.25
2024-01-26,panzhihua,攀枝花,Panzhihua,0.04,12.25,18.32,5.23,3.6772887332910633,1.15,12251454.0,13658896.0,1496.9609,101.75,26.55,2024,857.58,2.78,0.77,0.28
2024-01-27,panzhihua,攀枝花,Panzhihua,0.86,12.47,17.59,6.86,3.625697603917087,0.84,12936474.0,14424584.0,1496.1406,101.75,26.55,2024,857.11,5.35,0.58,-0.31
2024-01-28,panzhihua,攀枝花,Panzhihua,2.48,11.79,17.06,6.43,3.5995827381324648,0.78,12767094.0,14237676.0,1494.1094,101.75,26.55,2024,856.76,2.95,0.12,-0.16
2024-01-29,panzhihua,攀枝花,Panzhihua,0.01,13.48,19.11,6.54,4.5243168200872415,0.78,15368316.0,17140664.0,1491.4062,101.75,26.55,2024,855.18,2.29,0.48,-0.02
2024-01-30,panzhihua,攀枝花,Panzhihua,0.0,14.98,20.31,7.95,5.003483608660939,1.51,14162696.0,15798228.0,1483.7188,101.75,26.55,2024,853.85,-0.3,0.93,0.68
2024-01-31,panzhihua,攀枝花,Panzhihua,0.0,14.83,20.5,8.9,5.315453527872871,1.74,14941928.0,16670048.0,1469.3125,101.75,26.55,2024,853.94,-0.85,1.12,0.84
2024-02-01,panzhihua,攀枝花,Panzhihua,0.0,15.0,20.64,8.71,5.304495477241288,1.57,15087226.0,16834420.0,1451.7656,101.75,26.55,2024,853.83,-0.99,1.13,0.51
2024-02-02,panzhihua,攀枝花,Panzhihua,0.04,14.56,20.51,9.07,4.954435288145033,1.55,15249454.0,17017770.0,1434.125,101.75,26.55,2024,852.72,2.89,1.2,0.5
2024-02-03,panzhihua,攀枝花,Panzhihua,0.16,13.46,19.15,7.61,4.413566925264454,1.55,13823324.0,15428276.0,1418.875,101.75,26.55,2024,852.77,2.63,1.22,0.69
2024-02-04,panzhihua,攀枝花,Panzhihua,0.0,13.62,19.68,6.9,4.642620820506839,1.36,14181080.0,15830078.0,1407.4375,101.75,26.55,2024,854.59,0.04,0.88,0.52
2024-02-05,panzhihua,攀枝花,Panzhihua,0.0,15.04,21.0,7.84,5.3250474221891135,1.7,15671612.0,17496216.0,1397.0156,101.75,26.55,2024,853.68,1.63,1.03,0.97
2024-02-06,panzhihua,攀枝花,Panzhihua,0.52,15.48,21.82,9.59,5.195822503084348,1.73,14964628.0,16708948.0,1385.2969,101.75,26.55,2024,853.26,2.56,1.12,1.02
2024-02-07,panzhihua,攀枝花,Panzhihua,0.04,15.61,21.16,10.13,4.929338083393353,1.52,14265798.0,15931088.0,1373.375,101.75,26.55,2024,851.8,2.98,0.77,0.83
2024-02-08,panzhihua,攀枝花,Panzhihua,0.0,15.11,21.45,5.16,5.043678781371479,1.75,13864116.0,15484756.0,1365.0156,101.75,26.55,2024,852.93,0.41,0.66,0.59
2024-02-09,panzhihua,攀枝花,Panzhihua,0.0,10.3,14.11,4.77,3.5160503043496387,1.27,12206464.0,13636384.0,1360.0781,101.75,26.55,2024,861.76,0.6,-1.02,-0.74
2024-02-10,panzhihua,攀枝花,Panzhihua,0.0,13.09,17.66,7.76,3.9885764979623537,0.67,13355012.0,14920676.0,1355.1875,101.75,26.55,2024,863.86,0.72,-0.33,-0.27
2024-02-11,panzhihua,攀枝花,Panzhihua,0.22,14.37,19.34,9.57,3.778900712968436,1.18,11815542.0,13201658.0,1347.625,101.75,26.55,2024,860.58,5.3,1.0,-0.3
2024-02-12,panzhihua,攀枝花,Panzhihua,0.21,16.27,22.41,9.59,5.021313661573903,1.27,14711310.0,16439856.0,1336.9531,101.75,26.55,2024,856.92,3.4,0.94,0.44
2024-02-13,panzhihua,攀枝花,Panzhihua,0.0,17.17,22.96,9.66,5.959056905960421,0.99,17803474.0,19898348.0,1325.1875,101.75,26.55,2024,856.01,1.13,0.68,0.02
2024-02-14,panzhihua,攀枝花,Panzhihua,0.0,18.87,24.7,10.7,6.55330082350013,1.24,17923206.0,20035004.0,1313.9062,101.75,26.55,2024,854.7,-0.19,0.86,0.19
2024-02-15,panzhihua,攀枝花,Panzhihua,0.15,15.44,22.7,9.15,4.593543513679129,1.32,13575246.0,15177388.0,1303.625,101.75,26.55,2024,857.71,3.57,-0.76,-0.63
2024-02-16,panzhihua,攀枝花,Panzhihua,0.01,17.28,22.97,8.63,5.822903157569696,1.22,16807648.0,18795688.0,1294.9219,101.75,26.55,2024,854.59,1.9,0.6,0.44
2024-02-17,panzhihua,攀枝花,Panzhihua,0.0,17.64,24.4,11.13,6.85342288030301,1.88,18454002.0,20642342.0,1289.8594,101.75,26.55,2024,850.11,-0.28,1.33,1.06
2024-02-18,panzhihua,攀枝花,Panzhihua,0.0,18.49,25.17,11.75,6.844301712352173,1.68,18182692.0,20344432.0,1286.125,101.75,26.55,2024,851.13,0.04,1.3,0.67
2024-02-19,panzhihua,攀枝花,Panzhihua,0.0,18.98,25.78,12.11,6.743651362835378,1.79,17316570.0,19380610.0,1279.2812,101.75,26.55,2024,849.93,1.04,1.28,0.8
2024-02-20,panzhihua,攀枝花,Panzhihua,0.0,18.84,25.66,13.09,7.226306652545578,2.41,17406664.0,19486574.0,1269.375,101.75,26.55,2024,847.56,-0.16,1.66,1.43
2024-02-21,panzhihua,攀枝花,Panzhihua,0.0,18.93,26.26,13.26,6.636951016734523,2.06,16840246.0,18857360.0,1259.5781,101.75,26.55,2024,849.96,2.84,1.5,0.85
2024-02-22,panzhihua,攀枝花,Panzhihua,0.0,19.7,25.95,12.63,6.828187280730615,2.09,16925210.0,18957742.0,1251.25,101.75,26.55,2024,851.96,3.35,1.39,1.19
2024-02-23,panzhihua,攀枝花,Panzhihua,0.18,20.02,26.08,14.85,6.3658296039948805,2.22,15315094.0,17158990.0,1244.5156,101.75,26.55,2024,851.96,5.51,1.8,1.14
2024-02-24,panzhihua,攀枝花,Panzhihua,0.14,19.58,25.63,13.08,6.6482407851704455,1.86,16699320.0,18714854.0,1240.75,101.75,26.55,2024,854.18,2.76,1.09,1.32
2024-02-25,panzhihua,攀枝花,Panzhihua,0.0,19.18,25.11,12.49,6.578569306264337,2.09,16142854.0,18095926.0,1245.6562,101.75,26.55,2024,853.68,2.51,1.32,1.38
2024-02-26,panzhihua,攀枝花,Panzhihua,0.0,19.95,26.12,13.27,7.093821054753136,1.84,17971158.0,20151020.0,1267.0625,101.75,26.55,2024,853.45,2.28,1.13,1.0
2024-02-27,panzhihua,攀枝花,Panzhihua,0.0,20.87,27.36,13.73,7.459985891632085,1.83,18291370.0,20515970.0,1300.125,101.75,26.55,2024,851.24,1.38,1.28,1.01
2024-02-28,panzhihua,攀枝花,Panzhihua,0.01,19.46,26.07,13.07,7.077178561543122,2.08,17913588.0,20097266.0,1331.3438,101.75,26.55,2024,850.55,2.68,1.23,1.33
2024-02-29,panzhihua,攀枝花,Panzhihua,0.04,19.13,24.21,12.63,5.88775244363934,1.4,15006826.0,16840946.0,1354.5625,101.75,26.55,2024,852.75,1.26,0.72,0.85
2024-03-01,panzhihua,攀枝花,Panzhihua,0.0,20.4,26.13,12.64,7.171872383441433,1.07,19404470.0,21782162.0,1366.7344,101.75,26.55,2024,852.81,-1.0,0.52,0.2
2024-03-02,panzhihua,攀枝花,Panzhihua,0.0,20.52,27.59,13.54,7.920605984349327,1.64,20301300.0,22794852.0,1364.875,101.75,26.55,2024,851.0,-0.96,1.29,0.65
2024-03-03,panzhihua,攀枝花,Panzhihua,0.0,21.05,27.55,13.64,8.248566461980143,2.05,20328718.0,22831792.0,1350.4531,101.75,26.55,2024,847.57,0.89,1.28,1.34
2024-03-04,panzhihua,攀枝花,Panzhihua,0.0,21.93,29.37,15.0,8.42868559371018,2.29,20276418.0,22779240.0,1327.4688,101.75,26.55,2024,847.54,3.47,1.3,1.56
2024-03-05,panzhihua,攀枝花,Panzhihua,0.0,21.83,28.28,15.48,8.33476491890205,2.03,20144402.0,22637214.0,1301.2812,101.75,26.55,2024,848.98,1.67,1.21,1.38
2024-03-06,panzhihua,攀枝花,Panzhihua,0.0,21.77,27.88,14.85,8.489575010618744,1.89,20565192.0,23116204.0,1277.6562,101.75,26.55,2024,850.11,-0.77,1.33,0.94
2024-03-07,panzhihua,攀枝花,Panzhihua,0.0,21.41,28.09,11.89,8.193954290694657,1.53,20607130.0,23169820.0,1259.5781,101.75,26.55,2024,851.05,-2.37,0.96,0.29
2024-03-08,panzhihua,攀枝花,Panzhihua,0.0,20.47,27.75,10.9,8.041166281849124,1.72,20053412.0,22553552.0,1245.3906,101.75,26.55,2024,850.96,-3.33,0.62,0.95
2024-03-09,panzhihua,攀枝花,Panzhihua,0.0,21.12,27.44,13.32,8.48734638808344,1.64,21268572.0,23926308.0,1231.6875,101.75,26.55,2024,851.65,-4.05,1.09,0.74
2024-03-10,panzhihua,攀枝花,Panzhihua,0.0,20.8,26.88,11.88,8.217273938655659,1.42,21234030.0,23894080.0,1218.5,101.75,26.55,2024,854.9,-4.19,0.45,0.24
2024-03-11,panzhihua,攀枝花,Panzhihua,0.0,18.36,24.42,11.03,6.9793167025741925,0.81,21057944.0,23702076.0,1207.0625,101.75,26.55,2024,856.9,1.35,0.17,-0.44
2024-03-12,panzhihua,攀枝花,Panzhihua,0.0,21.79,28.07,12.61,7.878062195182967,1.94,18468406.0,20793134.0,1196.2656,101.75,26.55,2024,850.97,0.76,1.11,1.28
2024-03-13,panzhihua,攀枝花,Panzhihua,0.0,21.9,27.29,14.57,6.8945021894273,1.41,16683269.0,18787928.0,1185.6719,101.75,26.55,2024,851.46,1.59,0.65,0.79
2024-03-14,panzhihua,攀枝花,Panzhihua,0.0,21.56,28.55,14.75,8.40410623074976,2.11,19935268.0,22457116.0,1174.6875,101.75,26.55,2024,850.78,-0.0,1.24,1.36
2024-03-15,panzhihua,攀枝花,Panzhihua,0.0,22.54,29.71,14.8,8.936595803869729,1.98,21501814.0,24227998.0,1162.2656,101.75,26.55,2024,851.97,0.66,1.19,1.28
2024-03-16,panzhihua,攀枝花,Panzhihua,0.0,23.13,29.88,15.11,8.985282254168677,1.74,21972248.0,24762266.0,1149.375,101.75,26.55,2024,853.37,1.19,1.32,0.79
2024-03-17,panzhihua,攀枝花,Panzhihua,0.0,23.91,30.34,16.28,9.001448812043723,1.73,21508472.0,24243656.0,1137.4219,101.75,26.55,2024,852.76,1.73,1.25,0.89
2024-03-18,panzhihua,攀枝花,Panzhihua,0.0,22.53,29.78,11.53,8.594904291890051,1.43,21959364.0,24755832.0,1127.25,101.75,26.55,2024,854.34,0.87,0.26,0.11
2024-03-19,panzhihua,攀枝花,Panzhihua,0.29,18.65,23.63,11.5,5.9725668676998565,1.13,17153396.0,19341106.0,1120.0469,101.75,26.55,2024,858.23,5.14,-0.24,-0.97
2024-03-20,panzhihua,攀枝花,Panzhihua,0.4,20.05,25.53,14.26,4.6650898804069545,1.06,13029166.0,14694198.0,1117.125,101.75,26.55,2024,856.34,10.61,0.73,-0.27
2024-03-21,panzhihua,攀枝花,Panzhihua,0.02,24.03,30.77,14.74,8.433020429413492,1.61,20415716.0,23027410.0,1117.0,101.75,26.55,2024,849.73,4.48,1.0,0.96
2024-03-22,panzhihua,攀枝花,Panzhihua,0.78,20.17,26.71,13.86,6.4481812484792105,1.94,15723226.0,17737548.0,1118.7812,101.75,26.55,2024,846.65,4.7,1.41,1.04
2024-03-23,panzhihua,攀枝花,Panzhihua,0.0,21.12,28.97,13.41,7.779339230089072,1.95,19613612.0,22129650.0,1121.2969,101.75,26.55,2024,848.43,4.06,1.42,0.94
2024-03-24,panzhihua,攀枝花,Panzhihua,0.1,21.46,27.83,14.15,8.18500593219151,1.87,21033532.0,23735668.0,1124.0938,101.75,26.55,2024,851.74,4.24,1.3,1.01
2024-03-25,panzhihua,攀枝花,Panzhihua,0.0,23.54,29.24,13.6,8.38724520855163,0.99,22278938.0,25145280.0,1129.1094,101.75,26.55,2024,854.2,3.65,0.73,-0.23
2024-03-26,panzhihua,攀枝花,Panzhihua,0.0,23.87,30.27,16.79,9.00020558680883,1.9,21263444.0,24002936.0,1136.3281,101.75,26.55,2024,854.18,2.92,1.18,1.21
2024-03-27,panzhihua,攀枝花,Panzhihua,0.01,22.89,28.36,15.14,8.705888016573825,1.85,21129632.0,23855684.0,1145.1094,101.75,26.55,2024,853.82,2.47,0.9,1.13
2024-03-28,panzhihua,攀枝花,Panzhihua,1.27,21.96,27.78,14.77,7.645025088471629,0.73,21505422.0,24284590.0,1155.5312,101.75,26.55,2024,854.84,3.52,-0.07,-0.26
2024-03-29,panzhihua,攀枝花,Panzhihua,0.06,22.46,28.01,14.26,7.9137621832604275,1.48,21042160.0,23765310.0,1166.25,101.75,26.55,2024,851.64,7.72,1.19,0.48
2024-03-30,panzhihua,攀枝花,Panzhihua,0.0,24.5,30.2,16.93,8.197420388137713,1.65,19880048.0,22456948.0,1177.2188,101.75,26.55,2024,850.91,7.55,0.93,0.91
2024-03-31,panzhihua,攀枝花,Panzhihua,0.22,23.88,30.94,17.37,7.586838796698037,1.72,18455780.0,20850488.0,1188.3125,101.75,26.55,2024,848.69,8.69,1.34,0.76
