date,station_slug,station_name,station_en,pr,tmean,tmax,tmin,et0,wind,rad_net,rad_down,runoff,longitude,latitude,year,surface_pressure_hpa,dewpoint,wind_v,wind_u
2010-01-01,shigu,石鼓,Shigu,0.18,5.36,10.9,0.66,2.9410525918150783,1.35,12547762.0,13962296.0,881.10156,99.95,26.95,2010,755.68,-2.81,-0.37,1.24
2010-01-02,shigu,石鼓,Shigu,0.0,5.01,12.68,-1.9,3.521746266801516,1.16,14908116.0,16590956.0,875.53125,99.95,26.95,2010,758.72,-7.42,-0.62,0.93
2010-01-03,shigu,石鼓,Shigu,0.0,5.91,13.69,-1.88,3.8227317387067767,1.22,15023960.0,16720980.0,869.28906,99.95,26.95,2010,756.61,-9.99,-0.6,1.03
2010-01-04,shigu,石鼓,Shigu,0.0,7.21,15.2,-0.74,3.787456743917648,1.47,14695128.0,16356760.0,862.5078,99.95,26.95,2010,751.9,-4.2,-0.55,1.35
2010-01-05,shigu,石鼓,Shigu,0.0,6.81,13.27,0.86,3.504304038386276,1.43,14522412.0,16166680.0,855.9219,99.95,26.95,2010,754.14,-1.75,-0.59,1.28
2010-01-06,shigu,石鼓,Shigu,0.0,7.01,13.68,1.37,3.3799560280992287,1.33,13534500.0,15069188.0,849.625,99.95,26.95,2010,756.82,-2.24,-0.3,1.18
2010-01-07,shigu,石鼓,Shigu,0.0,7.25,14.6,0.61,3.726303964034154,1.0,14876918.0,16566244.0,843.40625,99.95,26.95,2010,759.04,-4.23,-0.54,0.8
2010-01-08,shigu,石鼓,Shigu,0.0,7.45,14.92,0.44,3.8252710285241984,1.36,14963770.0,16665668.0,837.28125,99.95,26.95,2010,756.26,-3.58,-0.52,1.22
2010-01-09,shigu,石鼓,Shigu,0.0,6.39,13.16,0.71,3.5875162715981364,1.65,14860658.0,16553616.0,831.28125,99.95,26.95,2010,754.52,-2.85,-0.63,1.51
2010-01-10,shigu,石鼓,Shigu,0.0,7.17,14.04,0.7,3.518073140803292,1.27,14583860.0,16248044.0,825.34375,99.95,26.95,2010,754.72,-0.99,-0.47,1.14
2010-01-11,shigu,石鼓,Shigu,0.01,7.94,14.04,2.1,2.97243665910715,1.08,11298598.0,12590100.0,819.5469,99.95,26.95,2010,755.16,-0.9,-0.18,1.0
2010-01-12,shigu,石鼓,Shigu,0.16,7.7,12.75,2.9,2.646216331402264,1.09,9743284.0,10861144.0,814.0,99.95,26.95,2010,755.99,-1.21,0.05,0.89
2010-01-13,shigu,石鼓,Shigu,0.0,8.1,14.28,2.49,3.1998581101422787,0.97,12356978.0,13776656.0,808.7656,99.95,26.95,2010,758.16,-1.11,-0.09,0.84
2010-01-14,shigu,石鼓,Shigu,0.0,9.09,15.55,2.74,3.92679748869744,1.59,14282736.0,15925212.0,803.75,99.95,26.95,2010,758.07,-1.41,-0.25,1.53
2010-01-15,shigu,石鼓,Shigu,0.01,7.88,13.87,2.51,3.604357613146537,1.27,13953878.0,15560536.0,798.5625,99.95,26.95,2010,761.28,-2.08,-0.63,1.06
2010-01-16,shigu,石鼓,Shigu,0.0,8.85,16.27,2.23,4.06513405488517,1.22,15399664.0,17175376.0,793.3125,99.95,26.95,2010,762.11,-2.07,-0.5,1.02
2010-01-17,shigu,石鼓,Shigu,0.0,9.85,17.39,2.08,4.234435908285427,0.81,15590156.0,17391000.0,787.6406,99.95,26.95,2010,761.83,-3.59,-0.21,0.61
2010-01-18,shigu,石鼓,Shigu,0.0,9.71,17.36,1.83,4.424785254341464,1.37,15673736.0,17487608.0,781.625,99.95,26.95,2010,759.13,-3.67,-0.41,1.26
2010-01-19,shigu,石鼓,Shigu,0.0,9.82,16.54,2.83,4.1365271043600425,1.25,14470812.0,16148980.0,775.9219,99.95,26.95,2010,758.1,-3.3,-0.42,1.14
2010-01-20,shigu,石鼓,Shigu,0.0,8.96,15.97,2.07,4.383104290567884,1.36,15837078.0,17677008.0,770.7344,99.95,26.95,2010,759.66,-5.06,-0.42,1.22
2010-01-21,shigu,石鼓,Shigu,0.0,9.24,17.07,1.75,4.447457986592784,1.1,16113334.0,17989028.0,765.53125,99.95,26.95,2010,758.96,-5.99,-0.31,0.93
2010-01-22,shigu,石鼓,Shigu,0.0,9.19,16.12,1.86,4.580809976326421,1.21,16194362.0,18083192.0,760.0469,99.95,26.95,2010,758.68,-8.01,-0.13,1.07
2010-01-23,shigu,石鼓,Shigu,0.0,9.26,15.96,2.26,4.541876156139057,1.17,16208856.0,18103132.0,754.4219,99.95,26.95,2010,757.88,-7.02,-0.12,1.09
2010-01-24,shigu,石鼓,Shigu,0.0,8.14,14.54,1.98,4.177023690981438,1.45,15343230.0,17139964.0,748.90625,99.95,26.95,2010,758.94,-5.51,-0.28,1.35
2010-01-25,shigu,石鼓,Shigu,0.0,9.29,16.11,1.79,4.380961149159665,0.99,15746550.0,17594148.0,743.6719,99.95,26.95,2010,758.71,-7.16,0.06,0.89
2010-01-26,shigu,石鼓,Shigu,0.37,6.17,11.34,1.74,3.052541105476976,1.32,12396692.0,13859888.0,738.5469,99.95,26.95,2010,757.11,-2.65,-0.08,1.27
2010-01-27,shigu,石鼓,Shigu,0.38,6.01,12.08,0.81,3.75593700788862,1.56,15535724.0,17384914.0,733.4531,99.95,26.95,2010,757.89,-4.63,-0.5,1.46
2010-01-28,shigu,石鼓,Shigu,0.0,7.7,15.27,0.65,4.258014033011688,1.5,16603408.0,18578124.0,728.34375,99.95,26.95,2010,757.49,-4.06,-0.39,1.41
2010-01-29,shigu,石鼓,Shigu,0.0,8.46,15.99,1.52,4.38007591337744,1.46,16612264.0,18586692.0,723.0781,99.95,26.95,2010,756.31,-3.54,-0.37,1.39
2010-01-30,shigu,石鼓,Shigu,0.0,7.94,14.3,1.86,4.119178264090117,1.51,15462684.0,17300808.0,717.8906,99.95,26.95,2010,755.54,-4.47,-0.21,1.45
2010-01-31,shigu,石鼓,Shigu,0.0,7.68,14.22,1.66,4.052912338832088,1.61,15666048.0,17530284.0,713.2656,99.95,26.95,2010,756.77,-3.39,-0.39,1.52
2010-02-01,shigu,石鼓,Shigu,0.0,8.14,14.2,2.33,4.215416779079509,1.58,15452718.0,17293284.0,709.21875,99.95,26.95,2010,755.17,-5.1,-0.14,1.52
2010-02-02,shigu,石鼓,Shigu,0.01,8.07,14.28,2.22,4.284560305318284,1.59,15930596.0,17830632.0,704.90625,99.95,26.95,2010,754.67,-4.94,-0.24,1.53
2010-02-03,shigu,石鼓,Shigu,0.01,8.25,14.56,2.84,4.248730959918643,1.69,15454210.0,17300800.0,700.53125,99.95,26.95,2010,754.7,-4.79,0.03,1.62
2010-02-04,shigu,石鼓,Shigu,0.03,7.77,14.12,2.51,3.959201342447285,1.71,15062110.0,16867340.0,696.7031,99.95,26.95,2010,755.22,-3.1,-0.06,1.63
2010-02-05,shigu,石鼓,Shigu,0.62,6.61,13.12,0.72,3.844094008007223,1.58,15790156.0,17689116.0,693.0,99.95,26.95,2010,755.21,-3.35,-0.13,1.49
2010-02-06,shigu,石鼓,Shigu,0.08,5.68,12.57,0.27,3.960725213982093,1.51,16807772.0,18830880.0,688.59375,99.95,26.95,2010,758.25,-5.45,-0.76,1.29
2010-02-07,shigu,石鼓,Shigu,0.0,8.65,16.87,0.33,4.846644462881312,1.31,18032774.0,20204880.0,683.40625,99.95,26.95,2010,757.1,-6.85,-0.37,1.18
2010-02-08,shigu,石鼓,Shigu,0.0,8.92,16.72,1.19,4.7504335447031085,1.55,17882626.0,20039512.0,677.40625,99.95,26.95,2010,754.64,-3.5,-0.48,1.45
2010-02-09,shigu,石鼓,Shigu,0.0,8.86,16.98,2.28,4.633405644191352,1.77,17722096.0,19863228.0,671.3125,99.95,26.95,2010,754.09,-2.0,-0.51,1.68
2010-02-10,shigu,石鼓,Shigu,0.04,7.97,15.01,1.56,3.9106017424779,1.81,15931956.0,17860700.0,665.9375,99.95,26.95,2010,755.7,0.06,-0.4,1.74
2010-02-11,shigu,石鼓,Shigu,0.0,8.07,15.94,1.31,4.392580762638567,1.77,17387684.0,19497008.0,662.625,99.95,26.95,2010,758.1,-2.11,-0.47,1.67
2010-02-12,shigu,石鼓,Shigu,0.01,10.05,17.68,2.46,4.899527216334056,1.35,18076648.0,20273112.0,661.5,99.95,26.95,2010,756.05,-1.88,-0.17,1.32
2010-02-13,shigu,石鼓,Shigu,0.48,7.77,14.37,2.66,3.867933063784672,1.75,15925808.0,17894956.0,660.15625,99.95,26.95,2010,753.6,0.05,0.09,1.69
2010-02-14,shigu,石鼓,Shigu,0.43,8.0,14.17,2.56,3.9266764304170647,1.55,15865612.0,17832456.0,661.15625,99.95,26.95,2010,753.58,-0.27,0.05,1.51
2010-02-15,shigu,石鼓,Shigu,0.42,6.98,14.07,0.59,3.62185705808797,1.67,14982994.0,16872156.0,668.59375,99.95,26.95,2010,755.77,-1.08,-0.24,1.61
2010-02-16,shigu,石鼓,Shigu,0.06,7.49,14.93,0.42,4.177178597758124,1.8,17247978.0,19386864.0,677.9375,99.95,26.95,2010,755.68,-1.38,-0.23,1.74
2010-02-17,shigu,石鼓,Shigu,3.29,8.03,13.68,2.02,3.873389102191587,1.43,16014400.0,18000900.0,685.03125,99.95,26.95,2010,753.87,0.73,0.39,1.33
2010-02-18,shigu,石鼓,Shigu,0.72,6.6,12.83,1.2,3.733611110246399,1.59,15630420.0,17913992.0,692.5625,99.95,26.95,2010,754.85,-1.45,0.2,1.45
2010-02-19,shigu,石鼓,Shigu,0.03,5.84,12.81,-1.25,3.3602639637105978,1.43,14324848.0,16229378.0,700.09375,99.95,26.95,2010,755.92,-2.26,-0.39,1.31
2010-02-20,shigu,石鼓,Shigu,0.04,6.52,14.52,-1.18,4.190638554311466,1.42,18334064.0,20671430.0,699.875,99.95,26.95,2010,755.02,-1.84,-0.58,1.27
2010-02-21,shigu,石鼓,Shigu,0.0,6.26,14.11,-0.21,4.209911485565547,1.61,18434096.0,20745286.0,692.03125,99.95,26.95,2010,756.6,-2.73,-0.8,1.4
2010-02-22,shigu,石鼓,Shigu,0.0,9.17,18.34,-2.22,5.107959293131648,1.28,19602180.0,22048554.0,680.9375,99.95,26.95,2010,756.59,-3.36,-0.48,1.15
2010-02-23,shigu,石鼓,Shigu,0.0,8.67,16.42,1.25,4.379741076437918,1.63,16818746.0,18917184.0,669.0,99.95,26.95,2010,752.87,-1.64,-0.31,1.57
2010-02-24,shigu,石鼓,Shigu,0.72,7.44,15.18,0.73,4.4552937317672106,1.83,19190464.0,21589438.0,657.34375,99.95,26.95,2010,752.36,-0.67,-0.26,1.77
2010-02-25,shigu,石鼓,Shigu,0.23,7.3,14.81,0.73,4.010429302243994,1.68,16881592.0,18996822.0,648.21875,99.95,26.95,2010,754.5,-0.76,-0.49,1.58
2010-02-26,shigu,石鼓,Shigu,0.01,8.45,16.62,0.73,4.7796502421719245,1.6,19292386.0,21714704.0,641.65625,99.95,26.95,2010,755.85,-1.31,-0.72,1.42
2010-02-27,shigu,石鼓,Shigu,0.07,9.82,17.69,1.5,5.221163920588372,1.43,19484622.0,21936212.0,635.59375,99.95,26.95,2010,754.46,-2.68,-0.09,1.37
2010-02-28,shigu,石鼓,Shigu,0.45,7.37,14.62,1.57,3.871264112680581,1.5,16774128.0,18891718.0,628.09375,99.95,26.95,2010,755.87,0.82,-0.36,1.43
2010-03-01,shigu,石鼓,Shigu,0.01,9.7,18.57,1.43,5.071706658956192,1.52,19403946.0,21858564.0,619.6875,99.95,26.95,2010,755.52,-0.93,-0.38,1.43
2010-03-02,shigu,石鼓,Shigu,1.18,8.69,16.29,2.8,4.226168911637422,1.58,17500094.0,19719140.0,612.1875,99.95,26.95,2010,752.94,1.79,0.13,1.51
2010-03-03,shigu,石鼓,Shigu,4.25,5.17,12.07,0.67,2.3065867142343293,1.29,11088210.0,12558484.0,609.96875,99.95,26.95,2010,754.25,2.01,-0.33,1.19
2010-03-04,shigu,石鼓,Shigu,0.8,7.2,15.01,0.37,4.234291171145318,1.75,18596086.0,21129964.0,620.5,99.95,26.95,2010,753.14,0.28,-0.25,1.7
2010-03-05,shigu,石鼓,Shigu,2.37,8.24,15.53,1.77,4.3247017281023385,1.64,17981960.0,20344976.0,636.03125,99.95,26.95,2010,752.59,0.71,0.09,1.59
2010-03-06,shigu,石鼓,Shigu,1.39,7.64,15.04,2.08,3.9991763679443104,1.58,17475782.0,20045912.0,651.0,99.95,26.95,2010,755.04,2.12,-0.09,1.49
2010-03-07,shigu,石鼓,Shigu,0.32,8.93,16.79,2.02,4.717649535362954,1.67,19409288.0,22039234.0,672.375,99.95,26.95,2010,755.3,1.43,-0.23,1.6
2010-03-08,shigu,石鼓,Shigu,0.56,8.61,16.25,2.21,4.251431103497771,1.62,18165184.0,20550148.0,696.0,99.95,26.95,2010,757.73,2.77,-0.29,1.54
2010-03-09,shigu,石鼓,Shigu,0.19,10.89,18.32,3.15,4.80747997962779,1.51,17331112.0,19575996.0,712.875,99.95,26.95,2010,759.29,0.66,0.06,1.37
2010-03-10,shigu,石鼓,Shigu,0.85,9.45,17.14,1.73,4.745880725996568,1.61,19294972.0,21790380.0,718.125,99.95,26.95,2010,759.33,2.09,-0.41,1.49
2010-03-11,shigu,石鼓,Shigu,0.14,10.42,18.83,2.08,5.1374491950936365,1.76,19587294.0,22124592.0,715.03125,99.95,26.95,2010,759.29,1.23,-0.62,1.62
2010-03-12,shigu,石鼓,Shigu,0.0,10.79,19.28,3.21,5.325621867454856,1.84,20433520.0,23085626.0,708.40625,99.95,26.95,2010,757.13,2.11,-0.52,1.74
2010-03-13,shigu,石鼓,Shigu,0.01,10.32,18.5,2.53,5.0768438057163525,1.94,19322742.0,21836820.0,696.875,99.95,26.95,2010,755.09,1.15,-0.47,1.85
2010-03-14,shigu,石鼓,Shigu,0.3,10.22,17.94,2.24,5.482403824616412,1.76,20798540.0,23510828.0,682.3125,99.95,26.95,2010,755.71,-0.44,-0.39,1.67
2010-03-15,shigu,石鼓,Shigu,0.47,10.93,18.23,2.92,5.592537266422637,1.51,20574116.0,23262994.0,668.0625,99.95,26.95,2010,758.38,-0.42,-0.27,1.43
2010-03-16,shigu,石鼓,Shigu,0.8,10.12,16.38,3.22,4.820983798952444,1.25,18356030.0,20759726.0,654.9375,99.95,26.95,2010,760.96,0.69,-0.1,1.15
2010-03-17,shigu,石鼓,Shigu,0.27,11.96,18.91,2.35,5.509462937043998,0.76,19687378.0,22270116.0,641.96875,99.95,26.95,2010,763.56,-1.24,-0.2,0.48
2010-03-18,shigu,石鼓,Shigu,0.01,13.14,21.29,4.37,6.329805015507812,1.34,21054600.0,23821868.0,629.59375,99.95,26.95,2010,761.7,-2.5,-0.28,1.2
2010-03-19,shigu,石鼓,Shigu,0.01,12.26,19.77,3.98,6.128030936166429,1.58,20922744.0,23677912.0,618.0625,99.95,26.95,2010,758.25,-1.99,-0.57,1.46
2010-03-20,shigu,石鼓,Shigu,0.0,14.54,22.66,4.87,6.752770178513551,0.98,21279996.0,24087576.0,606.40625,99.95,26.95,2010,758.34,-8.67,-0.57,0.21
2010-03-21,shigu,石鼓,Shigu,0.0,15.22,23.73,4.74,7.3415980770773315,1.63,22921156.0,25950890.0,595.03125,99.95,26.95,2010,754.66,-1.59,-0.17,1.58
2010-03-22,shigu,石鼓,Shigu,0.26,12.78,19.64,5.78,4.662443611518119,1.84,15770334.0,17859094.0,587.125,99.95,26.95,2010,752.68,4.13,-0.28,1.78
2010-03-23,shigu,石鼓,Shigu,0.23,12.26,17.56,5.78,3.4112932554046225,1.56,11627984.0,13171068.0,585.9375,99.95,26.95,2010,751.89,5.82,-0.08,1.52
2010-03-24,shigu,石鼓,Shigu,0.48,13.89,19.59,8.02,3.666039254702612,1.49,11769350.0,13333218.0,594.4375,99.95,26.95,2010,754.29,6.8,0.02,1.44
2010-03-25,shigu,石鼓,Shigu,7.99,10.31,16.12,6.3,2.8694328672941407,0.95,11233104.0,12728776.0,615.875,99.95,26.95,2010,757.76,6.33,0.54,-0.31
2010-03-26,shigu,石鼓,Shigu,0.5,12.1,19.72,6.42,4.0356883810512585,1.53,14441332.0,16368294.0,653.0,99.95,26.95,2010,756.54,5.44,-0.06,1.4
2010-03-27,shigu,石鼓,Shigu,2.69,11.37,18.5,5.63,4.11681957840119,0.91,15681572.0,17778406.0,709.3125,99.95,26.95,2010,758.42,5.76,0.09,0.82
2010-03-28,shigu,石鼓,Shigu,3.29,10.03,15.56,5.85,3.7624755169941104,1.24,15291756.0,17340650.0,777.21875,99.95,26.95,2010,756.37,5.53,0.17,1.19
2010-03-29,shigu,石鼓,Shigu,0.42,9.67,15.35,5.75,3.297411174746906,1.38,12878470.0,14606424.0,858.71875,99.95,26.95,2010,754.93,4.23,-0.11,1.37
2010-03-30,shigu,石鼓,Shigu,1.52,10.74,15.96,6.22,3.3402725059783624,1.27,12354692.0,14015372.0,920.375,99.95,26.95,2010,754.79,4.77,0.14,1.25
2010-03-31,shigu,石鼓,Shigu,12.54,8.32,13.49,4.86,2.97984769764914,1.28,12944370.0,14688954.0,942.75,99.95,26.95,2010,753.9,4.93,0.23,1.2
2010-04-01,shigu,石鼓,Shigu,3.98,9.07,15.15,4.97,3.267862361881669,1.14,13136164.0,15241744.0,957.8125,99.95,26.95,2010,754.21,4.59,0.54,0.91
2010-04-02,shigu,石鼓,Shigu,2.38,9.38,15.51,4.6,3.419114540564695,1.38,14146952.0,16217078.0,980.9375,99.95,26.95,2010,755.47,5.36,0.28,1.26
2010-04-03,shigu,石鼓,Shigu,0.5,10.93,17.95,3.82,4.541998593667712,1.73,17895060.0,20386110.0,1000.40625,99.95,26.95,2010,756.29,5.16,0.05,1.66
2010-04-04,shigu,石鼓,Shigu,0.95,10.18,16.99,3.85,4.180868122491783,1.5,17155878.0,19502294.0,1019.78125,99.95,26.95,2010,757.3,5.44,-0.4,1.39
2010-04-05,shigu,石鼓,Shigu,0.6,11.68,19.11,4.39,5.287580281698082,1.72,20342098.0,23112756.0,1039.1875,99.95,26.95,2010,755.51,4.83,-0.14,1.65
2010-04-06,shigu,石鼓,Shigu,1.14,12.61,18.72,5.31,5.399372676417325,1.59,19622466.0,22295418.0,1052.5312,99.95,26.95,2010,756.81,4.67,0.06,1.47
2010-04-07,shigu,石鼓,Shigu,2.77,10.05,16.79,1.47,4.046741218115857,1.43,16091892.0,18288514.0,1054.4688,99.95,26.95,2010,760.43,4.33,-0.62,1.25
2010-04-08,shigu,石鼓,Shigu,0.0,13.21,21.44,2.52,7.145948141713754,1.41,24709714.0,28087042.0,1050.8125,99.95,26.95,2010,758.12,-0.93,-0.27,1.31
2010-04-09,shigu,石鼓,Shigu,0.02,13.81,21.18,6.44,5.836490746565683,1.81,20569864.0,23386230.0,1034.3438,99.95,26.95,2010,754.02,5.7,-0.44,1.73
2010-04-10,shigu,石鼓,Shigu,0.6,12.66,18.19,7.11,3.4954237178267213,1.46,12402850.0,14105104.0,1007.5625,99.95,26.95,2010,752.65,7.41,-0.15,1.4
2010-04-11,shigu,石鼓,Shigu,2.7,11.15,16.7,5.5,3.8548787973239422,1.63,14584344.0,16589410.0,994.84375,99.95,26.95,2010,754.9,5.53,-0.62,1.48
2010-04-12,shigu,石鼓,Shigu,0.01,13.93,21.41,5.5,5.201128715226228,1.42,18170342.0,20672092.0,1001.46875,99.95,26.95,2010,755.07,6.63,-0.32,1.35
2010-04-13,shigu,石鼓,Shigu,0.39,13.11,18.88,6.51,3.840712506174275,1.4,13531778.0,15398238.0,994.96875,99.95,26.95,2010,755.04,7.48,0.09,1.34
2010-04-14,shigu,石鼓,Shigu,2.74,12.61,19.15,5.32,4.659989935733991,1.69,16964624.0,19309258.0,984.1875,99.95,26.95,2010,757.84,6.14,-0.33,1.58
2010-04-15,shigu,石鼓,Shigu,0.16,14.04,21.91,5.41,6.719186958172583,1.3,22854354.0,26017992.0,994.3125,99.95,26.95,2010,759.08,2.0,-0.47,1.18
2010-04-16,shigu,石鼓,Shigu,0.45,14.29,22.48,5.21,6.129514952098447,1.38,21085172.0,24005998.0,1005.125,99.95,26.95,2010,757.19,5.08,-0.07,1.33
2010-04-17,shigu,石鼓,Shigu,0.24,14.81,22.44,6.72,6.137936102700123,1.47,20886212.0,23782202.0,1000.15625,99.95,26.95,2010,756.28,6.02,-0.14,1.45
2010-04-18,shigu,石鼓,Shigu,6.69,11.1,15.91,7.05,2.486299009643873,1.15,9437434.0,10746862.0,979.15625,99.95,26.95,2010,755.85,7.73,-0.23,1.11
2010-04-19,shigu,石鼓,Shigu,0.64,14.12,20.74,8.59,4.956958226649072,1.46,17390134.0,19804572.0,953.15625,99.95,26.95,2010,752.33,7.71,0.07,1.44
2010-04-20,shigu,石鼓,Shigu,2.76,12.9,18.06,8.67,2.9760272287074865,1.28,10671898.0,12154574.0,934.9375,99.95,26.95,2010,751.72,8.92,0.09,1.22
2010-04-21,shigu,石鼓,Shigu,5.72,12.7,18.22,8.97,2.98093182748788,1.07,10920750.0,12439388.0,925.09375,99.95,26.95,2010,754.23,9.07,0.07,1.02
2010-04-22,shigu,石鼓,Shigu,3.21,13.7,18.82,9.65,3.71332408567281,0.91,13258784.0,15104008.0,932.78125,99.95,26.95,2010,756.7,9.25,0.44,0.76
2010-04-23,shigu,石鼓,Shigu,14.24,11.6,17.55,6.38,3.3660091283433373,0.86,13727586.0,15638606.0,977.09375,99.95,26.95,2010,757.65,10.36,0.22,0.3
2010-04-24,shigu,石鼓,Shigu,1.04,12.79,19.49,5.87,5.529747014586119,1.73,20278932.0,23104778.0,1060.25,99.95,26.95,2010,755.44,5.39,-0.05,1.68
2010-04-25,shigu,石鼓,Shigu,1.18,13.11,18.98,6.9,5.601565873325519,1.52,20230304.0,23051546.0,1145.9062,99.95,26.95,2010,756.31,5.44,0.07,1.49
2010-04-26,shigu,石鼓,Shigu,9.63,7.76,10.84,4.3,1.6339470277207917,0.97,6875330.0,7845138.0,1240.9688,99.95,26.95,2010,761.55,5.4,-0.64,0.65
2010-04-27,shigu,石鼓,Shigu,0.0,11.13,17.22,4.63,5.0175369268089645,1.01,18601606.0,21224724.0,1324.4062,99.95,26.95,2010,759.06,2.04,0.0,0.9
2010-04-28,shigu,石鼓,Shigu,0.98,12.18,20.76,4.78,6.291341383795634,0.62,23391116.0,26668332.0,1360.1875,99.95,26.95,2010,758.52,3.59,-0.03,0.11
2010-04-29,shigu,石鼓,Shigu,0.05,15.34,22.66,6.41,7.26353111482077,1.23,24452574.0,27873856.0,1348.1562,99.95,26.95,2010,758.1,4.52,-0.19,1.16
2010-04-30,shigu,石鼓,Shigu,0.32,14.17,19.47,7.43,5.063657123191462,1.08,17752138.0,20237380.0,1313.1562,99.95,26.95,2010,758.48,7.58,-0.27,0.98
2010-05-01,shigu,石鼓,Shigu,0.44,16.16,22.06,9.17,6.102372077383633,0.78,20324272.0,23170698.0,1267.9062,99.95,26.95,2010,758.09,7.9,-0.22,0.56
2010-05-02,shigu,石鼓,Shigu,0.21,17.56,23.21,11.56,6.104619548715771,1.26,19105116.0,21782752.0,1217.375,99.95,26.95,2010,755.56,8.61,0.02,1.24
2010-05-03,shigu,石鼓,Shigu,0.23,15.43,21.5,9.99,3.908358704223849,1.56,12806426.0,14602792.0,1159.3125,99.95,26.95,2010,753.41,10.02,-0.12,1.54
2010-05-04,shigu,石鼓,Shigu,0.1,15.93,23.0,9.55,5.305592376422012,1.84,17102498.0,19503100.0,1125.75,99.95,26.95,2010,753.27,8.4,-0.54,1.75
2010-05-05,shigu,石鼓,Shigu,0.07,16.54,24.03,10.25,5.925930574950546,1.65,19408310.0,22134680.0,1110.0312,99.95,26.95,2010,753.92,9.12,-0.42,1.57
2010-05-06,shigu,石鼓,Shigu,0.06,17.56,24.39,10.86,5.830445649902461,1.65,17601256.0,20075514.0,1127.1875,99.95,26.95,2010,754.48,8.34,-0.32,1.6
2010-05-07,shigu,石鼓,Shigu,0.43,16.8,24.59,10.17,5.788416064521263,1.65,18514982.0,21119278.0,1202.75,99.95,26.95,2010,753.63,9.0,0.0,1.64
2010-05-08,shigu,石鼓,Shigu,0.15,16.97,23.44,10.92,5.658309739150666,1.65,17383596.0,19830456.0,1341.25,99.95,26.95,2010,752.46,8.05,-0.05,1.64
2010-05-09,shigu,石鼓,Shigu,1.03,16.13,22.92,10.58,6.433029920643687,1.46,21339296.0,24345266.0,1539.5,99.95,26.95,2010,752.87,7.78,0.35,1.36
2010-05-10,shigu,石鼓,Shigu,0.9,16.63,22.41,11.41,5.876299578286903,1.25,18704414.0,21341088.0,1781.9688,99.95,26.95,2010,753.21,7.58,0.1,1.24
2010-05-11,shigu,石鼓,Shigu,1.25,16.04,22.33,10.39,5.697876243007396,1.38,19015426.0,21697596.0,2051.9688,99.95,26.95,2010,753.84,8.99,0.35,1.33
2010-05-12,shigu,石鼓,Shigu,0.29,15.79,21.91,10.2,6.119645434324164,1.77,20148856.0,22993276.0,2344.0938,99.95,26.95,2010,754.12,7.37,0.03,1.75
2010-05-13,shigu,石鼓,Shigu,0.06,15.76,23.12,8.03,6.134894143004329,1.81,20276134.0,23140484.0,2667.4375,99.95,26.95,2010,754.93,7.46,-0.25,1.77
2010-05-14,shigu,石鼓,Shigu,0.1,15.96,22.52,7.59,6.2503542702233625,1.66,20089750.0,22929546.0,2922.5312,99.95,26.95,2010,755.15,6.36,-0.13,1.63
2010-05-15,shigu,石鼓,Shigu,0.15,16.01,22.4,7.45,6.219492951004814,1.84,19813610.0,22616242.0,3038.125,99.95,26.95,2010,754.49,6.43,-0.1,1.81
2010-05-16,shigu,石鼓,Shigu,0.24,15.73,23.27,7.59,6.692963876731832,1.79,22065230.0,25191124.0,3045.6562,99.95,26.95,2010,755.78,6.26,-0.2,1.74
2010-05-17,shigu,石鼓,Shigu,0.17,16.51,22.76,9.99,6.091263312981421,1.81,18994796.0,21689906.0,2993.625,99.95,26.95,2010,755.88,7.0,-0.44,1.74
2010-05-18,shigu,石鼓,Shigu,0.06,17.3,23.33,10.76,6.283471950554705,1.75,19116458.0,21832540.0,2902.4062,99.95,26.95,2010,754.99,7.36,-0.32,1.71
2010-05-19,shigu,石鼓,Shigu,0.37,17.9,23.49,12.68,4.722995452304749,1.56,13867008.0,15839990.0,2797.0625,99.95,26.95,2010,753.62,10.22,-0.01,1.52
2010-05-20,shigu,石鼓,Shigu,0.78,16.96,23.21,11.56,4.620415452849309,1.55,14457794.0,16516940.0,2726.6562,99.95,26.95,2010,753.82,10.5,0.15,1.49
2010-05-21,shigu,石鼓,Shigu,1.06,17.69,24.48,12.37,5.936831642011588,1.69,18586904.0,21237332.0,2745.5625,99.95,26.95,2010,753.65,10.0,-0.08,1.68
2010-05-22,shigu,石鼓,Shigu,0.26,18.19,24.38,11.74,6.3394204832541705,1.46,19212120.0,21955608.0,2868.75,99.95,26.95,2010,754.02,8.63,-0.33,1.39
2010-05-23,shigu,石鼓,Shigu,0.28,20.98,26.96,13.12,8.474501325517577,0.78,24794768.0,28339880.0,3077.8125,99.95,26.95,2010,754.08,5.96,0.55,-0.13
2010-05-24,shigu,石鼓,Shigu,10.99,18.95,24.71,14.43,5.933294488317263,0.9,18414400.0,21051452.0,3263.875,99.95,26.95,2010,752.98,11.38,0.7,0.31
2010-05-25,shigu,石鼓,Shigu,6.83,14.93,17.01,11.96,2.3649989775694955,0.59,8319240.0,9512652.0,3368.4375,99.95,26.95,2010,752.04,12.99,0.07,0.52
2010-05-26,shigu,石鼓,Shigu,3.28,17.44,22.27,12.33,5.5675303147867785,0.83,18333676.0,20965504.0,3440.0312,99.95,26.95,2010,752.06,11.89,0.27,0.53
2010-05-27,shigu,石鼓,Shigu,1.91,17.87,22.91,12.57,5.433030986652682,0.82,17355712.0,19850828.0,3503.2188,99.95,26.95,2010,753.99,11.14,0.18,0.68
2010-05-28,shigu,石鼓,Shigu,4.84,16.97,21.4,12.55,5.220559397739414,0.65,17442016.0,19951964.0,3635.1562,99.95,26.95,2010,755.39,12.15,0.38,0.26
2010-05-29,shigu,石鼓,Shigu,1.07,18.19,24.18,13.28,6.2908144356477536,0.98,20162590.0,23068452.0,3780.5,99.95,26.95,2010,754.62,11.22,0.42,0.79
2010-05-30,shigu,石鼓,Shigu,0.32,19.37,24.75,14.37,6.764828707607782,1.3,20948294.0,23971224.0,3870.0312,99.95,26.95,2010,753.31,11.76,0.38,1.22
2010-05-31,shigu,石鼓,Shigu,1.12,18.22,23.33,14.41,5.113245976159491,1.25,16015644.0,18330968.0,3937.8125,99.95,26.95,2010,753.28,12.02,-0.07,1.19
2010-06-01,shigu,石鼓,Shigu,0.67,18.14,24.91,12.1,6.1294130610934126,1.44,19290984.0,22081892.0,4004.9062,99.95,26.95,2010,753.95,10.75,-0.19,1.41
2010-06-02,shigu,石鼓,Shigu,2.55,16.28,19.49,12.82,3.5814474075207827,0.48,11724462.0,13421880.0,4106.5312,99.95,26.95,2010,756.25,10.74,0.16,0.13
2010-06-03,shigu,石鼓,Shigu,21.44,14.19,19.3,11.96,3.134372664940797,0.74,11514232.0,13183372.0,4250.6562,99.95,26.95,2010,757.63,12.38,0.49,-0.48
2010-06-04,shigu,石鼓,Shigu,9.17,14.13,17.74,12.27,2.6109232839407106,0.63,9373870.0,10734648.0,4379.4688,99.95,26.95,2010,755.72,11.98,0.52,0.13
2010-06-05,shigu,石鼓,Shigu,8.59,15.37,19.83,12.52,3.967986263713122,0.59,13893774.0,15914832.0,4426.1875,99.95,26.95,2010,753.18,12.49,0.36,0.37
2010-06-06,shigu,石鼓,Shigu,1.24,18.01,23.71,13.47,5.631534595635662,1.35,17743174.0,20328028.0,4391.0625,99.95,26.95,2010,751.71,11.2,0.63,1.15
2010-06-07,shigu,石鼓,Shigu,4.56,15.77,20.7,12.21,3.5606159295878914,1.19,11991162.0,13741652.0,4370.6562,99.95,26.95,2010,753.27,11.81,-0.02,1.15
2010-06-08,shigu,石鼓,Shigu,0.09,18.85,24.25,12.82,6.003162831873437,1.32,18484708.0,21184248.0,4383.6562,99.95,26.95,2010,753.52,11.46,-0.09,1.29
2010-06-09,shigu,石鼓,Shigu,0.4,19.47,24.95,14.22,6.094608250048536,1.34,18610430.0,21331752.0,4392.125,99.95,26.95,2010,753.53,12.36,0.23,1.31
2010-06-10,shigu,石鼓,Shigu,3.42,18.76,22.96,14.79,5.346251679222091,0.93,17135646.0,19644932.0,4417.2188,99.95,26.95,2010,754.4,13.88,0.3,0.83
2010-06-11,shigu,石鼓,Shigu,0.47,18.35,22.53,14.23,4.726816141249874,1.25,14821226.0,16996928.0,4479.5312,99.95,26.95,2010,754.48,12.94,0.21,1.22
2010-06-12,shigu,石鼓,Shigu,0.26,19.38,25.34,14.39,6.022347610472216,1.52,18151764.0,20814952.0,4585.7812,99.95,26.95,2010,753.88,11.95,0.14,1.49
2010-06-13,shigu,石鼓,Shigu,4.27,18.7,24.27,15.43,4.6548719030803785,1.13,14456750.0,16583072.0,4737.3438,99.95,26.95,2010,753.8,13.27,0.42,1.02
2010-06-14,shigu,石鼓,Shigu,17.94,17.09,21.43,14.49,3.83612966151724,0.83,13152802.0,15088696.0,4933.9688,99.95,26.95,2010,753.78,14.9,0.7,0.28
2010-06-15,shigu,石鼓,Shigu,8.52,16.19,19.61,14.09,2.8612229886018934,0.64,10030400.0,11508372.0,5219.5312,99.95,26.95,2010,753.51,14.96,0.42,0.47
2010-06-16,shigu,石鼓,Shigu,4.49,16.56,19.68,14.42,2.8986511529237697,0.89,9879364.0,11340520.0,5515.9062,99.95,26.95,2010,753.61,14.34,0.61,0.62
2010-06-17,shigu,石鼓,Shigu,5.45,18.15,23.94,14.7,5.0373387378919015,0.92,16755904.0,19237796.0,5705.25,99.95,26.95,2010,754.36,14.81,0.6,0.58
2010-06-18,shigu,石鼓,Shigu,0.43,19.26,24.96,13.95,5.856580576609299,1.43,18254558.0,20962776.0,5764.0625,99.95,26.95,2010,753.65,13.27,0.31,1.38
2010-06-19,shigu,石鼓,Shigu,1.39,19.89,25.51,15.66,5.363876280440683,1.21,16121226.0,18519592.0,5755.0938,99.95,26.95,2010,754.26,13.52,0.32,1.12
2010-06-20,shigu,石鼓,Shigu,25.97,15.89,18.78,13.62,2.111622432388529,0.64,7471322.0,8585208.0,5718.7188,99.95,26.95,2010,756.21,15.09,0.27,-0.28
2010-06-21,shigu,石鼓,Shigu,5.76,15.06,16.94,13.61,1.8484905256517743,0.8,6405410.0,7362044.0,5785.9375,99.95,26.95,2010,756.06,13.32,0.61,-0.48
2010-06-22,shigu,石鼓,Shigu,10.33,14.71,17.66,12.88,1.7851726723409491,0.57,6539986.0,7518628.0,5978.4375,99.95,26.95,2010,754.94,14.35,0.32,0.08
2010-06-23,shigu,石鼓,Shigu,1.42,18.14,22.32,13.77,4.686800713433192,1.01,14955884.0,17200224.0,6179.2812,99.95,26.95,2010,753.05,13.22,0.26,0.93
2010-06-24,shigu,石鼓,Shigu,5.01,17.59,21.61,14.79,3.866573640513856,0.89,12599116.0,14494220.0,6305.4062,99.95,26.95,2010,752.28,13.89,0.18,0.85
2010-06-25,shigu,石鼓,Shigu,0.47,19.39,24.46,14.48,5.4594160367020725,1.3,16652772.0,19163684.0,6401.3125,99.95,26.95,2010,751.19,13.16,0.18,1.27
2010-06-26,shigu,石鼓,Shigu,1.35,18.92,25.03,15.65,5.166375201492878,1.25,16560958.0,19063328.0,6483.875,99.95,26.95,2010,752.01,14.52,0.36,1.17
2010-06-27,shigu,石鼓,Shigu,0.67,19.24,24.29,15.32,4.81272061712015,1.38,14912758.0,17172100.0,6474.625,99.95,26.95,2010,752.02,14.34,0.03,1.36
2010-06-28,shigu,石鼓,Shigu,1.49,19.84,24.75,15.96,5.083616052465857,0.96,15595796.0,17961588.0,6420.2812,99.95,26.95,2010,751.57,14.54,0.16,0.87
2010-06-29,shigu,石鼓,Shigu,4.99,19.27,23.67,16.22,4.6076660219783525,0.69,14437072.0,16632656.0,6378.4062,99.95,26.95,2010,752.48,14.78,0.31,0.48
2010-06-30,shigu,石鼓,Shigu,7.42,18.39,22.83,15.75,3.4322244635632964,0.81,11000074.0,12677020.0,6342.8438,99.95,26.95,2010,753.01,15.3,0.58,0.5
2010-07-01,shigu,石鼓,Shigu,5.17,18.56,22.65,15.6,4.087130673729331,0.88,13104050.0,15107192.0,6302.0312,99.95,26.95,2010,753.79,15.01,0.52,0.65
2010-07-02,shigu,石鼓,Shigu,0.7,20.05,24.74,15.77,5.453661909815985,1.05,16498422.0,19024356.0,6220.172,99.95,26.95,2010,754.17,13.99,0.3,0.95
2010-07-03,shigu,石鼓,Shigu,1.87,19.69,25.38,15.14,5.857123779588808,0.83,18366378.0,21185040.0,6089.2344,99.95,26.95,2010,755.25,14.63,0.27,0.71
2010-07-04,shigu,石鼓,Shigu,0.55,19.78,24.15,15.34,4.954131565815217,1.16,14873354.0,17161300.0,5903.953,99.95,26.95,2010,755.57,13.94,0.1,1.14
2010-07-05,shigu,石鼓,Shigu,10.59,18.39,23.05,15.09,3.9352149595136887,0.91,12416604.0,14330728.0,5716.4375,99.95,26.95,2010,755.52,14.25,0.2,0.87
2010-07-06,shigu,石鼓,Shigu,7.74,17.45,21.61,14.98,3.4262936052931017,0.76,11653626.0,13452024.0,5618.1875,99.95,26.95,2010,755.29,15.88,0.35,0.51
2010-07-07,shigu,石鼓,Shigu,0.65,19.34,24.19,15.81,4.530233860896626,1.09,14011652.0,16181816.0,5664.7656,99.95,26.95,2010,754.57,14.75,0.15,1.05
2010-07-08,shigu,石鼓,Shigu,4.58,18.44,23.32,15.18,3.2665277660715764,0.75,10533334.0,12168100.0,5759.4062,99.95,26.95,2010,754.35,15.87,0.21,0.64
2010-07-09,shigu,石鼓,Shigu,9.53,18.45,22.2,15.69,3.4913219546082623,0.75,11133034.0,12863944.0,5897.1094,99.95,26.95,2010,753.04,15.26,0.39,0.59
2010-07-10,shigu,石鼓,Shigu,20.69,17.07,21.6,15.1,2.6396366526480195,0.62,9070280.0,10483300.0,6192.4062,99.95,26.95,2010,753.79,16.25,0.37,0.29
2010-07-11,shigu,石鼓,Shigu,3.11,19.05,24.33,15.99,4.930106653288084,1.0,15842422.0,18316956.0,6598.203,99.95,26.95,2010,753.62,15.4,0.45,0.85
2010-07-12,shigu,石鼓,Shigu,2.1,20.11,25.86,16.42,5.510846173394742,1.01,17092974.0,19768360.0,6816.0938,99.95,26.95,2010,753.38,15.43,0.36,0.86
2010-07-13,shigu,石鼓,Shigu,26.63,18.31,23.71,15.59,3.5911107284389976,0.58,11511726.0,13317356.0,6856.297,99.95,26.95,2010,754.54,15.19,0.31,0.27
2010-07-14,shigu,石鼓,Shigu,21.5,16.13,18.9,14.43,1.8300584059320284,0.55,6413922.0,7422042.0,6864.0625,99.95,26.95,2010,756.03,15.7,0.45,0.08
2010-07-15,shigu,石鼓,Shigu,12.71,16.63,19.88,14.48,2.7566579909615703,0.64,9576384.0,11086712.0,6950.672,99.95,26.95,2010,755.5,15.81,0.25,0.5
2010-07-16,shigu,石鼓,Shigu,3.36,17.53,21.1,15.32,3.4212365752992286,0.8,11327468.0,13108452.0,7115.2656,99.95,26.95,2010,754.86,15.06,0.16,0.76
2010-07-17,shigu,石鼓,Shigu,26.16,16.29,18.09,14.57,1.733865401928403,0.41,5966210.0,6900970.0,7345.078,99.95,26.95,2010,755.22,15.79,0.09,0.08
2010-07-18,shigu,石鼓,Shigu,11.72,16.24,19.46,14.59,2.5576079625084738,0.6,8885340.0,10272904.0,7701.1875,99.95,26.95,2010,755.53,15.23,0.21,-0.52
2010-07-19,shigu,石鼓,Shigu,4.09,16.92,21.06,14.44,3.785612086590546,0.65,12726356.0,14706650.0,8025.7344,99.95,26.95,2010,755.2,14.35,0.54,-0.3
2010-07-20,shigu,石鼓,Shigu,8.23,15.71,17.53,14.47,1.7983918928015763,0.45,6289678.0,7265164.0,8149.453,99.95,26.95,2010,755.25,15.14,0.26,0.29
2010-07-21,shigu,石鼓,Shigu,2.97,18.49,22.42,14.75,4.767478079665389,0.72,15225378.0,17580628.0,8010.8438,99.95,26.95,2010,753.91,14.08,0.34,0.59
2010-07-22,shigu,石鼓,Shigu,8.09,17.43,22.3,14.34,4.331107729237752,0.57,14542302.0,16785932.0,7670.797,99.95,26.95,2010,753.94,15.25,0.31,0.01
2010-07-23,shigu,石鼓,Shigu,10.4,17.52,22.44,14.69,4.539411779253372,0.66,15307988.0,17661688.0,7308.703,99.95,26.95,2010,753.74,15.3,0.35,-0.37
2010-07-24,shigu,石鼓,Shigu,14.88,17.84,23.16,14.73,5.063009534754289,0.53,16876118.0,19462698.0,7123.953,99.95,26.95,2010,753.5,15.5,0.3,-0.08
2010-07-25,shigu,石鼓,Shigu,21.65,16.28,20.6,14.1,3.356710707325431,0.59,11732940.0,13524928.0,6982.047,99.95,26.95,2010,754.64,15.17,0.32,-0.42
2010-07-26,shigu,石鼓,Shigu,12.14,15.55,17.41,13.46,2.0329406284904232,0.51,7151592.0,8240048.0,6800.9688,99.95,26.95,2010,757.25,14.73,0.22,-0.24
2010-07-27,shigu,石鼓,Shigu,12.76,17.77,22.92,14.02,5.160637030371637,0.57,17163806.0,19769540.0,6656.1562,99.95,26.95,2010,755.87,14.81,0.19,0.2
2010-07-28,shigu,石鼓,Shigu,19.06,16.22,20.15,13.94,2.9292912468686523,0.45,10114078.0,11644614.0,6485.828,99.95,26.95,2010,754.93,15.04,0.16,0.04
2010-07-29,shigu,石鼓,Shigu,10.29,17.11,22.69,13.42,4.956491599527153,0.73,16978704.0,19540164.0,6313.3906,99.95,26.95,2010,754.31,14.67,0.16,0.23
2010-07-30,shigu,石鼓,Shigu,1.3,18.68,23.69,13.96,5.89256566542547,0.79,18944980.0,21794184.0,6129.1562,99.95,26.95,2010,754.55,13.58,0.11,0.57
2010-07-31,shigu,石鼓,Shigu,6.65,18.44,25.15,13.65,5.678708176093049,0.68,18526682.0,21303932.0,5937.047,99.95,26.95,2010,754.61,14.33,0.01,0.25
2010-08-01,shigu,石鼓,Shigu,13.25,17.13,21.65,14.68,3.9062805141947656,0.54,13253804.0,15234874.0,5694.4688,99.95,26.95,2010,756.44,15.25,0.32,-0.22
2010-08-02,shigu,石鼓,Shigu,22.43,16.23,20.08,14.2,3.124555855672245,0.66,10966160.0,12599642.0,5540.172,99.95,26.95,2010,756.76,14.97,0.57,-0.3
2010-08-03,shigu,石鼓,Shigu,20.05,15.25,17.64,13.58,1.8076503546625675,0.52,6434500.0,7389026.0,5509.375,99.95,26.95,2010,756.03,14.54,0.35,-0.28
2010-08-04,shigu,石鼓,Shigu,7.41,17.18,22.02,13.33,5.273193335601589,0.67,17919094.0,20571906.0,5542.375,99.95,26.95,2010,756.39,14.18,0.27,-0.17
2010-08-05,shigu,石鼓,Shigu,4.07,17.98,22.82,13.38,5.573130107560426,0.88,18786164.0,21558486.0,5525.203,99.95,26.95,2010,758.28,14.83,0.06,-0.68
2010-08-06,shigu,石鼓,Shigu,1.81,18.23,22.77,13.1,6.0789187271948615,0.81,20176674.0,23144464.0,5431.625,99.95,26.95,2010,758.89,14.27,0.24,-0.45
2010-08-07,shigu,石鼓,Shigu,4.96,17.69,23.89,13.32,5.999882178807456,0.52,20044358.0,22983362.0,5338.1406,99.95,26.95,2010,756.16,14.24,0.08,-0.03
2010-08-08,shigu,石鼓,Shigu,3.24,17.83,23.08,13.0,5.730294331641643,0.64,19183096.0,21986500.0,5232.5625,99.95,26.95,2010,754.82,14.5,0.19,-0.12
2010-08-09,shigu,石鼓,Shigu,5.21,18.31,23.96,13.86,5.7898067509560205,0.65,19183822.0,21978376.0,5087.5938,99.95,26.95,2010,754.76,14.9,0.18,-0.07
2010-08-10,shigu,石鼓,Shigu,8.22,18.24,24.36,14.33,5.602692413146657,0.67,18765640.0,21490714.0,4931.2656,99.95,26.95,2010,755.88,15.55,0.26,-0.05
2010-08-11,shigu,石鼓,Shigu,3.54,19.63,24.81,14.49,6.0824753561458245,0.65,19357706.0,22159078.0,4803.0,99.95,26.95,2010,756.18,14.92,0.17,0.03
2010-08-12,shigu,石鼓,Shigu,5.91,18.13,23.99,14.21,5.362669605446508,0.73,18154926.0,20774106.0,4639.0156,99.95,26.95,2010,756.36,15.84,0.39,0.15
2010-08-13,shigu,石鼓,Shigu,4.55,18.08,23.58,14.46,5.160409382272832,0.76,17393948.0,19894914.0,4440.4688,99.95,26.95,2010,755.13,15.43,0.25,0.53
2010-08-14,shigu,石鼓,Shigu,11.41,18.43,23.19,15.47,4.430555991748302,0.7,14363612.0,16422824.0,4250.172000000001,99.95,26.95,2010,755.8,14.59,0.37,0.35
2010-08-15,shigu,石鼓,Shigu,9.78,16.59,20.24,14.24,2.4509406480344738,0.51,8542358.0,9761880.0,4108.922000000001,99.95,26.95,2010,757.56,15.85,0.11,0.21
2010-08-16,shigu,石鼓,Shigu,1.83,19.14,24.72,14.96,5.447656555586815,0.67,17464580.0,19949612.0,4134.328,99.95,26.95,2010,755.36,14.57,0.28,0.12
2010-08-17,shigu,石鼓,Shigu,5.79,17.59,21.58,15.02,4.26923670678058,0.69,14453702.0,16502210.0,4201.625,99.95,26.95,2010,755.21,15.16,0.42,-0.36
2010-08-18,shigu,石鼓,Shigu,13.66,16.92,21.25,14.92,4.0314944443535286,0.75,14148292.0,16145184.0,4172.375,99.95,26.95,2010,756.75,15.43,0.65,-0.27
2010-08-19,shigu,石鼓,Shigu,18.65,16.38,19.45,14.63,2.358273607526494,0.49,8213442.0,9367510.0,4107.0312,99.95,26.95,2010,758.6,15.44,0.38,0.0
2010-08-20,shigu,石鼓,Shigu,14.28,15.79,18.31,14.15,1.4739717638813952,0.58,5328788.0,6075202.0,4157.3594,99.95,26.95,2010,757.77,15.56,0.35,0.42
2010-08-21,shigu,石鼓,Shigu,30.64,15.84,18.18,14.52,1.845609492779184,0.68,6474188.0,7378052.0,4348.828,99.95,26.95,2010,756.42,14.67,0.52,-0.02
2010-08-22,shigu,石鼓,Shigu,22.18,15.09,17.0,13.63,1.6217464419159415,0.81,6067928.0,6911622.0,4526.578,99.95,26.95,2010,757.38,14.73,0.56,-0.55
2010-08-23,shigu,石鼓,Shigu,6.62,15.19,19.47,13.51,2.3753468408930813,0.62,8621026.0,9814148.0,4746.422000000001,99.95,26.95,2010,757.4,14.31,0.57,-0.19
2010-08-24,shigu,石鼓,Shigu,9.73,16.01,20.61,13.69,3.210624390784263,0.57,11367854.0,12934634.0,4901.5,99.95,26.95,2010,756.96,14.72,0.43,-0.12
2010-08-25,shigu,石鼓,Shigu,14.32,16.41,21.39,14.22,3.6975542300348936,0.56,12925824.0,14699830.0,5043.5156,99.95,26.95,2010,756.18,14.73,0.44,-0.03
2010-08-26,shigu,石鼓,Shigu,34.54,15.7,18.97,13.89,2.125307204113508,0.59,7661598.0,8708082.0,5270.5938,99.95,26.95,2010,756.46,15.1,0.37,-0.41
2010-08-27,shigu,石鼓,Shigu,6.3,15.18,17.11,13.5,2.1614262748161868,0.63,7805286.0,8868310.0,5489.3438,99.95,26.95,2010,757.71,14.15,0.3,-0.52
2010-08-28,shigu,石鼓,Shigu,2.31,16.52,20.82,12.81,4.880164240341472,0.73,16982110.0,19284428.0,5590.625,99.95,26.95,2010,757.46,13.42,0.51,-0.32
2010-08-29,shigu,石鼓,Shigu,3.16,17.59,22.17,13.53,4.945266624111544,0.81,16549014.0,18783538.0,5508.1094,99.95,26.95,2010,756.33,13.47,0.71,-0.02
2010-08-30,shigu,石鼓,Shigu,5.61,17.33,21.95,14.4,4.363307755509584,0.51,14845076.0,16841324.0,5276.797,99.95,26.95,2010,755.52,14.9,0.35,0.09
2010-08-31,shigu,石鼓,Shigu,29.59,16.18,21.12,14.11,3.2436742283923365,0.53,11379710.0,12903340.0,5058.5312,99.95,26.95,2010,756.07,14.57,0.4,-0.09
2010-09-01,shigu,石鼓,Shigu,13.7,15.71,19.49,13.14,2.8171622373595486,0.72,10242364.0,11607482.0,5116.9688,99.95,26.95,2010,757.3,14.74,0.62,-0.27
2010-09-02,shigu,石鼓,Shigu,11.21,15.41,19.12,13.64,2.685488517383533,0.6,9751160.0,11045370.0,5296.203,99.95,26.95,2010,758.16,14.5,0.43,-0.32
2010-09-03,shigu,石鼓,Shigu,8.57,15.85,19.04,13.33,3.2633075376727687,0.62,11641660.0,13179232.0,5424.203,99.95,26.95,2010,756.69,14.32,0.48,-0.19
2010-09-04,shigu,石鼓,Shigu,1.05,17.64,21.85,13.95,4.063859812450121,0.74,13467952.0,15240184.0,5424.6406,99.95,26.95,2010,755.11,13.81,0.23,0.58
2010-09-05,shigu,石鼓,Shigu,0.3,18.83,23.72,13.91,5.597337422923032,1.1,17895326.0,20242200.0,5332.1562,99.95,26.95,2010,754.47,12.96,0.31,1.01
2010-09-06,shigu,石鼓,Shigu,1.03,17.53,22.03,13.82,3.848716183118081,1.07,12717592.0,14379602.0,5277.2812,99.95,26.95,2010,754.79,13.69,-0.1,1.03
2010-09-07,shigu,石鼓,Shigu,7.61,16.57,22.45,13.67,3.8865800040522336,0.68,13589134.0,15356750.0,5331.922,99.95,26.95,2010,756.34,14.31,0.01,0.52
2010-09-08,shigu,石鼓,Shigu,0.68,18.4,22.97,13.73,4.78792750906272,0.79,15403424.0,17398340.0,5436.0,99.95,26.95,2010,756.59,13.0,0.2,0.57
2010-09-09,shigu,石鼓,Shigu,1.58,18.78,23.81,14.43,4.916352365275972,0.84,15570318.0,17579034.0,5363.375,99.95,26.95,2010,755.6,12.86,-0.05,0.64
2010-09-10,shigu,石鼓,Shigu,14.02,16.34,20.7,14.11,3.5967174572301803,0.68,12615036.0,14234340.0,5144.9375,99.95,26.95,2010,756.35,14.08,0.35,-0.3
2010-09-11,shigu,石鼓,Shigu,7.61,14.41,16.47,12.99,1.4544547956764728,0.46,5356022.0,6041314.0,5051.3438,99.95,26.95,2010,758.5,13.85,0.24,-0.32
2010-09-12,shigu,石鼓,Shigu,9.59,15.37,19.49,13.25,3.2809639421656343,0.55,11870860.0,13381978.0,5184.9062,99.95,26.95,2010,757.45,13.98,0.45,0.03
2010-09-13,shigu,石鼓,Shigu,14.66,15.76,20.06,13.59,3.4359413242986645,0.59,12271108.0,13826140.0,5264.5625,99.95,26.95,2010,756.23,13.95,0.48,-0.03
2010-09-14,shigu,石鼓,Shigu,13.96,14.8,18.16,12.73,2.796670074354123,0.7,10450652.0,11767540.0,5183.6406,99.95,26.95,2010,757.21,13.84,0.34,-0.58
2010-09-15,shigu,石鼓,Shigu,7.6,14.56,17.59,12.15,2.6811280180331067,0.6,9922426.0,11168536.0,5064.672000000001,99.95,26.95,2010,758.16,13.34,0.41,-0.36
2010-09-16,shigu,石鼓,Shigu,3.59,15.3,19.01,12.43,3.2696991681725383,0.56,11809100.0,13290176.0,4899.4844,99.95,26.95,2010,757.82,13.62,0.46,-0.01
2010-09-17,shigu,石鼓,Shigu,6.0,15.59,20.37,12.68,3.751468115810821,0.63,13646802.0,15353212.0,4690.4844,99.95,26.95,2010,757.47,14.15,0.43,0.25
2010-09-18,shigu,石鼓,Shigu,9.25,15.98,21.36,12.25,4.197230402241819,0.7,14975052.0,16841782.0,4416.1875,99.95,26.95,2010,758.08,13.54,0.12,0.33
2010-09-19,shigu,石鼓,Shigu,0.89,15.64,20.67,10.75,4.248812121842908,0.82,15067268.0,16942030.0,4242.203,99.95,26.95,2010,758.18,12.16,-0.11,0.67
2010-09-20,shigu,石鼓,Shigu,0.21,17.56,22.73,11.01,5.649617450725803,0.72,18906312.0,21251276.0,4237.6094,99.95,26.95,2010,756.77,12.07,-0.03,0.4
2010-09-21,shigu,石鼓,Shigu,2.44,18.06,22.91,12.71,5.484750379831264,0.67,18146460.0,20391472.0,4243.0,99.95,26.95,2010,758.55,12.76,0.08,-0.3
2010-09-22,shigu,石鼓,Shigu,1.72,16.43,21.82,11.07,5.110347084152727,0.7,18023962.0,20247596.0,4108.1562,99.95,26.95,2010,759.45,13.29,0.08,-0.33
2010-09-23,shigu,石鼓,Shigu,2.72,16.48,21.47,12.48,4.403128967575662,0.73,15242679.0,17118262.0,3921.2656,99.95,26.95,2010,757.27,12.75,0.49,-0.01
2010-09-24,shigu,石鼓,Shigu,0.16,17.24,21.33,13.5,3.907553650573712,0.99,12687896.0,14244785.0,3763.625,99.95,26.95,2010,755.48,12.14,0.27,0.91
2010-09-25,shigu,石鼓,Shigu,1.21,16.52,21.04,13.04,4.022997192928584,0.75,13568500.0,15229684.0,3603.6719,99.95,26.95,2010,756.5,11.83,0.43,0.5
2010-09-26,shigu,石鼓,Shigu,9.87,15.2,20.06,12.45,3.139343425823669,0.57,11391028.0,12780504.0,3439.7969,99.95,26.95,2010,757.93,13.52,0.42,0.1
2010-09-27,shigu,石鼓,Shigu,4.09,15.0,18.63,12.81,2.9274534754258363,0.59,10609092.0,11900460.0,3306.2031,99.95,26.95,2010,757.68,13.11,0.33,0.33
2010-09-28,shigu,石鼓,Shigu,2.93,16.57,20.92,12.78,3.9817338878991424,0.63,13682356.0,15343381.0,3227.0547,99.95,26.95,2010,758.51,12.96,0.28,0.34
2010-09-29,shigu,石鼓,Shigu,6.05,15.44,20.26,12.3,3.905224579394578,0.71,13988465.0,15680364.0,3201.9062,99.95,26.95,2010,759.38,12.52,0.47,0.12
2010-09-30,shigu,石鼓,Shigu,0.54,16.77,21.96,12.46,4.386759669064687,0.92,14504409.0,16254632.0,3240.1328,99.95,26.95,2010,758.28,11.0,0.43,0.67
2010-10-01,shigu,石鼓,Shigu,0.1,16.58,21.98,11.42,4.779815071687928,0.86,15758206.0,17655838.0,3262.3906,99.95,26.95,2010,758.13,9.6,0.13,0.63
2010-10-02,shigu,石鼓,Shigu,10.83,13.99,18.25,11.3,3.6337458789025336,0.8,13810299.0,15467410.0,3197.5625,99.95,26.95,2010,760.69,12.0,0.5,-0.57
2010-10-03,shigu,石鼓,Shigu,6.48,12.53,15.75,10.87,2.026607503278166,0.92,8048151.0,9010522.0,3129.4375,99.95,26.95,2010,761.04,11.34,0.69,-0.59
2010-10-04,shigu,石鼓,Shigu,7.47,13.34,17.07,11.25,3.017489970303123,0.88,11707826.0,13105144.0,3125.6016,99.95,26.95,2010,759.78,11.61,0.78,-0.38
2010-10-05,shigu,石鼓,Shigu,6.37,13.25,17.83,9.7,3.349231842334872,0.7,12904171.0,14439916.0,3166.0156,99.95,26.95,2010,758.74,11.4,0.49,0.08
2010-10-06,shigu,石鼓,Shigu,4.25,14.1,18.39,10.24,3.3884351429423445,0.73,12350012.0,13817234.0,3206.8594,99.95,26.95,2010,758.38,10.71,0.13,0.68
2010-10-07,shigu,石鼓,Shigu,15.3,12.75,17.0,10.86,1.7917529980857798,0.4,6873542.0,7686607.5,3229.461,99.95,26.95,2010,759.28,11.89,0.1,-0.3
2010-10-08,shigu,石鼓,Shigu,8.45,11.51,12.99,10.78,1.2328354094944771,0.33,4795515.0,5362214.5,3238.8281,99.95,26.95,2010,756.94,10.49,0.1,0.24
2010-10-09,shigu,石鼓,Shigu,15.66,11.52,13.27,8.65,1.2426241552775366,0.61,4953136.0,5536998.0,3191.7578,99.95,26.95,2010,752.65,10.7,-0.15,0.42
2010-10-10,shigu,石鼓,Shigu,0.04,14.7,19.75,9.46,3.797772007075773,0.9,13224174.0,14777706.0,3142.3984,99.95,26.95,2010,754.18,9.47,-0.09,0.8
2010-10-11,shigu,石鼓,Shigu,0.11,15.67,19.97,9.83,3.918425344016285,0.64,13349174.0,14912702.0,3092.8984,99.95,26.95,2010,757.29,10.05,0.3,0.32
2010-10-12,shigu,石鼓,Shigu,0.55,15.61,20.25,12.88,3.383922120459016,0.8,11378388.0,12708588.0,3019.6875,99.95,26.95,2010,758.67,10.5,0.04,0.78
2010-10-13,shigu,石鼓,Shigu,1.05,15.21,20.0,11.47,3.830941654265276,0.77,13802024.0,15409710.0,2943.5547,99.95,26.95,2010,758.01,12.06,0.17,0.64
2010-10-14,shigu,石鼓,Shigu,11.09,13.97,19.58,11.21,3.1299887386515413,0.56,11686876.0,13044528.0,2860.5469,99.95,26.95,2010,758.57,11.96,0.25,0.06
2010-10-15,shigu,石鼓,Shigu,28.16,12.16,15.27,10.38,1.3072211555489708,0.71,5305892.0,5919650.0,2793.1094,99.95,26.95,2010,760.38,11.76,0.36,-0.56
2010-10-16,shigu,石鼓,Shigu,3.28,12.75,15.72,10.39,2.0879750783066378,0.57,7876002.0,8786756.0,2816.0625,99.95,26.95,2010,759.7,10.67,0.34,-0.39
2010-10-17,shigu,石鼓,Shigu,8.92,12.46,15.34,10.88,1.675102343777296,0.47,6498936.0,7249424.0,2841.8594,99.95,26.95,2010,760.16,11.52,0.37,-0.22
2010-10-18,shigu,石鼓,Shigu,11.16,12.03,15.94,9.59,1.6741293562689057,0.67,6749320.0,7526332.0,2808.4062,99.95,26.95,2010,760.81,11.36,0.08,-0.6
2010-10-19,shigu,石鼓,Shigu,1.62,10.84,13.36,8.21,1.4236632396824749,0.5,5517482.0,6152364.0,2810.2656,99.95,26.95,2010,761.75,8.77,-0.03,-0.28
2010-10-20,shigu,石鼓,Shigu,1.97,11.67,17.31,5.87,3.5121785362495017,0.66,14083152.0,15700584.0,2794.7031,99.95,26.95,2010,760.28,9.47,-0.12,-0.2
2010-10-21,shigu,石鼓,Shigu,1.6,11.58,15.94,6.64,3.300254801150732,0.61,12966448.0,14452872.0,2674.0,99.95,26.95,2010,757.16,8.47,0.09,0.13
2010-10-22,shigu,石鼓,Shigu,0.44,13.55,18.27,7.14,3.317894357521524,0.81,11984172.0,13355388.0,2526.4688,99.95,26.95,2010,755.17,9.03,0.01,0.63
2010-10-23,shigu,石鼓,Shigu,0.87,13.18,17.3,9.42,2.471249584546228,0.76,9270048.0,10329044.0,2391.8281,99.95,26.95,2010,754.84,10.73,0.02,0.62
2010-10-24,shigu,石鼓,Shigu,1.15,14.15,18.86,10.83,3.1415709871765607,0.7,11685832.0,13018012.0,2272.8281,99.95,26.95,2010,755.2,11.78,0.1,0.59
2010-10-25,shigu,石鼓,Shigu,0.63,14.62,19.57,10.37,3.326394413969105,0.72,11570390.0,12886516.0,2181.5234,99.95,26.95,2010,757.68,9.63,0.19,0.46
2010-10-26,shigu,石鼓,Shigu,1.94,14.56,19.82,10.2,3.5643822455569056,0.66,12452366.0,13865684.0,2105.9375,99.95,26.95,2010,758.59,9.16,0.18,0.39
2010-10-27,shigu,石鼓,Shigu,4.57,12.45,16.27,9.74,2.561114935896996,0.52,9755778.0,10861600.0,2034.8516,99.95,26.95,2010,758.67,9.89,0.32,0.35
2010-10-28,shigu,石鼓,Shigu,5.1,10.29,13.96,7.41,1.5392826322428443,0.65,6404890.0,7128976.0,1978.5312,99.95,26.95,2010,759.11,9.26,-0.17,0.4
2010-10-29,shigu,石鼓,Shigu,1.54,10.81,14.82,8.02,2.0645718949117424,0.8,7998090.0,8900308.0,1945.9375,99.95,26.95,2010,762.24,7.75,0.4,-0.27
2010-10-30,shigu,石鼓,Shigu,0.88,9.65,13.75,5.56,1.85103223185761,0.71,7602502.0,8458616.0,1906.0938,99.95,26.95,2010,764.1,7.44,0.29,-0.45
2010-10-31,shigu,石鼓,Shigu,0.09,11.31,16.59,6.67,2.811341713696683,0.65,10679032.0,11880120.0,1844.6016,99.95,26.95,2010,760.34,6.69,0.16,0.28
2010-11-01,shigu,石鼓,Shigu,0.16,12.18,17.42,6.68,3.6908353941904912,0.67,13925482.0,15488460.0,1773.4766,99.95,26.95,2010,758.54,7.06,0.36,0.09
2010-11-02,shigu,石鼓,Shigu,15.08,10.66,12.58,9.25,1.3136350106463237,0.59,5103878.0,5675916.0,1701.4453,99.95,26.95,2010,759.79,8.67,0.49,-0.23
2010-11-03,shigu,石鼓,Shigu,12.28,8.4,10.35,6.5,1.1157932992709707,0.62,4985726.0,5542396.0,1651.9375,99.95,26.95,2010,761.1,7.89,0.23,-0.5
2010-11-04,shigu,石鼓,Shigu,3.75,8.13,11.79,5.9,1.7565241631263575,0.53,7793804.0,8662840.0,1636.5781,99.95,26.95,2010,761.6,7.11,0.23,-0.26
2010-11-05,shigu,石鼓,Shigu,0.04,10.76,16.02,6.03,3.3997620519646388,0.55,13061260.0,14517088.0,1641.8828,99.95,26.95,2010,760.6,4.32,0.06,0.16
2010-11-06,shigu,石鼓,Shigu,0.0,11.6,17.35,5.87,4.177319511013083,0.82,15738984.0,17489976.0,1650.4844,99.95,26.95,2010,759.3,4.48,-0.19,0.71
2010-11-07,shigu,石鼓,Shigu,0.0,11.73,17.65,5.94,3.8515129393209286,0.65,14481652.0,16089100.0,1634.0156,99.95,26.95,2010,759.91,5.11,0.14,0.32
2010-11-08,shigu,石鼓,Shigu,0.42,10.78,15.26,6.18,2.7753932200371145,0.57,10883844.0,12089936.0,1588.5391,99.95,26.95,2010,762.52,6.85,0.31,-0.2
2010-11-09,shigu,石鼓,Shigu,3.62,9.03,13.47,5.06,2.3360165390233893,0.5,9997906.0,11102964.0,1527.8828,99.95,26.95,2010,763.06,7.38,0.02,-0.08
2010-11-10,shigu,石鼓,Shigu,1.46,10.42,15.28,5.35,3.417454440230201,0.63,13710162.0,15224340.0,1470.3281,99.95,26.95,2010,760.12,6.12,-0.24,0.4
2010-11-11,shigu,石鼓,Shigu,4.33,7.94,12.63,4.86,2.423532823750896,0.66,10827558.0,12021204.0,1419.7656,99.95,26.95,2010,759.43,6.03,0.2,-0.37
2010-11-12,shigu,石鼓,Shigu,0.55,8.71,13.06,3.12,2.4819436397864783,0.79,10156322.0,11282672.0,1375.0078,99.95,26.95,2010,755.98,4.33,0.08,0.67
2010-11-13,shigu,石鼓,Shigu,0.2,9.25,14.0,3.47,3.0288450228695147,0.74,12184536.0,13529304.0,1336.4531,99.95,26.95,2010,758.55,3.74,0.22,0.44
2010-11-14,shigu,石鼓,Shigu,1.46,9.14,13.73,5.0,2.857486398870446,0.6,11860484.0,13164200.0,1302.5781,99.95,26.95,2010,760.92,5.3,0.28,0.41
2010-11-15,shigu,石鼓,Shigu,1.1,9.28,13.5,5.24,2.332509746901372,0.67,9541578.0,10587228.0,1276.6094,99.95,26.95,2010,760.26,5.79,0.3,0.45
2010-11-16,shigu,石鼓,Shigu,0.5,9.83,14.32,5.31,2.5861575484269266,0.94,9726122.0,10790964.0,1261.4844,99.95,26.95,2010,758.0,3.94,0.03,0.88
2010-11-17,shigu,石鼓,Shigu,0.08,9.78,14.96,5.35,3.0290809975027484,1.21,11819940.0,13113432.0,1248.6094,99.95,26.95,2010,757.8,4.27,-0.22,1.15
2010-11-18,shigu,石鼓,Shigu,3.18,9.73,14.55,4.78,2.333170564392228,0.64,9250720.0,10262552.0,1233.6953,99.95,26.95,2010,759.24,5.59,-0.23,0.28
2010-11-19,shigu,石鼓,Shigu,11.8,7.76,10.69,5.99,1.113746888245973,0.45,4989856.0,5536236.0,1222.0547,99.95,26.95,2010,755.67,7.21,0.02,0.13
2010-11-20,shigu,石鼓,Shigu,2.14,7.96,12.26,5.03,2.0946078360890943,0.97,9241560.0,10254772.0,1223.3594,99.95,26.95,2010,752.98,5.5,-0.21,0.92
2010-11-21,shigu,石鼓,Shigu,0.38,8.2,12.89,2.56,2.7216443825271384,1.04,11000546.0,12205236.0,1232.8281,99.95,26.95,2010,754.83,2.43,-0.33,0.94
2010-11-22,shigu,石鼓,Shigu,0.0,8.11,14.17,2.32,3.1645939151807787,0.95,13012950.0,14436680.0,1228.1406,99.95,26.95,2010,755.94,1.6,-0.41,0.79
2010-11-23,shigu,石鼓,Shigu,0.0,9.74,15.64,3.35,3.473305101011392,0.99,13555174.0,15038096.0,1212.3672,99.95,26.95,2010,755.2,2.91,-0.13,0.88
2010-11-24,shigu,石鼓,Shigu,0.3,9.42,13.76,4.16,2.319640460366725,0.46,9381608.0,10406556.0,1192.4141,99.95,26.95,2010,758.21,5.56,0.11,-0.05
2010-11-25,shigu,石鼓,Shigu,0.67,10.06,13.5,7.26,1.7287295749271114,0.65,6595782.0,7317432.0,1169.8672,99.95,26.95,2010,757.49,6.37,0.26,0.48
2010-11-26,shigu,石鼓,Shigu,0.19,9.95,13.22,7.29,1.5379300334032031,0.61,5783884.0,6416416.0,1147.875,99.95,26.95,2010,756.05,6.18,-0.01,0.6
2010-11-27,shigu,石鼓,Shigu,0.29,10.62,14.0,7.13,1.9554381271101364,0.9,7230742.0,8022168.0,1128.5547,99.95,26.95,2010,755.57,6.56,0.07,0.89
2010-11-28,shigu,石鼓,Shigu,1.55,10.41,14.11,7.97,2.025522521363304,0.76,7905150.0,8770588.0,1114.9297,99.95,26.95,2010,756.69,7.17,0.43,0.59
2010-11-29,shigu,石鼓,Shigu,0.96,10.38,15.14,5.42,2.6321142887189293,1.02,9850228.0,10927596.0,1111.2812,99.95,26.95,2010,755.84,4.99,0.14,0.95
2010-11-30,shigu,石鼓,Shigu,0.83,8.61,13.54,2.93,2.71982982805777,0.84,11025864.0,12232424.0,1116.8828,99.95,26.95,2010,756.31,3.23,0.14,0.67
2010-12-01,shigu,石鼓,Shigu,0.01,7.85,12.89,2.75,2.8599012924058367,1.04,11374864.0,12619256.0,1123.6641,99.95,26.95,2010,757.55,0.66,-0.43,0.87
2010-12-02,shigu,石鼓,Shigu,0.07,7.91,13.07,3.15,2.920914144933338,0.62,12115272.0,13439912.0,1125.5391,99.95,26.95,2010,759.35,1.52,0.12,0.02
2010-12-03,shigu,石鼓,Shigu,0.0,7.8,13.19,2.85,3.5768203545042523,0.95,14358094.0,15928104.0,1118.8047,99.95,26.95,2010,758.6,-1.79,-0.13,0.84
2010-12-04,shigu,石鼓,Shigu,0.0,8.12,13.55,2.66,3.595340234522288,1.19,14127734.0,15672480.0,1102.875,99.95,26.95,2010,757.11,-1.16,-0.48,1.06
2010-12-05,shigu,石鼓,Shigu,0.0,8.18,14.11,2.89,3.5529810492255733,1.04,14193264.0,15745336.0,1081.6875,99.95,26.95,2010,757.77,-0.48,-0.39,0.89
2010-12-06,shigu,石鼓,Shigu,0.0,9.47,15.14,2.75,3.397211356060552,0.75,12886594.0,14296116.0,1060.0547,99.95,26.95,2010,758.95,0.01,-0.22,0.57
2010-12-07,shigu,石鼓,Shigu,0.32,7.01,10.71,4.16,1.4760529111794047,0.71,6001484.0,6657728.0,1040.4062,99.95,26.95,2010,758.87,2.98,-0.15,0.55
2010-12-08,shigu,石鼓,Shigu,1.81,8.39,11.54,5.04,1.3646992931864386,0.62,5710900.0,6334640.0,1023.75,99.95,26.95,2010,756.02,6.28,0.02,0.49
2010-12-09,shigu,石鼓,Shigu,2.62,7.96,12.51,4.22,1.7350982993134578,1.17,7513636.0,8335360.0,1011.0625,99.95,26.95,2010,753.22,5.53,-0.38,1.1
2010-12-10,shigu,石鼓,Shigu,0.07,7.08,12.56,2.23,1.8230149208837063,1.33,7892608.0,8755784.0,1010.3203,99.95,26.95,2010,752.48,3.93,-0.54,1.19
2010-12-11,shigu,石鼓,Shigu,0.03,8.88,14.88,2.21,3.0500091640045963,1.2,11981998.0,13291932.0,1018.0703,99.95,26.95,2010,750.04,2.44,-0.22,1.11
2010-12-12,shigu,石鼓,Shigu,1.1,7.04,12.52,2.06,2.360005717682168,1.2,10311108.0,11438364.0,1014.72656,99.95,26.95,2010,750.2,2.99,-0.01,1.07
2010-12-13,shigu,石鼓,Shigu,0.0,7.69,13.31,1.77,2.823884808450451,0.77,11578618.0,12844700.0,1006.78125,99.95,26.95,2010,754.38,0.91,-0.24,0.55
2010-12-14,shigu,石鼓,Shigu,0.06,8.3,13.65,2.87,3.2053303230675945,1.0,12721406.0,14112480.0,999.0781,99.95,26.95,2010,753.43,0.56,0.36,0.77
2010-12-15,shigu,石鼓,Shigu,0.01,6.54,12.12,1.84,3.009859477355786,1.2,12355570.0,13706548.0,986.85156,99.95,26.95,2010,755.36,-1.69,-0.52,1.0
2010-12-16,shigu,石鼓,Shigu,0.02,6.29,11.05,1.67,2.7558088796735234,0.53,12087924.0,13410580.0,972.97656,99.95,26.95,2010,757.44,-0.02,-0.01,0.06
2010-12-17,shigu,石鼓,Shigu,0.0,7.6,13.77,2.13,3.444367377147924,1.15,13730768.0,15236572.0,958.58594,99.95,26.95,2010,754.7,-1.6,-0.21,1.09
2010-12-18,shigu,石鼓,Shigu,0.0,7.27,13.29,1.75,3.533462782789212,1.37,14121190.0,15672736.0,944.78906,99.95,26.95,2010,754.91,-2.18,-0.48,1.27
2010-12-19,shigu,石鼓,Shigu,0.0,7.53,13.71,1.97,3.6161746708808167,1.05,14307228.0,15881700.0,932.3125,99.95,26.95,2010,756.22,-3.23,-0.17,1.0
2010-12-20,shigu,石鼓,Shigu,0.0,5.91,11.25,1.16,3.3616884819093724,1.36,13972366.0,15512548.0,920.8906,99.95,26.95,2010,756.1,-3.91,-0.54,1.21
2010-12-21,shigu,石鼓,Shigu,0.0,5.91,11.53,0.97,3.335563499690108,0.61,14466490.0,16063668.0,910.41406,99.95,26.95,2010,755.33,-4.1,-0.21,0.19
2010-12-22,shigu,石鼓,Shigu,0.0,6.29,11.77,1.27,3.311848899269517,0.97,13629470.0,15136764.0,900.8125,99.95,26.95,2010,752.8,-4.3,0.11,0.81
2010-12-23,shigu,石鼓,Shigu,0.0,6.22,11.43,1.56,3.3195204536479825,1.28,13409960.0,14895528.0,892.0547,99.95,26.95,2010,752.87,-4.19,-0.06,1.23
2010-12-24,shigu,石鼓,Shigu,0.0,5.42,10.63,1.23,3.20076751896927,1.43,13463636.0,14957724.0,884.09375,99.95,26.95,2010,752.92,-4.03,-0.32,1.35
2010-12-25,shigu,石鼓,Shigu,0.24,5.32,10.02,1.09,2.701889693387494,0.65,11769012.0,13078240.0,876.75,99.95,26.95,2010,754.71,-3.23,-0.03,0.32
2010-12-26,shigu,石鼓,Shigu,0.33,4.99,9.31,1.88,2.076747809098242,0.66,9150814.0,10220744.0,869.7656,99.95,26.95,2010,755.68,-0.96,0.03,0.32
2010-12-27,shigu,石鼓,Shigu,0.0,6.26,11.64,1.79,3.1370228011934893,1.2,13000868.0,14494112.0,862.8203,99.95,26.95,2010,754.85,-2.37,-0.3,1.11
2010-12-28,shigu,石鼓,Shigu,0.0,6.51,12.66,1.49,3.2125425605229747,1.29,13462084.0,14988024.0,856.03906,99.95,26.95,2010,754.59,-1.41,-0.37,1.19
2010-12-29,shigu,石鼓,Shigu,0.0,6.52,12.46,1.25,3.2523798615370687,1.02,14136970.0,15729552.0,849.4844,99.95,26.95,2010,756.02,-0.37,-0.51,0.83
2010-12-30,shigu,石鼓,Shigu,0.0,7.69,13.83,2.24,3.1311985398580786,0.85,12960368.0,14416824.0,843.0703,99.95,26.95,2010,755.25,0.8,0.03,0.63
2010-12-31,shigu,石鼓,Shigu,0.0,8.23,14.32,2.74,3.648852704135024,1.38,14136334.0,15725160.0,836.71875,99.95,26.95,2010,752.56,-1.02,-0.29,1.34
2011-01-01,shigu,石鼓,Shigu,0.07,7.45,13.38,3.19,3.326635913672768,1.64,13369540.0,14874720.0,831.3594,99.95,26.95,2011,750.43,-0.31,0.31,1.58
2011-01-02,shigu,石鼓,Shigu,0.68,5.27,10.02,-0.01,2.135948441782615,1.28,9305692.0,10393340.0,831.64844,99.95,26.95,2011,753.51,0.14,-0.32,1.23
2011-01-03,shigu,石鼓,Shigu,0.0,5.02,10.75,0.18,2.7249899459824265,1.39,11903970.0,13284368.0,842.85156,99.95,26.95,2011,755.72,-2.05,-0.51,1.26
2011-01-04,shigu,石鼓,Shigu,0.0,5.76,12.12,0.01,3.24636184417314,1.15,14418854.0,16070688.0,848.40625,99.95,26.95,2011,755.09,-1.42,-0.37,1.06
2011-01-05,shigu,石鼓,Shigu,0.0,6.4,13.11,-0.51,3.355464324341042,1.32,14199220.0,15816760.0,841.84375,99.95,26.95,2011,754.51,-1.74,-0.46,1.21
2011-01-06,shigu,石鼓,Shigu,0.0,7.53,13.74,2.0,3.5896979099112296,1.15,14478406.0,16124600.0,830.21875,99.95,26.95,2011,756.04,-1.62,-0.13,1.06
2011-01-07,shigu,石鼓,Shigu,0.0,6.67,12.62,1.42,3.375707997709167,1.27,14037054.0,15633304.0,818.2656,99.95,26.95,2011,756.05,-1.82,-0.4,1.16
2011-01-08,shigu,石鼓,Shigu,0.0,6.6,12.69,1.11,3.434150813682292,1.37,14017384.0,15612712.0,807.40625,99.95,26.95,2011,755.41,-2.75,-0.3,1.28
2011-01-09,shigu,石鼓,Shigu,0.3,6.42,11.55,1.28,3.18783912300188,1.29,13196922.0,14700960.0,798.1094,99.95,26.95,2011,753.57,-1.99,0.25,1.2
2011-01-10,shigu,石鼓,Shigu,0.38,5.71,11.4,1.33,3.000294990224924,1.31,12531402.0,14016424.0,790.8281,99.95,26.95,2011,751.38,-2.72,-0.06,1.23
2011-01-11,shigu,石鼓,Shigu,0.71,4.57,9.84,0.64,2.8760504034739203,1.16,12842840.0,14368388.0,785.1719,99.95,26.95,2011,752.04,-3.23,-0.31,1.02
2011-01-12,shigu,石鼓,Shigu,0.0,4.82,10.55,0.54,3.309789896714113,1.21,14422216.0,16109440.0,778.2969,99.95,26.95,2011,751.3,-5.16,-0.18,1.12
2011-01-13,shigu,石鼓,Shigu,0.02,4.94,10.66,0.29,3.134298099569026,1.32,14096494.0,15730940.0,770.40625,99.95,26.95,2011,751.13,-2.71,-0.26,1.26
2011-01-14,shigu,石鼓,Shigu,0.2,5.78,10.67,0.89,2.630450955921781,1.06,11202924.0,12502536.0,762.7656,99.95,26.95,2011,753.74,-1.14,-0.21,1.01
2011-01-15,shigu,石鼓,Shigu,0.57,6.24,11.43,1.81,2.6582256901357297,0.93,10839854.0,12131556.0,755.75,99.95,26.95,2011,754.4,-1.9,0.51,0.66
2011-01-16,shigu,石鼓,Shigu,7.47,4.35,10.05,0.82,2.535712909243604,1.03,11678226.0,13077356.0,749.7969,99.95,26.95,2011,751.04,-1.71,0.56,0.78
2011-01-17,shigu,石鼓,Shigu,5.57,-0.76,3.01,-5.62,1.70983313022996,0.84,6660794.0,11566132.0,748.2969,99.95,26.95,2011,751.67,-3.57,0.02,0.67
2011-01-18,shigu,石鼓,Shigu,1.0,-0.08,3.53,-5.49,2.328106888317504,0.78,9483188.0,15171860.0,747.34375,99.95,26.95,2011,751.16,-4.1,0.22,0.6
2011-01-19,shigu,石鼓,Shigu,1.66,0.04,4.56,-4.8,2.163531295841537,1.1,9099506.0,14309832.0,742.625,99.95,26.95,2011,751.27,-3.68,0.31,0.88
2011-01-20,shigu,石鼓,Shigu,0.07,-0.84,5.47,-6.06,2.2035938738412857,1.15,10178354.0,14649572.0,736.40625,99.95,26.95,2011,754.78,-5.99,-0.3,1.02
2011-01-21,shigu,石鼓,Shigu,0.01,0.24,6.75,-5.77,2.628197200242443,0.95,12520952.0,16693052.0,729.90625,99.95,26.95,2011,754.28,-5.39,-0.2,0.78
2011-01-22,shigu,石鼓,Shigu,0.03,1.15,8.01,-4.74,2.543982771508792,1.22,12457020.0,15644612.0,722.65625,99.95,26.95,2011,754.89,-4.18,-0.39,1.09
2011-01-23,shigu,石鼓,Shigu,0.04,2.47,8.61,-3.82,2.6471688191432454,1.18,12770336.0,15372056.0,715.28125,99.95,26.95,2011,756.14,-2.83,-0.24,1.06
2011-01-24,shigu,石鼓,Shigu,0.05,3.25,9.47,-2.65,2.5696940552057925,1.29,12206364.0,14254988.0,708.875,99.95,26.95,2011,755.7,-2.19,-0.19,1.18
2011-01-25,shigu,石鼓,Shigu,0.01,3.49,10.09,-2.03,2.7620095296108915,1.4,13333388.0,15282388.0,704.9531,99.95,26.95,2011,756.71,-2.21,-0.35,1.31
2011-01-26,shigu,石鼓,Shigu,0.01,4.85,11.04,-2.05,3.379434427571588,1.26,15195552.0,17207868.0,703.28125,99.95,26.95,2011,757.36,-3.21,-0.23,1.18
2011-01-27,shigu,石鼓,Shigu,0.34,5.24,10.68,0.85,3.4473182864349434,1.42,15477174.0,17416116.0,701.6406,99.95,26.95,2011,757.36,-2.53,0.19,1.28
2011-01-28,shigu,石鼓,Shigu,0.14,4.57,10.37,-0.2,3.0194960628308416,1.33,13851474.0,15568544.0,699.625,99.95,26.95,2011,757.83,-2.4,-0.04,1.24
2011-01-29,shigu,石鼓,Shigu,0.0,4.62,10.81,-0.74,3.560386453639893,1.36,15982306.0,17921304.0,696.71875,99.95,26.95,2011,757.14,-4.97,-0.15,1.25
2011-01-30,shigu,石鼓,Shigu,0.03,5.43,11.77,0.1,3.535873798635544,1.34,15400450.0,17248876.0,691.3594,99.95,26.95,2011,757.2,-3.74,-0.21,1.25
2011-01-31,shigu,石鼓,Shigu,1.59,4.95,10.49,0.21,3.3731408371337674,1.39,15565574.0,17436704.0,684.5469,99.95,26.95,2011,755.31,-2.27,-0.18,1.32
2011-02-01,shigu,石鼓,Shigu,1.39,4.03,8.86,0.52,3.011240266743953,1.26,14118876.0,15937824.0,679.0781,99.95,26.95,2011,756.67,-2.92,-0.49,1.15
2011-02-02,shigu,石鼓,Shigu,0.3,4.12,10.45,-0.6,3.6117329747089233,1.27,16923208.0,19025532.0,674.1719,99.95,26.95,2011,757.75,-4.71,-0.6,1.1
2011-02-03,shigu,石鼓,Shigu,0.0,4.79,12.57,-2.51,4.016963654231783,1.15,17682096.0,19835644.0,667.1406,99.95,26.95,2011,758.43,-7.82,-0.48,1.02
2011-02-04,shigu,石鼓,Shigu,0.0,5.23,13.34,-2.7,4.166398757416956,1.29,17865986.0,20023716.0,659.40625,99.95,26.95,2011,757.45,-8.08,-0.61,1.12
2011-02-05,shigu,石鼓,Shigu,0.0,6.52,14.57,-1.28,4.201095844141014,1.3,17636000.0,19759204.0,651.9844,99.95,26.95,2011,756.53,-4.43,-0.53,1.17
2011-02-06,shigu,石鼓,Shigu,0.0,6.69,14.66,-0.08,4.166378100755937,1.46,17639002.0,19761376.0,645.1094,99.95,26.95,2011,754.35,-3.06,-0.46,1.34
2011-02-07,shigu,石鼓,Shigu,0.0,5.24,13.49,-1.98,3.8014308256528544,1.44,17679538.0,19808660.0,638.90625,99.95,26.95,2011,752.68,-2.27,-0.65,1.27
2011-02-08,shigu,石鼓,Shigu,0.01,6.71,14.85,-2.36,3.7341926732107766,1.55,16635692.0,18642404.0,632.9375,99.95,26.95,2011,750.06,0.21,-0.44,1.45
2011-02-09,shigu,石鼓,Shigu,0.09,7.67,13.68,1.43,3.438613528874665,1.62,14351138.0,16085496.0,627.6875,99.95,26.95,2011,751.31,1.15,-0.48,1.54
2011-02-10,shigu,石鼓,Shigu,0.04,6.4,12.49,0.83,3.4243211316692275,1.5,14628980.0,16400252.0,625.6875,99.95,26.95,2011,754.37,-1.21,-0.48,1.41
2011-02-11,shigu,石鼓,Shigu,0.02,7.47,14.56,0.02,4.046156957989304,1.22,16659686.0,18680180.0,626.84375,99.95,26.95,2011,754.11,-1.81,-0.13,1.12
2011-02-12,shigu,石鼓,Shigu,0.42,5.79,12.06,0.14,3.563166419962608,1.65,16411560.0,18411560.0,625.5625,99.95,26.95,2011,753.32,-0.64,-0.4,1.56
2011-02-13,shigu,石鼓,Shigu,0.09,6.92,14.19,-0.03,3.917820972033516,1.2,16916662.0,18978656.0,621.78125,99.95,26.95,2011,753.5,-0.77,-0.39,1.09
2011-02-14,shigu,石鼓,Shigu,0.07,6.77,12.96,1.35,3.4098870080423773,1.54,14427522.0,16187972.0,618.0625,99.95,26.95,2011,752.53,-0.5,-0.3,1.48
2011-02-15,shigu,石鼓,Shigu,0.03,6.42,13.78,0.42,3.478920782375569,1.87,15982188.0,17936726.0,614.25,99.95,26.95,2011,753.9,0.82,-0.51,1.78
2011-02-16,shigu,石鼓,Shigu,0.82,7.31,13.94,0.55,3.460638339298648,1.66,15472722.0,17371014.0,612.09375,99.95,26.95,2011,754.51,2.24,-0.19,1.63
2011-02-17,shigu,石鼓,Shigu,2.24,7.74,13.42,2.32,3.865439182842157,1.53,16330522.0,18346042.0,617.28125,99.95,26.95,2011,753.29,0.78,0.21,1.5
2011-02-18,shigu,石鼓,Shigu,1.4,5.5,11.68,0.08,3.0352712217902424,1.52,14530938.0,16388874.0,634.09375,99.95,26.95,2011,753.15,1.09,0.14,1.4
2011-02-19,shigu,石鼓,Shigu,0.02,6.29,12.81,0.12,3.7896110930336566,1.71,16268896.0,18310714.0,659.9375,99.95,26.95,2011,755.82,-2.14,-0.45,1.63
2011-02-20,shigu,石鼓,Shigu,0.0,6.46,13.12,0.31,4.1310220325394456,1.68,17668048.0,19867784.0,674.65625,99.95,26.95,2011,756.59,-2.88,-0.47,1.58
2011-02-21,shigu,石鼓,Shigu,0.23,7.27,14.47,1.2,4.208200757038116,1.51,17864396.0,20084894.0,671.5,99.95,26.95,2011,756.54,-1.11,-0.24,1.46
2011-02-22,shigu,石鼓,Shigu,1.93,6.17,10.59,1.98,2.1191482677278706,1.01,9360254.0,10537398.0,659.0625,99.95,26.95,2011,756.82,2.36,-0.2,0.95
2011-02-23,shigu,石鼓,Shigu,0.77,7.13,13.81,1.63,3.909909570234981,1.37,16500854.0,18571670.0,646.6875,99.95,26.95,2011,757.04,-0.97,-0.49,1.25
2011-02-24,shigu,石鼓,Shigu,0.0,8.75,16.15,1.47,5.1005428134353386,1.48,19941090.0,22437374.0,637.625,99.95,26.95,2011,756.07,-3.19,-0.4,1.39
2011-02-25,shigu,石鼓,Shigu,0.0,9.51,16.56,1.75,5.229881713616233,1.45,19905380.0,22399252.0,627.03125,99.95,26.95,2011,755.58,-2.58,-0.56,1.31
2011-02-26,shigu,石鼓,Shigu,0.05,9.57,16.21,2.42,4.983565028316923,1.62,18768990.0,21124944.0,614.5625,99.95,26.95,2011,755.98,-1.76,-0.05,1.52
2011-02-27,shigu,石鼓,Shigu,0.05,9.73,16.04,3.22,4.607255138462096,1.7,17177614.0,19339570.0,603.09375,99.95,26.95,2011,756.48,-0.38,-0.22,1.64
2011-02-28,shigu,石鼓,Shigu,0.0,9.38,16.17,1.6,4.878399133805603,1.55,18512034.0,20847108.0,597.0,99.95,26.95,2011,756.78,-1.75,-0.36,1.44
2011-03-01,shigu,石鼓,Shigu,0.0,10.19,17.77,2.93,5.4000171360398745,1.3,20140414.0,22686604.0,595.53125,99.95,26.95,2011,756.79,-2.31,-0.31,1.18
2011-03-02,shigu,石鼓,Shigu,0.06,10.83,18.06,2.44,5.637897113303268,1.46,20362114.0,22942546.0,591.71875,99.95,26.95,2011,756.64,-2.45,-0.43,1.34
2011-03-03,shigu,石鼓,Shigu,1.52,10.11,16.2,3.84,4.680027366592989,1.47,17812062.0,20074828.0,584.0,99.95,26.95,2011,756.06,1.1,-0.27,1.39
2011-03-04,shigu,石鼓,Shigu,1.28,9.55,16.23,3.6,4.4542022679246704,1.61,17832090.0,20102864.0,575.75,99.95,26.95,2011,753.98,2.27,-0.31,1.56
2011-03-05,shigu,石鼓,Shigu,1.54,8.86,15.28,3.86,3.4817412119179263,1.44,14367956.0,16205670.0,572.65625,99.95,26.95,2011,753.97,3.57,-0.08,1.4
2011-03-06,shigu,石鼓,Shigu,0.87,8.36,14.49,2.85,3.35862439777232,1.32,14076112.0,15886170.0,577.5625,99.95,26.95,2011,756.51,3.21,-0.21,1.26
2011-03-07,shigu,石鼓,Shigu,0.29,8.79,15.3,1.55,3.792873339203807,1.37,15020568.0,16951544.0,585.90625,99.95,26.95,2011,756.02,1.39,-0.15,1.25
2011-03-08,shigu,石鼓,Shigu,1.08,9.33,15.22,1.67,4.105581315889657,1.38,16214749.0,18301088.0,592.78125,99.95,26.95,2011,754.87,1.94,0.09,1.2
2011-03-09,shigu,石鼓,Shigu,0.69,11.46,17.85,3.19,4.780769985839991,1.35,16951722.0,19136998.0,597.59375,99.95,26.95,2011,756.68,1.2,0.3,1.24
2011-03-10,shigu,石鼓,Shigu,1.18,10.29,16.7,4.15,4.939424619837454,1.75,18886794.0,21326952.0,603.6875,99.95,26.95,2011,756.71,1.45,0.07,1.71
2011-03-11,shigu,石鼓,Shigu,1.94,8.93,15.26,3.15,4.408693437469177,1.5,18487930.0,20934456.0,615.375,99.95,26.95,2011,756.27,2.76,-0.22,1.43
2011-03-12,shigu,石鼓,Shigu,1.7,8.21,14.63,3.02,3.820227434417503,1.26,16567625.0,18798360.0,633.6875,99.95,26.95,2011,755.22,3.53,-0.04,1.18
2011-03-13,shigu,石鼓,Shigu,0.89,8.81,15.49,1.5,4.598972655239511,1.51,18620008.0,21102262.0,654.34375,99.95,26.95,2011,756.13,0.64,-0.49,1.42
2011-03-14,shigu,石鼓,Shigu,1.71,9.38,15.37,1.82,4.979288640613032,1.35,19611292.0,22187732.0,668.15625,99.95,26.95,2011,757.2,-0.07,-0.23,1.26
2011-03-15,shigu,石鼓,Shigu,9.6,5.66,11.97,1.18,3.1465933148731047,0.75,14547280.0,16458119.0,670.03125,99.95,26.95,2011,758.99,1.36,0.21,-0.45
2011-03-16,shigu,石鼓,Shigu,0.16,5.16,9.92,1.05,2.678688851113576,0.69,10887404.0,13624618.0,666.5625,99.95,26.95,2011,758.62,-0.66,0.3,-0.47
2011-03-17,shigu,石鼓,Shigu,0.07,8.43,15.39,1.59,4.863075795321421,0.94,18845696.0,22202140.0,656.375,99.95,26.95,2011,754.92,-1.99,0.08,0.76
2011-03-18,shigu,石鼓,Shigu,0.53,8.76,15.06,2.22,3.728951672688628,1.37,14955085.0,17139644.0,637.21875,99.95,26.95,2011,752.05,2.47,0.08,1.32
2011-03-19,shigu,石鼓,Shigu,2.4,8.13,13.34,3.89,3.393514688231084,1.53,14656810.0,16668024.0,616.96875,99.95,26.95,2011,751.32,3.62,-0.02,1.51
2011-03-20,shigu,石鼓,Shigu,1.47,9.14,17.08,3.08,3.625746880221198,1.63,15097988.0,17166122.0,610.1875,99.95,26.95,2011,750.61,4.32,0.26,1.54
2011-03-21,shigu,石鼓,Shigu,2.59,10.31,15.8,3.84,4.633642548861178,1.55,18736462.0,21236044.0,631.4375,99.95,26.95,2011,752.99,4.43,0.6,1.36
2011-03-22,shigu,石鼓,Shigu,1.63,10.1,16.43,3.57,4.136092552616123,1.42,16332144.0,18500612.0,697.5,99.95,26.95,2011,755.87,3.93,0.16,1.29
2011-03-23,shigu,石鼓,Shigu,0.22,11.45,17.75,4.31,5.038407531100479,1.67,18626918.0,21099880.0,785.21875,99.95,26.95,2011,756.41,3.02,-0.07,1.61
2011-03-24,shigu,石鼓,Shigu,1.49,11.83,18.15,4.51,5.459459585718149,1.46,20435980.0,23153014.0,845.53125,99.95,26.95,2011,756.4,3.67,-0.15,1.4
2011-03-25,shigu,石鼓,Shigu,8.25,9.53,15.06,4.33,3.396206252239866,1.21,13814784.0,15679738.0,878.375,99.95,26.95,2011,756.7,5.03,-0.08,1.09
2011-03-26,shigu,石鼓,Shigu,2.5,9.07,13.95,4.13,3.883147433410884,0.8,15778650.0,18192678.0,907.9375,99.95,26.95,2011,757.14,4.23,-0.02,0.72
2011-03-27,shigu,石鼓,Shigu,1.53,9.09,14.52,5.07,4.432887432203126,0.59,18013516.0,20510288.0,929.15625,99.95,26.95,2011,758.79,2.95,0.18,-0.49
2011-03-28,shigu,石鼓,Shigu,6.77,7.9,12.82,4.58,3.372013200340428,0.86,14688420.0,16678320.0,927.4375,99.95,26.95,2011,759.78,4.31,0.36,-0.64
2011-03-29,shigu,石鼓,Shigu,7.61,5.96,9.29,3.57,2.145598495991284,1.06,10031018.0,11408166.0,913.71875,99.95,26.95,2011,759.27,3.49,0.82,-0.57
2011-03-30,shigu,石鼓,Shigu,2.02,8.42,13.05,3.97,3.4573873310690373,0.89,14641970.0,16780832.0,897.40625,99.95,26.95,2011,755.83,4.63,0.36,0.79
2011-03-31,shigu,石鼓,Shigu,0.85,10.39,16.27,5.3,4.112027542997319,1.33,16085680.0,18300048.0,873.125,99.95,26.95,2011,754.6,4.5,-0.14,1.3
2011-04-01,shigu,石鼓,Shigu,0.49,11.02,16.77,4.54,4.435886109160074,1.32,16838718.0,19121898.0,842.8125,99.95,26.95,2011,755.02,4.2,-0.13,1.27
2011-04-02,shigu,石鼓,Shigu,0.62,11.38,16.95,5.01,4.495821885421584,1.35,16736232.0,19001576.0,815.21875,99.95,26.95,2011,755.64,4.18,-0.11,1.3
2011-04-03,shigu,石鼓,Shigu,0.03,12.3,18.42,4.26,4.621477964109159,1.6,16399096.0,18620308.0,792.75,99.95,26.95,2011,755.95,4.51,-0.44,1.52
2011-04-04,shigu,石鼓,Shigu,0.01,13.03,20.67,4.94,5.5518820355802445,1.64,19986732.0,22698550.0,774.5625,99.95,26.95,2011,756.34,5.05,-0.37,1.57
2011-04-05,shigu,石鼓,Shigu,0.2,12.55,19.5,5.48,5.301499026965344,1.71,19630568.0,22298910.0,758.25,99.95,26.95,2011,756.63,5.45,-0.28,1.66
2011-04-06,shigu,石鼓,Shigu,0.77,11.38,17.79,5.35,4.804479443958902,1.41,18614548.0,21149544.0,746.96875,99.95,26.95,2011,756.31,5.32,-0.03,1.36
2011-04-07,shigu,石鼓,Shigu,0.78,12.1,18.47,6.0,6.061633561691632,1.5,22231264.0,25264104.0,748.84375,99.95,26.95,2011,757.04,2.3,-0.16,1.45
2011-04-08,shigu,石鼓,Shigu,1.04,11.63,18.02,4.27,5.700020771575263,1.52,21689678.0,24654466.0,755.25,99.95,26.95,2011,758.31,3.63,-0.13,1.41
2011-04-09,shigu,石鼓,Shigu,0.44,12.6,19.32,4.7,6.133128064710583,1.52,22386670.0,25452248.0,753.875,99.95,26.95,2011,760.05,3.45,-0.21,1.45
2011-04-10,shigu,石鼓,Shigu,0.41,13.08,20.42,5.47,6.234216191019367,1.57,22465242.0,25547094.0,748.03125,99.95,26.95,2011,759.87,3.99,-0.39,1.5
2011-04-11,shigu,石鼓,Shigu,0.55,12.62,19.82,3.38,6.085173863715774,1.51,22228754.0,25283748.0,739.90625,99.95,26.95,2011,758.04,3.67,-0.35,1.43
2011-04-12,shigu,石鼓,Shigu,1.01,12.32,20.03,4.85,5.879222408623698,1.36,21846988.0,24855066.0,734.75,99.95,26.95,2011,757.82,4.15,-0.32,1.29
2011-04-13,shigu,石鼓,Shigu,0.29,13.54,21.35,6.47,6.374860829707442,1.48,22807648.0,25953522.0,733.59375,99.95,26.95,2011,757.25,4.7,-0.31,1.42
2011-04-14,shigu,石鼓,Shigu,0.5,13.62,20.33,6.02,6.079320743323373,1.73,21626400.0,24614930.0,730.90625,99.95,26.95,2011,755.2,5.21,-0.4,1.68
2011-04-15,shigu,石鼓,Shigu,1.13,13.58,20.24,5.27,5.9448316242991215,1.63,20942122.0,23841420.0,723.90625,99.95,26.95,2011,755.0,4.88,-0.28,1.59
2011-04-16,shigu,石鼓,Shigu,0.69,13.34,19.68,6.19,5.845147771914947,1.67,20709552.0,23578600.0,714.625,99.95,26.95,2011,755.94,4.72,-0.24,1.63
2011-04-17,shigu,石鼓,Shigu,5.88,11.85,19.41,6.81,4.930142083980188,0.83,18787626.0,21392062.0,704.875,99.95,26.95,2011,757.95,6.31,0.02,0.09
2011-04-18,shigu,石鼓,Shigu,0.07,13.96,19.71,6.61,4.946196584460805,0.7,16769352.0,19095672.0,698.21875,99.95,26.95,2011,756.8,3.81,0.14,0.46
2011-04-19,shigu,石鼓,Shigu,2.74,13.65,20.09,9.46,4.5762493514443445,1.03,16190774.0,18438932.0,695.9375,99.95,26.95,2011,755.53,7.43,0.19,0.96
2011-04-20,shigu,石鼓,Shigu,0.77,13.61,20.25,6.77,5.057897910027326,1.5,18051188.0,20559234.0,700.84375,99.95,26.95,2011,754.43,7.05,0.04,1.47
2011-04-21,shigu,石鼓,Shigu,1.42,14.2,19.98,7.07,5.907235770553943,1.56,20562846.0,23421968.0,716.75,99.95,26.95,2011,755.83,6.02,-0.29,1.51
2011-04-22,shigu,石鼓,Shigu,3.96,13.58,18.91,7.75,4.982696858785364,0.84,17645988.0,20100732.0,741.0,99.95,26.95,2011,757.32,6.49,0.41,0.11
2011-04-23,shigu,石鼓,Shigu,19.5,9.75,12.2,7.97,1.5286678748508191,0.45,6302014.0,7178978.0,777.375,99.95,26.95,2011,757.54,9.12,0.09,-0.25
2011-04-24,shigu,石鼓,Shigu,10.36,10.42,14.53,8.17,2.76883751381827,0.62,11175574.0,12731906.0,836.96875,99.95,26.95,2011,757.57,8.47,0.21,-0.32
2011-04-25,shigu,石鼓,Shigu,8.03,11.03,17.16,5.01,3.901610925404429,0.64,15542364.0,17709280.0,921.09375,99.95,26.95,2011,757.38,8.45,0.04,0.3
2011-04-26,shigu,石鼓,Shigu,0.52,13.86,20.73,6.32,6.277247027111487,0.57,22439176.0,25570300.0,1014.71875,99.95,26.95,2011,757.29,6.3,-0.2,0.14
2011-04-27,shigu,石鼓,Shigu,0.95,15.41,21.66,8.27,5.5275756730290935,0.57,18697220.0,21308308.0,1099.75,99.95,26.95,2011,756.78,7.25,-0.05,-0.12
2011-04-28,shigu,石鼓,Shigu,3.04,12.12,15.11,9.3,2.8957563650321765,0.63,10707960.0,12204284.0,1158.3438,99.95,26.95,2011,755.81,8.35,0.35,-0.06
2011-04-29,shigu,石鼓,Shigu,0.6,13.73,19.57,7.85,5.134350103639633,1.2,18522434.0,21112692.0,1203.2812,99.95,26.95,2011,753.88,7.78,-0.09,1.16
2011-04-30,shigu,石鼓,Shigu,0.05,14.99,21.49,8.23,6.082753350895692,1.1,20889484.0,23813036.0,1222.9375,99.95,26.95,2011,755.3,6.97,0.06,1.0
2011-05-01,shigu,石鼓,Shigu,0.34,14.79,21.43,9.14,5.639810402849072,1.34,19805926.0,22579974.0,1218.0,99.95,26.95,2011,754.61,8.38,0.09,1.29
2011-05-02,shigu,石鼓,Shigu,0.51,13.9,18.58,8.16,4.19247715912018,1.23,14689510.0,16748606.0,1209.75,99.95,26.95,2011,754.15,8.35,-0.01,1.19
2011-05-03,shigu,石鼓,Shigu,6.71,13.74,19.04,9.16,4.793623501207,0.99,17408726.0,19849932.0,1221.125,99.95,26.95,2011,754.41,8.75,0.17,0.66
2011-05-04,shigu,石鼓,Shigu,5.54,11.24,15.37,9.24,2.3566611154350974,0.72,8836216.0,10076588.0,1284.1875,99.95,26.95,2011,756.75,7.84,0.07,0.59
2011-05-05,shigu,石鼓,Shigu,0.1,15.01,20.8,8.05,6.450878830978451,1.02,21841764.0,24909420.0,1365.375,99.95,26.95,2011,754.64,5.22,-0.01,0.96
2011-05-06,shigu,石鼓,Shigu,0.0,16.65,23.72,8.87,7.641378036072935,1.15,24843710.0,28335696.0,1378.7188,99.95,26.95,2011,753.66,5.25,-0.12,1.1
2011-05-07,shigu,石鼓,Shigu,0.12,16.53,23.59,9.15,7.3012136959418035,1.39,24325560.0,27747328.0,1347.5625,99.95,26.95,2011,752.16,7.68,-0.1,1.35
2011-05-08,shigu,石鼓,Shigu,0.01,16.77,23.19,10.06,5.922578092430987,1.55,19058052.0,21740846.0,1307.8125,99.95,26.95,2011,751.48,8.85,-0.27,1.51
2011-05-09,shigu,石鼓,Shigu,0.13,16.72,22.5,9.85,5.605824640550617,1.54,18178828.0,20739700.0,1288.0938,99.95,26.95,2011,751.6,9.57,-0.23,1.51
2011-05-10,shigu,石鼓,Shigu,0.0,17.84,25.0,10.65,7.4212342920089345,1.47,23104202.0,26361308.0,1296.5625,99.95,26.95,2011,752.17,6.98,-0.34,1.41
2011-05-11,shigu,石鼓,Shigu,0.37,18.5,24.57,12.23,7.019844131565717,1.09,21593968.0,24640178.0,1338.1875,99.95,26.95,2011,753.04,7.84,-0.04,1.02
2011-05-12,shigu,石鼓,Shigu,3.17,17.12,21.9,12.65,5.515917437877415,0.67,18274660.0,20854190.0,1412.6875,99.95,26.95,2011,755.61,11.36,0.32,-0.08
2011-05-13,shigu,石鼓,Shigu,1.1,18.08,23.48,11.88,6.597530750748695,1.1,20583498.0,23490968.0,1523.5938,99.95,26.95,2011,754.68,8.55,0.25,0.97
2011-05-14,shigu,石鼓,Shigu,0.06,18.34,23.52,12.26,5.8584766685175405,1.08,17818566.0,20337612.0,1680.9062,99.95,26.95,2011,755.3,8.99,0.37,0.94
2011-05-15,shigu,石鼓,Shigu,5.46,18.74,23.67,12.48,6.481005342810012,1.02,19938048.0,22758868.0,1869.7812,99.95,26.95,2011,757.47,9.43,0.35,0.75
2011-05-16,shigu,石鼓,Shigu,7.51,11.73,13.86,8.75,2.556216502325168,0.93,9470678.0,10812668.0,2069.0625,99.95,26.95,2011,762.99,8.22,0.27,-0.44
2011-05-17,shigu,石鼓,Shigu,0.26,16.61,22.32,9.64,7.340262382463785,0.82,23941444.0,27337860.0,2301.1562,99.95,26.95,2011,759.19,5.2,-0.13,-0.1
2011-05-18,shigu,石鼓,Shigu,0.14,18.62,24.41,11.57,7.952164374170297,0.74,24370982.0,27832812.0,2469.125,99.95,26.95,2011,756.63,3.18,-0.01,0.25
2011-05-19,shigu,石鼓,Shigu,1.99,17.28,23.38,12.29,6.4609066377982645,0.75,20904716.0,23878172.0,2495.375,99.95,26.95,2011,755.22,8.45,0.49,0.3
2011-05-20,shigu,石鼓,Shigu,7.74,14.86,20.19,12.41,3.917532602161637,0.75,14088032.0,16095006.0,2450.2812,99.95,26.95,2011,752.26,12.25,0.28,0.55
2011-05-21,shigu,石鼓,Shigu,2.84,14.09,18.3,11.28,3.446585684176321,1.06,12364292.0,14128108.0,2432.6562,99.95,26.95,2011,751.8,10.62,-0.05,1.03
2011-05-22,shigu,石鼓,Shigu,1.38,16.59,22.34,11.68,5.193079525361397,0.97,17160030.0,19610868.0,2471.2188,99.95,26.95,2011,753.21,10.41,0.18,0.92
2011-05-23,shigu,石鼓,Shigu,4.12,16.58,21.64,12.84,4.678080126144262,0.74,15583580.0,17810780.0,2557.3125,99.95,26.95,2011,753.32,11.44,0.25,0.59
2011-05-24,shigu,石鼓,Shigu,0.17,17.56,24.64,10.43,6.225150826608028,1.44,19652788.0,22466524.0,2683.3125,99.95,26.95,2011,753.58,9.31,-0.01,1.39
2011-05-25,shigu,石鼓,Shigu,7.92,14.71,19.71,11.91,4.0428187784826,0.72,14225160.0,16261692.0,2860.2812,99.95,26.95,2011,756.89,10.74,0.23,-0.52
2011-05-26,shigu,石鼓,Shigu,5.57,15.54,20.53,10.64,4.919619943376628,0.74,17344510.0,19834552.0,3071.625,99.95,26.95,2011,757.81,12.13,0.19,-0.23
2011-05-27,shigu,石鼓,Shigu,1.1,18.25,23.83,11.7,6.753309887791308,0.66,21726482.0,24849868.0,3196.625,99.95,26.95,2011,756.39,10.79,0.37,0.03
2011-05-28,shigu,石鼓,Shigu,3.07,16.18,22.77,11.28,5.291824690639076,0.91,18303538.0,20938238.0,3169.9688,99.95,26.95,2011,756.39,11.95,0.32,0.5
2011-05-29,shigu,石鼓,Shigu,8.14,16.96,22.74,13.09,5.655646978966487,0.78,19172560.0,21936644.0,3098.625,99.95,26.95,2011,756.8,12.61,0.52,0.39
2011-05-30,shigu,石鼓,Shigu,13.83,15.23,19.33,12.92,2.8759045709256075,0.52,10291618.0,11777200.0,3081.5,99.95,26.95,2011,755.66,14.15,0.39,0.21
2011-05-31,shigu,石鼓,Shigu,30.75,12.54,16.17,9.36,1.2795189300387158,0.75,5016806.0,5740928.0,3192.5312,99.95,26.95,2011,755.34,12.11,0.22,-0.6
2011-06-01,shigu,石鼓,Shigu,4.24,12.36,14.81,9.35,1.828134868982333,0.6,6839656.0,7830084.0,3476.25,99.95,26.95,2011,755.42,10.72,0.49,-0.19
2011-06-02,shigu,石鼓,Shigu,1.72,17.01,21.55,12.71,4.424570872608461,0.79,14656872.0,16778364.0,3783.8125,99.95,26.95,2011,754.88,12.57,0.18,0.72
2011-06-03,shigu,石鼓,Shigu,0.28,17.14,22.72,12.24,5.354872638332234,1.54,17639622.0,20199408.0,3927.0,99.95,26.95,2011,753.37,11.54,-0.02,1.52
2011-06-04,shigu,石鼓,Shigu,0.16,18.01,23.92,11.61,5.433044081181111,1.48,16871362.0,19322664.0,3996.4375,99.95,26.95,2011,753.06,11.04,-0.11,1.46
2011-06-05,shigu,石鼓,Shigu,0.22,17.92,23.22,12.2,5.80283858852814,1.38,18542346.0,21241124.0,4036.6562,99.95,26.95,2011,754.32,11.39,-0.22,1.34
2011-06-06,shigu,石鼓,Shigu,0.25,17.32,22.64,11.63,5.629608130168997,1.27,18361876.0,21039204.0,4065.9062,99.95,26.95,2011,754.81,11.16,-0.25,1.23
2011-06-07,shigu,石鼓,Shigu,4.63,17.88,23.11,12.31,5.897371119449108,0.73,18983030.0,21750968.0,4122.6562,99.95,26.95,2011,754.91,11.08,0.06,0.28
2011-06-08,shigu,石鼓,Shigu,2.18,17.56,23.21,12.31,5.0031581861213095,1.2,16006562.0,18344060.0,4180.7812,99.95,26.95,2011,753.19,11.66,0.29,1.12
2011-06-09,shigu,石鼓,Shigu,8.83,14.99,18.72,11.17,2.91277261287167,0.8,10192634.0,11684568.0,4173.1875,99.95,26.95,2011,753.18,12.34,-0.1,0.75
2011-06-10,shigu,石鼓,Shigu,26.59,14.71,17.3,12.69,1.8490284027597337,0.37,6554548.0,7515480.0,4122.25,99.95,26.95,2011,752.36,13.69,0.17,-0.02
2011-06-11,shigu,石鼓,Shigu,16.79,14.8,17.31,13.43,1.9288927893447247,0.5,6988388.0,8010144.0,4097.7812,99.95,26.95,2011,753.67,14.25,0.41,-0.22
2011-06-12,shigu,石鼓,Shigu,12.85,16.0,20.92,13.0,4.341885101990783,0.65,15417976.0,17679068.0,4119.3438,99.95,26.95,2011,754.18,14.51,0.39,0.07
2011-06-13,shigu,石鼓,Shigu,1.17,17.98,22.36,13.81,5.2764518554415485,1.06,17340774.0,19890448.0,4183.3125,99.95,26.95,2011,752.56,13.46,0.23,0.98
2011-06-14,shigu,石鼓,Shigu,6.81,17.89,23.83,13.54,5.174734459446925,0.83,17197082.0,19729404.0,4245.0938,99.95,26.95,2011,753.03,14.17,-0.02,0.72
2011-06-15,shigu,石鼓,Shigu,6.72,17.43,22.57,13.4,5.000578209305806,0.79,16881012.0,19368300.0,4246.4062,99.95,26.95,2011,752.59,14.2,0.31,0.57
2011-06-16,shigu,石鼓,Shigu,0.32,18.8,24.17,13.64,5.651011584518787,1.23,17912998.0,20559608.0,4196.1562,99.95,26.95,2011,751.28,13.17,0.16,1.19
2011-06-17,shigu,石鼓,Shigu,0.17,18.93,24.05,14.1,5.50278466597375,1.16,17331262.0,19897452.0,4096.1562,99.95,26.95,2011,752.07,13.32,-0.04,1.11
2011-06-18,shigu,石鼓,Shigu,1.7,19.04,23.68,14.34,6.032805080068583,0.89,19090292.0,21922772.0,4048.7188,99.95,26.95,2011,752.07,13.12,0.26,0.58
2011-06-19,shigu,石鼓,Shigu,2.08,19.09,24.34,15.0,5.07008882887975,0.84,15919232.0,18286152.0,4131.7812,99.95,26.95,2011,751.85,13.88,0.25,0.46
2011-06-20,shigu,石鼓,Shigu,3.56,18.82,24.53,15.13,5.219938265851607,0.8,16838156.0,19345408.0,4205.8438,99.95,26.95,2011,752.12,14.69,0.36,0.46
2011-06-21,shigu,石鼓,Shigu,2.83,19.31,23.9,15.63,5.461298168292228,0.78,17464254.0,20073068.0,4218.4688,99.95,26.95,2011,751.72,15.15,0.18,0.69
2011-06-22,shigu,石鼓,Shigu,2.3,19.75,24.0,15.59,4.9578828342157815,0.9,15268142.0,17555600.0,4250.0312,99.95,26.95,2011,750.36,14.55,0.01,0.84
2011-06-23,shigu,石鼓,Shigu,4.65,16.49,20.0,13.44,2.5416776421929224,0.56,8646168.0,9942368.0,4379.5625,99.95,26.95,2011,752.21,14.81,-0.13,-0.07
2011-06-24,shigu,石鼓,Shigu,0.02,19.3,24.89,13.67,6.890026928893134,1.04,21359700.0,24571352.0,4666.0938,99.95,26.95,2011,753.19,11.51,0.2,-0.58
2011-06-25,shigu,石鼓,Shigu,0.0,20.03,24.97,14.66,7.0210514020330805,0.98,20774530.0,23907040.0,5042.25,99.95,26.95,2011,752.93,9.57,0.33,-0.63
2011-06-26,shigu,石鼓,Shigu,1.74,19.07,23.13,14.84,5.228646756474964,0.78,15836194.0,18230224.0,5317.25,99.95,26.95,2011,752.42,11.29,0.02,0.64
2011-06-27,shigu,石鼓,Shigu,11.58,16.78,21.09,14.13,3.658404236830358,0.44,12202892.0,14050344.0,5517.8438,99.95,26.95,2011,752.96,13.77,0.07,-0.09
2011-06-28,shigu,石鼓,Shigu,1.36,17.44,21.69,12.71,5.064343725586238,0.65,16782476.0,19329080.0,5763.2812,99.95,26.95,2011,752.91,13.5,0.29,0.19
2011-06-29,shigu,石鼓,Shigu,0.98,19.45,24.37,14.4,5.587845223170008,1.08,17227278.0,19848840.0,5917.6562,99.95,26.95,2011,752.28,13.44,-0.02,1.07
2011-06-30,shigu,石鼓,Shigu,3.6,19.05,23.85,15.28,4.931856916415468,0.8,15458380.0,17814752.0,5886.875,99.95,26.95,2011,751.72,14.01,0.3,0.61
2011-07-01,shigu,石鼓,Shigu,6.84,18.03,22.95,15.18,3.7669677592092894,0.77,12154076.0,14011160.0,5759.0938,99.95,26.95,2011,750.98,14.55,0.45,0.48
2011-07-02,shigu,石鼓,Shigu,4.54,18.23,23.17,15.2,4.122291458976893,0.98,13448310.0,15508160.0,5649.9688,99.95,26.95,2011,750.61,14.99,0.54,0.8
2011-07-03,shigu,石鼓,Shigu,8.93,17.69,22.27,14.91,3.404874158496753,0.87,11191616.0,12910804.0,5611.375,99.95,26.95,2011,753.25,14.95,0.5,0.68
2011-07-04,shigu,石鼓,Shigu,4.48,17.7,22.24,14.84,4.0362303075644,0.76,13452490.0,15521364.0,5616.6562,99.95,26.95,2011,755.59,15.15,0.34,0.57
2011-07-05,shigu,石鼓,Shigu,0.54,19.59,25.18,15.06,6.152463619020455,1.35,19066938.0,22006112.0,5653.0625,99.95,26.95,2011,754.09,13.55,0.15,1.33
2011-07-06,shigu,石鼓,Shigu,0.56,19.18,24.85,14.93,5.747416877446022,1.58,17898256.0,20663488.0,5788.5312,99.95,26.95,2011,752.05,13.46,-0.05,1.58
2011-07-07,shigu,石鼓,Shigu,11.07,16.19,19.17,14.19,2.4688106002713464,0.66,8370152.0,9665336.0,6098.5625,99.95,26.95,2011,755.48,14.24,0.3,-0.33
2011-07-08,shigu,石鼓,Shigu,0.26,18.2,21.86,14.39,4.082675004986706,0.65,12812536.0,14801922.0,6530.2812,99.95,26.95,2011,755.75,13.14,0.33,0.06
2011-07-09,shigu,石鼓,Shigu,11.12,17.96,23.17,14.59,4.946218847809262,0.55,16243586.0,18769760.0,6925.375,99.95,26.95,2011,754.19,14.78,0.39,0.11
2011-07-10,shigu,石鼓,Shigu,12.66,17.04,21.36,14.71,3.703894076705419,0.61,12669198.0,14642540.0,7100.0625,99.95,26.95,2011,753.98,15.65,0.53,-0.23
2011-07-11,shigu,石鼓,Shigu,6.94,16.93,20.91,14.29,3.341804511437993,0.72,11450838.0,13238686.0,7077.5625,99.95,26.95,2011,753.65,15.37,0.65,-0.26
2011-07-12,shigu,石鼓,Shigu,22.77,17.27,22.18,14.25,4.010898832566201,0.62,13636110.0,15770636.0,7084.5312,99.95,26.95,2011,753.47,15.71,0.47,-0.18
2011-07-13,shigu,石鼓,Shigu,26.39,16.42,20.33,14.31,3.1127811859496184,0.64,10778310.0,12468600.0,7250.547,99.95,26.95,2011,754.0,15.13,0.34,-0.4
2011-07-14,shigu,石鼓,Shigu,13.03,13.77,15.16,12.46,1.2684413941322694,0.8,4666096.0,5399288.0,7656.4688,99.95,26.95,2011,755.98,13.02,0.41,-0.67
2011-07-15,shigu,石鼓,Shigu,12.52,13.63,15.31,12.46,1.5080840632914336,0.53,5368888.0,6214504.0,8183.703,99.95,26.95,2011,755.9,12.24,0.27,-0.42
2011-07-16,shigu,石鼓,Shigu,4.3,15.46,19.19,12.38,3.6860180049806575,0.62,12734738.0,14735162.0,8469.405999999999,99.95,26.95,2011,753.66,12.68,0.42,0.16
2011-07-17,shigu,石鼓,Shigu,10.7,17.11,20.72,13.71,4.3569674197672965,0.63,14376882.0,16628282.0,8382.5,99.95,26.95,2011,752.44,13.32,0.37,0.25
2011-07-18,shigu,石鼓,Shigu,23.54,13.62,15.97,8.84,0.9549423809910624,0.55,3442956.0,3980648.0,8224.8125,99.95,26.95,2011,753.95,12.91,-0.02,-0.08
2011-07-19,shigu,石鼓,Shigu,0.03,18.25,24.03,10.58,7.120197638073505,0.81,22760146.0,26302912.0,8077.828,99.95,26.95,2011,752.4,10.8,0.27,-0.12
2011-07-20,shigu,石鼓,Shigu,0.22,19.2,24.02,13.86,7.062722479522464,0.89,22107344.0,25538352.0,7777.5312,99.95,26.95,2011,752.63,11.93,0.4,0.0
2011-07-21,shigu,石鼓,Shigu,5.37,18.23,23.59,13.5,5.599751473791919,0.69,18350062.0,21189258.0,7370.0312,99.95,26.95,2011,752.5,14.46,0.26,0.52
2011-07-22,shigu,石鼓,Shigu,0.91,18.0,22.4,12.91,4.883787424726758,0.88,15920380.0,18375410.0,7047.8594,99.95,26.95,2011,752.89,13.9,0.18,0.74
2011-07-23,shigu,石鼓,Shigu,9.19,18.38,23.97,14.51,5.8971100063795525,0.71,19181200.0,22129240.0,6808.9062,99.95,26.95,2011,753.66,13.95,0.44,0.05
2011-07-24,shigu,石鼓,Shigu,7.84,17.25,21.03,14.44,4.814778016408993,0.69,16466202.0,18989358.0,6569.422,99.95,26.95,2011,756.45,15.24,0.55,-0.26
2011-07-25,shigu,石鼓,Shigu,12.97,17.15,22.64,14.07,4.700100573491156,0.79,16101138.0,18561040.0,6302.2812,99.95,26.95,2011,757.0,14.81,0.31,0.35
2011-07-26,shigu,石鼓,Shigu,0.38,19.38,23.9,14.73,5.109769259491286,0.86,15759402.0,18160000.0,6106.3906,99.95,26.95,2011,755.35,13.68,0.12,0.72
2011-07-27,shigu,石鼓,Shigu,4.55,18.64,23.42,14.89,5.361214179704518,0.73,17326432.0,19956910.0,5959.047,99.95,26.95,2011,754.62,14.48,0.46,0.25
2011-07-28,shigu,石鼓,Shigu,4.88,18.04,22.81,14.53,4.229266183429708,0.74,13740236.0,15820442.0,5808.625,99.95,26.95,2011,754.02,14.39,0.35,0.6
2011-07-29,shigu,石鼓,Shigu,6.92,18.6,22.93,14.89,4.858467281328683,0.73,15557244.0,17905196.0,5676.7812,99.95,26.95,2011,753.44,14.21,0.33,0.33
2011-07-30,shigu,石鼓,Shigu,9.9,17.31,21.39,13.99,3.9568731809176807,0.56,13475602.0,15503568.0,5615.6406,99.95,26.95,2011,753.59,15.85,0.32,-0.32
2011-07-31,shigu,石鼓,Shigu,11.57,17.81,21.95,14.62,4.2319687894553,0.68,14173716.0,16299460.0,5678.703,99.95,26.95,2011,753.15,15.5,0.53,-0.32
2011-08-01,shigu,石鼓,Shigu,11.66,15.22,16.58,13.76,1.5648190764437826,0.54,5605984.0,6443648.0,5796.453,99.95,26.95,2011,754.74,14.73,0.21,-0.32
2011-08-02,shigu,石鼓,Shigu,3.45,16.86,20.95,14.1,4.436820748484887,0.65,15320570.0,17602820.0,5957.5625,99.95,26.95,2011,755.53,14.99,0.52,-0.24
2011-08-03,shigu,石鼓,Shigu,5.65,17.6,21.89,14.86,3.91224127391134,0.75,13282518.0,15255250.0,6161.5625,99.95,26.95,2011,753.65,15.67,0.54,0.35
2011-08-04,shigu,石鼓,Shigu,3.0,17.73,22.11,14.23,3.8892236835283898,1.03,12847272.0,14749730.0,6182.078,99.95,26.95,2011,752.07,14.52,0.09,0.99
2011-08-05,shigu,石鼓,Shigu,15.71,15.58,17.63,13.8,1.569760067129352,0.47,5533088.0,6349170.0,6144.797,99.95,26.95,2011,753.91,14.99,0.04,-0.05
2011-08-06,shigu,石鼓,Shigu,10.9,16.24,19.73,13.35,3.611459580865032,0.49,12358296.0,14177412.0,6295.2344,99.95,26.95,2011,754.61,13.83,-0.15,0.23
2011-08-07,shigu,石鼓,Shigu,3.85,15.02,19.34,11.9,2.541129728815497,0.62,8808598.0,10100906.0,6532.5156,99.95,26.95,2011,756.33,12.55,-0.31,0.33
2011-08-08,shigu,石鼓,Shigu,0.23,17.84,22.62,12.97,5.13480542858726,0.59,16478650.0,18887002.0,6547.2812,99.95,26.95,2011,756.12,11.58,0.12,0.1
2011-08-09,shigu,石鼓,Shigu,0.25,19.33,23.54,14.15,6.438122585795095,0.64,20208836.0,23153696.0,6249.0938,99.95,26.95,2011,754.75,12.38,0.19,0.04
2011-08-10,shigu,石鼓,Shigu,0.53,19.19,24.2,13.26,6.552129522479127,0.77,20767500.0,23782876.0,5884.1562,99.95,26.95,2011,754.79,12.8,0.36,-0.29
2011-08-11,shigu,石鼓,Shigu,4.37,17.41,23.6,11.42,5.537526178661606,0.73,18717556.0,21426882.0,5585.4375,99.95,26.95,2011,755.02,13.85,0.11,-0.18
2011-08-12,shigu,石鼓,Shigu,2.59,17.23,22.21,13.18,5.303703104929151,0.65,18068804.0,20675566.0,5355.8906,99.95,26.95,2011,754.59,14.31,0.29,-0.03
2011-08-13,shigu,石鼓,Shigu,6.33,16.94,22.55,13.68,5.001434130877249,0.67,17257840.0,19739162.0,5163.4375,99.95,26.95,2011,755.52,14.51,0.42,0.07
2011-08-14,shigu,石鼓,Shigu,11.65,16.65,20.44,13.98,4.102303429716343,0.68,14352826.0,16409562.0,4984.8594,99.95,26.95,2011,756.16,15.0,0.57,0.27
2011-08-15,shigu,石鼓,Shigu,19.41,16.03,20.91,13.78,3.6367823837495177,0.72,12947900.0,14798190.0,4787.875,99.95,26.95,2011,756.18,14.56,0.61,0.3
2011-08-16,shigu,石鼓,Shigu,17.45,15.54,20.25,13.07,3.4501126805857165,0.6,12333924.0,14088170.0,4600.2812,99.95,26.95,2011,756.03,14.16,0.51,-0.11
2011-08-17,shigu,石鼓,Shigu,14.51,15.79,19.32,13.03,3.926838254948168,0.69,13931340.0,15904218.0,4428.172000000001,99.95,26.95,2011,755.49,13.78,0.54,-0.28
2011-08-18,shigu,石鼓,Shigu,5.5,16.01,21.33,11.46,4.612231945990213,0.66,16330264.0,18636444.0,4268.5,99.95,26.95,2011,756.51,13.92,0.2,-0.11
2011-08-19,shigu,石鼓,Shigu,3.53,17.88,22.94,12.42,5.953328642507676,0.64,19800658.0,22584710.0,4116.125,99.95,26.95,2011,757.07,13.52,0.36,-0.19
2011-08-20,shigu,石鼓,Shigu,8.2,16.85,21.35,13.99,4.4325222997091815,0.71,15428010.0,17588790.0,3961.75,99.95,26.95,2011,757.58,14.77,0.63,-0.26
2011-08-21,shigu,石鼓,Shigu,10.54,16.32,21.64,13.51,4.198282032572253,0.63,14739864.0,16796244.0,3812.3594,99.95,26.95,2011,757.26,14.39,0.52,-0.02
2011-08-22,shigu,石鼓,Shigu,9.11,16.65,21.86,13.65,4.31009626865418,0.85,15209036.0,17322970.0,3667.2969,99.95,26.95,2011,756.14,14.62,0.23,0.7
2011-08-23,shigu,石鼓,Shigu,6.85,16.36,21.0,11.98,4.239639144911268,0.67,14816346.0,16866526.0,3572.0312,99.95,26.95,2011,757.05,14.01,0.08,-0.26
2011-08-24,shigu,石鼓,Shigu,1.44,16.94,20.61,12.46,5.250649621307156,0.74,17691046.0,20128546.0,3560.3906,99.95,26.95,2011,757.52,12.18,0.16,-0.4
2011-08-25,shigu,石鼓,Shigu,2.08,15.34,19.37,11.61,3.76927241746168,0.48,13101190.0,14899994.0,3588.1406,99.95,26.95,2011,757.82,11.82,0.16,-0.05
2011-08-26,shigu,石鼓,Shigu,6.5,15.02,20.02,10.72,4.962019470551265,0.57,17969498.0,20426186.0,3612.5625,99.95,26.95,2011,758.26,12.82,0.21,-0.18
2011-08-27,shigu,石鼓,Shigu,4.6,14.79,20.41,9.66,4.747270094192054,0.67,17379634.0,19746728.0,3595.0312,99.95,26.95,2011,757.67,12.53,0.18,-0.07
2011-08-28,shigu,石鼓,Shigu,1.67,15.71,21.53,10.73,5.465668755042612,0.73,19291156.0,21906948.0,3528.5156,99.95,26.95,2011,757.09,11.79,0.16,0.04
2011-08-29,shigu,石鼓,Shigu,2.6,16.44,21.57,10.68,5.007490209151978,0.59,17393832.0,19742988.0,3422.1875,99.95,26.95,2011,757.73,13.4,0.01,0.08
2011-08-30,shigu,石鼓,Shigu,0.68,18.4,23.68,11.83,6.2762773761520565,0.66,20621624.0,23395294.0,3302.3281,99.95,26.95,2011,757.05,13.17,0.06,-0.01
2011-08-31,shigu,石鼓,Shigu,0.9,19.04,25.88,11.63,6.635938133810644,0.7,21284902.0,24135232.0,3171.6875,99.95,26.95,2011,756.04,12.4,-0.16,-0.13
2011-09-01,shigu,石鼓,Shigu,2.82,17.07,23.06,11.58,5.332492820627877,0.66,18285702.0,20724568.0,3034.6562,99.95,26.95,2011,756.01,13.6,-0.01,-0.0
2011-09-02,shigu,石鼓,Shigu,0.15,19.13,24.3,12.55,6.079254714609954,0.63,19331874.0,21899652.0,2906.2812,99.95,26.95,2011,755.43,12.37,0.2,-0.09
2011-09-03,shigu,石鼓,Shigu,2.89,18.47,23.59,12.38,5.753202543294027,0.72,18912086.0,21413662.0,2779.3125,99.95,26.95,2011,756.96,13.68,0.17,-0.32
2011-09-04,shigu,石鼓,Shigu,2.29,17.17,22.24,13.3,4.808562494354193,0.62,16602272.0,18788982.0,2647.3594,99.95,26.95,2011,757.88,14.71,0.16,-0.2
2011-09-05,shigu,石鼓,Shigu,3.31,17.07,22.02,13.14,4.803133049023248,0.68,16526302.0,18694528.0,2515.1094,99.95,26.95,2011,755.99,14.02,0.37,0.01
2011-09-06,shigu,石鼓,Shigu,4.08,17.37,22.45,13.84,5.1153682468193855,0.83,17501324.0,19787314.0,2393.1094,99.95,26.95,2011,753.96,13.82,0.46,0.55
2011-09-07,shigu,石鼓,Shigu,7.08,17.31,23.1,13.77,5.249209000711038,0.64,17901328.0,20229944.0,2285.5156,99.95,26.95,2011,753.3,13.74,0.34,0.4
2011-09-08,shigu,石鼓,Shigu,13.91,15.79,18.72,13.81,3.0193786477149684,0.62,10858388.0,12265040.0,2201.3594,99.95,26.95,2011,755.66,14.56,0.58,-0.0
2011-09-09,shigu,石鼓,Shigu,11.06,14.8,16.97,13.23,1.93470995159222,0.66,7120796.0,8038820.0,2176.4688,99.95,26.95,2011,758.91,13.91,0.55,-0.35
2011-09-10,shigu,石鼓,Shigu,6.26,15.42,19.72,11.83,3.719752102659376,0.69,13537584.0,15276124.0,2246.0312,99.95,26.95,2011,758.86,13.75,0.53,-0.17
2011-09-11,shigu,石鼓,Shigu,11.26,15.86,20.92,12.45,4.292346687121157,0.54,15415154.0,17386608.0,2352.0625,99.95,26.95,2011,757.39,14.39,0.41,0.02
2011-09-12,shigu,石鼓,Shigu,8.35,16.15,20.75,12.74,4.4694376109479,0.62,15913222.0,17939252.0,2413.125,99.95,26.95,2011,757.83,14.08,0.27,-0.03
2011-09-13,shigu,石鼓,Shigu,3.9,16.15,21.15,12.9,4.627959424320858,0.66,16563858.0,18664030.0,2421.9062,99.95,26.95,2011,756.32,14.14,0.43,0.24
2011-09-14,shigu,石鼓,Shigu,0.82,17.34,22.07,13.64,4.949967552294397,0.72,16638754.0,18739200.0,2421.3906,99.95,26.95,2011,754.6,12.71,0.24,0.57
2011-09-15,shigu,石鼓,Shigu,11.56,16.37,21.21,13.74,4.2800096991613374,0.57,15081736.0,16976886.0,2441.4922,99.95,26.95,2011,755.04,14.16,0.32,0.11
2011-09-16,shigu,石鼓,Shigu,0.8,17.79,21.88,14.21,4.353096717425301,0.78,14231406.0,16014698.0,2501.1953,99.95,26.95,2011,753.48,12.83,0.2,0.72
2011-09-17,shigu,石鼓,Shigu,2.61,17.62,22.48,14.96,3.769845011888647,0.75,12677114.0,14262972.0,2561.7656,99.95,26.95,2011,752.85,14.47,0.42,0.48
2011-09-18,shigu,石鼓,Shigu,16.86,17.01,22.63,14.04,3.830550538859349,0.61,13342484.0,15006028.0,2566.9766,99.95,26.95,2011,755.46,15.05,0.37,0.22
2011-09-19,shigu,石鼓,Shigu,9.64,15.89,19.84,13.75,3.034452102103972,0.6,10914062.0,12270120.0,2527.3984,99.95,26.95,2011,757.14,14.62,0.45,-0.01
2011-09-20,shigu,石鼓,Shigu,13.31,16.06,20.64,13.36,3.528212277409963,0.69,12832152.0,14423072.0,2482.7266,99.95,26.95,2011,757.09,14.96,0.62,-0.23
2011-09-21,shigu,石鼓,Shigu,7.13,15.37,19.56,13.46,2.8435520101248737,0.64,10395864.0,11680790.0,2471.2578,99.95,26.95,2011,756.22,14.2,0.56,0.06
2011-09-22,shigu,石鼓,Shigu,17.23,16.02,20.92,13.5,3.3337232953885554,0.68,12008636.0,13489658.0,2494.6797,99.95,26.95,2011,755.49,14.55,0.57,0.23
2011-09-23,shigu,石鼓,Shigu,12.11,15.77,19.77,13.47,2.923270680620293,0.64,10251285.0,11512165.0,2552.4922,99.95,26.95,2011,755.83,13.28,0.53,0.09
2011-09-24,shigu,石鼓,Shigu,15.02,14.54,16.98,13.06,2.329898299505353,0.73,8808440.0,9887654.0,2646.0078,99.95,26.95,2011,756.77,13.73,0.64,-0.32
2011-09-25,shigu,石鼓,Shigu,11.02,15.07,19.28,12.97,2.4249328754712343,0.59,8899342.0,9987389.0,2775.9922,99.95,26.95,2011,757.14,14.04,0.52,-0.09
2011-09-26,shigu,石鼓,Shigu,4.43,16.06,20.17,13.13,3.6455576756991657,0.71,12821717.0,14385085.0,2913.961,99.95,26.95,2011,756.11,13.26,0.5,0.16
2011-09-27,shigu,石鼓,Shigu,0.47,17.77,22.28,13.24,4.037877850632639,0.84,12921753.0,14495114.0,3021.2734,99.95,26.95,2011,754.72,12.13,0.35,0.61
2011-09-28,shigu,石鼓,Shigu,1.96,17.28,22.03,12.67,4.784396258855184,0.7,16017601.0,17961964.0,3089.6875,99.95,26.95,2011,755.64,12.19,0.35,0.23
2011-09-29,shigu,石鼓,Shigu,9.95,14.83,19.0,12.31,3.4862542601482702,0.82,13056639.0,14635941.0,3120.1875,99.95,26.95,2011,757.78,13.2,0.49,-0.62
2011-09-30,shigu,石鼓,Shigu,1.43,14.75,18.1,12.17,3.134667063599931,0.82,11236354.0,12592908.0,3151.9688,99.95,26.95,2011,757.99,11.69,0.38,-0.67
2011-10-01,shigu,石鼓,Shigu,7.63,14.85,18.87,11.71,3.8472058672643423,0.84,13794228.0,15455208.0,3205.586,99.95,26.95,2011,756.73,11.12,0.64,-0.47
2011-10-02,shigu,石鼓,Shigu,8.8,12.32,15.18,9.93,1.8820276211193967,1.02,7351027.0,8232034.0,3246.2969,99.95,26.95,2011,758.8,10.72,0.42,-0.93
2011-10-03,shigu,石鼓,Shigu,3.51,11.27,13.09,9.98,1.4747680962125598,0.81,5535816.0,6199014.0,3247.9375,99.95,26.95,2011,759.09,8.97,0.54,-0.59
2011-10-04,shigu,石鼓,Shigu,1.8,12.45,14.88,10.26,2.0058851969722467,0.91,7468449.0,8359728.0,3249.7422,99.95,26.95,2011,759.07,9.92,0.66,-0.61
2011-10-05,shigu,石鼓,Shigu,6.69,12.88,16.84,10.62,2.828085246090017,0.59,10753110.0,12033028.0,3251.3203,99.95,26.95,2011,760.75,10.64,0.26,-0.3
2011-10-06,shigu,石鼓,Shigu,1.8,14.16,19.51,9.88,4.440110682397063,0.46,16171755.0,18092496.0,3279.0312,99.95,26.95,2011,760.57,10.08,0.07,-0.06
2011-10-07,shigu,石鼓,Shigu,4.28,13.06,18.2,8.73,3.5763535352541727,0.57,13817224.0,15454401.0,3250.2266,99.95,26.95,2011,760.65,11.43,0.18,-0.02
2011-10-08,shigu,石鼓,Shigu,0.36,14.66,19.94,9.88,3.947770633625249,0.61,14002634.0,15656832.0,3120.125,99.95,26.95,2011,759.53,9.92,0.17,0.3
2011-10-09,shigu,石鼓,Shigu,0.3,15.28,20.26,10.18,4.424603679892519,0.69,15258480.0,17055556.0,2941.7969,99.95,26.95,2011,759.31,9.08,0.13,0.47
2011-10-10,shigu,石鼓,Shigu,0.03,15.46,20.41,9.42,4.240344980298668,0.61,14465809.0,16165452.0,2759.5,99.95,26.95,2011,759.99,8.93,-0.05,0.39
2011-10-11,shigu,石鼓,Shigu,0.11,15.66,20.97,9.48,4.432280744781355,0.55,15150144.0,16924934.0,2588.2344,99.95,26.95,2011,760.2,9.13,-0.14,0.33
2011-10-12,shigu,石鼓,Shigu,0.51,15.35,21.52,8.64,4.939446263284681,0.61,17595534.0,19650768.0,2433.5781,99.95,26.95,2011,758.72,10.94,0.09,0.18
2011-10-13,shigu,石鼓,Shigu,0.86,15.98,21.73,8.89,4.972473369154934,0.56,17209086.0,19213190.0,2300.6797,99.95,26.95,2011,757.57,10.4,0.1,0.13
2011-10-14,shigu,石鼓,Shigu,2.66,14.78,19.68,10.92,3.752589740503295,0.6,13462288.0,15025740.0,2191.3984,99.95,26.95,2011,757.18,11.08,0.34,0.31
2011-10-15,shigu,石鼓,Shigu,7.07,13.7,17.9,10.45,2.985656178025871,0.72,11112152.0,12398720.0,2095.8594,99.95,26.95,2011,758.12,11.04,0.6,-0.08
2011-10-16,shigu,石鼓,Shigu,13.47,12.72,16.73,10.42,3.006655486841915,0.65,11920316.0,13296692.0,2012.9688,99.95,26.95,2011,759.18,11.68,0.51,-0.34
2011-10-17,shigu,石鼓,Shigu,9.09,12.52,16.02,10.61,2.5369872105212044,0.69,10077100.0,11239288.0,1951.0938,99.95,26.95,2011,760.48,11.4,0.58,-0.15
2011-10-18,shigu,石鼓,Shigu,1.0,13.97,17.99,10.67,3.2489382672836773,0.76,11638696.0,12979164.0,1917.1562,99.95,26.95,2011,759.0,9.71,0.54,0.44
2011-10-19,shigu,石鼓,Shigu,5.22,13.2,16.92,11.29,2.733833715531519,0.65,10424942.0,11623944.0,1921.5781,99.95,26.95,2011,757.58,11.25,0.5,0.32
2011-10-20,shigu,石鼓,Shigu,4.78,12.34,16.48,9.67,2.0240874943965568,0.63,8026028.0,8947484.0,1949.3672,99.95,26.95,2011,758.31,11.39,0.29,0.49
2011-10-21,shigu,石鼓,Shigu,2.29,12.65,16.88,10.12,2.3198535727444702,0.82,8868326.0,9885364.0,1960.4141,99.95,26.95,2011,758.0,10.43,0.21,0.75
2011-10-22,shigu,石鼓,Shigu,1.05,13.73,18.4,10.24,3.5492767982363995,1.08,13118178.0,14618348.0,1936.0703,99.95,26.95,2011,756.7,9.94,0.24,1.02
2011-10-23,shigu,石鼓,Shigu,0.85,11.76,15.44,7.06,2.6881200406694306,0.98,10348160.0,11530572.0,1889.0859,99.95,26.95,2011,758.2,8.47,-0.16,0.93
2011-10-24,shigu,石鼓,Shigu,0.0,13.05,18.58,7.54,4.101484935573728,0.75,14874420.0,16569744.0,1836.1719,99.95,26.95,2011,759.28,6.53,0.17,0.25
2011-10-25,shigu,石鼓,Shigu,0.01,13.48,18.91,7.58,4.700233650791094,1.16,16067520.0,17895044.0,1778.9922,99.95,26.95,2011,758.86,4.07,0.18,1.06
2011-10-26,shigu,石鼓,Shigu,0.0,13.09,18.44,7.25,4.658736482721322,1.25,16266064.0,18113388.0,1724.25,99.95,26.95,2011,758.15,4.41,-0.17,1.21
2011-10-27,shigu,石鼓,Shigu,1.73,11.22,15.9,4.81,4.112059531256996,1.02,15928518.0,17734012.0,1670.7422,99.95,26.95,2011,758.45,5.29,-0.01,0.94
2011-10-28,shigu,石鼓,Shigu,0.92,10.26,15.29,4.86,3.816435526550212,0.58,15390858.0,17131944.0,1616.5391,99.95,26.95,2011,760.32,5.65,0.08,0.01
2011-10-29,shigu,石鼓,Shigu,0.97,10.14,15.82,3.88,3.82741321173869,0.76,15456910.0,17202560.0,1560.0234,99.95,26.95,2011,758.17,5.09,0.03,0.56
2011-10-30,shigu,石鼓,Shigu,0.1,10.54,15.7,3.82,3.7463435295151473,0.89,14181388.0,15779444.0,1499.3281,99.95,26.95,2011,756.98,2.87,-0.0,0.79
2011-10-31,shigu,石鼓,Shigu,0.49,10.09,15.14,3.6,3.8803593079705583,1.03,15213552.0,16926024.0,1437.4688,99.95,26.95,2011,757.71,3.29,-0.07,0.97
2011-11-01,shigu,石鼓,Shigu,1.07,9.47,14.13,3.25,3.762733852065284,0.9,15176052.0,16880804.0,1379.0781,99.95,26.95,2011,757.96,3.14,0.07,0.79
2011-11-02,shigu,石鼓,Shigu,0.72,9.1,14.11,3.41,3.880126381535049,0.94,15473792.0,17208564.0,1327.2031,99.95,26.95,2011,756.91,1.18,0.17,0.78
2011-11-03,shigu,石鼓,Shigu,0.0,9.37,14.69,3.89,3.705196227070135,0.84,14237446.0,15830732.0,1282.1875,99.95,26.95,2011,757.01,0.03,-0.02,0.75
2011-11-04,shigu,石鼓,Shigu,0.02,9.57,14.65,3.93,3.5968833269595084,0.73,14109736.0,15685572.0,1242.3828,99.95,26.95,2011,758.22,1.93,0.19,0.27
2011-11-05,shigu,石鼓,Shigu,0.96,10.39,14.56,4.45,3.3943979591966738,0.63,13018792.0,14470188.0,1207.1406,99.95,26.95,2011,758.08,3.28,0.37,0.17
2011-11-06,shigu,石鼓,Shigu,1.56,8.41,13.51,2.3,3.1832724422941583,0.76,13741242.0,15277980.0,1178.1094,99.95,26.95,2011,757.75,4.7,-0.03,0.5
2011-11-07,shigu,石鼓,Shigu,1.75,8.03,13.11,2.65,3.2190023273161392,0.63,13759300.0,15291464.0,1155.3984,99.95,26.95,2011,758.87,3.21,0.04,-0.1
2011-11-08,shigu,石鼓,Shigu,4.38,6.48,11.62,1.24,2.588451292697312,0.63,12122662.0,13502844.0,1138.2188,99.95,26.95,2011,760.07,4.57,-0.1,-0.28
2011-11-09,shigu,石鼓,Shigu,0.17,7.47,13.33,1.41,3.440847162557199,0.61,14650424.0,16315136.0,1123.6797,99.95,26.95,2011,759.22,0.72,-0.32,0.11
2011-11-10,shigu,石鼓,Shigu,0.0,9.29,15.81,1.11,4.284341872193683,0.79,16786710.0,18668344.0,1107.1641,99.95,26.95,2011,757.32,-1.01,-0.28,0.64
2011-11-11,shigu,石鼓,Shigu,0.0,10.69,17.11,3.42,4.2171066245584266,0.75,16390434.0,18210584.0,1088.8984,99.95,26.95,2011,755.84,3.49,0.04,0.58
2011-11-12,shigu,石鼓,Shigu,0.0,9.52,15.12,4.49,3.0710591261010363,1.05,11443434.0,12706652.0,1072.1641,99.95,26.95,2011,757.06,1.8,-0.16,0.98
2011-11-13,shigu,石鼓,Shigu,0.01,10.01,14.53,4.29,3.048544669190173,0.72,11595114.0,12870404.0,1057.9219,99.95,26.95,2011,758.05,2.87,0.08,0.58
2011-11-14,shigu,石鼓,Shigu,0.3,9.77,14.38,4.29,2.7311077013688183,0.86,10467434.0,11615536.0,1045.7266,99.95,26.95,2011,758.66,3.88,0.19,0.68
2011-11-15,shigu,石鼓,Shigu,0.87,8.19,13.72,0.94,2.9568657448527564,1.08,12250648.0,13591524.0,1035.2891,99.95,26.95,2011,758.49,2.69,0.03,0.93
2011-11-16,shigu,石鼓,Shigu,0.82,7.87,13.29,1.03,3.242976492626686,1.18,13598934.0,15087488.0,1027.6406,99.95,26.95,2011,757.61,1.75,-0.13,1.09
2011-11-17,shigu,石鼓,Shigu,0.14,7.32,13.02,0.8,3.18538623345689,1.31,13291594.0,14747032.0,1022.33594,99.95,26.95,2011,756.42,0.48,-0.22,1.24
2011-11-18,shigu,石鼓,Shigu,0.01,7.84,14.45,0.73,3.7084906766951735,0.92,15252322.0,16922000.0,1016.2031,99.95,26.95,2011,757.57,-0.76,-0.52,0.69
2011-11-19,shigu,石鼓,Shigu,0.0,9.5,15.72,2.86,4.0888208105773804,0.77,15839008.0,17572312.0,1007.125,99.95,26.95,2011,760.98,-0.75,-0.09,-0.15
2011-11-20,shigu,石鼓,Shigu,0.0,10.05,15.85,3.93,3.833679258353299,0.77,14797940.0,16417076.0,996.1875,99.95,26.95,2011,761.78,1.77,0.2,0.15
2011-11-21,shigu,石鼓,Shigu,0.0,10.11,16.4,4.38,3.968274845134413,0.79,15333610.0,17011256.0,985.2656,99.95,26.95,2011,761.51,1.73,-0.38,0.58
2011-11-22,shigu,石鼓,Shigu,0.12,10.09,15.56,4.36,3.467199170204541,0.57,13638768.0,15130252.0,974.9375,99.95,26.95,2011,762.43,3.6,-0.03,-0.18
2011-11-23,shigu,石鼓,Shigu,0.34,9.88,14.8,5.15,3.334558917039648,0.66,13104846.0,14537984.0,965.4922,99.95,26.95,2011,763.09,3.38,0.05,-0.18
2011-11-24,shigu,石鼓,Shigu,0.0,10.04,16.18,3.96,3.534820465853492,1.16,12901682.0,14312888.0,956.9922,99.95,26.95,2011,760.07,1.12,-0.33,1.06
2011-11-25,shigu,石鼓,Shigu,0.0,9.81,16.03,3.77,3.8251743931094015,0.73,15088132.0,16738628.0,948.9531,99.95,26.95,2011,758.75,2.36,-0.2,0.59
2011-11-26,shigu,石鼓,Shigu,0.0,10.02,16.43,3.94,3.8112681864753672,0.79,14885178.0,16513356.0,940.84375,99.95,26.95,2011,757.79,2.55,-0.18,0.67
2011-11-27,shigu,石鼓,Shigu,0.0,9.53,15.53,3.12,3.5310607589603538,0.78,13949918.0,15475448.0,932.8906,99.95,26.95,2011,756.13,2.41,-0.18,0.67
2011-11-28,shigu,石鼓,Shigu,0.0,9.75,15.8,3.99,3.6553429897760656,0.71,14584486.0,16179676.0,925.28125,99.95,26.95,2011,754.44,3.29,0.23,0.43
2011-11-29,shigu,石鼓,Shigu,0.13,8.73,13.39,3.32,2.369487597274886,0.58,9497920.0,10535884.0,918.02344,99.95,26.95,2011,756.41,3.4,0.22,0.02
2011-11-30,shigu,石鼓,Shigu,0.14,8.81,12.99,4.8,2.2426757800626373,0.66,8795318.0,9757376.0,911.3047,99.95,26.95,2011,757.93,3.27,0.33,0.16
2011-12-01,shigu,石鼓,Shigu,0.96,8.36,14.82,3.97,3.3097894939872017,0.48,13804946.0,15314256.0,905.4375,99.95,26.95,2011,759.01,2.27,-0.04,-0.15
2011-12-02,shigu,石鼓,Shigu,0.03,8.38,13.97,3.97,3.1987697996520685,0.93,12772816.0,14168236.0,900.85156,99.95,26.95,2011,755.4,0.89,0.01,0.84
2011-12-03,shigu,石鼓,Shigu,0.0,8.71,14.38,2.27,3.204669279553788,1.3,12165598.0,13495820.0,895.58594,99.95,26.95,2011,752.93,0.69,-0.1,1.28
2011-12-04,shigu,石鼓,Shigu,0.45,7.01,11.87,3.67,2.0539304244818366,1.26,8238100.0,9140112.0,888.7031,99.95,26.95,2011,754.24,1.93,-0.01,1.19
2011-12-05,shigu,石鼓,Shigu,0.01,8.91,13.72,3.7,2.120987577737382,1.16,7829774.0,8686920.0,882.02344,99.95,26.95,2011,756.11,3.48,-0.07,1.13
2011-12-06,shigu,石鼓,Shigu,0.01,8.9,15.13,5.06,2.225320392494116,0.9,8493788.0,9422088.0,876.46094,99.95,26.95,2011,757.49,3.33,0.19,0.75
2011-12-07,shigu,石鼓,Shigu,0.08,9.11,13.58,5.43,1.9186049064439232,0.62,7222610.0,8011876.0,870.4297,99.95,26.95,2011,758.52,3.33,0.12,0.46
2011-12-08,shigu,石鼓,Shigu,0.25,9.36,13.27,5.54,2.0074898690996363,0.69,7525254.0,8348160.0,864.21875,99.95,26.95,2011,757.99,3.76,0.19,0.62
2011-12-09,shigu,石鼓,Shigu,0.77,9.29,13.77,5.69,2.1064151614207525,0.75,7824336.0,8679516.0,858.96875,99.95,26.95,2011,756.46,3.23,0.45,0.54
2011-12-10,shigu,石鼓,Shigu,2.72,6.37,11.06,1.66,2.082972816074369,0.66,9045758.0,10082968.0,854.7578,99.95,26.95,2011,756.89,1.92,0.52,-0.01
2011-12-11,shigu,石鼓,Shigu,0.58,6.15,11.36,1.01,2.4701409776766043,0.69,10413130.0,11692136.0,852.89844,99.95,26.95,2011,756.79,-0.71,0.16,0.49
2011-12-12,shigu,石鼓,Shigu,0.02,6.26,11.49,0.9,2.650955253261949,0.8,11103560.0,12405484.0,853.1953,99.95,26.95,2011,756.65,-1.19,-0.2,0.71
2011-12-13,shigu,石鼓,Shigu,0.24,6.3,10.34,2.62,2.2602239404488498,0.96,9170286.0,10215824.0,850.1328,99.95,26.95,2011,755.99,-0.45,-0.05,0.89
2011-12-14,shigu,石鼓,Shigu,0.18,6.43,11.06,2.51,2.2161322919791053,0.66,9343110.0,10395876.0,842.65625,99.95,26.95,2011,756.66,0.42,0.25,0.3
2011-12-15,shigu,石鼓,Shigu,0.56,6.67,10.85,3.56,1.980269101651538,0.63,8128340.0,9037820.0,833.8047,99.95,26.95,2011,757.06,0.62,0.43,0.21
2011-12-16,shigu,石鼓,Shigu,0.28,6.8,11.72,2.63,2.62974982272408,1.11,10131874.0,11270752.0,825.0469,99.95,26.95,2011,757.31,-1.89,0.31,0.99
2011-12-17,shigu,石鼓,Shigu,0.0,6.52,11.89,1.84,3.217675621342785,1.26,12891980.0,14327276.0,816.9219,99.95,26.95,2011,757.64,-3.24,-0.31,1.16
2011-12-18,shigu,石鼓,Shigu,0.0,6.69,12.43,1.63,3.2543797131528422,1.02,13186216.0,14645396.0,809.53125,99.95,26.95,2011,757.63,-3.3,-0.12,0.94
2011-12-19,shigu,石鼓,Shigu,0.0,6.23,11.97,1.4,3.319012529605513,1.33,13711810.0,15226688.0,802.47656,99.95,26.95,2011,756.09,-3.11,-0.52,1.19
2011-12-20,shigu,石鼓,Shigu,0.0,7.1,13.51,1.36,3.4402009375310776,1.05,14046068.0,15597460.0,795.5156,99.95,26.95,2011,755.83,-2.24,-0.24,0.96
2011-12-21,shigu,石鼓,Shigu,0.0,7.79,14.5,1.56,3.637669274867626,0.91,14311704.0,15893316.0,788.6719,99.95,26.95,2011,756.06,-3.46,-0.24,0.82
2011-12-22,shigu,石鼓,Shigu,0.0,8.24,14.93,2.15,3.824991134501536,1.14,14324048.0,15908912.0,781.9219,99.95,26.95,2011,754.97,-4.36,-0.17,1.07
2011-12-23,shigu,石鼓,Shigu,0.0,8.43,15.0,2.58,3.612697679779348,0.59,14262092.0,15842344.0,775.41406,99.95,26.95,2011,755.64,-2.92,0.15,0.28
2011-12-24,shigu,石鼓,Shigu,0.0,7.59,13.91,3.0,2.9010608027348552,0.7,11677062.0,12970976.0,769.2031,99.95,26.95,2011,756.01,-0.85,0.28,0.42
2011-12-25,shigu,石鼓,Shigu,0.0,8.38,14.29,2.64,3.2448791374644887,0.78,12623872.0,14026312.0,763.1719,99.95,26.95,2011,757.31,-1.17,0.05,0.57
2011-12-26,shigu,石鼓,Shigu,0.01,8.37,14.21,2.9,3.3265786860378443,1.18,12200430.0,13558412.0,757.28125,99.95,26.95,2011,757.89,-2.32,-0.01,1.07
2011-12-27,shigu,石鼓,Shigu,0.09,7.94,14.02,2.68,3.2537288956343566,1.27,12053070.0,13396760.0,751.7031,99.95,26.95,2011,757.94,-2.38,-0.18,1.21
2011-12-28,shigu,石鼓,Shigu,0.0,7.5,13.44,1.89,3.3415599964152647,1.41,12863838.0,14300388.0,746.5156,99.95,26.95,2011,758.21,-2.04,-0.34,1.32
2011-12-29,shigu,石鼓,Shigu,0.0,7.32,13.28,1.73,3.243071281357706,1.31,12770644.0,14199308.0,741.03125,99.95,26.95,2011,758.16,-1.61,-0.37,1.23
2011-12-30,shigu,石鼓,Shigu,0.0,7.98,14.28,2.2,3.4655225479274865,1.18,13491020.0,15002992.0,735.4531,99.95,26.95,2011,758.52,-1.43,-0.39,1.07
2011-12-31,shigu,石鼓,Shigu,0.0,8.41,15.07,2.34,3.6135695894535793,1.13,14084678.0,15665756.0,729.7031,99.95,26.95,2011,758.91,-0.8,-0.26,1.04
2012-01-01,shigu,石鼓,Shigu,0.16,9.12,16.12,2.1,3.8478398738714255,1.37,14197802.0,15794156.0,723.7969,99.95,26.95,2012,757.28,-1.24,-0.39,1.29
2012-01-02,shigu,石鼓,Shigu,3.92,5.98,11.3,2.48,2.23153161137047,1.23,10382158.0,11575232.0,718.71875,99.95,26.95,2012,755.25,2.68,0.04,1.21
2012-01-03,shigu,石鼓,Shigu,0.58,6.17,11.62,1.91,2.63056717512494,1.16,11011112.0,12327788.0,719.03125,99.95,26.95,2012,755.07,-0.47,0.15,1.13
2012-01-04,shigu,石鼓,Shigu,1.68,4.3,9.14,0.9,2.2716625245549125,1.04,10495842.0,11826680.0,726.125,99.95,26.95,2012,754.88,-0.79,0.26,0.88
2012-01-05,shigu,石鼓,Shigu,0.6,3.44,8.93,-0.41,2.5316328535107435,1.35,11937070.0,13747732.0,729.2031,99.95,26.95,2012,755.63,-2.25,-0.22,1.3
2012-01-06,shigu,石鼓,Shigu,0.08,3.79,9.76,-1.04,2.768035331853973,1.47,12512600.0,14313048.0,725.5156,99.95,26.95,2012,757.51,-3.45,-0.18,1.41
2012-01-07,shigu,石鼓,Shigu,0.01,3.95,9.9,-1.36,2.923173523299468,1.52,13250630.0,15027428.0,717.21875,99.95,26.95,2012,759.09,-3.7,-0.24,1.46
2012-01-08,shigu,石鼓,Shigu,0.05,4.13,9.94,-1.28,2.8872841172447514,1.47,13122536.0,14791636.0,707.6094,99.95,26.95,2012,759.77,-3.26,-0.17,1.38
2012-01-09,shigu,石鼓,Shigu,4.96,5.15,11.53,-1.09,2.939503533853763,1.19,13783866.0,15466912.0,698.8281,99.95,26.95,2012,758.45,-0.01,-0.13,1.16
2012-01-10,shigu,石鼓,Shigu,1.04,4.81,10.61,-0.48,2.315609678031417,1.1,10102374.0,12228152.0,693.4375,99.95,26.95,2012,757.92,0.65,-0.01,1.04
2012-01-11,shigu,石鼓,Shigu,2.26,4.05,8.17,0.38,1.8652510854538231,0.85,8703046.0,10243504.0,691.1406,99.95,26.95,2012,757.23,1.11,0.37,0.67
2012-01-12,shigu,石鼓,Shigu,3.8,4.86,9.4,1.16,2.493916267074236,0.88,11286606.0,13170280.0,688.40625,99.95,26.95,2012,755.8,0.54,0.38,0.75
2012-01-13,shigu,石鼓,Shigu,3.6,3.69,8.34,0.54,2.1474936614189346,0.87,8953784.0,12006488.0,685.59375,99.95,26.95,2012,753.66,0.32,0.26,0.71
2012-01-14,shigu,石鼓,Shigu,2.44,1.6,5.9,-2.73,1.6208193520952416,0.82,7651348.0,9841992.0,681.34375,99.95,26.95,2012,752.19,-1.0,-0.32,0.73
2012-01-15,shigu,石鼓,Shigu,0.05,0.03,6.05,-4.94,2.5883287305967464,1.4,12800632.0,16413080.0,674.5,99.95,26.95,2012,753.24,-6.53,-0.59,1.24
2012-01-16,shigu,石鼓,Shigu,0.02,0.76,8.09,-5.03,2.873081791145258,1.22,13767638.0,17021820.0,666.28125,99.95,26.95,2012,751.2,-7.88,-0.39,1.1
2012-01-17,shigu,石鼓,Shigu,0.51,1.83,7.24,-4.2,2.4833442218498187,1.33,12443766.0,14949072.0,658.0781,99.95,26.95,2012,749.33,-3.08,-0.13,1.27
2012-01-18,shigu,石鼓,Shigu,0.92,2.98,7.49,-0.92,1.8387886736417427,1.13,8733866.0,10358852.0,650.5625,99.95,26.95,2012,750.72,-0.61,0.09,1.08
2012-01-19,shigu,石鼓,Shigu,0.47,4.19,9.49,0.62,2.250962204960198,1.32,9885478.0,11555520.0,644.3906,99.95,26.95,2012,752.09,-1.21,0.18,1.29
2012-01-20,shigu,石鼓,Shigu,1.08,4.32,9.3,0.75,2.1855445956118063,1.35,9617796.0,11147108.0,640.1406,99.95,26.95,2012,750.97,-0.88,0.43,1.26
2012-01-21,shigu,石鼓,Shigu,0.72,4.95,9.98,0.25,2.7557095266994183,1.45,12204190.0,14183616.0,638.4844,99.95,26.95,2012,750.97,-0.79,0.07,1.42
2012-01-22,shigu,石鼓,Shigu,0.37,3.74,8.99,-1.32,2.41399770624137,1.29,10927166.0,12562264.0,638.7969,99.95,26.95,2012,754.1,-2.38,-0.21,1.24
2012-01-23,shigu,石鼓,Shigu,0.08,3.2,8.57,-1.38,2.6661220012639046,1.47,12846524.0,14603036.0,635.2969,99.95,26.95,2012,752.72,-2.96,-0.42,1.37
2012-01-24,shigu,石鼓,Shigu,0.03,3.45,8.72,-0.93,2.474680674813765,1.32,11516504.0,13010200.0,628.28125,99.95,26.95,2012,752.97,-2.96,-0.28,1.26
2012-01-25,shigu,石鼓,Shigu,0.03,3.03,9.29,-1.34,2.4986955326140747,1.41,12321146.0,13862744.0,620.9531,99.95,26.95,2012,752.63,-2.55,-0.29,1.35
2012-01-26,shigu,石鼓,Shigu,0.0,3.31,10.45,-1.84,2.766903497010577,1.45,13813824.0,15502304.0,614.71875,99.95,26.95,2012,752.33,-2.32,-0.46,1.36
2012-01-27,shigu,石鼓,Shigu,0.01,4.8,11.31,-1.99,3.1179276049763383,1.61,14398632.0,16128536.0,608.65625,99.95,26.95,2012,752.73,-1.94,-0.33,1.55
2012-01-28,shigu,石鼓,Shigu,0.0,4.45,10.45,-1.09,3.1721325156521414,1.31,14457502.0,16180668.0,602.6875,99.95,26.95,2012,754.22,-3.61,-0.32,1.25
2012-01-29,shigu,石鼓,Shigu,0.0,5.17,11.37,-1.09,3.4089638186232483,1.38,15099708.0,16894292.0,597.03125,99.95,26.95,2012,755.13,-3.38,-0.34,1.27
2012-01-30,shigu,石鼓,Shigu,0.1,5.48,11.82,-0.91,3.1805405147136514,1.36,13690716.0,15318404.0,591.46875,99.95,26.95,2012,757.21,-2.83,-0.44,1.23
2012-01-31,shigu,石鼓,Shigu,0.0,5.39,11.83,-0.92,3.6411322522055336,1.33,16055598.0,17964420.0,585.78125,99.95,26.95,2012,756.73,-3.74,-0.41,1.23
2012-02-01,shigu,石鼓,Shigu,0.0,5.84,12.32,-0.2,3.86831461595304,1.31,16762892.0,18758092.0,580.09375,99.95,26.95,2012,755.41,-3.92,-0.33,1.22
2012-02-02,shigu,石鼓,Shigu,0.0,5.47,11.23,0.55,3.5189243312169363,1.42,15329824.0,17157632.0,574.625,99.95,26.95,2012,757.05,-3.48,-0.29,1.32
2012-02-03,shigu,石鼓,Shigu,0.0,5.55,12.65,-1.19,3.769793157467653,1.39,16488144.0,18457268.0,569.40625,99.95,26.95,2012,756.57,-3.96,-0.27,1.28
2012-02-04,shigu,石鼓,Shigu,0.0,5.19,13.14,-1.27,3.753897859417358,1.38,17142252.0,19193364.0,564.40625,99.95,26.95,2012,756.52,-3.09,-0.47,1.28
2012-02-05,shigu,石鼓,Shigu,0.02,4.94,12.34,-1.32,3.4514137133071623,1.9,16598834.0,18588828.0,559.65625,99.95,26.95,2012,754.0,-1.38,-0.63,1.76
2012-02-06,shigu,石鼓,Shigu,0.02,5.22,12.48,-0.04,3.3076681240343646,1.83,15530212.0,17402020.0,555.15625,99.95,26.95,2012,753.73,-0.99,-0.61,1.71
2012-02-07,shigu,石鼓,Shigu,0.0,6.88,14.69,-0.04,3.5379317891300555,1.39,15520670.0,17391656.0,551.25,99.95,26.95,2012,754.4,0.59,-0.45,1.29
2012-02-08,shigu,石鼓,Shigu,0.0,7.94,16.35,0.12,3.901755868760465,1.59,16031566.0,17966228.0,548.25,99.95,26.95,2012,754.2,0.16,-0.46,1.51
2012-02-09,shigu,石鼓,Shigu,0.22,8.08,14.65,-0.09,3.854955614940669,1.69,15555544.0,17435890.0,547.125,99.95,26.95,2012,753.25,0.1,0.13,1.65
2012-02-10,shigu,石鼓,Shigu,1.16,7.03,12.66,3.16,3.309844086024459,1.51,14417516.0,16189642.0,551.0,99.95,26.95,2012,754.33,1.25,0.48,1.4
2012-02-11,shigu,石鼓,Shigu,0.12,7.19,13.36,2.83,3.756968082054175,1.48,15454946.0,17343052.0,563.625,99.95,26.95,2012,754.28,-1.42,0.5,1.38
2012-02-12,shigu,石鼓,Shigu,1.14,5.86,11.28,1.29,3.2527386541551424,1.32,14552564.0,16373596.0,579.03125,99.95,26.95,2012,755.36,-0.5,0.03,1.3
2012-02-13,shigu,石鼓,Shigu,0.13,6.69,12.74,1.05,4.0198961936750095,1.8,16869176.0,18957098.0,587.21875,99.95,26.95,2012,756.1,-2.54,-0.13,1.72
2012-02-14,shigu,石鼓,Shigu,0.61,6.03,12.61,-0.11,2.9221848678771503,1.72,12604350.0,14191124.0,587.21875,99.95,26.95,2012,755.42,-0.21,-0.18,1.65
2012-02-15,shigu,石鼓,Shigu,0.0,7.17,14.77,-0.17,4.186850858296295,1.74,18009954.0,20240990.0,585.0,99.95,26.95,2012,754.99,-0.82,-0.53,1.63
2012-02-16,shigu,石鼓,Shigu,0.0,8.36,15.79,0.05,4.212566132305721,1.68,16811388.0,18880388.0,584.25,99.95,26.95,2012,755.81,-0.48,-0.29,1.6
2012-02-17,shigu,石鼓,Shigu,0.87,8.92,15.82,0.91,4.1082427855633,1.57,16436776.0,18458558.0,584.6875,99.95,26.95,2012,754.49,1.27,0.06,1.53
2012-02-18,shigu,石鼓,Shigu,1.89,6.77,12.86,0.17,3.381327845451485,1.39,14902580.0,16830458.0,586.5625,99.95,26.95,2012,755.53,1.07,-0.22,1.32
2012-02-19,shigu,石鼓,Shigu,0.74,6.26,12.89,0.21,3.6475743606655713,1.43,16249382.0,18293308.0,589.59375,99.95,26.95,2012,754.63,-0.55,-0.17,1.35
2012-02-20,shigu,石鼓,Shigu,0.18,7.22,13.84,0.22,4.156499571631346,1.48,17350384.0,19514138.0,586.9375,99.95,26.95,2012,753.22,-1.84,-0.34,1.42
2012-02-21,shigu,石鼓,Shigu,0.17,6.34,13.08,0.11,3.7928915177010993,1.63,16611440.0,18676810.0,578.09375,99.95,26.95,2012,752.4,-1.38,-0.34,1.56
2012-02-22,shigu,石鼓,Shigu,0.01,7.17,15.02,-0.25,4.03491173844064,1.7,17485930.0,19661282.0,566.0,99.95,26.95,2012,751.82,-0.17,-0.54,1.6
2012-02-23,shigu,石鼓,Shigu,0.01,8.28,15.34,1.4,4.088447329897773,1.71,17042034.0,19166452.0,554.125,99.95,26.95,2012,751.6,1.2,-0.61,1.59
2012-02-24,shigu,石鼓,Shigu,0.01,8.97,16.21,3.07,3.75261959812948,1.66,15116240.0,17004340.0,544.9375,99.95,26.95,2012,752.23,2.49,-0.44,1.6
2012-02-25,shigu,石鼓,Shigu,0.04,9.2,15.29,3.43,3.64385927967861,1.65,14136724.0,15906234.0,540.34375,99.95,26.95,2012,752.26,2.18,-0.34,1.6
2012-02-26,shigu,石鼓,Shigu,0.07,9.57,16.09,3.34,4.495486933133695,1.61,16611558.0,18694784.0,542.21875,99.95,26.95,2012,751.4,-1.04,-0.06,1.57
2012-02-27,shigu,石鼓,Shigu,0.37,7.62,14.07,1.68,4.489159597304585,1.61,18904410.0,21290148.0,549.78125,99.95,26.95,2012,751.47,-1.08,-0.49,1.51
2012-02-28,shigu,石鼓,Shigu,0.58,7.55,14.3,1.12,4.4712610838979465,1.86,18423122.0,20747298.0,560.84375,99.95,26.95,2012,749.52,-2.04,0.1,1.83
2012-02-29,shigu,石鼓,Shigu,1.0,6.68,12.99,2.25,3.657766458362208,1.41,15732072.0,17865132.0,569.25,99.95,26.95,2012,751.66,-0.44,0.44,1.3
2012-03-01,shigu,石鼓,Shigu,2.15,6.73,12.35,2.12,4.08507765272042,1.38,17469798.0,19791158.0,574.53125,99.95,26.95,2012,751.98,-1.75,0.34,1.32
2012-03-02,shigu,石鼓,Shigu,2.21,6.67,12.72,2.59,4.332969834968884,1.39,18371760.0,20819652.0,578.125,99.95,26.95,2012,751.23,-3.07,0.15,1.34
2012-03-03,shigu,石鼓,Shigu,0.93,6.65,12.39,1.4,3.976887826509001,1.25,16695779.0,19209056.0,577.78125,99.95,26.95,2012,751.2,-1.89,0.22,1.16
2012-03-04,shigu,石鼓,Shigu,0.94,4.62,11.37,-0.49,3.878901326604733,1.61,18599340.0,21139160.0,571.625,99.95,26.95,2012,751.96,-2.59,-0.3,1.54
2012-03-05,shigu,石鼓,Shigu,0.01,5.81,13.54,-0.8,4.446477278787026,1.46,20404224.0,23077980.0,559.21875,99.95,26.95,2012,751.42,-2.3,-0.28,1.41
2012-03-06,shigu,石鼓,Shigu,0.55,7.83,13.05,0.64,3.512686988016172,1.55,14831545.0,16749475.0,543.59375,99.95,26.95,2012,750.03,1.9,-0.16,1.52
2012-03-07,shigu,石鼓,Shigu,0.76,8.76,14.38,4.87,3.746895954327989,1.56,14869952.0,16787680.0,528.625,99.95,26.95,2012,749.13,1.64,0.3,1.52
2012-03-08,shigu,石鼓,Shigu,0.61,8.7,14.03,4.37,3.3973743514268326,1.67,13589658.0,15362540.0,520.1875,99.95,26.95,2012,750.69,2.61,0.34,1.62
2012-03-09,shigu,石鼓,Shigu,0.34,9.76,16.04,4.11,4.245905912924866,1.74,15935956.0,17998920.0,522.40625,99.95,26.95,2012,752.63,1.15,0.21,1.7
2012-03-10,shigu,石鼓,Shigu,0.18,10.35,16.27,3.76,4.517343111150203,1.81,16692089.0,18851768.0,532.09375,99.95,26.95,2012,754.58,1.45,0.19,1.77
2012-03-11,shigu,石鼓,Shigu,0.04,10.93,17.54,4.24,5.081019929409602,1.68,17987316.0,20318128.0,539.28125,99.95,26.95,2012,756.33,-0.54,-0.17,1.63
2012-03-12,shigu,石鼓,Shigu,0.01,11.15,17.68,3.95,5.392946350965193,1.86,18865000.0,21314392.0,541.1875,99.95,26.95,2012,757.26,-1.03,-0.32,1.8
2012-03-13,shigu,石鼓,Shigu,0.07,11.42,17.12,4.76,4.8215115613774815,1.79,17146162.0,19377506.0,538.21875,99.95,26.95,2012,756.5,2.0,-0.17,1.77
2012-03-14,shigu,石鼓,Shigu,2.24,9.88,15.94,4.69,4.514683336764247,1.69,18313156.0,20701654.0,533.71875,99.95,26.95,2012,754.69,3.51,0.28,1.62
2012-03-15,shigu,石鼓,Shigu,2.49,10.08,15.6,4.92,4.892608967262036,1.5,18733404.0,21195776.0,535.5,99.95,26.95,2012,755.34,0.96,0.21,1.44
2012-03-16,shigu,石鼓,Shigu,1.03,9.03,15.94,2.27,4.993158515995863,1.67,19741600.0,22334244.0,543.90625,99.95,26.95,2012,754.5,-0.81,0.19,1.58
2012-03-17,shigu,石鼓,Shigu,0.27,8.26,14.85,1.83,5.113046606921407,1.42,20112038.0,22755440.0,552.75,99.95,26.95,2012,755.84,-4.49,-0.58,1.28
2012-03-18,shigu,石鼓,Shigu,0.01,10.15,17.82,1.55,5.999349708342846,1.39,22148278.0,25061764.0,555.28125,99.95,26.95,2012,756.53,-4.94,-0.18,1.31
2012-03-19,shigu,石鼓,Shigu,0.04,10.26,18.15,2.85,5.820534295215692,1.53,22113200.0,25025894.0,548.90625,99.95,26.95,2012,756.32,-1.36,-0.57,1.39
2012-03-20,shigu,石鼓,Shigu,0.0,12.27,21.0,2.93,6.298072060442308,1.54,22603640.0,25585984.0,538.25,99.95,26.95,2012,755.11,0.75,-0.32,1.46
2012-03-21,shigu,石鼓,Shigu,0.04,12.31,19.12,4.49,4.9892598838609405,1.88,17942104.0,20313990.0,528.0625,99.95,26.95,2012,753.13,4.33,-0.46,1.81
2012-03-22,shigu,石鼓,Shigu,0.52,13.12,19.54,7.72,4.23283459705943,1.53,14633426.0,16571126.0,521.8125,99.95,26.95,2012,754.2,6.14,0.02,1.51
2012-03-23,shigu,石鼓,Shigu,1.47,12.0,17.53,6.47,4.134332352076742,1.06,14630050.0,16571272.0,522.03125,99.95,26.95,2012,757.47,3.82,0.51,0.74
2012-03-24,shigu,石鼓,Shigu,0.62,11.43,19.5,5.29,4.686745382815293,1.6,16759976.0,18986730.0,530.5625,99.95,26.95,2012,757.51,2.41,-0.03,1.39
2012-03-25,shigu,石鼓,Shigu,1.05,11.49,18.59,3.45,5.446288423643688,1.59,20282508.0,22983534.0,548.0,99.95,26.95,2012,757.67,2.53,-0.17,1.52
2012-03-26,shigu,石鼓,Shigu,0.89,11.23,19.14,3.98,4.986107538416848,1.21,19007530.0,21544054.0,571.9375,99.95,26.95,2012,757.79,3.83,-0.1,1.16
2012-03-27,shigu,石鼓,Shigu,1.95,10.95,18.06,4.64,4.5645308709498496,1.31,17677586.0,20040990.0,600.8125,99.95,26.95,2012,758.19,4.57,-0.03,1.26
2012-03-28,shigu,石鼓,Shigu,0.34,11.69,19.01,4.79,4.7834165669506845,1.45,17842750.0,20232806.0,632.125,99.95,26.95,2012,758.13,4.47,-0.24,1.39
2012-03-29,shigu,石鼓,Shigu,1.53,11.43,18.81,3.92,5.232799418529272,1.68,19554448.0,22178270.0,659.96875,99.95,26.95,2012,756.24,3.05,-0.02,1.64
2012-03-30,shigu,石鼓,Shigu,3.19,11.71,18.54,4.37,5.743391344381273,1.51,20944572.0,23760908.0,676.125,99.95,26.95,2012,758.69,1.4,-0.23,1.12
2012-03-31,shigu,石鼓,Shigu,3.45,6.69,11.08,2.33,2.517570961466756,0.81,10789430.0,12643674.0,681.09375,99.95,26.95,2012,762.4,3.18,-0.08,-0.01
2012-04-01,shigu,石鼓,Shigu,0.06,11.17,19.47,2.88,5.9751139138265765,1.67,21753824.0,25211008.0,680.65625,99.95,26.95,2012,759.31,0.34,-0.63,1.51
2012-04-02,shigu,石鼓,Shigu,0.0,12.74,21.33,3.55,6.781181560581019,1.49,23869144.0,27298122.0,674.0625,99.95,26.95,2012,759.88,0.42,-0.74,1.26
2012-04-03,shigu,石鼓,Shigu,0.09,13.75,21.39,4.68,6.8942460044069644,1.47,23279606.0,26488534.0,658.875,99.95,26.95,2012,759.6,0.28,-0.22,1.39
2012-04-04,shigu,石鼓,Shigu,0.33,13.43,19.79,5.65,6.097994879325823,1.63,21002174.0,23865328.0,638.5625,99.95,26.95,2012,757.73,2.9,-0.41,1.56
2012-04-05,shigu,石鼓,Shigu,0.76,12.21,18.96,4.24,5.23029060087897,1.61,18972414.0,21554776.0,617.78125,99.95,26.95,2012,756.93,3.89,-0.22,1.56
2012-04-06,shigu,石鼓,Shigu,1.12,13.21,19.61,5.16,5.683130684436357,1.35,19935220.0,22651108.0,600.46875,99.95,26.95,2012,756.82,3.82,-0.0,1.32
2012-04-07,shigu,石鼓,Shigu,1.18,12.3,18.58,6.77,5.148134043221148,1.27,18078716.0,20545512.0,588.875,99.95,26.95,2012,755.93,2.32,0.3,1.17
2012-04-08,shigu,石鼓,Shigu,3.06,10.25,15.92,5.55,3.9340467256247376,1.07,15501016.0,17626460.0,586.125,99.95,26.95,2012,755.11,4.83,0.21,0.91
2012-04-09,shigu,石鼓,Shigu,0.69,10.16,15.83,5.67,3.720874405778276,1.23,14403792.0,16377504.0,586.59375,99.95,26.95,2012,755.91,4.26,-0.02,1.19
2012-04-10,shigu,石鼓,Shigu,0.26,11.91,18.7,5.12,5.291266837620097,1.39,19562436.0,22246628.0,587.5,99.95,26.95,2012,755.46,3.78,-0.1,1.35
2012-04-11,shigu,石鼓,Shigu,0.51,12.2,19.12,5.8,5.306664058243227,1.44,19449466.0,22122272.0,586.09375,99.95,26.95,2012,753.89,4.15,0.03,1.41
2012-04-12,shigu,石鼓,Shigu,0.27,12.94,19.05,7.09,4.4391800660164025,1.53,15030094.0,17099366.0,586.5,99.95,26.95,2012,753.31,4.74,0.05,1.51
2012-04-13,shigu,石鼓,Shigu,1.03,12.72,19.98,5.31,5.052894572151155,1.67,17847926.0,20309892.0,593.625,99.95,26.95,2012,754.95,4.58,0.16,1.59
2012-04-14,shigu,石鼓,Shigu,0.33,12.76,20.03,5.56,5.851931875190175,1.73,20746218.0,23613112.0,605.9375,99.95,26.95,2012,755.79,3.18,-0.32,1.67
2012-04-15,shigu,石鼓,Shigu,0.21,13.75,21.56,5.7,6.281487402182798,1.77,21836390.0,24859434.0,617.90625,99.95,26.95,2012,754.76,4.12,-0.24,1.73
2012-04-16,shigu,石鼓,Shigu,1.32,12.53,19.64,5.25,5.60816372305301,1.7,20288518.0,23099164.0,623.46875,99.95,26.95,2012,753.93,3.98,-0.1,1.65
2012-04-17,shigu,石鼓,Shigu,0.22,12.62,19.7,5.37,5.701135042141608,1.82,19965736.0,22733596.0,625.5625,99.95,26.95,2012,753.07,2.69,-0.23,1.77
2012-04-18,shigu,石鼓,Shigu,0.29,12.84,19.89,5.81,5.419894324796236,1.7,19128640.0,21782322.0,624.03125,99.95,26.95,2012,753.34,4.13,-0.05,1.64
2012-04-19,shigu,石鼓,Shigu,1.36,12.24,18.75,6.0,5.0365342833731415,1.53,18349278.0,20896998.0,617.59375,99.95,26.95,2012,754.75,4.6,-0.01,1.45
2012-04-20,shigu,石鼓,Shigu,0.16,13.55,21.21,4.72,6.602947929853006,1.09,22241934.0,25331792.0,612.71875,99.95,26.95,2012,756.43,-1.42,-0.25,0.96
2012-04-21,shigu,石鼓,Shigu,0.18,16.11,23.69,5.99,7.9176205679726195,1.05,25087590.0,28575384.0,611.125,99.95,26.95,2012,754.01,-1.79,0.17,0.84
2012-04-22,shigu,石鼓,Shigu,1.0,13.77,22.13,8.14,5.437045346837469,1.39,19050628.0,21701468.0,608.875,99.95,26.95,2012,751.09,5.98,0.0,1.35
2012-04-23,shigu,石鼓,Shigu,0.18,13.34,21.22,6.07,6.107032262683044,2.06,21442686.0,24428476.0,609.5,99.95,26.95,2012,751.51,4.02,-0.18,2.03
2012-04-24,shigu,石鼓,Shigu,0.7,12.73,19.4,4.86,5.936215984522764,1.95,21821132.0,24861860.0,617.375,99.95,26.95,2012,753.79,4.6,-0.33,1.9
2012-04-25,shigu,石鼓,Shigu,1.5,13.36,20.92,5.67,5.58333735572384,1.25,19957392.0,22740514.0,622.84375,99.95,26.95,2012,756.11,5.59,-0.13,1.15
2012-04-26,shigu,石鼓,Shigu,0.49,12.84,19.69,5.98,5.865543194837223,1.57,21638016.0,24657672.0,621.9375,99.95,26.95,2012,755.24,5.27,-0.18,1.52
2012-04-27,shigu,石鼓,Shigu,0.42,13.8,21.57,6.84,5.8899822566839095,1.62,20636838.0,23518754.0,619.28125,99.95,26.95,2012,752.79,5.36,-0.0,1.59
2012-04-28,shigu,石鼓,Shigu,0.74,12.89,19.47,6.31,5.160621580428507,1.69,18247360.0,20797506.0,620.53125,99.95,26.95,2012,753.16,4.89,-0.16,1.67
2012-04-29,shigu,石鼓,Shigu,0.34,13.16,20.22,5.39,6.048212241886327,1.76,21168058.0,24128532.0,626.65625,99.95,26.95,2012,752.69,3.35,-0.12,1.74
2012-04-30,shigu,石鼓,Shigu,0.07,12.53,20.01,5.15,5.761821064670468,1.88,21231628.0,24203130.0,631.875,99.95,26.95,2012,753.06,4.53,-0.32,1.83
2012-05-01,shigu,石鼓,Shigu,0.29,13.67,21.23,5.2,6.674263517534306,1.71,23449304.0,26733702.0,632.34375,99.95,26.95,2012,754.58,3.66,-0.22,1.67
2012-05-02,shigu,石鼓,Shigu,0.02,13.79,21.6,6.38,6.306534415977267,1.75,21518014.0,24533770.0,630.5625,99.95,26.95,2012,754.16,3.31,-0.04,1.72
2012-05-03,shigu,石鼓,Shigu,0.01,15.02,21.99,6.28,6.682192801547253,1.79,21622818.0,24655544.0,630.625,99.95,26.95,2012,754.23,3.3,-0.2,1.75
2012-05-04,shigu,石鼓,Shigu,0.0,16.6,24.38,7.55,7.394460871272049,1.5,23061952.0,26298896.0,632.875,99.95,26.95,2012,754.83,3.29,-0.28,1.44
2012-05-05,shigu,石鼓,Shigu,0.05,17.85,25.25,10.47,7.306430551358483,1.37,21932522.0,25012932.0,632.375,99.95,26.95,2012,755.25,4.27,0.09,1.25
2012-05-06,shigu,石鼓,Shigu,0.02,17.62,24.17,8.93,5.78902706321207,1.17,17121756.0,19528252.0,633.96875,99.95,26.95,2012,754.54,5.76,0.36,1.03
2012-05-07,shigu,石鼓,Shigu,0.0,18.41,26.47,10.17,7.906929738061695,1.37,23581222.0,26898272.0,645.5625,99.95,26.95,2012,753.86,3.97,-0.04,1.33
2012-05-08,shigu,石鼓,Shigu,0.0,18.68,27.12,10.65,8.390950194172039,1.48,24939036.0,28449472.0,670.875,99.95,26.95,2012,754.57,3.85,-0.19,1.44
2012-05-09,shigu,石鼓,Shigu,0.0,19.72,27.76,11.3,8.941142294850021,1.34,26101630.0,29778276.0,719.03125,99.95,26.95,2012,756.17,3.63,-0.08,1.28
2012-05-10,shigu,石鼓,Shigu,0.0,19.68,28.08,11.04,9.014602579243268,1.52,26239224.0,29937924.0,808.40625,99.95,26.95,2012,755.58,4.07,-0.17,1.48
2012-05-11,shigu,石鼓,Shigu,0.29,19.23,27.48,11.02,8.5025548012325,1.64,25458816.0,29050104.0,952.40625,99.95,26.95,2012,753.12,6.65,-0.23,1.61
2012-05-12,shigu,石鼓,Shigu,0.37,18.59,26.36,9.53,7.6851323660757185,1.49,23279204.0,26565566.0,1149.6875,99.95,26.95,2012,752.51,6.87,-0.05,1.44
2012-05-13,shigu,石鼓,Shigu,0.03,18.07,24.54,11.31,6.528773676034857,1.87,19297456.0,22023528.0,1383.8125,99.95,26.95,2012,751.63,7.69,-0.11,1.85
2012-05-14,shigu,石鼓,Shigu,0.87,17.54,24.42,10.77,6.078150330757956,1.42,19086506.0,21785054.0,1622.75,99.95,26.95,2012,753.84,9.15,0.19,1.34
2012-05-15,shigu,石鼓,Shigu,0.34,17.76,24.73,10.89,6.511502623640598,1.52,19513176.0,22273650.0,1832.75,99.95,26.95,2012,754.44,6.65,0.18,1.44
2012-05-16,shigu,石鼓,Shigu,0.01,18.32,25.04,10.99,7.196242756510115,1.68,20893544.0,23852820.0,2002.375,99.95,26.95,2012,753.31,5.26,-0.08,1.65
2012-05-17,shigu,石鼓,Shigu,0.01,18.39,25.15,10.73,7.697328921378255,1.64,22541404.0,25738648.0,2134.8125,99.95,26.95,2012,753.65,4.48,-0.12,1.61
2012-05-18,shigu,石鼓,Shigu,0.01,18.94,26.01,10.4,7.273235072800514,1.43,21271014.0,24292180.0,2234.6562,99.95,26.95,2012,754.36,6.3,-0.17,1.39
2012-05-19,shigu,石鼓,Shigu,0.42,20.68,27.1,12.97,8.044016780485048,1.13,23140184.0,26431036.0,2280.0312,99.95,26.95,2012,755.17,6.86,0.36,0.78
2012-05-20,shigu,石鼓,Shigu,0.16,21.09,28.23,12.26,8.326506307568271,1.56,23413058.0,26746934.0,2271.625,99.95,26.95,2012,753.1,7.96,-0.0,1.54
2012-05-21,shigu,石鼓,Shigu,0.36,20.93,28.4,13.74,7.850698244525348,1.54,22656284.0,25887892.0,2238.625,99.95,26.95,2012,752.17,10.18,-0.22,1.51
2012-05-22,shigu,石鼓,Shigu,0.34,20.46,27.04,12.7,7.185445086926049,1.46,20650298.0,23599408.0,2249.5938,99.95,26.95,2012,752.0,9.78,-0.03,1.44
2012-05-23,shigu,石鼓,Shigu,0.08,20.56,27.7,13.07,7.715788763438593,1.66,21798164.0,24915556.0,2370.3125,99.95,26.95,2012,751.3,8.61,-0.19,1.64
2012-05-24,shigu,石鼓,Shigu,0.07,22.52,29.72,15.01,7.989520734921182,1.27,21406100.0,24469900.0,2580.5312,99.95,26.95,2012,751.25,7.59,0.13,1.24
2012-05-25,shigu,石鼓,Shigu,6.0,20.67,26.38,15.22,6.9363485727758745,0.93,20462082.0,23394140.0,2780.25,99.95,26.95,2012,753.04,10.61,0.49,0.29
2012-05-26,shigu,石鼓,Shigu,13.79,17.16,22.25,13.65,5.126174047716801,0.89,17529424.0,20043608.0,2912.875,99.95,26.95,2012,754.71,13.8,0.57,-0.47
2012-05-27,shigu,石鼓,Shigu,5.49,19.23,25.47,14.2,5.965708165030196,0.7,18640068.0,21318436.0,3023.0,99.95,26.95,2012,753.48,12.22,0.44,0.1
2012-05-28,shigu,石鼓,Shigu,3.24,19.11,24.6,15.37,5.448364812901052,0.74,17224398.0,19702008.0,3117.5312,99.95,26.95,2012,753.65,13.57,0.47,0.17
2012-05-29,shigu,石鼓,Shigu,14.19,17.63,24.35,13.67,5.0689825118273335,0.88,17141944.0,19611628.0,3203.3438,99.95,26.95,2012,756.31,14.37,0.5,-0.64
2012-05-30,shigu,石鼓,Shigu,9.11,12.95,15.67,10.8,2.247779352856978,0.86,8448486.0,9666220.0,3304.3438,99.95,26.95,2012,757.28,11.21,0.62,-0.57
2012-05-31,shigu,石鼓,Shigu,3.57,14.6,17.16,11.22,2.0441120210122192,0.84,7047446.0,8065700.0,3426.1875,99.95,26.95,2012,755.51,12.19,0.79,-0.23
2012-06-01,shigu,石鼓,Shigu,21.01,14.81,17.24,13.06,2.1462451312914133,0.41,7721028.0,8837576.0,3518.0938,99.95,26.95,2012,755.0,14.19,0.27,-0.17
2012-06-02,shigu,石鼓,Shigu,28.93,14.61,17.39,13.57,1.7263011876301604,0.74,6463554.0,7399284.0,3650.3125,99.95,26.95,2012,752.38,14.23,0.52,-0.42
2012-06-03,shigu,石鼓,Shigu,16.39,15.28,19.03,12.97,2.0090727449717902,0.66,7244698.0,8295504.0,3882.0312,99.95,26.95,2012,750.55,14.5,0.31,0.55
2012-06-04,shigu,石鼓,Shigu,5.58,15.75,20.72,11.06,3.1667728483752864,0.91,10801278.0,12370404.0,4114.75,99.95,26.95,2012,751.8,12.59,0.08,0.85
2012-06-05,shigu,石鼓,Shigu,0.06,18.01,23.43,12.13,5.639812589265058,1.48,17528356.0,20077520.0,4300.625,99.95,26.95,2012,751.12,10.75,-0.26,1.44
2012-06-06,shigu,石鼓,Shigu,0.48,19.35,24.71,12.5,6.915927024941815,1.24,21248564.0,24344200.0,4437.4062,99.95,26.95,2012,750.84,11.02,-0.02,1.19
2012-06-07,shigu,石鼓,Shigu,0.96,19.69,24.0,14.22,6.708150487273227,0.77,20777356.0,23807432.0,4476.7188,99.95,26.95,2012,752.14,12.07,0.23,0.35
2012-06-08,shigu,石鼓,Shigu,0.41,20.69,26.36,15.24,6.694709250936757,0.85,19784848.0,22673252.0,4467.4688,99.95,26.95,2012,752.0,11.11,0.56,0.3
2012-06-09,shigu,石鼓,Shigu,0.23,20.73,25.94,14.93,6.895427279768202,1.12,20478158.0,23471376.0,4453.4688,99.95,26.95,2012,750.59,12.22,0.33,1.03
2012-06-10,shigu,石鼓,Shigu,0.24,19.14,23.82,15.43,5.198764260557782,1.3,15819554.0,18137196.0,4413.5938,99.95,26.95,2012,750.03,12.77,0.45,1.2
2012-06-11,shigu,石鼓,Shigu,1.51,18.01,22.6,13.95,4.085857185527137,1.02,12872100.0,14759808.0,4348.9062,99.95,26.95,2012,751.21,13.1,0.51,0.86
2012-06-12,shigu,石鼓,Shigu,0.47,18.61,23.48,14.58,4.886193787055221,1.18,15108920.0,17328788.0,4309.0,99.95,26.95,2012,751.68,12.64,0.09,1.16
2012-06-13,shigu,石鼓,Shigu,0.45,19.14,25.21,14.99,5.119781691297988,1.52,15273970.0,17521048.0,4346.6875,99.95,26.95,2012,751.36,12.5,-0.15,1.49
2012-06-14,shigu,石鼓,Shigu,23.09,17.87,24.48,13.98,5.393364187108419,0.66,17805984.0,20428052.0,4469.4062,99.95,26.95,2012,753.02,13.79,0.23,0.07
2012-06-15,shigu,石鼓,Shigu,16.7,15.52,18.59,13.53,2.9460461443804724,0.78,10604022.0,12164024.0,4643.25,99.95,26.95,2012,753.25,14.27,0.52,-0.55
2012-06-16,shigu,石鼓,Shigu,17.23,14.49,17.6,13.23,1.939632668421057,0.72,7175530.0,8235796.0,4864.7812,99.95,26.95,2012,753.27,13.82,0.56,-0.39
2012-06-17,shigu,石鼓,Shigu,13.0,16.31,20.62,13.75,3.9526981269813217,0.67,13994132.0,16062548.0,5135.1875,99.95,26.95,2012,752.59,15.15,0.49,-0.08
2012-06-18,shigu,石鼓,Shigu,4.21,18.86,24.43,14.87,5.454080176441809,0.8,17659530.0,20278352.0,5417.2188,99.95,26.95,2012,751.08,14.78,0.17,0.72
2012-06-19,shigu,石鼓,Shigu,7.56,16.22,19.02,13.84,2.5167476908425166,0.54,8626872.0,9910276.0,5617.4688,99.95,26.95,2012,750.92,14.6,0.0,0.42
2012-06-20,shigu,石鼓,Shigu,17.54,15.72,18.42,14.21,2.303463222136441,0.45,8089316.0,9293112.0,5787.8438,99.95,26.95,2012,751.37,14.94,0.37,-0.01
2012-06-21,shigu,石鼓,Shigu,12.06,16.66,20.79,13.65,3.0154106452720706,0.71,10434804.0,11991580.0,6053.875,99.95,26.95,2012,752.23,15.19,0.29,0.59
2012-06-22,shigu,石鼓,Shigu,5.4,17.66,20.88,14.8,4.0515310078059015,0.92,13308358.0,15301348.0,6319.8438,99.95,26.95,2012,752.47,14.13,0.42,0.8
2012-06-23,shigu,石鼓,Shigu,9.37,16.32,20.81,14.03,3.7466951503716106,0.92,13200778.0,15181460.0,6523.0312,99.95,26.95,2012,751.0,14.42,0.45,0.77
2012-06-24,shigu,石鼓,Shigu,4.76,17.0,20.89,14.4,3.6776965593881417,1.02,12521794.0,14405816.0,6642.9375,99.95,26.95,2012,749.96,14.43,0.57,0.81
2012-06-25,shigu,石鼓,Shigu,4.02,16.41,20.72,14.27,3.062786198604495,0.91,10577218.0,12172252.0,6730.8438,99.95,26.95,2012,749.73,14.39,0.38,0.79
2012-06-26,shigu,石鼓,Shigu,1.42,16.93,20.48,13.9,3.087233225006783,0.96,10339452.0,11902760.0,6841.0,99.95,26.95,2012,749.93,14.36,0.19,0.91
2012-06-27,shigu,石鼓,Shigu,0.25,19.05,23.92,14.36,4.778854886793106,1.2,14310962.0,16478368.0,6903.0312,99.95,26.95,2012,750.55,12.62,-0.03,1.18
2012-06-28,shigu,石鼓,Shigu,3.42,18.28,22.26,15.23,4.533776816632949,0.73,14584800.0,16798132.0,6934.0,99.95,26.95,2012,751.62,14.11,0.28,0.48
2012-06-29,shigu,石鼓,Shigu,18.22,17.71,22.14,15.0,4.0868472049452,0.58,13585506.0,15653120.0,6951.2812,99.95,26.95,2012,752.25,15.29,0.35,0.17
2012-06-30,shigu,石鼓,Shigu,7.17,16.49,20.72,13.14,3.2864199063987214,0.58,11285636.0,13004640.0,6979.7812,99.95,26.95,2012,753.9,14.81,0.34,-0.33
2012-07-01,shigu,石鼓,Shigu,5.16,17.96,22.78,13.7,5.128597175593939,0.6,16924422.0,19510688.0,7058.8906,99.95,26.95,2012,754.51,14.71,0.44,-0.29
2012-07-02,shigu,石鼓,Shigu,12.5,17.39,21.7,14.34,4.18048264083021,0.72,14311774.0,16503392.0,7166.7656,99.95,26.95,2012,752.7,15.77,0.56,0.11
2012-07-03,shigu,石鼓,Shigu,6.51,17.31,21.19,15.2,3.5317330917728063,0.82,11815030.0,13626748.0,7243.5938,99.95,26.95,2012,750.44,14.8,0.58,0.51
2012-07-04,shigu,石鼓,Shigu,11.0,16.59,19.88,14.2,2.610927348211648,0.67,8861682.0,10223988.0,7365.703,99.95,26.95,2012,751.02,14.84,0.43,0.39
2012-07-05,shigu,石鼓,Shigu,12.3,15.89,18.2,14.11,2.3794772770884567,0.64,8368938.0,9656816.0,7630.3438,99.95,26.95,2012,753.23,14.93,0.59,0.04
2012-07-06,shigu,石鼓,Shigu,7.17,17.41,21.89,14.76,4.235675288458069,0.76,14271832.0,16477788.0,7856.7344,99.95,26.95,2012,752.1,14.96,0.61,0.34
2012-07-07,shigu,石鼓,Shigu,6.82,17.92,23.59,14.59,4.678510823380367,0.78,15608486.0,18025366.0,7830.6875,99.95,26.95,2012,750.81,15.26,0.39,0.54
2012-07-08,shigu,石鼓,Shigu,3.96,19.15,24.69,15.82,5.296214530136329,0.86,16986840.0,19623096.0,7678.9844,99.95,26.95,2012,751.41,15.31,0.39,0.67
2012-07-09,shigu,石鼓,Shigu,4.25,17.48,21.73,14.28,3.7414041312277417,0.98,12600426.0,14562208.0,7534.8906,99.95,26.95,2012,753.4,15.09,-0.01,0.96
2012-07-10,shigu,石鼓,Shigu,2.27,18.55,21.62,15.14,3.99932177246117,0.87,12683576.0,14661120.0,7423.2812,99.95,26.95,2012,753.53,14.74,0.19,0.8
2012-07-11,shigu,石鼓,Shigu,2.57,18.69,22.76,15.45,3.8652095790780328,0.82,12208662.0,14116208.0,7351.172,99.95,26.95,2012,752.88,14.99,0.2,0.74
2012-07-12,shigu,石鼓,Shigu,1.84,18.86,23.61,15.3,4.340774592432149,0.91,13699446.0,15843530.0,7357.0625,99.95,26.95,2012,752.51,14.82,0.28,0.78
2012-07-13,shigu,石鼓,Shigu,12.8,17.96,23.16,14.84,4.3331355288990965,0.69,14270926.0,16509472.0,7406.5312,99.95,26.95,2012,752.65,15.16,0.2,0.48
2012-07-14,shigu,石鼓,Shigu,11.02,17.45,22.01,15.34,3.2376020753367567,0.69,10813702.0,12513956.0,7462.453,99.95,26.95,2012,752.28,15.51,0.45,0.27
2012-07-15,shigu,石鼓,Shigu,2.9,18.56,22.78,15.52,4.282306992206991,1.06,13737810.0,15902922.0,7487.75,99.95,26.95,2012,752.35,14.96,0.54,0.91
2012-07-16,shigu,石鼓,Shigu,5.59,17.83,21.31,15.13,3.908507426548192,0.99,12800098.0,14810746.0,7542.0,99.95,26.95,2012,752.18,14.68,0.44,0.88
2012-07-17,shigu,石鼓,Shigu,19.48,16.2,18.79,14.59,1.812993366987273,0.37,6203048.0,7174014.0,7694.8438,99.95,26.95,2012,752.83,15.5,0.02,-0.11
2012-07-18,shigu,石鼓,Shigu,9.06,16.86,21.29,14.62,3.3050189784336537,0.55,11288444.0,13050190.0,7884.3906,99.95,26.95,2012,753.48,15.57,0.23,-0.44
2012-07-19,shigu,石鼓,Shigu,7.1,16.94,21.06,14.79,3.36732327817132,0.61,11497828.0,13286978.0,7993.1094,99.95,26.95,2012,754.03,15.49,0.39,-0.32
2012-07-20,shigu,石鼓,Shigu,7.54,16.93,20.63,14.74,3.414676403043276,0.82,11861152.0,13700358.0,8025.125,99.95,26.95,2012,754.15,15.58,0.53,0.27
2012-07-21,shigu,石鼓,Shigu,9.75,18.5,22.5,15.02,4.165020310870525,1.24,13201296.0,15243790.0,8006.453,99.95,26.95,2012,752.62,14.48,0.03,1.23
2012-07-22,shigu,石鼓,Shigu,20.27,15.45,16.72,14.53,1.0497292649797372,0.36,3652900.0,4216468.0,7976.1562,99.95,26.95,2012,752.58,15.02,-0.03,0.15
2012-07-23,shigu,石鼓,Shigu,7.02,16.47,20.68,13.91,3.455812736084304,0.61,11853914.0,13676168.0,8077.6094,99.95,26.95,2012,752.78,14.6,0.17,-0.5
2012-07-24,shigu,石鼓,Shigu,3.86,17.52,22.15,13.03,5.350464236030372,0.79,18241922.0,21038116.0,8202.891,99.95,26.95,2012,753.45,15.09,0.12,-0.26
2012-07-25,shigu,石鼓,Shigu,7.53,18.67,23.77,13.64,6.048911557102853,0.8,19858686.0,22892468.0,8224.296999999999,99.95,26.95,2012,753.67,15.03,-0.17,-0.44
2012-07-26,shigu,石鼓,Shigu,5.67,18.14,23.38,14.92,5.117868691547426,0.65,16999370.0,19587762.0,8139.297,99.95,26.95,2012,753.11,15.47,0.18,-0.42
2012-07-27,shigu,石鼓,Shigu,20.63,17.47,22.38,14.81,4.786096589776288,0.53,16104890.0,18550050.0,7930.797,99.95,26.95,2012,752.39,15.28,0.29,-0.19
2012-07-28,shigu,石鼓,Shigu,14.78,15.64,18.57,11.38,2.932874391281691,0.66,10270046.0,11823188.0,7658.75,99.95,26.95,2012,754.46,13.91,0.15,-0.28
2012-07-29,shigu,石鼓,Shigu,0.8,17.96,22.3,12.54,5.9185185091943815,0.76,19489990.0,22430272.0,7462.7812,99.95,26.95,2012,754.15,13.45,0.25,-0.3
2012-07-30,shigu,石鼓,Shigu,10.12,19.5,25.09,14.15,6.7504119652865615,0.7,21458994.0,24685602.0,7319.375,99.95,26.95,2012,751.78,14.22,0.23,-0.0
2012-07-31,shigu,石鼓,Shigu,30.52,17.33,22.23,14.72,4.153813844207452,0.6,14136310.0,16255288.0,7058.6406,99.95,26.95,2012,751.83,15.59,0.38,-0.31
2012-08-01,shigu,石鼓,Shigu,18.65,14.94,16.98,12.83,1.0752096966293454,0.49,3881814.0,4462102.0,6838.5312,99.95,26.95,2012,753.77,14.7,0.05,-0.43
2012-08-02,shigu,石鼓,Shigu,3.49,17.36,22.15,13.11,5.317029229418903,0.77,18037846.0,20725494.0,6909.1406,99.95,26.95,2012,754.64,14.25,0.26,-0.45
2012-08-03,shigu,石鼓,Shigu,1.83,17.46,22.72,12.68,5.486067124994599,0.73,18480890.0,21225618.0,7052.4062,99.95,26.95,2012,754.04,14.01,0.37,-0.21
2012-08-04,shigu,石鼓,Shigu,8.22,17.5,23.43,13.53,5.251771729850524,0.68,17823900.0,20462896.0,6981.7656,99.95,26.95,2012,753.55,14.9,0.11,0.1
2012-08-05,shigu,石鼓,Shigu,14.98,17.52,23.27,14.48,5.055670970743517,0.53,17021588.0,19533688.0,6760.75,99.95,26.95,2012,753.94,15.03,0.26,0.15
2012-08-06,shigu,石鼓,Shigu,8.74,15.86,19.5,12.64,3.0246235364114846,0.47,10636326.0,12201072.0,6528.1875,99.95,26.95,2012,754.89,14.91,0.0,0.07
2012-08-07,shigu,石鼓,Shigu,5.51,17.53,22.59,13.31,5.024386696121422,0.69,17025660.0,19521988.0,6351.0938,99.95,26.95,2012,755.78,14.88,0.06,-0.35
2012-08-08,shigu,石鼓,Shigu,3.1,17.67,22.51,13.22,5.73083617311319,0.77,19551508.0,22408878.0,6183.2812,99.95,26.95,2012,755.32,14.99,0.02,-0.34
2012-08-09,shigu,石鼓,Shigu,6.66,17.38,22.67,12.7,5.381179839322684,0.7,18251788.0,20910142.0,6015.5312,99.95,26.95,2012,754.61,14.26,-0.03,-0.42
2012-08-10,shigu,石鼓,Shigu,0.99,17.63,23.3,11.99,5.896362356257386,0.77,19798020.0,22672560.0,5820.0625,99.95,26.95,2012,755.33,13.62,0.17,-0.04
2012-08-11,shigu,石鼓,Shigu,0.04,20.1,26.1,13.08,6.684253103000988,0.77,20545838.0,23519318.0,5610.2188,99.95,26.95,2012,754.73,12.55,0.0,0.5
2012-08-12,shigu,石鼓,Shigu,1.37,20.47,26.79,15.21,7.063356711043597,0.78,21606346.0,24722938.0,5391.25,99.95,26.95,2012,753.35,12.67,-0.06,0.33
2012-08-13,shigu,石鼓,Shigu,9.26,18.11,23.89,14.68,5.437853545296897,0.51,18123738.0,20730240.0,5157.8906,99.95,26.95,2012,753.82,15.45,0.03,-0.02
2012-08-14,shigu,石鼓,Shigu,5.83,18.34,23.47,14.92,5.378078228244629,0.73,17941138.0,20512048.0,4949.297000000001,99.95,26.95,2012,754.82,15.34,0.27,-0.42
2012-08-15,shigu,石鼓,Shigu,1.37,18.68,23.1,15.02,5.28625839176182,0.8,17245014.0,19708016.0,4790.297000000001,99.95,26.95,2012,755.84,14.66,0.42,-0.55
2012-08-16,shigu,石鼓,Shigu,2.92,18.36,23.78,13.73,5.528620506237735,0.76,18326934.0,20934248.0,4651.8594,99.95,26.95,2012,756.13,14.74,0.23,-0.48
2012-08-17,shigu,石鼓,Shigu,0.5,19.67,24.37,14.24,6.260324673840593,0.77,19787084.0,22590896.0,4524.547000000001,99.95,26.95,2012,755.32,14.0,0.16,-0.34
2012-08-18,shigu,石鼓,Shigu,4.94,19.31,24.33,14.86,5.9517082648784765,0.98,19210236.0,21921724.0,4383.703,99.95,26.95,2012,755.01,14.67,0.04,-0.84
2012-08-19,shigu,石鼓,Shigu,3.98,17.06,21.25,14.25,4.291135836849123,0.83,14892956.0,16986664.0,4246.125,99.95,26.95,2012,755.77,14.85,0.44,-0.55
2012-08-20,shigu,石鼓,Shigu,13.49,16.78,20.68,14.21,4.335866553737925,0.57,14973894.0,17070644.0,4145.422000000001,99.95,26.95,2012,755.25,14.67,0.53,0.0
2012-08-21,shigu,石鼓,Shigu,8.2,16.58,19.8,14.7,3.2007873751743974,0.67,11134152.0,12687644.0,4143.625,99.95,26.95,2012,757.54,14.9,0.37,-0.5
2012-08-22,shigu,石鼓,Shigu,3.68,15.02,16.68,13.84,2.1018206724726234,0.66,7402568.0,8430558.0,4253.422000000001,99.95,26.95,2012,758.14,13.24,0.52,-0.4
2012-08-23,shigu,石鼓,Shigu,7.17,15.78,19.02,13.71,3.2361879080891773,0.68,11343346.0,12911640.0,4446.9062,99.95,26.95,2012,756.82,13.53,0.56,-0.15
2012-08-24,shigu,石鼓,Shigu,18.41,15.96,20.11,13.59,3.5916886750374286,0.6,12800656.0,14562844.0,4728.8594,99.95,26.95,2012,756.82,14.67,0.36,-0.08
2012-08-25,shigu,石鼓,Shigu,11.95,16.06,21.12,13.67,3.9889601012518177,0.51,14028132.0,15952614.0,4976.1406,99.95,26.95,2012,757.0,14.31,0.24,-0.1
2012-08-26,shigu,石鼓,Shigu,10.36,16.2,20.74,12.56,4.267392683724398,0.55,15104240.0,17168586.0,5026.875,99.95,26.95,2012,756.09,14.76,0.17,-0.11
2012-08-27,shigu,石鼓,Shigu,7.27,17.13,21.51,13.1,4.867144716069019,0.61,16832024.0,19124142.0,4959.9844,99.95,26.95,2012,755.62,15.0,0.37,-0.02
2012-08-28,shigu,石鼓,Shigu,5.49,18.05,22.83,14.56,5.191106784222495,0.72,17270032.0,19611698.0,4838.5938,99.95,26.95,2012,756.13,14.15,0.54,0.08
2012-08-29,shigu,石鼓,Shigu,2.12,18.3,23.11,14.52,4.7887299508530905,0.77,15863084.0,18003988.0,4658.8438,99.95,26.95,2012,756.03,14.72,0.48,0.37
2012-08-30,shigu,石鼓,Shigu,0.32,18.89,23.28,14.47,4.573706382217838,1.07,14345704.0,16274944.0,4509.0938,99.95,26.95,2012,754.43,13.65,0.24,1.01
2012-08-31,shigu,石鼓,Shigu,0.87,18.1,21.89,15.2,3.615044860886144,0.85,11783814.0,13362180.0,4452.922000000001,99.95,26.95,2012,753.78,14.6,0.35,0.75
2012-09-01,shigu,石鼓,Shigu,31.06,17.4,22.51,14.49,3.818398561439272,0.71,12983904.0,14715432.0,4487.375,99.95,26.95,2012,755.35,14.86,0.21,0.09
2012-09-02,shigu,石鼓,Shigu,13.95,13.6,15.08,11.92,1.5336373015250433,0.77,5464480.0,6190888.0,4653.5,99.95,26.95,2012,759.76,11.72,-0.0,-0.72
2012-09-03,shigu,石鼓,Shigu,6.94,12.51,13.92,11.25,1.5106027817618817,0.54,5511418.0,6240654.0,4872.3125,99.95,26.95,2012,760.45,10.42,-0.33,-0.16
2012-09-04,shigu,石鼓,Shigu,8.37,12.3,14.56,10.78,1.9488199159538089,0.35,7343202.0,8311552.0,4901.6094,99.95,26.95,2012,760.89,10.69,-0.19,0.13
2012-09-05,shigu,石鼓,Shigu,3.0,13.2,16.88,10.27,2.524452496988832,0.48,9485638.0,10730164.0,4780.7188,99.95,26.95,2012,760.94,11.8,-0.03,0.21
2012-09-06,shigu,石鼓,Shigu,3.67,15.65,21.79,10.85,5.325473469978284,0.7,19090818.0,21584308.0,4605.5312,99.95,26.95,2012,760.36,12.63,0.15,0.16
2012-09-07,shigu,石鼓,Shigu,3.7,16.25,21.86,12.07,4.954275011429356,0.57,17329338.0,19583174.0,4438.3906,99.95,26.95,2012,759.07,13.17,0.26,0.2
2012-09-08,shigu,石鼓,Shigu,0.76,17.86,22.98,13.01,4.9981063778798696,0.7,16480726.0,18614466.0,4265.6875,99.95,26.95,2012,758.32,12.9,0.29,0.2
2012-09-09,shigu,石鼓,Shigu,1.09,18.41,23.27,13.93,5.149471624411693,0.75,16733052.0,18891046.0,4058.4062,99.95,26.95,2012,757.12,13.13,0.26,0.48
2012-09-10,shigu,石鼓,Shigu,0.33,18.49,22.87,14.61,4.994214684565838,1.05,15984046.0,18036796.0,3835.8125,99.95,26.95,2012,755.46,12.88,0.09,1.02
2012-09-11,shigu,石鼓,Shigu,14.33,15.93,19.83,13.85,2.622377739919456,0.58,9160496.0,10331838.0,3630.25,99.95,26.95,2012,755.73,13.93,0.21,0.36
2012-09-12,shigu,石鼓,Shigu,37.72,14.25,16.76,11.58,1.5044827634579312,0.81,5712072.0,6438512.0,3535.1094,99.95,26.95,2012,756.69,13.64,0.33,-0.69
2012-09-13,shigu,石鼓,Shigu,4.55,12.15,14.77,9.72,1.8353803995568527,0.84,6931332.0,7810552.0,3696.1406,99.95,26.95,2012,759.01,10.08,0.58,-0.58
2012-09-14,shigu,石鼓,Shigu,3.48,13.41,16.68,9.87,3.1757463505455936,1.02,11489254.0,12939428.0,3957.2188,99.95,26.95,2012,757.62,9.46,0.77,-0.65
2012-09-15,shigu,石鼓,Shigu,11.59,11.67,12.91,10.67,0.9478391337038672,0.98,3677364.0,4139438.0,4047.3281,99.95,26.95,2012,756.57,10.71,0.91,-0.26
2012-09-16,shigu,石鼓,Shigu,4.92,13.54,15.49,11.74,1.4807959393830017,0.7,5571388.0,6270536.0,4042.2031,99.95,26.95,2012,757.54,12.56,0.53,0.42
2012-09-17,shigu,石鼓,Shigu,2.57,14.57,18.15,11.9,1.9675979581022305,0.77,7290572.0,8202108.0,4035.75,99.95,26.95,2012,757.47,13.44,0.26,0.63
2012-09-18,shigu,石鼓,Shigu,0.85,16.84,21.16,13.09,3.501377944643975,0.97,11631900.0,13082882.0,4081.5469,99.95,26.95,2012,755.13,12.79,0.28,0.91
2012-09-19,shigu,石鼓,Shigu,5.39,15.11,17.64,13.47,1.994270633799528,0.64,7276922.0,8182720.0,4188.0156,99.95,26.95,2012,754.92,14.1,0.44,0.44
2012-09-20,shigu,石鼓,Shigu,1.14,16.09,20.89,13.47,2.8552575447265527,1.04,9797410.0,11013344.0,4295.7656,99.95,26.95,2012,754.76,13.17,0.35,0.94
2012-09-21,shigu,石鼓,Shigu,1.83,15.5,18.82,12.52,2.71257825535474,0.79,9585586.0,10771566.0,4420.172000000001,99.95,26.95,2012,755.91,13.15,0.19,0.69
2012-09-22,shigu,石鼓,Shigu,0.44,16.34,20.9,12.69,3.0187089384373205,0.91,10053324.0,11294190.0,4518.0156,99.95,26.95,2012,755.31,12.52,0.22,0.81
2012-09-23,shigu,石鼓,Shigu,0.32,17.09,22.21,12.26,4.289234864555694,0.89,14232380.0,15983639.0,4555.1562,99.95,26.95,2012,754.81,12.09,-0.03,0.85
2012-09-24,shigu,石鼓,Shigu,0.43,17.2,22.24,12.56,4.5021437514824525,0.83,15019389.0,16862468.0,4547.375,99.95,26.95,2012,754.83,12.27,0.28,0.54
2012-09-25,shigu,石鼓,Shigu,2.86,16.6,21.28,12.93,4.490222656506328,0.77,15497710.0,17394632.0,4468.422000000001,99.95,26.95,2012,757.06,12.71,0.35,0.41
2012-09-26,shigu,石鼓,Shigu,5.87,16.47,21.36,13.33,4.332708251774961,0.63,15006460.0,16836630.0,4311.6406,99.95,26.95,2012,759.55,12.89,0.41,-0.06
2012-09-27,shigu,石鼓,Shigu,14.94,15.07,19.11,12.66,3.083541498211913,0.65,11456265.0,12848617.0,4174.8906,99.95,26.95,2012,760.66,14.05,0.45,-0.4
2012-09-28,shigu,石鼓,Shigu,12.99,14.84,18.3,12.81,3.1015707457535933,0.71,11604411.0,13012976.0,4124.9375,99.95,26.95,2012,760.44,13.67,0.54,-0.42
2012-09-29,shigu,石鼓,Shigu,9.86,14.4,17.57,12.15,2.5621167848007325,0.64,9638391.0,10803739.0,4106.4062,99.95,26.95,2012,759.6,13.42,0.46,-0.09
2012-09-30,shigu,石鼓,Shigu,4.82,15.3,19.38,12.58,3.57713099841352,0.66,12836819.0,14386246.0,4050.3828,99.95,26.95,2012,758.77,12.64,0.37,0.15
2012-10-01,shigu,石鼓,Shigu,3.0,15.77,20.1,12.37,3.5268809360873616,0.62,12431185.0,13926904.0,4010.6797,99.95,26.95,2012,758.18,12.88,0.31,0.4
2012-10-02,shigu,石鼓,Shigu,0.56,16.15,20.74,12.5,3.7319725296666952,0.96,12561719.0,14070571.0,3971.1719,99.95,26.95,2012,756.4,11.44,0.23,0.9
2012-10-03,shigu,石鼓,Shigu,1.88,15.09,19.01,12.41,3.1824954282739384,0.65,11384340.0,12748274.0,3849.9688,99.95,26.95,2012,754.86,12.35,0.38,0.39
2012-10-04,shigu,石鼓,Shigu,2.14,15.89,20.04,12.35,3.48727946391506,0.81,12030217.0,13466193.0,3750.2344,99.95,26.95,2012,754.6,12.08,0.67,0.24
2012-10-05,shigu,石鼓,Shigu,11.06,14.98,19.21,12.97,3.1395865131468685,0.8,11432844.0,12794461.0,3799.7734,99.95,26.95,2012,757.46,12.66,0.77,0.01
2012-10-06,shigu,石鼓,Shigu,9.46,14.33,17.64,12.02,2.1731340518458566,0.57,8169220.5,9138987.0,3937.5781,99.95,26.95,2012,759.48,13.54,0.36,0.05
2012-10-07,shigu,石鼓,Shigu,0.54,16.51,20.9,12.66,4.3038325875644,0.9,14523182.0,16243618.0,4032.125,99.95,26.95,2012,758.97,11.39,0.45,0.6
2012-10-08,shigu,石鼓,Shigu,0.11,16.44,20.76,12.04,4.211042181706511,0.7,14012000.0,15667614.0,3987.586,99.95,26.95,2012,758.75,10.28,0.06,0.62
2012-10-09,shigu,石鼓,Shigu,5.61,14.4,18.63,11.16,3.6111161487262353,0.68,13199886.0,14753746.0,3808.8984,99.95,26.95,2012,759.39,11.31,0.54,0.2
2012-10-10,shigu,石鼓,Shigu,1.33,14.81,18.29,11.92,3.5709513152821137,0.93,12657468.0,14144192.0,3595.9688,99.95,26.95,2012,758.53,10.76,0.44,0.8
2012-10-11,shigu,石鼓,Shigu,2.68,14.75,18.93,12.26,3.656348149743685,0.88,13217610.0,14766012.0,3426.8516,99.95,26.95,2012,757.07,11.3,0.5,0.69
2012-10-12,shigu,石鼓,Shigu,4.24,13.36,15.35,11.59,1.9388841168776203,0.85,7335514.0,8192954.0,3316.1953,99.95,26.95,2012,756.95,11.76,0.38,0.66
2012-10-13,shigu,石鼓,Shigu,0.31,14.64,19.17,9.32,3.80062301141597,1.07,13115572.0,14643408.0,3259.0938,99.95,26.95,2012,757.18,9.13,0.03,1.03
2012-10-14,shigu,石鼓,Shigu,0.05,14.2,19.89,7.73,4.2311717118393455,1.28,14316766.0,15980118.0,3224.2188,99.95,26.95,2012,757.81,6.93,-0.1,1.25
2012-10-15,shigu,石鼓,Shigu,0.01,13.83,19.34,7.01,4.370044032621647,1.4,15060236.0,16805498.0,3195.1953,99.95,26.95,2012,759.23,6.66,-0.35,1.34
2012-10-16,shigu,石鼓,Shigu,0.09,14.27,19.64,6.07,5.35946090513812,0.65,18897110.0,21082248.0,3104.6172,99.95,26.95,2012,761.09,5.62,-0.17,0.37
2012-10-17,shigu,石鼓,Shigu,1.37,13.43,18.09,8.12,4.28144346741249,0.8,15390852.0,17167408.0,2953.1719,99.95,26.95,2012,760.57,6.88,0.31,0.42
2012-10-18,shigu,石鼓,Shigu,0.0,13.38,19.39,7.6,5.146640586660087,1.46,17561912.0,19585544.0,2787.1953,99.95,26.95,2012,758.91,3.43,-0.21,1.43
2012-10-19,shigu,石鼓,Shigu,0.0,12.93,18.81,6.5,5.23391362161438,1.41,18434866.0,20555288.0,2624.711,99.95,26.95,2012,759.33,3.38,-0.27,1.36
2012-10-20,shigu,石鼓,Shigu,0.0,12.81,18.74,6.27,5.2841915825369865,1.28,18800966.0,20959720.0,2467.4453,99.95,26.95,2012,759.61,3.18,-0.3,1.22
2012-10-21,shigu,石鼓,Shigu,0.0,13.36,19.3,6.74,5.2839578313346,0.96,18901922.0,21068156.0,2315.8672,99.95,26.95,2012,760.07,4.55,-0.26,0.85
2012-10-22,shigu,石鼓,Shigu,0.0,13.72,19.41,7.73,4.617655042371384,0.68,16435744.0,18314984.0,2172.1016,99.95,26.95,2012,760.33,6.07,0.37,0.1
2012-10-23,shigu,石鼓,Shigu,0.0,13.37,19.51,7.0,4.947660181876204,1.22,17084370.0,19034524.0,2038.9531,99.95,26.95,2012,757.78,3.84,0.04,1.18
2012-10-24,shigu,石鼓,Shigu,0.0,12.97,18.58,6.67,4.923421558437399,1.33,16802096.0,18717416.0,1918.9141,99.95,26.95,2012,756.81,2.49,0.03,1.28
2012-10-25,shigu,石鼓,Shigu,0.02,12.07,17.64,5.76,4.412899067036293,1.44,15518574.0,17284648.0,1814.0312,99.95,26.95,2012,757.22,3.15,-0.09,1.37
2012-10-26,shigu,石鼓,Shigu,0.0,12.01,17.93,4.76,4.727410998069479,0.86,17398094.0,19374228.0,1728.2422,99.95,26.95,2012,758.86,3.15,-0.25,0.75
2012-10-27,shigu,石鼓,Shigu,0.0,12.93,18.8,6.17,4.8555232523068295,0.68,17512102.0,19496866.0,1662.625,99.95,26.95,2012,759.91,3.8,0.22,0.14
2012-10-28,shigu,石鼓,Shigu,0.0,13.4,19.45,6.8,4.971198221952738,0.89,17368638.0,19333834.0,1603.6562,99.95,26.95,2012,759.87,3.39,-0.18,0.77
2012-10-29,shigu,石鼓,Shigu,0.0,13.02,19.53,6.24,4.977313282438566,1.08,17273726.0,19224544.0,1545.1797,99.95,26.95,2012,759.26,2.46,-0.43,0.94
2012-10-30,shigu,石鼓,Shigu,0.38,12.33,18.5,5.99,4.761267427072178,0.72,17341974.0,19297080.0,1485.875,99.95,26.95,2012,760.07,2.8,0.05,-0.02
2012-10-31,shigu,石鼓,Shigu,0.97,9.93,15.13,3.73,2.9927401334126755,0.75,12063214.0,13426400.0,1427.9531,99.95,26.95,2012,759.97,5.75,0.14,0.12
2012-11-01,shigu,石鼓,Shigu,0.06,11.39,17.64,3.82,4.68209273991655,1.18,16790300.0,18680296.0,1373.4219,99.95,26.95,2012,757.37,0.57,-0.28,1.1
2012-11-02,shigu,石鼓,Shigu,0.0,10.35,16.59,5.04,4.523569109815452,1.48,16889776.0,18786160.0,1323.2422,99.95,26.95,2012,756.11,0.78,-0.39,1.4
2012-11-03,shigu,石鼓,Shigu,0.01,11.69,17.46,4.69,4.589967428615704,0.66,16778272.0,18657200.0,1278.0859,99.95,26.95,2012,757.99,0.64,0.18,-0.02
2012-11-04,shigu,石鼓,Shigu,0.06,11.49,16.91,5.39,4.156892695215354,1.2,14470690.0,16087268.0,1237.9219,99.95,26.95,2012,756.43,1.11,-0.04,1.15
2012-11-05,shigu,石鼓,Shigu,0.0,11.31,17.34,5.12,4.284673237195377,1.28,15241750.0,16941520.0,1202.5781,99.95,26.95,2012,756.74,1.49,-0.22,1.22
2012-11-06,shigu,石鼓,Shigu,0.1,11.8,17.92,5.89,3.9038127926691626,1.31,13949712.0,15502172.0,1171.4844,99.95,26.95,2012,756.73,4.07,-0.09,1.27
2012-11-07,shigu,石鼓,Shigu,0.83,10.4,15.07,6.16,2.5288605639219672,1.11,9909798.0,11011432.0,1145.2109,99.95,26.95,2012,755.23,6.56,-0.2,1.07
2012-11-08,shigu,石鼓,Shigu,1.78,9.23,14.38,4.4,2.8821920014984763,1.32,11745350.0,13047732.0,1125.0156,99.95,26.95,2012,754.21,4.68,-0.19,1.24
2012-11-09,shigu,石鼓,Shigu,0.23,8.23,14.29,0.96,3.4031432009520213,1.48,13967178.0,15513372.0,1115.1641,99.95,26.95,2012,756.19,1.71,-0.46,1.36
2012-11-10,shigu,石鼓,Shigu,0.01,10.31,16.32,0.98,4.271626131720444,0.58,16382568.0,18192528.0,1111.8047,99.95,26.95,2012,758.8,0.03,-0.02,0.01
2012-11-11,shigu,石鼓,Shigu,0.01,10.35,16.15,4.48,4.031445348030998,1.06,14686634.0,16305884.0,1101.7422,99.95,26.95,2012,758.24,-0.2,0.27,0.84
2012-11-12,shigu,石鼓,Shigu,0.0,10.45,16.33,4.17,4.340372730492567,0.98,16051130.0,17817576.0,1088.0859,99.95,26.95,2012,759.34,-0.47,-0.3,0.91
2012-11-13,shigu,石鼓,Shigu,0.0,10.48,16.62,4.24,4.257661325202602,1.24,15305708.0,16987140.0,1074.8594,99.95,26.95,2012,757.87,-0.56,-0.27,1.17
2012-11-14,shigu,石鼓,Shigu,0.0,10.41,16.15,4.18,4.108978478206957,1.35,14605562.0,16207092.0,1062.2891,99.95,26.95,2012,756.88,-0.32,-0.23,1.27
2012-11-15,shigu,石鼓,Shigu,0.0,10.28,16.36,4.32,3.9925802824015433,1.09,14839674.0,16463668.0,1050.1016,99.95,26.95,2012,758.55,0.88,-0.27,1.0
2012-11-16,shigu,石鼓,Shigu,0.09,10.64,16.2,4.01,3.9585588286817432,0.66,14758000.0,16373064.0,1038.6797,99.95,26.95,2012,760.83,0.22,-0.35,0.14
2012-11-17,shigu,石鼓,Shigu,0.01,10.6,16.59,4.23,3.867366665349077,0.72,14437034.0,16016020.0,1027.6016,99.95,26.95,2012,759.34,0.92,-0.15,0.57
2012-11-18,shigu,石鼓,Shigu,0.0,10.59,17.26,4.01,4.32866537955534,1.19,15481916.0,17175980.0,1016.89844,99.95,26.95,2012,757.2,-1.01,-0.23,1.13
2012-11-19,shigu,石鼓,Shigu,0.0,10.47,17.39,3.76,4.473598810607727,1.42,15649630.0,17361944.0,1006.72656,99.95,26.95,2012,757.08,-2.06,-0.22,1.37
2012-11-20,shigu,石鼓,Shigu,0.0,9.14,16.32,1.03,3.8242254819555415,1.7,15068966.0,16717584.0,996.90625,99.95,26.95,2012,757.07,1.68,-0.52,1.6
2012-11-21,shigu,石鼓,Shigu,0.0,9.19,16.23,0.83,3.8838722714745386,1.59,14585620.0,16181592.0,987.53906,99.95,26.95,2012,755.98,-0.04,-0.48,1.5
2012-11-22,shigu,石鼓,Shigu,0.0,9.45,15.95,3.64,3.814138267393477,1.57,14472274.0,16055920.0,978.8047,99.95,26.95,2012,755.69,1.13,-0.46,1.48
2012-11-23,shigu,石鼓,Shigu,0.0,10.21,16.45,3.46,3.698216567988421,1.25,13321308.0,14778920.0,970.83594,99.95,26.95,2012,756.21,0.79,-0.22,1.2
2012-11-24,shigu,石鼓,Shigu,0.0,10.22,16.45,4.46,4.1090475670633975,1.33,14570292.0,16164316.0,963.625,99.95,26.95,2012,755.22,-1.08,-0.09,1.31
2012-11-25,shigu,石鼓,Shigu,0.01,9.36,15.34,2.96,3.5204615126340486,1.4,12983266.0,14403240.0,958.03906,99.95,26.95,2012,756.13,0.53,0.27,1.26
2012-11-26,shigu,石鼓,Shigu,0.0,9.13,15.11,2.53,3.3334622726960426,1.22,12260402.0,13601376.0,958.875,99.95,26.95,2012,756.21,-0.04,-0.01,1.14
2012-11-27,shigu,石鼓,Shigu,0.01,7.95,14.97,1.68,3.3627551640373983,1.56,13541690.0,15023280.0,967.91406,99.95,26.95,2012,755.19,0.64,-0.2,1.48
2012-11-28,shigu,石鼓,Shigu,0.0,8.49,14.88,1.08,3.647910974121364,1.28,14283416.0,15846392.0,970.375,99.95,26.95,2012,755.33,-0.22,-0.35,1.2
2012-11-29,shigu,石鼓,Shigu,0.0,8.6,14.75,1.72,3.797103310334496,1.36,14193846.0,15746656.0,965.53125,99.95,26.95,2012,754.7,-2.15,-0.33,1.29
2012-11-30,shigu,石鼓,Shigu,0.0,8.56,15.0,2.87,3.963356154870812,1.54,14618010.0,16216944.0,957.1719,99.95,26.95,2012,754.44,-2.88,-0.39,1.45
2012-12-01,shigu,石鼓,Shigu,0.0,8.55,14.73,2.66,3.707120936997245,1.2,14093360.0,15634848.0,947.78125,99.95,26.95,2012,756.42,-1.78,-0.45,1.08
2012-12-02,shigu,石鼓,Shigu,0.0,8.68,15.19,2.55,3.780799094128157,1.29,14468798.0,16051208.0,938.03125,99.95,26.95,2012,757.63,-1.07,-0.59,1.11
2012-12-03,shigu,石鼓,Shigu,0.0,9.44,16.24,2.73,3.923229398387007,1.16,14436704.0,16015484.0,927.77344,99.95,26.95,2012,755.97,-1.68,-0.3,1.06
2012-12-04,shigu,石鼓,Shigu,0.0,8.61,15.29,2.44,3.686457113774032,1.28,14429698.0,16007624.0,917.5625,99.95,26.95,2012,755.72,-0.03,-0.65,1.06
2012-12-05,shigu,石鼓,Shigu,0.0,9.1,14.65,3.04,3.301929063115556,0.85,12655498.0,14038820.0,908.125,99.95,26.95,2012,757.52,0.33,0.3,-0.09
2012-12-06,shigu,石鼓,Shigu,0.0,9.56,16.35,3.69,3.63227529045528,0.82,14016636.0,15549356.0,899.03906,99.95,26.95,2012,756.23,0.93,-0.36,0.66
2012-12-07,shigu,石鼓,Shigu,0.05,9.09,15.0,3.55,2.977149061989389,0.73,11547574.0,12809620.0,890.1719,99.95,26.95,2012,755.87,1.5,0.08,0.28
2012-12-08,shigu,石鼓,Shigu,0.02,9.23,15.15,3.14,3.17348812035843,0.98,11939864.0,13244788.0,881.5547,99.95,26.95,2012,754.79,0.81,0.19,0.84
2012-12-09,shigu,石鼓,Shigu,0.05,7.93,13.96,2.24,2.698118707913416,1.41,10311486.0,11438744.0,873.4922,99.95,26.95,2012,753.76,0.99,-0.12,1.36
2012-12-10,shigu,石鼓,Shigu,0.01,7.69,13.68,2.13,2.984559804705912,1.35,11686450.0,12964688.0,866.5625,99.95,26.95,2012,754.75,0.05,-0.43,1.25
2012-12-11,shigu,石鼓,Shigu,0.05,7.86,13.21,2.72,2.6760887075269304,1.06,10287676.0,11412464.0,861.35156,99.95,26.95,2012,755.41,0.2,-0.02,0.98
2012-12-12,shigu,石鼓,Shigu,0.27,6.73,12.85,2.51,3.081968512618233,1.28,12921126.0,14334324.0,856.0469,99.95,26.95,2012,755.25,-0.56,0.07,1.24
2012-12-13,shigu,石鼓,Shigu,0.13,6.55,12.52,0.31,2.9152105197029297,1.47,11816548.0,13204236.0,851.2969,99.95,26.95,2012,757.28,-0.99,-0.1,1.42
2012-12-14,shigu,石鼓,Shigu,0.0,5.82,12.52,-1.07,3.223542650586811,1.61,13649590.0,15210388.0,848.72656,99.95,26.95,2012,758.44,-2.43,-0.45,1.51
2012-12-15,shigu,石鼓,Shigu,0.0,5.16,11.6,-1.15,3.1191474836943067,1.35,13928276.0,15494516.0,844.89844,99.95,26.95,2012,758.4,-2.41,-0.64,1.17
2012-12-16,shigu,石鼓,Shigu,0.0,6.77,14.57,-0.21,3.4646674952426038,1.38,14209468.0,15792500.0,837.9219,99.95,26.95,2012,757.1,-2.26,-0.53,1.25
2012-12-17,shigu,石鼓,Shigu,0.0,7.37,14.8,0.23,3.4737878262422788,1.37,14024188.0,15577332.0,829.375,99.95,26.95,2012,756.7,-1.28,-0.7,1.14
2012-12-18,shigu,石鼓,Shigu,0.0,8.77,14.94,1.46,3.5865939741231108,1.04,14051340.0,15602716.0,820.8672,99.95,26.95,2012,756.95,0.25,0.42,0.3
2012-12-19,shigu,石鼓,Shigu,0.0,6.65,13.96,1.16,3.0177456137571395,1.68,12544050.0,13928384.0,812.9219,99.95,26.95,2012,752.71,-0.35,-0.57,1.56
2012-12-20,shigu,石鼓,Shigu,0.0,6.94,13.41,0.99,3.19718228062545,1.54,12690872.0,14091956.0,805.90625,99.95,26.95,2012,754.19,-1.68,-0.45,1.45
2012-12-21,shigu,石鼓,Shigu,0.0,8.0,14.55,1.9,3.727701545865244,1.35,13808678.0,15334252.0,800.14844,99.95,26.95,2012,755.86,-4.09,-0.31,1.28
2012-12-22,shigu,石鼓,Shigu,0.0,7.55,13.86,1.9,3.728615739025937,1.11,14107312.0,15667932.0,794.78125,99.95,26.95,2012,757.2,-6.0,-0.17,0.98
2012-12-23,shigu,石鼓,Shigu,0.05,6.26,12.33,1.1,3.1304523364577204,0.83,12611388.0,14009008.0,789.1328,99.95,26.95,2012,759.94,-5.74,-0.41,0.65
2012-12-24,shigu,石鼓,Shigu,0.0,6.65,13.03,0.95,3.7436402595534095,1.19,14533544.0,16146264.0,783.08594,99.95,26.95,2012,756.52,-7.42,-0.32,1.11
2012-12-25,shigu,石鼓,Shigu,0.0,6.19,12.31,0.93,3.72065403788494,1.16,14520432.0,16134336.0,776.75,99.95,26.95,2012,754.9,-9.11,-0.09,1.1
2012-12-26,shigu,石鼓,Shigu,0.0,5.12,10.99,0.09,3.3653859784178017,1.45,13566222.0,15076624.0,770.34375,99.95,26.95,2012,755.14,-7.37,-0.12,1.35
2012-12-27,shigu,石鼓,Shigu,0.0,5.33,11.53,-0.04,3.372573943983188,0.98,14429038.0,16038072.0,763.9219,99.95,26.95,2012,755.7,-5.69,-0.21,0.82
2012-12-28,shigu,石鼓,Shigu,0.0,6.07,12.3,0.17,3.603760860503352,1.43,14347150.0,15949708.0,757.5625,99.95,26.95,2012,753.2,-6.08,-0.24,1.37
2012-12-29,shigu,石鼓,Shigu,0.0,7.11,13.75,1.06,3.4215589256683074,0.89,13532684.0,15046888.0,751.4375,99.95,26.95,2012,754.54,-4.7,-0.04,0.82
2012-12-30,shigu,石鼓,Shigu,0.01,5.41,11.71,1.24,2.900299592954071,0.59,12617370.0,14030920.0,745.53125,99.95,26.95,2012,754.52,-4.16,0.29,-0.03
2012-12-31,shigu,石鼓,Shigu,0.04,5.38,10.68,1.21,2.232320700215268,1.04,9407854.0,10468960.0,740.03906,99.95,26.95,2012,753.34,-1.19,-0.29,0.89
2013-01-01,shigu,石鼓,Shigu,0.01,6.58,12.84,1.25,2.9878595686724125,1.31,12135352.0,13512608.0,735.3203,99.95,26.95,2013,754.8,-1.5,-0.47,1.18
2013-01-02,shigu,石鼓,Shigu,0.0,7.99,15.65,0.67,3.699580283150168,1.19,14478242.0,16118652.0,731.8906,99.95,26.95,2013,755.36,-1.95,-0.38,1.1
2013-01-03,shigu,石鼓,Shigu,0.33,7.35,12.83,1.72,2.9152736847710963,1.4,10947870.0,12187044.0,727.5781,99.95,26.95,2013,755.26,-1.49,0.64,1.06
2013-01-04,shigu,石鼓,Shigu,0.0,5.88,11.94,0.71,3.261878520386708,1.72,13528554.0,15063556.0,721.96875,99.95,26.95,2013,753.83,-2.9,-0.34,1.67
2013-01-05,shigu,石鼓,Shigu,0.0,6.34,11.6,1.3,3.0610682041741604,1.47,11856416.0,13202940.0,716.5469,99.95,26.95,2013,753.65,-3.51,-0.35,1.39
2013-01-06,shigu,石鼓,Shigu,0.0,6.68,12.83,1.73,3.763478822024149,1.46,14342428.0,15971612.0,711.5469,99.95,26.95,2013,754.08,-6.69,-0.25,1.41
2013-01-07,shigu,石鼓,Shigu,0.0,6.25,12.2,1.47,3.7760174946868448,1.44,14715994.0,16389032.0,706.21875,99.95,26.95,2013,752.53,-7.29,0.11,1.38
2013-01-08,shigu,石鼓,Shigu,0.16,5.12,10.37,1.17,3.162660410949364,1.51,12891996.0,14361160.0,700.375,99.95,26.95,2013,753.03,-5.54,-0.07,1.45
2013-01-09,shigu,石鼓,Shigu,0.72,4.9,9.34,1.05,2.3849706725461464,0.72,10173544.0,11366528.0,694.5469,99.95,26.95,2013,753.19,-3.73,0.06,0.59
2013-01-10,shigu,石鼓,Shigu,0.86,4.75,9.42,1.39,2.785586082714856,1.08,11868922.0,13329648.0,688.90625,99.95,26.95,2013,753.09,-4.25,0.07,1.01
2013-01-11,shigu,石鼓,Shigu,2.05,3.53,7.21,1.25,2.1604891498289738,0.61,10094310.0,11359528.0,683.2344,99.95,26.95,2013,754.94,-2.6,0.28,0.12
2013-01-12,shigu,石鼓,Shigu,0.19,4.83,11.05,-0.18,3.448065639073669,1.18,14268422.0,16314512.0,677.46875,99.95,26.95,2013,756.01,-7.37,-0.46,1.03
2013-01-13,shigu,石鼓,Shigu,0.0,5.89,12.71,-0.25,3.784557435972413,1.14,15249420.0,17237136.0,671.8906,99.95,26.95,2013,754.34,-7.56,-0.41,1.01
2013-01-14,shigu,石鼓,Shigu,0.01,5.5,11.79,0.51,3.1216442983323187,1.47,12814162.0,14393068.0,666.5781,99.95,26.95,2013,754.0,-3.86,-0.33,1.36
2013-01-15,shigu,石鼓,Shigu,0.0,6.04,12.45,0.48,3.5281290774986203,1.04,15035178.0,16828060.0,661.375,99.95,26.95,2013,756.54,-3.39,-0.19,0.96
2013-01-16,shigu,石鼓,Shigu,0.0,6.5,13.39,0.46,3.656556558345478,1.38,15174436.0,16953060.0,656.1406,99.95,26.95,2013,757.74,-3.04,-0.57,1.22
2013-01-17,shigu,石鼓,Shigu,0.0,8.24,14.91,1.15,3.883997106281502,0.75,15446020.0,17242912.0,650.9219,99.95,26.95,2013,759.71,-2.49,-0.05,0.52
2013-01-18,shigu,石鼓,Shigu,0.0,8.14,16.2,1.19,3.964715546389972,1.39,15661036.0,17478620.0,645.7344,99.95,26.95,2013,759.1,-1.39,-0.54,1.25
2013-01-19,shigu,石鼓,Shigu,0.0,8.91,16.24,0.87,4.3401154369627015,1.53,15788752.0,17621420.0,640.59375,99.95,26.95,2013,757.03,-3.82,-0.34,1.47
2013-01-20,shigu,石鼓,Shigu,0.15,7.41,13.46,1.89,3.838048329506641,1.52,14814458.0,16536592.0,635.7969,99.95,26.95,2013,757.06,-3.74,-0.06,1.45
2013-01-21,shigu,石鼓,Shigu,0.59,6.37,12.87,1.37,3.4543231771595835,1.47,14239342.0,15902216.0,632.125,99.95,26.95,2013,758.5,-2.8,-0.12,1.38
2013-01-22,shigu,石鼓,Shigu,0.0,5.88,12.05,0.75,3.724113988877413,1.34,15521272.0,17334596.0,629.3125,99.95,26.95,2013,758.67,-5.2,-0.57,1.18
2013-01-23,shigu,石鼓,Shigu,0.0,6.52,12.88,0.67,4.011116649575119,1.36,15956918.0,17823044.0,625.4844,99.95,26.95,2013,757.25,-6.67,-0.46,1.23
2013-01-24,shigu,石鼓,Shigu,0.0,7.06,13.44,1.01,4.182973248702102,1.02,16403214.0,18324560.0,619.9375,99.95,26.95,2013,756.65,-8.55,-0.0,0.89
2013-01-25,shigu,石鼓,Shigu,0.0,6.48,12.78,1.27,4.209677410708037,1.39,16505820.0,18442660.0,614.0,99.95,26.95,2013,755.68,-8.69,-0.35,1.29
2013-01-26,shigu,石鼓,Shigu,0.0,6.35,12.66,1.07,4.018519504429468,0.98,16409330.0,18338420.0,608.3281,99.95,26.95,2013,756.78,-7.73,-0.3,0.82
2013-01-27,shigu,石鼓,Shigu,0.0,7.26,13.39,1.08,4.2143489962788285,1.17,16085336.0,17980064.0,602.9375,99.95,26.95,2013,756.86,-8.7,0.32,0.86
2013-01-28,shigu,石鼓,Shigu,0.0,6.96,13.23,1.73,4.309016382997768,1.2,16809202.0,18792988.0,597.7969,99.95,26.95,2013,757.66,-8.72,-0.57,1.02
2013-01-29,shigu,石鼓,Shigu,0.0,8.18,15.09,1.73,4.407184512985015,1.16,16353318.0,18286900.0,592.875,99.95,26.95,2013,756.75,-7.96,-0.03,1.1
2013-01-30,shigu,石鼓,Shigu,0.0,7.43,13.6,1.81,4.462185682690304,1.29,16964732.0,18974672.0,588.0469,99.95,26.95,2013,757.15,-8.8,-0.17,1.22
2013-01-31,shigu,石鼓,Shigu,0.0,7.19,13.63,1.68,4.325687721075728,1.3,17097208.0,19126832.0,583.28125,99.95,26.95,2013,758.5,-6.2,-0.45,1.19
2013-02-01,shigu,石鼓,Shigu,0.0,8.33,15.36,1.5,4.510457986427179,1.22,17044488.0,19071800.0,578.5469,99.95,26.95,2013,758.68,-5.94,-0.44,1.09
2013-02-02,shigu,石鼓,Shigu,0.0,7.57,14.03,1.7,3.51186916596709,1.31,12634000.0,14139856.0,573.9375,99.95,26.95,2013,757.63,-5.57,0.38,1.11
2013-02-03,shigu,石鼓,Shigu,0.21,6.32,11.72,1.41,3.1667168941104085,1.28,12645658.0,14156392.0,569.40625,99.95,26.95,2013,757.85,-3.38,-0.05,1.24
2013-02-04,shigu,石鼓,Shigu,0.44,5.76,11.65,-0.46,3.397859577751257,1.55,14429358.0,16199880.0,565.03125,99.95,26.95,2013,758.82,-2.92,-0.48,1.45
2013-02-05,shigu,石鼓,Shigu,0.0,8.0,16.66,-1.11,4.466804148949066,1.35,17531164.0,19672070.0,560.8906,99.95,26.95,2013,759.93,-3.8,-0.54,1.2
2013-02-06,shigu,石鼓,Shigu,0.0,9.73,18.4,0.24,4.800118201851916,1.77,17530356.0,19657944.0,556.5,99.95,26.95,2013,756.68,-1.92,-0.5,1.67
2013-02-07,shigu,石鼓,Shigu,0.0,10.97,18.33,2.41,4.964741052040577,1.61,17431686.0,19539770.0,552.46875,99.95,26.95,2013,755.76,-0.97,-0.48,1.52
2013-02-08,shigu,石鼓,Shigu,1.63,9.81,17.52,3.68,4.067652597575522,1.72,15219670.0,17058746.0,551.09375,99.95,26.95,2013,756.11,1.38,-0.2,1.63
2013-02-09,shigu,石鼓,Shigu,2.45,6.75,11.8,2.09,2.4047831754287983,1.22,10607162.0,12118168.0,558.34375,99.95,26.95,2013,757.08,3.24,0.02,1.17
2013-02-10,shigu,石鼓,Shigu,0.0,7.1,13.88,0.11,3.8870483201407136,1.57,15915500.0,18006368.0,578.0,99.95,26.95,2013,757.37,-1.84,-0.56,1.43
2013-02-11,shigu,石鼓,Shigu,0.0,7.78,15.37,-0.21,4.1940196433156745,1.58,17099458.0,19251640.0,594.3125,99.95,26.95,2013,757.63,-1.19,-0.56,1.45
2013-02-12,shigu,石鼓,Shigu,0.0,9.18,16.88,-0.54,4.76485246971136,1.45,17858448.0,20060858.0,599.21875,99.95,26.95,2013,757.43,-3.07,-0.4,1.35
2013-02-13,shigu,石鼓,Shigu,0.01,9.83,17.08,2.52,4.885637267180583,1.57,17752418.0,19925894.0,597.0,99.95,26.95,2013,756.32,-2.67,-0.29,1.48
2013-02-14,shigu,石鼓,Shigu,0.5,9.39,15.7,3.18,4.626239885333348,1.55,17661608.0,19820152.0,592.21875,99.95,26.95,2013,756.54,-0.79,-0.31,1.47
2013-02-15,shigu,石鼓,Shigu,0.02,9.72,16.71,3.03,4.596236887895382,1.58,16968312.0,19046448.0,588.5,99.95,26.95,2013,757.58,-1.16,-0.42,1.46
2013-02-16,shigu,石鼓,Shigu,0.19,9.99,17.13,3.6,4.517538714677358,1.68,16588042.0,18621604.0,585.6875,99.95,26.95,2013,757.08,-0.14,-0.44,1.56
2013-02-17,shigu,石鼓,Shigu,5.44,8.87,14.16,3.31,3.210219304270707,1.32,13132418.0,14749820.0,582.6875,99.95,26.95,2013,754.05,3.73,0.1,1.27
2013-02-18,shigu,石鼓,Shigu,3.4,7.1,11.93,3.36,2.5187562986862435,1.15,10858368.0,12257628.0,595.875,99.95,26.95,2013,753.04,2.91,0.36,1.06
2013-02-19,shigu,石鼓,Shigu,0.4,7.45,14.18,1.36,3.6527647642232832,1.45,14994904.0,16888904.0,644.6875,99.95,26.95,2013,755.94,-0.39,0.06,1.28
2013-02-20,shigu,石鼓,Shigu,0.0,8.25,15.49,1.18,4.444753453410369,1.37,17496880.0,19681224.0,687.65625,99.95,26.95,2013,756.61,-2.5,-0.12,1.23
2013-02-21,shigu,石鼓,Shigu,0.08,8.57,15.14,1.5,4.460648761533943,1.57,17095972.0,19222856.0,696.96875,99.95,26.95,2013,758.46,-2.44,-0.33,1.43
2013-02-22,shigu,石鼓,Shigu,0.0,9.24,16.79,2.13,4.991909759131922,1.1,19493104.0,21918906.0,683.40625,99.95,26.95,2013,760.62,-1.91,-0.4,0.96
2013-02-23,shigu,石鼓,Shigu,0.0,10.05,17.98,1.59,5.4355459170610585,1.42,19883746.0,22362150.0,661.625,99.95,26.95,2013,759.93,-4.1,-0.52,1.28
2013-02-24,shigu,石鼓,Shigu,0.0,10.72,18.99,2.83,5.555589196348232,1.42,19923844.0,22412702.0,638.09375,99.95,26.95,2013,758.97,-3.32,-0.51,1.29
2013-02-25,shigu,石鼓,Shigu,0.01,10.33,17.86,2.72,4.884378798536613,1.69,17473692.0,19661852.0,615.28125,99.95,26.95,2013,758.22,-1.36,-0.47,1.56
2013-02-26,shigu,石鼓,Shigu,0.0,10.14,18.12,2.92,5.260851357382075,1.51,20037128.0,22552030.0,593.71875,99.95,26.95,2013,758.3,-0.36,-0.75,1.3
2013-02-27,shigu,石鼓,Shigu,0.0,11.48,20.18,2.99,5.545081288514824,1.42,20128534.0,22660946.0,573.9375,99.95,26.95,2013,756.11,0.33,-0.46,1.3
2013-02-28,shigu,石鼓,Shigu,0.0,11.88,20.1,3.11,5.611017060286213,1.76,20105988.0,22641876.0,556.5,99.95,26.95,2013,754.3,1.29,-0.54,1.67
2013-03-01,shigu,石鼓,Shigu,0.0,12.44,19.83,4.53,5.855097109649623,1.6,19651276.0,22135974.0,542.375,99.95,26.95,2013,756.82,-1.65,-0.39,1.52
2013-03-02,shigu,石鼓,Shigu,0.0,13.4,21.39,4.83,6.235727485511244,1.38,20464146.0,23057480.0,532.46875,99.95,26.95,2013,759.43,-2.28,-0.2,1.28
2013-03-03,shigu,石鼓,Shigu,0.0,13.06,20.93,4.75,6.308739560441079,1.39,20486316.0,23088604.0,526.21875,99.95,26.95,2013,759.81,-5.01,0.03,1.24
2013-03-04,shigu,石鼓,Shigu,0.32,11.31,18.59,4.33,5.566595683779521,1.42,19382342.0,21850216.0,522.59375,99.95,26.95,2013,760.06,-3.01,-0.42,1.31
2013-03-05,shigu,石鼓,Shigu,0.17,12.0,19.39,4.19,5.9460093692965055,1.33,20412032.0,23017268.0,520.125,99.95,26.95,2013,760.02,-3.37,-0.42,1.24
2013-03-06,shigu,石鼓,Shigu,0.11,12.24,19.32,4.06,6.0919071981507065,1.46,20922542.0,23599410.0,518.46875,99.95,26.95,2013,759.72,-2.24,-0.51,1.34
2013-03-07,shigu,石鼓,Shigu,0.15,12.18,19.48,4.62,5.6464351133647765,1.17,19180706.0,21640196.0,517.96875,99.95,26.95,2013,760.55,-3.23,-0.15,0.91
2013-03-08,shigu,石鼓,Shigu,0.25,11.29,18.64,3.84,5.8303056379629865,1.42,20431232.0,23057758.0,516.25,99.95,26.95,2013,757.58,-3.64,-0.29,1.34
2013-03-09,shigu,石鼓,Shigu,0.35,11.1,18.12,3.38,5.78841285379816,1.55,20730022.0,23401240.0,511.5,99.95,26.95,2013,755.35,-2.14,-0.57,1.43
2013-03-10,shigu,石鼓,Shigu,0.1,12.06,19.5,4.11,6.0476017736436924,1.4,21065640.0,23786518.0,504.375,99.95,26.95,2013,755.84,-1.88,-0.19,1.34
2013-03-11,shigu,石鼓,Shigu,0.41,11.25,19.13,3.75,5.500691205416294,1.65,19712456.0,22264844.0,496.03125,99.95,26.95,2013,755.27,-0.35,-0.2,1.6
2013-03-12,shigu,石鼓,Shigu,0.25,8.9,15.86,1.38,4.53784874964721,1.43,18090620.0,20441994.0,487.96875,99.95,26.95,2013,755.39,0.19,-0.2,1.37
2013-03-13,shigu,石鼓,Shigu,0.72,10.7,19.26,1.36,5.454747387805162,0.94,20330804.0,22977536.0,480.6875,99.95,26.95,2013,757.85,-1.4,0.02,0.7
2013-03-14,shigu,石鼓,Shigu,0.33,12.67,19.67,4.23,6.058507331826353,1.45,21077208.0,23826268.0,473.5,99.95,26.95,2013,758.03,0.5,-0.25,1.41
2013-03-15,shigu,石鼓,Shigu,0.01,12.63,20.58,5.32,5.829547217855343,1.86,20361584.0,23022986.0,467.8125,99.95,26.95,2013,758.2,2.02,-0.39,1.79
2013-03-16,shigu,石鼓,Shigu,0.12,11.93,20.43,4.43,5.277933494997259,1.88,18802120.0,21264512.0,465.40625,99.95,26.95,2013,758.08,2.36,-0.43,1.81
2013-03-17,shigu,石鼓,Shigu,0.13,12.51,20.23,4.46,5.663681077986599,1.7,19411094.0,21957990.0,467.8125,99.95,26.95,2013,755.24,0.96,-0.28,1.64
2013-03-18,shigu,石鼓,Shigu,1.26,9.51,15.49,3.84,4.047467462006496,1.38,16179430.0,18306920.0,476.8125,99.95,26.95,2013,752.68,3.08,0.32,1.23
2013-03-19,shigu,石鼓,Shigu,0.67,9.0,15.86,2.8,4.943792783531702,1.68,19421866.0,21989444.0,492.625,99.95,26.95,2013,753.83,-1.02,-0.25,1.63
2013-03-20,shigu,石鼓,Shigu,0.47,10.71,18.78,2.68,5.756261649717504,0.96,21515198.0,24359028.0,511.9375,99.95,26.95,2013,756.46,-1.81,0.08,0.77
2013-03-21,shigu,石鼓,Shigu,0.24,11.87,19.77,3.57,5.87964472498938,1.45,21079556.0,23868234.0,525.625,99.95,26.95,2013,754.03,0.33,0.09,1.38
2013-03-22,shigu,石鼓,Shigu,0.76,10.23,17.18,3.65,4.970874737224361,1.48,19015528.0,21534882.0,531.84375,99.95,26.95,2013,754.71,1.19,0.15,1.44
2013-03-23,shigu,石鼓,Shigu,0.26,10.63,17.8,3.75,5.264259418469954,1.6,19434672.0,22013526.0,536.25,99.95,26.95,2013,755.91,0.0,-0.48,1.52
2013-03-24,shigu,石鼓,Shigu,0.17,12.46,20.61,4.2,6.361439941268702,1.61,22552248.0,25550202.0,540.15625,99.95,26.95,2013,754.16,0.61,-0.15,1.56
2013-03-25,shigu,石鼓,Shigu,0.18,12.06,19.79,4.5,5.183382892517821,1.65,18343426.0,20786942.0,539.25,99.95,26.95,2013,752.64,2.47,-0.28,1.61
2013-03-26,shigu,石鼓,Shigu,3.93,9.77,16.53,5.31,3.3392973219234414,0.96,13052892.0,14794810.0,535.28125,99.95,26.95,2013,754.61,4.23,0.18,0.81
2013-03-27,shigu,石鼓,Shigu,2.57,9.03,16.34,4.02,4.209946778110732,1.51,17596960.0,20041722.0,534.5625,99.95,26.95,2013,754.7,3.42,-0.22,1.45
2013-03-28,shigu,石鼓,Shigu,0.0,13.39,21.05,4.49,6.504232708031169,1.22,22232554.0,25263338.0,540.65625,99.95,26.95,2013,755.22,0.12,-0.24,1.04
2013-03-29,shigu,石鼓,Shigu,2.47,11.97,19.64,6.85,4.883264583643539,1.38,18195472.0,20651636.0,543.5,99.95,26.95,2013,753.98,4.98,-0.07,1.32
2013-03-30,shigu,石鼓,Shigu,1.48,11.87,17.68,6.37,4.8031443853664815,1.22,17243030.0,19565676.0,541.625,99.95,26.95,2013,755.13,2.95,0.07,1.17
2013-03-31,shigu,石鼓,Shigu,1.86,9.96,17.25,2.74,4.5110285431823085,1.49,17824662.0,20328798.0,543.0,99.95,26.95,2013,755.85,3.16,-0.08,1.43
2013-04-01,shigu,石鼓,Shigu,0.35,11.59,19.48,3.26,5.870552870990683,1.53,21165396.0,24057410.0,548.25,99.95,26.95,2013,756.3,0.14,-0.11,1.48
2013-04-02,shigu,石鼓,Shigu,0.25,10.8,18.22,2.9,5.231027749077464,1.64,19921708.0,22623912.0,552.03125,99.95,26.95,2013,755.54,2.21,-0.28,1.58
2013-04-03,shigu,石鼓,Shigu,0.26,11.83,19.98,3.59,5.629207904324324,1.75,20968996.0,23811148.0,549.90625,99.95,26.95,2013,753.09,3.24,-0.3,1.68
2013-04-04,shigu,石鼓,Shigu,0.6,10.74,18.14,4.16,5.3102857589316494,1.76,20909776.0,23747390.0,544.8125,99.95,26.95,2013,751.17,3.29,-0.2,1.73
2013-04-05,shigu,石鼓,Shigu,1.12,11.31,17.76,4.58,5.224017317491542,1.45,19205032.0,21815688.0,543.0,99.95,26.95,2013,752.27,1.9,-0.13,1.41
2013-04-06,shigu,石鼓,Shigu,3.44,10.57,17.33,4.37,4.811179809167209,1.02,18189658.0,20669110.0,542.5,99.95,26.95,2013,752.76,1.72,0.28,0.77
2013-04-07,shigu,石鼓,Shigu,1.26,10.24,17.4,4.02,5.062653005545167,1.57,20063268.0,22801334.0,539.4375,99.95,26.95,2013,752.99,2.81,-0.31,1.49
2013-04-08,shigu,石鼓,Shigu,1.62,11.35,20.26,4.16,5.740544751686269,1.29,22035650.0,25047868.0,537.28125,99.95,26.95,2013,754.82,3.33,-0.12,1.2
2013-04-09,shigu,石鼓,Shigu,1.34,12.98,20.81,5.67,5.679696152732979,1.22,20508160.0,23316220.0,535.3125,99.95,26.95,2013,756.23,4.76,-0.11,1.12
2013-04-10,shigu,石鼓,Shigu,3.9,12.39,18.27,7.16,4.125367748138983,1.22,15056450.0,17122496.0,532.09375,99.95,26.95,2013,755.89,6.52,0.05,1.05
2013-04-11,shigu,石鼓,Shigu,3.65,12.57,18.12,7.54,4.495868539103571,1.06,16621618.0,18906726.0,537.5,99.95,26.95,2013,756.02,6.92,0.18,0.98
2013-04-12,shigu,石鼓,Shigu,4.98,11.04,15.97,5.12,3.915499227687052,0.93,15536522.0,17675504.0,571.21875,99.95,26.95,2013,757.64,7.32,0.01,0.82
2013-04-13,shigu,石鼓,Shigu,1.98,8.96,14.49,3.86,3.1174055290129505,1.23,13228040.0,15053090.0,624.0625,99.95,26.95,2013,759.0,5.55,-0.63,1.05
2013-04-14,shigu,石鼓,Shigu,1.06,13.3,19.7,5.05,5.6099487518401405,1.32,19873740.0,22620288.0,669.96875,99.95,26.95,2013,756.63,4.85,-0.05,1.23
2013-04-15,shigu,石鼓,Shigu,0.76,12.51,18.53,6.69,5.3925253335869465,1.58,19729948.0,22461600.0,698.84375,99.95,26.95,2013,753.46,4.8,-0.16,1.54
2013-04-16,shigu,石鼓,Shigu,2.99,10.97,17.45,5.39,4.3429180801286815,0.91,17120700.0,19492898.0,709.6875,99.95,26.95,2013,752.89,6.41,-0.13,0.84
2013-04-17,shigu,石鼓,Shigu,1.15,11.57,18.74,4.36,5.227570365542051,1.25,20079686.0,22863694.0,711.6875,99.95,26.95,2013,752.56,5.0,-0.06,1.2
2013-04-18,shigu,石鼓,Shigu,0.5,12.75,19.32,5.36,5.376708376652036,1.65,19230210.0,21897990.0,707.34375,99.95,26.95,2013,753.1,4.51,-0.07,1.61
2013-04-19,shigu,石鼓,Shigu,0.02,14.09,20.8,5.51,6.145584827934053,1.72,20387964.0,23218740.0,695.96875,99.95,26.95,2013,753.97,3.04,-0.39,1.66
2013-04-20,shigu,石鼓,Shigu,0.02,14.98,22.23,8.12,7.182556866408138,1.48,24180874.0,27540664.0,677.75,99.95,26.95,2013,756.55,3.77,-0.19,1.45
2013-04-21,shigu,石鼓,Shigu,0.84,13.92,21.28,5.7,6.051879916202188,1.55,21300336.0,24262266.0,659.125,99.95,26.95,2013,757.15,5.55,-0.03,1.49
2013-04-22,shigu,石鼓,Shigu,0.49,14.11,21.09,6.18,6.169859387831818,1.85,21196658.0,24146196.0,643.875,99.95,26.95,2013,757.32,4.86,-0.17,1.82
2013-04-23,shigu,石鼓,Shigu,1.05,13.6,20.2,4.84,6.36334300286718,1.64,22551036.0,25691248.0,637.5,99.95,26.95,2013,757.73,4.47,-0.03,1.6
2013-04-24,shigu,石鼓,Shigu,0.49,14.47,21.56,6.59,6.9091177865735,1.62,23502690.0,26777578.0,640.65625,99.95,26.95,2013,757.52,3.62,-0.15,1.58
2013-04-25,shigu,石鼓,Shigu,0.59,14.61,22.62,7.36,6.816076696393501,1.37,23118266.0,26342076.0,649.625,99.95,26.95,2013,757.6,3.75,-0.21,1.31
2013-04-26,shigu,石鼓,Shigu,1.33,14.66,22.86,5.3,6.908065155104628,1.44,23603750.0,26897574.0,660.65625,99.95,26.95,2013,756.29,4.32,-0.14,1.41
2013-04-27,shigu,石鼓,Shigu,0.1,16.54,24.6,7.45,7.617534957678258,1.54,24530586.0,27956212.0,675.09375,99.95,26.95,2013,754.47,4.93,-0.3,1.49
2013-04-28,shigu,石鼓,Shigu,2.97,14.95,22.77,6.96,5.805018767863742,1.28,19895742.0,22676324.0,696.8125,99.95,26.95,2013,754.2,7.29,-0.06,1.22
2013-04-29,shigu,石鼓,Shigu,0.29,15.61,23.67,8.25,6.524481624919492,1.43,21798600.0,24847402.0,731.75,99.95,26.95,2013,754.57,6.53,-0.15,1.38
2013-04-30,shigu,石鼓,Shigu,2.83,16.05,23.34,10.12,5.997214331361661,0.82,20250410.0,23084450.0,786.40625,99.95,26.95,2013,755.3,8.95,0.18,0.64
2013-05-01,shigu,石鼓,Shigu,0.59,16.43,22.93,11.43,5.7979469278623625,1.32,18893592.0,21539718.0,862.15625,99.95,26.95,2013,752.1,8.54,0.2,1.28
2013-05-02,shigu,石鼓,Shigu,10.17,13.28,20.23,9.29,3.143040781981388,0.89,11341090.0,12930822.0,972.3125,99.95,26.95,2013,752.41,9.56,0.25,0.71
2013-05-03,shigu,石鼓,Shigu,10.14,11.12,15.9,8.24,2.4495645817550065,0.6,9629958.0,10979864.0,1138.25,99.95,26.95,2013,755.51,9.27,0.28,-0.2
2013-05-04,shigu,石鼓,Shigu,3.4,12.01,18.26,5.9,4.470435813478707,0.99,17109074.0,19510568.0,1369.4688,99.95,26.95,2013,756.1,7.41,0.32,0.85
2013-05-05,shigu,石鼓,Shigu,0.31,12.97,19.12,6.28,5.527035405264637,1.5,20059372.0,22876864.0,1610.2812,99.95,26.95,2013,755.59,5.47,0.13,1.47
2013-05-06,shigu,石鼓,Shigu,0.25,14.13,19.02,7.5,5.316537442632908,1.32,17830726.0,20336972.0,1787.1562,99.95,26.95,2013,754.15,4.99,0.04,1.27
2013-05-07,shigu,石鼓,Shigu,4.1,12.88,19.06,6.77,5.132472792424446,0.87,19233704.0,21938954.0,1866.1562,99.95,26.95,2013,753.84,8.07,0.16,0.61
2013-05-08,shigu,石鼓,Shigu,0.32,14.83,20.27,8.75,5.315571211576751,1.08,17833628.0,20344380.0,1889.625,99.95,26.95,2013,753.51,6.47,0.15,1.0
2013-05-09,shigu,石鼓,Shigu,7.9,13.09,17.43,9.73,4.0385435388025215,0.69,14958128.0,17065046.0,1892.0,99.95,26.95,2013,755.02,9.47,0.09,0.25
2013-05-10,shigu,石鼓,Shigu,14.38,11.83,16.07,9.02,3.3884299199447034,0.6,13168302.0,15023632.0,1889.5312,99.95,26.95,2013,755.86,9.74,0.14,-0.42
2013-05-11,shigu,石鼓,Shigu,6.75,12.34,15.83,8.9,3.2597054053373267,0.61,12534462.0,14302228.0,1905.9375,99.95,26.95,2013,754.85,10.49,0.17,0.06
2013-05-12,shigu,石鼓,Shigu,3.43,14.17,19.94,8.67,4.618475910630512,0.97,16675358.0,19029476.0,1929.0312,99.95,26.95,2013,754.85,9.78,-0.06,0.79
2013-05-13,shigu,石鼓,Shigu,0.07,14.7,21.69,7.77,5.8466046458012935,1.96,20617122.0,23529470.0,1923.6562,99.95,26.95,2013,753.77,7.93,-0.25,1.93
2013-05-14,shigu,石鼓,Shigu,0.01,14.97,21.13,8.59,5.538662008595358,1.92,18878236.0,21546918.0,1887.125,99.95,26.95,2013,752.95,7.84,-0.42,1.85
2013-05-15,shigu,石鼓,Shigu,0.01,16.73,23.87,9.74,6.531326430170242,1.83,20747664.0,23683016.0,1827.1875,99.95,26.95,2013,752.55,7.45,-0.35,1.77
2013-05-16,shigu,石鼓,Shigu,5.0,17.75,23.84,11.11,5.444009272284548,1.16,16723588.0,19092740.0,1778.2188,99.95,26.95,2013,753.94,9.19,0.19,1.09
2013-05-17,shigu,石鼓,Shigu,3.13,15.48,20.49,11.6,3.3635121404339783,0.97,11765656.0,13434320.0,1787.625,99.95,26.95,2013,754.08,12.57,0.52,0.46
2013-05-18,shigu,石鼓,Shigu,0.47,16.15,22.57,9.37,5.7019531202801,1.48,19132226.0,21849624.0,1933.9375,99.95,26.95,2013,754.47,9.55,0.06,1.42
2013-05-19,shigu,石鼓,Shigu,0.11,16.25,22.3,9.15,5.805379333808942,1.67,19072360.0,21785412.0,2193.7188,99.95,26.95,2013,753.64,8.85,-0.28,1.62
2013-05-20,shigu,石鼓,Shigu,1.57,17.5,24.22,9.35,7.553064785145769,0.95,24119910.0,27555108.0,2467.9688,99.95,26.95,2013,753.84,6.4,-0.19,0.62
2013-05-21,shigu,石鼓,Shigu,0.08,19.41,26.44,11.37,8.273739748787433,0.74,25228932.0,28826284.0,2638.7188,99.95,26.95,2013,753.94,5.51,-0.03,0.58
2013-05-22,shigu,石鼓,Shigu,2.0,18.91,26.03,12.41,7.420820552893357,0.75,23379686.0,26718404.0,2636.8125,99.95,26.95,2013,754.86,9.84,0.08,0.43
2013-05-23,shigu,石鼓,Shigu,7.29,15.82,22.1,10.67,4.46708810579587,0.81,15654120.0,17892436.0,2540.25,99.95,26.95,2013,756.0,12.63,-0.07,0.16
2013-05-24,shigu,石鼓,Shigu,4.4,14.96,20.48,11.31,3.616580577859368,0.82,12811100.0,14646560.0,2453.3125,99.95,26.95,2013,754.62,11.95,0.07,0.7
2013-05-25,shigu,石鼓,Shigu,1.51,17.32,22.52,12.06,6.0502783234133855,1.32,19879666.0,22729572.0,2430.5,99.95,26.95,2013,752.55,10.87,-0.07,1.26
2013-05-26,shigu,石鼓,Shigu,0.0,19.84,27.02,12.29,8.309172803367614,0.94,24995510.0,28583752.0,2472.6562,99.95,26.95,2013,753.94,6.97,-0.04,0.85
2013-05-27,shigu,石鼓,Shigu,0.29,19.93,27.46,13.17,7.8380912141907775,1.14,24079790.0,27541580.0,2529.3438,99.95,26.95,2013,754.0,10.93,0.24,1.02
2013-05-28,shigu,石鼓,Shigu,0.03,19.92,25.61,13.9,6.250226476945933,1.34,18259592.0,20888512.0,2586.375,99.95,26.95,2013,754.13,10.87,0.02,1.3
2013-05-29,shigu,石鼓,Shigu,3.63,19.24,26.28,13.64,5.950817943937983,1.03,18637444.0,21323248.0,2721.4375,99.95,26.95,2013,755.5,12.92,0.26,0.92
2013-05-30,shigu,石鼓,Shigu,0.44,19.2,25.07,13.43,6.522273909032264,1.5,20007846.0,22895412.0,2990.4375,99.95,26.95,2013,755.07,11.45,0.18,1.48
2013-05-31,shigu,石鼓,Shigu,0.2,18.88,25.48,12.73,6.2198964230891125,1.64,19040788.0,21792136.0,3346.6875,99.95,26.95,2013,754.37,11.27,-0.04,1.62
2013-06-01,shigu,石鼓,Shigu,3.36,19.29,25.27,14.11,5.945530200940576,0.91,18237004.0,20875240.0,3711.75,99.95,26.95,2013,754.18,11.56,0.15,0.85
2013-06-02,shigu,石鼓,Shigu,2.88,16.16,19.65,13.66,3.627702093848808,0.75,12053092.0,13798704.0,4044.2812,99.95,26.95,2013,755.96,11.79,0.45,-0.44
2013-06-03,shigu,石鼓,Shigu,6.0,18.16,24.62,13.91,5.686718243954865,0.62,18475736.0,21156480.0,4369.3125,99.95,26.95,2013,754.67,12.9,0.35,0.15
2013-06-04,shigu,石鼓,Shigu,14.65,17.98,25.14,13.19,5.715010536458722,0.72,19052714.0,21820384.0,4653.9062,99.95,26.95,2013,754.75,14.3,0.2,0.45
2013-06-05,shigu,石鼓,Shigu,0.58,19.38,25.07,14.08,6.438515712809919,1.2,20136712.0,23064420.0,4864.2188,99.95,26.95,2013,753.76,12.74,0.25,1.13
2013-06-06,shigu,石鼓,Shigu,3.03,19.28,25.02,14.79,6.02966054988334,0.91,18817562.0,21558940.0,4994.9375,99.95,26.95,2013,754.04,12.66,-0.0,0.77
2013-06-07,shigu,石鼓,Shigu,0.42,19.69,24.95,14.71,5.930107129202972,1.21,17949896.0,20568504.0,5059.3125,99.95,26.95,2013,752.79,12.47,0.28,1.15
2013-06-08,shigu,石鼓,Shigu,0.32,19.16,25.05,14.31,5.226499817576308,1.48,15780814.0,18086976.0,5112.5938,99.95,26.95,2013,751.06,12.7,-0.07,1.47
2013-06-09,shigu,石鼓,Shigu,39.16,18.19,25.09,13.77,4.886400737669402,0.8,15968550.0,18301804.0,5175.6875,99.95,26.95,2013,751.77,14.14,0.16,-0.02
2013-06-10,shigu,石鼓,Shigu,4.08,14.19,18.76,9.74,3.4560916712138714,1.03,11947028.0,13697072.0,5344.375,99.95,26.95,2013,757.57,9.71,0.14,-0.74
2013-06-11,shigu,石鼓,Shigu,0.01,17.37,23.39,11.32,8.36571115332011,1.0,26792298.0,30719220.0,5541.2188,99.95,26.95,2013,756.43,5.07,0.58,-0.33
2013-06-12,shigu,石鼓,Shigu,0.06,20.15,26.13,13.3,8.886807164588136,0.95,26396874.0,30271064.0,5504.7188,99.95,26.95,2013,754.43,5.6,0.59,0.48
2013-06-13,shigu,石鼓,Shigu,0.0,20.79,26.38,14.37,8.16242410158517,1.05,23751388.0,27240928.0,5314.0625,99.95,26.95,2013,753.16,8.04,0.49,0.71
2013-06-14,shigu,石鼓,Shigu,0.0,21.53,27.28,15.22,8.237889894453149,0.98,23644236.0,27123696.0,5087.875,99.95,26.95,2013,753.16,8.53,0.38,0.58
2013-06-15,shigu,石鼓,Shigu,0.0,22.62,28.49,16.31,8.923295737947985,0.82,25477256.0,29230228.0,4883.4062,99.95,26.95,2013,753.2,9.12,0.18,0.44
2013-06-16,shigu,石鼓,Shigu,0.15,22.61,27.71,16.45,7.67814967355986,0.87,21677584.0,24881500.0,4757.6875,99.95,26.95,2013,753.19,10.88,0.46,0.11
2013-06-17,shigu,石鼓,Shigu,1.67,21.93,28.1,15.97,7.265251182658597,0.84,21170994.0,24305896.0,4715.375,99.95,26.95,2013,751.51,12.63,0.27,0.51
2013-06-18,shigu,石鼓,Shigu,1.2,21.08,27.85,15.35,6.957789467952338,1.0,20729068.0,23803408.0,4697.0312,99.95,26.95,2013,750.1,13.11,0.25,0.87
2013-06-19,shigu,石鼓,Shigu,0.13,21.45,27.41,15.48,6.878603369180849,1.08,20017104.0,22993584.0,4657.7812,99.95,26.95,2013,750.52,12.76,0.21,0.97
2013-06-20,shigu,石鼓,Shigu,8.4,20.6,26.12,15.46,5.614462785655199,0.85,16663240.0,19146188.0,4592.5938,99.95,26.95,2013,751.45,13.29,0.47,0.26
2013-06-21,shigu,石鼓,Shigu,8.06,17.35,20.63,14.64,3.0114957841130314,0.66,10102174.0,11612372.0,4521.6875,99.95,26.95,2013,754.61,15.42,0.39,-0.45
2013-06-22,shigu,石鼓,Shigu,5.5,18.44,22.91,14.32,5.25192738254081,0.77,17125750.0,19688224.0,4497.6875,99.95,26.95,2013,754.46,14.49,0.38,-0.45
2013-06-23,shigu,石鼓,Shigu,9.21,18.52,23.56,15.15,5.1024995034596135,0.59,16796012.0,19318056.0,4583.2812,99.95,26.95,2013,753.17,15.87,0.36,-0.1
2013-06-24,shigu,石鼓,Shigu,5.73,19.4,25.11,15.95,5.629808597958478,0.78,17907358.0,20600564.0,4798.4375,99.95,26.95,2013,752.74,14.93,0.43,0.44
2013-06-25,shigu,石鼓,Shigu,7.46,19.23,23.53,16.04,4.235256292200334,0.76,13247102.0,15243256.0,5058.9062,99.95,26.95,2013,753.57,14.99,0.18,0.7
2013-06-26,shigu,石鼓,Shigu,1.3,19.8,25.16,16.26,5.413605583575874,1.09,16802534.0,19341340.0,5292.4375,99.95,26.95,2013,752.46,14.69,0.33,1.03
2013-06-27,shigu,石鼓,Shigu,12.72,16.16,18.31,14.37,1.9279092577910244,0.45,6609104.0,7610300.0,5500.2188,99.95,26.95,2013,753.19,15.1,0.18,0.38
2013-06-28,shigu,石鼓,Shigu,1.2,18.94,23.2,14.94,4.846212786403469,1.0,15237608.0,17549976.0,5696.75,99.95,26.95,2013,751.69,14.11,0.31,0.94
2013-06-29,shigu,石鼓,Shigu,0.73,19.62,24.65,15.63,4.920493068405025,1.21,15072528.0,17365708.0,5707.875,99.95,26.95,2013,751.71,14.45,0.31,1.16
2013-06-30,shigu,石鼓,Shigu,3.31,19.52,24.3,15.75,3.78665032191827,1.2,11053034.0,12738076.0,5509.375,99.95,26.95,2013,751.42,14.28,0.39,1.13
2013-07-01,shigu,石鼓,Shigu,14.6,17.29,21.19,14.81,2.846158357370885,0.95,9462968.0,10908888.0,5343.9062,99.95,26.95,2013,751.15,15.02,0.61,0.71
2013-07-02,shigu,石鼓,Shigu,7.65,17.59,22.97,13.84,3.555215412024169,0.71,11839376.0,13651592.0,5299.2188,99.95,26.95,2013,752.34,15.27,0.12,0.59
2013-07-03,shigu,石鼓,Shigu,7.91,19.3,24.36,15.61,5.1159630607206905,0.83,16091830.0,18562056.0,5293.9062,99.95,26.95,2013,752.17,14.65,0.48,0.53
2013-07-04,shigu,石鼓,Shigu,9.11,18.58,22.98,15.38,3.919298493969123,0.93,12650886.0,14597624.0,5284.375,99.95,26.95,2013,751.98,15.48,0.64,0.66
2013-07-05,shigu,石鼓,Shigu,12.25,16.88,20.41,14.93,2.0205615350334885,0.56,6678840.0,7707872.0,5302.4688,99.95,26.95,2013,754.17,15.08,0.35,0.39
2013-07-06,shigu,石鼓,Shigu,12.18,16.66,20.82,14.35,2.9280452343683065,0.75,10191370.0,11765296.0,5487.7188,99.95,26.95,2013,754.71,15.5,0.34,0.54
2013-07-07,shigu,石鼓,Shigu,0.68,18.96,23.94,15.37,5.198746835130215,1.15,16334610.0,18864212.0,5689.375,99.95,26.95,2013,752.78,13.89,0.41,1.04
2013-07-08,shigu,石鼓,Shigu,1.51,18.85,23.67,15.61,4.583034369186201,1.09,14424728.0,16663268.0,5611.1562,99.95,26.95,2013,751.56,14.42,0.59,0.89
2013-07-09,shigu,石鼓,Shigu,0.68,18.37,22.64,15.63,3.7181408519662713,1.16,11517842.0,13309748.0,5405.1094,99.95,26.95,2013,750.52,14.09,0.62,0.96
2013-07-10,shigu,石鼓,Shigu,5.32,18.94,23.54,15.37,4.383206309183929,0.83,13549912.0,15661036.0,5286.7656,99.95,26.95,2013,751.48,13.9,0.59,0.5
2013-07-11,shigu,石鼓,Shigu,10.15,17.61,21.91,14.67,3.590318209795932,0.67,11839204.0,13688520.0,5328.9688,99.95,26.95,2013,754.0,15.02,0.45,0.42
2013-07-12,shigu,石鼓,Shigu,9.2,17.79,21.66,15.45,3.9443607129516014,0.59,12958884.0,14987524.0,5491.6406,99.95,26.95,2013,754.16,15.08,0.35,0.38
2013-07-13,shigu,石鼓,Shigu,10.62,17.52,21.93,13.98,3.812677724493114,0.5,12737504.0,14736124.0,5610.5,99.95,26.95,2013,753.64,15.8,0.3,-0.22
2013-07-14,shigu,石鼓,Shigu,1.17,18.6,23.32,13.47,6.004108015411791,0.87,19563738.0,22639288.0,5648.875,99.95,26.95,2013,754.2,14.49,0.53,-0.36
2013-07-15,shigu,石鼓,Shigu,0.16,19.9,24.4,14.03,5.910842851075237,0.69,18052344.0,20897810.0,5650.6406,99.95,26.95,2013,754.02,13.29,0.41,-0.08
2013-07-16,shigu,石鼓,Shigu,4.53,18.79,23.52,14.99,5.134389765473972,0.66,16370432.0,18942506.0,5598.0625,99.95,26.95,2013,753.57,14.51,0.43,0.22
2013-07-17,shigu,石鼓,Shigu,3.81,19.71,24.06,15.94,5.665792615614254,0.89,17681016.0,20450048.0,5485.1406,99.95,26.95,2013,751.01,14.73,0.36,0.78
2013-07-18,shigu,石鼓,Shigu,39.47,16.48,19.3,14.85,2.011408084060126,0.56,6840178.0,7908992.0,5362.4062,99.95,26.95,2013,751.23,15.31,0.42,0.22
2013-07-19,shigu,石鼓,Shigu,17.54,16.3,19.41,14.72,2.6542536487139654,0.46,9177662.0,10605700.0,5415.828,99.95,26.95,2013,753.03,15.53,0.37,0.09
2013-07-20,shigu,石鼓,Shigu,17.84,16.45,20.36,14.1,3.0556275823030203,0.4,10440554.0,12060560.0,5735.547,99.95,26.95,2013,753.58,15.31,0.22,0.18
2013-07-21,shigu,石鼓,Shigu,12.97,16.58,21.62,14.1,3.6184795125841496,0.56,12449296.0,14374676.0,6005.1562,99.95,26.95,2013,753.03,15.11,0.44,-0.02
2013-07-22,shigu,石鼓,Shigu,29.37,16.65,20.73,14.56,3.424535105170902,0.5,11773616.0,13589544.0,6078.328,99.95,26.95,2013,754.17,15.52,0.37,0.08
2013-07-23,shigu,石鼓,Shigu,10.82,16.24,19.48,14.23,3.161552840746712,0.6,10985622.0,12675032.0,6133.453,99.95,26.95,2013,755.02,14.9,0.56,-0.06
2013-07-24,shigu,石鼓,Shigu,10.41,17.09,21.76,14.68,4.0931388503168735,0.69,14061488.0,16216568.0,6074.1094,99.95,26.95,2013,753.24,15.44,0.5,0.28
2013-07-25,shigu,石鼓,Shigu,35.33,16.59,21.19,14.45,3.386605490828813,0.48,11595468.0,13367320.0,5852.828,99.95,26.95,2013,752.29,15.17,0.39,0.01
2013-07-26,shigu,石鼓,Shigu,11.37,16.69,22.46,13.48,4.375419874813437,0.64,15091194.0,17390444.0,5597.0156,99.95,26.95,2013,753.49,14.76,0.29,0.04
2013-07-27,shigu,石鼓,Shigu,5.93,18.37,23.47,14.43,5.455417484595404,0.67,17841538.0,20550486.0,5427.8438,99.95,26.95,2013,753.79,14.65,0.05,-0.12
2013-07-28,shigu,石鼓,Shigu,5.34,18.09,23.74,14.83,5.299383522754604,0.68,17715628.0,20397140.0,5401.25,99.95,26.95,2013,754.39,15.53,0.15,-0.44
2013-07-29,shigu,石鼓,Shigu,6.85,17.89,22.77,14.13,5.175967350024084,0.84,17533182.0,20178576.0,5437.172,99.95,26.95,2013,754.84,15.39,0.3,-0.63
2013-07-30,shigu,石鼓,Shigu,3.4,17.34,22.06,14.09,5.3221519453042925,0.84,18161974.0,20893310.0,5500.172,99.95,26.95,2013,754.58,14.43,0.58,-0.48
2013-07-31,shigu,石鼓,Shigu,10.74,16.99,22.74,13.75,5.0469912649420285,0.66,17300726.0,19894592.0,5538.422,99.95,26.95,2013,753.63,14.57,0.37,-0.16
2013-08-01,shigu,石鼓,Shigu,13.34,16.22,20.93,13.2,3.620133364301336,0.45,12580598.0,14461578.0,5494.6094,99.95,26.95,2013,754.51,15.08,0.06,-0.05
2013-08-02,shigu,石鼓,Shigu,1.88,17.63,22.88,12.49,5.282653593542204,0.7,17682744.0,20317090.0,5391.1562,99.95,26.95,2013,756.19,14.26,0.03,-0.24
2013-08-03,shigu,石鼓,Shigu,0.72,19.16,23.87,13.75,6.257289519853054,0.76,19806278.0,22747110.0,5182.8438,99.95,26.95,2013,755.47,13.18,-0.0,-0.35
2013-08-04,shigu,石鼓,Shigu,8.57,17.62,22.49,14.22,4.885328784032349,0.97,16299836.0,18710916.0,4937.078,99.95,26.95,2013,755.59,13.86,0.44,-0.79
2013-08-05,shigu,石鼓,Shigu,8.23,15.28,18.8,12.39,2.3729309363557367,0.87,8668704.0,9948536.0,4739.203,99.95,26.95,2013,756.16,14.35,0.23,0.61
2013-08-06,shigu,石鼓,Shigu,0.23,17.63,22.39,12.89,4.43112207900626,1.07,14206622.0,16296410.0,4569.4062,99.95,26.95,2013,754.7,12.61,0.08,1.01
2013-08-07,shigu,石鼓,Shigu,10.96,17.14,22.2,14.1,4.451919824973599,0.68,14912252.0,17098214.0,4374.2656,99.95,26.95,2013,755.03,13.64,0.32,0.2
2013-08-08,shigu,石鼓,Shigu,6.01,15.96,19.42,13.0,3.0356746637618786,0.59,10600584.0,12148938.0,4195.828,99.95,26.95,2013,756.58,14.34,0.22,-0.44
2013-08-09,shigu,石鼓,Shigu,2.17,16.94,21.38,12.69,5.000297657353352,0.76,17168442.0,19668772.0,4167.453,99.95,26.95,2013,756.25,14.01,0.41,-0.45
2013-08-10,shigu,石鼓,Shigu,10.03,16.36,21.93,12.8,5.118446039047399,0.63,17847870.0,20439424.0,4212.5625,99.95,26.95,2013,756.34,13.91,0.53,-0.22
2013-08-11,shigu,石鼓,Shigu,19.79,15.96,20.14,13.38,3.5485776970382847,0.45,12425460.0,14224224.0,4213.0,99.95,26.95,2013,756.33,14.68,0.36,-0.05
2013-08-12,shigu,石鼓,Shigu,11.58,15.16,18.4,12.97,2.646418148153096,0.51,9500010.0,10869874.0,4180.7188,99.95,26.95,2013,756.45,14.26,0.11,-0.25
2013-08-13,shigu,石鼓,Shigu,1.51,17.5,22.77,13.56,5.6355234554741935,0.71,18757248.0,21454302.0,4132.7344,99.95,26.95,2013,755.29,12.86,0.28,-0.42
2013-08-14,shigu,石鼓,Shigu,2.59,17.9,22.89,13.0,6.044581976528115,0.75,20153276.0,23041428.0,4032.4375,99.95,26.95,2013,754.95,13.64,0.24,-0.24
2013-08-15,shigu,石鼓,Shigu,4.23,18.75,24.58,13.99,6.41471194849154,0.66,20888474.0,23872508.0,3873.3906,99.95,26.95,2013,754.56,13.96,0.15,0.13
2013-08-16,shigu,石鼓,Shigu,11.07,17.14,23.0,12.95,4.904878896156879,0.57,16755874.0,19140742.0,3688.2031,99.95,26.95,2013,754.37,14.68,-0.01,0.16
2013-08-17,shigu,石鼓,Shigu,7.42,16.69,23.17,11.15,4.950654222244838,0.62,17084146.0,19505752.0,3526.9219,99.95,26.95,2013,755.03,13.96,-0.14,-0.0
2013-08-18,shigu,石鼓,Shigu,0.53,18.49,23.45,12.31,6.0305757823264825,0.73,19390470.0,22127078.0,3384.7812,99.95,26.95,2013,755.51,12.28,0.12,-0.37
2013-08-19,shigu,石鼓,Shigu,2.82,18.5,22.86,14.23,5.630454453664397,0.85,18153834.0,20705978.0,3222.5312,99.95,26.95,2013,755.04,12.99,0.09,-0.46
2013-08-20,shigu,石鼓,Shigu,3.97,17.98,23.44,13.62,6.114778560576808,0.76,20463984.0,23329948.0,3054.0469,99.95,26.95,2013,755.05,13.85,0.09,-0.45
2013-08-21,shigu,石鼓,Shigu,3.73,17.5,22.9,12.13,5.520374388611881,0.76,18576168.0,21167506.0,2906.4688,99.95,26.95,2013,754.99,13.4,0.07,-0.31
2013-08-22,shigu,石鼓,Shigu,1.89,18.12,23.44,13.38,5.792120742344857,0.7,19230866.0,21902728.0,2781.4844,99.95,26.95,2013,754.54,13.94,-0.09,-0.28
2013-08-23,shigu,石鼓,Shigu,2.66,18.24,23.67,13.15,5.450809930641495,0.68,18151084.0,20662516.0,2674.5625,99.95,26.95,2013,755.08,14.75,-0.04,-0.13
2013-08-24,shigu,石鼓,Shigu,0.45,20.66,26.22,13.19,6.7270058525248855,0.61,20656290.0,23503036.0,2600.3281,99.95,26.95,2013,753.53,13.13,-0.14,0.01
2013-08-25,shigu,石鼓,Shigu,3.63,19.09,24.77,14.64,5.779784804655527,0.89,18449896.0,20981524.0,2552.0938,99.95,26.95,2013,754.14,13.47,0.2,-0.69
2013-08-26,shigu,石鼓,Shigu,4.94,16.66,20.59,14.44,4.037892206377912,0.8,14104034.0,16029806.0,2575.3125,99.95,26.95,2013,755.71,14.36,0.57,-0.43
2013-08-27,shigu,石鼓,Shigu,1.31,18.57,23.02,13.78,5.388982665788755,0.91,17456246.0,19832324.0,2665.9688,99.95,26.95,2013,755.1,13.48,0.3,0.79
2013-08-28,shigu,石鼓,Shigu,1.85,18.73,24.51,14.35,5.345580380553619,0.88,17322100.0,19670986.0,2679.1094,99.95,26.95,2013,754.95,13.9,0.14,0.77
2013-08-29,shigu,石鼓,Shigu,14.06,16.33,20.75,14.4,2.9631294262724883,0.42,10245808.0,11629230.0,2620.7969,99.95,26.95,2013,755.67,14.65,0.09,0.07
2013-08-30,shigu,石鼓,Shigu,8.32,16.02,19.98,13.88,2.655567997100037,0.68,9463994.0,10736072.0,2589.4219,99.95,26.95,2013,756.4,14.83,0.42,-0.5
2013-08-31,shigu,石鼓,Shigu,4.03,15.4,18.43,13.71,2.2225055534334754,0.75,7801092.0,8845178.0,2640.2031,99.95,26.95,2013,757.13,13.51,0.61,-0.41
2013-09-01,shigu,石鼓,Shigu,5.75,16.43,19.7,14.03,2.931305526171597,0.74,10328082.0,11705378.0,2726.7031,99.95,26.95,2013,756.62,14.9,0.69,0.05
2013-09-02,shigu,石鼓,Shigu,15.69,16.6,19.67,14.47,2.842462016305141,0.61,9972794.0,11296702.0,2833.0,99.95,26.95,2013,755.92,15.36,0.54,0.18
2013-09-03,shigu,石鼓,Shigu,11.46,15.33,18.18,13.52,2.1768005550366687,0.69,7999730.0,9056990.0,3022.3594,99.95,26.95,2013,755.05,14.66,0.65,0.04
2013-09-04,shigu,石鼓,Shigu,13.67,15.05,17.78,13.56,1.973927048427184,0.71,7325044.0,8289494.0,3318.8906,99.95,26.95,2013,754.18,14.46,0.68,-0.06
2013-09-05,shigu,石鼓,Shigu,20.81,13.2,15.97,10.81,1.2098115820218966,1.0,4821440.0,5453010.0,3790.2188,99.95,26.95,2013,756.47,12.8,0.48,-0.87
2013-09-06,shigu,石鼓,Shigu,6.53,11.69,12.87,10.57,0.8234362097187579,0.98,3017430.0,3411700.0,4446.5,99.95,26.95,2013,758.97,10.48,0.57,-0.79
2013-09-07,shigu,石鼓,Shigu,8.92,13.18,16.15,11.13,1.4052091586288835,0.73,5428274.0,6134054.0,5045.9062,99.95,26.95,2013,758.6,12.57,0.66,-0.16
2013-09-08,shigu,石鼓,Shigu,8.22,14.44,17.81,12.67,2.175349857600879,0.71,8160748.0,9217464.0,5290.7188,99.95,26.95,2013,759.03,13.62,0.65,0.04
2013-09-09,shigu,石鼓,Shigu,12.61,14.43,18.09,11.73,2.8240551194446377,0.63,10568210.0,11930634.0,5282.8594,99.95,26.95,2013,758.59,13.48,0.5,0.13
2013-09-10,shigu,石鼓,Shigu,10.41,14.57,18.62,12.4,2.8753863534214057,0.53,10506046.0,11855254.0,5238.0312,99.95,26.95,2013,757.86,13.02,0.31,0.23
2013-09-11,shigu,石鼓,Shigu,13.75,14.94,19.62,12.59,3.3943843114268746,0.49,12279510.0,13849550.0,5234.0,99.95,26.95,2013,758.89,13.16,0.3,0.06
2013-09-12,shigu,石鼓,Shigu,8.16,14.74,19.33,10.83,4.028173997521652,0.63,14974788.0,16880576.0,5147.422000000001,99.95,26.95,2013,760.57,13.35,0.14,-0.16
2013-09-13,shigu,石鼓,Shigu,0.53,16.09,21.69,9.32,5.272355968669235,0.65,18187538.0,20492884.0,4967.422000000001,99.95,26.95,2013,759.55,10.86,-0.06,-0.1
2013-09-14,shigu,石鼓,Shigu,0.02,17.55,23.17,10.01,6.694155278056525,0.75,22146492.0,24942188.0,4653.703,99.95,26.95,2013,757.34,9.85,0.31,-0.19
2013-09-15,shigu,石鼓,Shigu,3.51,15.57,20.29,12.33,4.568334789136522,0.63,16312082.0,18363210.0,4260.5,99.95,26.95,2013,756.32,12.59,0.39,0.02
2013-09-16,shigu,石鼓,Shigu,2.78,16.23,20.38,12.49,4.298973404296892,0.71,14911352.0,16780364.0,3896.0781,99.95,26.95,2013,756.05,12.5,0.4,0.28
2013-09-17,shigu,石鼓,Shigu,4.77,16.52,21.87,12.01,4.622987375826488,0.61,16071532.0,18080268.0,3643.0,99.95,26.95,2013,756.27,13.24,0.25,0.1
2013-09-18,shigu,石鼓,Shigu,7.43,17.02,23.35,12.62,4.923622300152152,0.54,16970116.0,19085380.0,3473.4688,99.95,26.95,2013,757.06,13.92,0.14,0.04
2013-09-19,shigu,石鼓,Shigu,8.16,16.02,21.54,13.06,3.859289450154449,0.56,13799696.0,15515636.0,3321.9062,99.95,26.95,2013,757.85,14.39,0.3,-0.34
2013-09-20,shigu,石鼓,Shigu,4.39,15.56,18.73,13.25,3.0342537715568803,0.71,11094134.0,12468682.0,3169.3438,99.95,26.95,2013,758.06,14.31,0.6,-0.35
2013-09-21,shigu,石鼓,Shigu,2.69,16.79,20.5,13.33,3.899316036892453,0.62,13390450.0,15047366.0,3042.3594,99.95,26.95,2013,756.71,13.65,0.54,-0.09
2013-09-22,shigu,石鼓,Shigu,9.69,17.11,21.59,13.79,4.114882846755323,0.5,14038880.0,15770682.0,2931.3594,99.95,26.95,2013,754.96,14.0,0.13,-0.07
2013-09-23,shigu,石鼓,Shigu,4.17,16.26,21.62,12.27,4.212019957632101,0.56,14995408.0,16841226.0,2844.0156,99.95,26.95,2013,756.17,14.48,0.06,-0.15
2013-09-24,shigu,石鼓,Shigu,7.34,16.54,21.39,12.56,4.460528375359034,0.72,15495699.0,17397760.0,2797.5,99.95,26.95,2013,757.82,13.04,0.32,-0.46
2013-09-25,shigu,石鼓,Shigu,5.5,14.53,16.88,12.49,2.05491146596432,0.74,7552556.0,8476160.0,2805.8438,99.95,26.95,2013,759.56,13.11,0.56,-0.46
2013-09-26,shigu,石鼓,Shigu,9.04,14.15,17.88,12.26,2.484437427681645,0.72,9460469.0,10614537.0,2870.5312,99.95,26.95,2013,758.35,13.21,0.63,-0.02
2013-09-27,shigu,石鼓,Shigu,3.23,14.65,19.62,11.25,3.810382085579671,0.63,13981268.0,15683319.0,2958.6719,99.95,26.95,2013,758.73,12.24,0.1,-0.04
2013-09-28,shigu,石鼓,Shigu,0.59,15.09,19.76,10.66,4.390614659997685,0.82,15364656.0,17230424.0,3075.0781,99.95,26.95,2013,759.93,9.86,0.13,-0.54
2013-09-29,shigu,石鼓,Shigu,0.0,15.58,20.57,10.58,5.377616412063436,0.79,18254848.0,20465400.0,3169.625,99.95,26.95,2013,758.91,7.53,0.2,-0.33
2013-09-30,shigu,石鼓,Shigu,0.0,16.37,21.79,11.05,5.285292234845658,0.7,17591364.0,19715506.0,3137.6094,99.95,26.95,2013,758.74,8.28,0.37,-0.29
2013-10-01,shigu,石鼓,Shigu,0.03,16.45,21.03,11.83,6.052557432806648,0.75,20364226.0,22816282.0,3027.0938,99.95,26.95,2013,761.45,8.24,0.43,-0.5
2013-10-02,shigu,石鼓,Shigu,6.96,14.17,19.69,10.06,3.8816096085051552,0.63,14344930.0,16067924.0,2894.0312,99.95,26.95,2013,761.44,11.33,0.43,0.08
2013-10-03,shigu,石鼓,Shigu,3.79,14.6,19.37,10.95,3.7781041046700463,0.79,13657238.0,15292675.0,2801.7812,99.95,26.95,2013,759.28,11.02,0.35,0.51
2013-10-04,shigu,石鼓,Shigu,5.76,14.81,18.91,11.54,3.7407354218300783,0.74,13621497.0,15248431.0,2786.5,99.95,26.95,2013,757.31,11.92,0.43,0.49
2013-10-05,shigu,石鼓,Shigu,17.62,14.48,19.38,12.01,3.5473255140398625,0.6,13036711.0,14589795.0,2845.9688,99.95,26.95,2013,757.48,12.06,0.24,0.04
2013-10-06,shigu,石鼓,Shigu,16.75,12.53,14.85,10.57,1.091766118910374,0.69,4270688.0,4777519.0,2983.25,99.95,26.95,2013,761.49,11.89,0.05,-0.62
2013-10-07,shigu,石鼓,Shigu,7.4,10.79,12.48,8.71,1.3866315352220977,0.61,5196058.5,5811848.0,3120.1719,99.95,26.95,2013,763.92,8.13,-0.4,0.03
2013-10-08,shigu,石鼓,Shigu,0.66,11.77,15.48,8.82,2.491482029185545,0.61,8933317.0,9989359.0,3163.125,99.95,26.95,2013,763.32,6.04,-0.21,0.35
2013-10-09,shigu,石鼓,Shigu,0.0,14.74,20.78,8.63,5.553728309606706,0.6,19557420.0,21861360.0,3105.4375,99.95,26.95,2013,761.1,7.02,-0.12,0.0
2013-10-10,shigu,石鼓,Shigu,0.0,15.74,21.85,9.29,5.925076607105655,0.74,20376032.0,22769708.0,2945.0938,99.95,26.95,2013,762.51,7.82,0.04,-0.28
2013-10-11,shigu,石鼓,Shigu,0.0,15.51,21.66,9.12,5.9760691619009165,0.68,20407148.0,22797878.0,2748.75,99.95,26.95,2013,761.23,5.94,0.05,-0.13
2013-10-12,shigu,石鼓,Shigu,0.0,15.77,21.54,8.91,5.529348920416651,0.73,18767366.0,20960098.0,2555.4531,99.95,26.95,2013,758.31,7.35,-0.05,0.59
2013-10-13,shigu,石鼓,Shigu,0.0,15.17,20.88,9.95,4.745485498953832,0.72,16328602.0,18230198.0,2379.8125,99.95,26.95,2013,758.03,8.01,-0.17,0.48
2013-10-14,shigu,石鼓,Shigu,2.29,14.95,18.89,9.32,3.508441525143112,0.65,12287804.0,13715356.0,2226.1953,99.95,26.95,2013,759.8,10.46,0.4,-0.36
2013-10-15,shigu,石鼓,Shigu,9.95,12.71,16.46,10.87,2.1547664118984966,0.66,8611952.0,9609548.0,2103.5234,99.95,26.95,2013,759.47,12.18,0.58,-0.08
2013-10-16,shigu,石鼓,Shigu,7.27,13.85,18.67,10.94,3.691002271554928,0.59,14020360.0,15641672.0,2031.7812,99.95,26.95,2013,759.01,12.14,0.4,0.19
2013-10-17,shigu,石鼓,Shigu,7.38,13.34,17.74,10.05,3.26664890650666,0.66,12562456.0,14012416.0,2007.7812,99.95,26.95,2013,760.05,11.54,0.46,0.28
2013-10-18,shigu,石鼓,Shigu,0.52,14.46,19.13,10.08,3.7527745293844776,0.78,13061286.0,14566764.0,2020.9531,99.95,26.95,2013,760.14,8.7,0.15,0.64
2013-10-19,shigu,石鼓,Shigu,1.51,14.54,19.51,9.85,4.173171560348761,0.8,14764452.0,16462124.0,2071.5312,99.95,26.95,2013,759.92,9.07,0.43,0.39
2013-10-20,shigu,石鼓,Shigu,0.58,14.58,19.46,10.85,3.9535768443062063,0.89,13566694.0,15123984.0,2133.3672,99.95,26.95,2013,757.86,8.12,0.43,0.58
2013-10-21,shigu,石鼓,Shigu,0.84,13.94,18.21,9.32,4.042662929457181,0.92,14274716.0,15910652.0,2156.3516,99.95,26.95,2013,757.83,7.82,0.32,0.78
2013-10-22,shigu,石鼓,Shigu,1.89,12.94,16.6,8.8,2.927983698797557,0.67,10624106.0,11838690.0,2129.5703,99.95,26.95,2013,759.91,8.35,0.25,0.4
2013-10-23,shigu,石鼓,Shigu,8.43,10.59,14.78,7.55,2.8838445135572908,0.65,11769924.0,13111844.0,2084.2812,99.95,26.95,2013,760.77,8.19,0.2,-0.35
2013-10-24,shigu,石鼓,Shigu,0.75,11.19,15.39,7.67,3.4219858128724563,0.51,13185422.0,14688068.0,2055.8984,99.95,26.95,2013,760.81,5.99,0.15,-0.33
2013-10-25,shigu,石鼓,Shigu,1.63,11.1,14.96,7.48,3.183840242435404,0.73,12464872.0,13882160.0,2030.3438,99.95,26.95,2013,759.59,7.04,0.51,0.24
2013-10-26,shigu,石鼓,Shigu,0.15,11.67,15.76,7.14,3.0655121487823767,0.93,11335332.0,12623232.0,1965.4609,99.95,26.95,2013,758.06,6.35,0.29,0.8
2013-10-27,shigu,石鼓,Shigu,2.15,11.74,16.27,8.04,3.3096568994999034,0.74,12554230.0,13977612.0,1865.9375,99.95,26.95,2013,756.83,6.91,0.4,0.5
2013-10-28,shigu,石鼓,Shigu,2.68,11.33,15.75,7.73,3.343627422240879,0.74,13106734.0,14589192.0,1762.0469,99.95,26.95,2013,756.65,7.41,0.46,0.43
2013-10-29,shigu,石鼓,Shigu,1.85,9.04,14.42,4.3,2.9392086507935047,1.04,12632726.0,14059380.0,1674.7891,99.95,26.95,2013,758.26,5.89,0.05,0.89
2013-10-30,shigu,石鼓,Shigu,0.04,10.74,15.82,4.6,3.3256468295405424,1.02,12293066.0,13679104.0,1607.3359,99.95,26.95,2013,758.54,3.73,-0.13,0.96
2013-10-31,shigu,石鼓,Shigu,0.43,10.3,15.94,2.5,3.669420622082777,1.34,14022442.0,15600432.0,1539.75,99.95,26.95,2013,759.17,3.55,-0.14,1.28
2013-11-01,shigu,石鼓,Shigu,0.0,10.41,16.21,2.49,4.152421142728597,1.16,15586648.0,17337472.0,1465.3594,99.95,26.95,2013,759.01,1.6,-0.12,1.08
2013-11-02,shigu,石鼓,Shigu,0.0,10.75,16.22,5.08,4.3226267592868535,1.05,15951078.0,17739560.0,1393.8359,99.95,26.95,2013,759.08,0.87,-0.03,0.98
2013-11-03,shigu,石鼓,Shigu,0.0,10.82,16.6,4.83,3.9926133277082014,0.85,14644994.0,16284264.0,1326.4531,99.95,26.95,2013,760.38,0.91,-0.06,0.75
2013-11-04,shigu,石鼓,Shigu,0.0,11.14,17.12,4.81,4.385527883012962,0.98,16110596.0,17909980.0,1263.9688,99.95,26.95,2013,760.88,1.37,0.02,0.86
2013-11-05,shigu,石鼓,Shigu,0.0,10.68,16.62,4.68,4.499117625253149,0.9,16935088.0,18823112.0,1207.7266,99.95,26.95,2013,761.64,0.81,-0.39,0.72
2013-11-06,shigu,石鼓,Shigu,0.0,11.5,17.51,4.66,4.519163734136287,0.66,16988418.0,18879036.0,1158.5781,99.95,26.95,2013,761.4,2.79,0.08,0.28
2013-11-07,shigu,石鼓,Shigu,0.0,11.51,18.12,4.65,4.703692222563065,1.08,16928912.0,18809388.0,1117.4531,99.95,26.95,2013,759.27,0.63,-0.11,0.99
2013-11-08,shigu,石鼓,Shigu,0.0,11.5,18.52,4.41,4.788870963247921,1.25,16891080.0,18763896.0,1084.5156,99.95,26.95,2013,758.71,-0.22,-0.36,1.15
2013-11-09,shigu,石鼓,Shigu,0.0,12.0,19.1,4.47,4.7505406643979535,1.0,16747692.0,18601156.0,1059.0469,99.95,26.95,2013,759.9,0.31,-0.31,0.84
2013-11-10,shigu,石鼓,Shigu,0.0,12.4,19.02,5.18,4.617899738171484,0.71,16672522.0,18514188.0,1039.9141,99.95,26.95,2013,759.52,2.43,0.06,0.03
2013-11-11,shigu,石鼓,Shigu,0.0,12.32,19.01,5.15,4.610041823217421,0.75,16427158.0,18238368.0,1024.8984,99.95,26.95,2013,757.38,1.19,-0.03,0.43
2013-11-12,shigu,石鼓,Shigu,0.0,11.6,18.29,4.43,4.796716863663496,1.05,16592266.0,18418244.0,1011.75,99.95,26.95,2013,757.77,-2.53,-0.18,0.93
2013-11-13,shigu,石鼓,Shigu,0.0,10.65,17.06,3.93,4.601003017548544,1.14,16456896.0,18264624.0,999.6094,99.95,26.95,2013,757.48,-2.17,-0.32,1.04
2013-11-14,shigu,石鼓,Shigu,0.0,10.29,16.65,3.63,4.459848007254794,0.93,16341250.0,18132908.0,988.34375,99.95,26.95,2013,759.08,-2.59,-0.13,0.82
2013-11-15,shigu,石鼓,Shigu,0.0,10.04,16.76,3.52,4.446100066775366,1.06,16252644.0,18031244.0,977.7578,99.95,26.95,2013,759.94,-2.79,-0.33,0.92
2013-11-16,shigu,石鼓,Shigu,0.0,10.4,16.96,3.4,4.4626533456193735,0.91,16248692.0,18026816.0,967.625,99.95,26.95,2013,760.8,-2.86,-0.3,0.76
2013-11-17,shigu,石鼓,Shigu,0.0,10.47,17.07,4.15,4.415611009118162,1.02,16003562.0,17754772.0,957.8906,99.95,26.95,2013,759.76,-1.91,-0.35,0.89
2013-11-18,shigu,石鼓,Shigu,0.0,10.66,16.84,3.93,4.258653293280987,0.68,15831010.0,17563236.0,948.71094,99.95,26.95,2013,759.34,-0.96,-0.13,0.56
2013-11-19,shigu,石鼓,Shigu,0.0,9.79,15.86,3.93,3.934213485478304,1.13,14295562.0,15859432.0,940.22656,99.95,26.95,2013,757.73,-1.43,-0.19,1.04
2013-11-20,shigu,石鼓,Shigu,0.0,9.72,15.53,3.73,3.9037055712098367,0.79,14889466.0,16518556.0,932.46875,99.95,26.95,2013,756.42,-0.36,0.19,0.57
2013-11-21,shigu,石鼓,Shigu,0.0,8.84,14.55,3.13,3.630128578695461,1.37,13698212.0,15197108.0,925.65625,99.95,26.95,2013,756.63,-0.44,-0.31,1.31
2013-11-22,shigu,石鼓,Shigu,0.0,9.07,15.21,2.89,3.956284424008184,1.18,15169156.0,16828720.0,919.5781,99.95,26.95,2013,757.0,-0.77,-0.18,1.14
2013-11-23,shigu,石鼓,Shigu,0.0,8.71,14.48,3.1,3.894028682787544,1.3,14790550.0,16408812.0,913.02344,99.95,26.95,2013,756.28,-1.7,-0.34,1.22
2013-11-24,shigu,石鼓,Shigu,0.0,9.12,15.5,3.2,3.742708337675476,0.76,14774120.0,16390312.0,905.6797,99.95,26.95,2013,757.6,0.37,0.18,0.26
2013-11-25,shigu,石鼓,Shigu,0.0,9.86,16.57,3.4,3.9448364123814232,0.99,14948750.0,16584032.0,898.1094,99.95,26.95,2013,755.43,0.45,-0.06,0.87
2013-11-26,shigu,石鼓,Shigu,0.0,10.08,16.54,3.39,4.031032120047701,1.16,15014192.0,16656524.0,890.7656,99.95,26.95,2013,755.31,0.5,-0.07,1.06
2013-11-27,shigu,石鼓,Shigu,0.0,9.8,15.95,3.95,3.1933887997968724,0.64,12223564.0,13559504.0,883.6406,99.95,26.95,2013,758.47,1.75,0.01,0.52
2013-11-28,shigu,石鼓,Shigu,0.06,9.7,15.17,4.7,2.784649479976084,0.56,10837358.0,12021428.0,876.71875,99.95,26.95,2013,759.86,3.33,0.3,0.12
2013-11-29,shigu,石鼓,Shigu,0.07,9.96,14.77,5.26,2.200521804241229,0.79,7952280.0,8820892.0,870.0469,99.95,26.95,2013,757.44,3.66,-0.12,0.71
2013-11-30,shigu,石鼓,Shigu,3.61,9.1,13.1,5.57,2.255175261376037,0.66,8882950.0,9853884.0,863.9531,99.95,26.95,2013,758.79,4.09,-0.12,0.07
2013-12-01,shigu,石鼓,Shigu,5.8,6.1,10.42,1.65,1.8769920027263856,0.68,8782672.0,9783336.0,859.7656,99.95,26.95,2013,761.36,4.17,0.02,-0.27
2013-12-02,shigu,石鼓,Shigu,0.38,7.77,13.32,1.64,2.797809168814241,0.9,11109164.0,12531324.0,858.96094,99.95,26.95,2013,759.22,0.87,-0.42,0.73
2013-12-03,shigu,石鼓,Shigu,0.0,9.1,15.35,2.56,3.6733001243458014,0.58,14449932.0,16198708.0,856.28906,99.95,26.95,2013,759.39,0.26,-0.15,0.26
2013-12-04,shigu,石鼓,Shigu,0.0,9.46,15.93,3.16,3.8110555839209215,1.01,14235170.0,15889412.0,849.2422,99.95,26.95,2013,757.07,-0.74,-0.09,0.89
2013-12-05,shigu,石鼓,Shigu,0.05,9.17,14.89,2.85,3.6191415433265774,0.58,14391216.0,16019660.0,840.4453,99.95,26.95,2013,756.68,1.04,0.04,0.11
2013-12-06,shigu,石鼓,Shigu,0.05,8.58,14.24,3.13,2.9520588179846783,0.91,11238430.0,12489432.0,831.6094,99.95,26.95,2013,756.33,0.14,-0.31,0.79
2013-12-07,shigu,石鼓,Shigu,0.0,8.58,14.78,2.46,3.581764705105449,0.89,14149526.0,15712184.0,823.5078,99.95,26.95,2013,756.35,-0.34,-0.01,0.79
2013-12-08,shigu,石鼓,Shigu,0.0,7.78,14.28,2.18,3.5507566948795857,1.2,14344502.0,15920960.0,816.1797,99.95,26.95,2013,756.26,-0.73,-0.62,1.0
2013-12-09,shigu,石鼓,Shigu,0.0,8.52,14.52,2.49,3.40418725100338,0.88,13031896.0,14460220.0,809.3828,99.95,26.95,2013,755.24,-1.81,0.2,0.55
2013-12-10,shigu,石鼓,Shigu,0.0,8.01,13.84,2.69,3.6247561576454217,1.16,14077252.0,15618336.0,802.7422,99.95,26.95,2013,754.23,-2.24,-0.17,1.12
2013-12-11,shigu,石鼓,Shigu,0.02,7.06,12.95,2.09,3.3508329827969403,1.5,13154876.0,14593920.0,796.25,99.95,26.95,2013,754.02,-2.41,-0.14,1.45
2013-12-12,shigu,石鼓,Shigu,0.17,5.68,10.98,1.15,2.8472501058284845,1.31,12443040.0,13807604.0,790.8125,99.95,26.95,2013,754.49,-1.08,-0.15,1.23
2013-12-13,shigu,石鼓,Shigu,0.18,6.69,11.52,1.03,3.3701793503202926,1.04,13157572.0,14598628.0,787.125,99.95,26.95,2013,755.32,-5.86,0.38,0.87
2013-12-14,shigu,石鼓,Shigu,2.91,5.15,10.66,1.25,2.850758209787948,0.75,12695310.0,14084768.0,783.5,99.95,26.95,2013,755.14,-2.74,0.25,0.18
2013-12-15,shigu,石鼓,Shigu,13.99,-0.13,3.34,-3.09,0.8783269644722378,1.04,4481984.0,5779828.0,778.78125,99.95,26.95,2013,757.0,-1.64,0.13,-1.0
2013-12-16,shigu,石鼓,Shigu,0.13,-4.7,1.92,-16.54,1.7273036070536008,0.87,5695070.0,13946168.0,773.875,99.95,26.95,2013,758.62,-8.41,-0.52,0.01
2013-12-17,shigu,石鼓,Shigu,0.0,-5.85,2.66,-17.54,2.0736693910881003,0.82,7803374.0,16939296.0,767.03125,99.95,26.95,2013,756.98,-13.12,-0.49,0.4
2013-12-18,shigu,石鼓,Shigu,0.04,-3.95,2.37,-12.97,2.167217055950432,0.78,8304080.0,16485644.0,758.75,99.95,26.95,2013,756.72,-9.47,-0.24,0.04
2013-12-19,shigu,石鼓,Shigu,0.21,-1.64,3.93,-8.87,1.8846326103050115,0.88,7430212.0,13091856.0,751.03125,99.95,26.95,2013,755.55,-5.43,-0.3,0.59
2013-12-20,shigu,石鼓,Shigu,0.34,-0.89,4.37,-6.93,1.8933489576181768,0.85,8241040.0,12842660.0,744.0625,99.95,26.95,2013,756.6,-4.18,-0.25,0.55
2013-12-21,shigu,石鼓,Shigu,0.18,0.55,6.7,-4.18,1.8955789553664053,0.86,8273416.0,11747268.0,737.5781,99.95,26.95,2013,757.76,-3.49,-0.29,0.68
2013-12-22,shigu,石鼓,Shigu,0.01,0.55,7.68,-4.66,2.197806611754009,1.3,10830682.0,14147780.0,731.3594,99.95,26.95,2013,756.46,-3.61,-0.49,1.14
2013-12-23,shigu,石鼓,Shigu,0.01,1.53,8.06,-2.75,2.307441909764275,1.0,11349350.0,13961884.0,725.3281,99.95,26.95,2013,757.15,-2.89,-0.51,0.78
2013-12-24,shigu,石鼓,Shigu,0.0,1.98,8.87,-2.79,2.4666078985515782,0.99,12511986.0,14780040.0,719.5469,99.95,26.95,2013,757.74,-2.37,-0.51,0.78
2013-12-25,shigu,石鼓,Shigu,0.02,3.38,10.05,-2.81,2.4899285927416948,1.11,12346588.0,14194868.0,713.75,99.95,26.95,2013,757.09,-0.74,-0.47,0.93
2013-12-26,shigu,石鼓,Shigu,0.02,4.93,10.46,-1.06,2.1787346816434905,0.82,9770516.0,11065528.0,707.7969,99.95,26.95,2013,756.51,0.05,-0.25,0.67
2013-12-27,shigu,石鼓,Shigu,0.0,4.77,11.54,-0.44,2.454424545042216,1.18,10998248.0,12350308.0,702.0,99.95,26.95,2013,756.04,-1.11,-0.43,1.06
2013-12-28,shigu,石鼓,Shigu,0.01,6.03,12.61,-0.51,3.0452339015051457,1.29,12869116.0,14385180.0,696.875,99.95,26.95,2013,754.9,-1.69,-0.37,1.2
2013-12-29,shigu,石鼓,Shigu,0.09,5.88,11.33,1.29,2.4021943140878528,1.29,9938930.0,11084292.0,692.6094,99.95,26.95,2013,755.59,-0.6,-0.25,1.23
2013-12-30,shigu,石鼓,Shigu,0.01,5.25,10.85,0.23,2.882149714065851,1.23,12625296.0,14067836.0,689.5469,99.95,26.95,2013,758.33,-2.15,-0.48,1.09
2013-12-31,shigu,石鼓,Shigu,0.0,5.97,13.09,-0.04,3.2814260494862104,1.11,14129430.0,15731060.0,686.9531,99.95,26.95,2013,758.63,-2.35,-0.5,0.94
2014-01-01,shigu,石鼓,Shigu,0.0,6.6,13.05,-0.06,3.613923253899675,1.31,14545374.0,16188424.0,682.09375,99.95,26.95,2014,755.68,-4.27,-0.37,1.22
2014-01-02,shigu,石鼓,Shigu,0.0,6.12,12.31,0.43,3.3895760537236086,1.41,14167658.0,15767024.0,675.1094,99.95,26.95,2014,755.49,-2.99,-0.49,1.29
2014-01-03,shigu,石鼓,Shigu,0.0,5.69,11.73,0.49,3.1251208867414224,0.97,13706606.0,15254560.0,667.8281,99.95,26.95,2014,756.99,-2.08,-0.4,0.79
2014-01-04,shigu,石鼓,Shigu,0.0,6.74,12.85,0.9,3.3191173268664502,0.99,13961022.0,15539112.0,660.96875,99.95,26.95,2014,755.7,-1.49,0.12,0.73
2014-01-05,shigu,石鼓,Shigu,0.0,6.84,13.1,0.77,3.734761675866232,1.4,14762026.0,16433132.0,654.6094,99.95,26.95,2014,752.03,-4.55,-0.3,1.35
2014-01-06,shigu,石鼓,Shigu,0.05,6.08,11.52,1.68,3.333521188026516,1.54,13145258.0,14635936.0,648.625,99.95,26.95,2014,751.99,-4.66,-0.24,1.48
2014-01-07,shigu,石鼓,Shigu,0.2,4.96,10.17,0.78,2.993288820741741,1.5,12599742.0,14038432.0,642.96875,99.95,26.95,2014,754.64,-4.17,-0.33,1.42
2014-01-08,shigu,石鼓,Shigu,0.01,5.85,12.0,0.61,3.187759533324642,1.27,13149736.0,14652100.0,637.5781,99.95,26.95,2014,756.04,-3.77,-0.17,1.16
2014-01-09,shigu,石鼓,Shigu,0.0,6.31,12.23,0.51,3.37327981270315,1.15,13937100.0,15528744.0,632.25,99.95,26.95,2014,755.8,-3.42,0.03,1.06
2014-01-10,shigu,石鼓,Shigu,0.01,6.2,12.31,1.1,3.388111945787025,1.72,13844284.0,15425852.0,626.90625,99.95,26.95,2014,756.61,-2.96,-0.29,1.65
2014-01-11,shigu,石鼓,Shigu,0.06,5.78,12.25,0.85,3.2680728462338826,1.5,14231380.0,15859296.0,621.59375,99.95,26.95,2014,757.85,-1.91,-0.25,1.43
2014-01-12,shigu,石鼓,Shigu,0.96,4.32,8.43,0.99,2.3087568819320685,1.05,10716172.0,11974660.0,616.7344,99.95,26.95,2014,757.94,-0.95,0.19,0.9
2014-01-13,shigu,石鼓,Shigu,0.0,4.56,9.98,0.29,3.297944976187936,0.63,14719040.0,16483272.0,613.1875,99.95,26.95,2014,759.15,-6.83,-0.34,0.42
2014-01-14,shigu,石鼓,Shigu,0.0,5.58,11.9,0.25,3.661178627672959,1.22,15325420.0,17125852.0,610.0156,99.95,26.95,2014,757.31,-6.11,-0.39,1.12
2014-01-15,shigu,石鼓,Shigu,0.0,5.81,12.6,0.11,3.2989268853235982,1.53,14258084.0,15916664.0,605.2969,99.95,26.95,2014,757.07,-2.09,-0.52,1.41
2014-01-16,shigu,石鼓,Shigu,0.12,5.51,11.96,-0.03,3.0069311848029,1.49,13617082.0,15195436.0,599.4219,99.95,26.95,2014,758.44,-0.63,-0.43,1.38
2014-01-17,shigu,石鼓,Shigu,0.0,6.3,12.53,0.12,3.3002761448775293,0.79,14071086.0,15700836.0,593.625,99.95,26.95,2014,761.29,-2.51,-0.47,0.56
2014-01-18,shigu,石鼓,Shigu,0.0,7.38,14.44,1.01,3.865143651395116,1.0,15644294.0,17456972.0,588.3281,99.95,26.95,2014,761.62,-3.31,-0.23,0.86
2014-01-19,shigu,石鼓,Shigu,0.55,6.93,13.91,0.98,3.6433177023920567,1.36,14827950.0,16548348.0,583.2344,99.95,26.95,2014,758.88,-2.62,-0.18,1.27
2014-01-20,shigu,石鼓,Shigu,4.97,1.91,6.54,-0.85,1.8172019220982745,0.68,9777342.0,11099776.0,578.40625,99.95,26.95,2014,762.05,-0.09,0.05,-0.22
2014-01-21,shigu,石鼓,Shigu,0.0,4.0,10.92,-1.42,3.3280677185751526,0.74,14808026.0,17285548.0,573.8125,99.95,26.95,2014,761.41,-5.64,-0.32,0.57
2014-01-22,shigu,石鼓,Shigu,0.0,6.24,13.54,-1.44,3.829556392971978,1.07,15755116.0,17965724.0,568.5781,99.95,26.95,2014,759.1,-4.75,-0.45,0.93
2014-01-23,shigu,石鼓,Shigu,0.0,7.03,15.0,0.45,3.747956636868109,1.51,15712076.0,17706528.0,563.3906,99.95,26.95,2014,755.99,-0.94,-0.56,1.39
2014-01-24,shigu,石鼓,Shigu,0.0,7.78,15.24,0.71,3.711985687956936,1.49,15289522.0,17138692.0,558.5781,99.95,26.95,2014,755.82,0.28,-0.67,1.33
2014-01-25,shigu,石鼓,Shigu,0.0,9.29,16.66,1.54,4.227427500920778,1.31,15891722.0,17778436.0,554.3281,99.95,26.95,2014,756.17,-1.21,-0.38,1.21
2014-01-26,shigu,石鼓,Shigu,0.0,8.83,15.83,2.6,4.116017918390897,1.29,16080796.0,17979460.0,550.7969,99.95,26.95,2014,757.35,-0.45,-0.53,1.15
2014-01-27,shigu,石鼓,Shigu,0.0,8.5,15.26,2.1,4.1349469617462615,1.52,16072876.0,17969168.0,548.0,99.95,26.95,2014,757.02,-1.27,-0.36,1.44
2014-01-28,shigu,石鼓,Shigu,0.0,7.66,14.13,1.53,3.991897148708868,1.55,15701258.0,17555588.0,545.09375,99.95,26.95,2014,757.3,-2.67,-0.4,1.44
2014-01-29,shigu,石鼓,Shigu,0.0,7.5,14.21,1.18,4.062370895529791,1.01,16564430.0,18523632.0,541.875,99.95,26.95,2014,759.24,-2.95,-0.48,0.82
2014-01-30,shigu,石鼓,Shigu,0.0,9.0,16.27,1.56,4.472420330672156,1.17,16793172.0,18782972.0,538.5,99.95,26.95,2014,758.49,-3.81,-0.37,1.05
2014-01-31,shigu,石鼓,Shigu,0.0,8.71,15.46,1.98,4.54124803859779,1.42,16989258.0,19006108.0,534.0,99.95,26.95,2014,758.15,-4.26,-0.51,1.3
2014-02-01,shigu,石鼓,Shigu,0.0,8.47,15.62,1.9,4.513366465407492,1.4,17142076.0,19181000.0,528.53125,99.95,26.95,2014,757.5,-4.2,-0.56,1.25
2014-02-02,shigu,石鼓,Shigu,0.0,9.08,16.72,2.13,4.503441638379581,1.15,17153986.0,19198252.0,522.78125,99.95,26.95,2014,755.39,-2.72,-0.5,0.99
2014-02-03,shigu,石鼓,Shigu,0.0,10.81,18.46,2.24,4.672743938491197,0.72,17155934.0,19204368.0,517.1875,99.95,26.95,2014,753.27,-1.97,-0.07,0.44
2014-02-04,shigu,石鼓,Shigu,0.0,10.4,17.95,2.58,4.894129488997506,1.52,17321256.0,19393472.0,511.9375,99.95,26.95,2014,750.69,-2.51,-0.18,1.48
2014-02-05,shigu,石鼓,Shigu,0.01,8.87,15.8,1.96,4.421748825443252,1.63,16652032.0,18648252.0,507.46875,99.95,26.95,2014,751.03,-2.21,-0.19,1.58
2014-02-06,shigu,石鼓,Shigu,0.01,7.45,14.29,1.56,3.9012123102774656,1.81,15698712.0,17587016.0,504.65625,99.95,26.95,2014,751.32,-1.64,-0.37,1.73
2014-02-07,shigu,石鼓,Shigu,0.06,7.77,14.43,1.82,3.740320671721821,1.39,14985824.0,16791336.0,503.875,99.95,26.95,2014,750.85,-0.97,-0.09,1.33
2014-02-08,shigu,石鼓,Shigu,0.39,6.75,13.3,2.32,3.332332145407828,1.7,13973524.0,15664564.0,503.78125,99.95,26.95,2014,749.07,-0.53,-0.11,1.68
2014-02-09,shigu,石鼓,Shigu,0.4,6.86,13.3,2.2,3.1940365785028297,1.51,12924636.0,14513424.0,503.28125,99.95,26.95,2014,749.99,-1.01,-0.11,1.48
2014-02-10,shigu,石鼓,Shigu,0.19,6.98,13.52,1.66,3.5042243710366097,1.78,13820420.0,15520604.0,503.03125,99.95,26.95,2014,750.89,-2.11,-0.18,1.75
2014-02-11,shigu,石鼓,Shigu,0.25,6.71,13.19,1.54,3.5143902185243787,1.69,14075734.0,15803900.0,502.21875,99.95,26.95,2014,749.22,-2.52,-0.01,1.68
2014-02-12,shigu,石鼓,Shigu,0.45,6.61,12.46,2.33,3.5670638012631666,1.77,14651442.0,16521328.0,499.4375,99.95,26.95,2014,750.74,-1.94,-0.18,1.74
2014-02-13,shigu,石鼓,Shigu,0.3,6.04,11.95,0.63,3.2034886647949823,1.52,13250610.0,14929764.0,495.53125,99.95,26.95,2014,754.29,-2.3,-0.32,1.45
2014-02-14,shigu,石鼓,Shigu,0.07,7.21,13.87,0.54,4.114804346513994,1.58,17118342.0,19250844.0,491.15625,99.95,26.95,2014,753.24,-1.82,-0.4,1.51
2014-02-15,shigu,石鼓,Shigu,1.53,7.79,12.47,3.26,2.7424513851294794,1.58,10900416.0,12256340.0,486.78125,99.95,26.95,2014,751.82,1.97,0.25,1.54
2014-02-16,shigu,石鼓,Shigu,7.82,7.11,12.34,3.28,2.5935609770976376,1.53,11413552.0,12888100.0,485.90625,99.95,26.95,2014,752.3,3.16,0.77,1.32
2014-02-17,shigu,石鼓,Shigu,10.58,4.65,8.61,1.79,1.7419020666597338,1.22,8473436.0,10014520.0,498.3125,99.95,26.95,2014,752.86,2.93,0.46,1.08
2014-02-18,shigu,石鼓,Shigu,2.83,3.87,7.66,-1.27,2.0011022898689577,0.46,8912076.0,10817900.0,525.78125,99.95,26.95,2014,756.6,0.26,-0.17,0.35
2014-02-19,shigu,石鼓,Shigu,0.01,4.05,10.34,-1.3,3.909595515764143,0.66,17358600.0,20372708.0,546.78125,99.95,26.95,2014,758.32,-7.82,-0.13,0.55
2014-02-20,shigu,石鼓,Shigu,0.0,4.83,11.5,-1.08,4.080476602043653,1.48,18553544.0,21287588.0,549.5,99.95,26.95,2014,756.41,-4.29,-0.41,1.37
2014-02-21,shigu,石鼓,Shigu,0.01,4.59,11.56,-1.68,3.6350739698014336,1.74,17529580.0,19885752.0,539.75,99.95,26.95,2014,757.0,-2.09,-0.55,1.63
2014-02-22,shigu,石鼓,Shigu,0.0,5.42,12.89,-1.66,3.7121891659178026,1.52,17676708.0,19950328.0,525.59375,99.95,26.95,2014,757.86,-0.46,-0.56,1.39
2014-02-23,shigu,石鼓,Shigu,0.04,7.37,15.24,-0.91,3.94595717228902,1.66,17644002.0,19870618.0,511.25,99.95,26.95,2014,757.56,1.63,-0.41,1.57
2014-02-24,shigu,石鼓,Shigu,0.89,6.59,13.45,0.95,3.5966583642691607,1.63,16671586.0,18765376.0,499.40625,99.95,26.95,2014,757.9,1.52,-0.49,1.53
2014-02-25,shigu,石鼓,Shigu,0.0,6.78,14.42,0.67,4.379135577169047,1.37,19238238.0,21651996.0,492.53125,99.95,26.95,2014,758.73,-1.38,-0.51,1.25
2014-02-26,shigu,石鼓,Shigu,0.0,8.66,16.78,0.62,4.9888233955919095,1.48,20007746.0,22520616.0,487.71875,99.95,26.95,2014,756.89,-1.65,-0.38,1.41
2014-02-27,shigu,石鼓,Shigu,0.03,8.85,16.05,1.53,4.7713748475265305,1.82,19222926.0,21642264.0,479.65625,99.95,26.95,2014,756.58,-0.09,-0.31,1.75
2014-02-28,shigu,石鼓,Shigu,0.37,8.78,15.97,2.14,4.24258659128607,1.66,17377836.0,19574984.0,470.375,99.95,26.95,2014,756.57,1.57,-0.25,1.6
2014-03-01,shigu,石鼓,Shigu,0.97,9.06,14.68,3.5,3.7780029277590166,1.44,14939184.0,16846188.0,467.125,99.95,26.95,2014,756.06,2.06,-0.06,1.41
2014-03-02,shigu,石鼓,Shigu,2.62,8.31,13.94,3.95,3.8885675644393367,1.45,16728106.0,18914288.0,476.6875,99.95,26.95,2014,754.85,3.02,-0.06,1.43
2014-03-03,shigu,石鼓,Shigu,0.37,8.22,14.63,1.01,3.84643300623515,1.66,15689866.0,17739892.0,495.84375,99.95,26.95,2014,756.26,1.07,-0.06,1.59
2014-03-04,shigu,石鼓,Shigu,0.01,9.34,16.7,1.33,4.769502198534824,1.7,18448938.0,20819544.0,512.75,99.95,26.95,2014,758.27,-0.34,-0.41,1.61
2014-03-05,shigu,石鼓,Shigu,1.2,7.79,14.75,2.23,3.8823080017718814,1.58,16611561.0,18738358.0,518.0,99.95,26.95,2014,755.88,1.43,-0.01,1.52
2014-03-06,shigu,石鼓,Shigu,0.18,8.23,15.28,1.44,4.4923023691381285,1.63,18186622.0,20523144.0,515.75,99.95,26.95,2014,756.11,-0.9,-0.23,1.56
2014-03-07,shigu,石鼓,Shigu,0.02,8.54,15.74,1.18,4.897204859052889,1.82,19531848.0,22040460.0,512.71875,99.95,26.95,2014,756.79,-1.65,-0.23,1.74
2014-03-08,shigu,石鼓,Shigu,0.49,8.19,15.06,1.6,4.932931866255618,1.65,20011192.0,22584752.0,507.8125,99.95,26.95,2014,757.93,-2.17,-0.33,1.57
2014-03-09,shigu,石鼓,Shigu,0.0,9.16,16.25,2.1,5.362226328450489,1.6,20601258.0,23256184.0,500.25,99.95,26.95,2014,757.74,-3.24,-0.29,1.52
2014-03-10,shigu,石鼓,Shigu,0.0,9.88,17.41,2.77,5.606057210050165,1.61,21161064.0,23894180.0,489.59375,99.95,26.95,2014,757.81,-2.49,-0.32,1.54
2014-03-11,shigu,石鼓,Shigu,0.26,7.73,14.54,0.89,4.4802455878647,1.81,19289050.0,21786996.0,476.71875,99.95,26.95,2014,757.38,0.19,-0.41,1.73
2014-03-12,shigu,石鼓,Shigu,0.0,9.11,17.19,1.05,5.196804861466705,1.8,20538804.0,23205114.0,463.40625,99.95,26.95,2014,756.89,-1.13,-0.49,1.7
2014-03-13,shigu,石鼓,Shigu,0.0,11.24,18.31,2.4,5.776073196411432,1.67,21017362.0,23751792.0,450.625,99.95,26.95,2014,757.4,-0.32,-0.27,1.59
2014-03-14,shigu,石鼓,Shigu,0.31,10.49,17.56,2.88,4.868150860997994,1.52,18066742.0,20422472.0,439.25,99.95,26.95,2014,758.5,0.73,-0.2,1.45
2014-03-15,shigu,石鼓,Shigu,0.1,10.36,17.95,2.56,5.3381159592210325,1.65,20182642.0,22820672.0,430.84375,99.95,26.95,2014,759.45,0.13,-0.55,1.53
2014-03-16,shigu,石鼓,Shigu,0.13,11.48,20.15,3.64,5.907148914976047,1.35,21354716.0,24150980.0,425.28125,99.95,26.95,2014,760.0,-0.9,-0.38,1.27
2014-03-17,shigu,石鼓,Shigu,0.01,11.99,20.06,2.76,6.027116874773324,1.57,21272112.0,24062730.0,420.9375,99.95,26.95,2014,758.72,-0.49,-0.35,1.51
2014-03-18,shigu,石鼓,Shigu,0.01,11.95,19.49,3.95,5.853568787079867,1.82,21045776.0,23812192.0,417.3125,99.95,26.95,2014,757.21,1.32,-0.65,1.69
2014-03-19,shigu,石鼓,Shigu,0.76,11.68,19.09,4.45,5.498410254874686,1.54,20122284.0,22772314.0,414.59375,99.95,26.95,2014,756.36,2.0,-0.28,1.48
2014-03-20,shigu,石鼓,Shigu,0.49,10.31,17.66,3.25,5.049895237291898,1.32,19092270.0,21612014.0,412.34375,99.95,26.95,2014,757.37,0.43,-0.02,1.22
2014-03-21,shigu,石鼓,Shigu,0.52,8.59,15.76,2.18,4.669003072324785,1.26,19182734.0,21718930.0,411.65625,99.95,26.95,2014,755.76,0.51,0.17,1.15
2014-03-22,shigu,石鼓,Shigu,1.0,8.46,16.29,1.39,4.829537309054128,1.25,19900190.0,22536026.0,413.59375,99.95,26.95,2014,755.6,-0.1,0.11,1.18
2014-03-23,shigu,石鼓,Shigu,1.03,8.71,15.59,1.43,4.222681571810249,1.27,16964342.0,19216722.0,416.15625,99.95,26.95,2014,756.76,0.81,0.29,1.18
2014-03-24,shigu,石鼓,Shigu,0.73,9.13,16.17,2.4,4.655011318520243,1.43,18533374.0,21003716.0,417.5,99.95,26.95,2014,755.83,0.65,-0.14,1.4
2014-03-25,shigu,石鼓,Shigu,0.13,11.09,18.74,1.87,5.5483383913207005,1.5,20525466.0,23261978.0,418.09375,99.95,26.95,2014,755.29,0.67,-0.27,1.45
2014-03-26,shigu,石鼓,Shigu,0.88,11.01,17.71,4.47,5.18462334737348,1.46,19456196.0,22052982.0,419.0625,99.95,26.95,2014,754.94,2.05,-0.06,1.4
2014-03-27,shigu,石鼓,Shigu,0.53,11.06,18.78,4.24,4.895863561713501,1.64,18547484.0,21027026.0,422.09375,99.95,26.95,2014,754.48,3.31,-0.32,1.57
2014-03-28,shigu,石鼓,Shigu,0.25,12.26,20.58,4.85,5.353381033196671,1.45,19723744.0,22365758.0,427.9375,99.95,26.95,2014,754.79,4.33,-0.28,1.36
2014-03-29,shigu,石鼓,Shigu,2.33,10.94,17.0,5.85,3.38392406552478,1.17,13023274.0,14771186.0,437.03125,99.95,26.95,2014,754.15,6.3,0.02,1.12
2014-03-30,shigu,石鼓,Shigu,2.31,9.54,14.82,4.34,2.869045198876121,1.28,11530762.0,13081622.0,450.28125,99.95,26.95,2014,754.3,5.49,-0.29,1.23
2014-03-31,shigu,石鼓,Shigu,1.19,11.91,18.82,4.69,5.47798001760442,1.57,19822464.0,22493134.0,469.5625,99.95,26.95,2014,754.04,2.32,0.08,1.54
2014-04-01,shigu,石鼓,Shigu,0.79,10.31,17.13,3.87,5.255585893737117,1.69,20150380.0,23032554.0,493.375,99.95,26.95,2014,753.87,1.38,-0.04,1.66
2014-04-02,shigu,石鼓,Shigu,1.05,10.34,16.95,2.16,5.518092545859316,1.63,20967748.0,23874336.0,516.1875,99.95,26.95,2014,754.81,0.19,-0.15,1.59
2014-04-03,shigu,石鼓,Shigu,1.88,10.37,17.74,3.03,5.318470772194883,1.11,20941584.0,23806502.0,531.59375,99.95,26.95,2014,757.16,2.7,-0.16,1.0
2014-04-04,shigu,石鼓,Shigu,1.39,10.37,17.48,3.95,4.8902835818624,1.24,19267226.0,21890580.0,535.53125,99.95,26.95,2014,756.75,3.38,0.26,1.13
2014-04-05,shigu,石鼓,Shigu,0.45,10.61,17.33,5.14,5.396204693290844,1.23,20921024.0,23767630.0,531.09375,99.95,26.95,2014,756.05,2.24,-0.1,1.19
2014-04-06,shigu,石鼓,Shigu,0.9,11.84,19.11,4.28,5.726071891212093,1.15,21325068.0,24229590.0,524.375,99.95,26.95,2014,756.8,3.0,-0.04,1.07
2014-04-07,shigu,石鼓,Shigu,0.43,13.08,20.28,3.9,5.639835043782586,1.41,20115494.0,22860170.0,515.625,99.95,26.95,2014,755.77,4.51,-0.15,1.36
2014-04-08,shigu,石鼓,Shigu,1.08,13.85,21.33,6.61,5.697788559846384,1.18,20336836.0,23116604.0,505.4375,99.95,26.95,2014,755.39,6.55,0.15,1.08
2014-04-09,shigu,石鼓,Shigu,0.36,13.18,19.94,5.89,4.762859448370843,1.59,16712402.0,19000506.0,498.78125,99.95,26.95,2014,756.27,5.91,-0.11,1.55
2014-04-10,shigu,石鼓,Shigu,0.0,14.49,22.44,6.96,6.672180820708561,1.72,22465234.0,25547172.0,502.375,99.95,26.95,2014,756.41,3.64,-0.23,1.67
2014-04-11,shigu,石鼓,Shigu,0.05,14.22,21.95,4.35,6.698636327553168,1.73,22528270.0,25624190.0,517.5,99.95,26.95,2014,756.29,2.72,-0.26,1.68
2014-04-12,shigu,石鼓,Shigu,0.0,14.8,22.62,5.21,7.364977469024752,1.5,24166770.0,27494022.0,539.09375,99.95,26.95,2014,756.89,0.65,-0.26,1.46
2014-04-13,shigu,石鼓,Shigu,0.0,15.28,23.39,7.3,7.70772980359521,1.56,24523596.0,27906120.0,562.4375,99.95,26.95,2014,758.22,-0.98,-0.1,1.51
2014-04-14,shigu,石鼓,Shigu,0.0,14.75,22.83,6.46,7.446335071978368,1.69,24056634.0,27380728.0,585.65625,99.95,26.95,2014,758.17,-0.34,-0.05,1.65
2014-04-15,shigu,石鼓,Shigu,0.0,14.41,22.1,6.44,7.30003926498717,1.85,24222132.0,27575372.0,611.03125,99.95,26.95,2014,757.28,1.22,-0.35,1.8
2014-04-16,shigu,石鼓,Shigu,0.34,13.99,21.23,6.73,7.0124445545191,1.73,23893368.0,27203498.0,639.90625,99.95,26.95,2014,755.81,2.04,-0.28,1.69
2014-04-17,shigu,石鼓,Shigu,0.19,14.27,21.46,5.32,6.4149975260433605,1.79,21285062.0,24236128.0,667.5625,99.95,26.95,2014,756.49,3.01,-0.19,1.74
2014-04-18,shigu,石鼓,Shigu,0.35,15.32,23.25,6.17,7.11195447254825,1.82,23246874.0,26472142.0,690.09375,99.95,26.95,2014,757.36,3.68,-0.33,1.75
2014-04-19,shigu,石鼓,Shigu,0.01,17.17,25.63,8.56,8.072366688025449,1.5,24966882.0,28433200.0,707.5625,99.95,26.95,2014,756.83,2.64,-0.11,1.46
2014-04-20,shigu,石鼓,Shigu,0.35,17.13,24.88,9.21,7.197049340695036,1.97,21820680.0,24852690.0,722.59375,99.95,26.95,2014,755.66,5.03,-0.19,1.94
2014-04-21,shigu,石鼓,Shigu,0.0,17.3,24.72,9.32,7.736298381460875,1.83,23417728.0,26673806.0,739.875,99.95,26.95,2014,757.25,3.66,-0.28,1.79
2014-04-22,shigu,石鼓,Shigu,0.0,17.28,24.58,9.81,7.801372840976183,1.91,23286662.0,26526810.0,766.78125,99.95,26.95,2014,757.23,2.8,-0.11,1.89
2014-04-23,shigu,石鼓,Shigu,0.0,16.9,24.34,9.17,7.746277531019052,2.02,23361584.0,26614704.0,809.09375,99.95,26.95,2014,755.24,2.75,-0.17,1.98
2014-04-24,shigu,石鼓,Shigu,0.26,15.84,23.12,8.41,7.506573531377147,1.87,23834328.0,27155430.0,872.09375,99.95,26.95,2014,755.28,2.73,-0.14,1.81
2014-04-25,shigu,石鼓,Shigu,0.4,15.7,22.76,8.14,7.4046956303126015,1.67,23630178.0,26925330.0,958.9375,99.95,26.95,2014,756.42,2.35,-0.1,1.63
2014-04-26,shigu,石鼓,Shigu,0.12,16.19,23.98,8.92,7.374240491172763,1.58,23258526.0,26504252.0,1064.0312,99.95,26.95,2014,757.33,3.0,-0.31,1.52
2014-04-27,shigu,石鼓,Shigu,0.41,16.52,23.54,10.07,7.110840844439911,1.41,22394202.0,25521676.0,1165.8125,99.95,26.95,2014,757.4,4.13,0.03,1.36
2014-04-28,shigu,石鼓,Shigu,2.5,14.92,22.56,6.81,6.016280241697563,1.4,20112774.0,22923530.0,1242.4688,99.95,26.95,2014,756.59,5.58,0.05,1.33
2014-04-29,shigu,石鼓,Shigu,2.98,13.84,20.15,8.67,5.099282334513255,0.94,17880924.0,20381928.0,1288.3438,99.95,26.95,2014,756.46,6.53,-0.1,0.73
2014-04-30,shigu,石鼓,Shigu,0.08,16.41,23.1,8.71,7.3748463522484835,0.69,23667172.0,26979192.0,1306.4375,99.95,26.95,2014,756.07,0.18,-0.17,0.56
2014-05-01,shigu,石鼓,Shigu,0.81,17.03,26.25,7.16,7.757322937325783,1.12,24474500.0,27902160.0,1302.125,99.95,26.95,2014,756.27,3.24,0.15,0.92
2014-05-02,shigu,石鼓,Shigu,2.79,14.5,22.18,7.81,5.358509956597351,1.1,18537438.0,21135504.0,1276.4375,99.95,26.95,2014,757.51,7.26,0.17,0.64
2014-05-03,shigu,石鼓,Shigu,0.65,15.34,21.4,8.75,6.153237122583772,1.6,20209756.0,23044374.0,1234.5312,99.95,26.95,2014,755.83,5.84,-0.06,1.58
2014-05-04,shigu,石鼓,Shigu,3.31,14.7,20.51,9.78,4.9469172137326565,0.89,16805824.0,19164406.0,1186.4375,99.95,26.95,2014,756.58,7.21,0.5,0.55
2014-05-05,shigu,石鼓,Shigu,6.51,12.66,17.73,9.06,3.778428208636552,0.56,14036234.0,16006790.0,1143.7812,99.95,26.95,2014,757.9,8.99,0.38,-0.13
2014-05-06,shigu,石鼓,Shigu,2.92,13.42,19.93,7.49,4.266028082657666,1.04,15417084.0,17583878.0,1128.5625,99.95,26.95,2014,756.25,8.4,0.01,0.99
2014-05-07,shigu,石鼓,Shigu,0.36,14.4,19.78,9.01,5.07050294289625,1.34,17293966.0,19726888.0,1151.2188,99.95,26.95,2014,754.79,7.02,0.16,1.3
2014-05-08,shigu,石鼓,Shigu,2.54,13.39,17.73,8.92,3.7421239682308274,1.38,12819542.0,14624326.0,1195.5938,99.95,26.95,2014,752.4,7.46,-0.09,1.34
2014-05-09,shigu,石鼓,Shigu,5.38,12.06,16.93,7.11,3.4833979637393986,1.33,13106474.0,14952326.0,1243.5625,99.95,26.95,2014,751.33,7.89,-0.41,1.23
2014-05-10,shigu,石鼓,Shigu,1.24,13.72,19.56,8.36,4.178084367673267,1.31,15103502.0,17232120.0,1293.3438,99.95,26.95,2014,753.07,9.1,-0.27,1.25
2014-05-11,shigu,石鼓,Shigu,0.22,14.97,22.16,8.41,4.8322908392760375,1.35,16361456.0,18669754.0,1354.6562,99.95,26.95,2014,754.76,8.48,-0.02,1.3
2014-05-12,shigu,石鼓,Shigu,0.06,16.42,23.8,9.25,6.590243294258348,1.75,21208614.0,24202512.0,1432.75,99.95,26.95,2014,754.2,7.04,-0.01,1.73
2014-05-13,shigu,石鼓,Shigu,0.06,16.76,24.19,10.15,6.671472568323015,2.05,21801834.0,24882084.0,1495.4375,99.95,26.95,2014,753.32,8.59,-0.41,1.99
2014-05-14,shigu,石鼓,Shigu,0.01,17.04,23.64,10.33,5.959580016871034,1.84,18512728.0,21129922.0,1506.7812,99.95,26.95,2014,753.07,8.37,-0.23,1.79
2014-05-15,shigu,石鼓,Shigu,0.06,17.29,24.59,9.81,6.667499956861942,1.78,20232662.0,23095056.0,1490.625,99.95,26.95,2014,752.8,6.41,-0.0,1.75
2014-05-16,shigu,石鼓,Shigu,0.0,17.14,24.23,8.21,7.4791355621873565,1.89,23288726.0,26588180.0,1470.7812,99.95,26.95,2014,753.91,5.74,-0.2,1.86
2014-05-17,shigu,石鼓,Shigu,0.0,17.63,25.17,10.44,7.418119562444807,1.77,22433186.0,25615464.0,1458.9062,99.95,26.95,2014,755.0,5.39,-0.37,1.72
2014-05-18,shigu,石鼓,Shigu,0.06,17.39,23.45,8.54,6.007227996657671,1.59,17916282.0,20461032.0,1456.9688,99.95,26.95,2014,755.48,6.91,-0.23,1.56
2014-05-19,shigu,石鼓,Shigu,0.13,19.16,26.57,10.97,7.676983750877437,1.24,23319144.0,26636016.0,1464.625,99.95,26.95,2014,755.66,8.13,0.12,1.15
2014-05-20,shigu,石鼓,Shigu,0.12,18.41,24.81,12.16,6.440238366136462,1.73,19304182.0,22053892.0,1493.4375,99.95,26.95,2014,753.55,9.02,-0.2,1.7
2014-05-21,shigu,石鼓,Shigu,0.32,18.52,25.35,11.92,6.443461888208886,1.83,19197836.0,21935756.0,1560.125,99.95,26.95,2014,752.03,9.21,-0.37,1.79
2014-05-22,shigu,石鼓,Shigu,0.18,18.64,24.64,12.61,5.824905065448309,1.64,16630830.0,19005896.0,1674.4688,99.95,26.95,2014,752.53,8.62,-0.19,1.62
2014-05-23,shigu,石鼓,Shigu,0.0,19.5,26.7,11.34,7.501501766884211,1.84,21261026.0,24302540.0,1846.4688,99.95,26.95,2014,754.52,7.08,-0.26,1.81
2014-05-24,shigu,石鼓,Shigu,0.02,20.09,27.37,12.12,7.761471484702533,1.65,22176718.0,25352688.0,2089.5938,99.95,26.95,2014,756.5,7.88,-0.25,1.62
2014-05-25,shigu,石鼓,Shigu,0.2,20.58,27.86,12.71,7.926866219132941,1.38,23076834.0,26385840.0,2378.8438,99.95,26.95,2014,757.48,9.19,-0.02,1.35
2014-05-26,shigu,石鼓,Shigu,0.24,20.82,27.77,13.5,7.621272559053866,1.4,21981480.0,25137056.0,2631.6875,99.95,26.95,2014,756.99,9.91,0.05,1.37
2014-05-27,shigu,石鼓,Shigu,0.17,20.87,27.51,14.13,6.933673983568157,1.37,19771706.0,22612812.0,2796.4375,99.95,26.95,2014,755.32,10.61,0.1,1.34
2014-05-28,shigu,石鼓,Shigu,0.41,20.26,27.11,13.05,6.6238829049066,1.59,18997208.0,21730796.0,2883.8438,99.95,26.95,2014,754.49,10.73,-0.14,1.58
2014-05-29,shigu,石鼓,Shigu,0.24,19.67,26.66,13.49,6.9268228231959705,1.66,20518374.0,23477404.0,2926.9375,99.95,26.95,2014,753.86,10.48,-0.21,1.64
2014-05-30,shigu,石鼓,Shigu,0.63,19.59,26.85,12.4,7.3124008752575005,1.52,21931382.0,25097356.0,2963.875,99.95,26.95,2014,753.39,9.99,-0.09,1.5
2014-05-31,shigu,石鼓,Shigu,0.02,20.64,28.0,12.66,8.111094031355384,1.51,23225802.0,26583108.0,3033.6562,99.95,26.95,2014,753.74,8.35,-0.09,1.49
2014-06-01,shigu,石鼓,Shigu,0.0,21.64,29.46,13.4,8.611227269546571,1.51,23919710.0,27381028.0,3118.5625,99.95,26.95,2014,754.28,7.93,0.07,1.47
2014-06-02,shigu,石鼓,Shigu,0.2,21.12,29.14,13.63,7.905518339394362,1.62,22363534.0,25604976.0,3154.6875,99.95,26.95,2014,753.35,9.73,-0.11,1.6
2014-06-03,shigu,石鼓,Shigu,0.01,21.23,28.55,13.89,7.306031815194571,1.62,20168444.0,23095676.0,3114.25,99.95,26.95,2014,752.22,9.9,-0.21,1.59
2014-06-04,shigu,石鼓,Shigu,0.32,21.62,28.87,14.35,7.186712493772634,1.37,20028008.0,22938712.0,3019.7188,99.95,26.95,2014,751.93,10.7,-0.11,1.32
2014-06-05,shigu,石鼓,Shigu,0.29,22.6,29.13,15.42,7.719011171487713,1.11,21426508.0,24543228.0,2914.9062,99.95,26.95,2014,751.38,10.6,0.2,1.07
2014-06-06,shigu,石鼓,Shigu,23.38,19.63,25.79,15.16,5.864366410982847,0.64,18286652.0,20947620.0,2842.1562,99.95,26.95,2014,752.43,13.39,0.32,0.03
2014-06-07,shigu,石鼓,Shigu,7.06,15.91,19.85,14.04,2.67408007736801,0.61,9412724.0,10784260.0,2828.4062,99.95,26.95,2014,753.14,14.69,0.47,-0.23
2014-06-08,shigu,石鼓,Shigu,8.44,17.5,22.24,13.52,4.442597514946772,0.61,14801936.0,16962788.0,2875.5312,99.95,26.95,2014,751.71,14.27,0.25,0.36
2014-06-09,shigu,石鼓,Shigu,4.27,18.64,22.53,14.84,4.370136872200159,0.86,13526372.0,15506032.0,2962.75,99.95,26.95,2014,751.46,12.98,0.04,0.84
2014-06-10,shigu,石鼓,Shigu,14.74,17.35,20.47,14.48,3.713158294206993,0.54,12231696.0,14020928.0,3085.6875,99.95,26.95,2014,752.84,13.93,0.32,0.09
2014-06-11,shigu,石鼓,Shigu,18.9,16.4,20.08,14.31,3.3571694731841664,0.87,11788302.0,13511012.0,3254.875,99.95,26.95,2014,752.85,14.64,0.47,-0.71
2014-06-12,shigu,石鼓,Shigu,15.67,15.99,19.03,14.33,2.79510943445966,0.86,9893378.0,11343164.0,3457.9375,99.95,26.95,2014,752.65,14.5,0.66,-0.53
2014-06-13,shigu,石鼓,Shigu,15.72,15.41,18.37,14.12,1.575079346369176,0.61,5601170.0,6422376.0,3651.875,99.95,26.95,2014,752.87,14.68,0.55,-0.08
2014-06-14,shigu,石鼓,Shigu,12.4,16.1,19.08,14.07,2.558827020804445,0.49,8922026.0,10234500.0,3800.625,99.95,26.95,2014,753.85,15.1,0.41,0.07
2014-06-15,shigu,石鼓,Shigu,6.83,17.75,22.03,14.91,3.955485153481197,0.62,13161070.0,15102372.0,3917.6875,99.95,26.95,2014,753.05,15.2,0.45,0.32
2014-06-16,shigu,石鼓,Shigu,26.13,16.32,20.63,13.86,2.9313798083861,0.57,10169822.0,11671552.0,4023.4375,99.95,26.95,2014,754.06,14.95,-0.03,-0.29
2014-06-17,shigu,石鼓,Shigu,14.29,13.57,15.3,12.52,1.582894991496918,0.25,5702898.0,6547892.0,4151.5625,99.95,26.95,2014,755.71,12.58,-0.02,0.06
2014-06-18,shigu,石鼓,Shigu,1.13,17.16,22.15,13.06,4.842277538987008,0.9,16104550.0,18493000.0,4253.9062,99.95,26.95,2014,752.18,12.8,0.18,0.8
2014-06-19,shigu,石鼓,Shigu,4.84,18.77,23.58,15.12,5.106769534645765,1.03,16567512.0,19031852.0,4195.8438,99.95,26.95,2014,750.69,14.79,0.57,0.81
2014-06-20,shigu,石鼓,Shigu,13.44,17.47,21.15,15.11,3.804669683100295,0.68,12994858.0,14930784.0,4026.0,99.95,26.95,2014,751.79,15.93,0.45,0.46
2014-06-21,shigu,石鼓,Shigu,3.85,17.77,21.79,14.63,4.010143850627516,0.7,13149646.0,15112856.0,3891.6562,99.95,26.95,2014,753.85,14.41,0.44,0.43
2014-06-22,shigu,石鼓,Shigu,0.93,17.71,21.46,14.09,2.9288318522890333,0.64,9280760.0,10670800.0,3911.5,99.95,26.95,2014,753.82,13.96,0.28,0.52
2014-06-23,shigu,石鼓,Shigu,1.32,19.38,24.12,14.99,5.083526381209337,0.9,15813138.0,18185884.0,4084.1562,99.95,26.95,2014,751.55,14.12,0.4,0.69
2014-06-24,shigu,石鼓,Shigu,0.35,20.75,25.59,16.02,6.130659148341062,1.1,18332976.0,21091124.0,4323.0938,99.95,26.95,2014,750.17,13.99,0.38,0.98
2014-06-25,shigu,石鼓,Shigu,0.76,20.56,25.35,16.44,5.865017262981637,0.99,17852092.0,20544776.0,4543.2812,99.95,26.95,2014,751.98,14.77,0.39,0.85
2014-06-26,shigu,石鼓,Shigu,2.98,20.2,25.56,15.91,5.982129102389767,0.91,18715536.0,21543416.0,4693.125,99.95,26.95,2014,754.09,15.43,0.33,0.78
2014-06-27,shigu,石鼓,Shigu,1.05,19.74,24.21,15.87,5.654923934764281,0.85,17593828.0,20257352.0,4738.9688,99.95,26.95,2014,754.69,14.34,0.24,0.72
2014-06-28,shigu,石鼓,Shigu,16.82,18.13,22.76,15.76,3.620032706924432,0.61,11794262.0,13585008.0,4759.5,99.95,26.95,2014,753.53,15.38,0.26,0.38
2014-06-29,shigu,石鼓,Shigu,25.67,15.89,17.57,14.37,1.5871506801199189,0.51,5591188.0,6439800.0,4893.7812,99.95,26.95,2014,754.79,15.48,0.2,-0.42
2014-06-30,shigu,石鼓,Shigu,12.47,16.25,19.68,14.24,3.3872643425597166,0.77,11953444.0,13773632.0,5219.6875,99.95,26.95,2014,755.86,14.93,0.59,-0.44
2014-07-01,shigu,石鼓,Shigu,10.78,16.76,21.02,14.34,3.5046029688160227,0.58,12030128.0,13867944.0,5634.7812,99.95,26.95,2014,755.89,15.28,0.31,0.06
2014-07-02,shigu,石鼓,Shigu,11.4,17.17,21.76,14.1,4.39575092330121,0.76,15083056.0,17391532.0,5995.25,99.95,26.95,2014,753.85,15.19,0.32,0.4
2014-07-03,shigu,石鼓,Shigu,1.89,19.05,24.19,15.02,5.042072197260992,0.81,15825274.0,18254076.0,6214.0312,99.95,26.95,2014,751.66,14.02,-0.06,0.69
2014-07-04,shigu,石鼓,Shigu,11.24,18.18,23.72,14.87,5.3049038518091605,0.59,17572470.0,20276400.0,6269.9375,99.95,26.95,2014,753.02,15.59,0.27,0.21
2014-07-05,shigu,石鼓,Shigu,3.26,19.7,24.62,16.11,5.335604421969298,0.78,16714358.0,19290500.0,6267.375,99.95,26.95,2014,753.39,15.15,0.31,0.38
2014-07-06,shigu,石鼓,Shigu,3.88,19.74,24.54,15.79,4.646358544530468,0.73,14369594.0,16589476.0,6107.4062,99.95,26.95,2014,753.21,15.19,0.26,0.43
2014-07-07,shigu,石鼓,Shigu,14.51,17.37,20.54,15.04,3.342794772472652,0.49,11242366.0,12982112.0,5846.125,99.95,26.95,2014,753.33,15.99,0.32,-0.17
2014-07-08,shigu,石鼓,Shigu,5.53,18.79,23.67,15.74,4.990379423607961,0.65,16297224.0,18826636.0,5689.125,99.95,26.95,2014,752.44,16.17,0.53,-0.04
2014-07-09,shigu,石鼓,Shigu,9.39,18.53,23.51,15.28,4.90769937542268,0.59,16140026.0,18650432.0,5633.0938,99.95,26.95,2014,752.71,16.27,0.31,-0.01
2014-07-10,shigu,石鼓,Shigu,9.76,17.75,22.07,14.95,3.8597331960981696,0.49,12868670.0,14874900.0,5565.0,99.95,26.95,2014,753.64,16.18,0.33,0.03
2014-07-11,shigu,石鼓,Shigu,25.43,17.66,22.43,15.4,3.939189638729168,0.6,13292822.0,15369294.0,5499.5938,99.95,26.95,2014,753.71,16.25,0.53,-0.01
2014-07-12,shigu,石鼓,Shigu,10.49,16.65,19.38,14.53,2.5087007537579606,0.66,8583850.0,9926798.0,5596.5938,99.95,26.95,2014,755.28,15.36,0.41,-0.45
2014-07-13,shigu,石鼓,Shigu,7.9,15.34,18.2,13.81,1.834490957273372,0.56,6524968.0,7546666.0,5917.9688,99.95,26.95,2014,756.58,14.77,0.35,-0.4
2014-07-14,shigu,石鼓,Shigu,18.48,15.66,18.95,14.2,2.4011125731086223,0.53,8424878.0,9750182.0,6250.0,99.95,26.95,2014,755.55,14.8,0.51,-0.1
2014-07-15,shigu,石鼓,Shigu,24.01,15.44,18.04,13.62,1.5962822385384945,0.58,5703012.0,6601198.0,6447.4688,99.95,26.95,2014,755.35,15.08,0.33,0.25
2014-07-16,shigu,石鼓,Shigu,14.03,17.29,21.79,14.09,4.6218781068020975,0.61,15644984.0,18102504.0,6655.5938,99.95,26.95,2014,754.2,15.3,0.21,0.3
2014-07-17,shigu,石鼓,Shigu,16.87,17.52,22.46,14.49,4.57922351362266,0.47,15276720.0,17669586.0,6726.75,99.95,26.95,2014,753.91,15.44,0.27,-0.07
2014-07-18,shigu,石鼓,Shigu,13.8,15.78,18.49,14.05,2.413473774342376,0.53,8456582.0,9776622.0,6651.3125,99.95,26.95,2014,754.3,14.93,0.4,-0.31
2014-07-19,shigu,石鼓,Shigu,4.4,17.06,21.05,13.23,4.0299993994682906,0.7,13796218.0,15943352.0,6499.9375,99.95,26.95,2014,754.0,15.3,0.22,-0.32
2014-07-20,shigu,石鼓,Shigu,7.0,17.8,23.66,13.35,5.147602397855192,0.79,17288710.0,19971486.0,6375.5938,99.95,26.95,2014,754.31,15.07,-0.05,-0.47
2014-07-21,shigu,石鼓,Shigu,6.65,17.63,22.56,14.28,4.991203971250727,0.72,16818550.0,19419300.0,6285.328,99.95,26.95,2014,754.62,15.13,0.26,-0.53
2014-07-22,shigu,石鼓,Shigu,4.46,16.85,21.66,13.79,5.004567449934448,0.86,17289992.0,19956104.0,6153.078,99.95,26.95,2014,755.62,14.28,0.41,-0.7
2014-07-23,shigu,石鼓,Shigu,1.19,17.78,22.34,13.05,6.073110499100905,0.83,20034314.0,23114536.0,6006.8906,99.95,26.95,2014,755.64,13.02,0.46,-0.4
2014-07-24,shigu,石鼓,Shigu,0.63,19.01,23.84,13.73,7.345919238129207,0.79,23306016.0,26877564.0,5845.0312,99.95,26.95,2014,755.16,12.06,0.45,-0.29
2014-07-25,shigu,石鼓,Shigu,2.87,18.26,22.91,13.09,5.823041471433598,0.79,19012958.0,21918152.0,5737.9844,99.95,26.95,2014,756.5,13.79,0.36,-0.16
2014-07-26,shigu,石鼓,Shigu,3.34,17.91,22.82,14.03,5.446082848981226,0.7,18073310.0,20826012.0,5739.4844,99.95,26.95,2014,757.84,14.47,0.37,-0.42
2014-07-27,shigu,石鼓,Shigu,22.95,17.61,21.98,14.1,5.1042902102964645,0.64,16908830.0,19476446.0,5760.9062,99.95,26.95,2014,756.88,13.92,0.48,-0.3
2014-07-28,shigu,石鼓,Shigu,2.52,16.98,20.3,14.2,3.615800734765076,0.61,11987432.0,13802436.0,5792.375,99.95,26.95,2014,754.87,13.76,0.28,0.31
2014-07-29,shigu,石鼓,Shigu,9.04,17.35,22.49,14.6,4.951667941153566,0.58,16692384.0,19211074.0,5821.0938,99.95,26.95,2014,754.62,14.74,0.26,0.16
2014-07-30,shigu,石鼓,Shigu,11.88,17.13,21.52,13.89,3.9841151703747673,0.71,13730328.0,15795190.0,5747.7656,99.95,26.95,2014,755.48,15.54,0.45,0.06
2014-07-31,shigu,石鼓,Shigu,11.93,17.3,22.31,14.16,4.092680094894419,0.59,13895322.0,15979468.0,5581.3594,99.95,26.95,2014,754.53,15.45,0.16,0.44
2014-08-01,shigu,石鼓,Shigu,14.94,16.31,19.61,14.12,2.7654591155379475,0.48,9566696.0,10996512.0,5497.297,99.95,26.95,2014,753.88,15.21,0.1,0.06
2014-08-02,shigu,石鼓,Shigu,8.27,17.29,21.69,14.29,4.521133889518151,0.67,15432718.0,17731650.0,5507.2812,99.95,26.95,2014,754.15,15.21,0.26,-0.55
2014-08-03,shigu,石鼓,Shigu,13.83,16.91,21.87,14.53,4.34199684721048,0.59,14923720.0,17140216.0,5433.9844,99.95,26.95,2014,753.09,15.08,0.32,-0.07
2014-08-04,shigu,石鼓,Shigu,22.57,17.21,21.89,14.33,4.054626253790573,0.49,13767654.0,15805792.0,5255.6406,99.95,26.95,2014,753.3,15.54,0.35,-0.15
2014-08-05,shigu,石鼓,Shigu,17.62,16.21,19.34,14.03,2.975062422083208,0.49,10379550.0,11909128.0,5066.0312,99.95,26.95,2014,754.09,15.21,0.36,-0.23
2014-08-06,shigu,石鼓,Shigu,12.78,16.85,21.67,14.06,4.152799590985103,0.63,14412828.0,16533370.0,4913.4688,99.95,26.95,2014,753.92,15.36,0.39,-0.13
2014-08-07,shigu,石鼓,Shigu,3.69,18.66,23.1,14.82,5.282449152305422,0.7,17253056.0,19782950.0,4824.672000000001,99.95,26.95,2014,753.46,15.05,0.49,0.16
2014-08-08,shigu,石鼓,Shigu,2.18,18.95,23.45,15.41,4.996391578507033,0.79,16203646.0,18571670.0,4824.5156,99.95,26.95,2014,753.14,15.36,0.4,0.57
2014-08-09,shigu,石鼓,Shigu,5.98,19.4,24.25,15.55,4.604271913960047,0.78,14646128.0,16779716.0,4837.578,99.95,26.95,2014,753.58,15.62,0.24,0.67
2014-08-10,shigu,石鼓,Shigu,2.36,17.91,21.37,15.36,3.232750003742348,0.91,10731574.0,12289696.0,4839.5625,99.95,26.95,2014,753.42,15.54,0.18,0.88
2014-08-11,shigu,石鼓,Shigu,2.14,18.44,22.23,15.61,3.2782518309154915,0.76,10468348.0,11983494.0,4897.547000000001,99.95,26.95,2014,752.19,15.16,0.38,0.62
2014-08-12,shigu,石鼓,Shigu,40.07,16.75,20.75,14.33,2.777708518987512,0.69,9698608.0,11096066.0,5068.4844,99.95,26.95,2014,752.65,15.66,0.38,-0.28
2014-08-13,shigu,石鼓,Shigu,9.61,14.56,16.13,13.01,1.4122406434909591,0.65,4935670.0,5645594.0,5413.0625,99.95,26.95,2014,756.2,13.11,0.39,-0.47
2014-08-14,shigu,石鼓,Shigu,5.41,15.42,17.94,13.39,2.1059201475638125,0.66,7028934.0,8036064.0,5830.672,99.95,26.95,2014,757.6,12.54,0.49,-0.44
2014-08-15,shigu,石鼓,Shigu,2.18,14.66,16.81,12.93,1.6669545745400345,0.63,5888608.0,6730376.0,6060.1406,99.95,26.95,2014,757.09,13.22,0.39,0.05
2014-08-16,shigu,石鼓,Shigu,2.16,17.97,22.49,13.99,4.6147344954172524,0.96,15017042.0,17153006.0,6052.7812,99.95,26.95,2014,754.64,13.5,0.19,0.9
2014-08-17,shigu,石鼓,Shigu,2.07,18.27,22.78,14.3,4.315223477254467,0.96,14102270.0,16099876.0,6032.078,99.95,26.95,2014,754.18,14.58,0.15,0.92
2014-08-18,shigu,石鼓,Shigu,14.77,16.15,20.08,12.66,2.306263201261141,0.64,7937724.0,9058558.0,6042.3594,99.95,26.95,2014,757.52,14.42,0.01,0.04
2014-08-19,shigu,石鼓,Shigu,1.17,17.66,22.36,12.89,5.3615856221865,0.8,18033630.0,20568376.0,6121.828,99.95,26.95,2014,758.23,13.89,0.2,-0.54
2014-08-20,shigu,石鼓,Shigu,6.93,17.33,21.53,14.32,4.424855076843997,0.86,14906342.0,16994736.0,6234.3594,99.95,26.95,2014,757.04,13.88,0.78,-0.13
2014-08-21,shigu,石鼓,Shigu,2.78,17.36,21.38,14.11,3.5982296751278064,0.58,12188758.0,13890210.0,6175.703,99.95,26.95,2014,755.62,15.25,0.23,0.45
2014-08-22,shigu,石鼓,Shigu,5.99,16.78,20.14,13.92,3.675196511282732,0.68,12534500.0,14276574.0,6054.9062,99.95,26.95,2014,755.97,14.08,0.3,0.54
2014-08-23,shigu,石鼓,Shigu,13.77,15.8,18.63,14.19,2.124022240174964,0.58,7421886.0,8449894.0,6128.953,99.95,26.95,2014,756.27,14.4,0.26,0.44
2014-08-24,shigu,石鼓,Shigu,18.83,14.3,16.4,12.84,1.2408473208831805,0.48,4572304.0,5202026.0,6376.2656,99.95,26.95,2014,758.09,13.93,0.15,-0.34
2014-08-25,shigu,石鼓,Shigu,6.64,14.94,18.54,13.02,2.8085386994045685,0.74,10206592.0,11606564.0,6686.6094,99.95,26.95,2014,758.31,13.39,0.57,-0.37
2014-08-26,shigu,石鼓,Shigu,13.73,15.43,19.51,13.14,3.66485944794166,0.53,13095654.0,14885308.0,6767.828,99.95,26.95,2014,757.4,13.79,0.46,0.03
2014-08-27,shigu,石鼓,Shigu,11.32,14.99,18.84,12.83,2.5463778739859424,0.67,9242040.0,10498980.0,6685.203,99.95,26.95,2014,758.16,13.69,0.56,-0.28
2014-08-28,shigu,石鼓,Shigu,5.34,15.09,17.46,13.2,2.948406672359466,0.48,10608322.0,12046486.0,6663.328,99.95,26.95,2014,759.3,13.85,0.23,-0.22
2014-08-29,shigu,石鼓,Shigu,2.69,16.72,20.93,13.14,4.930029362437163,0.85,17054486.0,19357602.0,6660.1562,99.95,26.95,2014,758.62,13.23,0.52,-0.6
2014-08-30,shigu,石鼓,Shigu,4.59,15.82,20.21,12.28,3.5728069054788,0.72,12741276.0,14455122.0,6545.5938,99.95,26.95,2014,758.59,13.91,0.42,-0.12
2014-08-31,shigu,石鼓,Shigu,2.81,17.48,22.56,12.94,5.117091564591165,0.72,17091992.0,19381008.0,6367.3125,99.95,26.95,2014,757.14,12.93,0.36,0.2
2014-09-01,shigu,石鼓,Shigu,6.6,17.94,23.42,13.18,5.663788241781534,0.87,18831348.0,21342168.0,6176.172,99.95,26.95,2014,757.08,13.1,0.21,0.33
2014-09-02,shigu,石鼓,Shigu,10.2,16.19,20.37,13.42,4.032412384178634,0.65,14281590.0,16178486.0,5983.6406,99.95,26.95,2014,758.69,14.26,0.47,-0.25
2014-09-03,shigu,石鼓,Shigu,3.13,15.7,18.89,12.41,3.2261431490531898,0.67,11524976.0,13049506.0,5901.4375,99.95,26.95,2014,757.88,13.97,0.49,0.01
2014-09-04,shigu,石鼓,Shigu,1.41,18.1,23.15,13.18,4.718623618534111,0.81,15266282.0,17277322.0,5959.5156,99.95,26.95,2014,755.21,12.84,0.12,0.44
2014-09-05,shigu,石鼓,Shigu,2.7,18.18,23.53,13.68,5.031734173444472,0.76,16435996.0,18591348.0,6038.547,99.95,26.95,2014,754.79,13.16,0.2,0.3
2014-09-06,shigu,石鼓,Shigu,7.85,16.51,21.71,13.37,3.86790844112032,0.6,13597444.0,15371938.0,5956.422,99.95,26.95,2014,756.85,14.72,0.46,0.01
2014-09-07,shigu,石鼓,Shigu,11.27,16.58,21.93,13.45,4.196222432887306,0.64,14876914.0,16812138.0,5753.328,99.95,26.95,2014,757.25,15.04,0.39,0.2
2014-09-08,shigu,石鼓,Shigu,5.13,16.85,21.8,12.61,4.621014183359444,0.71,16004654.0,18077574.0,5504.1562,99.95,26.95,2014,755.79,13.85,0.22,0.48
2014-09-09,shigu,石鼓,Shigu,10.29,16.1,21.1,12.31,3.885492040227408,0.69,13853290.0,15640388.0,5237.6406,99.95,26.95,2014,755.79,14.18,0.2,0.4
2014-09-10,shigu,石鼓,Shigu,2.53,17.15,22.13,12.61,4.728068068898783,0.9,16042638.0,18102584.0,5042.0312,99.95,26.95,2014,755.88,13.02,0.29,0.62
2014-09-11,shigu,石鼓,Shigu,0.17,17.02,22.31,12.02,4.470867880797497,1.23,14797706.0,16690484.0,4940.5156,99.95,26.95,2014,755.79,11.98,-0.08,1.21
2014-09-12,shigu,石鼓,Shigu,0.28,17.66,22.97,12.72,4.822368372550984,0.93,15829772.0,17845042.0,4877.2656,99.95,26.95,2014,755.34,12.35,0.03,0.81
2014-09-13,shigu,石鼓,Shigu,1.16,18.15,23.27,13.48,5.538934322325847,0.77,18196280.0,20503230.0,4773.4688,99.95,26.95,2014,755.67,12.62,0.21,0.24
2014-09-14,shigu,石鼓,Shigu,4.32,17.26,22.71,13.47,4.898223651132152,0.67,16797244.0,18918000.0,4635.297000000001,99.95,26.95,2014,756.2,13.95,0.26,0.11
2014-09-15,shigu,石鼓,Shigu,5.39,17.11,22.8,11.97,4.805428007745216,0.69,16617306.0,18705862.0,4483.5,99.95,26.95,2014,755.81,14.1,0.22,0.1
2014-09-16,shigu,石鼓,Shigu,2.48,16.77,22.59,11.97,5.017924930423972,0.69,17463604.0,19652836.0,4309.828,99.95,26.95,2014,754.7,13.49,0.0,0.05
2014-09-17,shigu,石鼓,Shigu,8.48,16.95,21.71,12.83,3.872177436356076,0.79,13357412.0,15026622.0,4129.2344,99.95,26.95,2014,755.68,14.09,-0.13,-0.67
2014-09-18,shigu,石鼓,Shigu,9.69,14.59,16.21,13.11,1.9033853807453711,0.64,6814564.0,7663082.0,4002.1875,99.95,26.95,2014,759.12,12.81,0.19,-0.61
2014-09-19,shigu,石鼓,Shigu,7.56,14.19,16.29,12.25,1.645747573922376,0.44,5996582.0,6742152.0,4005.4219,99.95,26.95,2014,758.75,13.0,0.14,-0.12
2014-09-20,shigu,石鼓,Shigu,14.94,15.73,20.23,12.75,3.858846311434693,0.46,13778246.0,15487466.0,4085.4844,99.95,26.95,2014,756.45,13.99,0.22,0.21
2014-09-21,shigu,石鼓,Shigu,5.32,15.41,19.08,13.06,2.7879304403780063,0.55,10120738.0,11371820.0,4077.7188,99.95,26.95,2014,756.78,14.28,0.33,0.3
2014-09-22,shigu,石鼓,Shigu,3.03,15.56,19.66,12.78,2.750334534675769,0.76,9822014.0,11034292.0,3975.2656,99.95,26.95,2014,756.21,13.57,0.15,0.73
2014-09-23,shigu,石鼓,Shigu,5.57,16.05,19.05,13.57,3.1396796605123685,0.72,10887501.0,12228486.0,3873.9219,99.95,26.95,2014,756.34,13.14,0.24,0.65
2014-09-24,shigu,石鼓,Shigu,23.54,13.55,15.67,11.97,1.3065688026385869,0.6,5057162.0,5677078.0,3871.5,99.95,26.95,2014,758.64,13.27,0.39,-0.35
2014-09-25,shigu,石鼓,Shigu,11.02,13.18,16.11,11.52,1.4859079252097729,0.61,5769889.0,6475545.0,4044.6406,99.95,26.95,2014,758.0,12.7,0.37,0.14
2014-09-26,shigu,石鼓,Shigu,0.68,15.63,19.84,11.74,3.742754452434306,0.91,13088499.0,14686903.0,4236.9844,99.95,26.95,2014,757.29,11.88,0.35,0.82
2014-09-27,shigu,石鼓,Shigu,0.29,15.59,20.68,10.52,3.9381045529215513,1.18,13296821.0,14915154.0,4316.578,99.95,26.95,2014,757.81,10.36,0.21,1.09
2014-09-28,shigu,石鼓,Shigu,0.0,15.81,21.22,10.02,4.664723552797106,0.97,15718581.0,17627000.0,4313.625,99.95,26.95,2014,758.74,9.34,-0.15,0.8
2014-09-29,shigu,石鼓,Shigu,0.06,16.23,21.71,9.94,5.525398660034759,0.73,18846016.0,21127162.0,4252.2656,99.95,26.95,2014,759.59,9.6,0.23,0.04
2014-09-30,shigu,石鼓,Shigu,0.09,16.53,22.0,10.58,5.5974304173903215,0.93,18408036.0,20630456.0,4183.9062,99.95,26.95,2014,759.69,7.96,0.32,0.65
2014-10-01,shigu,石鼓,Shigu,0.01,16.66,22.47,10.39,6.304385800746348,0.73,21128114.0,23671934.0,4067.75,99.95,26.95,2014,759.55,8.1,0.02,0.35
2014-10-02,shigu,石鼓,Shigu,0.93,16.06,20.28,11.03,5.433317265862738,0.69,18599092.0,20832170.0,3885.6719,99.95,26.95,2014,758.86,9.4,0.29,0.14
2014-10-03,shigu,石鼓,Shigu,0.02,15.9,21.35,10.36,5.56789112433828,0.95,18663124.0,20897812.0,3703.1719,99.95,26.95,2014,757.47,7.5,-0.03,0.85
2014-10-04,shigu,石鼓,Shigu,2.48,13.6,19.92,7.34,4.718061797100807,0.67,17684308.0,19796640.0,3558.3281,99.95,26.95,2014,760.86,9.84,-0.14,-0.23
2014-10-05,shigu,石鼓,Shigu,1.54,12.9,18.05,7.76,4.342304621967674,0.74,16712323.0,18703036.0,3439.7969,99.95,26.95,2014,764.11,9.69,-0.01,-0.37
2014-10-06,shigu,石鼓,Shigu,0.66,13.66,18.15,8.75,4.37829639269066,0.62,15939267.0,17833104.0,3308.6719,99.95,26.95,2014,762.53,8.31,0.22,-0.26
2014-10-07,shigu,石鼓,Shigu,0.05,14.71,19.33,9.07,4.046134847504681,0.62,14017721.0,15678638.0,3153.2344,99.95,26.95,2014,760.17,8.33,0.25,0.07
2014-10-08,shigu,石鼓,Shigu,0.21,15.42,20.1,10.78,4.0905085556253065,0.63,13885480.0,15525940.0,2984.2188,99.95,26.95,2014,759.13,8.85,0.1,0.25
2014-10-09,shigu,石鼓,Shigu,0.0,16.08,21.86,10.6,5.095757324839815,0.84,16787640.0,18765232.0,2819.5781,99.95,26.95,2014,757.75,7.31,-0.12,0.74
2014-10-10,shigu,石鼓,Shigu,0.52,15.41,20.43,9.87,4.918120992096953,0.76,16812730.0,18787658.0,2670.9453,99.95,26.95,2014,757.35,8.09,0.07,0.53
2014-10-11,shigu,石鼓,Shigu,0.28,15.37,20.62,9.74,4.269804381992362,0.63,14615176.0,16327534.0,2541.6719,99.95,26.95,2014,758.45,8.9,0.07,0.31
2014-10-12,shigu,石鼓,Shigu,4.53,14.76,19.67,10.09,3.77356990221972,0.6,13526292.0,15105814.0,2429.5781,99.95,26.95,2014,760.26,10.99,0.43,-0.05
2014-10-13,shigu,石鼓,Shigu,7.87,14.58,18.76,11.95,2.9709862114843206,0.71,11019896.0,12301844.0,2328.6016,99.95,26.95,2014,760.7,12.73,0.5,0.1
2014-10-14,shigu,石鼓,Shigu,0.97,15.68,20.52,12.01,2.9401667289758824,0.81,9959108.0,11116348.0,2236.5234,99.95,26.95,2014,760.57,11.64,0.21,0.52
2014-10-15,shigu,石鼓,Shigu,0.17,15.65,20.39,11.99,3.058580862208095,1.08,10115742.0,11288466.0,2153.7188,99.95,26.95,2014,758.65,11.03,0.11,1.05
2014-10-16,shigu,石鼓,Shigu,0.35,15.78,20.67,10.68,3.356250327565478,1.02,11040972.0,12317766.0,2084.0469,99.95,26.95,2014,758.86,10.48,0.09,0.97
2014-10-17,shigu,石鼓,Shigu,0.03,15.08,20.52,8.54,4.037548853295419,0.99,13523422.0,15084678.0,2026.8125,99.95,26.95,2014,759.1,8.28,0.01,0.92
2014-10-18,shigu,石鼓,Shigu,0.11,14.54,20.02,8.71,4.211890926659532,1.09,14187024.0,15821764.0,1974.8125,99.95,26.95,2014,758.04,7.13,0.0,1.04
2014-10-19,shigu,石鼓,Shigu,1.96,11.34,16.01,5.89,2.534362572828215,1.05,9607546.0,10713368.0,1927.7969,99.95,26.95,2014,758.46,7.55,-0.16,1.0
2014-10-20,shigu,石鼓,Shigu,0.08,12.25,17.58,6.56,4.364399737882619,1.05,15866704.0,17688256.0,1899.9219,99.95,26.95,2014,759.77,4.48,-0.42,0.88
2014-10-21,shigu,石鼓,Shigu,1.47,12.53,17.69,7.24,4.5505361037828935,0.7,17276944.0,19256884.0,1888.5703,99.95,26.95,2014,762.73,7.36,0.15,-0.18
2014-10-22,shigu,石鼓,Shigu,0.07,13.33,18.95,7.29,4.832279045981603,0.88,16934308.0,18871390.0,1866.0859,99.95,26.95,2014,761.02,3.8,0.16,0.68
2014-10-23,shigu,石鼓,Shigu,0.02,12.86,18.78,6.67,5.061545152723329,0.75,18001478.0,20056700.0,1825.0078,99.95,26.95,2014,759.26,2.03,0.07,0.48
2014-10-24,shigu,石鼓,Shigu,0.0,12.98,18.62,6.4,5.139409778291367,0.63,18358264.0,20450636.0,1772.2812,99.95,26.95,2014,759.08,1.96,-0.16,0.42
2014-10-25,shigu,石鼓,Shigu,0.44,13.04,18.03,7.59,4.827691478374383,0.63,17522928.0,19516492.0,1714.3516,99.95,26.95,2014,760.55,4.75,0.02,0.26
2014-10-26,shigu,石鼓,Shigu,0.39,13.28,18.04,8.04,3.635503392793969,0.82,12486616.0,13904928.0,1655.5547,99.95,26.95,2014,761.03,5.35,0.07,0.64
2014-10-27,shigu,石鼓,Shigu,2.37,9.55,12.64,6.79,2.2991482580094886,1.12,9104394.0,10137112.0,1596.2266,99.95,26.95,2014,759.68,5.7,0.17,1.07
2014-10-28,shigu,石鼓,Shigu,1.99,9.87,12.82,6.91,1.5524013759234498,0.78,6031390.0,6713792.0,1540.5078,99.95,26.95,2014,758.55,7.08,0.39,0.54
2014-10-29,shigu,石鼓,Shigu,0.14,11.47,16.77,7.16,3.4647191719111388,1.0,12556978.0,13975436.0,1491.4062,99.95,26.95,2014,758.34,4.31,0.31,0.89
2014-10-30,shigu,石鼓,Shigu,0.0,11.79,17.59,6.71,4.164188825166101,1.22,14608826.0,16255608.0,1447.3125,99.95,26.95,2014,758.46,2.4,-0.09,1.17
2014-10-31,shigu,石鼓,Shigu,0.0,12.55,18.1,6.5,4.5722512370267525,1.07,16054070.0,17860932.0,1407.1953,99.95,26.95,2014,758.11,2.85,-0.12,1.03
2014-11-01,shigu,石鼓,Shigu,0.0,13.06,19.16,6.8,4.7343508434339965,0.8,16844360.0,18736080.0,1369.2578,99.95,26.95,2014,758.55,3.83,0.07,0.67
2014-11-02,shigu,石鼓,Shigu,0.01,13.15,19.13,7.39,4.172117774181887,0.85,14667422.0,16310736.0,1333.0312,99.95,26.95,2014,759.44,4.92,0.54,0.31
2014-11-03,shigu,石鼓,Shigu,0.04,13.16,18.59,7.33,4.154218640655322,1.26,14031066.0,15601048.0,1299.5859,99.95,26.95,2014,757.91,4.42,-0.02,1.21
2014-11-04,shigu,石鼓,Shigu,0.46,11.57,17.05,4.59,4.083040590856896,1.46,15010684.0,16687592.0,1270.8672,99.95,26.95,2014,757.65,4.34,-0.28,1.4
2014-11-05,shigu,石鼓,Shigu,0.06,11.74,17.82,3.41,4.230396019932956,0.97,15259210.0,16960948.0,1250.5156,99.95,26.95,2014,758.61,2.55,0.07,0.83
2014-11-06,shigu,石鼓,Shigu,0.03,12.29,18.04,6.01,4.008075137044586,1.01,14094258.0,15662408.0,1239.4688,99.95,26.95,2014,757.59,3.53,0.19,0.89
2014-11-07,shigu,石鼓,Shigu,0.0,12.04,18.02,6.33,4.321031098482906,0.98,15321928.0,17023352.0,1231.7188,99.95,26.95,2014,758.89,2.19,-0.34,0.89
2014-11-08,shigu,石鼓,Shigu,0.0,12.2,18.75,6.14,4.670546382434386,1.15,16475572.0,18302208.0,1220.5469,99.95,26.95,2014,758.73,1.98,-0.09,1.08
2014-11-09,shigu,石鼓,Shigu,0.0,12.17,19.21,4.7,4.508040431850381,1.14,16455276.0,18276416.0,1203.8203,99.95,26.95,2014,758.19,4.11,-0.31,1.06
2014-11-10,shigu,石鼓,Shigu,0.01,11.92,18.38,4.02,3.887022327966364,1.01,14282386.0,15860220.0,1183.4766,99.95,26.95,2014,757.53,4.94,-0.24,0.93
2014-11-11,shigu,石鼓,Shigu,0.02,11.87,16.87,6.98,2.6140961046918885,0.69,9351330.0,10381148.0,1162.0547,99.95,26.95,2014,757.9,5.87,0.13,0.44
2014-11-12,shigu,石鼓,Shigu,0.21,12.69,18.3,7.81,2.9955275185617216,1.01,9743432.0,10815024.0,1141.9766,99.95,26.95,2014,758.08,4.48,0.15,0.95
2014-11-13,shigu,石鼓,Shigu,0.16,11.72,16.57,6.73,2.9258785356011816,1.06,9921246.0,11011004.0,1126.5234,99.95,26.95,2014,759.0,4.16,0.0,1.01
2014-11-14,shigu,石鼓,Shigu,0.04,11.17,16.53,6.34,2.7144903162960423,1.23,9406536.0,10438088.0,1117.5,99.95,26.95,2014,757.61,4.79,-0.22,1.19
2014-11-15,shigu,石鼓,Shigu,0.27,10.27,14.04,4.29,2.0894967042835133,0.6,7814090.0,8669172.0,1113.5312,99.95,26.95,2014,758.37,5.06,-0.02,0.46
2014-11-16,shigu,石鼓,Shigu,0.01,10.88,16.61,4.28,3.282084870779609,1.13,11410222.0,12658900.0,1111.1172,99.95,26.95,2014,758.19,2.13,-0.15,1.07
2014-11-17,shigu,石鼓,Shigu,0.54,9.96,15.14,4.71,2.3523397002935043,0.72,8945524.0,9924652.0,1106.625,99.95,26.95,2014,759.41,4.66,-0.0,0.58
2014-11-18,shigu,石鼓,Shigu,0.35,10.36,16.34,4.85,3.3481666074411773,1.21,12176754.0,13509184.0,1098.3672,99.95,26.95,2014,760.05,2.53,-0.17,1.13
2014-11-19,shigu,石鼓,Shigu,0.54,10.02,15.43,3.76,3.67338791982902,0.78,14051282.0,15588696.0,1088.5625,99.95,26.95,2014,758.73,1.58,0.01,0.55
2014-11-20,shigu,石鼓,Shigu,0.0,9.34,15.11,3.82,3.8993277395686974,1.2,14879578.0,16507600.0,1078.2266,99.95,26.95,2014,756.79,0.05,-0.39,1.1
2014-11-21,shigu,石鼓,Shigu,0.0,10.21,16.52,3.76,4.061255501671232,1.0,15297962.0,16971820.0,1068.5234,99.95,26.95,2014,755.84,0.87,0.12,0.9
2014-11-22,shigu,石鼓,Shigu,0.0,10.56,16.72,4.36,3.8577670348465567,1.27,13826224.0,15338784.0,1057.75,99.95,26.95,2014,755.67,1.04,-0.12,1.22
2014-11-23,shigu,石鼓,Shigu,0.0,9.76,16.23,3.76,3.825961240011032,1.49,14201406.0,15755012.0,1045.0234,99.95,26.95,2014,756.4,0.98,-0.18,1.44
2014-11-24,shigu,石鼓,Shigu,0.0,8.98,15.46,2.87,3.7374061743567513,1.46,14073030.0,15612828.0,1033.3359,99.95,26.95,2014,757.4,-0.29,-0.31,1.38
2014-11-25,shigu,石鼓,Shigu,0.0,9.0,15.26,3.33,3.957431233246373,0.98,15023764.0,16667180.0,1024.5859,99.95,26.95,2014,756.13,-2.43,-0.36,0.87
2014-11-26,shigu,石鼓,Shigu,0.0,8.39,14.46,2.84,3.968442755640761,1.45,14715798.0,16325680.0,1016.2422,99.95,26.95,2014,753.62,-3.53,-0.15,1.39
2014-11-27,shigu,石鼓,Shigu,0.0,8.27,14.47,2.52,3.770977816445952,1.18,14528430.0,16117740.0,1006.8281,99.95,26.95,2014,755.24,-2.33,-0.16,1.12
2014-11-28,shigu,石鼓,Shigu,0.01,7.43,13.76,1.7,3.334381005792052,1.56,13185722.0,14628136.0,996.78906,99.95,26.95,2014,754.75,-1.05,-0.14,1.49
2014-11-29,shigu,石鼓,Shigu,0.0,7.54,13.37,1.73,3.013247807671379,1.42,11850948.0,13148240.0,987.02344,99.95,26.95,2014,755.01,-0.13,-0.44,1.31
2014-11-30,shigu,石鼓,Shigu,0.0,9.05,15.0,2.48,3.6512310800947154,0.6,14577910.0,16172720.0,977.7422,99.95,26.95,2014,757.4,0.62,0.19,-0.04
2014-12-01,shigu,石鼓,Shigu,0.0,10.05,15.8,4.36,2.84893797288284,0.79,10495806.0,11643028.0,968.46875,99.95,26.95,2014,756.47,2.35,0.12,0.55
2014-12-02,shigu,石鼓,Shigu,0.0,9.89,16.26,3.69,3.1555738179612054,1.11,11648604.0,12922488.0,959.2656,99.95,26.95,2014,756.04,2.24,-0.11,1.05
2014-12-03,shigu,石鼓,Shigu,0.05,9.99,16.54,3.36,2.8665266115960275,0.94,10714076.0,11885752.0,950.4375,99.95,26.95,2014,756.85,3.3,0.25,0.45
2014-12-04,shigu,石鼓,Shigu,0.27,9.75,13.98,4.4,1.9284466841453856,0.97,6617024.0,7340524.0,942.40625,99.95,26.95,2014,758.4,3.66,0.01,0.9
2014-12-05,shigu,石鼓,Shigu,0.0,9.75,16.08,3.79,2.9982164650190284,1.3,10870354.0,12059360.0,935.2969,99.95,26.95,2014,757.74,2.35,-0.31,1.24
2014-12-06,shigu,石鼓,Shigu,0.0,10.33,16.98,4.1,3.5732952730269285,1.36,13115758.0,14550444.0,929.02344,99.95,26.95,2014,755.99,2.46,-0.43,1.26
2014-12-07,shigu,石鼓,Shigu,0.02,9.44,14.89,4.91,2.2749149616931894,0.5,8638460.0,9581872.0,922.9297,99.95,26.95,2014,756.89,2.44,0.04,0.28
2014-12-08,shigu,石鼓,Shigu,0.01,9.36,14.85,3.45,2.4107720373863954,1.02,8616184.0,9557512.0,916.4453,99.95,26.95,2014,756.62,2.24,-0.08,0.95
2014-12-09,shigu,石鼓,Shigu,0.0,9.88,16.79,3.02,3.5767847614398525,1.4,12906202.0,14317736.0,909.75,99.95,26.95,2014,757.21,0.89,-0.36,1.33
2014-12-10,shigu,石鼓,Shigu,0.0,10.2,16.24,3.77,3.735993404462089,1.31,12847306.0,14251992.0,903.46094,99.95,26.95,2014,756.71,-1.03,-0.01,1.26
2014-12-11,shigu,石鼓,Shigu,0.0,8.64,14.91,3.11,3.610823100084712,1.48,12979660.0,14399048.0,898.52344,99.95,26.95,2014,757.19,-2.35,-0.35,1.42
2014-12-12,shigu,石鼓,Shigu,0.0,9.1,15.01,3.48,3.52678235225344,1.06,12698538.0,14086624.0,894.6719,99.95,26.95,2014,758.88,-2.72,0.11,0.95
2014-12-13,shigu,石鼓,Shigu,0.0,9.1,15.67,3.04,3.9100590497694094,1.32,13834792.0,15347300.0,890.1719,99.95,26.95,2014,759.39,-3.85,-0.34,1.25
2014-12-14,shigu,石鼓,Shigu,0.0,9.08,16.04,2.92,3.657898214673424,1.5,13208472.0,14652616.0,884.4219,99.95,26.95,2014,758.16,-1.12,-0.39,1.44
2014-12-15,shigu,石鼓,Shigu,0.0,9.68,16.26,3.3,3.6870631643915264,1.39,13748276.0,15251188.0,877.5,99.95,26.95,2014,758.4,1.15,-0.38,1.3
2014-12-16,shigu,石鼓,Shigu,5.42,7.68,13.15,3.05,2.3743039236347534,0.8,9868784.0,10947896.0,870.3125,99.95,26.95,2014,759.53,2.72,0.59,0.05
2014-12-17,shigu,石鼓,Shigu,9.39,3.33,7.21,1.26,1.4321757659251628,0.81,7555288.0,8747544.0,866.8281,99.95,26.95,2014,758.24,2.77,0.69,-0.4
2014-12-18,shigu,石鼓,Shigu,4.07,2.61,8.06,-2.4,1.7582931568273148,0.56,8118052.0,10487588.0,871.0625,99.95,26.95,2014,759.14,1.27,-0.07,0.34
2014-12-19,shigu,石鼓,Shigu,0.0,2.49,9.09,-3.03,2.723082289107808,0.83,11682142.0,14757068.0,874.28125,99.95,26.95,2014,760.93,-6.13,-0.51,0.6
2014-12-20,shigu,石鼓,Shigu,0.0,3.98,11.36,-1.95,3.1237696035468185,1.2,13037740.0,15894844.0,868.375,99.95,26.95,2014,757.65,-5.1,-0.66,0.95
2014-12-21,shigu,石鼓,Shigu,0.07,4.54,9.28,-0.5,2.393906383775516,0.79,10645634.0,12593036.0,858.2344,99.95,26.95,2014,759.55,-0.17,0.37,-0.23
2014-12-22,shigu,石鼓,Shigu,0.04,5.09,11.48,-0.27,2.807387238228268,1.47,12029088.0,13890080.0,847.6406,99.95,26.95,2014,756.79,-1.66,-0.45,1.35
2014-12-23,shigu,石鼓,Shigu,0.0,5.91,12.06,-0.56,3.0399680133802187,1.08,13065100.0,14844000.0,837.6875,99.95,26.95,2014,758.12,-1.03,-0.54,0.89
2014-12-24,shigu,石鼓,Shigu,0.0,6.12,12.69,0.13,3.2136118543140046,1.3,13285240.0,14941628.0,828.6094,99.95,26.95,2014,758.7,-2.58,-0.52,1.13
2014-12-25,shigu,石鼓,Shigu,0.0,5.86,12.24,0.07,3.327521215504852,1.26,13863988.0,15506432.0,820.34375,99.95,26.95,2014,756.82,-3.77,-0.56,1.09
2014-12-26,shigu,石鼓,Shigu,0.0,6.48,12.87,0.41,3.424538750157567,1.33,13979124.0,15590040.0,812.75,99.95,26.95,2014,755.27,-3.1,-0.51,1.2
2014-12-27,shigu,石鼓,Shigu,0.0,7.14,13.35,1.33,3.3948883843661823,0.7,13878440.0,15453332.0,805.6719,99.95,26.95,2014,758.48,-3.28,-0.04,0.53
2014-12-28,shigu,石鼓,Shigu,0.28,4.87,9.87,1.53,2.2512327861574057,0.63,10251156.0,11405620.0,798.9844,99.95,26.95,2014,760.57,-0.62,0.2,-0.26
2014-12-29,shigu,石鼓,Shigu,0.0,6.56,12.46,1.46,3.153541035053544,1.25,12574572.0,14016408.0,792.5469,99.95,26.95,2014,757.48,-2.96,-0.42,1.13
2014-12-30,shigu,石鼓,Shigu,0.0,7.33,14.35,1.71,3.57495615954496,1.16,14140260.0,15744368.0,786.4844,99.95,26.95,2014,758.25,-3.11,-0.51,0.98
2014-12-31,shigu,石鼓,Shigu,0.0,9.39,15.27,2.65,3.283131228079021,0.66,12103826.0,13469992.0,780.90625,99.95,26.95,2014,760.1,-2.43,-0.14,0.4
2015-01-01,shigu,石鼓,Shigu,0.0,9.76,16.54,2.81,3.8647488874095313,1.15,13930010.0,15499720.0,775.3906,99.95,26.95,2015,759.67,-1.4,-0.3,1.04
2015-01-02,shigu,石鼓,Shigu,0.0,9.26,16.69,2.57,3.740357537144608,1.33,14164600.0,15761100.0,769.6719,99.95,26.95,2015,759.07,0.46,-0.52,1.21
2015-01-03,shigu,石鼓,Shigu,0.0,9.43,16.95,2.38,3.681318716139326,1.46,14186606.0,15787440.0,764.0469,99.95,26.95,2015,757.88,1.9,-0.58,1.32
2015-01-04,shigu,石鼓,Shigu,0.28,10.72,16.92,3.03,3.4750136760300374,1.39,12623206.0,14050008.0,758.8281,99.95,26.95,2015,754.1,3.45,-0.05,1.35
2015-01-05,shigu,石鼓,Shigu,1.88,6.75,11.69,2.13,2.279381880403508,1.14,10224464.0,11382520.0,756.5,99.95,26.95,2015,753.52,3.28,0.33,1.01
2015-01-06,shigu,石鼓,Shigu,0.03,6.67,12.0,1.93,2.803877982229485,1.09,11592800.0,12909656.0,763.65625,99.95,26.95,2015,755.95,-0.5,-0.38,0.97
2015-01-07,shigu,石鼓,Shigu,0.42,7.61,13.02,1.8,3.1912567188707035,0.99,12445656.0,13859956.0,770.8125,99.95,26.95,2015,757.68,-2.04,0.3,0.71
2015-01-08,shigu,石鼓,Shigu,5.36,5.25,10.01,0.96,2.275741395483056,0.53,10767424.0,12006636.0,767.34375,99.95,26.95,2015,758.68,2.47,0.04,0.24
2015-01-09,shigu,石鼓,Shigu,8.7,3.55,8.35,1.05,1.5639899936976938,0.84,8202550.0,9205020.0,757.8594,99.95,26.95,2015,758.48,2.22,0.27,-0.67
2015-01-10,shigu,石鼓,Shigu,5.19,1.14,3.05,-0.61,1.461716714212369,0.98,6726090.0,9557312.0,748.8125,99.95,26.95,2015,757.78,-0.31,0.43,-0.87
2015-01-11,shigu,石鼓,Shigu,1.68,-0.24,4.22,-7.0,1.9910620872300304,0.6,8518990.0,13093400.0,742.0625,99.95,26.95,2015,759.33,-2.92,-0.2,-0.01
2015-01-12,shigu,石鼓,Shigu,0.0,-1.91,5.01,-8.03,2.5374856720620467,0.81,11353946.0,16703056.0,735.2344,99.95,26.95,2015,760.57,-11.3,-0.53,0.59
2015-01-13,shigu,石鼓,Shigu,0.0,-0.46,7.26,-6.81,2.866492182983964,1.09,12901434.0,17818468.0,726.5156,99.95,26.95,2015,758.94,-10.02,-0.55,0.89
2015-01-14,shigu,石鼓,Shigu,0.0,1.15,9.16,-5.47,3.044359472977832,1.1,13703074.0,17745092.0,717.78125,99.95,26.95,2015,759.11,-8.04,-0.46,0.94
2015-01-15,shigu,石鼓,Shigu,0.0,1.96,9.77,-4.69,3.0307140371210366,1.19,14381416.0,17634520.0,709.8594,99.95,26.95,2015,759.45,-5.27,-0.57,1.01
2015-01-16,shigu,石鼓,Shigu,0.0,2.99,10.44,-4.01,3.042986472820711,1.03,14338556.0,16914096.0,702.8125,99.95,26.95,2015,759.48,-4.03,-0.51,0.84
2015-01-17,shigu,石鼓,Shigu,0.01,4.77,10.96,-1.44,3.2566571310390136,0.86,14420174.0,16604968.0,696.4844,99.95,26.95,2015,758.35,-3.36,-0.32,0.69
2015-01-18,shigu,石鼓,Shigu,12.44,1.72,5.27,-1.04,1.5879676430935368,0.62,8421626.0,9753364.0,690.9219,99.95,26.95,2015,758.14,0.09,0.22,-0.48
2015-01-19,shigu,石鼓,Shigu,2.22,-0.13,4.1,-6.2,1.682133685621239,0.75,7304440.0,11546692.0,686.3281,99.95,26.95,2015,757.49,-1.3,0.04,0.16
2015-01-20,shigu,石鼓,Shigu,0.07,0.13,6.94,-5.58,2.605930480569949,1.05,11708752.0,17159296.0,681.40625,99.95,26.95,2015,760.03,-4.35,-0.63,0.82
2015-01-21,shigu,石鼓,Shigu,0.0,1.7,9.66,-3.99,3.200249853160569,1.08,13839724.0,18488100.0,676.21875,99.95,26.95,2015,761.86,-7.06,-0.66,0.83
2015-01-22,shigu,石鼓,Shigu,0.0,2.75,10.57,-3.61,3.2400586026829017,1.36,14564680.0,18220400.0,670.8281,99.95,26.95,2015,758.82,-4.98,-0.75,1.12
2015-01-23,shigu,石鼓,Shigu,0.0,3.95,12.18,-2.8,3.2664491483352887,1.47,14817198.0,17666884.0,665.5156,99.95,26.95,2015,755.07,-3.1,-0.61,1.31
2015-01-24,shigu,石鼓,Shigu,0.0,4.05,11.43,-2.57,3.1111358866330305,1.53,14985712.0,17323636.0,660.4219,99.95,26.95,2015,756.13,-1.55,-0.74,1.32
2015-01-25,shigu,石鼓,Shigu,0.0,4.84,12.13,-1.15,3.169817750955765,1.23,14847042.0,16870520.0,655.6406,99.95,26.95,2015,757.96,-0.92,-0.59,1.05
2015-01-26,shigu,石鼓,Shigu,0.0,6.15,13.95,-0.07,3.374294024683056,1.35,15026736.0,16922852.0,651.5,99.95,26.95,2015,757.41,-0.18,-0.59,1.19
2015-01-27,shigu,石鼓,Shigu,0.0,7.81,15.67,-0.09,3.73716452991746,1.46,15497538.0,17379508.0,647.3906,99.95,26.95,2015,755.11,0.53,-0.53,1.35
2015-01-28,shigu,石鼓,Shigu,0.0,7.43,14.1,1.49,3.5757728981541312,1.54,14841098.0,16614088.0,644.0469,99.95,26.95,2015,754.89,0.0,-0.48,1.45
2015-01-29,shigu,石鼓,Shigu,0.06,8.41,14.66,1.89,3.890960566945432,1.44,15259296.0,17072192.0,643.8594,99.95,26.95,2015,756.01,-0.5,-0.11,1.41
2015-01-30,shigu,石鼓,Shigu,1.62,7.07,11.96,2.92,3.402351011484612,1.46,14240280.0,15940340.0,648.59375,99.95,26.95,2015,755.64,-0.21,0.54,1.31
2015-01-31,shigu,石鼓,Shigu,1.64,5.57,10.84,0.49,3.0451477137297327,1.2,13452408.0,15152568.0,658.2344,99.95,26.95,2015,757.19,-1.15,0.22,1.09
2015-02-01,shigu,石鼓,Shigu,0.53,5.2,11.1,0.56,3.5364212126504984,1.27,15367390.0,17253640.0,667.2031,99.95,26.95,2015,758.57,-4.58,-0.18,1.17
2015-02-02,shigu,石鼓,Shigu,0.0,5.53,11.99,0.06,3.8337086026171954,1.23,16790932.0,18821408.0,666.5781,99.95,26.95,2015,760.86,-4.32,-0.45,1.1
2015-02-03,shigu,石鼓,Shigu,0.0,5.91,12.55,0.01,3.998606738284221,1.31,17219996.0,19289240.0,658.59375,99.95,26.95,2015,760.57,-4.42,-0.56,1.17
2015-02-04,shigu,石鼓,Shigu,0.01,6.45,13.23,0.44,4.0091623609807865,1.39,17113828.0,19166700.0,648.625,99.95,26.95,2015,757.9,-3.01,-0.28,1.3
2015-02-05,shigu,石鼓,Shigu,0.3,6.45,11.96,0.85,2.947211804571718,1.11,12287194.0,13763244.0,639.125,99.95,26.95,2015,757.58,-0.98,-0.39,1.01
2015-02-06,shigu,石鼓,Shigu,0.19,5.73,12.12,0.2,3.1268050569039705,1.62,13789004.0,15447998.0,630.78125,99.95,26.95,2015,756.45,-1.03,-0.53,1.51
2015-02-07,shigu,石鼓,Shigu,0.0,6.69,13.69,-0.12,3.718232848632125,1.44,15971444.0,17894848.0,623.75,99.95,26.95,2015,756.31,-1.12,-0.44,1.33
2015-02-08,shigu,石鼓,Shigu,0.01,7.0,14.09,0.65,3.929327039028472,1.73,16506944.0,18497556.0,617.09375,99.95,26.95,2015,757.05,-1.53,-0.27,1.66
2015-02-09,shigu,石鼓,Shigu,0.03,7.0,13.88,0.32,3.979894211807108,1.7,16764712.0,18790168.0,610.5625,99.95,26.95,2015,757.5,-1.59,-0.43,1.6
2015-02-10,shigu,石鼓,Shigu,0.08,6.39,13.0,0.51,3.5463947037110466,1.71,15599016.0,17491296.0,605.65625,99.95,26.95,2015,756.75,-0.57,-0.57,1.58
2015-02-11,shigu,石鼓,Shigu,0.53,7.0,13.41,0.36,3.585194858043831,0.76,15101388.0,16934196.0,602.25,99.95,26.95,2015,757.06,-1.46,-0.24,0.57
2015-02-12,shigu,石鼓,Shigu,0.06,8.2,14.7,0.57,4.3797497657182,1.13,17352200.0,19460952.0,598.03125,99.95,26.95,2015,755.18,-2.85,-0.13,1.06
2015-02-13,shigu,石鼓,Shigu,0.81,6.59,12.94,1.58,3.729210864686733,1.14,15993896.0,17940924.0,591.875,99.95,26.95,2015,753.08,-1.64,0.34,1.02
2015-02-14,shigu,石鼓,Shigu,0.56,4.86,11.1,0.57,3.5383045526828045,1.43,16090738.0,18093372.0,584.90625,99.95,26.95,2015,752.93,-3.42,-0.21,1.39
2015-02-15,shigu,石鼓,Shigu,0.16,6.76,13.19,0.32,4.326121719301436,0.79,18316962.0,20576040.0,578.0625,99.95,26.95,2015,756.09,-4.35,0.17,0.6
2015-02-16,shigu,石鼓,Shigu,0.75,6.14,11.58,0.8,3.9740499782060064,0.99,17190566.0,19308116.0,571.28125,99.95,26.95,2015,757.12,-3.57,-0.09,0.89
2015-02-17,shigu,石鼓,Shigu,0.04,7.91,14.63,0.79,4.682879308662236,0.86,18633764.0,20926472.0,564.65625,99.95,26.95,2015,756.11,-6.22,-0.05,0.73
2015-02-18,shigu,石鼓,Shigu,0.0,8.11,14.23,1.41,4.7561356996278645,1.39,18221430.0,20465904.0,558.375,99.95,26.95,2015,755.38,-5.96,-0.1,1.32
2015-02-19,shigu,石鼓,Shigu,0.43,7.2,13.61,1.39,4.003046881424861,1.55,16529674.0,18569768.0,552.59375,99.95,26.95,2015,755.55,-1.88,-0.18,1.52
2015-02-20,shigu,石鼓,Shigu,0.22,6.4,13.29,-0.69,3.940263234958567,1.51,17179924.0,19330988.0,547.40625,99.95,26.95,2015,756.17,-1.76,-0.48,1.42
2015-02-21,shigu,石鼓,Shigu,0.02,8.43,15.84,-1.01,4.755308544521124,1.32,18926680.0,21282244.0,542.8125,99.95,26.95,2015,755.12,-2.42,-0.1,1.26
2015-02-22,shigu,石鼓,Shigu,0.89,5.86,12.54,0.59,3.1203356881744155,1.28,14303758.0,16084622.0,538.15625,99.95,26.95,2015,756.68,0.61,-0.25,1.23
2015-02-23,shigu,石鼓,Shigu,0.0,8.03,15.82,0.53,4.634585776565727,1.47,18947274.0,21310452.0,533.6875,99.95,26.95,2015,756.47,-1.72,-0.58,1.34
2015-02-24,shigu,石鼓,Shigu,0.0,9.26,17.36,1.08,4.830319829853709,1.64,19375304.0,21796086.0,529.6875,99.95,26.95,2015,754.81,0.66,-0.51,1.54
2015-02-25,shigu,石鼓,Shigu,0.0,10.22,18.08,2.55,4.556973829279364,1.66,17559248.0,19758630.0,526.90625,99.95,26.95,2015,753.85,2.27,-0.47,1.58
2015-02-26,shigu,石鼓,Shigu,0.42,9.54,17.0,3.94,3.5373799222332494,1.69,13980898.0,15736190.0,527.15625,99.95,26.95,2015,753.81,3.67,-0.19,1.65
2015-02-27,shigu,石鼓,Shigu,0.79,9.04,15.89,2.13,4.222779365289342,1.73,17044874.0,19189808.0,532.5625,99.95,26.95,2015,755.32,1.74,-0.04,1.68
2015-02-28,shigu,石鼓,Shigu,0.01,10.2,18.34,2.01,4.621273101154195,1.84,17729310.0,19966014.0,546.625,99.95,26.95,2015,758.13,2.03,-0.41,1.76
2015-03-01,shigu,石鼓,Shigu,0.0,11.52,19.99,2.08,5.247913617873113,1.65,19100062.0,21514960.0,566.8125,99.95,26.95,2015,758.55,1.79,-0.32,1.59
2015-03-02,shigu,石鼓,Shigu,0.25,10.23,18.99,3.56,5.043473707844403,2.03,20057058.0,22598914.0,584.125,99.95,26.95,2015,755.43,2.47,-0.56,1.94
2015-03-03,shigu,石鼓,Shigu,0.81,10.37,17.47,3.62,4.409112497244996,1.65,16534606.0,18635646.0,597.59375,99.95,26.95,2015,752.06,2.06,0.13,1.61
2015-03-04,shigu,石鼓,Shigu,0.8,9.83,16.62,4.95,4.477242267746925,1.99,16933258.0,19100958.0,614.375,99.95,26.95,2015,752.31,1.15,0.47,1.92
2015-03-05,shigu,石鼓,Shigu,0.82,8.93,15.14,3.55,4.171436335451583,1.77,15778570.0,17811804.0,638.0625,99.95,26.95,2015,754.59,-0.47,0.03,1.73
2015-03-06,shigu,石鼓,Shigu,0.04,9.67,16.39,3.2,4.490329655556312,1.63,16371557.0,18479140.0,662.15625,99.95,26.95,2015,755.52,-1.13,-0.09,1.57
2015-03-07,shigu,石鼓,Shigu,0.01,10.13,17.21,3.01,5.033099805096518,1.83,18206104.0,20549744.0,675.8125,99.95,26.95,2015,756.12,-1.52,-0.18,1.74
2015-03-08,shigu,石鼓,Shigu,0.0,10.63,17.77,2.39,5.4717820282556895,1.46,20106020.0,22694614.0,676.53125,99.95,26.95,2015,758.28,-1.36,-0.41,1.37
2015-03-09,shigu,石鼓,Shigu,0.0,12.68,19.86,3.96,6.080232871238646,1.64,20832144.0,23517916.0,666.75,99.95,26.95,2015,759.21,-0.06,-0.25,1.59
2015-03-10,shigu,石鼓,Shigu,0.33,11.8,19.16,3.87,5.4755233946616615,1.82,19303906.0,21797502.0,651.03125,99.95,26.95,2015,758.63,0.9,-0.23,1.75
2015-03-11,shigu,石鼓,Shigu,0.44,10.4,17.97,3.55,5.359540908821097,1.72,20076974.0,22676460.0,634.875,99.95,26.95,2015,759.68,-0.24,-0.51,1.6
2015-03-12,shigu,石鼓,Shigu,0.0,12.07,20.45,3.75,6.11885488922037,1.51,21633944.0,24441404.0,620.96875,99.95,26.95,2015,757.98,-0.61,-0.44,1.42
2015-03-13,shigu,石鼓,Shigu,0.0,12.67,20.6,3.97,6.075506009681263,1.7,21125728.0,23873952.0,605.9375,99.95,26.95,2015,756.81,0.97,-0.29,1.65
2015-03-14,shigu,石鼓,Shigu,0.04,12.02,19.67,4.52,5.466366071103276,1.93,19006366.0,21484520.0,588.84375,99.95,26.95,2015,757.32,1.18,-0.23,1.86
2015-03-15,shigu,石鼓,Shigu,0.01,12.21,19.69,4.33,5.490239000790255,1.94,19633274.0,22199740.0,572.21875,99.95,26.95,2015,757.98,2.78,-0.58,1.84
2015-03-16,shigu,石鼓,Shigu,0.05,11.68,20.58,3.97,5.469358884717754,2.01,20121490.0,22756712.0,558.625,99.95,26.95,2015,757.12,2.59,-0.33,1.96
2015-03-17,shigu,石鼓,Shigu,0.4,12.04,19.2,3.89,5.6292165425849685,1.73,20201202.0,22851824.0,548.6875,99.95,26.95,2015,755.29,1.95,-0.2,1.68
2015-03-18,shigu,石鼓,Shigu,0.3,12.24,19.27,4.72,5.621905534314588,1.67,19685176.0,22273036.0,544.3125,99.95,26.95,2015,755.83,1.29,-0.22,1.62
2015-03-19,shigu,石鼓,Shigu,1.16,11.7,18.37,3.73,5.759745296565309,1.67,20733068.0,23463456.0,548.4375,99.95,26.95,2015,757.45,0.69,-0.11,1.59
2015-03-20,shigu,石鼓,Shigu,0.01,11.86,19.29,3.25,5.839662528166912,1.67,20437976.0,23134996.0,557.90625,99.95,26.95,2015,759.31,-0.56,-0.27,1.56
2015-03-21,shigu,石鼓,Shigu,0.09,13.5,21.5,4.85,6.7598007854636215,1.44,22411660.0,25374172.0,567.21875,99.95,26.95,2015,758.86,-2.35,-0.11,1.34
2015-03-22,shigu,石鼓,Shigu,0.18,13.05,20.53,5.38,6.325639509050244,1.65,21290570.0,24110156.0,571.25,99.95,26.95,2015,758.13,-0.47,-0.36,1.57
2015-03-23,shigu,石鼓,Shigu,0.27,13.49,20.62,5.44,6.333640040083264,1.22,21191012.0,24002690.0,569.65625,99.95,26.95,2015,758.59,-1.12,0.19,0.96
2015-03-24,shigu,石鼓,Shigu,3.49,11.43,18.58,5.18,4.853102755196422,0.67,18328348.0,20764914.0,566.28125,99.95,26.95,2015,760.6,4.02,0.01,0.42
2015-03-25,shigu,石鼓,Shigu,0.7,11.06,16.94,4.62,4.279882618704711,0.93,16364410.0,18543428.0,564.0,99.95,26.95,2015,761.1,4.8,0.11,0.83
2015-03-26,shigu,石鼓,Shigu,2.0,11.56,18.02,5.41,4.805291776413772,0.77,18129596.0,20548674.0,562.40625,99.95,26.95,2015,761.63,4.55,0.3,0.41
2015-03-27,shigu,石鼓,Shigu,0.62,12.71,19.39,6.04,5.2674309898371785,1.0,18751136.0,21257630.0,558.75,99.95,26.95,2015,759.51,3.41,0.02,0.95
2015-03-28,shigu,石鼓,Shigu,0.4,11.96,18.6,5.42,4.842532877384127,1.38,17578000.0,19932204.0,550.84375,99.95,26.95,2015,757.4,3.83,-0.03,1.33
2015-03-29,shigu,石鼓,Shigu,0.08,13.88,21.9,6.34,6.223705236057715,1.32,21169496.0,24010178.0,541.125,99.95,26.95,2015,756.48,2.52,-0.2,1.26
2015-03-30,shigu,石鼓,Shigu,0.01,14.07,22.95,5.92,6.4181811894639305,1.74,21872152.0,24812552.0,532.03125,99.95,26.95,2015,755.13,3.53,-0.31,1.7
2015-03-31,shigu,石鼓,Shigu,0.14,12.82,20.52,6.12,4.760578885804764,1.86,16507626.0,18731284.0,526.59375,99.95,26.95,2015,754.02,4.86,-0.16,1.83
2015-04-01,shigu,石鼓,Shigu,0.33,11.39,19.17,4.26,4.944549003695982,1.86,18032782.0,20466182.0,528.03125,99.95,26.95,2015,753.21,2.76,-0.29,1.82
2015-04-02,shigu,石鼓,Shigu,0.72,11.85,18.82,4.74,5.177261525740902,1.67,18812768.0,21355990.0,538.34375,99.95,26.95,2015,751.11,3.14,-0.08,1.65
2015-04-03,shigu,石鼓,Shigu,0.44,11.98,18.55,5.59,4.932770970603295,1.79,17259412.0,19596656.0,553.96875,99.95,26.95,2015,750.6,2.71,-0.25,1.77
2015-04-04,shigu,石鼓,Shigu,0.89,12.38,20.06,5.0,5.719507584314097,1.76,20624904.0,23423356.0,573.875,99.95,26.95,2015,752.85,3.12,-0.03,1.74
2015-04-05,shigu,石鼓,Shigu,0.76,12.9,19.56,5.32,5.485785473271261,1.56,18827780.0,21386964.0,598.375,99.95,26.95,2015,755.19,2.58,0.14,1.52
2015-04-06,shigu,石鼓,Shigu,1.25,11.2,17.95,5.88,4.22529159515142,1.31,15818378.0,17973250.0,633.5625,99.95,26.95,2015,756.08,4.51,0.26,1.22
2015-04-07,shigu,石鼓,Shigu,0.46,12.95,19.17,5.29,5.091087564303166,1.43,17431030.0,19808678.0,678.96875,99.95,26.95,2015,757.14,3.38,-0.05,1.39
2015-04-08,shigu,石鼓,Shigu,1.39,12.85,19.62,5.48,5.874772496968089,1.68,20954326.0,23818406.0,717.25,99.95,26.95,2015,756.06,3.57,0.07,1.64
2015-04-09,shigu,石鼓,Shigu,0.9,12.58,19.36,5.49,5.990721626974849,1.59,21094376.0,23983094.0,735.375,99.95,26.95,2015,756.17,1.76,-0.12,1.57
2015-04-10,shigu,石鼓,Shigu,0.91,11.84,18.28,5.13,5.702475854933945,1.58,20553730.0,23373558.0,741.8125,99.95,26.95,2015,756.61,1.48,0.05,1.51
2015-04-11,shigu,石鼓,Shigu,6.26,11.69,18.87,5.19,5.434643555414122,0.81,20595836.0,23426060.0,746.03125,99.95,26.95,2015,759.7,4.55,0.0,0.33
2015-04-12,shigu,石鼓,Shigu,4.48,7.07,9.55,3.5,2.209347082472727,0.86,9481836.0,10825062.0,751.03125,99.95,26.95,2015,765.07,3.68,0.12,-0.47
2015-04-13,shigu,石鼓,Shigu,2.98,11.95,17.38,4.23,4.692627129522731,0.57,17528010.0,19986466.0,758.6875,99.95,26.95,2015,761.84,5.87,0.08,0.48
2015-04-14,shigu,石鼓,Shigu,0.33,12.88,19.59,6.53,4.695321326693988,1.71,16801832.0,19134418.0,764.125,99.95,26.95,2015,757.98,6.14,-0.31,1.66
2015-04-15,shigu,石鼓,Shigu,0.0,16.07,23.4,7.79,7.315437901842405,1.09,23676008.0,26956962.0,760.28125,99.95,26.95,2015,758.94,2.97,-0.4,0.95
2015-04-16,shigu,石鼓,Shigu,0.32,16.08,23.05,8.59,6.375625713318742,1.73,20624600.0,23482666.0,747.46875,99.95,26.95,2015,757.18,6.7,-0.16,1.7
2015-04-17,shigu,石鼓,Shigu,0.14,14.22,21.27,7.23,5.7047190157863925,1.95,19969050.0,22737656.0,732.03125,99.95,26.95,2015,754.34,6.73,-0.3,1.9
2015-04-18,shigu,石鼓,Shigu,1.09,14.64,21.55,8.19,6.026444185393946,1.68,20861540.0,23755780.0,722.1875,99.95,26.95,2015,753.68,6.71,0.1,1.65
2015-04-19,shigu,石鼓,Shigu,0.76,12.05,18.34,6.36,4.765006032980168,1.67,17591708.0,20034408.0,728.3125,99.95,26.95,2015,755.78,5.18,-0.14,1.62
2015-04-20,shigu,石鼓,Shigu,0.0,14.55,22.66,6.99,7.148768636248102,1.46,24157892.0,27514312.0,757.40625,99.95,26.95,2015,756.09,2.62,-0.18,1.4
2015-04-21,shigu,石鼓,Shigu,6.83,13.83,22.01,8.7,5.7509479605984914,0.74,20746848.0,23631536.0,789.1875,99.95,26.95,2015,755.62,7.61,0.41,0.36
2015-04-22,shigu,石鼓,Shigu,10.79,11.81,15.04,9.29,2.566397977285999,0.82,10073474.0,11474714.0,811.6875,99.95,26.95,2015,756.47,10.03,0.77,-0.28
2015-04-23,shigu,石鼓,Shigu,1.66,12.48,18.3,6.05,4.1492678484701,1.15,15248730.0,17372098.0,848.03125,99.95,26.95,2015,758.26,7.02,0.32,0.98
2015-04-24,shigu,石鼓,Shigu,4.43,13.17,18.7,7.64,4.801806826070508,0.64,17436014.0,19865756.0,913.28125,99.95,26.95,2015,759.62,7.37,0.35,0.35
2015-04-25,shigu,石鼓,Shigu,9.82,12.86,18.81,9.74,4.647260336180151,0.58,17413530.0,19841362.0,972.125,99.95,26.95,2015,759.1,9.28,0.42,0.06
2015-04-26,shigu,石鼓,Shigu,3.53,12.59,16.67,9.07,3.652641531712203,0.94,13504490.0,15389116.0,1021.625,99.95,26.95,2015,758.25,8.29,0.06,0.9
2015-04-27,shigu,石鼓,Shigu,1.5,12.95,18.77,7.0,4.8824392582977225,0.94,18077158.0,20601702.0,1070.2812,99.95,26.95,2015,757.27,7.65,0.07,0.85
2015-04-28,shigu,石鼓,Shigu,2.2,13.74,19.59,8.31,5.678396197777518,0.72,20420272.0,23273828.0,1104.6562,99.95,26.95,2015,757.12,7.19,0.1,0.4
2015-04-29,shigu,石鼓,Shigu,2.87,14.31,19.58,9.01,5.688813967414989,0.9,20104922.0,22916620.0,1116.3125,99.95,26.95,2015,756.36,7.51,0.36,0.61
2015-04-30,shigu,石鼓,Shigu,1.14,13.83,19.97,6.73,6.146372554904697,1.57,21996668.0,25075116.0,1104.7812,99.95,26.95,2015,754.88,6.01,0.09,1.5
2015-05-01,shigu,石鼓,Shigu,0.05,14.95,22.19,6.35,6.694150234841567,1.49,22826178.0,26023088.0,1079.0938,99.95,26.95,2015,754.99,5.57,-0.18,1.43
2015-05-02,shigu,石鼓,Shigu,0.12,15.82,22.35,8.43,6.158118478636402,1.54,20154888.0,22979536.0,1051.2188,99.95,26.95,2015,755.41,6.83,0.05,1.5
2015-05-03,shigu,石鼓,Shigu,0.01,16.68,23.66,9.0,6.356194048899101,1.72,19846282.0,22629588.0,1034.3438,99.95,26.95,2015,756.05,6.69,-0.23,1.68
2015-05-04,shigu,石鼓,Shigu,0.0,16.77,23.63,9.08,6.742353843355559,1.66,20863352.0,23791836.0,1038.625,99.95,26.95,2015,756.27,5.48,-0.1,1.63
2015-05-05,shigu,石鼓,Shigu,0.0,15.98,23.27,8.56,7.025016440026675,2.04,22769534.0,25967776.0,1059.4375,99.95,26.95,2015,754.31,5.67,-0.33,1.99
2015-05-06,shigu,石鼓,Shigu,0.15,16.2,24.06,8.26,7.203786489680398,1.41,23553272.0,26863964.0,1086.1562,99.95,26.95,2015,754.99,5.61,-0.06,1.32
2015-05-07,shigu,石鼓,Shigu,0.36,16.13,23.51,9.63,7.173845119161135,1.77,23085700.0,26333084.0,1117.875,99.95,26.95,2015,755.49,5.07,-0.27,1.73
2015-05-08,shigu,石鼓,Shigu,5.76,14.26,22.31,8.88,5.872916938833653,0.71,21011640.0,23969356.0,1154.5938,99.95,26.95,2015,755.99,8.39,-0.09,0.47
2015-05-09,shigu,石鼓,Shigu,2.25,14.36,21.05,7.35,5.3508492128102505,0.86,19016484.0,21695272.0,1192.0312,99.95,26.95,2015,754.92,8.61,0.11,0.68
2015-05-10,shigu,石鼓,Shigu,0.0,17.32,24.84,9.74,7.760310556451807,1.45,24669046.0,28146436.0,1222.0938,99.95,26.95,2015,755.24,6.1,-0.35,1.38
2015-05-11,shigu,石鼓,Shigu,2.67,17.28,25.06,11.79,6.637473719077308,0.89,21683334.0,24742328.0,1232.875,99.95,26.95,2015,757.7,9.23,0.21,0.14
2015-05-12,shigu,石鼓,Shigu,0.77,15.99,23.0,9.22,4.603755385381969,1.39,14843444.0,16939168.0,1233.6875,99.95,26.95,2015,755.83,9.31,-0.1,1.37
2015-05-13,shigu,石鼓,Shigu,0.36,16.34,23.42,9.08,6.530782956181056,1.84,21499360.0,24536454.0,1234.0312,99.95,26.95,2015,754.56,8.03,-0.23,1.81
2015-05-14,shigu,石鼓,Shigu,0.07,17.15,23.08,11.19,5.517670517978528,1.68,17007244.0,19412082.0,1239.3438,99.95,26.95,2015,755.35,8.93,-0.34,1.63
2015-05-15,shigu,石鼓,Shigu,3.85,18.35,24.38,13.04,5.952952306135527,0.74,18847988.0,21514672.0,1264.9688,99.95,26.95,2015,756.34,10.68,-0.08,0.65
2015-05-16,shigu,石鼓,Shigu,0.55,17.59,22.13,13.08,4.855118153592844,1.14,15377392.0,17556460.0,1319.1875,99.95,26.95,2015,754.72,11.29,0.31,0.96
2015-05-17,shigu,石鼓,Shigu,0.58,17.01,23.56,11.89,5.006256124845843,1.59,15827444.0,18072816.0,1413.125,99.95,26.95,2015,753.62,10.31,-0.02,1.56
2015-05-18,shigu,石鼓,Shigu,0.72,16.01,21.46,10.74,4.156509446518865,1.12,13584114.0,15513768.0,1580.1562,99.95,26.95,2015,754.9,10.29,0.09,1.02
2015-05-19,shigu,石鼓,Shigu,0.33,18.55,24.49,11.83,6.912629970836166,1.33,21265816.0,24290528.0,1834.9375,99.95,26.95,2015,753.61,8.97,-0.08,1.26
2015-05-20,shigu,石鼓,Shigu,0.99,20.22,25.53,13.62,7.159618295285973,0.82,21274090.0,24303592.0,2112.0938,99.95,26.95,2015,754.12,8.65,0.37,0.21
2015-05-21,shigu,石鼓,Shigu,1.51,19.98,25.69,13.19,6.823984435420464,0.88,20571418.0,23504832.0,2280.875,99.95,26.95,2015,753.66,10.37,0.42,0.46
2015-05-22,shigu,石鼓,Shigu,0.61,20.28,25.97,13.63,7.27753706960515,1.21,21379704.0,24432312.0,2317.9062,99.95,26.95,2015,752.56,9.64,0.28,1.15
2015-05-23,shigu,石鼓,Shigu,0.56,19.38,25.09,11.92,6.6044706016760495,1.27,19376964.0,22146716.0,2326.6562,99.95,26.95,2015,752.76,8.73,0.18,1.21
2015-05-24,shigu,石鼓,Shigu,0.02,18.62,25.67,11.71,6.566508882647014,1.65,19223236.0,21975126.0,2388.9688,99.95,26.95,2015,753.16,8.03,-0.01,1.63
2015-05-25,shigu,石鼓,Shigu,0.12,18.86,25.56,11.41,7.19089146430983,1.82,21194314.0,24231764.0,2496.5312,99.95,26.95,2015,753.54,8.06,-0.22,1.8
2015-05-26,shigu,石鼓,Shigu,0.0,18.9,25.98,11.37,6.632162814832653,1.81,19216066.0,21974640.0,2580.4688,99.95,26.95,2015,754.15,8.54,-0.32,1.77
2015-05-27,shigu,石鼓,Shigu,0.01,19.26,26.71,11.7,7.126716654786259,1.81,20417114.0,23352056.0,2614.25,99.95,26.95,2015,753.13,7.82,-0.16,1.78
2015-05-28,shigu,石鼓,Shigu,0.0,19.66,27.81,11.92,8.048545359065143,1.99,23341440.0,26701244.0,2628.7812,99.95,26.95,2015,752.44,7.94,-0.25,1.96
2015-05-29,shigu,石鼓,Shigu,0.33,20.29,27.56,12.89,7.735134570510117,1.64,22112942.0,25299924.0,2632.9062,99.95,26.95,2015,754.36,8.53,-0.08,1.56
2015-05-30,shigu,石鼓,Shigu,2.27,19.75,27.26,13.46,7.192492440449593,1.07,22080160.0,25266232.0,2622.5312,99.95,26.95,2015,755.16,11.25,0.23,0.89
2015-05-31,shigu,石鼓,Shigu,0.04,19.24,25.49,13.54,6.392358870695275,1.62,18807668.0,21527000.0,2609.2812,99.95,26.95,2015,752.92,10.08,0.12,1.61
2015-06-01,shigu,石鼓,Shigu,0.08,19.39,26.79,12.43,6.2437022142780325,1.68,17971998.0,20573340.0,2590.625,99.95,26.95,2015,753.01,9.92,-0.1,1.66
2015-06-02,shigu,石鼓,Shigu,0.01,20.39,27.29,13.28,6.892289052875105,1.78,18914978.0,21656664.0,2543.125,99.95,26.95,2015,754.26,9.06,-0.44,1.71
2015-06-03,shigu,石鼓,Shigu,0.0,21.18,28.16,13.73,7.1075069218330365,1.39,19548446.0,22384460.0,2469.0938,99.95,26.95,2015,755.23,8.99,-0.09,1.36
2015-06-04,shigu,石鼓,Shigu,0.13,22.14,28.44,15.34,7.628918652568195,1.17,21235556.0,24320616.0,2400.0938,99.95,26.95,2015,755.22,10.05,0.14,1.1
2015-06-05,shigu,石鼓,Shigu,0.34,21.61,27.75,15.46,7.265313237942365,1.32,20350442.0,23309748.0,2367.0625,99.95,26.95,2015,753.66,10.62,0.3,1.26
2015-06-06,shigu,石鼓,Shigu,0.18,20.71,27.0,14.33,6.268309587292618,1.61,17373178.0,19904204.0,2402.2188,99.95,26.95,2015,752.79,11.06,-0.03,1.61
2015-06-07,shigu,石鼓,Shigu,0.15,20.82,27.14,14.97,6.617989237881877,1.59,18646406.0,21366256.0,2505.0625,99.95,26.95,2015,752.77,11.28,0.06,1.59
2015-06-08,shigu,石鼓,Shigu,1.38,21.28,27.9,16.41,6.315412623642487,0.89,18054252.0,20688512.0,2632.0312,99.95,26.95,2015,752.89,10.98,0.46,0.54
2015-06-09,shigu,石鼓,Shigu,0.61,20.74,26.16,15.23,6.178013092054628,1.32,17164850.0,19672312.0,2783.1562,99.95,26.95,2015,752.94,10.38,-0.07,1.27
2015-06-10,shigu,石鼓,Shigu,4.2,18.98,23.8,14.75,4.641113650743,0.98,13609846.0,15604032.0,3015.0,99.95,26.95,2015,755.0,10.98,-0.23,0.78
2015-06-11,shigu,石鼓,Shigu,6.92,16.2,19.2,13.83,3.15043959865626,0.9,10376112.0,11896536.0,3252.8125,99.95,26.95,2015,756.79,12.36,0.64,-0.54
2015-06-12,shigu,石鼓,Shigu,2.98,16.05,20.13,13.42,3.440714487433123,0.9,11765852.0,13495276.0,3319.25,99.95,26.95,2015,754.69,13.01,0.49,0.69
2015-06-13,shigu,石鼓,Shigu,2.76,18.71,23.59,13.88,5.737997232071532,1.18,18017826.0,20666176.0,3238.1562,99.95,26.95,2015,752.96,12.36,0.4,1.1
2015-06-14,shigu,石鼓,Shigu,1.93,18.37,23.86,14.05,4.874458523875072,0.96,15360952.0,17623848.0,3152.1875,99.95,26.95,2015,753.47,12.74,0.37,0.82
2015-06-15,shigu,石鼓,Shigu,0.22,20.2,25.37,14.86,6.167962581513576,1.19,18182098.0,20860852.0,3161.0312,99.95,26.95,2015,753.14,11.9,0.48,1.06
2015-06-16,shigu,石鼓,Shigu,0.41,20.49,25.8,15.62,6.2373659230670135,1.45,18126524.0,20804672.0,3274.0625,99.95,26.95,2015,752.76,12.36,0.38,1.39
2015-06-17,shigu,石鼓,Shigu,1.68,19.98,25.94,15.46,5.703300430224828,1.09,17200896.0,19748400.0,3455.4062,99.95,26.95,2015,752.53,13.17,0.36,0.99
2015-06-18,shigu,石鼓,Shigu,2.5,18.94,24.0,14.83,4.716231839514653,0.76,14675754.0,16855016.0,3610.0938,99.95,26.95,2015,753.82,13.35,0.26,0.63
2015-06-19,shigu,石鼓,Shigu,14.67,17.74,23.25,15.03,3.770736275055457,0.52,12483492.0,14337436.0,3675.3438,99.95,26.95,2015,754.45,15.26,0.23,0.25
2015-06-20,shigu,石鼓,Shigu,2.97,19.43,25.15,14.44,5.775675034335028,1.04,18131388.0,20834252.0,3743.2812,99.95,26.95,2015,754.09,13.95,0.21,0.92
2015-06-21,shigu,石鼓,Shigu,0.91,19.93,25.71,15.37,5.946564786652992,0.84,18187356.0,20904352.0,3918.9062,99.95,26.95,2015,753.41,13.17,0.12,0.75
2015-06-22,shigu,石鼓,Shigu,0.3,20.39,26.09,15.19,5.800990293057224,1.28,17082438.0,19641544.0,4166.2812,99.95,26.95,2015,751.15,13.18,0.1,1.26
2015-06-23,shigu,石鼓,Shigu,0.13,21.34,28.14,15.41,6.591952872638543,1.43,18954532.0,21798992.0,4332.9375,99.95,26.95,2015,750.77,13.21,-0.01,1.42
2015-06-24,shigu,石鼓,Shigu,0.2,22.31,27.43,16.8,6.945102636490308,1.0,19567786.0,22511516.0,4357.4062,99.95,26.95,2015,750.94,12.33,0.13,0.85
2015-06-25,shigu,石鼓,Shigu,7.34,20.27,25.73,15.8,5.335149226179754,0.88,16207198.0,18648908.0,4344.625,99.95,26.95,2015,750.82,14.51,0.65,0.03
2015-06-26,shigu,石鼓,Shigu,1.44,21.17,27.21,16.55,6.449293162523007,1.23,19146148.0,22037184.0,4446.9062,99.95,26.95,2015,750.43,14.33,0.81,0.82
2015-06-27,shigu,石鼓,Shigu,2.77,20.65,26.74,16.07,5.573658541631555,1.25,16605246.0,19119992.0,4637.2812,99.95,26.95,2015,753.58,14.57,0.44,1.14
2015-06-28,shigu,石鼓,Shigu,0.23,21.61,28.44,15.87,6.723215940069176,1.62,19104240.0,22003396.0,4751.75,99.95,26.95,2015,754.72,13.48,-0.03,1.61
2015-06-29,shigu,石鼓,Shigu,0.35,20.89,27.29,16.17,5.767871299033072,1.53,16640304.0,19171996.0,4758.4688,99.95,26.95,2015,753.76,13.92,0.08,1.51
2015-06-30,shigu,石鼓,Shigu,2.78,20.65,26.47,17.05,5.109876097032821,1.11,14956884.0,17236808.0,4722.4062,99.95,26.95,2015,753.5,14.27,0.4,1.02
2015-07-01,shigu,石鼓,Shigu,3.33,19.67,25.8,15.93,4.5877527484490015,1.04,13957064.0,16088876.0,4755.9062,99.95,26.95,2015,753.37,14.56,0.28,0.96
2015-07-02,shigu,石鼓,Shigu,0.49,21.62,27.81,16.61,6.18259010714366,1.18,17447454.0,20119112.0,4960.7812,99.95,26.95,2015,751.99,13.04,0.17,1.15
2015-07-03,shigu,石鼓,Shigu,3.69,21.15,26.67,16.38,6.090432559517104,1.03,17571646.0,20267824.0,5301.7188,99.95,26.95,2015,751.53,12.88,0.5,0.73
2015-07-04,shigu,石鼓,Shigu,21.35,18.86,23.66,15.16,4.38497856837306,0.8,13804046.0,15925960.0,5699.0,99.95,26.95,2015,752.03,14.51,0.71,0.06
2015-07-05,shigu,石鼓,Shigu,22.09,14.11,15.77,12.33,1.38005230668883,0.69,5094126.0,5879632.0,6183.75,99.95,26.95,2015,755.46,13.57,0.28,-0.57
2015-07-06,shigu,石鼓,Shigu,1.24,18.03,22.48,12.8,5.514605881249479,0.75,17724568.0,20463404.0,6690.7812,99.95,26.95,2015,754.99,12.5,0.29,-0.44
2015-07-07,shigu,石鼓,Shigu,1.27,19.51,23.63,15.24,6.25940763756745,0.78,19137892.0,22101764.0,6912.0312,99.95,26.95,2015,754.83,11.76,0.33,-0.24
2015-07-08,shigu,石鼓,Shigu,1.08,19.51,24.1,15.31,6.21870675522335,0.71,19179960.0,22156116.0,6798.4375,99.95,26.95,2015,754.44,12.45,0.35,0.32
2015-07-09,shigu,石鼓,Shigu,19.27,17.41,23.17,14.08,4.558359024028273,0.7,15129090.0,17481696.0,6653.5312,99.95,26.95,2015,755.57,14.08,0.22,-0.39
2015-07-10,shigu,石鼓,Shigu,3.9,16.42,20.61,12.87,3.607208016647759,0.72,11952294.0,13814628.0,6664.625,99.95,26.95,2015,756.77,12.68,0.36,-0.32
2015-07-11,shigu,石鼓,Shigu,0.89,19.74,25.13,14.11,6.987785451195599,0.68,21758446.0,25157776.0,6783.0938,99.95,26.95,2015,754.51,13.19,0.41,0.2
2015-07-12,shigu,石鼓,Shigu,1.29,21.02,25.84,15.7,5.570111900033821,0.71,16356798.0,18918192.0,6843.9688,99.95,26.95,2015,753.23,13.62,0.32,0.26
2015-07-13,shigu,石鼓,Shigu,13.13,18.11,23.32,14.81,3.9911383839116494,0.62,13217206.0,15291126.0,6794.25,99.95,26.95,2015,753.74,16.16,0.36,0.01
2015-07-14,shigu,石鼓,Shigu,2.02,20.04,24.37,15.4,5.399099950394343,0.75,16456578.0,19044198.0,6678.75,99.95,26.95,2015,751.55,14.26,0.36,0.41
2015-07-15,shigu,石鼓,Shigu,20.37,15.89,21.19,12.48,2.7434890674433547,0.65,9534310.0,11036932.0,6595.0312,99.95,26.95,2015,753.74,14.44,0.08,-0.55
2015-07-16,shigu,石鼓,Shigu,4.06,14.53,17.76,12.2,3.0750541631934287,0.74,10707092.0,12388858.0,6599.375,99.95,26.95,2015,754.2,11.46,0.48,-0.5
2015-07-17,shigu,石鼓,Shigu,3.47,14.11,16.68,12.17,2.8664710788985297,0.76,10228388.0,11830512.0,6590.125,99.95,26.95,2015,754.88,11.7,0.53,-0.49
2015-07-18,shigu,石鼓,Shigu,2.7,16.15,20.26,12.63,4.011556793270672,0.84,13480116.0,15584316.0,6438.0,99.95,26.95,2015,754.25,12.28,0.59,-0.5
2015-07-19,shigu,石鼓,Shigu,2.54,15.51,18.74,13.1,3.4183212584877807,0.64,11760948.0,13590528.0,6178.5312,99.95,26.95,2015,755.22,12.71,0.35,-0.45
2015-07-20,shigu,石鼓,Shigu,5.32,17.1,21.2,14.24,4.317700703839203,0.73,14259878.0,16472658.0,5888.0,99.95,26.95,2015,755.19,13.24,0.54,-0.4
2015-07-21,shigu,石鼓,Shigu,4.94,17.23,20.65,14.36,3.7379629178491673,0.67,12727442.0,14696312.0,5613.7812,99.95,26.95,2015,755.07,15.58,0.36,0.34
2015-07-22,shigu,石鼓,Shigu,1.29,18.49,23.33,14.96,4.694350978421436,1.06,14955036.0,17262038.0,5377.8438,99.95,26.95,2015,754.57,14.03,-0.03,1.05
2015-07-23,shigu,石鼓,Shigu,16.55,15.62,18.25,13.06,2.3138741140299817,0.53,7953290.0,9176480.0,5223.6875,99.95,26.95,2015,756.36,13.89,-0.03,0.04
2015-07-24,shigu,石鼓,Shigu,6.7,13.71,16.3,8.95,2.123686060113232,0.54,7767220.0,8957088.0,5132.797000000001,99.95,26.95,2015,757.49,12.59,0.06,-0.15
2015-07-25,shigu,石鼓,Shigu,0.17,18.12,23.86,10.64,7.625505680805538,0.82,24386230.0,28111594.0,5013.7188,99.95,26.95,2015,755.6,9.44,0.12,-0.37
2015-07-26,shigu,石鼓,Shigu,4.89,17.91,24.46,11.68,6.500025721964367,0.8,21196910.0,24426068.0,4834.5156,99.95,26.95,2015,755.78,12.02,-0.01,0.0
2015-07-27,shigu,石鼓,Shigu,13.54,16.13,22.22,12.07,5.394560816176913,0.69,18741278.0,21587080.0,4607.375,99.95,26.95,2015,755.54,13.03,0.23,0.14
2015-07-28,shigu,石鼓,Shigu,20.37,15.69,21.06,12.74,4.871828780690612,0.66,17135912.0,19729822.0,4390.2812,99.95,26.95,2015,755.26,13.11,0.26,-0.16
2015-07-29,shigu,石鼓,Shigu,4.86,15.68,20.97,11.42,4.588275201975876,0.59,16028562.0,18446492.0,4201.5625,99.95,26.95,2015,755.28,13.02,0.18,0.12
2015-07-30,shigu,石鼓,Shigu,2.2,17.39,21.5,12.95,4.683340966933604,0.64,15387936.0,17703540.0,4043.5312,99.95,26.95,2015,755.51,13.06,0.3,0.39
2015-07-31,shigu,石鼓,Shigu,4.07,18.6,23.66,12.8,5.969051279729855,0.71,18999532.0,21848004.0,3883.125,99.95,26.95,2015,755.59,12.46,0.09,0.35
2015-08-01,shigu,石鼓,Shigu,8.64,16.77,23.5,12.55,5.300556105469148,0.61,18064520.0,20764254.0,3737.8906,99.95,26.95,2015,756.78,13.56,-0.11,-0.0
2015-08-02,shigu,石鼓,Shigu,3.79,17.83,23.27,12.98,5.874142951088046,0.68,19389656.0,22278184.0,3618.0156,99.95,26.95,2015,756.15,13.33,0.15,-0.37
2015-08-03,shigu,石鼓,Shigu,5.74,18.5,23.36,14.39,5.646432807456309,0.73,18222116.0,20927838.0,3485.8125,99.95,26.95,2015,754.45,13.54,0.65,-0.11
2015-08-04,shigu,石鼓,Shigu,19.58,15.35,17.88,14.1,1.9402433543282367,0.52,6928632.0,7954090.0,3350.7188,99.95,26.95,2015,754.07,14.75,0.35,-0.22
2015-08-05,shigu,石鼓,Shigu,14.66,15.74,20.21,13.24,3.0841161079773896,0.62,10934466.0,12548126.0,3253.6719,99.95,26.95,2015,754.23,14.5,0.35,-0.43
2015-08-06,shigu,石鼓,Shigu,7.3,16.23,21.0,13.44,3.946205798108996,0.79,13906336.0,15950776.0,3213.5938,99.95,26.95,2015,755.46,14.34,0.46,-0.6
2015-08-07,shigu,石鼓,Shigu,16.83,15.67,18.88,13.68,2.891410630106732,0.59,10337716.0,11852968.0,3210.7344,99.95,26.95,2015,756.49,14.84,0.46,-0.31
2015-08-08,shigu,石鼓,Shigu,18.57,15.89,20.0,13.9,3.0019334883267192,0.42,10490966.0,12024040.0,3259.1875,99.95,26.95,2015,755.43,14.81,0.23,-0.2
2015-08-09,shigu,石鼓,Shigu,8.07,15.7,19.43,13.26,3.3782122965459163,0.66,12013574.0,13760554.0,3358.5469,99.95,26.95,2015,755.61,14.22,0.3,-0.56
2015-08-10,shigu,石鼓,Shigu,6.68,15.29,18.79,12.94,2.671847602772518,0.49,9521144.0,10903376.0,3471.5,99.95,26.95,2015,757.57,14.3,0.29,-0.07
2015-08-11,shigu,石鼓,Shigu,9.8,16.59,22.87,11.93,5.1316683893060455,0.68,17970490.0,20571136.0,3528.8438,99.95,26.95,2015,757.08,14.55,0.14,0.18
2015-08-12,shigu,石鼓,Shigu,6.95,17.53,23.53,13.23,5.686104075985021,0.7,19205490.0,21976138.0,3492.7812,99.95,26.95,2015,756.52,14.07,0.05,0.22
2015-08-13,shigu,石鼓,Shigu,7.11,17.89,23.43,13.67,5.715135094461062,0.67,19145978.0,21898978.0,3384.4688,99.95,26.95,2015,755.94,14.47,0.29,0.08
2015-08-14,shigu,石鼓,Shigu,3.57,18.79,23.95,14.92,4.838314533521915,0.68,15600010.0,17835278.0,3237.7969,99.95,26.95,2015,754.97,14.72,0.26,0.25
2015-08-15,shigu,石鼓,Shigu,4.54,16.99,20.15,14.0,2.962548872076944,0.66,10051758.0,11487918.0,3075.0,99.95,26.95,2015,755.49,14.99,0.05,0.6
2015-08-16,shigu,石鼓,Shigu,4.85,18.41,23.61,15.01,4.30855049162556,0.8,14332290.0,16371402.0,2938.2031,99.95,26.95,2015,754.56,15.81,0.37,0.59
2015-08-17,shigu,石鼓,Shigu,3.61,17.68,20.91,15.34,2.995531329848116,0.88,10070034.0,11496878.0,2881.0938,99.95,26.95,2015,754.26,15.63,0.45,0.75
2015-08-18,shigu,石鼓,Shigu,2.3,18.26,21.95,15.69,3.469597737534871,0.69,11268914.0,12860108.0,2969.8906,99.95,26.95,2015,754.53,15.16,0.41,0.49
2015-08-19,shigu,石鼓,Shigu,15.57,15.38,18.1,13.04,1.571100983284468,0.84,5682962.0,6481248.0,3186.9844,99.95,26.95,2015,757.64,14.59,0.49,-0.6
2015-08-20,shigu,石鼓,Shigu,3.42,12.99,14.11,12.09,0.9572933261719552,0.77,3466712.0,3951656.0,3473.2969,99.95,26.95,2015,759.5,11.89,0.41,-0.65
2015-08-21,shigu,石鼓,Shigu,2.65,15.47,17.94,12.63,2.1639218748016784,0.75,7199388.0,8202962.0,3940.375,99.95,26.95,2015,757.63,12.46,0.39,-0.63
2015-08-22,shigu,石鼓,Shigu,5.09,14.53,17.3,12.85,2.045779499170004,0.48,7374624.0,8397912.0,4433.6406,99.95,26.95,2015,755.81,13.36,0.25,-0.23
2015-08-23,shigu,石鼓,Shigu,9.38,15.81,20.35,12.69,3.356788779962573,0.61,11978334.0,13634904.0,4713.3594,99.95,26.95,2015,754.82,14.49,0.31,0.3
2015-08-24,shigu,石鼓,Shigu,1.16,17.01,21.32,12.96,4.343109719570228,0.97,14591762.0,16602856.0,4687.4844,99.95,26.95,2015,754.17,13.0,0.21,0.87
2015-08-25,shigu,石鼓,Shigu,18.11,16.93,22.51,13.86,4.4447436395937086,0.67,15282572.0,17379518.0,4507.375,99.95,26.95,2015,754.98,14.23,0.29,0.19
2015-08-26,shigu,石鼓,Shigu,8.75,16.17,19.54,14.27,2.9075306871718465,0.63,10233848.0,11629850.0,4355.453,99.95,26.95,2015,756.08,14.71,0.44,-0.17
2015-08-27,shigu,石鼓,Shigu,13.74,16.25,20.5,12.85,3.02558398645812,0.49,10614606.0,12059666.0,4295.1562,99.95,26.95,2015,755.61,15.06,0.06,0.34
2015-08-28,shigu,石鼓,Shigu,21.93,14.93,16.83,13.56,1.5590483482790016,0.55,5726958.0,6502964.0,4264.047000000001,99.95,26.95,2015,755.6,14.56,0.21,-0.25
2015-08-29,shigu,石鼓,Shigu,19.09,14.1,16.08,12.45,1.2319427429492744,0.72,4653010.0,5281004.0,4393.047000000001,99.95,26.95,2015,756.43,13.67,0.17,-0.66
2015-08-30,shigu,石鼓,Shigu,17.16,13.65,14.82,12.58,1.2743367900344094,0.59,4793186.0,5437688.0,4652.672000000001,99.95,26.95,2015,756.89,13.11,0.27,-0.51
2015-08-31,shigu,石鼓,Shigu,31.67,14.3,16.41,13.03,1.525720693081686,0.57,5693890.0,6455704.0,4857.9062,99.95,26.95,2015,756.19,13.87,0.09,-0.48
2015-09-01,shigu,石鼓,Shigu,12.64,14.87,17.76,13.31,2.1588650625908508,0.69,7772488.0,8809324.0,4975.2656,99.95,26.95,2015,756.31,13.38,0.45,-0.41
2015-09-02,shigu,石鼓,Shigu,6.8,15.06,17.46,13.7,2.045908049852454,0.47,7432342.0,8419550.0,5012.6406,99.95,26.95,2015,757.09,14.47,0.32,-0.06
2015-09-03,shigu,石鼓,Shigu,4.09,17.29,21.63,13.57,4.148218586006675,0.77,13982804.0,15831868.0,4966.1094,99.95,26.95,2015,757.34,13.82,0.18,0.63
2015-09-04,shigu,石鼓,Shigu,0.84,18.6,24.05,14.09,4.628030551284278,0.78,14790726.0,16739454.0,4849.422000000001,99.95,26.95,2015,757.36,13.4,0.04,0.56
2015-09-05,shigu,石鼓,Shigu,10.1,17.32,22.05,14.29,4.008126164992873,0.72,13530282.0,15305108.0,4660.922000000001,99.95,26.95,2015,756.96,14.08,0.22,0.5
2015-09-06,shigu,石鼓,Shigu,25.75,15.37,17.29,13.88,1.3340764626827146,0.28,4721894.0,5338524.0,4474.953,99.95,26.95,2015,757.21,14.83,0.12,0.03
2015-09-07,shigu,石鼓,Shigu,5.16,15.96,19.37,13.22,3.2360374873907167,0.52,11508838.0,13006452.0,4426.3906,99.95,26.95,2015,756.22,14.66,0.17,0.18
2015-09-08,shigu,石鼓,Shigu,10.81,16.71,21.32,13.94,2.8572156127097865,0.61,9701988.0,10958366.0,4377.6562,99.95,26.95,2015,756.11,14.15,0.33,0.11
2015-09-09,shigu,石鼓,Shigu,13.02,15.67,18.14,13.61,2.1701794703253223,0.55,7778158.0,8782306.0,4229.7188,99.95,26.95,2015,759.09,14.74,0.28,-0.44
2015-09-10,shigu,石鼓,Shigu,8.63,15.67,18.96,13.41,2.788387809608891,0.57,10026142.0,11314316.0,4064.5156,99.95,26.95,2015,760.06,14.52,0.34,0.04
2015-09-11,shigu,石鼓,Shigu,18.82,16.79,22.37,13.96,4.316454404719927,0.61,15081484.0,17010072.0,3927.6406,99.95,26.95,2015,758.74,14.62,0.44,0.09
2015-09-12,shigu,石鼓,Shigu,14.68,14.14,17.74,11.64,2.2048429934198164,0.96,8514548.0,9596406.0,3824.5156,99.95,26.95,2015,760.6,13.29,0.71,-0.57
2015-09-13,shigu,石鼓,Shigu,4.35,14.42,17.67,11.73,2.6786630466112924,0.9,9812886.0,11054690.0,3857.625,99.95,26.95,2015,759.11,12.29,0.8,-0.28
2015-09-14,shigu,石鼓,Shigu,2.66,17.49,22.24,13.14,4.376017264132416,0.67,14498720.0,16327826.0,4004.3281,99.95,26.95,2015,757.57,12.81,0.4,0.29
2015-09-15,shigu,石鼓,Shigu,2.46,17.27,22.91,13.38,5.0953139450631415,0.77,17283580.0,19455158.0,4211.5312,99.95,26.95,2015,757.34,12.9,0.36,0.22
2015-09-16,shigu,石鼓,Shigu,8.11,16.57,21.78,13.29,4.228662886414817,0.82,14682382.0,16521168.0,4329.203,99.95,26.95,2015,757.32,13.26,0.61,0.13
2015-09-17,shigu,石鼓,Shigu,18.19,15.72,20.66,12.81,3.718315653119747,0.7,13460526.0,15142130.0,4218.25,99.95,26.95,2015,759.44,13.97,0.62,-0.22
2015-09-18,shigu,石鼓,Shigu,4.72,16.06,20.68,13.07,3.88888505328674,0.67,14033244.0,15781956.0,4049.0938,99.95,26.95,2015,759.86,14.56,0.54,0.04
2015-09-19,shigu,石鼓,Shigu,5.42,17.51,22.45,13.5,4.641262841036414,0.95,15499954.0,17427358.0,3949.1406,99.95,26.95,2015,757.76,12.95,0.4,0.74
2015-09-20,shigu,石鼓,Shigu,10.46,15.22,19.28,12.59,2.6509154682948743,0.9,9374494.0,10537498.0,3897.8906,99.95,26.95,2015,756.44,12.7,0.01,0.86
2015-09-21,shigu,石鼓,Shigu,0.3,17.85,23.19,13.35,4.092040720592277,1.2,12951354.0,14553590.0,3891.625,99.95,26.95,2015,753.98,12.46,-0.04,1.19
2015-09-22,shigu,石鼓,Shigu,10.38,17.1,22.7,14.59,3.795056994955201,0.66,12994810.0,14599024.0,3829.8125,99.95,26.95,2015,755.9,14.22,0.26,0.23
2015-09-23,shigu,石鼓,Shigu,8.25,17.14,22.09,14.06,4.098485368892876,0.89,14506019.0,16290007.0,3686.0469,99.95,26.95,2015,754.54,15.15,0.4,0.69
2015-09-24,shigu,石鼓,Shigu,0.74,18.1,22.82,14.24,4.1112725814378495,1.03,13213221.0,14835025.0,3606.4219,99.95,26.95,2015,753.41,13.21,0.32,0.95
2015-09-25,shigu,石鼓,Shigu,7.63,15.5,19.33,13.18,1.9675071303555585,0.6,7045930.0,7908989.0,3538.0156,99.95,26.95,2015,754.5,14.27,0.17,0.52
2015-09-26,shigu,石鼓,Shigu,7.75,16.49,22.33,12.98,3.8266101679695135,0.86,13631985.0,15295627.0,3468.5625,99.95,26.95,2015,755.93,14.31,0.32,0.53
2015-09-27,shigu,石鼓,Shigu,0.42,17.03,22.09,12.06,4.342738297612752,0.98,14497988.0,16263086.0,3471.5312,99.95,26.95,2015,756.75,12.17,0.12,0.87
2015-09-28,shigu,石鼓,Shigu,0.01,17.41,22.75,11.17,4.3855047069309565,0.84,14121809.0,15836568.0,3471.6562,99.95,26.95,2015,757.82,11.02,-0.08,0.72
2015-09-29,shigu,石鼓,Shigu,0.01,18.19,24.0,11.67,5.284068548439322,0.72,17053950.0,19118040.0,3400.9062,99.95,26.95,2015,759.09,11.32,-0.11,0.46
2015-09-30,shigu,石鼓,Shigu,0.79,18.58,24.59,12.54,5.659395663342911,0.72,18070308.0,20251764.0,3247.8594,99.95,26.95,2015,760.16,10.94,-0.19,0.54
2015-10-01,shigu,石鼓,Shigu,5.26,15.45,20.03,12.64,3.717657015034301,0.73,13515626.0,15142240.0,3058.6562,99.95,26.95,2015,762.13,13.32,0.42,-0.39
2015-10-02,shigu,石鼓,Shigu,0.52,17.3,22.49,12.02,4.3983095311451965,0.84,14064018.0,15752811.0,2884.7656,99.95,26.95,2015,758.48,10.29,0.11,0.75
2015-10-03,shigu,石鼓,Shigu,0.48,16.65,21.32,12.05,4.308613329458174,0.64,14607177.0,16356563.0,2748.7812,99.95,26.95,2015,759.46,11.86,0.31,0.13
2015-10-04,shigu,石鼓,Shigu,6.67,15.26,20.25,12.51,3.87569744985921,0.66,13932185.0,15594476.0,2642.3125,99.95,26.95,2015,761.06,12.33,0.49,-0.24
2015-10-05,shigu,石鼓,Shigu,2.64,14.57,18.77,11.89,3.1994791387997585,0.63,11939580.0,13360604.0,2551.5625,99.95,26.95,2015,759.72,13.13,0.4,0.11
2015-10-06,shigu,石鼓,Shigu,0.05,16.86,21.61,12.22,3.776449955055413,0.82,12368464.0,13838182.0,2493.6016,99.95,26.95,2015,758.35,11.49,-0.11,0.68
2015-10-07,shigu,石鼓,Shigu,2.72,16.09,21.37,12.63,4.243058853861444,0.79,14658018.0,16394446.0,2479.75,99.95,26.95,2015,759.23,11.63,0.28,0.27
2015-10-08,shigu,石鼓,Shigu,37.35,14.18,17.82,11.37,2.538372093324796,0.77,9527658.0,10651520.0,2468.7266,99.95,26.95,2015,757.97,12.6,0.38,-0.36
2015-10-09,shigu,石鼓,Shigu,37.54,6.65,11.23,3.78,0.3565362782736935,0.86,1602545.2,1793321.4,2469.0078,99.95,26.95,2015,758.92,6.19,-0.19,-0.81
2015-10-10,shigu,石鼓,Shigu,1.45,7.84,10.42,4.71,1.462619756707232,0.98,6132098.0,7014256.0,2522.2734,99.95,26.95,2015,761.66,5.77,0.51,-0.82
2015-10-11,shigu,石鼓,Shigu,0.28,9.96,12.21,5.76,2.2672217287276206,0.81,8615910.0,9736566.0,2583.7344,99.95,26.95,2015,763.25,5.63,0.45,-0.65
2015-10-12,shigu,石鼓,Shigu,0.28,11.05,13.83,8.49,2.421784330417004,0.7,9256862.0,10381902.0,2678.586,99.95,26.95,2015,762.4,7.42,0.5,-0.46
2015-10-13,shigu,石鼓,Shigu,0.57,12.29,16.25,9.17,3.2654144282919457,0.51,12345540.0,13800520.0,2731.3125,99.95,26.95,2015,762.27,8.46,0.39,-0.13
2015-10-14,shigu,石鼓,Shigu,7.15,11.6,17.36,7.11,3.431958966699919,0.55,13552020.0,15131816.0,2674.6484,99.95,26.95,2015,762.95,8.96,0.01,0.02
2015-10-15,shigu,石鼓,Shigu,3.02,11.55,17.93,6.85,3.545723964874528,0.72,14228860.0,15878644.0,2560.3438,99.95,26.95,2015,762.28,9.04,-0.16,0.33
2015-10-16,shigu,石鼓,Shigu,0.21,13.29,18.37,7.26,3.933051960181528,0.86,14168528.0,15807172.0,2431.0078,99.95,26.95,2015,760.57,7.36,-0.18,0.72
2015-10-17,shigu,石鼓,Shigu,0.4,12.41,18.33,6.17,4.321815786894722,0.82,16612998.0,18530716.0,2296.3906,99.95,26.95,2015,760.42,7.96,-0.06,0.59
2015-10-18,shigu,石鼓,Shigu,0.87,12.67,17.59,6.78,4.156229220889764,0.66,15468430.0,17250922.0,2167.2344,99.95,26.95,2015,760.92,7.01,-0.07,0.26
2015-10-19,shigu,石鼓,Shigu,2.19,11.66,17.68,5.3,4.027544691120496,0.54,15943422.0,17777306.0,2051.0703,99.95,26.95,2015,759.7,8.77,-0.15,0.22
2015-10-20,shigu,石鼓,Shigu,0.02,13.31,19.66,5.8,4.6630215219188536,0.63,17110990.0,19074860.0,1952.7109,99.95,26.95,2015,758.11,7.1,-0.09,0.12
2015-10-21,shigu,石鼓,Shigu,0.0,14.25,20.17,7.91,4.751813833986653,0.73,16861792.0,18793130.0,1859.0234,99.95,26.95,2015,757.82,7.39,0.06,0.49
2015-10-22,shigu,石鼓,Shigu,0.0,13.92,19.95,6.91,4.6131369577503065,0.84,16225874.0,18081808.0,1765.5078,99.95,26.95,2015,758.17,6.27,-0.05,0.72
2015-10-23,shigu,石鼓,Shigu,0.02,13.72,19.75,6.15,4.548331180704033,1.03,16057550.0,17890784.0,1679.7891,99.95,26.95,2015,758.12,6.44,0.18,0.84
2015-10-24,shigu,石鼓,Shigu,0.01,12.64,19.04,4.44,4.448780304013919,1.28,15993314.0,17816414.0,1605.1172,99.95,26.95,2015,759.39,5.11,-0.11,1.19
2015-10-25,shigu,石鼓,Shigu,0.0,12.84,19.34,4.35,4.847103830653398,1.0,17725234.0,19742104.0,1544.0391,99.95,26.95,2015,760.26,5.32,-0.21,0.91
2015-10-26,shigu,石鼓,Shigu,0.0,13.84,19.92,6.24,5.038140997155375,0.7,18032644.0,20080568.0,1492.8438,99.95,26.95,2015,760.14,6.09,-0.05,0.47
2015-10-27,shigu,石鼓,Shigu,0.0,13.38,19.2,6.74,4.68155119011166,1.0,16421972.0,18282864.0,1443.3594,99.95,26.95,2015,759.37,4.75,0.01,0.96
2015-10-28,shigu,石鼓,Shigu,0.0,12.6,18.84,6.23,4.737197532114348,1.28,16989964.0,18912768.0,1394.4453,99.95,26.95,2015,759.67,4.23,-0.23,1.23
2015-10-29,shigu,石鼓,Shigu,0.0,12.7,17.74,5.67,4.0793241104581766,1.06,14473008.0,16108204.0,1347.9531,99.95,26.95,2015,760.42,5.08,-0.26,1.0
2015-10-30,shigu,石鼓,Shigu,0.0,13.27,18.73,6.87,4.5664237255037525,0.86,16024270.0,17830672.0,1304.1719,99.95,26.95,2015,760.88,4.22,0.01,0.76
2015-10-31,shigu,石鼓,Shigu,1.4,11.57,15.84,8.74,2.464475538197109,0.57,9084050.0,10106292.0,1263.5859,99.95,26.95,2015,763.12,6.49,0.4,-0.06
2015-11-01,shigu,石鼓,Shigu,5.72,9.36,11.38,7.96,1.3456805264349103,0.71,5504452.0,6122768.0,1227.4922,99.95,26.95,2015,762.92,7.53,0.59,-0.3
2015-11-02,shigu,石鼓,Shigu,1.25,9.99,14.11,5.97,2.528273452381125,0.79,10382290.0,11546020.0,1201.875,99.95,26.95,2015,759.98,7.18,0.28,0.64
2015-11-03,shigu,石鼓,Shigu,0.04,11.2,16.1,5.97,2.837525235434248,0.99,10152732.0,11288808.0,1187.375,99.95,26.95,2015,758.86,4.83,-0.09,0.94
2015-11-04,shigu,石鼓,Shigu,0.26,10.63,15.63,4.85,3.282777239598897,1.16,12677488.0,14093548.0,1171.0781,99.95,26.95,2015,758.37,5.28,0.07,1.1
2015-11-05,shigu,石鼓,Shigu,0.6,9.92,15.11,4.16,3.3548025666606085,1.35,13350658.0,14839108.0,1151.5625,99.95,26.95,2015,757.56,4.6,0.04,1.29
2015-11-06,shigu,石鼓,Shigu,0.0,10.4,16.18,4.23,4.063482553372629,1.38,15103498.0,16784608.0,1135.8359,99.95,26.95,2015,758.09,1.81,-0.25,1.32
2015-11-07,shigu,石鼓,Shigu,0.0,11.09,17.05,4.82,4.43334201168759,1.17,16098308.0,17886732.0,1120.5781,99.95,26.95,2015,760.04,1.03,-0.24,1.09
2015-11-08,shigu,石鼓,Shigu,0.0,11.13,17.36,4.53,4.509770469425985,0.85,16783424.0,18644304.0,1103.0391,99.95,26.95,2015,761.29,1.3,-0.3,0.71
2015-11-09,shigu,石鼓,Shigu,0.0,11.3,17.84,4.38,4.705884753678331,1.0,16837824.0,18701224.0,1086.0938,99.95,26.95,2015,759.76,-0.98,-0.07,0.87
2015-11-10,shigu,石鼓,Shigu,0.0,10.9,17.06,4.11,4.582418027987806,1.0,16663410.0,18504088.0,1070.7656,99.95,26.95,2015,758.19,-0.8,-0.05,0.92
2015-11-11,shigu,石鼓,Shigu,0.01,10.63,16.49,4.32,4.085051937961891,1.0,14968092.0,16618332.0,1056.6953,99.95,26.95,2015,757.95,0.55,0.17,0.84
2015-11-12,shigu,石鼓,Shigu,0.0,10.16,16.14,3.94,4.219140583617524,1.09,15751028.0,17484452.0,1043.7734,99.95,26.95,2015,758.85,0.04,-0.33,1.0
2015-11-13,shigu,石鼓,Shigu,0.0,10.45,17.08,4.06,4.252048414497515,1.01,16222832.0,18004856.0,1031.8281,99.95,26.95,2015,758.45,1.85,-0.32,0.9
2015-11-14,shigu,石鼓,Shigu,0.0,10.61,17.46,4.1,4.34613889191154,1.42,16035296.0,17793464.0,1020.78125,99.95,26.95,2015,755.23,1.28,-0.26,1.36
2015-11-15,shigu,石鼓,Shigu,0.0,10.47,16.7,3.96,3.9955970837608574,1.17,14993928.0,16634624.0,1010.5,99.95,26.95,2015,755.42,2.09,-0.12,1.11
2015-11-16,shigu,石鼓,Shigu,0.0,10.19,16.62,4.31,3.4234069630711605,1.44,13022658.0,14447812.0,1000.5156,99.95,26.95,2015,755.25,3.74,-0.21,1.4
2015-11-17,shigu,石鼓,Shigu,0.0,10.93,17.04,4.14,3.4540668568549875,1.34,12427874.0,13788440.0,991.28906,99.95,26.95,2015,757.58,3.49,-0.3,1.26
2015-11-18,shigu,石鼓,Shigu,0.21,9.15,13.71,5.03,2.12720653730006,1.11,7936084.0,8804904.0,984.4219,99.95,26.95,2015,760.26,4.02,-0.08,1.07
2015-11-19,shigu,石鼓,Shigu,0.05,9.65,15.72,3.85,3.769869522879639,0.97,14593634.0,16190332.0,980.89844,99.95,26.95,2015,760.69,1.45,-0.51,0.77
2015-11-20,shigu,石鼓,Shigu,0.0,10.52,17.78,3.59,4.219764164289034,0.89,15710830.0,17429780.0,981.2656,99.95,26.95,2015,760.56,0.18,-0.37,0.7
2015-11-21,shigu,石鼓,Shigu,0.0,10.91,18.22,3.58,4.264365637287844,1.08,15505724.0,17202164.0,978.8203,99.95,26.95,2015,759.35,0.68,-0.37,0.94
2015-11-22,shigu,石鼓,Shigu,0.0,11.41,18.35,4.51,4.136515521059295,0.7,15397942.0,17082524.0,971.28125,99.95,26.95,2015,759.72,2.65,-0.1,0.44
2015-11-23,shigu,石鼓,Shigu,0.0,11.02,18.09,4.23,4.251607099935935,1.17,15249930.0,16918292.0,961.35156,99.95,26.95,2015,758.67,0.68,-0.15,1.08
2015-11-24,shigu,石鼓,Shigu,0.0,11.31,17.83,4.08,4.033192305026797,0.63,15017698.0,16660624.0,950.78906,99.95,26.95,2015,758.81,2.25,-0.02,0.33
2015-11-25,shigu,石鼓,Shigu,0.07,9.93,15.23,5.08,2.8483750596891286,0.65,11019880.0,12223596.0,940.47656,99.95,26.95,2015,759.63,3.81,0.22,-0.04
2015-11-26,shigu,石鼓,Shigu,0.01,10.33,16.35,4.77,3.393736593937366,0.92,12505246.0,13872172.0,930.6875,99.95,26.95,2015,757.36,1.88,0.19,0.79
2015-11-27,shigu,石鼓,Shigu,0.0,9.86,15.38,4.65,3.5033887067450213,1.4,12775144.0,14172508.0,921.8047,99.95,26.95,2015,756.72,1.43,-0.14,1.37
2015-11-28,shigu,石鼓,Shigu,0.02,8.86,15.0,1.47,3.087726808990822,1.38,11696946.0,12976352.0,914.10156,99.95,26.95,2015,760.28,1.51,-0.36,1.28
2015-11-29,shigu,石鼓,Shigu,0.0,9.35,15.79,1.33,3.2665094334018026,0.95,12702722.0,14092500.0,907.28125,99.95,26.95,2015,761.1,2.19,-0.2,0.84
2015-11-30,shigu,石鼓,Shigu,0.0,10.14,16.69,3.67,3.835557428846775,1.22,14406254.0,15981916.0,900.5469,99.95,26.95,2015,758.18,1.8,-0.36,1.15
2015-12-01,shigu,石鼓,Shigu,0.0,10.41,17.28,3.5,3.7095486041858567,1.31,13689312.0,15186632.0,893.5547,99.95,26.95,2015,757.14,2.35,-0.36,1.22
2015-12-02,shigu,石鼓,Shigu,0.01,10.44,15.65,3.99,3.4073581169484872,0.83,12634962.0,14016488.0,886.6875,99.95,26.95,2015,758.63,2.08,0.24,0.55
2015-12-03,shigu,石鼓,Shigu,0.57,9.22,13.53,5.8,2.409229053079314,0.87,8974932.0,9955952.0,881.27344,99.95,26.95,2015,757.77,2.61,0.44,0.7
2015-12-04,shigu,石鼓,Shigu,2.23,5.35,9.16,1.18,1.4830656764395524,0.9,6998430.0,7765580.0,880.6328,99.95,26.95,2015,757.28,3.13,0.09,0.73
2015-12-05,shigu,石鼓,Shigu,0.0,6.45,12.42,1.01,3.044583804725076,0.78,13099630.0,14569008.0,885.3672,99.95,26.95,2015,759.5,-0.83,-0.32,0.57
2015-12-06,shigu,石鼓,Shigu,0.33,7.72,13.32,1.91,3.322467505008402,0.52,13897522.0,15444584.0,885.5703,99.95,26.95,2015,760.66,0.18,-0.16,0.11
2015-12-07,shigu,石鼓,Shigu,0.21,7.65,12.54,2.9,2.706792556657365,0.66,11158802.0,12393504.0,877.53906,99.95,26.95,2015,759.21,1.16,0.23,0.13
2015-12-08,shigu,石鼓,Shigu,0.0,7.5,12.39,2.56,2.6600940971324336,0.8,10537500.0,11698588.0,866.7969,99.95,26.95,2015,757.53,-0.53,-0.18,0.73
2015-12-09,shigu,石鼓,Shigu,0.0,7.06,12.99,1.94,3.2883059036211733,1.01,13861326.0,15383660.0,856.60156,99.95,26.95,2015,757.4,-0.44,-0.34,0.89
2015-12-10,shigu,石鼓,Shigu,0.01,8.05,14.15,1.9,3.2946675291008485,1.13,12947220.0,14366632.0,847.53125,99.95,26.95,2015,754.41,-0.47,0.03,1.04
2015-12-11,shigu,石鼓,Shigu,0.06,6.95,12.59,2.08,2.6957250608775167,1.53,11038624.0,12247500.0,839.2422,99.95,26.95,2015,753.01,0.71,-0.3,1.5
2015-12-12,shigu,石鼓,Shigu,0.33,6.12,11.41,1.33,2.4909501061755632,1.42,10903214.0,12098384.0,831.96875,99.95,26.95,2015,754.17,0.96,-0.0,1.4
2015-12-13,shigu,石鼓,Shigu,0.26,6.0,11.51,1.2,2.393430575446532,1.21,10742104.0,11935960.0,826.58594,99.95,26.95,2015,756.52,1.51,-0.14,1.17
2015-12-14,shigu,石鼓,Shigu,0.6,5.93,11.47,1.82,2.4679786714957537,1.2,10994510.0,12213996.0,822.28906,99.95,26.95,2015,755.52,1.0,0.15,1.15
2015-12-15,shigu,石鼓,Shigu,0.24,5.89,10.85,1.86,2.8507819084102057,1.01,11859476.0,13169280.0,818.09375,99.95,26.95,2015,756.71,-2.88,0.26,0.91
2015-12-16,shigu,石鼓,Shigu,2.73,3.73,8.14,1.03,2.04582453395208,0.65,9781528.0,10939940.0,813.8125,99.95,26.95,2015,758.03,-0.83,0.37,-0.17
2015-12-17,shigu,石鼓,Shigu,1.21,4.76,10.04,1.11,2.1078105660648734,0.65,8812824.0,10358596.0,808.21094,99.95,26.95,2015,756.64,-1.82,0.14,0.51
2015-12-18,shigu,石鼓,Shigu,1.03,5.59,10.94,1.54,2.8479432168008643,0.96,12087162.0,13884736.0,800.6719,99.95,26.95,2015,755.93,-1.56,0.42,0.8
2015-12-19,shigu,石鼓,Shigu,1.0,3.31,8.0,-0.9,2.2885616607884667,1.18,10662296.0,12289348.0,793.0547,99.95,26.95,2015,757.65,-2.21,-0.07,1.11
2015-12-20,shigu,石鼓,Shigu,0.0,3.41,8.93,-1.05,2.8258293151351856,1.16,12730926.0,14473256.0,786.14844,99.95,26.95,2015,757.66,-5.46,0.04,1.09
2015-12-21,shigu,石鼓,Shigu,0.0,4.24,9.73,-0.68,2.9707918242114264,1.29,12965160.0,14607560.0,779.2344,99.95,26.95,2015,758.44,-4.91,-0.25,1.22
2015-12-22,shigu,石鼓,Shigu,0.0,3.6,9.84,-1.38,2.9383134820008223,1.31,13315640.0,14916780.0,772.3203,99.95,26.95,2015,758.66,-5.41,-0.39,1.21
2015-12-23,shigu,石鼓,Shigu,0.0,3.55,10.73,-2.38,2.9862382881273253,1.45,13833714.0,15445092.0,765.59375,99.95,26.95,2015,756.83,-4.87,-0.52,1.34
2015-12-24,shigu,石鼓,Shigu,0.0,5.78,12.5,-2.12,3.314888294642693,0.95,14006240.0,15604524.0,759.0781,99.95,26.95,2015,757.56,-4.5,-0.25,0.88
2015-12-25,shigu,石鼓,Shigu,0.02,5.47,10.97,0.52,3.0027716859649263,1.22,12457860.0,13862420.0,752.78906,99.95,26.95,2015,757.37,-4.07,0.1,1.05
2015-12-26,shigu,石鼓,Shigu,0.0,3.54,8.82,-0.38,2.9442578529273504,1.33,13582540.0,15113524.0,746.71094,99.95,26.95,2015,759.13,-5.16,-0.67,1.13
2015-12-27,shigu,石鼓,Shigu,0.0,5.54,12.47,-0.72,3.3614327687902827,0.93,14369610.0,15983112.0,740.7578,99.95,26.95,2015,760.17,-5.07,-0.33,0.78
2015-12-28,shigu,石鼓,Shigu,0.01,6.28,11.51,-0.21,2.693841300478147,1.07,11284020.0,12548452.0,734.8672,99.95,26.95,2015,760.03,-0.76,-0.3,0.95
2015-12-29,shigu,石鼓,Shigu,1.46,7.32,11.53,2.41,2.072642855657822,0.67,8566132.0,9527012.0,729.1328,99.95,26.95,2015,759.52,2.32,0.1,0.55
2015-12-30,shigu,石鼓,Shigu,2.52,7.54,10.75,5.07,1.958666113242984,0.59,8318198.0,9256996.0,724.46094,99.95,26.95,2015,760.05,4.01,0.23,0.51
2015-12-31,shigu,石鼓,Shigu,0.35,7.32,12.78,1.25,2.4823224086617435,1.2,10102740.0,11240288.0,722.5781,99.95,26.95,2015,761.73,1.63,-0.18,1.12
2016-01-01,shigu,石鼓,Shigu,0.35,5.96,11.94,0.1,2.897400228007144,1.04,12471002.0,13875460.0,722.0781,99.95,26.95,2016,761.1,-1.29,-0.2,0.95
2016-01-02,shigu,石鼓,Shigu,0.0,5.18,11.63,-0.22,3.2133269411971965,1.13,14332278.0,15947460.0,719.9922,99.95,26.95,2016,759.57,-2.92,-0.41,1.01
2016-01-03,shigu,石鼓,Shigu,0.0,5.3,11.0,0.16,3.3761336607157664,1.3,14484044.0,16118560.0,715.2969,99.95,26.95,2016,757.72,-4.55,-0.37,1.2
2016-01-04,shigu,石鼓,Shigu,0.0,4.28,10.13,-0.15,3.1194096392091293,1.36,13923086.0,15496660.0,708.34375,99.95,26.95,2016,758.01,-4.87,-0.59,1.22
2016-01-05,shigu,石鼓,Shigu,0.0,5.04,11.49,-0.2,3.4055047436785046,1.24,14846498.0,16526928.0,700.53906,99.95,26.95,2016,757.95,-4.9,-0.51,1.1
2016-01-06,shigu,石鼓,Shigu,0.0,6.25,12.63,0.24,3.5662908450291133,1.19,14471988.0,16112716.0,692.9219,99.95,26.95,2016,757.74,-5.26,-0.25,1.09
2016-01-07,shigu,石鼓,Shigu,0.0,6.1,12.24,0.89,3.553194183968892,1.07,14857084.0,16544088.0,685.7656,99.95,26.95,2016,757.8,-4.55,-0.31,0.99
2016-01-08,shigu,石鼓,Shigu,0.02,6.43,12.37,1.04,3.295132601961692,1.33,13270414.0,14779580.0,679.08594,99.95,26.95,2016,755.18,-3.32,-0.14,1.29
2016-01-09,shigu,石鼓,Shigu,1.61,4.67,9.56,0.55,2.773411005381787,1.19,12488574.0,13962500.0,672.96094,99.95,26.95,2016,754.53,-2.3,0.28,1.09
2016-01-10,shigu,石鼓,Shigu,0.02,3.37,8.88,-0.62,2.7620716752842336,1.48,12530268.0,14063424.0,667.8047,99.95,26.95,2016,756.63,-4.96,-0.67,1.32
2016-01-11,shigu,石鼓,Shigu,0.0,4.14,10.91,-1.27,3.5228839891721138,1.19,15417858.0,17285140.0,663.21094,99.95,26.95,2016,756.82,-8.32,-0.43,1.06
2016-01-12,shigu,石鼓,Shigu,0.0,5.44,12.49,-1.4,3.605362464495666,1.22,15290322.0,17122168.0,657.6406,99.95,26.95,2016,755.24,-5.53,-0.36,1.13
2016-01-13,shigu,石鼓,Shigu,0.0,5.66,12.27,0.34,3.651096508056792,1.28,15304676.0,17117560.0,651.78906,99.95,26.95,2016,754.23,-5.45,-0.12,1.24
2016-01-14,shigu,石鼓,Shigu,0.0,4.6,10.83,-0.47,3.3792571604241126,1.67,14720908.0,16450044.0,646.1719,99.95,26.95,2016,754.3,-5.22,-0.31,1.6
2016-01-15,shigu,石鼓,Shigu,0.0,5.2,11.72,-0.7,3.4842856600426297,1.27,15247986.0,17028556.0,640.7344,99.95,26.95,2016,752.32,-4.3,-0.15,1.2
2016-01-16,shigu,石鼓,Shigu,0.02,4.39,10.4,-0.15,3.283157898521935,1.72,14928918.0,16668796.0,635.47656,99.95,26.95,2016,752.44,-4.01,-0.51,1.63
2016-01-17,shigu,石鼓,Shigu,0.0,4.95,11.12,-0.33,3.656825811593901,0.84,15740150.0,17570540.0,630.3594,99.95,26.95,2016,754.75,-9.05,-0.42,0.66
2016-01-18,shigu,石鼓,Shigu,0.0,5.43,12.06,-0.45,3.8995580971735713,1.26,15964490.0,17819624.0,625.27344,99.95,26.95,2016,753.97,-9.31,-0.44,1.15
2016-01-19,shigu,石鼓,Shigu,0.0,5.82,12.69,-0.39,3.797208275611328,1.5,15649618.0,17468588.0,620.2031,99.95,26.95,2016,754.78,-5.84,-0.34,1.44
2016-01-20,shigu,石鼓,Shigu,1.23,5.74,12.2,1.01,2.9555755184449777,1.44,13389878.0,14949016.0,615.3203,99.95,26.95,2016,755.23,0.05,0.14,1.4
2016-01-21,shigu,石鼓,Shigu,1.69,5.47,10.41,1.89,2.5293652937289086,1.4,11347708.0,12825344.0,612.8203,99.95,26.95,2016,754.65,0.51,0.13,1.33
2016-01-22,shigu,石鼓,Shigu,2.09,4.82,9.81,1.75,2.3191562443928744,1.06,10635462.0,12031044.0,614.5625,99.95,26.95,2016,756.19,0.18,-0.03,0.98
2016-01-23,shigu,石鼓,Shigu,1.05,5.64,10.91,1.73,3.16950197230034,1.15,13084492.0,14917516.0,614.5156,99.95,26.95,2016,756.96,-3.67,0.32,0.97
2016-01-24,shigu,石鼓,Shigu,6.42,0.22,4.18,-2.33,1.9267365504738343,1.04,10613364.0,12514300.0,611.16406,99.95,26.95,2016,759.43,-3.2,0.64,-0.79
2016-01-25,shigu,石鼓,Shigu,2.55,1.29,4.53,-1.81,2.1211108652319464,0.83,9803996.0,13062964.0,605.875,99.95,26.95,2016,757.38,-2.22,0.73,-0.2
2016-01-26,shigu,石鼓,Shigu,0.96,2.25,7.86,-1.89,2.8204364939449587,1.14,11876630.0,15808896.0,599.8672,99.95,26.95,2016,755.6,-5.28,0.17,1.01
2016-01-27,shigu,石鼓,Shigu,1.38,2.1,6.35,-1.78,2.27391804960885,0.85,10471172.0,13208940.0,593.9453,99.95,26.95,2016,753.96,-2.6,0.27,0.74
2016-01-28,shigu,石鼓,Shigu,0.61,1.73,7.09,-3.13,2.470276464999756,1.28,11342104.0,14300876.0,587.6328,99.95,26.95,2016,754.47,-4.43,-0.19,1.19
2016-01-29,shigu,石鼓,Shigu,0.0,1.65,8.53,-3.02,3.1176729976591218,1.08,15303004.0,18515204.0,581.1094,99.95,26.95,2016,756.74,-5.49,-0.37,0.93
2016-01-30,shigu,石鼓,Shigu,0.0,3.84,10.27,-2.74,3.4050252849095086,1.02,15436308.0,18088352.0,574.7031,99.95,26.95,2016,754.66,-4.64,0.12,0.86
2016-01-31,shigu,石鼓,Shigu,1.36,5.36,10.71,-0.88,3.142594337435648,0.61,13888912.0,15932540.0,568.59375,99.95,26.95,2016,755.47,-1.46,0.05,0.56
2016-02-01,shigu,石鼓,Shigu,2.57,4.65,8.22,2.34,1.7258740571314923,0.61,7447376.0,8907956.0,563.0,99.95,26.95,2016,756.37,0.94,0.11,0.54
2016-02-02,shigu,石鼓,Shigu,0.45,5.84,11.48,1.73,2.535465578144313,1.23,10709592.0,12499466.0,558.3906,99.95,26.95,2016,755.83,0.55,-0.05,1.21
2016-02-03,shigu,石鼓,Shigu,0.02,5.41,11.35,0.39,2.6596459319958665,1.58,11515608.0,13163032.0,555.65625,99.95,26.95,2016,754.98,-0.46,-0.32,1.51
2016-02-04,shigu,石鼓,Shigu,0.02,5.72,11.61,0.36,2.8965799316424485,1.15,12735658.0,14401192.0,553.4844,99.95,26.95,2016,757.14,-0.42,-0.43,1.02
2016-02-05,shigu,石鼓,Shigu,0.77,6.76,11.55,1.39,2.333681337671358,0.51,9941602.0,11187304.0,550.9844,99.95,26.95,2016,758.17,1.67,0.05,0.07
2016-02-06,shigu,石鼓,Shigu,2.73,4.9,9.7,1.74,1.4900910594137238,0.83,6875236.0,7733948.0,547.0,99.95,26.95,2016,760.33,2.16,0.51,-0.45
2016-02-07,shigu,石鼓,Shigu,2.44,3.17,4.98,1.43,0.9885675327593196,0.75,4561236.0,5349908.0,542.4531,99.95,26.95,2016,760.67,0.96,0.52,-0.32
2016-02-08,shigu,石鼓,Shigu,0.16,7.29,13.85,1.14,2.882643464839924,1.37,11481146.0,13221684.0,539.7969,99.95,26.95,2016,756.6,1.0,-0.22,1.33
2016-02-09,shigu,石鼓,Shigu,0.82,5.31,11.27,0.93,2.9701267075247766,1.32,14252632.0,16159920.0,540.6875,99.95,26.95,2016,754.53,1.23,-0.08,1.28
2016-02-10,shigu,石鼓,Shigu,0.87,5.49,11.4,0.79,3.1442656851444832,1.61,14675438.0,16553200.0,544.34375,99.95,26.95,2016,753.13,0.11,-0.28,1.58
2016-02-11,shigu,石鼓,Shigu,0.25,6.31,13.05,0.2,3.358244243637792,1.66,14458922.0,16266252.0,547.9219,99.95,26.95,2016,752.54,-0.82,0.04,1.62
2016-02-12,shigu,石鼓,Shigu,0.26,4.99,11.78,-0.02,3.1370770468264584,1.81,15103510.0,17016798.0,549.03125,99.95,26.95,2016,753.37,-0.35,-0.51,1.73
2016-02-13,shigu,石鼓,Shigu,0.01,6.25,13.55,-0.23,3.7595951612408434,1.85,17089664.0,19215768.0,547.3125,99.95,26.95,2016,755.08,-0.38,-0.56,1.74
2016-02-14,shigu,石鼓,Shigu,0.0,6.71,13.58,-0.44,3.7702203201876032,1.53,16342430.0,18351068.0,542.25,99.95,26.95,2016,756.48,-0.76,-0.6,1.39
2016-02-15,shigu,石鼓,Shigu,0.0,7.02,14.49,1.05,4.002000181558783,1.54,17112744.0,19209392.0,535.09375,99.95,26.95,2016,757.73,-1.04,-0.39,1.46
2016-02-16,shigu,石鼓,Shigu,0.0,7.23,14.94,0.84,3.835397870759431,1.62,16443998.0,18460632.0,528.7656,99.95,26.95,2016,757.55,0.04,-0.55,1.5
2016-02-17,shigu,石鼓,Shigu,0.0,7.77,14.99,1.5,3.8592567719732864,1.74,16633292.0,18676688.0,525.1406,99.95,26.95,2016,757.21,1.45,-0.64,1.61
2016-02-18,shigu,石鼓,Shigu,0.01,8.15,15.89,2.25,3.5982226251946416,1.66,15258458.0,17137234.0,524.3125,99.95,26.95,2016,756.25,2.39,-0.59,1.54
2016-02-19,shigu,石鼓,Shigu,0.86,9.72,16.44,2.95,3.6600433420962113,1.22,14131502.0,15875360.0,525.8906,99.95,26.95,2016,757.84,2.78,-0.45,1.1
2016-02-20,shigu,石鼓,Shigu,2.93,7.99,10.58,4.67,1.3613650220267848,0.65,5735660.0,6444036.0,529.65625,99.95,26.95,2016,756.25,6.01,0.3,0.36
2016-02-21,shigu,石鼓,Shigu,3.23,10.15,15.74,5.06,2.7037583438402235,1.4,10662738.0,11984278.0,538.96875,99.95,26.95,2016,753.15,6.24,0.07,1.29
2016-02-22,shigu,石鼓,Shigu,0.45,9.08,15.68,3.82,3.5437724488533817,1.45,14079526.0,15970666.0,568.4219,99.95,26.95,2016,757.14,2.97,-0.23,1.4
2016-02-23,shigu,石鼓,Shigu,0.06,9.6,16.39,2.54,4.300549049716012,1.39,16064026.0,18114652.0,615.25,99.95,26.95,2016,758.27,-0.24,0.21,1.29
2016-02-24,shigu,石鼓,Shigu,11.0,5.96,10.41,1.73,2.5926535964075947,0.71,12270210.0,13818018.0,644.9375,99.95,26.95,2016,759.87,3.87,0.47,-0.31
2016-02-25,shigu,石鼓,Shigu,17.27,4.45,8.83,0.66,1.8971290808705792,0.64,8947880.0,10898360.0,662.5156,99.95,26.95,2016,761.43,3.82,0.09,-0.4
2016-02-26,shigu,石鼓,Shigu,1.49,3.26,8.72,-2.25,3.2025100897070025,0.67,12655422.0,18473018.0,680.0469,99.95,26.95,2016,763.4,-0.55,-0.12,-0.22
2016-02-27,shigu,石鼓,Shigu,0.16,5.39,12.29,-2.57,4.103463366542238,0.55,16633784.0,21166406.0,689.0625,99.95,26.95,2016,762.48,-2.08,-0.31,0.14
2016-02-28,shigu,石鼓,Shigu,0.12,7.02,13.25,-0.9,4.394863980250851,0.65,17715554.0,20998538.0,677.90625,99.95,26.95,2016,764.07,-3.18,-0.26,-0.15
2016-02-29,shigu,石鼓,Shigu,3.66,5.71,11.38,0.23,3.5404144785314315,0.69,16384438.0,18843842.0,651.2031,99.95,26.95,2016,762.98,2.24,0.16,-0.07
2016-03-01,shigu,石鼓,Shigu,0.93,6.42,13.38,1.23,3.5248764513203104,1.07,15825086.0,18041922.0,620.09375,99.95,26.95,2016,759.47,1.25,-0.26,0.98
2016-03-02,shigu,石鼓,Shigu,0.82,7.39,13.35,0.79,3.953815377049064,1.28,17027250.0,19277762.0,590.0469,99.95,26.95,2016,759.31,0.78,-0.4,1.19
2016-03-03,shigu,石鼓,Shigu,0.08,8.15,15.57,0.84,4.707217130568679,1.3,19955448.0,22528828.0,563.1875,99.95,26.95,2016,758.26,0.55,-0.42,1.21
2016-03-04,shigu,石鼓,Shigu,0.02,8.19,15.07,0.3,4.1718853674496295,1.55,17265746.0,19476200.0,540.2969,99.95,26.95,2016,757.36,0.64,-0.62,1.4
2016-03-05,shigu,石鼓,Shigu,0.21,8.65,15.83,-0.34,4.914185082710786,0.82,19668076.0,22183812.0,520.78125,99.95,26.95,2016,758.62,-2.49,-0.22,0.62
2016-03-06,shigu,石鼓,Shigu,0.06,9.75,17.35,0.58,5.174068884604293,1.44,20170768.0,22754402.0,504.46875,99.95,26.95,2016,756.98,-0.05,-0.23,1.38
2016-03-07,shigu,石鼓,Shigu,0.39,9.38,16.5,2.2,4.439970454592063,1.76,18045336.0,20361634.0,491.57812,99.95,26.95,2016,755.41,2.42,-0.4,1.7
2016-03-08,shigu,石鼓,Shigu,0.61,8.79,16.23,2.66,4.164380382299481,1.75,17649642.0,19922682.0,483.4375,99.95,26.95,2016,754.73,2.9,-0.36,1.69
2016-03-09,shigu,石鼓,Shigu,1.13,8.05,14.11,2.85,3.697940944926229,1.5,16416714.0,18552314.0,480.875,99.95,26.95,2016,755.86,3.65,-0.08,1.46
2016-03-10,shigu,石鼓,Shigu,0.82,8.15,15.34,2.85,3.866060563380588,1.25,16755511.0,18925824.0,482.625,99.95,26.95,2016,757.27,3.13,-0.13,1.17
2016-03-11,shigu,石鼓,Shigu,0.89,8.53,15.74,2.97,4.011603799223666,1.46,17317676.0,19563078.0,488.0,99.95,26.95,2016,756.59,3.43,-0.28,1.4
2016-03-12,shigu,石鼓,Shigu,0.07,9.82,17.54,3.74,4.274291116946919,1.91,17248738.0,19488416.0,496.95312,99.95,26.95,2016,754.73,3.53,-0.38,1.85
2016-03-13,shigu,石鼓,Shigu,0.17,11.22,19.04,4.66,4.628484222396773,1.79,17821566.0,20140700.0,505.67188,99.95,26.95,2016,756.38,4.66,-0.43,1.73
2016-03-14,shigu,石鼓,Shigu,0.81,11.04,17.44,5.12,4.682959745177981,1.71,18288304.0,20673428.0,512.6094,99.95,26.95,2016,756.54,4.65,-0.21,1.68
2016-03-15,shigu,石鼓,Shigu,1.58,8.82,14.69,3.38,3.8156674340708943,1.39,16165981.0,18279032.0,521.6875,99.95,26.95,2016,755.84,3.87,-0.15,1.35
2016-03-16,shigu,石鼓,Shigu,0.61,9.51,16.58,2.8,4.339490597634322,1.67,16947406.0,19172126.0,536.96875,99.95,26.95,2016,755.35,1.66,0.01,1.62
2016-03-17,shigu,石鼓,Shigu,2.23,7.41,13.42,0.17,4.687288890565116,1.79,20653712.0,23401312.0,554.3594,99.95,26.95,2016,756.61,-0.1,-0.36,1.73
2016-03-18,shigu,石鼓,Shigu,0.0,10.45,18.2,-0.03,5.846557852996964,1.36,21925940.0,24826488.0,566.0781,99.95,26.95,2016,755.21,-1.85,-0.28,1.3
2016-03-19,shigu,石鼓,Shigu,0.36,9.6,15.75,2.81,4.470190843043967,1.53,17337408.0,19626960.0,564.8906,99.95,26.95,2016,755.07,1.27,-0.07,1.47
2016-03-20,shigu,石鼓,Shigu,0.68,9.82,17.37,2.83,4.529891883126929,1.57,18122176.0,20516160.0,553.84375,99.95,26.95,2016,755.06,2.94,-0.37,1.49
2016-03-21,shigu,石鼓,Shigu,1.18,8.82,15.6,2.92,3.709711264844748,1.39,15328888.0,17355806.0,539.09375,99.95,26.95,2016,754.65,3.25,-0.09,1.33
2016-03-22,shigu,石鼓,Shigu,0.35,9.37,16.18,2.69,5.0036461521419415,1.62,20031006.0,22704894.0,526.3281,99.95,26.95,2016,754.67,0.82,-0.18,1.57
2016-03-23,shigu,石鼓,Shigu,1.32,9.32,14.95,2.76,4.816457904727676,1.11,19062820.0,21598914.0,517.5156,99.95,26.95,2016,756.97,0.37,-0.14,1.0
2016-03-24,shigu,石鼓,Shigu,0.88,8.5,14.57,3.42,4.233591667675353,0.82,17309842.0,19618814.0,508.40625,99.95,26.95,2016,760.43,1.01,-0.08,0.23
2016-03-25,shigu,石鼓,Shigu,0.2,11.31,18.33,3.41,5.901059412958987,1.25,21403100.0,24283630.0,496.92188,99.95,26.95,2016,760.2,-1.32,0.07,1.06
2016-03-26,shigu,石鼓,Shigu,0.04,14.28,20.92,4.96,6.677860832026624,1.2,22564476.0,25582760.0,484.0,99.95,26.95,2016,758.65,1.82,-0.33,1.12
2016-03-27,shigu,石鼓,Shigu,0.22,13.14,19.25,7.41,4.935215563355046,1.69,16872028.0,19129050.0,472.375,99.95,26.95,2016,757.88,4.52,-0.14,1.66
2016-03-28,shigu,石鼓,Shigu,1.1,12.69,18.11,7.85,3.1499257706664445,1.44,10618466.0,12040872.0,463.625,99.95,26.95,2016,756.82,6.83,0.03,1.43
2016-03-29,shigu,石鼓,Shigu,2.23,10.14,16.39,4.45,3.631693448006165,1.38,14504620.0,16451390.0,462.03125,99.95,26.95,2016,757.3,5.3,0.02,1.34
2016-03-30,shigu,石鼓,Shigu,0.12,12.76,20.09,4.67,5.886481699887617,1.48,20835778.0,23636954.0,477.28125,99.95,26.95,2016,758.83,2.59,-0.21,1.41
2016-03-31,shigu,石鼓,Shigu,0.26,13.11,19.69,6.06,5.642646121148944,1.59,20006330.0,22700954.0,499.71875,99.95,26.95,2016,756.51,4.34,-0.18,1.56
2016-04-01,shigu,石鼓,Shigu,0.44,12.15,18.77,5.77,5.356040214657919,1.58,19601232.0,22246320.0,514.15625,99.95,26.95,2016,755.74,3.8,-0.12,1.56
2016-04-02,shigu,石鼓,Shigu,1.16,11.22,18.32,5.12,4.618455111775705,1.26,17869372.0,20284920.0,522.03125,99.95,26.95,2016,756.05,5.21,0.02,1.19
2016-04-03,shigu,石鼓,Shigu,0.01,14.08,22.25,5.73,6.473016172917725,1.37,22218264.0,25227344.0,528.8125,99.95,26.95,2016,756.96,3.37,-0.32,1.31
2016-04-04,shigu,石鼓,Shigu,0.03,15.2,22.43,6.63,5.98784718737113,1.67,20019922.0,22736596.0,536.46875,99.95,26.95,2016,754.51,6.53,-0.04,1.65
2016-04-05,shigu,石鼓,Shigu,1.96,13.98,20.67,9.64,3.7060913163092337,1.31,12822520.0,14565274.0,547.84375,99.95,26.95,2016,753.45,8.8,0.29,1.26
2016-04-06,shigu,石鼓,Shigu,0.31,14.09,20.2,8.88,4.818438240065769,1.55,16309588.0,18530870.0,571.875,99.95,26.95,2016,754.98,6.53,-0.27,1.52
2016-04-07,shigu,石鼓,Shigu,0.99,13.04,19.23,7.41,4.182124374628262,1.27,14824874.0,16847654.0,619.1875,99.95,26.95,2016,756.5,6.8,0.15,1.22
2016-04-08,shigu,石鼓,Shigu,2.14,12.17,18.17,5.66,4.039225751080885,1.48,14576582.0,16569354.0,679.96875,99.95,26.95,2016,756.64,5.9,0.04,1.45
2016-04-09,shigu,石鼓,Shigu,1.47,9.21,16.03,4.32,3.76142381527424,1.67,15713396.0,17865698.0,758.125,99.95,26.95,2016,756.6,4.32,-0.58,1.55
2016-04-10,shigu,石鼓,Shigu,0.01,13.0,20.4,5.37,5.782304480564751,1.68,20932990.0,23804908.0,861.34375,99.95,26.95,2016,755.52,4.86,-0.53,1.58
2016-04-11,shigu,石鼓,Shigu,0.65,13.29,19.64,6.73,4.681332653642287,1.39,16646298.0,18934204.0,964.1875,99.95,26.95,2016,753.79,6.71,-0.03,1.35
2016-04-12,shigu,石鼓,Shigu,2.56,11.26,17.43,5.66,4.011255942472284,1.49,15596390.0,17744594.0,1042.2188,99.95,26.95,2016,753.28,6.34,-0.34,1.42
2016-04-13,shigu,石鼓,Shigu,0.06,12.61,19.77,4.77,5.932822478644044,1.81,21332522.0,24275006.0,1106.4688,99.95,26.95,2016,752.76,3.28,-0.28,1.76
2016-04-14,shigu,石鼓,Shigu,1.3,12.44,20.1,4.38,6.135655113536544,1.72,22097886.0,25151684.0,1146.0,99.95,26.95,2016,754.7,2.39,-0.06,1.67
2016-04-15,shigu,石鼓,Shigu,1.75,9.63,16.07,4.21,4.385001506659382,1.57,18190032.0,20708620.0,1150.3125,99.95,26.95,2016,756.38,4.24,-0.31,1.48
2016-04-16,shigu,石鼓,Shigu,5.39,11.67,18.81,4.98,4.735154380404048,1.31,17928878.0,20412990.0,1137.1562,99.95,26.95,2016,755.71,5.32,0.28,1.17
2016-04-17,shigu,石鼓,Shigu,0.22,12.77,20.24,5.32,5.6940015782426725,1.1,20122078.0,22938670.0,1123.3438,99.95,26.95,2016,757.35,2.67,-0.23,1.01
2016-04-18,shigu,石鼓,Shigu,6.09,11.6,18.91,5.89,3.7777233561710206,1.11,14140572.0,16107604.0,1110.7812,99.95,26.95,2016,756.95,6.3,-0.04,0.98
2016-04-19,shigu,石鼓,Shigu,1.18,11.87,16.79,8.17,3.3938176018775423,1.35,12638544.0,14394302.0,1082.8125,99.95,26.95,2016,755.81,7.32,-0.04,1.31
2016-04-20,shigu,石鼓,Shigu,4.27,14.17,20.52,8.95,4.368702427712506,1.1,14939864.0,17015774.0,1050.8125,99.95,26.95,2016,756.26,7.54,-0.03,1.06
2016-04-21,shigu,石鼓,Shigu,13.65,9.13,11.33,7.17,1.64324619825893,0.99,6821516.0,7770462.0,1021.25,99.95,26.95,2016,754.71,7.34,-0.18,0.93
2016-04-22,shigu,石鼓,Shigu,1.47,10.75,16.68,6.8,3.490896354250565,1.33,13629668.0,15570434.0,1027.6562,99.95,26.95,2016,752.65,6.35,-0.24,1.28
2016-04-23,shigu,石鼓,Shigu,11.08,10.29,14.1,7.2,3.2271185276696226,1.03,13125684.0,14966234.0,1049.375,99.95,26.95,2016,752.1,7.22,-0.04,0.95
2016-04-24,shigu,石鼓,Shigu,1.34,11.52,16.81,6.36,4.087870720901248,1.27,15827076.0,18035896.0,1053.875,99.95,26.95,2016,752.77,6.86,0.33,1.16
2016-04-25,shigu,石鼓,Shigu,0.44,11.77,19.02,4.62,5.8420467878866695,1.92,22158876.0,25249940.0,1068.625,99.95,26.95,2016,754.63,3.57,-0.28,1.85
2016-04-26,shigu,石鼓,Shigu,0.05,13.88,20.67,5.32,6.522620586518568,1.49,23227648.0,26469256.0,1076.1875,99.95,26.95,2016,756.36,5.25,-0.43,1.41
2016-04-27,shigu,石鼓,Shigu,0.74,14.56,20.04,7.5,5.728199400699233,1.3,19898544.0,22677432.0,1077.5,99.95,26.95,2016,755.68,7.1,-0.03,1.24
2016-04-28,shigu,石鼓,Shigu,1.59,13.63,19.26,7.21,4.851329314637735,1.22,17621894.0,20084950.0,1068.6562,99.95,26.95,2016,756.35,8.22,0.21,1.06
2016-04-29,shigu,石鼓,Shigu,0.38,14.46,21.17,7.71,6.405234421583503,1.67,21723392.0,24761524.0,1066.0,99.95,26.95,2016,756.69,4.59,-0.19,1.62
2016-04-30,shigu,石鼓,Shigu,0.76,14.06,20.61,5.94,5.852526469907189,1.62,20546368.0,23421736.0,1070.9688,99.95,26.95,2016,755.56,6.2,-0.27,1.57
2016-05-01,shigu,石鼓,Shigu,0.33,13.61,20.58,5.1,6.12772227744589,1.72,21865016.0,24927280.0,1077.6562,99.95,26.95,2016,755.17,5.31,-0.31,1.67
2016-05-02,shigu,石鼓,Shigu,0.02,16.44,22.98,7.63,7.326746889773468,0.9,23578600.0,26883240.0,1090.125,99.95,26.95,2016,756.88,2.99,-0.17,0.49
2016-05-03,shigu,石鼓,Shigu,5.42,13.71,22.06,8.07,4.905146959705761,0.85,17710638.0,20194776.0,1092.9688,99.95,26.95,2016,756.67,8.34,0.29,0.32
2016-05-04,shigu,石鼓,Shigu,0.6,14.07,20.27,7.66,5.432973644211245,1.47,19160024.0,21849356.0,1089.4688,99.95,26.95,2016,755.43,7.11,-0.04,1.45
2016-05-05,shigu,石鼓,Shigu,0.17,15.27,23.04,7.68,6.719158927112174,1.52,22966480.0,26192428.0,1081.0938,99.95,26.95,2016,755.3,6.61,-0.2,1.47
2016-05-06,shigu,石鼓,Shigu,0.06,14.96,21.98,7.94,6.483934409021745,1.63,22462062.0,25619540.0,1051.2812,99.95,26.95,2016,755.04,6.88,-0.09,1.6
2016-05-07,shigu,石鼓,Shigu,0.07,15.4,21.04,9.27,5.258009795608252,1.6,16958044.0,19343548.0,1015.21875,99.95,26.95,2016,755.9,7.06,-0.25,1.56
2016-05-08,shigu,石鼓,Shigu,0.26,15.87,23.17,7.82,6.7648325258173605,1.86,22542336.0,25715508.0,984.71875,99.95,26.95,2016,756.39,7.0,-0.25,1.82
2016-05-09,shigu,石鼓,Shigu,0.64,16.4,22.95,8.68,7.139248241004809,1.4,23696960.0,27035008.0,971.0,99.95,26.95,2016,757.54,7.34,-0.3,1.3
2016-05-10,shigu,石鼓,Shigu,0.81,17.37,24.23,9.29,7.045083483930927,0.78,22776384.0,25986704.0,991.65625,99.95,26.95,2016,758.01,7.59,0.05,0.55
2016-05-11,shigu,石鼓,Shigu,0.08,18.59,27.05,10.55,8.092140707204797,1.22,24840974.0,28345132.0,1065.5312,99.95,26.95,2016,755.26,6.11,-0.08,1.16
2016-05-12,shigu,石鼓,Shigu,0.51,18.16,26.66,10.1,7.538283599981704,1.22,23732238.0,27082716.0,1191.4688,99.95,26.95,2016,754.49,7.99,0.17,1.1
2016-05-13,shigu,石鼓,Shigu,0.27,16.73,23.83,10.79,6.63572645536975,1.48,21610642.0,24663584.0,1347.8125,99.95,26.95,2016,755.24,8.07,0.21,1.44
2016-05-14,shigu,石鼓,Shigu,0.38,16.33,21.63,9.64,5.366873463092093,1.4,17108112.0,19526546.0,1547.75,99.95,26.95,2016,756.89,8.23,0.31,1.36
2016-05-15,shigu,石鼓,Shigu,13.17,11.62,18.0,7.87,2.6768067996649245,0.92,10226896.0,11673304.0,1818.3125,99.95,26.95,2016,759.84,8.71,0.61,-0.51
2016-05-16,shigu,石鼓,Shigu,4.38,11.64,14.44,8.16,2.128021028818472,0.67,8046512.0,9186194.0,2111.9688,99.95,26.95,2016,756.65,9.25,0.57,0.0
2016-05-17,shigu,石鼓,Shigu,5.75,12.32,16.15,9.24,2.192543791101782,0.77,8436624.0,9633012.0,2377.3438,99.95,26.95,2016,755.0,10.82,-0.24,0.68
2016-05-18,shigu,石鼓,Shigu,1.08,14.31,19.64,10.18,4.40462003725826,1.31,15681008.0,17908036.0,2560.875,99.95,26.95,2016,755.02,9.55,0.24,1.27
2016-05-19,shigu,石鼓,Shigu,0.54,16.16,22.23,11.04,5.657317227457487,1.34,18868598.0,21553028.0,2679.1875,99.95,26.95,2016,754.29,9.34,-0.26,1.28
2016-05-20,shigu,石鼓,Shigu,0.48,18.17,23.89,12.29,6.171242273706619,0.81,19086654.0,21804436.0,2766.1562,99.95,26.95,2016,754.18,7.9,0.29,0.41
2016-05-21,shigu,石鼓,Shigu,19.01,14.54,17.83,12.46,2.8658656475293185,0.56,10280168.0,11746244.0,2774.3125,99.95,26.95,2016,755.41,12.61,0.39,-0.24
2016-05-22,shigu,石鼓,Shigu,21.69,13.92,16.01,11.96,1.554750052950814,0.71,5790986.0,6617844.0,2757.25,99.95,26.95,2016,754.09,13.17,0.09,-0.25
2016-05-23,shigu,石鼓,Shigu,13.43,10.55,12.27,8.23,1.3647878060869958,0.57,5463608.0,6245072.0,2850.0312,99.95,26.95,2016,757.76,9.67,-0.5,0.14
2016-05-24,shigu,石鼓,Shigu,0.24,16.03,20.82,9.41,4.734180194496166,0.74,15974986.0,18262232.0,2991.3125,99.95,26.95,2016,753.25,10.77,0.62,0.13
2016-05-25,shigu,石鼓,Shigu,12.07,15.81,20.83,11.57,4.171447353796555,0.72,14722754.0,16833148.0,3009.625,99.95,26.95,2016,752.1,13.41,0.39,0.38
2016-05-26,shigu,石鼓,Shigu,3.61,17.62,22.43,12.33,5.891301967644679,0.98,19403750.0,22189556.0,2977.7812,99.95,26.95,2016,752.93,11.96,0.44,0.69
2016-05-27,shigu,石鼓,Shigu,0.32,18.09,23.36,10.9,6.845563740996102,1.39,21761576.0,24889476.0,2982.7188,99.95,26.95,2016,753.37,9.97,0.02,1.35
2016-05-28,shigu,石鼓,Shigu,0.01,18.34,23.67,12.13,6.378183629611084,1.27,19794996.0,22644480.0,3044.3438,99.95,26.95,2016,753.8,9.86,-0.17,1.23
2016-05-29,shigu,石鼓,Shigu,0.68,18.11,23.27,12.25,6.446118939727638,0.98,20831764.0,23833892.0,3124.2188,99.95,26.95,2016,754.08,11.37,0.28,0.78
2016-05-30,shigu,石鼓,Shigu,0.27,18.0,23.76,11.13,6.447847491779015,1.4,20583572.0,23554284.0,3226.2812,99.95,26.95,2016,753.77,10.59,0.13,1.36
2016-05-31,shigu,石鼓,Shigu,0.02,18.36,24.43,11.4,6.713713452771307,1.56,20767156.0,23768432.0,3357.6562,99.95,26.95,2016,754.34,9.65,-0.05,1.53
2016-06-01,shigu,石鼓,Shigu,0.03,17.7,22.98,11.26,5.641745301583993,1.45,17622866.0,20173864.0,3443.375,99.95,26.95,2016,754.39,10.21,0.05,1.41
2016-06-02,shigu,石鼓,Shigu,0.01,18.47,24.83,11.31,7.198713189156583,1.49,22216208.0,25436368.0,3444.0625,99.95,26.95,2016,754.01,8.88,-0.1,1.42
2016-06-03,shigu,石鼓,Shigu,0.41,19.3,24.59,13.24,7.717328138935287,0.74,23775168.0,27223444.0,3398.3125,99.95,26.95,2016,755.64,8.19,0.16,0.33
2016-06-04,shigu,石鼓,Shigu,0.06,20.35,27.38,14.03,8.305221034008596,1.0,24810588.0,28414292.0,3315.9062,99.95,26.95,2016,756.06,8.58,-0.18,0.86
2016-06-05,shigu,石鼓,Shigu,2.3,17.72,23.45,10.86,5.66825809679044,0.8,18455454.0,21140648.0,3188.0312,99.95,26.95,2016,757.95,11.85,0.16,-0.09
2016-06-06,shigu,石鼓,Shigu,0.71,18.68,25.02,13.23,6.738320143925643,0.98,21497638.0,24627900.0,3045.7188,99.95,26.95,2016,756.2,11.74,0.03,0.84
2016-06-07,shigu,石鼓,Shigu,3.36,18.81,23.37,13.78,5.687926856136544,0.4,17959830.0,20579916.0,2908.75,99.95,26.95,2016,756.24,11.64,0.01,0.04
2016-06-08,shigu,石鼓,Shigu,7.27,15.64,20.57,12.4,3.545076870361872,0.57,12475308.0,14297848.0,2812.8125,99.95,26.95,2016,755.31,13.8,0.36,0.07
2016-06-09,shigu,石鼓,Shigu,3.12,17.43,22.71,13.22,4.637449611104911,0.91,15092812.0,17300624.0,2773.3438,99.95,26.95,2016,753.97,12.46,0.42,0.7
2016-06-10,shigu,石鼓,Shigu,6.55,17.55,22.27,14.0,4.8890607089700815,0.58,15968534.0,18305912.0,2768.6875,99.95,26.95,2016,753.99,12.56,0.12,0.5
2016-06-11,shigu,石鼓,Shigu,8.56,16.26,20.93,13.7,3.878268788298578,0.64,13431082.0,15397156.0,2833.5312,99.95,26.95,2016,754.15,13.97,0.29,-0.44
2016-06-12,shigu,石鼓,Shigu,6.3,15.41,19.79,13.44,2.680943328508866,0.55,9431638.0,10816156.0,2941.7812,99.95,26.95,2016,754.92,13.87,0.25,-0.36
2016-06-13,shigu,石鼓,Shigu,0.55,16.66,20.34,13.75,3.1402802553251017,0.73,10316074.0,11834252.0,3043.0,99.95,26.95,2016,753.48,13.06,0.39,0.45
2016-06-14,shigu,石鼓,Shigu,2.05,18.11,23.11,13.84,5.041766619662532,0.91,16436388.0,18854548.0,3099.2812,99.95,26.95,2016,751.91,13.66,0.35,0.78
2016-06-15,shigu,石鼓,Shigu,41.43,17.26,22.85,14.15,4.306873578703444,0.78,14645722.0,16802324.0,3126.1562,99.95,26.95,2016,753.86,14.69,0.38,-0.19
2016-06-16,shigu,石鼓,Shigu,6.14,13.92,15.57,13.25,1.4035367207073397,0.72,4931320.0,5659788.0,3205.2188,99.95,26.95,2016,756.29,12.33,0.56,-0.32
2016-06-17,shigu,石鼓,Shigu,1.31,17.88,22.41,13.85,4.850245007819818,1.13,15835112.0,18178208.0,3353.125,99.95,26.95,2016,754.28,13.4,0.25,1.05
2016-06-18,shigu,石鼓,Shigu,0.41,19.01,23.9,14.96,5.442269621133951,1.46,17058354.0,19589236.0,3483.0312,99.95,26.95,2016,754.35,13.49,0.03,1.45
2016-06-19,shigu,石鼓,Shigu,3.18,18.52,22.9,14.8,4.049132095291324,0.84,12805982.0,14711108.0,3574.0,99.95,26.95,2016,754.58,14.23,-0.0,0.82
2016-06-20,shigu,石鼓,Shigu,1.6,18.46,23.33,15.54,4.329933327887242,0.83,13878456.0,15948104.0,3686.6562,99.95,26.95,2016,753.93,14.41,0.2,0.71
2016-06-21,shigu,石鼓,Shigu,8.05,18.26,22.38,15.35,3.576323866450904,0.7,11598972.0,13332288.0,3806.4375,99.95,26.95,2016,754.21,15.31,0.37,0.5
2016-06-22,shigu,石鼓,Shigu,3.85,17.76,21.76,14.92,3.6747610176638994,0.83,12111138.0,13922604.0,3913.4688,99.95,26.95,2016,754.45,14.84,0.43,0.66
2016-06-23,shigu,石鼓,Shigu,0.64,20.11,24.95,15.84,5.849811823750651,1.15,17867664.0,20548800.0,4067.625,99.95,26.95,2016,753.36,14.07,0.27,1.08
2016-06-24,shigu,石鼓,Shigu,13.39,18.12,23.6,14.73,4.182036477128055,0.72,13753838.0,15821548.0,4205.1875,99.95,26.95,2016,754.65,15.2,0.46,0.27
2016-06-25,shigu,石鼓,Shigu,11.88,17.53,23.15,14.4,3.7914172308726815,0.64,12890392.0,14831888.0,4308.5625,99.95,26.95,2016,756.09,16.03,0.43,0.12
2016-06-26,shigu,石鼓,Shigu,16.26,18.5,23.74,14.75,4.506143881238711,0.71,14999034.0,17263888.0,4430.9688,99.95,26.95,2016,755.66,16.5,0.45,0.26
2016-06-27,shigu,石鼓,Shigu,1.55,18.94,22.91,14.81,4.563379850478051,0.89,14403276.0,16584920.0,4648.0,99.95,26.95,2016,754.85,14.55,0.29,0.75
2016-06-28,shigu,石鼓,Shigu,19.4,18.08,23.53,15.44,3.9541746567268112,0.58,12996834.0,14969996.0,5050.8906,99.95,26.95,2016,756.11,15.54,0.14,0.36
2016-06-29,shigu,石鼓,Shigu,16.77,17.43,22.1,15.15,3.6450163553267823,0.72,12551940.0,14459916.0,5446.3438,99.95,26.95,2016,755.84,16.27,0.62,0.04
2016-06-30,shigu,石鼓,Shigu,2.47,18.84,23.26,15.36,4.221324824792621,0.85,13323908.0,15354080.0,5592.0,99.95,26.95,2016,753.24,14.74,0.15,0.77
2016-07-01,shigu,石鼓,Shigu,28.28,16.3,19.38,14.27,2.7839644564038406,0.6,9619218.0,11086868.0,5618.547,99.95,26.95,2016,754.21,14.92,0.25,-0.31
2016-07-02,shigu,石鼓,Shigu,14.18,16.63,19.7,14.44,3.2196119668519807,0.65,11090972.0,12788628.0,5778.125,99.95,26.95,2016,754.34,15.12,0.36,0.25
2016-07-03,shigu,石鼓,Shigu,8.76,16.44,19.89,13.39,3.245152673646692,0.96,11181378.0,12897788.0,5910.6875,99.95,26.95,2016,753.98,14.26,0.17,0.91
2016-07-04,shigu,石鼓,Shigu,4.96,18.34,24.09,14.54,4.309941062645248,0.76,14018840.0,16175428.0,5942.625,99.95,26.95,2016,752.82,15.12,0.15,0.65
2016-07-05,shigu,石鼓,Shigu,24.12,17.86,22.63,15.45,4.205709958072443,0.67,14088022.0,16259060.0,5841.7188,99.95,26.95,2016,752.9,15.85,0.34,0.22
2016-07-06,shigu,石鼓,Shigu,30.29,16.34,18.42,15.03,1.826072098784412,0.61,6408270.0,7396696.0,5679.6562,99.95,26.95,2016,754.35,15.87,0.36,-0.39
2016-07-07,shigu,石鼓,Shigu,17.41,15.6,18.72,13.55,1.9211854348333155,0.65,6825164.0,7882908.0,5694.7188,99.95,26.95,2016,755.41,14.91,0.51,-0.28
2016-07-08,shigu,石鼓,Shigu,10.15,17.04,21.61,14.3,3.0487442873203423,0.59,10236992.0,11824580.0,6000.4844,99.95,26.95,2016,753.99,15.14,0.31,0.28
2016-07-09,shigu,石鼓,Shigu,15.91,16.21,18.81,13.94,2.16214252879968,0.53,7559976.0,8737104.0,6413.6094,99.95,26.95,2016,753.61,15.7,-0.04,0.47
2016-07-10,shigu,石鼓,Shigu,6.78,17.53,21.33,14.41,3.62614461948052,0.6,11918124.0,13777192.0,6754.703,99.95,26.95,2016,753.16,14.73,0.07,0.35
2016-07-11,shigu,石鼓,Shigu,15.24,18.06,23.94,13.76,5.207685109728629,0.69,17436758.0,20161092.0,6866.0938,99.95,26.95,2016,753.58,15.85,0.18,0.37
2016-07-12,shigu,石鼓,Shigu,2.9,18.54,23.81,14.92,4.807659848721664,0.6,15573122.0,18011260.0,6780.2656,99.95,26.95,2016,753.87,15.32,0.16,0.2
2016-07-13,shigu,石鼓,Shigu,10.27,18.18,22.8,15.27,4.596232229661165,0.62,15321652.0,17725080.0,6661.7656,99.95,26.95,2016,753.14,16.42,0.43,-0.12
2016-07-14,shigu,石鼓,Shigu,30.06,17.05,21.12,14.49,2.9817136912365814,0.46,10081034.0,11666412.0,6632.1562,99.95,26.95,2016,754.03,15.95,0.15,-0.19
2016-07-15,shigu,石鼓,Shigu,7.38,16.58,19.2,13.63,2.9778673616648605,0.66,10034792.0,11614542.0,6780.828,99.95,26.95,2016,755.49,14.42,0.15,-0.19
2016-07-16,shigu,石鼓,Shigu,10.24,17.92,24.15,14.62,4.937609946478086,0.71,16470644.0,19057140.0,6919.453,99.95,26.95,2016,755.44,15.39,0.25,0.39
2016-07-17,shigu,石鼓,Shigu,3.61,18.25,23.57,14.8,4.893153677246082,0.97,16260640.0,18807208.0,6755.5312,99.95,26.95,2016,754.18,15.34,0.27,0.86
2016-07-18,shigu,石鼓,Shigu,12.27,17.28,20.8,15.06,2.8107970094347974,1.08,9337080.0,10795412.0,6400.6562,99.95,26.95,2016,752.17,15.03,0.1,1.07
2016-07-19,shigu,石鼓,Shigu,14.08,17.17,21.87,14.61,3.3528783813241736,0.66,11411484.0,13187104.0,6078.4688,99.95,26.95,2016,753.02,15.68,0.29,0.35
2016-07-20,shigu,石鼓,Shigu,9.72,18.07,23.1,15.51,5.024609659286995,0.69,16736068.0,19333008.0,5958.125,99.95,26.95,2016,754.21,15.57,0.42,0.28
2016-07-21,shigu,石鼓,Shigu,12.9,17.52,22.14,14.83,3.8345484113748807,0.73,12959012.0,14963964.0,5901.297,99.95,26.95,2016,754.78,15.63,0.47,0.45
2016-07-22,shigu,石鼓,Shigu,18.84,15.8,18.3,13.79,1.9240586525061527,0.76,6882698.0,7944664.0,5789.422,99.95,26.95,2016,755.54,15.17,0.34,0.66
2016-07-23,shigu,石鼓,Shigu,10.23,15.92,19.41,14.1,2.237164852299108,0.82,7911354.0,9127320.0,5846.922,99.95,26.95,2016,755.32,14.87,0.54,0.55
2016-07-24,shigu,石鼓,Shigu,10.94,15.32,18.43,13.78,2.358592737133309,0.82,8351360.0,9631416.0,5999.3906,99.95,26.95,2016,756.49,13.86,0.65,0.35
2016-07-25,shigu,石鼓,Shigu,6.69,15.44,19.63,12.25,2.7922410382754723,0.67,9977728.0,11503508.0,6034.5625,99.95,26.95,2016,758.92,14.38,0.06,0.43
2016-07-26,shigu,石鼓,Shigu,1.18,18.72,24.05,13.05,6.372605364408963,0.73,20401732.0,23508534.0,6142.5,99.95,26.95,2016,757.71,13.03,0.19,0.23
2016-07-27,shigu,石鼓,Shigu,12.87,16.69,22.41,13.01,4.4708854305656045,0.5,15240496.0,17555450.0,6242.047,99.95,26.95,2016,757.44,14.46,0.11,-0.12
2016-07-28,shigu,石鼓,Shigu,1.67,16.57,20.67,12.41,4.662774189439631,0.76,15828280.0,18223006.0,6314.6406,99.95,26.95,2016,756.97,12.99,0.17,-0.37
2016-07-29,shigu,石鼓,Shigu,5.34,16.56,21.53,13.2,5.1383557019769865,0.66,17656682.0,20320836.0,6283.8438,99.95,26.95,2016,756.49,13.62,0.41,-0.21
2016-07-30,shigu,石鼓,Shigu,9.14,14.94,18.48,12.12,2.8697207093992168,0.56,10369282.0,11927844.0,6102.1562,99.95,26.95,2016,757.3,14.07,0.33,-0.04
2016-07-31,shigu,石鼓,Shigu,5.63,16.12,20.88,13.09,4.337998097122776,0.6,15170114.0,17444824.0,5855.8438,99.95,26.95,2016,756.91,14.27,0.33,-0.12
2016-08-01,shigu,石鼓,Shigu,5.27,16.73,22.36,12.32,4.992885235978999,0.67,17251250.0,19830388.0,5648.9688,99.95,26.95,2016,756.32,14.4,0.24,-0.11
2016-08-02,shigu,石鼓,Shigu,9.0,17.08,22.91,12.97,5.202214459520293,0.62,17783850.0,20433874.0,5475.6875,99.95,26.95,2016,754.93,14.64,-0.01,-0.01
2016-08-03,shigu,石鼓,Shigu,6.2,18.2,23.74,13.08,5.826937789875157,0.79,19601540.0,22512276.0,5306.4844,99.95,26.95,2016,754.74,15.4,-0.02,-0.24
2016-08-04,shigu,石鼓,Shigu,6.68,18.43,24.01,14.24,5.668151036042265,0.68,18801680.0,21584426.0,5144.3906,99.95,26.95,2016,755.22,15.44,-0.03,-0.34
2016-08-05,shigu,石鼓,Shigu,10.17,16.71,21.8,14.08,3.68959479214178,0.65,12774674.0,14658894.0,4991.6562,99.95,26.95,2016,756.69,15.07,0.32,-0.47
2016-08-06,shigu,石鼓,Shigu,14.16,15.16,18.45,11.72,2.433580559443292,0.57,8794870.0,10088326.0,4911.2656,99.95,26.95,2016,756.61,14.49,0.06,-0.14
2016-08-07,shigu,石鼓,Shigu,5.19,17.49,23.02,12.34,5.828744090921643,0.76,19457052.0,22309798.0,4927.625,99.95,26.95,2016,755.69,12.98,0.22,-0.23
2016-08-08,shigu,石鼓,Shigu,11.54,16.54,21.99,13.07,5.391043717773856,0.48,18606830.0,21326164.0,4931.8438,99.95,26.95,2016,755.3,14.33,0.14,-0.03
2016-08-09,shigu,石鼓,Shigu,12.97,16.39,21.93,13.34,4.489599858858177,0.49,15581218.0,17850944.0,4811.0156,99.95,26.95,2016,754.96,14.65,0.2,-0.01
2016-08-10,shigu,石鼓,Shigu,16.07,16.9,23.2,11.74,5.298701231615442,0.58,18166292.0,20804848.0,4643.4062,99.95,26.95,2016,755.62,14.24,0.06,-0.05
2016-08-11,shigu,石鼓,Shigu,2.3,17.84,23.4,13.09,4.921339917910398,0.71,16432040.0,18810136.0,4473.297000000001,99.95,26.95,2016,756.31,14.61,0.19,-0.19
2016-08-12,shigu,石鼓,Shigu,4.25,18.12,23.65,13.29,5.416964708595759,0.7,18169736.0,20790518.0,4304.203,99.95,26.95,2016,755.32,15.28,0.03,-0.22
2016-08-13,shigu,石鼓,Shigu,2.75,18.59,24.4,13.04,5.838024393639783,0.8,19296528.0,22070646.0,4115.1094,99.95,26.95,2016,754.55,14.9,-0.17,-0.3
2016-08-14,shigu,石鼓,Shigu,1.27,19.29,25.0,13.28,6.137098512403879,0.8,19885012.0,22734690.0,3932.8281,99.95,26.95,2016,753.6,15.05,-0.08,-0.4
2016-08-15,shigu,石鼓,Shigu,8.51,18.25,23.66,13.35,5.504581410099972,0.72,18420276.0,21051428.0,3766.5938,99.95,26.95,2016,753.47,15.25,-0.03,-0.46
2016-08-16,shigu,石鼓,Shigu,1.17,18.46,23.05,14.33,5.710368504123174,0.7,18905810.0,21594848.0,3632.2031,99.95,26.95,2016,753.89,14.92,0.06,-0.34
2016-08-17,shigu,石鼓,Shigu,0.49,19.97,24.9,14.21,6.580242806024492,0.73,20804388.0,23752966.0,3491.0781,99.95,26.95,2016,752.86,14.55,0.22,0.2
2016-08-18,shigu,石鼓,Shigu,5.47,20.56,27.03,14.51,7.0341456608422135,0.79,21931324.0,25026980.0,3317.5938,99.95,26.95,2016,752.93,14.49,-0.02,-0.12
2016-08-19,shigu,石鼓,Shigu,2.01,19.58,24.45,14.7,5.56117877541384,0.79,17951844.0,20475464.0,3128.4688,99.95,26.95,2016,754.19,15.81,-0.16,-0.4
2016-08-20,shigu,石鼓,Shigu,3.39,19.38,23.65,15.51,5.014967290455958,1.04,15989868.0,18228442.0,2952.6875,99.95,26.95,2016,756.02,15.01,0.04,-0.9
2016-08-21,shigu,石鼓,Shigu,6.72,17.61,22.98,12.73,5.184614986493659,0.78,17785458.0,20266038.0,2824.2031,99.95,26.95,2016,757.13,15.07,0.13,-0.32
2016-08-22,shigu,石鼓,Shigu,4.3,18.58,24.39,13.77,5.49210802268014,0.68,18188274.0,20714842.0,2712.6094,99.95,26.95,2016,757.3,15.24,0.06,-0.43
2016-08-23,shigu,石鼓,Shigu,1.67,18.44,23.74,12.73,5.449209844295496,0.73,18181624.0,20697728.0,2607.4375,99.95,26.95,2016,757.21,15.27,0.19,-0.29
2016-08-24,shigu,石鼓,Shigu,1.21,18.92,24.9,13.23,6.324746227081119,0.7,20592474.0,23430630.0,2501.125,99.95,26.95,2016,757.18,14.06,0.04,-0.16
2016-08-25,shigu,石鼓,Shigu,3.26,18.72,24.77,13.77,6.060763913724903,0.76,20147104.0,22912470.0,2401.1562,99.95,26.95,2016,758.47,15.18,-0.08,-0.3
2016-08-26,shigu,石鼓,Shigu,2.54,18.91,24.57,14.15,5.7659123950141735,0.73,18920630.0,21507198.0,2307.2031,99.95,26.95,2016,759.39,14.98,0.1,-0.3
2016-08-27,shigu,石鼓,Shigu,5.02,17.77,22.99,13.59,5.161068351849394,0.77,17571422.0,19963948.0,2210.6562,99.95,26.95,2016,759.6,14.87,0.28,-0.4
2016-08-28,shigu,石鼓,Shigu,9.27,17.34,21.97,14.3,4.812633575502803,0.56,16326082.0,18539742.0,2138.6719,99.95,26.95,2016,757.9,14.33,0.39,-0.06
2016-08-29,shigu,石鼓,Shigu,6.1,18.34,23.54,14.81,5.0101742787434445,0.8,16531506.0,18763728.0,2090.6875,99.95,26.95,2016,755.21,14.37,0.47,0.35
2016-08-30,shigu,石鼓,Shigu,1.76,18.4,22.93,15.22,4.484721655195541,0.8,14756502.0,16739242.0,2045.9844,99.95,26.95,2016,754.58,14.79,0.5,0.53
2016-08-31,shigu,石鼓,Shigu,1.91,18.28,22.18,15.5,4.009236949651293,1.09,12952704.0,14687886.0,2006.5312,99.95,26.95,2016,753.62,14.25,0.17,1.06
2016-09-01,shigu,石鼓,Shigu,11.01,17.39,21.85,14.68,3.79757499559214,0.69,12871530.0,14587668.0,2000.4219,99.95,26.95,2016,753.42,14.73,0.55,0.11
2016-09-02,shigu,石鼓,Shigu,10.76,15.36,16.92,14.22,1.9986374922522585,0.76,7281704.0,8247148.0,2059.9844,99.95,26.95,2016,753.76,14.45,0.62,-0.44
2016-09-03,shigu,石鼓,Shigu,14.26,16.51,20.95,14.26,3.12514092359748,0.48,11024446.0,12481756.0,2213.2344,99.95,26.95,2016,754.1,15.74,0.33,0.03
2016-09-04,shigu,石鼓,Shigu,27.12,16.92,21.94,14.6,3.5196202342568004,0.52,12260906.0,13874784.0,2439.6719,99.95,26.95,2016,755.38,15.64,0.35,0.01
2016-09-05,shigu,石鼓,Shigu,16.1,16.59,20.45,14.67,2.7984530650515844,0.65,9871660.0,11164900.0,2726.9531,99.95,26.95,2016,755.63,15.41,0.52,-0.03
2016-09-06,shigu,石鼓,Shigu,22.37,16.27,19.15,14.4,2.5572347465738035,0.47,9003094.0,10178594.0,3063.9531,99.95,26.95,2016,756.24,15.29,0.32,0.02
2016-09-07,shigu,石鼓,Shigu,14.53,16.39,20.8,14.03,3.575776185647649,0.67,12840094.0,14508898.0,3408.7344,99.95,26.95,2016,755.88,15.36,0.48,-0.08
2016-09-08,shigu,石鼓,Shigu,5.49,17.8,22.39,14.29,4.4012118490172885,0.73,14848642.0,16770080.0,3693.4844,99.95,26.95,2016,755.61,14.69,0.46,0.31
2016-09-09,shigu,石鼓,Shigu,19.63,16.77,21.97,13.99,3.3848814646636565,0.63,11729336.0,13243668.0,3840.9219,99.95,26.95,2016,756.39,14.69,0.02,0.26
2016-09-10,shigu,石鼓,Shigu,2.32,15.59,19.24,12.46,2.7618551867094268,0.68,9476686.0,10693530.0,3915.125,99.95,26.95,2016,758.91,12.44,0.19,-0.47
2016-09-11,shigu,石鼓,Shigu,0.14,16.69,21.37,11.82,5.420993330493066,0.85,18205696.0,20533880.0,3965.9062,99.95,26.95,2016,758.56,10.46,0.29,-0.56
2016-09-12,shigu,石鼓,Shigu,0.35,16.41,20.71,11.8,4.925688045247287,0.76,16732234.0,18862930.0,3920.7188,99.95,26.95,2016,759.56,11.06,0.53,-0.31
2016-09-13,shigu,石鼓,Shigu,8.03,15.56,20.05,12.71,4.273520325452386,0.67,15277898.0,17214588.0,3810.0312,99.95,26.95,2016,759.57,12.79,0.52,0.0
2016-09-14,shigu,石鼓,Shigu,4.17,17.06,22.1,12.92,4.770852463637934,0.7,16269174.0,18322870.0,3770.2188,99.95,26.95,2016,757.64,13.13,0.25,0.33
2016-09-15,shigu,石鼓,Shigu,10.02,16.17,21.79,12.66,4.292942466165944,0.55,15145718.0,17047808.0,3763.4844,99.95,26.95,2016,757.52,13.79,0.28,0.02
2016-09-16,shigu,石鼓,Shigu,13.29,15.9,20.32,12.93,3.547460217344012,0.57,12710090.0,14301936.0,3705.9219,99.95,26.95,2016,756.86,14.37,0.18,0.04
2016-09-17,shigu,石鼓,Shigu,4.63,16.33,20.69,13.26,4.028814270619916,0.73,14120544.0,15883862.0,3657.8594,99.95,26.95,2016,757.34,13.47,0.44,-0.0
2016-09-18,shigu,石鼓,Shigu,10.31,15.82,20.0,13.2,3.3945206765133302,0.61,12311218.0,13844844.0,3577.25,99.95,26.95,2016,757.49,14.69,0.54,-0.08
2016-09-19,shigu,石鼓,Shigu,40.69,15.22,18.84,13.5,3.161000204276172,0.8,11865272.0,13340342.0,3496.2031,99.95,26.95,2016,757.49,14.32,0.43,-0.59
2016-09-20,shigu,石鼓,Shigu,21.14,12.6,14.01,11.54,0.9134300038991487,0.84,3600908.0,4047058.0,3560.5,99.95,26.95,2016,760.56,12.11,0.19,-0.8
2016-09-21,shigu,石鼓,Shigu,3.86,12.75,14.59,11.5,1.5922814139977466,0.69,5919134.0,6651252.0,3774.7344,99.95,26.95,2016,762.47,10.98,0.42,-0.48
2016-09-22,shigu,石鼓,Shigu,1.03,14.24,16.47,11.75,2.0600911706951046,0.71,7395990.5,8307863.0,3912.8906,99.95,26.95,2016,759.23,12.08,0.68,0.09
2016-09-23,shigu,石鼓,Shigu,6.45,15.42,20.09,12.55,3.829783529282013,0.73,13882730.0,15590330.0,3826.6719,99.95,26.95,2016,756.86,13.16,0.39,0.45
2016-09-24,shigu,石鼓,Shigu,0.5,17.04,21.27,12.39,4.608413697521423,1.0,15406965.0,17297408.0,3712.3047,99.95,26.95,2016,756.01,11.96,0.08,0.96
2016-09-25,shigu,石鼓,Shigu,0.52,17.3,22.42,11.44,4.734056242951743,0.89,15723117.0,17647318.0,3669.4766,99.95,26.95,2016,756.72,11.99,0.08,0.76
2016-09-26,shigu,石鼓,Shigu,0.06,17.74,22.36,12.2,4.24180478256248,0.75,13840884.0,15530294.0,3613.6328,99.95,26.95,2016,757.24,12.57,0.04,0.49
2016-09-27,shigu,石鼓,Shigu,4.64,17.19,22.11,13.2,5.068525141462575,0.67,17367600.0,19481416.0,3554.914,99.95,26.95,2016,758.26,13.3,0.38,-0.04
2016-09-28,shigu,石鼓,Shigu,9.79,15.39,19.59,13.06,3.5381784993928704,0.76,13025151.0,14604737.0,3553.7266,99.95,26.95,2016,758.68,13.79,0.54,-0.4
2016-09-29,shigu,石鼓,Shigu,2.76,16.89,21.52,13.29,3.9915372166156806,0.56,13586661.0,15230410.0,3652.6719,99.95,26.95,2016,757.09,13.17,0.4,-0.03
2016-09-30,shigu,石鼓,Shigu,7.14,16.07,20.59,12.65,3.658154553277565,0.58,12931553.0,14491813.0,3743.8125,99.95,26.95,2016,757.06,13.71,0.34,-0.08
2016-10-01,shigu,石鼓,Shigu,7.93,15.31,20.11,12.25,3.184651100943558,0.66,11607307.0,13003448.0,3732.5078,99.95,26.95,2016,759.57,13.62,-0.17,-0.22
2016-10-02,shigu,石鼓,Shigu,0.25,16.96,22.56,11.17,5.2877951872506745,0.59,17877232.0,20023836.0,3679.125,99.95,26.95,2016,760.52,11.28,-0.01,-0.21
2016-10-03,shigu,石鼓,Shigu,0.06,17.4,22.87,10.85,5.907520007187892,0.67,19522704.0,21860980.0,3561.9375,99.95,26.95,2016,758.45,9.73,0.23,-0.07
2016-10-04,shigu,石鼓,Shigu,2.66,16.92,22.03,11.71,4.835869341192871,0.55,16221078.0,18158784.0,3376.3594,99.95,26.95,2016,757.85,10.96,0.13,0.04
2016-10-05,shigu,石鼓,Shigu,3.68,14.77,19.53,10.76,3.6632298653114153,0.64,13558742.0,15174362.0,3180.375,99.95,26.95,2016,758.51,12.92,0.38,-0.01
2016-10-06,shigu,石鼓,Shigu,1.01,15.63,20.46,11.49,3.9609579648001736,0.76,13848687.0,15493774.0,3010.2266,99.95,26.95,2016,757.74,11.53,0.18,0.53
2016-10-07,shigu,石鼓,Shigu,0.55,16.95,21.21,11.82,4.072135469328938,0.64,13482394.0,15079838.0,2863.414,99.95,26.95,2016,757.91,11.37,0.14,0.41
2016-10-08,shigu,石鼓,Shigu,3.72,15.78,19.44,12.96,3.2817745994984384,0.63,11590868.0,12959977.0,2726.164,99.95,26.95,2016,757.65,13.11,0.42,0.32
2016-10-09,shigu,石鼓,Shigu,0.35,16.85,21.66,11.99,4.1257853686207255,1.05,13731488.0,15349243.0,2614.4531,99.95,26.95,2016,756.23,11.87,0.11,1.01
2016-10-10,shigu,石鼓,Shigu,0.52,16.24,21.31,11.4,3.422897343689284,1.04,11414896.0,12756260.0,2541.3281,99.95,26.95,2016,756.2,11.75,0.19,0.94
2016-10-11,shigu,石鼓,Shigu,0.04,16.93,22.14,11.73,3.885730161307272,0.84,12491888.0,13955954.0,2509.0156,99.95,26.95,2016,756.99,10.58,0.23,0.64
2016-10-12,shigu,石鼓,Shigu,8.58,14.77,19.78,11.45,3.354598421319851,0.65,12307220.0,13745210.0,2512.211,99.95,26.95,2016,758.36,12.55,0.29,0.26
2016-10-13,shigu,石鼓,Shigu,0.44,15.39,19.28,11.91,3.2497461893195374,0.72,11143402.0,12441244.0,2535.7266,99.95,26.95,2016,758.3,10.93,0.27,0.63
2016-10-14,shigu,石鼓,Shigu,0.63,15.05,19.67,11.02,3.4314693315548346,0.99,12035626.0,13434158.0,2573.0234,99.95,26.95,2016,757.88,11.02,0.04,0.92
2016-10-15,shigu,石鼓,Shigu,0.02,15.54,21.35,10.4,4.158144261133165,0.7,14074486.0,15704864.0,2618.7266,99.95,26.95,2016,759.15,8.95,-0.27,0.47
2016-10-16,shigu,石鼓,Shigu,1.0,15.48,21.22,9.9,4.56998144141999,0.64,15868006.0,17702682.0,2643.0078,99.95,26.95,2016,759.83,9.7,0.33,0.1
2016-10-17,shigu,石鼓,Shigu,2.25,15.0,20.9,10.4,4.557287910900007,0.55,16036482.0,17885956.0,2603.0312,99.95,26.95,2016,759.01,9.21,0.25,0.02
2016-10-18,shigu,石鼓,Shigu,0.32,14.73,20.36,10.09,4.632631093144692,0.58,16384356.0,18271462.0,2513.2031,99.95,26.95,2016,758.02,8.68,0.17,-0.03
2016-10-19,shigu,石鼓,Shigu,0.22,15.15,20.87,9.69,4.5292402310767175,0.61,15585516.0,17377548.0,2415.1328,99.95,26.95,2016,756.24,7.93,-0.06,0.3
2016-10-20,shigu,石鼓,Shigu,0.0,15.2,21.19,9.06,5.53468286110216,0.96,18243256.0,20337168.0,2318.1406,99.95,26.95,2016,754.92,3.81,-0.28,0.85
2016-10-21,shigu,石鼓,Shigu,0.0,15.13,20.96,8.77,5.5595254003133725,0.71,19054488.0,21238208.0,2214.9219,99.95,26.95,2016,755.65,5.67,-0.09,0.37
2016-10-22,shigu,石鼓,Shigu,0.0,14.89,20.99,8.38,5.447802688753813,1.03,18211886.0,20295062.0,2108.1484,99.95,26.95,2016,755.98,4.43,-0.23,0.97
2016-10-23,shigu,石鼓,Shigu,0.0,14.56,20.87,7.73,5.486061666959344,1.04,18477178.0,20587012.0,2002.7422,99.95,26.95,2016,755.93,3.83,0.04,0.92
2016-10-24,shigu,石鼓,Shigu,0.0,14.3,20.58,7.25,5.4773484752684505,1.05,18508968.0,20618636.0,1901.2969,99.95,26.95,2016,756.16,3.27,-0.23,0.98
2016-10-25,shigu,石鼓,Shigu,0.0,15.08,20.35,7.5,4.922609576048082,1.18,16022996.0,17846272.0,1805.5547,99.95,26.95,2016,756.75,5.35,-0.06,1.15
2016-10-26,shigu,石鼓,Shigu,0.5,15.17,19.91,10.58,3.8783981560900114,0.95,13099206.0,14587164.0,1716.9375,99.95,26.95,2016,758.91,9.0,0.32,0.86
2016-10-27,shigu,石鼓,Shigu,0.15,15.3,20.3,11.11,3.9583187700368208,1.05,12923646.0,14388500.0,1641.5391,99.95,26.95,2016,759.67,7.96,0.22,0.98
2016-10-28,shigu,石鼓,Shigu,6.55,10.9,13.97,7.78,1.2960094017309387,0.83,5183996.0,5771360.0,1593.75,99.95,26.95,2016,759.81,9.56,-0.04,0.46
2016-10-29,shigu,石鼓,Shigu,2.79,11.44,14.28,7.9,1.8831552122281376,0.65,7307510.0,8132368.0,1574.8047,99.95,26.95,2016,760.65,9.2,0.33,0.29
2016-10-30,shigu,石鼓,Shigu,2.81,12.31,16.56,8.68,2.732281405566225,0.68,10361838.0,11529160.0,1552.1562,99.95,26.95,2016,761.38,9.05,0.28,0.48
2016-10-31,shigu,石鼓,Shigu,0.17,12.89,17.81,8.97,3.482185463385861,0.61,12568166.0,13981724.0,1509.1172,99.95,26.95,2016,762.8,6.61,0.23,0.18
2016-11-01,shigu,石鼓,Shigu,0.14,13.78,19.23,8.75,4.281037135404619,0.66,14972094.0,16652848.0,1459.8203,99.95,26.95,2016,761.89,5.39,0.17,0.48
2016-11-02,shigu,石鼓,Shigu,0.11,13.67,19.26,8.67,4.370593790504908,0.64,15393322.0,17118752.0,1406.8047,99.95,26.95,2016,761.98,5.26,0.16,0.39
2016-11-03,shigu,石鼓,Shigu,0.0,13.31,18.98,7.27,4.57719946686459,0.9,15926326.0,17708036.0,1352.9375,99.95,26.95,2016,760.66,3.86,-0.16,0.82
2016-11-04,shigu,石鼓,Shigu,0.0,13.0,19.04,6.81,4.787038779021292,1.27,16442790.0,18279348.0,1300.6953,99.95,26.95,2016,757.48,3.0,-0.28,1.22
2016-11-05,shigu,石鼓,Shigu,0.12,13.33,18.76,6.16,4.0857769026569,1.2,14007986.0,15570624.0,1251.4219,99.95,26.95,2016,756.06,5.43,-0.14,1.18
2016-11-06,shigu,石鼓,Shigu,7.95,11.37,13.32,9.59,1.3473386392032367,0.76,4894796.0,5440328.0,1210.2656,99.95,26.95,2016,757.87,8.66,-0.17,0.72
2016-11-07,shigu,石鼓,Shigu,20.46,11.07,13.54,9.19,1.041549181500994,0.57,4177692.0,4642240.0,1200.2812,99.95,26.95,2016,758.47,10.22,-0.24,0.47
2016-11-08,shigu,石鼓,Shigu,17.84,10.95,12.73,8.71,1.0815326872586015,0.57,4373904.0,4858204.0,1245.3281,99.95,26.95,2016,758.71,10.14,-0.1,0.5
2016-11-09,shigu,石鼓,Shigu,0.37,12.48,17.26,8.93,2.9945283043181963,0.67,10855782.0,12056748.0,1306.7734,99.95,26.95,2016,759.85,6.93,0.1,0.32
2016-11-10,shigu,石鼓,Shigu,0.77,10.87,14.82,6.89,2.4406924363843334,0.71,9607380.0,10666752.0,1335.7344,99.95,26.95,2016,759.8,7.69,0.39,-0.03
2016-11-11,shigu,石鼓,Shigu,0.0,11.7,17.95,5.95,3.946626794412188,1.44,14211962.0,15778460.0,1328.5703,99.95,26.95,2016,757.9,4.19,-0.35,1.38
2016-11-12,shigu,石鼓,Shigu,0.0,12.08,18.37,5.56,4.127264633044899,1.37,15149622.0,16816800.0,1301.3281,99.95,26.95,2016,758.22,5.22,-0.25,1.33
2016-11-13,shigu,石鼓,Shigu,0.0,11.83,17.97,5.15,3.88746771021764,1.39,14313170.0,15885912.0,1262.7969,99.95,26.95,2016,758.85,5.27,-0.31,1.33
2016-11-14,shigu,石鼓,Shigu,0.0,12.33,18.24,5.11,3.974880221192272,0.84,14697512.0,16309260.0,1222.0391,99.95,26.95,2016,758.96,5.83,-0.14,0.75
2016-11-15,shigu,石鼓,Shigu,0.0,11.79,18.04,5.31,3.8846584548627887,1.03,13954946.0,15482220.0,1184.2266,99.95,26.95,2016,759.34,3.56,-0.08,0.94
2016-11-16,shigu,石鼓,Shigu,0.0,11.6,18.06,4.62,4.417406846671617,1.2,15578312.0,17283092.0,1149.375,99.95,26.95,2016,759.8,1.09,-0.26,1.12
2016-11-17,shigu,石鼓,Shigu,0.0,10.86,17.29,4.09,4.5158683322762805,1.24,15891218.0,17630104.0,1117.0234,99.95,26.95,2016,759.03,-1.55,-0.34,1.14
2016-11-18,shigu,石鼓,Shigu,0.0,10.06,16.56,3.84,4.184304019558844,0.86,15877730.0,17615092.0,1088.125,99.95,26.95,2016,758.28,-0.12,-0.3,0.68
2016-11-19,shigu,石鼓,Shigu,0.0,9.87,16.36,3.41,4.226857649102895,0.95,15821038.0,17552088.0,1063.3359,99.95,26.95,2016,757.25,-1.49,-0.18,0.84
2016-11-20,shigu,石鼓,Shigu,0.0,9.25,15.67,3.14,4.147990573772063,1.07,15701936.0,17419916.0,1042.8516,99.95,26.95,2016,757.75,-2.03,-0.42,0.93
2016-11-21,shigu,石鼓,Shigu,0.0,9.44,16.43,3.01,4.091800117976337,0.9,15661954.0,17375480.0,1025.9531,99.95,26.95,2016,756.63,-1.23,-0.26,0.75
2016-11-22,shigu,石鼓,Shigu,0.0,9.56,16.16,3.0,3.9803630477838254,0.71,15485790.0,17179964.0,1010.8828,99.95,26.95,2016,756.82,-0.1,0.03,0.36
2016-11-23,shigu,石鼓,Shigu,0.0,9.73,16.15,3.56,3.881476539034488,0.64,15392842.0,17076796.0,996.0703,99.95,26.95,2016,758.34,2.14,0.28,0.08
2016-11-24,shigu,石鼓,Shigu,0.0,9.51,15.94,3.5,4.008625361413921,1.16,15167704.0,16826940.0,981.53125,99.95,26.95,2016,756.34,-0.34,-0.2,1.09
2016-11-25,shigu,石鼓,Shigu,0.0,9.31,15.64,3.21,3.8653621979265913,0.99,15105902.0,16758348.0,968.0469,99.95,26.95,2016,755.89,0.71,-0.15,0.82
2016-11-26,shigu,石鼓,Shigu,0.07,8.41,12.87,4.09,2.557362408607467,0.72,10691776.0,11859980.0,956.09375,99.95,26.95,2016,759.46,4.21,0.42,-0.13
2016-11-27,shigu,石鼓,Shigu,0.0,9.27,14.94,3.81,2.951317328210868,0.78,11454460.0,12706660.0,945.8281,99.95,26.95,2016,757.6,2.31,0.19,0.58
2016-11-28,shigu,石鼓,Shigu,0.74,8.02,13.85,2.92,2.606994710077957,0.89,11145560.0,12364376.0,937.125,99.95,26.95,2016,758.7,4.02,0.05,0.71
2016-11-29,shigu,石鼓,Shigu,0.2,7.96,13.31,2.78,2.3167486770535155,0.62,9755010.0,10821224.0,929.2031,99.95,26.95,2016,760.58,3.84,0.15,0.23
2016-11-30,shigu,石鼓,Shigu,0.95,8.61,12.83,4.19,2.2483632151542405,0.67,9201586.0,10207556.0,921.6406,99.95,26.95,2016,761.21,4.44,0.49,0.17
2016-12-01,shigu,石鼓,Shigu,0.96,8.53,12.98,4.21,2.337580611818181,0.86,9285702.0,10301036.0,914.72656,99.95,26.95,2016,759.84,3.32,0.22,0.72
2016-12-02,shigu,石鼓,Shigu,0.2,8.79,13.44,4.05,2.7536871585671823,0.98,10550510.0,11704044.0,908.64844,99.95,26.95,2016,759.75,1.8,-0.04,0.92
2016-12-03,shigu,石鼓,Shigu,0.86,8.85,13.51,4.44,2.733227439592266,0.82,10646144.0,11810476.0,903.8828,99.95,26.95,2016,760.34,2.15,-0.07,0.7
2016-12-04,shigu,石鼓,Shigu,0.3,7.39,13.06,2.04,3.206853183298233,0.74,13168476.0,14608396.0,900.4375,99.95,26.95,2016,761.22,-1.31,-0.42,0.51
2016-12-05,shigu,石鼓,Shigu,0.0,8.58,15.06,1.87,3.762316988971956,0.64,14898052.0,16527096.0,897.4922,99.95,26.95,2016,763.22,-2.25,-0.14,-0.19
2016-12-06,shigu,石鼓,Shigu,0.0,8.95,15.13,3.59,3.589725239385709,0.82,14096580.0,15637728.0,891.3906,99.95,26.95,2016,761.48,0.16,-0.26,0.67
2016-12-07,shigu,石鼓,Shigu,0.0,8.97,15.31,3.47,3.590579286374893,0.58,14438076.0,16016692.0,883.2969,99.95,26.95,2016,760.83,1.01,-0.17,0.11
2016-12-08,shigu,石鼓,Shigu,0.0,9.13,15.88,3.46,3.561205004521909,0.65,14274608.0,15835272.0,874.9219,99.95,26.95,2016,759.64,1.66,-0.25,0.37
2016-12-09,shigu,石鼓,Shigu,0.0,9.54,16.68,3.34,3.8123284287466976,0.99,14353616.0,15922856.0,866.8906,99.95,26.95,2016,757.54,-0.48,-0.35,0.81
2016-12-10,shigu,石鼓,Shigu,0.0,9.03,16.33,1.89,3.668482504607811,0.87,14277944.0,15838852.0,859.2422,99.95,26.95,2016,756.85,-0.19,-0.08,0.58
2016-12-11,shigu,石鼓,Shigu,0.0,8.14,15.98,1.15,3.785151075691141,1.42,14424506.0,16001376.0,851.875,99.95,26.95,2016,754.07,-2.44,-0.41,1.33
2016-12-12,shigu,石鼓,Shigu,0.0,8.5,15.56,0.89,3.7254388815754194,1.16,14389904.0,15962988.0,844.75,99.95,26.95,2016,755.39,-1.39,-0.51,0.97
2016-12-13,shigu,石鼓,Shigu,0.0,8.64,15.3,2.88,3.530121543694872,0.62,14165058.0,15713440.0,837.83594,99.95,26.95,2016,756.97,-0.09,-0.02,0.33
2016-12-14,shigu,石鼓,Shigu,0.0,8.37,13.85,3.06,2.9527461972049536,0.51,12190586.0,13521628.0,831.09375,99.95,26.95,2016,758.23,2.37,0.34,-0.08
2016-12-15,shigu,石鼓,Shigu,0.15,8.28,13.76,4.13,2.517838188140552,0.61,10202322.0,11315512.0,824.47656,99.95,26.95,2016,759.79,2.39,0.19,-0.0
2016-12-16,shigu,石鼓,Shigu,0.09,8.55,14.27,3.7,2.763160374591452,0.9,10509560.0,11659060.0,817.96094,99.95,26.95,2016,759.95,0.61,0.11,0.73
2016-12-17,shigu,石鼓,Shigu,0.0,8.51,14.85,2.94,3.561278455889935,1.23,13947958.0,15477756.0,811.59375,99.95,26.95,2016,757.75,0.02,-0.37,1.16
2016-12-18,shigu,石鼓,Shigu,0.0,7.76,14.08,2.05,3.0265222141486383,1.54,12097830.0,13427016.0,805.72656,99.95,26.95,2016,757.21,0.94,-0.41,1.47
2016-12-19,shigu,石鼓,Shigu,0.0,8.01,14.24,1.5,2.8330027163459843,1.14,11393198.0,12647004.0,800.39844,99.95,26.95,2016,755.86,1.7,-0.31,1.07
2016-12-20,shigu,石鼓,Shigu,0.0,7.48,12.96,1.29,2.14351647609158,1.23,8532504.0,9472912.0,795.3047,99.95,26.95,2016,756.11,2.38,-0.45,1.12
2016-12-21,shigu,石鼓,Shigu,0.02,7.18,13.3,1.03,2.144795986687229,0.6,9383556.0,10417696.0,789.83594,99.95,26.95,2016,760.09,3.87,-0.04,-0.16
2016-12-22,shigu,石鼓,Shigu,0.09,8.11,13.31,3.84,1.9272312999369112,0.67,7579562.0,8417052.0,783.7656,99.95,26.95,2016,759.38,2.8,-0.05,0.46
2016-12-23,shigu,石鼓,Shigu,0.03,8.75,13.3,4.01,2.177443841363912,1.17,7951498.0,8832720.0,777.375,99.95,26.95,2016,755.55,2.83,-0.09,1.14
2016-12-24,shigu,石鼓,Shigu,0.04,8.33,13.98,3.21,2.3831949140078827,1.5,9012386.0,10012216.0,770.90625,99.95,26.95,2016,754.73,2.68,-0.08,1.48
2016-12-25,shigu,石鼓,Shigu,0.01,8.91,15.02,3.03,3.0696772047357253,1.53,11553210.0,12837560.0,764.78125,99.95,26.95,2016,756.23,1.8,-0.35,1.47
2016-12-26,shigu,石鼓,Shigu,1.31,8.58,14.02,2.38,2.8077259614106738,0.87,10821464.0,12025824.0,759.5781,99.95,26.95,2016,757.95,1.02,0.34,0.52
2016-12-27,shigu,石鼓,Shigu,6.47,5.21,9.65,1.51,2.0603485290244503,0.43,9759292.0,10926976.0,755.3906,99.95,26.95,2016,758.17,3.24,0.1,0.04
2016-12-28,shigu,石鼓,Shigu,0.0,5.58,11.45,0.81,2.653236804312462,0.57,11300766.0,13219208.0,753.9531,99.95,26.95,2016,759.85,-0.56,-0.15,0.3
2016-12-29,shigu,石鼓,Shigu,0.0,6.95,13.53,1.01,3.3411345143782127,0.87,13177572.0,15196032.0,754.6719,99.95,26.95,2016,760.02,-2.87,-0.19,0.67
2016-12-30,shigu,石鼓,Shigu,0.0,7.34,13.61,1.44,3.5479072205161666,0.78,14128502.0,16102508.0,751.78125,99.95,26.95,2016,760.17,-2.86,-0.14,0.61
2016-12-31,shigu,石鼓,Shigu,0.0,7.92,14.01,1.38,3.66263442315592,0.9,14287744.0,16143388.0,745.03125,99.95,26.95,2016,759.48,-2.56,0.01,0.79
2017-01-01,shigu,石鼓,Shigu,0.0,7.73,13.78,2.41,3.4470992821998108,1.18,13483890.0,15142964.0,736.84375,99.95,26.95,2017,760.47,-1.45,-0.26,1.08
2017-01-02,shigu,石鼓,Shigu,0.0,8.17,13.79,2.42,3.4956334651207537,0.9,13596954.0,15209984.0,728.9844,99.95,26.95,2017,760.79,-1.82,-0.04,0.77
2017-01-03,shigu,石鼓,Shigu,2.11,7.92,12.17,2.51,2.3896644953570543,0.61,9356438.0,10444028.0,721.7656,99.95,26.95,2017,759.08,0.37,0.2,0.39
2017-01-04,shigu,石鼓,Shigu,3.2,5.55,8.84,3.15,1.5609311105123471,0.65,6943828.0,7797364.0,715.2031,99.95,26.95,2017,757.45,2.33,0.39,0.3
2017-01-05,shigu,石鼓,Shigu,0.3,6.65,11.81,2.05,3.0883077494841387,0.92,12550752.0,14089036.0,710.0156,99.95,26.95,2017,756.2,-2.46,0.19,0.76
2017-01-06,shigu,石鼓,Shigu,0.08,6.01,11.46,1.26,3.3546577807791484,1.28,13593398.0,15207052.0,705.875,99.95,26.95,2017,755.27,-4.56,-0.24,1.18
2017-01-07,shigu,石鼓,Shigu,0.0,6.26,12.06,1.16,3.511120189421318,0.99,14514940.0,16206616.0,700.5625,99.95,26.95,2017,754.63,-4.63,-0.13,0.91
2017-01-08,shigu,石鼓,Shigu,0.0,6.95,13.02,1.51,3.691467834382853,1.11,14750410.0,16451648.0,694.375,99.95,26.95,2017,754.67,-4.48,-0.19,1.04
2017-01-09,shigu,石鼓,Shigu,0.0,7.22,13.06,1.86,3.7474949465162046,1.13,14645576.0,16326052.0,687.96875,99.95,26.95,2017,754.58,-5.0,-0.01,1.06
2017-01-10,shigu,石鼓,Shigu,0.0,7.43,12.9,2.03,3.772895721917066,1.01,14707144.0,16391476.0,681.6719,99.95,26.95,2017,755.24,-5.24,0.33,0.87
2017-01-11,shigu,石鼓,Shigu,0.12,7.06,12.23,2.4,3.198689607208803,1.28,12421646.0,13843784.0,675.7031,99.95,26.95,2017,754.59,-2.66,0.36,1.11
2017-01-12,shigu,石鼓,Shigu,0.0,7.08,12.6,1.97,3.6601693442301095,0.97,14745660.0,16435108.0,670.09375,99.95,26.95,2017,753.81,-4.08,0.24,0.82
2017-01-13,shigu,石鼓,Shigu,0.0,6.7,12.55,1.79,3.764177618701898,1.17,14849068.0,16552468.0,664.8281,99.95,26.95,2017,753.57,-6.26,-0.04,1.12
2017-01-14,shigu,石鼓,Shigu,0.0,6.56,12.58,1.63,3.929417169084799,1.34,15378524.0,17145108.0,659.53125,99.95,26.95,2017,755.45,-7.23,-0.28,1.25
2017-01-15,shigu,石鼓,Shigu,0.0,7.15,13.46,1.39,3.9695075829427022,1.09,15581742.0,17374324.0,653.96875,99.95,26.95,2017,756.41,-6.37,-0.27,1.0
2017-01-16,shigu,石鼓,Shigu,0.0,7.63,14.0,1.98,4.092279379576226,1.34,15602312.0,17400708.0,648.3594,99.95,26.95,2017,755.43,-5.53,-0.28,1.27
2017-01-17,shigu,石鼓,Shigu,0.0,7.64,13.54,2.1,3.9270406461323546,1.33,14871414.0,16589000.0,642.90625,99.95,26.95,2017,757.02,-5.07,-0.04,1.26
2017-01-18,shigu,石鼓,Shigu,0.0,8.02,14.49,2.52,4.21463329575566,1.49,15733680.0,17554352.0,637.53125,99.95,26.95,2017,759.51,-5.15,-0.42,1.4
2017-01-19,shigu,石鼓,Shigu,0.0,8.74,15.71,2.34,4.329325806143643,1.29,15868722.0,17708640.0,632.2031,99.95,26.95,2017,758.95,-5.17,-0.33,1.21
2017-01-20,shigu,石鼓,Shigu,0.0,8.49,15.23,2.34,4.425888591104812,1.42,16000474.0,17859328.0,626.9219,99.95,26.95,2017,758.43,-6.71,-0.29,1.33
2017-01-21,shigu,石鼓,Shigu,0.0,8.54,15.61,2.21,4.227881743610896,1.13,15932744.0,17787420.0,621.71875,99.95,26.95,2017,760.87,-4.57,-0.33,1.0
2017-01-22,shigu,石鼓,Shigu,0.0,9.16,16.49,2.41,4.411987346414269,1.34,16039444.0,17910220.0,616.59375,99.95,26.95,2017,760.19,-4.19,-0.31,1.25
2017-01-23,shigu,石鼓,Shigu,0.0,9.2,15.96,2.11,4.566237658834878,1.45,16216752.0,18111940.0,611.4375,99.95,26.95,2017,759.16,-5.58,-0.3,1.37
2017-01-24,shigu,石鼓,Shigu,0.0,8.0,14.68,1.97,4.2237310837150135,1.33,16253470.0,18156684.0,606.3906,99.95,26.95,2017,761.36,-4.24,-0.56,1.16
2017-01-25,shigu,石鼓,Shigu,0.0,9.39,17.32,1.68,4.4782786878305565,0.91,16561454.0,18504508.0,601.4844,99.95,26.95,2017,763.0,-5.4,-0.32,0.71
2017-01-26,shigu,石鼓,Shigu,0.0,9.77,17.63,1.33,4.674035555205496,1.33,16538672.0,18482884.0,596.53125,99.95,26.95,2017,760.23,-4.9,-0.53,1.17
2017-01-27,shigu,石鼓,Shigu,0.0,10.57,18.09,2.62,4.754369533385616,1.12,16513696.0,18458780.0,591.6875,99.95,26.95,2017,757.16,-5.08,0.05,1.01
2017-01-28,shigu,石鼓,Shigu,0.21,7.95,14.43,1.95,4.030021072602168,1.56,16053458.0,17948044.0,587.0625,99.95,26.95,2017,754.94,-1.44,-0.12,1.51
2017-01-29,shigu,石鼓,Shigu,0.23,7.18,13.1,1.6,3.827200322739385,1.18,15344236.0,17163244.0,582.71875,99.95,26.95,2017,757.6,-3.63,-0.45,1.05
2017-01-30,shigu,石鼓,Shigu,0.0,8.63,15.22,1.41,4.414899276121293,1.28,16322236.0,18259498.0,578.625,99.95,26.95,2017,756.13,-5.39,0.28,1.12
2017-01-31,shigu,石鼓,Shigu,0.01,8.21,14.01,2.73,3.808365056728933,1.37,14428746.0,16143516.0,574.34375,99.95,26.95,2017,756.32,-2.37,0.03,1.31
2017-02-01,shigu,石鼓,Shigu,0.26,8.62,14.89,2.8,4.118457781483534,1.39,15621688.0,17481152.0,570.09375,99.95,26.95,2017,758.46,-2.2,0.18,1.27
2017-02-02,shigu,石鼓,Shigu,0.12,7.53,13.67,1.89,4.175220350524345,1.37,16272154.0,18212524.0,566.4375,99.95,26.95,2017,758.24,-4.73,-0.24,1.28
2017-02-03,shigu,石鼓,Shigu,0.02,5.87,12.14,1.02,3.75693721609098,1.52,15973250.0,17880964.0,563.5625,99.95,26.95,2017,758.23,-3.98,-0.73,1.3
2017-02-04,shigu,石鼓,Shigu,0.0,8.83,17.26,0.99,4.850227050500156,1.25,17866768.0,20004608.0,559.96875,99.95,26.95,2017,759.07,-7.34,-0.58,1.03
2017-02-05,shigu,石鼓,Shigu,0.0,9.9,18.89,1.02,4.835291503595702,1.48,17565388.0,19671056.0,555.09375,99.95,26.95,2017,756.01,-2.68,-0.63,1.33
2017-02-06,shigu,石鼓,Shigu,0.0,11.17,19.58,1.13,5.040553000731382,1.59,17493656.0,19594732.0,550.0625,99.95,26.95,2017,753.5,-1.3,-0.37,1.51
2017-02-07,shigu,石鼓,Shigu,0.03,8.7,15.25,3.13,4.172161533889925,1.83,15669894.0,17555484.0,546.3125,99.95,26.95,2017,754.09,-1.49,-0.36,1.75
2017-02-08,shigu,石鼓,Shigu,0.0,9.98,17.01,2.85,4.504163591775357,0.99,17070698.0,19128952.0,544.40625,99.95,26.95,2017,756.11,-0.31,-0.25,0.88
2017-02-09,shigu,石鼓,Shigu,0.0,10.93,18.21,4.48,4.082993063563183,1.49,14298644.0,16025160.0,543.1875,99.95,26.95,2017,754.39,1.42,0.09,1.46
2017-02-10,shigu,石鼓,Shigu,0.13,9.82,16.06,3.86,4.185071923273954,1.6,15283980.0,17133664.0,541.0625,99.95,26.95,2017,755.52,0.03,0.15,1.54
2017-02-11,shigu,石鼓,Shigu,0.77,8.38,14.71,2.49,4.056872549474075,1.5,15957982.0,17894064.0,540.4375,99.95,26.95,2017,758.91,-0.79,-0.2,1.4
2017-02-12,shigu,石鼓,Shigu,0.25,9.01,15.64,2.15,4.529570253396341,1.38,17186230.0,19275164.0,544.03125,99.95,26.95,2017,760.05,-2.38,-0.33,1.28
2017-02-13,shigu,石鼓,Shigu,0.08,9.21,15.91,2.78,4.827314167210791,1.46,17998994.0,20190320.0,547.6875,99.95,26.95,2017,759.91,-3.56,-0.29,1.39
2017-02-14,shigu,石鼓,Shigu,0.01,8.87,15.01,2.73,4.382981783805387,1.43,16067538.0,18027340.0,547.53125,99.95,26.95,2017,760.74,-3.91,-0.19,1.35
2017-02-15,shigu,石鼓,Shigu,0.16,7.7,13.49,1.54,4.397719077038498,1.31,17292912.0,19405992.0,544.3125,99.95,26.95,2017,760.58,-4.63,-0.51,1.18
2017-02-16,shigu,石鼓,Shigu,0.0,9.4,16.97,1.18,5.1649826733485344,1.27,19133994.0,21477676.0,539.5,99.95,26.95,2017,759.22,-5.56,-0.43,1.16
2017-02-17,shigu,石鼓,Shigu,0.0,10.57,17.92,2.41,5.169728541811011,1.16,18763282.0,21067220.0,533.4375,99.95,26.95,2017,759.56,-2.81,-0.36,1.05
2017-02-18,shigu,石鼓,Shigu,0.0,11.28,19.05,3.3,5.40133638460663,1.47,18897260.0,21223326.0,526.09375,99.95,26.95,2017,758.41,-2.16,-0.08,1.39
2017-02-19,shigu,石鼓,Shigu,0.0,11.31,19.58,3.73,5.264590497290311,1.58,18999498.0,21343884.0,518.65625,99.95,26.95,2017,754.1,0.49,-0.29,1.54
2017-02-20,shigu,石鼓,Shigu,1.0,8.9,14.67,3.69,3.458826518590244,1.41,13874892.0,15591962.0,512.125,99.95,26.95,2017,751.38,2.74,0.19,1.36
2017-02-21,shigu,石鼓,Shigu,2.02,8.15,13.94,4.24,3.4478152469672017,1.36,14224590.0,16007778.0,508.71875,99.95,26.95,2017,753.68,1.95,0.29,1.3
2017-02-22,shigu,石鼓,Shigu,5.79,7.48,12.95,4.12,2.903590234420092,1.29,12584342.0,14274626.0,514.625,99.95,26.95,2017,754.5,3.23,0.56,1.09
2017-02-23,shigu,石鼓,Shigu,3.73,6.81,12.27,2.64,2.7686679160367693,1.01,12357470.0,14260404.0,534.78125,99.95,26.95,2017,755.5,3.67,0.09,0.94
2017-02-24,shigu,石鼓,Shigu,1.72,6.37,11.41,2.65,3.024294432794814,1.04,13785696.0,15878594.0,561.6875,99.95,26.95,2017,755.98,2.93,-0.03,0.97
2017-02-25,shigu,石鼓,Shigu,0.49,7.18,12.77,2.62,3.52417102187739,1.24,14614344.0,16632654.0,579.75,99.95,26.95,2017,755.34,-0.14,-0.29,1.18
2017-02-26,shigu,石鼓,Shigu,1.95,6.36,11.33,1.52,2.8862924373906567,1.09,12600456.0,14268224.0,582.1875,99.95,26.95,2017,755.34,0.98,-0.1,0.94
2017-02-27,shigu,石鼓,Shigu,0.24,6.98,13.17,0.93,3.659680634142216,1.55,15452362.0,17454888.0,574.34375,99.95,26.95,2017,756.77,-0.48,-0.31,1.41
2017-02-28,shigu,石鼓,Shigu,0.01,8.02,14.65,0.73,4.110883512484058,1.25,16968218.0,19134632.0,564.03125,99.95,26.95,2017,757.45,0.13,-0.47,1.09
2017-03-01,shigu,石鼓,Shigu,1.27,9.61,14.87,2.93,3.9107094800303615,1.01,14914350.0,16808516.0,553.71875,99.95,26.95,2017,757.53,1.07,0.45,0.32
2017-03-02,shigu,石鼓,Shigu,0.32,8.44,15.88,1.19,4.223441824270187,1.66,17490146.0,19712476.0,542.875,99.95,26.95,2017,754.49,1.16,-0.02,1.59
2017-03-03,shigu,石鼓,Shigu,4.12,7.79,14.03,1.45,4.169727958428654,1.59,18391032.0,20743022.0,533.4375,99.95,26.95,2017,752.56,1.93,0.02,1.54
2017-03-04,shigu,石鼓,Shigu,2.14,7.6,14.13,2.51,4.046382351891939,1.37,17459118.0,19952304.0,532.03125,99.95,26.95,2017,753.39,1.56,-0.13,1.33
2017-03-05,shigu,石鼓,Shigu,2.11,7.03,12.06,2.31,3.8605551556573774,1.26,16945080.0,19497504.0,540.875,99.95,26.95,2017,753.49,1.48,0.02,1.25
2017-03-06,shigu,石鼓,Shigu,1.66,7.59,13.22,3.3,3.81563794100886,1.15,16355663.0,18668034.0,551.78125,99.95,26.95,2017,753.6,1.85,0.23,1.04
2017-03-07,shigu,石鼓,Shigu,1.72,6.97,13.34,0.09,4.002032019459893,1.52,17362580.0,19740992.0,557.40625,99.95,26.95,2017,754.8,-0.12,-0.1,1.44
2017-03-08,shigu,石鼓,Shigu,2.02,7.38,13.75,0.34,4.4046617106521015,1.49,18817572.0,21298924.0,557.71875,99.95,26.95,2017,754.41,-0.71,-0.22,1.43
2017-03-09,shigu,石鼓,Shigu,1.26,6.25,12.03,1.53,3.819401857687416,1.28,17727232.0,20450012.0,553.21875,99.95,26.95,2017,752.21,1.81,-0.23,1.24
2017-03-10,shigu,石鼓,Shigu,1.09,6.61,13.3,0.39,3.861941484048161,1.59,17954678.0,20477924.0,544.65625,99.95,26.95,2017,754.21,1.71,-0.19,1.51
2017-03-11,shigu,石鼓,Shigu,5.52,7.38,13.38,0.11,3.22770448584377,1.24,14557495.0,16501735.0,535.375,99.95,26.95,2017,754.68,3.74,0.26,1.13
2017-03-12,shigu,石鼓,Shigu,4.4,6.91,12.25,3.3,3.1647346239265985,1.33,14630309.0,16595028.0,532.3125,99.95,26.95,2017,752.41,3.41,0.51,1.2
2017-03-13,shigu,石鼓,Shigu,1.76,6.99,13.04,0.74,3.709873128231814,1.52,16301631.0,18518784.0,542.75,99.95,26.95,2017,755.6,0.97,-0.22,1.47
2017-03-14,shigu,石鼓,Shigu,0.0,8.97,15.96,1.1,5.076992246707455,1.43,20508722.0,23221642.0,561.5,99.95,26.95,2017,755.97,-0.17,-0.12,1.36
2017-03-15,shigu,石鼓,Shigu,0.0,9.12,15.55,1.51,5.234764831401786,1.52,20936388.0,23683060.0,568.15625,99.95,26.95,2017,756.14,-0.66,-0.39,1.42
2017-03-16,shigu,石鼓,Shigu,0.12,10.32,17.1,3.8,5.609718404023648,1.41,21298696.0,24090404.0,561.9375,99.95,26.95,2017,754.9,-0.76,-0.2,1.32
2017-03-17,shigu,石鼓,Shigu,0.87,9.76,15.44,3.54,5.428117899477692,1.32,21063504.0,23827466.0,551.03125,99.95,26.95,2017,754.99,-0.92,-0.04,1.26
2017-03-18,shigu,石鼓,Shigu,3.99,8.15,14.37,2.67,4.692593133119766,1.51,19441530.0,21998260.0,539.625,99.95,26.95,2017,756.13,-0.54,-0.01,1.47
2017-03-19,shigu,石鼓,Shigu,2.47,6.73,13.0,-0.12,4.462852870780007,1.51,18961860.0,22467996.0,530.28125,99.95,26.95,2017,756.92,-0.97,-0.07,1.45
2017-03-20,shigu,石鼓,Shigu,7.7,6.96,11.88,-0.14,3.3623365834700736,1.07,14540112.0,16714675.0,522.5625,99.95,26.95,2017,756.39,1.75,0.48,0.79
2017-03-21,shigu,石鼓,Shigu,1.65,5.93,12.36,0.71,2.983970510998245,1.24,13592836.0,16029576.0,515.59375,99.95,26.95,2017,755.07,2.35,-0.0,1.09
2017-03-22,shigu,石鼓,Shigu,0.0,7.67,15.98,0.81,5.287946552131534,1.43,22486028.0,25797960.0,513.15625,99.95,26.95,2017,756.45,-1.35,-0.52,1.29
2017-03-23,shigu,石鼓,Shigu,0.0,11.42,20.79,1.34,6.152123353974942,1.48,23156338.0,26304530.0,510.375,99.95,26.95,2017,755.98,1.43,-0.32,1.39
2017-03-24,shigu,石鼓,Shigu,0.09,11.75,18.62,2.58,5.289517816687419,1.45,19563886.0,22177258.0,504.09375,99.95,26.95,2017,756.42,3.22,-0.18,1.41
2017-03-25,shigu,石鼓,Shigu,2.74,9.26,14.1,5.0,2.774879663891455,1.03,11299940.0,12806644.0,499.40625,99.95,26.95,2017,758.43,5.49,-0.09,0.88
2017-03-26,shigu,石鼓,Shigu,3.36,9.93,16.2,4.97,4.258922665555362,0.71,17383390.0,19702980.0,501.65625,99.95,26.95,2017,759.33,5.82,0.24,0.32
2017-03-27,shigu,石鼓,Shigu,7.49,8.03,13.33,3.58,2.722797485746641,1.0,12153926.0,13778380.0,508.28125,99.95,26.95,2017,758.79,5.8,0.04,0.7
2017-03-28,shigu,石鼓,Shigu,0.0,11.23,18.98,3.59,5.757969249908699,1.3,21977274.0,24920970.0,511.03125,99.95,26.95,2017,757.46,2.41,-0.34,1.22
2017-03-29,shigu,石鼓,Shigu,0.43,12.22,17.77,5.15,4.694451589570536,1.43,17354780.0,19684280.0,511.46875,99.95,26.95,2017,756.55,5.58,-0.21,1.39
2017-03-30,shigu,石鼓,Shigu,5.31,7.97,10.77,4.17,1.4504090070189546,0.94,6040982.0,6853424.0,513.84375,99.95,26.95,2017,759.16,5.77,-0.2,0.89
2017-03-31,shigu,石鼓,Shigu,0.27,11.48,17.48,4.56,4.6352231235512695,0.59,17575018.0,19940536.0,520.03125,99.95,26.95,2017,759.91,5.12,0.14,0.12
2017-04-01,shigu,石鼓,Shigu,11.21,9.31,12.23,7.58,1.9989527964859413,0.77,8376132.0,9505144.0,530.15625,99.95,26.95,2017,758.56,7.62,0.65,-0.25
2017-04-02,shigu,石鼓,Shigu,6.35,9.55,14.27,6.67,2.5610197953417884,0.97,10655722.0,12148684.0,544.5,99.95,26.95,2017,756.14,7.18,0.36,0.86
2017-04-03,shigu,石鼓,Shigu,1.76,10.24,15.65,5.49,3.835315952758035,1.52,15311086.0,17413152.0,570.3125,99.95,26.95,2017,756.45,5.2,0.01,1.49
2017-04-04,shigu,石鼓,Shigu,0.36,10.44,15.95,5.84,4.145073828215834,1.35,16341664.0,18568432.0,602.46875,99.95,26.95,2017,756.25,4.8,-0.03,1.32
2017-04-05,shigu,石鼓,Shigu,0.16,10.83,17.4,2.9,4.9184315665402725,1.54,19064806.0,21659054.0,628.59375,99.95,26.95,2017,755.48,3.69,-0.39,1.47
2017-04-06,shigu,石鼓,Shigu,0.0,12.51,20.57,3.48,6.463028466388008,1.4,23891952.0,27146346.0,645.125,99.95,26.95,2017,755.28,3.25,-0.48,1.28
2017-04-07,shigu,石鼓,Shigu,0.0,13.61,21.07,5.33,5.515201375216853,1.73,19649652.0,22330604.0,655.09375,99.95,26.95,2017,754.37,6.17,-0.52,1.64
2017-04-08,shigu,石鼓,Shigu,0.09,14.02,21.66,7.07,4.553745970882397,1.76,15617626.0,17752230.0,660.78125,99.95,26.95,2017,755.36,7.48,-0.45,1.69
2017-04-09,shigu,石鼓,Shigu,0.26,13.45,20.54,5.38,5.698841612679148,1.8,20106536.0,22859962.0,667.78125,99.95,26.95,2017,754.7,5.1,-0.23,1.75
2017-04-10,shigu,石鼓,Shigu,0.02,13.7,20.95,6.45,6.493470514014389,1.82,22434508.0,25511980.0,688.65625,99.95,26.95,2017,753.98,3.2,-0.19,1.74
2017-04-11,shigu,石鼓,Shigu,0.62,12.9,19.1,6.54,5.866750383281523,1.57,20751490.0,23603402.0,724.375,99.95,26.95,2017,755.56,3.26,-0.19,1.48
2017-04-12,shigu,石鼓,Shigu,1.34,12.64,18.07,6.1,5.871003635012382,1.31,20974570.0,23862064.0,759.375,99.95,26.95,2017,757.89,2.76,-0.23,1.2
2017-04-13,shigu,石鼓,Shigu,0.97,13.55,19.91,6.18,6.7623743522462725,1.43,23270314.0,26479920.0,791.9375,99.95,26.95,2017,758.36,1.27,-0.04,1.32
2017-04-14,shigu,石鼓,Shigu,0.67,13.09,19.68,6.01,6.606633024307955,1.57,23279428.0,26496294.0,834.96875,99.95,26.95,2017,756.79,1.95,-0.28,1.52
2017-04-15,shigu,石鼓,Shigu,0.02,13.78,19.73,6.43,5.853111476250778,1.67,19698526.0,22425484.0,888.5,99.95,26.95,2017,755.68,3.49,-0.3,1.61
2017-04-16,shigu,石鼓,Shigu,3.6,13.66,20.23,7.44,4.7725710885335335,1.0,16539848.0,18830944.0,925.46875,99.95,26.95,2017,756.99,5.94,0.17,0.92
2017-04-17,shigu,石鼓,Shigu,19.08,6.36,10.0,3.01,0.6467866240785402,0.57,2946840.0,3359894.0,937.5625,99.95,26.95,2017,759.03,5.87,-0.25,0.23
2017-04-18,shigu,石鼓,Shigu,1.9,9.72,15.59,3.97,3.890607197056142,0.82,15807618.0,18041212.0,939.03125,99.95,26.95,2017,755.57,5.47,-0.03,0.54
2017-04-19,shigu,石鼓,Shigu,0.0,14.12,21.36,5.87,6.363083136995461,1.51,22531742.0,25676010.0,927.40625,99.95,26.95,2017,754.03,5.89,-0.37,1.45
2017-04-20,shigu,石鼓,Shigu,2.45,12.99,18.27,8.95,3.2899958178704005,0.95,12169096.0,13861930.0,898.8125,99.95,26.95,2017,754.49,9.59,0.31,0.86
2017-04-21,shigu,石鼓,Shigu,2.07,13.51,18.58,9.53,3.982806995330457,0.67,14224932.0,16203446.0,873.15625,99.95,26.95,2017,755.34,8.38,0.23,0.49
2017-04-22,shigu,石鼓,Shigu,0.73,15.01,19.61,10.24,4.211942700490718,0.64,14153318.0,16121894.0,855.875,99.95,26.95,2017,755.05,8.06,0.47,0.28
2017-04-23,shigu,石鼓,Shigu,5.94,13.81,18.93,9.55,3.736446632309499,0.64,13523912.0,15407140.0,850.09375,99.95,26.95,2017,754.33,10.31,0.44,0.35
2017-04-24,shigu,石鼓,Shigu,0.92,13.98,19.02,9.47,4.80834704943518,1.31,17215496.0,19614574.0,867.9375,99.95,26.95,2017,752.93,8.43,0.11,1.27
2017-04-25,shigu,石鼓,Shigu,1.51,13.71,19.87,7.91,4.672670550161907,0.96,16928728.0,19289408.0,904.28125,99.95,26.95,2017,754.31,8.69,0.17,0.85
2017-04-26,shigu,石鼓,Shigu,0.93,13.54,18.63,8.01,4.300270452047111,1.05,15364774.0,17508594.0,947.71875,99.95,26.95,2017,756.1,8.09,0.23,0.95
2017-04-27,shigu,石鼓,Shigu,0.53,15.52,21.5,8.9,5.987481712234348,1.17,19665494.0,22411664.0,1006.4375,99.95,26.95,2017,756.7,5.86,0.47,1.0
2017-04-28,shigu,石鼓,Shigu,0.2,14.81,21.09,8.38,6.719993047738045,1.55,22460798.0,25599564.0,1098.9688,99.95,26.95,2017,756.81,3.95,-0.07,1.52
2017-04-29,shigu,石鼓,Shigu,0.37,13.8,20.24,6.16,6.260422230161287,1.69,21931910.0,24999022.0,1216.25,99.95,26.95,2017,756.49,4.69,-0.22,1.66
2017-04-30,shigu,石鼓,Shigu,0.09,13.98,21.63,7.4,5.758568938084822,1.82,20229570.0,23060852.0,1328.5,99.95,26.95,2017,755.96,6.23,-0.35,1.74
2017-05-01,shigu,石鼓,Shigu,0.03,13.76,21.05,6.1,4.950083400415316,1.76,17057230.0,19446304.0,1416.9375,99.95,26.95,2017,756.76,6.45,-0.28,1.69
2017-05-02,shigu,石鼓,Shigu,0.02,14.34,22.08,6.53,5.854923754819223,1.95,20167864.0,22994320.0,1471.7812,99.95,26.95,2017,756.31,6.22,-0.2,1.91
2017-05-03,shigu,石鼓,Shigu,0.01,15.7,22.62,8.48,7.4059578770240675,1.55,24331692.0,27744472.0,1482.9062,99.95,26.95,2017,757.51,4.13,-0.52,1.41
2017-05-04,shigu,石鼓,Shigu,0.36,17.27,23.86,10.2,7.564949686671045,1.31,23587202.0,26897508.0,1453.5,99.95,26.95,2017,757.83,4.41,0.43,1.07
2017-05-05,shigu,石鼓,Shigu,0.42,15.62,22.57,8.27,6.783992674694328,1.54,22274920.0,25403604.0,1406.125,99.95,26.95,2017,758.46,5.2,0.22,1.47
2017-05-06,shigu,石鼓,Shigu,0.47,14.71,20.64,8.22,5.962211665502378,1.49,19892174.0,22688014.0,1361.4375,99.95,26.95,2017,758.56,5.18,0.02,1.46
2017-05-07,shigu,石鼓,Shigu,1.32,12.91,19.61,5.7,5.129262932156195,1.4,18662656.0,21287872.0,1324.7188,99.95,26.95,2017,758.03,6.11,-0.29,1.34
2017-05-08,shigu,石鼓,Shigu,0.08,16.72,24.8,7.73,7.902989577135947,1.17,24781918.0,28270180.0,1286.3438,99.95,26.95,2017,757.21,1.13,-0.49,1.03
2017-05-09,shigu,石鼓,Shigu,0.62,17.73,26.14,8.58,7.847770899040718,1.17,24450408.0,27894478.0,1248.375,99.95,26.95,2017,757.51,4.76,0.17,1.01
2017-05-10,shigu,石鼓,Shigu,0.17,17.31,24.33,10.06,7.087720644645988,1.38,22015628.0,25119146.0,1216.6562,99.95,26.95,2017,757.44,5.71,0.09,1.33
2017-05-11,shigu,石鼓,Shigu,0.77,17.69,23.41,11.67,7.17577125151493,1.11,22598024.0,25785860.0,1193.7812,99.95,26.95,2017,758.4,6.93,0.03,0.85
2017-05-12,shigu,石鼓,Shigu,2.83,14.07,19.66,7.98,4.795296217487004,0.83,17260284.0,19696764.0,1178.75,99.95,26.95,2017,759.36,9.34,0.1,-0.08
2017-05-13,shigu,石鼓,Shigu,0.08,18.18,23.95,10.04,6.89206684996032,1.04,21123852.0,24107740.0,1189.0312,99.95,26.95,2017,755.89,6.57,0.22,0.91
2017-05-14,shigu,石鼓,Shigu,9.42,16.04,23.04,11.03,5.592637902827718,0.77,18891222.0,21561504.0,1221.9062,99.95,26.95,2017,755.87,9.61,-0.01,0.17
2017-05-15,shigu,石鼓,Shigu,9.19,12.06,14.64,8.96,2.6641227909618697,0.8,9859366.0,11254592.0,1263.2188,99.95,26.95,2017,758.15,8.65,0.53,-0.57
2017-05-16,shigu,石鼓,Shigu,17.4,8.64,9.57,7.46,0.98902852510409,0.52,4194720.0,4789112.0,1301.6875,99.95,26.95,2017,759.01,8.05,0.17,-0.4
2017-05-17,shigu,石鼓,Shigu,0.28,11.45,13.98,8.46,2.4020840803569974,0.76,8963186.0,10234924.0,1335.4062,99.95,26.95,2017,756.15,8.09,0.69,-0.07
2017-05-18,shigu,石鼓,Shigu,3.49,15.06,19.35,10.52,3.992802384140032,0.77,13788104.0,15745636.0,1344.0625,99.95,26.95,2017,755.38,10.57,0.6,0.15
2017-05-19,shigu,石鼓,Shigu,1.24,16.96,22.42,11.31,5.84699558404325,1.14,19414438.0,22175436.0,1331.9062,99.95,26.95,2017,754.27,10.74,0.18,1.06
2017-05-20,shigu,石鼓,Shigu,0.07,16.96,22.8,10.4,5.032103626108883,1.47,15822822.0,18076564.0,1330.8125,99.95,26.95,2017,753.13,9.85,-0.25,1.41
2017-05-21,shigu,石鼓,Shigu,0.16,17.25,23.35,9.74,5.5645363067514255,1.43,17755460.0,20287572.0,1357.6875,99.95,26.95,2017,753.55,10.12,-0.23,1.39
2017-05-22,shigu,石鼓,Shigu,0.01,18.15,24.51,11.43,6.057048054135189,1.44,18590492.0,21244980.0,1413.125,99.95,26.95,2017,754.66,9.65,-0.45,1.35
2017-05-23,shigu,石鼓,Shigu,0.23,18.98,24.43,12.25,6.259692860613135,0.93,19329524.0,22093700.0,1504.25,99.95,26.95,2017,755.62,10.62,0.13,0.82
2017-05-24,shigu,石鼓,Shigu,0.77,19.12,24.58,14.03,5.922765738582719,0.76,18170016.0,20769924.0,1660.5312,99.95,26.95,2017,755.29,10.5,0.33,0.58
2017-05-25,shigu,石鼓,Shigu,17.44,13.33,17.74,10.2,3.460665012277448,1.02,13200078.0,15089016.0,1890.0625,99.95,26.95,2017,758.34,11.16,0.51,-0.84
2017-05-26,shigu,石鼓,Shigu,1.2,13.08,15.02,10.29,1.8074622675310432,0.48,6298400.0,7203488.0,2184.6875,99.95,26.95,2017,758.66,9.8,0.29,-0.27
2017-05-27,shigu,石鼓,Shigu,8.99,14.12,18.53,11.01,3.1119111644346287,0.42,11134228.0,12734172.0,2435.0625,99.95,26.95,2017,757.84,11.66,0.24,-0.05
2017-05-28,shigu,石鼓,Shigu,9.7,15.0,20.39,12.26,4.1670109801367925,0.67,15150478.0,17331268.0,2501.2188,99.95,26.95,2017,756.62,13.32,0.48,0.18
2017-05-29,shigu,石鼓,Shigu,4.0,17.03,21.75,13.75,5.035226424725684,0.72,17069330.0,19529808.0,2517.0312,99.95,26.95,2017,755.34,13.43,0.32,0.48
2017-05-30,shigu,石鼓,Shigu,11.96,16.38,20.53,13.69,3.607015279006631,0.6,12382398.0,14171252.0,2587.25,99.95,26.95,2017,755.77,13.96,0.5,0.23
2017-05-31,shigu,石鼓,Shigu,12.96,15.84,18.65,13.46,2.549804338624428,0.81,9215334.0,10547176.0,2709.8438,99.95,26.95,2017,753.37,14.97,0.39,0.41
2017-06-01,shigu,石鼓,Shigu,1.11,18.19,23.26,13.61,5.586357794430684,1.37,18177252.0,20807912.0,2896.3125,99.95,26.95,2017,752.38,12.96,-0.01,1.36
2017-06-02,shigu,石鼓,Shigu,0.07,18.28,23.97,13.28,6.30766721990085,1.61,20243600.0,23176396.0,3078.9062,99.95,26.95,2017,752.09,11.76,-0.11,1.6
2017-06-03,shigu,石鼓,Shigu,0.35,16.86,22.78,12.2,4.3099408815763445,1.3,14074964.0,16119296.0,3195.8125,99.95,26.95,2017,751.9,11.97,0.12,1.29
2017-06-04,shigu,石鼓,Shigu,0.51,15.4,19.96,8.46,5.874759106857683,1.65,20057874.0,22971448.0,3312.1562,99.95,26.95,2017,752.41,8.43,-0.47,1.54
2017-06-05,shigu,石鼓,Shigu,0.06,17.99,24.39,10.88,8.251890049720807,1.15,25802732.0,29555240.0,3469.0,99.95,26.95,2017,754.33,5.49,-0.32,1.06
2017-06-06,shigu,石鼓,Shigu,0.26,19.14,24.34,13.39,8.31788769591017,0.71,25811310.0,29569672.0,3551.4062,99.95,26.95,2017,757.33,7.25,0.12,-0.41
2017-06-07,shigu,石鼓,Shigu,0.14,20.25,25.97,13.61,7.898912087775838,0.83,23736284.0,27197076.0,3498.7812,99.95,26.95,2017,756.19,8.91,0.32,0.63
2017-06-08,shigu,石鼓,Shigu,0.01,20.8,26.46,13.69,7.707004015520765,1.05,22648954.0,25955880.0,3344.9062,99.95,26.95,2017,754.21,9.93,0.1,1.02
2017-06-09,shigu,石鼓,Shigu,0.02,20.19,25.91,13.67,7.562418029192715,1.4,22761362.0,26089116.0,3162.8125,99.95,26.95,2017,753.68,11.2,-0.21,1.37
2017-06-10,shigu,石鼓,Shigu,0.96,20.9,26.31,14.9,7.506529252689121,0.9,22561986.0,25864936.0,3004.625,99.95,26.95,2017,753.87,12.14,0.15,0.7
2017-06-11,shigu,石鼓,Shigu,0.48,20.09,25.08,14.87,6.245510572811341,1.16,18778096.0,21531196.0,2913.5,99.95,26.95,2017,753.81,12.51,0.1,1.12
2017-06-12,shigu,石鼓,Shigu,4.17,19.8,26.06,14.42,5.734578732456311,0.84,17649842.0,20241576.0,2885.2188,99.95,26.95,2017,753.88,13.41,0.23,0.72
2017-06-13,shigu,石鼓,Shigu,2.63,20.24,25.7,15.28,6.100640766021099,0.88,18451498.0,21162604.0,2879.5,99.95,26.95,2017,754.38,12.89,0.38,0.7
2017-06-14,shigu,石鼓,Shigu,7.81,20.06,24.73,15.26,5.775497536835503,0.77,17645956.0,20243208.0,2876.7812,99.95,26.95,2017,754.52,13.39,0.2,0.65
2017-06-15,shigu,石鼓,Shigu,0.08,20.63,25.99,14.91,6.4849527313792406,1.27,18978196.0,21775276.0,2893.8438,99.95,26.95,2017,753.2,12.19,0.1,1.25
2017-06-16,shigu,石鼓,Shigu,2.1,20.61,26.09,15.62,5.909155046553996,0.94,17184634.0,19721844.0,2986.25,99.95,26.95,2017,753.56,11.69,0.26,0.78
2017-06-17,shigu,石鼓,Shigu,1.52,19.91,25.5,15.96,5.450883317295028,1.25,16234256.0,18638612.0,3211.625,99.95,26.95,2017,751.95,13.08,0.19,1.23
2017-06-18,shigu,石鼓,Shigu,12.42,16.34,19.71,14.36,2.6595100976103176,0.55,9238384.0,10607772.0,3512.0625,99.95,26.95,2017,752.35,15.24,0.22,0.45
2017-06-19,shigu,石鼓,Shigu,18.09,15.7,18.81,13.7,2.228082026185189,0.34,7732572.0,8880440.0,3781.8125,99.95,26.95,2017,753.35,14.74,0.08,0.08
2017-06-20,shigu,石鼓,Shigu,11.94,16.02,20.55,12.93,3.452996748589291,0.52,12110172.0,13913904.0,4044.0,99.95,26.95,2017,752.84,14.85,0.23,0.21
2017-06-21,shigu,石鼓,Shigu,5.88,16.55,20.21,12.67,3.968714901310788,0.95,13426578.0,15435396.0,4242.4375,99.95,26.95,2017,752.45,13.14,-0.13,0.92
2017-06-22,shigu,石鼓,Shigu,2.18,19.14,24.43,13.83,6.144502499488641,0.91,19478388.0,22394512.0,4270.25,99.95,26.95,2017,753.06,13.45,0.32,0.73
2017-06-23,shigu,石鼓,Shigu,0.61,19.79,24.74,15.52,6.206017743301567,1.1,19361644.0,22267356.0,4228.0312,99.95,26.95,2017,752.39,14.02,0.41,0.97
2017-06-24,shigu,石鼓,Shigu,10.88,18.36,23.64,15.03,4.299760952858007,0.79,14062366.0,16177184.0,4257.2812,99.95,26.95,2017,752.8,15.26,0.38,0.55
2017-06-25,shigu,石鼓,Shigu,20.39,17.41,22.41,14.59,3.873081264503581,0.54,13017464.0,14978092.0,4404.9062,99.95,26.95,2017,754.02,15.41,0.35,0.2
2017-06-26,shigu,石鼓,Shigu,17.09,15.88,18.75,14.21,2.607438107004626,0.41,9016054.0,10375884.0,4739.9062,99.95,26.95,2017,755.35,14.63,0.18,-0.2
2017-06-27,shigu,石鼓,Shigu,11.11,17.05,21.61,14.52,4.548879277427352,0.56,15500894.0,17846096.0,5260.0625,99.95,26.95,2017,755.41,15.05,0.45,-0.08
2017-06-28,shigu,石鼓,Shigu,12.06,17.64,22.85,14.56,5.21476523073804,0.67,17489046.0,20141468.0,5642.6562,99.95,26.95,2017,754.76,14.71,0.41,0.3
2017-06-29,shigu,石鼓,Shigu,7.32,17.17,19.56,13.88,3.341767445782982,0.64,11141908.0,12836704.0,5718.6562,99.95,26.95,2017,753.39,14.69,0.21,0.57
2017-06-30,shigu,石鼓,Shigu,13.14,15.56,18.42,13.91,2.1667958489268244,0.59,7663574.0,8832608.0,5808.5625,99.95,26.95,2017,753.04,14.69,0.27,0.48
2017-07-01,shigu,石鼓,Shigu,6.95,17.09,20.95,14.55,3.4539759823331835,0.75,11636258.0,13413556.0,6050.625,99.95,26.95,2017,752.49,14.77,0.31,0.67
2017-07-02,shigu,石鼓,Shigu,5.27,17.11,19.8,15.04,3.2760066309003992,0.89,10949068.0,12626552.0,6279.125,99.95,26.95,2017,752.73,14.54,0.42,0.77
2017-07-03,shigu,石鼓,Shigu,16.08,15.51,17.91,13.73,1.895806409573723,0.5,6714198.0,7743700.0,6494.7812,99.95,26.95,2017,754.33,14.98,0.15,-0.32
2017-07-04,shigu,石鼓,Shigu,5.81,15.63,19.47,13.82,2.637846007815144,0.51,9282186.0,10711768.0,6878.7188,99.95,26.95,2017,754.89,14.72,0.38,-0.18
2017-07-05,shigu,石鼓,Shigu,1.76,18.4,22.87,14.47,4.716178284229502,0.87,15255952.0,17608440.0,7250.375,99.95,26.95,2017,754.07,14.55,0.31,0.76
2017-07-06,shigu,石鼓,Shigu,6.13,19.46,23.68,15.76,4.945114302044137,0.89,15272870.0,17631864.0,7436.422,99.95,26.95,2017,753.32,14.28,0.21,0.82
2017-07-07,shigu,石鼓,Shigu,22.87,16.4,19.0,14.66,2.02257450125894,0.45,6978202.0,8057816.0,7645.8906,99.95,26.95,2017,754.87,15.82,0.22,-0.02
2017-07-08,shigu,石鼓,Shigu,9.72,16.04,19.1,13.84,2.3712391026766904,0.5,8234714.0,9512516.0,7986.797,99.95,26.95,2017,754.84,15.15,0.42,0.01
2017-07-09,shigu,石鼓,Shigu,34.25,14.15,16.29,12.1,1.0588969393121777,0.68,3792274.0,4382004.0,8343.171999999999,99.95,26.95,2017,757.33,13.38,0.21,-0.29
2017-07-10,shigu,石鼓,Shigu,0.37,17.27,21.76,12.32,3.62151193066164,0.52,11239280.0,12990788.0,8665.266,99.95,26.95,2017,757.51,10.39,-0.17,0.06
2017-07-11,shigu,石鼓,Shigu,0.18,18.2,21.51,13.29,5.022823407918192,0.7,15530186.0,17956820.0,8746.530999999999,99.95,26.95,2017,757.14,10.81,-0.04,-0.39
2017-07-12,shigu,石鼓,Shigu,0.75,19.29,24.17,14.34,7.12825193774834,0.65,21991238.0,25434464.0,8634.094000000001,99.95,26.95,2017,756.37,10.33,0.52,-0.07
2017-07-13,shigu,石鼓,Shigu,7.54,16.85,21.9,13.53,5.5056874605064685,0.62,18698580.0,21632262.0,8424.344000000001,99.95,26.95,2017,754.93,13.86,0.47,0.06
2017-07-14,shigu,石鼓,Shigu,9.61,16.87,22.85,13.76,5.1836850721278935,0.57,17589516.0,20355152.0,8166.5625,99.95,26.95,2017,754.89,14.27,0.23,-0.03
2017-07-15,shigu,石鼓,Shigu,0.81,18.5,23.79,14.06,6.349182228337972,0.8,20528458.0,23761828.0,7918.3906,99.95,26.95,2017,755.49,13.53,0.33,-0.59
2017-07-16,shigu,石鼓,Shigu,3.58,17.54,21.91,13.9,5.426038072861063,0.94,18267904.0,21137454.0,7662.172,99.95,26.95,2017,756.6,14.16,0.44,-0.68
2017-07-17,shigu,石鼓,Shigu,0.75,18.78,23.12,14.6,6.0999590049245045,0.83,19670178.0,22750650.0,7390.9844,99.95,26.95,2017,756.98,14.2,0.42,-0.6
2017-07-18,shigu,石鼓,Shigu,2.05,18.78,23.6,14.03,6.217802230840457,0.83,20135222.0,23278858.0,7160.9375,99.95,26.95,2017,756.88,14.37,0.48,-0.32
2017-07-19,shigu,石鼓,Shigu,13.5,17.86,24.38,14.11,5.768075036765863,0.63,19226072.0,22218678.0,6937.1875,99.95,26.95,2017,754.55,14.92,0.04,0.28
2017-07-20,shigu,石鼓,Shigu,8.86,17.81,22.93,14.01,5.24214978089994,0.67,17565846.0,20292030.0,6708.422,99.95,26.95,2017,754.86,15.28,0.31,-0.23
2017-07-21,shigu,石鼓,Shigu,4.56,17.38,21.88,14.15,4.975156679239671,0.78,16705816.0,19289346.0,6516.0938,99.95,26.95,2017,756.74,14.18,0.42,-0.59
2017-07-22,shigu,石鼓,Shigu,14.01,15.72,19.51,13.28,3.373381483089161,0.77,12019098.0,13871476.0,6375.5312,99.95,26.95,2017,757.78,14.34,0.37,-0.6
2017-07-23,shigu,石鼓,Shigu,14.77,15.05,17.78,13.34,2.551847307384865,0.78,9214948.0,10630804.0,6249.3125,99.95,26.95,2017,756.75,13.89,0.5,-0.53
2017-07-24,shigu,石鼓,Shigu,10.02,15.71,19.28,13.59,3.3678090934463585,0.62,11922806.0,13750222.0,6165.422,99.95,26.95,2017,755.45,14.48,0.47,-0.28
2017-07-25,shigu,石鼓,Shigu,5.85,16.54,20.69,13.57,4.176650529357096,0.61,14441712.0,16648452.0,6095.4688,99.95,26.95,2017,755.65,14.78,0.4,-0.38
2017-07-26,shigu,石鼓,Shigu,5.08,16.94,22.51,12.21,5.094708726282615,0.74,17625296.0,20310132.0,6017.3125,99.95,26.95,2017,756.02,14.83,0.34,-0.02
2017-07-27,shigu,石鼓,Shigu,10.96,17.43,24.13,13.43,5.616820810659694,0.59,18919354.0,21792276.0,5889.0625,99.95,26.95,2017,756.04,14.55,0.08,0.09
2017-07-28,shigu,石鼓,Shigu,2.62,17.39,22.36,12.48,4.969975548965755,0.73,16826024.0,19372478.0,5738.875,99.95,26.95,2017,757.71,14.65,0.26,-0.3
2017-07-29,shigu,石鼓,Shigu,0.89,19.2,24.29,13.5,6.795380136783747,0.7,21704750.0,24979454.0,5615.203,99.95,26.95,2017,756.34,13.76,0.33,-0.18
2017-07-30,shigu,石鼓,Shigu,10.97,19.19,24.71,14.55,5.995177678830018,0.63,19226834.0,22118806.0,5553.672,99.95,26.95,2017,754.14,14.88,0.05,0.04
2017-07-31,shigu,石鼓,Shigu,12.14,18.33,23.68,14.81,5.135300212039517,0.54,17000652.0,19549438.0,5557.422,99.95,26.95,2017,753.38,15.97,0.2,0.1
2017-08-01,shigu,石鼓,Shigu,12.67,17.96,23.68,14.03,4.974328681826326,0.59,16722802.0,19222686.0,5535.1406,99.95,26.95,2017,753.61,15.99,0.11,0.13
2017-08-02,shigu,石鼓,Shigu,19.34,18.33,23.85,15.2,5.383365701562368,0.62,17976348.0,20654388.0,5410.3594,99.95,26.95,2017,753.04,16.11,0.24,0.06
2017-08-03,shigu,石鼓,Shigu,18.48,17.33,20.88,14.69,3.5597024402119755,0.44,12039192.0,13826918.0,5245.8125,99.95,26.95,2017,752.67,16.02,0.19,-0.11
2017-08-04,shigu,石鼓,Shigu,2.1,18.98,23.04,14.6,4.976637020021443,0.66,15938856.0,18298532.0,5167.8125,99.95,26.95,2017,753.66,14.9,0.24,-0.4
2017-08-05,shigu,石鼓,Shigu,7.65,18.31,23.7,13.57,5.4124018739237645,0.65,18065738.0,20731158.0,5143.25,99.95,26.95,2017,755.14,15.8,0.05,-0.38
2017-08-06,shigu,石鼓,Shigu,1.48,18.47,23.06,14.91,5.289448887057007,0.69,17590332.0,20177354.0,5075.6094,99.95,26.95,2017,755.76,15.84,0.37,-0.32
2017-08-07,shigu,石鼓,Shigu,0.92,19.97,24.96,15.87,5.219684897899644,0.97,16188996.0,18562102.0,4925.4062,99.95,26.95,2017,754.46,14.99,0.5,0.78
2017-08-08,shigu,石鼓,Shigu,43.77,16.4,18.77,14.88,1.5339469233015002,0.5,5307546.0,6083618.0,4751.3594,99.95,26.95,2017,755.4,15.75,0.06,0.1
2017-08-09,shigu,石鼓,Shigu,22.28,14.78,16.51,13.45,0.9414815439711244,0.57,3392186.0,3886126.0,4841.5312,99.95,26.95,2017,756.1,14.34,0.12,-0.53
2017-08-10,shigu,石鼓,Shigu,6.24,14.59,16.08,13.54,1.4550929057655977,0.74,5252718.0,6015476.0,5175.828,99.95,26.95,2017,754.46,13.66,0.57,-0.31
2017-08-11,shigu,石鼓,Shigu,11.68,16.38,20.18,13.52,2.9176762946486696,0.75,10311458.0,11803986.0,5468.4375,99.95,26.95,2017,753.81,15.23,0.37,0.49
2017-08-12,shigu,石鼓,Shigu,2.33,17.06,21.55,14.35,3.785806202836428,0.93,12929186.0,14794616.0,5656.203,99.95,26.95,2017,754.69,14.48,0.25,0.86
2017-08-13,shigu,石鼓,Shigu,6.93,18.1,23.29,14.87,4.219208787758078,0.73,13937146.0,15941664.0,5704.172,99.95,26.95,2017,755.56,15.05,0.22,0.61
2017-08-14,shigu,石鼓,Shigu,15.7,16.72,20.01,14.6,2.3607992845595014,0.56,8071120.0,9226672.0,5616.9062,99.95,26.95,2017,755.68,15.32,0.18,0.33
2017-08-15,shigu,石鼓,Shigu,11.67,16.46,20.14,13.77,3.0520454185113834,0.44,10514130.0,12015376.0,5476.3438,99.95,26.95,2017,755.17,15.02,0.1,-0.21
2017-08-16,shigu,石鼓,Shigu,4.19,17.47,21.8,13.67,4.694675516014267,0.71,15919766.0,18185064.0,5376.4844,99.95,26.95,2017,755.32,14.69,0.29,-0.36
2017-08-17,shigu,石鼓,Shigu,10.15,17.3,22.29,14.19,4.766617501478027,0.68,16366192.0,18685706.0,5298.922,99.95,26.95,2017,755.26,15.05,0.54,-0.12
2017-08-18,shigu,石鼓,Shigu,9.89,16.38,19.81,14.23,2.759592707144593,0.65,9691010.0,11058746.0,5170.4844,99.95,26.95,2017,756.97,15.2,0.52,0.17
2017-08-19,shigu,石鼓,Shigu,1.49,18.56,23.57,14.63,5.1775826143113335,0.91,16802966.0,19165558.0,5017.953,99.95,26.95,2017,756.91,14.0,0.47,0.53
2017-08-20,shigu,石鼓,Shigu,6.08,17.44,22.58,13.82,5.0379966563444025,0.68,17162412.0,19565832.0,4912.547000000001,99.95,26.95,2017,756.2,14.65,0.33,0.25
2017-08-21,shigu,石鼓,Shigu,2.02,18.35,23.84,14.15,5.248229386370398,0.7,17295240.0,19707382.0,4805.3906,99.95,26.95,2017,755.52,14.48,0.21,0.18
2017-08-22,shigu,石鼓,Shigu,1.31,19.45,25.3,13.93,6.285419326559336,0.74,20141118.0,22938862.0,4658.7812,99.95,26.95,2017,755.96,14.29,0.13,0.23
2017-08-23,shigu,石鼓,Shigu,6.35,18.82,24.36,13.88,5.686722246787219,0.7,18683074.0,21268018.0,4494.3594,99.95,26.95,2017,756.78,15.06,0.01,-0.34
2017-08-24,shigu,石鼓,Shigu,5.44,18.84,23.88,14.75,5.371725296620469,0.68,17604414.0,20029872.0,4340.6875,99.95,26.95,2017,755.41,15.17,-0.12,-0.11
2017-08-25,shigu,石鼓,Shigu,13.19,16.79,19.97,14.41,2.772144277469554,0.73,9650526.0,10974056.0,4229.672000000001,99.95,26.95,2017,755.92,15.36,0.05,-0.58
2017-08-26,shigu,石鼓,Shigu,6.66,16.1,20.3,13.49,3.0803034108882863,0.68,11002410.0,12506560.0,4144.0938,99.95,26.95,2017,757.3,14.95,0.26,-0.48
2017-08-27,shigu,石鼓,Shigu,2.11,17.52,22.68,13.53,5.267187371589434,0.61,17751162.0,20167608.0,4048.875,99.95,26.95,2017,756.62,13.88,0.17,-0.08
2017-08-28,shigu,石鼓,Shigu,4.58,17.43,22.52,14.45,4.862134713914259,0.64,16686878.0,18949316.0,3936.375,99.95,26.95,2017,756.59,15.09,0.2,-0.18
2017-08-29,shigu,石鼓,Shigu,5.38,17.34,22.03,14.02,4.345585581339424,0.74,14888002.0,16897890.0,3817.7031,99.95,26.95,2017,757.23,14.76,0.22,-0.53
2017-08-30,shigu,石鼓,Shigu,2.96,17.25,21.57,14.04,4.779619138296743,0.74,16592712.0,18824218.0,3723.1094,99.95,26.95,2017,758.0,15.0,0.46,-0.52
2017-08-31,shigu,石鼓,Shigu,2.67,17.53,22.07,14.29,4.8875135286036375,0.81,16692448.0,18927542.0,3653.1562,99.95,26.95,2017,756.74,14.46,0.69,-0.02
2017-09-01,shigu,石鼓,Shigu,0.75,19.04,23.65,15.01,5.121672741900007,0.87,16268378.0,18437908.0,3616.2344,99.95,26.95,2017,754.4,13.62,0.32,0.79
2017-09-02,shigu,石鼓,Shigu,2.89,17.95,22.18,15.12,3.479352112874308,0.65,11480162.0,13005124.0,3634.6875,99.95,26.95,2017,754.19,14.91,0.32,0.52
2017-09-03,shigu,石鼓,Shigu,1.26,18.05,22.28,14.23,3.9850502152616594,0.67,12958920.0,14673372.0,3731.2188,99.95,26.95,2017,755.18,13.83,0.25,0.5
2017-09-04,shigu,石鼓,Shigu,0.65,19.23,23.87,14.83,4.595325800848659,0.85,14347036.0,16236740.0,3873.8281,99.95,26.95,2017,755.01,13.71,0.28,0.73
2017-09-05,shigu,石鼓,Shigu,11.66,18.0,23.37,15.06,4.430540506017574,0.68,14904526.0,16859282.0,3998.1094,99.95,26.95,2017,756.01,15.13,0.43,0.18
2017-09-06,shigu,石鼓,Shigu,4.8,16.63,20.96,14.09,3.3624650769038134,0.75,11746432.0,13279152.0,4122.7188,99.95,26.95,2017,757.79,14.6,0.3,-0.54
2017-09-07,shigu,石鼓,Shigu,2.0,16.43,19.63,13.89,3.3901424183355986,0.71,11752226.0,13281308.0,4357.9375,99.95,26.95,2017,757.52,13.92,0.54,-0.07
2017-09-08,shigu,石鼓,Shigu,2.79,18.19,22.93,14.43,4.728484234966248,0.73,15626998.0,17650532.0,4630.297000000001,99.95,26.95,2017,755.61,14.14,0.29,0.53
2017-09-09,shigu,石鼓,Shigu,0.51,18.87,23.68,14.46,5.079385855155788,0.83,16236910.0,18331142.0,4718.0312,99.95,26.95,2017,754.94,13.38,-0.04,0.75
2017-09-10,shigu,石鼓,Shigu,6.71,15.56,19.36,13.31,2.75961228999968,0.73,9611032.0,10845246.0,4651.2188,99.95,26.95,2017,759.44,12.91,0.29,-0.48
2017-09-11,shigu,石鼓,Shigu,0.13,16.63,21.03,13.23,3.9508005032684657,0.62,13093524.0,14769148.0,4615.828,99.95,26.95,2017,760.08,11.3,0.32,-0.42
2017-09-12,shigu,石鼓,Shigu,1.14,17.2,20.77,14.29,4.308332829287176,0.65,14247666.0,16061706.0,4616.922000000001,99.95,26.95,2017,759.92,12.1,0.49,-0.16
2017-09-13,shigu,石鼓,Shigu,8.73,16.73,21.58,13.86,4.495067876396688,0.59,15578634.0,17553136.0,4585.9688,99.95,26.95,2017,758.99,13.83,0.43,-0.08
2017-09-14,shigu,石鼓,Shigu,10.56,15.86,19.95,13.43,3.337705924180008,0.58,12010450.0,13526574.0,4511.633,99.95,26.95,2017,758.72,14.6,0.39,-0.35
2017-09-15,shigu,石鼓,Shigu,4.55,15.75,19.75,13.31,3.3709248197933657,0.63,12200072.0,13733466.0,4402.1406,99.95,26.95,2017,759.1,14.43,0.25,-0.47
2017-09-16,shigu,石鼓,Shigu,1.03,17.36,22.81,13.64,5.371221389528826,0.92,18266530.0,20555458.0,4299.460999999998,99.95,26.95,2017,759.56,12.84,0.43,-0.72
2017-09-17,shigu,石鼓,Shigu,4.03,16.01,19.58,13.62,3.37579180012337,0.72,12150010.0,13668218.0,4228.453,99.95,26.95,2017,759.54,14.43,0.49,-0.03
2017-09-18,shigu,石鼓,Shigu,0.78,17.54,22.86,12.91,4.494914133313171,0.96,15065582.0,16944602.0,4158.9766,99.95,26.95,2017,757.61,13.35,0.27,0.82
2017-09-19,shigu,石鼓,Shigu,0.93,17.81,23.01,13.53,4.542845783660927,0.79,15053382.0,16925612.0,4051.0078,99.95,26.95,2017,757.17,13.33,0.25,0.52
2017-09-20,shigu,石鼓,Shigu,6.28,16.78,21.53,14.05,3.870742248821209,0.7,13439082.0,15104938.0,3928.3828,99.95,26.95,2017,757.48,14.12,0.44,0.25
2017-09-21,shigu,石鼓,Shigu,16.96,16.52,21.56,14.12,3.4851255721606647,0.6,12269948.0,13787398.0,3841.1797,99.95,26.95,2017,756.81,14.7,0.42,0.11
2017-09-22,shigu,石鼓,Shigu,8.67,16.44,20.69,14.06,3.224411090935364,0.67,11478837.0,12893577.0,3835.8047,99.95,26.95,2017,757.21,14.97,0.47,0.17
2017-09-23,shigu,石鼓,Shigu,0.9,18.2,22.89,13.12,4.442885620372516,0.89,14389151.0,16159791.0,3898.2734,99.95,26.95,2017,757.49,13.16,0.16,0.83
2017-09-24,shigu,石鼓,Shigu,0.08,18.6,23.78,12.99,4.3609893214732764,0.96,13724097.0,15408731.0,3945.625,99.95,26.95,2017,756.11,12.91,-0.02,0.88
2017-09-25,shigu,石鼓,Shigu,0.13,18.63,23.13,13.92,4.221100111782335,0.64,13587476.0,15250626.0,3927.961,99.95,26.95,2017,756.19,13.74,0.15,0.25
2017-09-26,shigu,石鼓,Shigu,4.35,17.19,22.23,14.12,4.4280952852182045,0.6,15262680.0,17125360.0,3856.9922,99.95,26.95,2017,758.1,14.37,0.41,0.1
2017-09-27,shigu,石鼓,Shigu,9.72,16.6,22.22,13.58,3.8854120907120495,0.62,13627107.0,15286371.0,3753.8594,99.95,26.95,2017,758.65,14.3,0.28,0.28
2017-09-28,shigu,石鼓,Shigu,12.64,15.88,20.95,12.67,3.3182762047139813,0.67,11993653.0,13448684.0,3641.125,99.95,26.95,2017,758.26,14.37,0.3,0.22
2017-09-29,shigu,石鼓,Shigu,0.67,16.83,21.51,12.65,4.344994805483187,1.05,14892713.0,16696639.0,3536.6719,99.95,26.95,2017,758.24,12.81,0.19,0.99
2017-09-30,shigu,石鼓,Shigu,0.25,17.1,22.28,11.77,4.098815320403899,1.14,13390192.0,15007324.0,3466.2734,99.95,26.95,2017,758.15,11.91,0.12,1.09
2017-10-01,shigu,石鼓,Shigu,0.5,17.6,22.26,12.08,3.7875334991523104,0.82,12300441.0,13781444.0,3434.5,99.95,26.95,2017,757.49,12.73,0.04,0.73
2017-10-02,shigu,石鼓,Shigu,15.93,15.98,21.58,12.39,3.9533736574112415,0.61,14177124.0,15879045.0,3408.8047,99.95,26.95,2017,758.09,14.01,0.32,0.03
2017-10-03,shigu,石鼓,Shigu,14.61,15.33,20.3,12.97,3.356544633864313,0.61,12240554.0,13705447.0,3404.8438,99.95,26.95,2017,759.57,13.71,0.44,0.06
2017-10-04,shigu,石鼓,Shigu,8.56,15.07,20.61,11.35,3.480274010857598,0.67,12909168.0,14450445.0,3446.5469,99.95,26.95,2017,760.58,13.68,0.26,0.18
2017-10-05,shigu,石鼓,Shigu,0.65,16.7,21.75,11.65,4.56029954668204,0.74,15468209.0,17310710.0,3519.789,99.95,26.95,2017,759.55,11.71,0.08,0.58
2017-10-06,shigu,石鼓,Shigu,0.01,17.34,23.27,11.61,4.956030557342424,0.69,16300217.0,18235900.0,3611.3438,99.95,26.95,2017,759.21,10.66,0.1,0.37
2017-10-07,shigu,石鼓,Shigu,0.17,17.43,21.82,11.23,4.288017084868218,0.6,14046549.0,15710704.0,3672.961,99.95,26.95,2017,758.88,11.44,0.2,0.18
2017-10-08,shigu,石鼓,Shigu,2.25,16.22,20.81,12.7,4.315791128052755,0.61,15056203.0,16834468.0,3635.6016,99.95,26.95,2017,759.69,12.54,0.47,0.01
2017-10-09,shigu,石鼓,Shigu,1.71,16.66,20.95,12.68,4.1784722866179065,0.57,14288645.0,15971779.0,3512.4844,99.95,26.95,2017,759.63,12.49,0.34,0.13
2017-10-10,shigu,石鼓,Shigu,6.93,15.93,20.97,12.46,4.104420210055719,0.69,14601878.0,16317318.0,3357.1328,99.95,26.95,2017,759.95,13.01,0.18,-0.46
2017-10-11,shigu,石鼓,Shigu,3.32,14.62,17.98,12.52,2.2191488711748404,0.58,8134334.0,9087324.0,3205.9688,99.95,26.95,2017,759.66,13.15,0.39,-0.38
2017-10-12,shigu,石鼓,Shigu,22.14,14.69,18.34,12.51,2.756779143329985,0.55,10310382.0,11514324.0,3080.586,99.95,26.95,2017,757.92,13.84,0.41,-0.17
2017-10-13,shigu,石鼓,Shigu,10.81,13.64,15.12,12.46,0.97667350293629,0.53,3760496.0,4198028.0,3001.914,99.95,26.95,2017,756.2,13.41,0.45,0.03
2017-10-14,shigu,石鼓,Shigu,4.34,15.7,20.18,11.95,3.3641583687444747,0.49,11835288.0,13210326.0,2980.5547,99.95,26.95,2017,755.87,12.71,0.24,0.29
2017-10-15,shigu,石鼓,Shigu,8.58,14.25,17.68,12.03,2.5290021885257343,0.63,9391250.0,10478452.0,2994.9844,99.95,26.95,2017,757.44,12.56,0.41,-0.3
2017-10-16,shigu,石鼓,Shigu,6.06,12.87,15.16,11.54,1.7704983192310269,0.89,6930324.0,7729854.0,2999.914,99.95,26.95,2017,759.08,11.72,0.6,-0.63
2017-10-17,shigu,石鼓,Shigu,0.89,14.76,19.09,11.6,3.0872465438939694,0.65,10988102.0,12255628.0,2970.6328,99.95,26.95,2017,759.09,11.34,0.56,-0.28
2017-10-18,shigu,石鼓,Shigu,1.41,15.12,19.64,11.67,3.5127565594503025,0.7,12471156.0,13908074.0,2915.5938,99.95,26.95,2017,759.64,11.5,0.59,-0.13
2017-10-19,shigu,石鼓,Shigu,0.19,15.81,21.18,11.11,4.407417837961326,0.82,14799006.0,16500140.0,2842.8594,99.95,26.95,2017,758.79,8.99,0.15,0.68
2017-10-20,shigu,石鼓,Shigu,0.47,15.23,19.29,11.03,3.188561202394945,0.95,10619818.0,11839836.0,2751.2578,99.95,26.95,2017,758.36,9.97,-0.1,0.92
2017-10-21,shigu,石鼓,Shigu,2.25,14.39,18.26,11.6,2.8806662132561187,0.63,10500006.0,11703816.0,2644.625,99.95,26.95,2017,757.15,11.79,0.38,0.45
2017-10-22,shigu,石鼓,Shigu,12.38,12.85,14.26,11.96,0.7334397136343146,0.61,2897482.0,3229156.0,2553.8984,99.95,26.95,2017,756.51,12.63,0.56,-0.03
2017-10-23,shigu,石鼓,Shigu,10.1,12.93,17.18,10.63,2.386066062654108,0.69,9468484.0,10547924.0,2527.8594,99.95,26.95,2017,758.04,12.16,0.49,-0.33
2017-10-24,shigu,石鼓,Shigu,2.05,13.97,18.34,10.7,3.2618725100923087,0.81,11645782.0,12972128.0,2530.9297,99.95,26.95,2017,758.85,9.54,0.41,0.58
2017-10-25,shigu,石鼓,Shigu,0.08,13.9,18.17,9.49,3.8014078607456607,0.85,12995884.0,14474288.0,2519.6719,99.95,26.95,2017,760.61,6.42,0.16,0.77
2017-10-26,shigu,石鼓,Shigu,0.01,12.89,18.16,7.37,4.3737600096254825,0.93,15407836.0,17157560.0,2499.9688,99.95,26.95,2017,760.42,4.14,-0.15,0.82
2017-10-27,shigu,石鼓,Shigu,0.0,12.49,17.71,7.14,4.077685250140215,0.62,15137642.0,16852852.0,2448.0625,99.95,26.95,2017,760.01,6.24,0.2,-0.09
2017-10-28,shigu,石鼓,Shigu,0.06,12.74,17.56,7.93,3.951546713674299,0.61,14498014.0,16137868.0,2363.9062,99.95,26.95,2017,761.69,6.36,0.4,-0.06
2017-10-29,shigu,石鼓,Shigu,0.07,12.67,16.63,8.83,3.669847354308568,0.56,13337896.0,14844400.0,2267.5547,99.95,26.95,2017,763.66,5.86,0.33,-0.23
2017-10-30,shigu,石鼓,Shigu,5.36,11.39,14.11,9.41,1.8348268428851613,0.65,6837996.0,7609644.0,2168.289,99.95,26.95,2017,761.76,8.08,0.54,-0.33
2017-10-31,shigu,石鼓,Shigu,5.09,9.27,11.24,6.41,1.0988091287143833,0.81,4576458.0,5092200.0,2090.75,99.95,26.95,2017,760.06,7.98,0.13,0.42
2017-11-01,shigu,石鼓,Shigu,0.06,10.84,15.72,6.24,3.138947283058002,0.92,11792480.0,13116928.0,2055.7656,99.95,26.95,2017,759.94,4.84,-0.32,0.79
2017-11-02,shigu,石鼓,Shigu,3.44,9.92,14.25,5.98,3.604034007160373,0.6,14640348.0,16281212.0,2011.2891,99.95,26.95,2017,761.01,5.28,0.12,-0.26
2017-11-03,shigu,石鼓,Shigu,6.22,6.37,9.54,3.62,1.6727762580729135,0.85,7718098.0,8583552.0,1945.7344,99.95,26.95,2017,764.79,4.3,0.4,-0.66
2017-11-04,shigu,石鼓,Shigu,0.65,6.99,10.32,3.58,2.1750892804497672,0.77,9509832.0,10608132.0,1878.8047,99.95,26.95,2017,764.44,3.46,0.25,-0.55
2017-11-05,shigu,石鼓,Shigu,0.0,10.0,15.45,3.47,3.5716035712698355,0.58,14056194.0,15654684.0,1811.7422,99.95,26.95,2017,761.55,3.41,-0.16,0.15
2017-11-06,shigu,石鼓,Shigu,0.35,10.87,15.98,5.69,4.1501368996775225,0.64,15997980.0,17795996.0,1733.7656,99.95,26.95,2017,760.98,3.55,-0.24,0.32
2017-11-07,shigu,石鼓,Shigu,0.33,11.03,16.07,5.81,4.105348142660773,0.68,15918066.0,17694448.0,1652.0078,99.95,26.95,2017,762.55,4.64,-0.07,-0.3
2017-11-08,shigu,石鼓,Shigu,0.07,11.69,17.34,5.83,4.1576144806937805,0.67,15690328.0,17433128.0,1575.0781,99.95,26.95,2017,760.63,4.65,-0.02,0.44
2017-11-09,shigu,石鼓,Shigu,0.0,11.38,17.33,4.91,4.425040973716468,0.99,16176552.0,17968088.0,1506.9922,99.95,26.95,2017,759.27,1.7,-0.2,0.89
2017-11-10,shigu,石鼓,Shigu,0.0,11.18,17.53,4.58,4.515045408235069,0.87,16679302.0,18522284.0,1448.3047,99.95,26.95,2017,759.71,0.96,-0.15,0.75
2017-11-11,shigu,石鼓,Shigu,0.0,10.54,16.97,3.65,4.494772338291585,1.11,16560662.0,18386820.0,1397.8359,99.95,26.95,2017,758.9,-0.35,-0.38,0.98
2017-11-12,shigu,石鼓,Shigu,0.0,10.38,17.07,3.38,4.486270768885705,1.08,16497294.0,18312952.0,1353.7891,99.95,26.95,2017,757.14,-1.14,-0.28,0.98
2017-11-13,shigu,石鼓,Shigu,0.0,10.16,16.55,3.27,4.34658059171658,1.13,16194382.0,17973352.0,1315.1875,99.95,26.95,2017,757.04,-0.37,-0.38,1.01
2017-11-14,shigu,石鼓,Shigu,0.0,10.45,16.97,3.75,4.292405140551357,1.07,16048772.0,17808392.0,1281.4297,99.95,26.95,2017,758.4,0.72,-0.44,0.92
2017-11-15,shigu,石鼓,Shigu,0.0,11.3,18.32,4.14,4.425999100404722,1.19,15810330.0,17540532.0,1252.0,99.95,26.95,2017,758.4,0.8,-0.25,1.1
2017-11-16,shigu,石鼓,Shigu,0.0,11.56,18.26,4.5,4.023762706846759,1.43,14934706.0,16569408.0,1226.6562,99.95,26.95,2017,757.58,4.67,-0.21,1.4
2017-11-17,shigu,石鼓,Shigu,0.0,12.49,18.7,6.54,3.5443786792594656,1.45,12608886.0,13989272.0,1205.6641,99.95,26.95,2017,757.21,6.4,-0.51,1.34
2017-11-18,shigu,石鼓,Shigu,0.0,12.14,17.91,5.38,3.3518916838247383,1.07,11888764.0,13189832.0,1189.5625,99.95,26.95,2017,757.99,5.39,-0.25,1.0
2017-11-19,shigu,石鼓,Shigu,0.0,11.73,18.0,4.97,3.91192790664002,1.22,14081254.0,15622236.0,1177.4453,99.95,26.95,2017,757.66,3.91,-0.31,1.15
2017-11-20,shigu,石鼓,Shigu,0.0,11.72,17.58,4.78,3.8228844086970337,1.21,13671290.0,15167328.0,1165.6719,99.95,26.95,2017,757.33,3.84,-0.22,1.16
2017-11-21,shigu,石鼓,Shigu,0.0,10.98,16.58,4.34,3.5310067428394185,1.33,12598708.0,13977592.0,1152.5703,99.95,26.95,2017,756.81,3.1,-0.26,1.28
2017-11-22,shigu,石鼓,Shigu,0.0,10.83,16.54,5.68,3.854308698982021,0.99,13928058.0,15452136.0,1139.9141,99.95,26.95,2017,756.6,1.09,0.07,0.9
2017-11-23,shigu,石鼓,Shigu,0.63,10.28,15.6,5.39,3.064387220982012,0.77,11562448.0,12827420.0,1128.9766,99.95,26.95,2017,757.01,3.32,0.04,0.73
2017-11-24,shigu,石鼓,Shigu,2.13,8.89,13.72,5.57,2.448282297181924,0.52,9875292.0,10953772.0,1120.25,99.95,26.95,2017,757.74,3.78,0.25,0.13
2017-11-25,shigu,石鼓,Shigu,0.62,8.58,14.09,4.11,2.984778398157991,0.64,12108144.0,13431588.0,1115.8438,99.95,26.95,2017,759.56,2.15,-0.11,0.42
2017-11-26,shigu,石鼓,Shigu,0.01,9.08,14.46,4.13,3.1557328818396004,0.88,11972384.0,13280948.0,1113.0781,99.95,26.95,2017,758.6,0.41,0.27,0.63
2017-11-27,shigu,石鼓,Shigu,0.06,8.8,13.94,3.84,3.376305800030661,1.19,12790552.0,14189936.0,1106.1094,99.95,26.95,2017,756.1,-0.03,-0.11,1.16
2017-11-28,shigu,石鼓,Shigu,1.39,7.71,12.81,3.0,3.3005868945743244,1.15,12956682.0,14373924.0,1095.1328,99.95,26.95,2017,757.72,-1.43,0.24,1.0
2017-11-29,shigu,石鼓,Shigu,0.0,7.81,13.02,2.84,3.439937484817951,1.04,13621916.0,15111988.0,1082.4141,99.95,26.95,2017,758.81,-1.64,-0.23,0.95
2017-11-30,shigu,石鼓,Shigu,0.05,8.17,13.12,3.17,2.940097554968753,0.71,11404350.0,12651500.0,1069.9219,99.95,26.95,2017,758.48,-1.34,-0.01,0.57
2017-12-01,shigu,石鼓,Shigu,0.0,8.19,13.88,2.74,3.4185290027223134,0.88,13437434.0,14906936.0,1057.5391,99.95,26.95,2017,758.43,-1.42,-0.08,0.81
2017-12-02,shigu,石鼓,Shigu,0.0,7.79,13.68,2.52,3.627051220141208,1.04,14489302.0,16073872.0,1045.7344,99.95,26.95,2017,758.44,-1.95,-0.26,0.95
2017-12-03,shigu,石鼓,Shigu,0.0,8.47,14.59,2.34,3.638981031231923,0.66,14572008.0,16165628.0,1034.8594,99.95,26.95,2017,758.39,-1.09,-0.2,0.47
2017-12-04,shigu,石鼓,Shigu,0.0,8.45,14.03,3.4,3.207001087539739,0.52,13031068.0,14454976.0,1024.7031,99.95,26.95,2017,758.33,0.75,0.06,0.11
2017-12-05,shigu,石鼓,Shigu,0.0,8.35,14.96,2.03,3.313866343985956,1.09,12890046.0,14298456.0,1015.0469,99.95,26.95,2017,756.03,-0.27,-0.11,0.97
2017-12-06,shigu,石鼓,Shigu,0.0,9.47,16.73,1.84,3.871116687148501,1.26,14456024.0,16036740.0,1005.9453,99.95,26.95,2017,754.78,-0.29,-0.42,1.18
2017-12-07,shigu,石鼓,Shigu,0.0,10.73,17.33,3.38,3.666196038103613,0.61,13937986.0,15461872.0,997.90625,99.95,26.95,2017,757.28,2.82,0.04,0.42
2017-12-08,shigu,石鼓,Shigu,0.0,10.81,17.39,5.11,3.323229535719647,1.14,11702820.0,12981024.0,990.8672,99.95,26.95,2017,758.06,2.32,-0.17,1.01
2017-12-09,shigu,石鼓,Shigu,0.0,10.08,16.84,4.46,3.4385006048761872,0.91,13069738.0,14498684.0,984.4219,99.95,26.95,2017,758.39,2.52,-0.38,0.74
2017-12-10,shigu,石鼓,Shigu,0.0,10.7,17.28,2.93,3.646811809735775,1.08,13303416.0,14757876.0,978.9297,99.95,26.95,2017,757.6,2.21,-0.29,0.97
2017-12-11,shigu,石鼓,Shigu,0.0,9.89,16.64,2.59,3.580318164507516,1.4,13712768.0,15212060.0,974.15625,99.95,26.95,2017,756.41,2.86,-0.59,1.27
2017-12-12,shigu,石鼓,Shigu,0.0,10.01,17.15,2.66,3.4809804360161234,1.48,13376006.0,14838596.0,968.8047,99.95,26.95,2017,754.92,3.54,-0.43,1.41
2017-12-13,shigu,石鼓,Shigu,0.0,9.4,15.93,3.43,3.008987128062666,1.56,11274488.0,12507472.0,962.0,99.95,26.95,2017,756.07,2.88,-0.58,1.44
2017-12-14,shigu,石鼓,Shigu,0.0,9.89,16.52,3.27,3.428979893280064,1.27,12849620.0,14254660.0,954.5,99.95,26.95,2017,756.76,2.34,-0.33,1.2
2017-12-15,shigu,石鼓,Shigu,0.0,9.72,16.43,3.18,3.4853170968275733,0.94,12985490.0,14405264.0,947.1172,99.95,26.95,2017,758.47,0.46,-0.14,0.8
2017-12-16,shigu,石鼓,Shigu,0.0,8.38,14.14,3.75,2.8302713827458823,0.69,11362188.0,12604540.0,940.08594,99.95,26.95,2017,760.89,1.56,0.48,-0.06
2017-12-17,shigu,石鼓,Shigu,0.01,8.84,15.53,3.33,3.194926050299188,0.82,12188992.0,13524124.0,933.41406,99.95,26.95,2017,759.7,-0.47,-0.05,0.72
2017-12-18,shigu,石鼓,Shigu,0.03,7.68,13.76,2.96,2.9021373266230506,0.57,12123720.0,13454356.0,927.0078,99.95,26.95,2017,761.53,1.17,0.05,-0.18
2017-12-19,shigu,石鼓,Shigu,0.52,4.39,8.51,1.39,1.320935791090549,0.75,6360426.0,7060280.0,920.71875,99.95,26.95,2017,764.44,2.17,0.2,-0.59
2017-12-20,shigu,石鼓,Shigu,0.01,5.62,10.28,1.51,2.193796252955285,0.68,9770538.0,10848888.0,914.15625,99.95,26.95,2017,764.33,0.61,0.18,-0.43
2017-12-21,shigu,石鼓,Shigu,0.0,8.29,15.06,1.62,2.9490621226716884,0.84,11779608.0,13081716.0,907.28125,99.95,26.95,2017,759.07,1.22,-0.13,0.76
2017-12-22,shigu,石鼓,Shigu,0.0,9.05,16.0,3.41,3.37634502719726,1.35,12984758.0,14422036.0,900.25,99.95,26.95,2017,755.87,1.54,-0.39,1.26
2017-12-23,shigu,石鼓,Shigu,0.0,9.63,16.55,2.14,3.5169128974110007,0.84,13343296.0,14822236.0,893.2031,99.95,26.95,2017,756.78,0.68,-0.37,0.61
2017-12-24,shigu,石鼓,Shigu,0.02,8.28,13.35,3.76,2.3815303925698443,0.71,9366372.0,10404752.0,886.40625,99.95,26.95,2017,759.25,1.88,0.29,0.03
2017-12-25,shigu,石鼓,Shigu,0.0,9.48,16.42,3.27,3.8053890239670576,1.08,14037992.0,15598388.0,880.21875,99.95,26.95,2017,758.48,-1.25,-0.33,0.97
2017-12-26,shigu,石鼓,Shigu,0.32,10.7,16.21,2.96,3.9134238846672185,0.62,14159226.0,15735596.0,875.1875,99.95,26.95,2017,758.63,-2.59,0.14,0.38
2017-12-27,shigu,石鼓,Shigu,0.31,7.58,12.61,1.84,3.1053331218784885,1.07,12408434.0,13792440.0,870.6719,99.95,26.95,2017,758.83,-0.52,-0.19,0.97
2017-12-28,shigu,石鼓,Shigu,0.0,8.27,15.49,1.53,3.698740816139395,0.88,14402354.0,16011136.0,865.7969,99.95,26.95,2017,759.2,-2.75,-0.32,0.75
2017-12-29,shigu,石鼓,Shigu,0.0,9.23,16.43,2.16,3.957784750896284,1.0,14479722.0,16099736.0,860.4375,99.95,26.95,2017,759.5,-3.79,-0.21,0.9
2017-12-30,shigu,石鼓,Shigu,0.0,8.72,15.09,2.63,3.571258813543842,0.71,13682404.0,15215112.0,854.1406,99.95,26.95,2017,759.57,-2.93,0.23,0.32
2017-12-31,shigu,石鼓,Shigu,0.0,8.33,14.56,2.76,3.916743879352926,1.23,14450596.0,16072668.0,847.125,99.95,26.95,2017,756.97,-4.72,-0.21,1.15
2018-01-01,shigu,石鼓,Shigu,0.0,9.04,14.38,2.47,3.528254837061956,1.11,12632836.0,14053380.0,839.8906,99.95,26.95,2018,755.94,-2.72,-0.16,1.06
2018-01-02,shigu,石鼓,Shigu,1.33,7.59,11.92,4.11,2.035279497649816,0.91,7627270.0,8486360.0,832.9844,99.95,26.95,2018,755.8,0.84,0.4,0.65
2018-01-03,shigu,石鼓,Shigu,7.28,4.18,6.8,0.66,0.6326437101469061,0.91,3241068.0,3643220.0,828.40625,99.95,26.95,2018,753.92,3.63,0.67,0.44
2018-01-04,shigu,石鼓,Shigu,0.05,4.8,10.35,0.33,2.5923723491734645,1.08,11302574.0,12877960.0,831.0781,99.95,26.95,2018,755.89,-1.97,-0.45,0.96
2018-01-05,shigu,石鼓,Shigu,0.0,5.6,11.44,0.25,3.3695217904261443,1.18,14159658.0,16021228.0,835.28125,99.95,26.95,2018,753.56,-4.05,-0.22,1.12
2018-01-06,shigu,石鼓,Shigu,0.0,5.53,10.76,0.93,3.322294904564623,1.24,13681230.0,15403944.0,832.125,99.95,26.95,2018,752.4,-5.07,-0.0,1.18
2018-01-07,shigu,石鼓,Shigu,0.0,4.53,10.07,-0.18,3.3031604503973044,1.39,14045640.0,15761632.0,823.8594,99.95,26.95,2018,752.89,-6.48,-0.18,1.31
2018-01-08,shigu,石鼓,Shigu,0.0,3.8,9.53,-0.5,3.0338718085877443,1.27,13739738.0,15384432.0,814.96875,99.95,26.95,2018,755.39,-5.32,-0.55,1.09
2018-01-09,shigu,石鼓,Shigu,0.0,4.69,11.14,-0.51,3.350782000383512,1.12,14916972.0,16674292.0,806.5156,99.95,26.95,2018,756.38,-4.88,-0.54,0.95
2018-01-10,shigu,石鼓,Shigu,0.0,5.28,11.1,0.09,2.887465615559236,0.49,12880074.0,14379248.0,797.9219,99.95,26.95,2018,757.19,-2.77,0.16,0.2
2018-01-11,shigu,石鼓,Shigu,0.59,3.98,8.97,0.7,2.140501842992728,0.55,10232186.0,11417564.0,789.3594,99.95,26.95,2018,758.36,-0.48,0.36,-0.24
2018-01-12,shigu,石鼓,Shigu,0.31,5.73,11.13,1.58,1.9299631948152969,0.7,8170286.0,9255348.0,781.21875,99.95,26.95,2018,755.76,0.54,0.14,0.67
2018-01-13,shigu,石鼓,Shigu,0.82,6.98,12.26,2.38,2.1575913905381143,0.76,8786628.0,9875788.0,773.625,99.95,26.95,2018,754.57,1.34,-0.1,0.74
2018-01-14,shigu,石鼓,Shigu,0.56,6.89,11.87,2.21,1.997843752401192,0.8,8083782.0,9062836.0,766.9844,99.95,26.95,2018,755.34,1.46,-0.11,0.76
2018-01-15,shigu,石鼓,Shigu,0.01,6.85,13.0,1.86,2.873910674281609,1.5,11620044.0,12993860.0,762.3125,99.95,26.95,2018,753.4,-0.18,-0.37,1.42
2018-01-16,shigu,石鼓,Shigu,0.0,7.2,13.19,1.69,3.3785690625071814,1.03,13746570.0,15350520.0,759.8594,99.95,26.95,2018,755.12,-1.66,-0.47,0.87
2018-01-17,shigu,石鼓,Shigu,0.0,7.63,15.02,1.51,3.8413867059089983,1.23,15501852.0,17301400.0,756.75,99.95,26.95,2018,754.79,-1.86,-0.4,1.12
2018-01-18,shigu,石鼓,Shigu,0.0,8.33,16.02,0.9,3.9374605748603817,1.02,15757326.0,17584396.0,751.0781,99.95,26.95,2018,755.11,-0.88,-0.3,0.92
2018-01-19,shigu,石鼓,Shigu,0.0,8.95,15.61,1.97,3.4724989989463406,1.01,13445864.0,15005184.0,743.90625,99.95,26.95,2018,755.68,0.72,0.08,0.89
2018-01-20,shigu,石鼓,Shigu,0.0,7.83,14.2,1.83,3.1349440112857345,1.44,12174274.0,13589444.0,736.7656,99.95,26.95,2018,754.26,0.0,-0.39,1.33
2018-01-21,shigu,石鼓,Shigu,0.0,8.15,15.02,1.32,3.8093332839675247,0.75,15439908.0,17237540.0,730.5,99.95,26.95,2018,755.83,-1.03,-0.39,0.54
2018-01-22,shigu,石鼓,Shigu,0.0,9.02,16.17,2.08,4.131980933745777,0.99,15852528.0,17701568.0,725.09375,99.95,26.95,2018,754.81,-1.87,-0.4,0.84
2018-01-23,shigu,石鼓,Shigu,0.0,9.31,16.97,2.09,4.183802830286637,1.22,15994180.0,17863380.0,719.7656,99.95,26.95,2018,752.65,-0.49,-0.15,1.16
2018-01-24,shigu,石鼓,Shigu,0.0,9.42,16.54,1.7,4.370515642792424,1.49,15567588.0,17390672.0,713.84375,99.95,26.95,2018,750.7,-3.44,-0.07,1.46
2018-01-25,shigu,石鼓,Shigu,0.01,8.09,13.94,2.55,4.1278791625706805,1.5,15308732.0,17105080.0,708.125,99.95,26.95,2018,752.08,-4.7,0.15,1.41
2018-01-26,shigu,石鼓,Shigu,0.0,7.51,13.1,2.25,3.89219439232784,1.51,14507140.0,16214308.0,703.6406,99.95,26.95,2018,752.01,-5.18,0.29,1.42
2018-01-27,shigu,石鼓,Shigu,0.0,6.4,11.56,1.51,4.052103187512463,1.56,15836970.0,17704120.0,700.3281,99.95,26.95,2018,751.83,-7.39,0.11,1.48
2018-01-28,shigu,石鼓,Shigu,0.0,6.29,12.04,1.28,3.754476339670517,1.37,15241172.0,17041012.0,697.03125,99.95,26.95,2018,752.72,-5.09,-0.25,1.29
2018-01-29,shigu,石鼓,Shigu,0.0,6.9,12.63,1.67,3.381979725737581,1.25,13431678.0,15021756.0,692.8594,99.95,26.95,2018,752.66,-2.94,-0.21,1.19
2018-01-30,shigu,石鼓,Shigu,0.02,7.07,13.62,1.36,3.4595816425200003,1.27,14344084.0,16045636.0,688.0781,99.95,26.95,2018,751.51,-0.92,-0.33,1.15
2018-01-31,shigu,石鼓,Shigu,1.51,4.78,7.64,2.18,1.6852618389715173,0.75,7392728.0,8305804.0,683.28125,99.95,26.95,2018,755.76,0.11,0.4,0.07
2018-02-01,shigu,石鼓,Shigu,0.39,8.63,14.87,2.24,3.767611353946856,1.19,14824958.0,16658086.0,678.0781,99.95,26.95,2018,752.75,0.38,-0.05,1.17
2018-02-02,shigu,石鼓,Shigu,9.23,2.79,6.18,0.5,1.4453953868362814,0.88,7495000.0,8599982.0,672.7969,99.95,26.95,2018,756.04,1.08,0.71,-0.37
2018-02-03,shigu,石鼓,Shigu,0.69,6.25,12.0,1.21,2.6543336604114094,1.07,9789606.0,12788432.0,669.5781,99.95,26.95,2018,754.39,0.41,0.34,0.97
2018-02-04,shigu,石鼓,Shigu,0.5,6.22,11.87,2.0,2.994007603054929,1.43,12492462.0,15072180.0,670.5156,99.95,26.95,2018,754.72,0.92,0.1,1.38
2018-02-05,shigu,石鼓,Shigu,0.09,6.4,11.8,2.02,2.5730841013268484,0.89,10520296.0,12202928.0,674.34375,99.95,26.95,2018,756.6,0.23,-0.09,0.82
2018-02-06,shigu,石鼓,Shigu,0.01,7.79,14.39,2.02,3.2964538350584736,1.48,13484900.0,15354946.0,677.6094,99.95,26.95,2018,753.33,1.59,-0.42,1.41
2018-02-07,shigu,石鼓,Shigu,0.07,8.38,15.21,2.82,3.3199011139138244,1.64,13212850.0,14895262.0,675.8125,99.95,26.95,2018,752.36,1.89,-0.26,1.61
2018-02-08,shigu,石鼓,Shigu,0.39,6.53,13.14,1.4,3.351958616643228,1.77,15129282.0,17005050.0,672.03125,99.95,26.95,2018,751.33,0.95,-0.07,1.74
2018-02-09,shigu,石鼓,Shigu,1.04,6.37,12.3,1.45,3.558052213743496,1.62,15482926.0,17405736.0,672.2031,99.95,26.95,2018,753.48,-0.91,-0.02,1.59
2018-02-10,shigu,石鼓,Shigu,0.69,5.2,11.43,-0.17,3.2047003233989835,1.57,14635750.0,16750800.0,676.65625,99.95,26.95,2018,756.93,-0.88,-0.22,1.51
2018-02-11,shigu,石鼓,Shigu,0.0,6.29,13.71,-0.22,3.9301825614743016,1.43,16996612.0,19227556.0,679.0156,99.95,26.95,2018,759.49,-2.19,-0.46,1.32
2018-02-12,shigu,石鼓,Shigu,0.0,7.25,15.2,-0.26,4.316028685876908,1.5,17929920.0,20175666.0,675.40625,99.95,26.95,2018,760.65,-2.41,-0.54,1.37
2018-02-13,shigu,石鼓,Shigu,0.0,8.37,16.06,0.28,4.4750690061165965,1.65,18143788.0,20376210.0,667.53125,99.95,26.95,2018,758.98,-0.58,-0.64,1.51
2018-02-14,shigu,石鼓,Shigu,0.22,8.76,15.28,1.88,4.222999069619092,1.66,16898560.0,18966642.0,657.53125,99.95,26.95,2018,757.43,0.61,-0.17,1.62
2018-02-15,shigu,石鼓,Shigu,0.47,5.95,12.82,-1.24,3.8307374875523466,1.63,16902132.0,18982130.0,649.71875,99.95,26.95,2018,758.7,-2.32,-0.34,1.54
2018-02-16,shigu,石鼓,Shigu,0.0,8.45,16.91,-1.31,4.8741300186042364,1.25,18815856.0,21126774.0,648.0,99.95,26.95,2018,758.12,-5.17,-0.21,1.09
2018-02-17,shigu,石鼓,Shigu,0.0,9.36,16.43,0.81,5.144488221915911,1.46,19045044.0,21385634.0,644.09375,99.95,26.95,2018,755.19,-4.73,-0.27,1.39
2018-02-18,shigu,石鼓,Shigu,0.0,9.55,16.39,2.66,4.914899419687208,1.63,17808372.0,20001020.0,635.71875,99.95,26.95,2018,755.94,-3.66,0.16,1.51
2018-02-19,shigu,石鼓,Shigu,0.0,9.54,16.2,3.13,4.976849642402514,1.46,18670888.0,20975008.0,626.59375,99.95,26.95,2018,755.92,-2.52,-0.12,1.4
2018-02-20,shigu,石鼓,Shigu,0.0,9.17,16.57,3.0,4.9372696532020965,1.46,19172908.0,21544860.0,620.0,99.95,26.95,2018,755.8,-1.68,-0.49,1.34
2018-02-21,shigu,石鼓,Shigu,0.0,9.32,16.67,3.19,5.061337597990414,1.65,19027502.0,21386980.0,615.8125,99.95,26.95,2018,754.14,-2.96,-0.07,1.58
2018-02-22,shigu,石鼓,Shigu,0.21,9.04,15.88,2.89,4.645556840789321,1.4,17858330.0,20078120.0,611.15625,99.95,26.95,2018,755.15,-1.8,-0.25,1.32
2018-02-23,shigu,石鼓,Shigu,0.93,7.97,14.45,1.76,4.3390178855461965,1.66,17302850.0,19459566.0,604.5,99.95,26.95,2018,755.7,-1.95,-0.09,1.6
2018-02-24,shigu,石鼓,Shigu,0.94,7.24,13.66,1.88,3.971354129400289,1.38,17276998.0,19449088.0,597.96875,99.95,26.95,2018,758.5,0.46,-0.27,1.32
2018-02-25,shigu,石鼓,Shigu,0.6,8.45,15.32,1.26,4.551536275166217,1.14,18248904.0,20541528.0,592.4375,99.95,26.95,2018,757.79,-1.49,-0.02,1.02
2018-02-26,shigu,石鼓,Shigu,2.38,8.11,15.63,2.69,3.992619612197804,1.34,16830716.0,18946690.0,586.375,99.95,26.95,2018,756.05,1.49,-0.08,1.3
2018-02-27,shigu,石鼓,Shigu,0.22,7.35,14.62,-0.76,3.709422727132492,1.54,15469894.0,17505060.0,581.21875,99.95,26.95,2018,756.0,-0.03,-0.52,1.42
2018-02-28,shigu,石鼓,Shigu,0.0,10.4,19.51,-0.89,5.3712461466316,1.37,20196668.0,22792114.0,578.8125,99.95,26.95,2018,755.32,-0.61,-0.25,1.28
2018-03-01,shigu,石鼓,Shigu,0.0,10.05,18.01,1.88,5.040458930106796,1.58,19466470.0,21943168.0,574.09375,99.95,26.95,2018,754.03,0.79,-0.59,1.46
2018-03-02,shigu,石鼓,Shigu,0.13,9.8,16.8,3.02,4.2067602608690295,1.59,16254636.0,18319138.0,568.125,99.95,26.95,2018,753.36,2.14,-0.42,1.52
2018-03-03,shigu,石鼓,Shigu,0.69,8.39,15.5,2.31,4.183761089078955,1.64,17328384.0,19531828.0,563.46875,99.95,26.95,2018,752.17,1.13,-0.07,1.6
2018-03-04,shigu,石鼓,Shigu,1.35,8.71,17.17,2.25,4.153293136743457,1.53,17387356.0,19605332.0,561.5,99.95,26.95,2018,754.6,2.42,-0.28,1.45
2018-03-05,shigu,石鼓,Shigu,1.7,10.22,16.58,2.88,4.600190704386343,1.54,17450748.0,19679468.0,561.4375,99.95,26.95,2018,756.2,1.56,-0.09,1.5
2018-03-06,shigu,石鼓,Shigu,2.85,7.84,13.85,2.92,3.3937876376379883,1.23,14518079.0,16378803.0,562.53125,99.95,26.95,2018,756.4,2.65,-0.02,1.11
2018-03-07,shigu,石鼓,Shigu,0.41,8.21,14.35,2.56,4.340133292178279,1.45,17532536.0,19965382.0,568.1875,99.95,26.95,2018,757.91,-0.35,-0.23,1.36
2018-03-08,shigu,石鼓,Shigu,0.32,9.31,16.4,1.55,5.20945581285775,0.98,20098602.0,22747850.0,576.125,99.95,26.95,2018,759.74,-3.2,-0.33,0.67
2018-03-09,shigu,石鼓,Shigu,0.11,10.61,17.46,2.89,5.065415020830447,1.28,18229004.0,20596004.0,576.15625,99.95,26.95,2018,757.93,-1.86,0.05,1.0
2018-03-10,shigu,石鼓,Shigu,1.21,9.53,15.76,2.46,5.055185020448906,1.58,19720068.0,22273142.0,569.625,99.95,26.95,2018,756.7,-0.23,-0.37,1.52
2018-03-11,shigu,石鼓,Shigu,1.67,8.39,15.78,1.31,4.616912934568009,1.29,19254394.0,21749074.0,561.78125,99.95,26.95,2018,757.31,0.66,-0.27,1.2
2018-03-12,shigu,石鼓,Shigu,0.64,8.7,15.25,2.43,4.641594747487547,1.34,18886046.0,21337736.0,554.03125,99.95,26.95,2018,755.91,0.29,-0.19,1.31
2018-03-13,shigu,石鼓,Shigu,0.09,8.27,15.78,1.04,4.674405211893308,1.51,19039128.0,21516346.0,546.0625,99.95,26.95,2018,755.04,-1.0,-0.4,1.42
2018-03-14,shigu,石鼓,Shigu,0.26,9.81,18.17,1.16,5.414554042712382,1.14,20778752.0,23488196.0,538.0625,99.95,26.95,2018,755.25,-1.84,-0.17,1.03
2018-03-15,shigu,石鼓,Shigu,0.21,11.66,19.24,3.34,5.8966151220449765,1.08,21540156.0,24355296.0,530.46875,99.95,26.95,2018,755.04,-0.06,0.1,0.93
2018-03-16,shigu,石鼓,Shigu,1.19,9.35,15.91,3.21,4.21239455512129,1.41,17127648.0,19370674.0,523.875,99.95,26.95,2018,754.59,2.99,0.08,1.34
2018-03-17,shigu,石鼓,Shigu,1.22,8.61,15.55,2.27,4.087868875830261,1.48,17229400.0,19516074.0,519.875,99.95,26.95,2018,755.41,2.73,-0.15,1.44
2018-03-18,shigu,石鼓,Shigu,0.37,8.24,15.94,2.13,4.4916233727974015,1.61,19045440.0,21562620.0,520.3125,99.95,26.95,2018,755.92,1.15,-0.17,1.56
2018-03-19,shigu,石鼓,Shigu,0.2,9.48,16.68,2.36,5.717189708668162,1.31,21570292.0,24417668.0,520.4375,99.95,26.95,2018,757.0,-5.21,-0.61,1.08
2018-03-20,shigu,石鼓,Shigu,0.0,12.64,20.78,2.46,6.685857313475973,1.23,22808628.0,25820564.0,517.1875,99.95,26.95,2018,756.45,-4.56,0.0,1.07
2018-03-21,shigu,石鼓,Shigu,0.31,12.46,19.37,4.71,6.23870603665021,1.32,21872018.0,24763668.0,512.03125,99.95,26.95,2018,756.27,-0.54,-0.28,1.24
2018-03-22,shigu,石鼓,Shigu,0.44,13.07,19.94,4.93,6.300443047948482,1.27,21641616.0,24507742.0,507.65625,99.95,26.95,2018,754.77,-0.18,-0.0,1.22
2018-03-23,shigu,石鼓,Shigu,0.53,11.48,18.97,4.16,5.440285092048602,1.76,19698520.0,22312066.0,504.625,99.95,26.95,2018,755.83,1.33,-0.26,1.72
2018-03-24,shigu,石鼓,Shigu,0.26,11.25,18.82,2.94,5.467342582833618,1.57,20424424.0,23139356.0,503.40625,99.95,26.95,2018,757.55,1.92,-0.39,1.51
2018-03-25,shigu,石鼓,Shigu,0.71,13.02,20.11,2.54,6.158206360428219,1.06,21736754.0,24631686.0,503.875,99.95,26.95,2018,758.8,1.73,0.0,0.94
2018-03-26,shigu,石鼓,Shigu,1.24,12.73,18.98,6.06,5.757652263713935,1.42,20125954.0,22811114.0,503.125,99.95,26.95,2018,758.06,1.94,-0.06,1.36
2018-03-27,shigu,石鼓,Shigu,2.58,8.83,14.41,3.91,2.868704679549255,0.95,11504102.0,13042044.0,502.125,99.95,26.95,2018,756.87,3.91,0.22,0.82
2018-03-28,shigu,石鼓,Shigu,0.43,11.28,17.8,4.66,4.90793765288075,0.81,18201866.0,20639378.0,503.5,99.95,26.95,2018,755.94,2.0,-0.29,0.65
2018-03-29,shigu,石鼓,Shigu,0.02,13.32,20.52,5.36,6.611687486315117,1.2,22696092.0,25741156.0,508.84375,99.95,26.95,2018,756.06,-0.38,0.03,1.1
2018-03-30,shigu,石鼓,Shigu,0.44,11.75,18.81,2.93,5.38705207356556,1.31,19920320.0,22598442.0,513.65625,99.95,26.95,2018,757.26,2.96,-0.07,1.23
2018-03-31,shigu,石鼓,Shigu,0.07,12.67,20.51,3.85,6.018464065728055,1.49,20955224.0,23777568.0,515.3125,99.95,26.95,2018,758.07,1.01,-0.22,1.42
2018-04-01,shigu,石鼓,Shigu,0.02,13.27,21.07,5.47,6.504017002437384,1.46,21938660.0,24898626.0,514.40625,99.95,26.95,2018,758.09,-0.62,-0.23,1.4
2018-04-02,shigu,石鼓,Shigu,0.61,13.13,20.12,5.44,6.395829605761231,1.49,21985698.0,24957600.0,511.5,99.95,26.95,2018,757.77,0.69,-0.27,1.42
2018-04-03,shigu,石鼓,Shigu,0.04,14.64,22.37,5.35,7.000436232560168,1.38,22763198.0,25845926.0,508.5,99.95,26.95,2018,756.81,-0.26,-0.09,1.32
2018-04-04,shigu,石鼓,Shigu,0.41,13.05,20.46,4.36,6.207189483171692,1.51,21857958.0,24823648.0,507.375,99.95,26.95,2018,754.59,2.53,0.03,1.45
2018-04-05,shigu,石鼓,Shigu,0.0,13.49,19.83,5.31,5.638265656535219,1.5,18649766.0,21184834.0,508.75,99.95,26.95,2018,754.89,1.82,-0.3,1.44
2018-04-06,shigu,石鼓,Shigu,25.52,6.92,14.55,2.44,1.9934684323090388,1.05,8887626.0,10115554.0,513.65625,99.95,26.95,2018,761.5,4.45,0.14,-0.95
2018-04-07,shigu,石鼓,Shigu,1.37,6.78,9.42,2.51,2.670968396941264,0.75,9160548.0,13271792.0,529.0625,99.95,26.95,2018,761.86,2.8,0.53,-0.37
2018-04-08,shigu,石鼓,Shigu,0.34,10.07,15.55,4.64,3.422277871659233,0.88,12291350.0,15299038.0,557.1875,99.95,26.95,2018,759.32,5.2,-0.09,0.79
2018-04-09,shigu,石鼓,Shigu,0.2,12.11,19.44,5.64,4.494047512763814,1.49,16413504.0,19200412.0,572.5625,99.95,26.95,2018,756.55,6.34,-0.23,1.43
2018-04-10,shigu,石鼓,Shigu,0.03,13.57,19.63,7.3,4.714896926399746,1.68,15910798.0,18226730.0,575.78125,99.95,26.95,2018,755.45,5.89,-0.32,1.63
2018-04-11,shigu,石鼓,Shigu,0.64,13.35,20.2,7.42,5.1248144918158935,1.71,18192718.0,20723410.0,576.78125,99.95,26.95,2018,754.27,6.18,-0.06,1.69
2018-04-12,shigu,石鼓,Shigu,0.32,13.68,20.08,7.86,4.792703031347753,1.75,16196952.0,18432208.0,583.1875,99.95,26.95,2018,754.09,5.88,-0.03,1.73
2018-04-13,shigu,石鼓,Shigu,0.17,13.33,20.54,6.16,4.948407540167749,1.73,17008426.0,19355696.0,600.75,99.95,26.95,2018,755.86,5.31,-0.05,1.7
2018-04-14,shigu,石鼓,Shigu,0.57,13.14,19.94,6.7,5.917763490254803,1.57,20788540.0,23661730.0,626.625,99.95,26.95,2018,756.12,3.52,-0.01,1.52
2018-04-15,shigu,石鼓,Shigu,0.72,11.05,16.85,5.13,3.936125592791773,1.14,14994174.0,17070178.0,653.25,99.95,26.95,2018,757.18,5.41,-0.25,1.04
2018-04-16,shigu,石鼓,Shigu,2.53,10.72,18.36,3.93,5.21989239365668,0.74,20636368.0,23494798.0,678.90625,99.95,26.95,2018,759.24,5.17,0.09,0.19
2018-04-17,shigu,石鼓,Shigu,0.69,14.28,21.24,5.61,6.6473925659505495,0.92,22856890.0,26025680.0,713.0,99.95,26.95,2018,758.11,3.09,-0.01,0.71
2018-04-18,shigu,石鼓,Shigu,0.13,14.54,21.0,7.96,6.244944658345928,1.14,21048640.0,23968784.0,762.0625,99.95,26.95,2018,755.26,3.85,0.64,0.82
2018-04-19,shigu,石鼓,Shigu,0.69,13.11,19.75,6.57,5.303673674391053,1.46,19131254.0,21787384.0,817.71875,99.95,26.95,2018,753.27,5.87,0.1,1.42
2018-04-20,shigu,石鼓,Shigu,0.29,14.51,21.78,7.45,6.0400577348202455,1.58,20668248.0,23539874.0,859.34375,99.95,26.95,2018,753.95,5.78,-0.11,1.53
2018-04-21,shigu,石鼓,Shigu,0.26,14.41,21.3,7.93,5.485812214020226,1.71,18760024.0,21368226.0,878.71875,99.95,26.95,2018,754.27,6.62,-0.1,1.67
2018-04-22,shigu,石鼓,Shigu,0.06,15.07,21.73,7.25,5.133592707765764,1.81,16528002.0,18827638.0,888.8125,99.95,26.95,2018,755.13,6.77,-0.29,1.76
2018-04-23,shigu,石鼓,Shigu,0.0,15.98,23.71,7.51,6.700522008318558,1.63,21278176.0,24241206.0,907.375,99.95,26.95,2018,755.85,4.63,-0.31,1.58
2018-04-24,shigu,石鼓,Shigu,0.0,16.89,24.35,8.73,7.082655782364415,1.44,21848374.0,24892774.0,940.9375,99.95,26.95,2018,755.77,4.01,0.07,1.37
2018-04-25,shigu,石鼓,Shigu,0.95,15.27,22.33,8.47,7.248297915276848,1.59,23868134.0,27196484.0,996.03125,99.95,26.95,2018,755.64,3.27,-0.12,1.55
2018-04-26,shigu,石鼓,Shigu,0.66,15.26,21.66,8.45,7.122829206487957,1.39,23039500.0,26254418.0,1081.1562,99.95,26.95,2018,756.98,1.67,0.04,1.32
2018-04-27,shigu,石鼓,Shigu,1.51,14.79,19.92,8.22,6.5446378894110575,1.22,21815810.0,24862072.0,1189.8438,99.95,26.95,2018,758.32,3.4,0.36,1.01
2018-04-28,shigu,石鼓,Shigu,0.34,14.99,21.31,6.12,6.734827638725945,1.33,22556708.0,25708990.0,1296.9062,99.95,26.95,2018,756.89,4.24,0.21,1.24
2018-04-29,shigu,石鼓,Shigu,0.64,15.72,22.29,7.96,6.991842022264692,1.07,23139948.0,26375928.0,1374.1875,99.95,26.95,2018,755.6,4.65,0.36,0.87
2018-04-30,shigu,石鼓,Shigu,0.87,15.1,20.13,9.4,6.199396481045767,1.35,20652082.0,23542640.0,1404.5938,99.95,26.95,2018,756.26,5.44,0.22,1.26
2018-05-01,shigu,石鼓,Shigu,0.76,16.28,21.51,10.5,6.241997461286589,1.27,19856612.0,22637576.0,1389.1562,99.95,26.95,2018,757.59,5.77,0.1,1.22
2018-05-02,shigu,石鼓,Shigu,6.35,14.31,18.47,11.08,3.9962552237686726,0.6,13904428.0,15853148.0,1348.0,99.95,26.95,2018,759.41,8.88,0.45,0.13
2018-05-03,shigu,石鼓,Shigu,6.78,12.53,17.65,8.99,3.163883158770022,0.67,12162748.0,13868666.0,1309.1562,99.95,26.95,2018,759.0,10.74,0.32,0.16
2018-05-04,shigu,石鼓,Shigu,0.64,15.01,20.87,9.35,5.199863123354686,1.45,17305774.0,19734872.0,1292.9062,99.95,26.95,2018,756.21,7.3,0.22,1.39
2018-05-05,shigu,石鼓,Shigu,0.84,13.46,20.08,6.81,4.958434119832559,1.47,17651084.0,20130596.0,1291.5312,99.95,26.95,2018,755.4,6.81,0.22,1.38
2018-05-06,shigu,石鼓,Shigu,0.25,14.8,21.35,8.38,5.894240877456857,1.51,20016458.0,22829870.0,1288.75,99.95,26.95,2018,754.75,6.46,-0.15,1.48
2018-05-07,shigu,石鼓,Shigu,0.32,15.82,23.5,9.31,6.491923901598615,1.23,21746970.0,24806212.0,1276.5625,99.95,26.95,2018,754.11,7.21,0.2,1.08
2018-05-08,shigu,石鼓,Shigu,0.34,15.32,21.26,10.68,5.192180287952921,1.36,17440846.0,19896382.0,1258.0312,99.95,26.95,2018,754.34,8.36,0.14,1.33
2018-05-09,shigu,石鼓,Shigu,0.82,16.24,22.19,9.48,5.51492119234709,1.35,17780216.0,20284780.0,1243.3125,99.95,26.95,2018,756.62,8.14,0.15,1.29
2018-05-10,shigu,石鼓,Shigu,0.02,16.81,24.38,8.33,7.429601850603412,1.81,23540536.0,26858864.0,1236.2188,99.95,26.95,2018,756.53,5.69,-0.11,1.78
2018-05-11,shigu,石鼓,Shigu,0.34,16.74,24.09,9.98,7.674703291903874,1.61,24302242.0,27730428.0,1240.875,99.95,26.95,2018,756.19,4.51,-0.11,1.58
2018-05-12,shigu,石鼓,Shigu,1.6,15.65,20.62,11.36,5.299197730860589,0.86,17093154.0,19506176.0,1252.8438,99.95,26.95,2018,757.64,5.54,0.11,0.59
2018-05-13,shigu,石鼓,Shigu,10.34,12.14,17.83,6.59,4.005702282542138,0.76,15470988.0,17656676.0,1279.4688,99.95,26.95,2018,757.21,9.22,0.16,0.24
2018-05-14,shigu,石鼓,Shigu,0.26,13.81,20.26,7.35,5.644056109465207,1.74,19650540.0,22428600.0,1338.75,99.95,26.95,2018,754.47,5.69,-0.22,1.71
2018-05-15,shigu,石鼓,Shigu,0.04,16.35,23.95,9.19,7.225389892699756,1.77,23857678.0,27233246.0,1399.6875,99.95,26.95,2018,752.98,7.0,-0.2,1.72
2018-05-16,shigu,石鼓,Shigu,0.37,16.41,23.5,9.22,6.088804684950608,1.54,19813612.0,22620668.0,1423.0,99.95,26.95,2018,753.32,8.23,-0.03,1.5
2018-05-17,shigu,石鼓,Shigu,0.3,16.95,24.02,9.87,6.994310446872091,1.4,22760910.0,25989936.0,1413.3125,99.95,26.95,2018,753.94,7.97,0.08,1.34
2018-05-18,shigu,石鼓,Shigu,0.43,16.96,23.52,9.69,7.048775018486824,1.3,23131342.0,26417154.0,1402.0,99.95,26.95,2018,753.82,8.37,0.29,1.18
2018-05-19,shigu,石鼓,Shigu,0.14,17.91,24.45,10.59,6.883744976254207,1.33,21259762.0,24283814.0,1411.9062,99.95,26.95,2018,754.04,7.49,0.15,1.26
2018-05-20,shigu,石鼓,Shigu,0.19,19.02,25.98,11.4,7.522525419563053,1.4,22732156.0,25969628.0,1476.9062,99.95,26.95,2018,754.41,8.13,0.21,1.32
2018-05-21,shigu,石鼓,Shigu,0.55,19.19,26.42,12.45,7.1312252911861895,1.17,21833866.0,24948132.0,1612.5312,99.95,26.95,2018,755.33,9.68,0.24,1.03
2018-05-22,shigu,石鼓,Shigu,12.51,18.04,25.99,13.09,6.435443069736829,0.77,21004962.0,24004700.0,1791.25,99.95,26.95,2018,757.26,11.87,0.42,0.16
2018-05-23,shigu,石鼓,Shigu,2.9,17.91,23.15,12.62,5.7724010878398495,1.11,19002454.0,21719064.0,1993.8125,99.95,26.95,2018,755.1,12.68,0.64,0.75
2018-05-24,shigu,石鼓,Shigu,0.25,17.61,23.37,12.59,4.891963675771498,1.63,15154274.0,17324584.0,2232.9062,99.95,26.95,2018,752.99,11.12,0.13,1.61
2018-05-25,shigu,石鼓,Shigu,0.27,18.17,24.21,13.01,4.987210641054112,1.51,15304612.0,17499744.0,2494.4688,99.95,26.95,2018,753.31,11.63,-0.14,1.5
2018-05-26,shigu,石鼓,Shigu,11.68,17.49,24.12,12.92,5.201826760559412,0.71,17138820.0,19600144.0,2732.3125,99.95,26.95,2018,755.98,12.51,0.18,0.4
2018-05-27,shigu,石鼓,Shigu,7.93,14.43,18.53,11.62,3.025590437282166,0.94,11098536.0,12690460.0,2938.0625,99.95,26.95,2018,757.46,12.45,0.54,-0.73
2018-05-28,shigu,石鼓,Shigu,8.07,14.81,18.47,11.67,3.11590215466388,0.82,11252160.0,12869772.0,3114.875,99.95,26.95,2018,755.96,12.79,0.69,-0.0
2018-05-29,shigu,石鼓,Shigu,14.83,15.33,18.23,12.65,3.2284998630018857,0.71,11313930.0,12944712.0,3267.6562,99.95,26.95,2018,755.89,12.78,0.62,0.18
2018-05-30,shigu,石鼓,Shigu,29.48,13.93,16.17,12.97,1.6106104028298558,0.59,6031020.0,6901504.0,3409.5625,99.95,26.95,2018,755.93,13.51,0.32,-0.34
2018-05-31,shigu,石鼓,Shigu,5.82,14.57,17.78,12.26,2.005564852021887,0.6,7271562.0,8321432.0,3557.8125,99.95,26.95,2018,757.07,13.56,0.35,0.31
2018-06-01,shigu,石鼓,Shigu,1.1,18.4,23.6,12.82,5.942179901768447,0.9,18906830.0,21642188.0,3670.125,99.95,26.95,2018,756.68,11.72,0.21,0.61
2018-06-02,shigu,石鼓,Shigu,18.38,16.63,22.04,13.58,4.760873543286884,0.74,16592712.0,18995132.0,3712.3438,99.95,26.95,2018,756.54,14.3,0.54,-0.11
2018-06-03,shigu,石鼓,Shigu,6.15,17.28,21.98,13.5,4.946631689559746,0.76,16541392.0,18940136.0,3715.625,99.95,26.95,2018,754.83,13.25,0.47,0.48
2018-06-04,shigu,石鼓,Shigu,25.37,15.36,21.55,12.22,4.111069816077112,0.77,14742270.0,16882028.0,3726.375,99.95,26.95,2018,757.43,13.17,0.28,-0.5
2018-06-05,shigu,石鼓,Shigu,0.8,15.86,20.24,10.77,3.906393182542448,0.64,13042068.0,14940016.0,3781.625,99.95,26.95,2018,758.78,10.86,0.22,-0.04
2018-06-06,shigu,石鼓,Shigu,0.11,19.59,25.15,13.48,8.349374620951865,0.72,25913262.0,29687160.0,3811.7188,99.95,26.95,2018,756.71,9.26,0.21,-0.33
2018-06-07,shigu,石鼓,Shigu,0.46,18.55,23.75,13.61,6.6725119161173465,0.87,21146556.0,24231536.0,3712.75,99.95,26.95,2018,755.35,10.86,0.56,-0.06
2018-06-08,shigu,石鼓,Shigu,8.2,17.74,23.25,13.59,5.793495488609394,0.73,19116554.0,21909672.0,3544.6875,99.95,26.95,2018,753.27,12.84,0.3,0.07
2018-06-09,shigu,石鼓,Shigu,8.08,16.16,19.68,14.12,3.875978473643257,0.76,13737614.0,15744520.0,3383.1562,99.95,26.95,2018,753.37,14.53,0.62,-0.39
2018-06-10,shigu,石鼓,Shigu,9.49,16.51,21.95,14.0,4.25639195382334,0.68,14721150.0,16875544.0,3267.5,99.95,26.95,2018,752.6,14.13,0.59,-0.1
2018-06-11,shigu,石鼓,Shigu,15.74,16.07,19.38,14.03,2.9505934325964884,0.64,10424042.0,11950628.0,3199.7812,99.95,26.95,2018,750.94,14.96,0.62,0.06
2018-06-12,shigu,石鼓,Shigu,14.93,15.42,17.91,13.96,1.9632071521000467,0.48,7026010.0,8055340.0,3159.2812,99.95,26.95,2018,750.66,15.01,0.35,0.04
2018-06-13,shigu,石鼓,Shigu,18.53,15.87,19.27,14.4,2.422164099068328,0.77,8731680.0,10013604.0,3163.8125,99.95,26.95,2018,750.37,15.13,0.7,-0.15
2018-06-14,shigu,石鼓,Shigu,24.43,14.05,16.41,12.21,1.0895586655754208,0.81,4154470.0,4765292.0,3250.1875,99.95,26.95,2018,751.4,13.8,0.38,-0.7
2018-06-15,shigu,石鼓,Shigu,3.96,14.86,16.94,12.29,1.914036628956672,0.6,6752548.0,7746636.0,3429.0625,99.95,26.95,2018,752.52,13.42,0.44,-0.3
2018-06-16,shigu,石鼓,Shigu,2.98,17.34,22.23,13.6,4.121194103972323,0.7,13876540.0,15926056.0,3654.875,99.95,26.95,2018,752.1,14.67,0.3,0.5
2018-06-17,shigu,石鼓,Shigu,0.89,18.7,24.42,13.26,5.8043817087917065,0.95,18744150.0,21518032.0,3875.3438,99.95,26.95,2018,751.04,13.77,0.13,0.77
2018-06-18,shigu,石鼓,Shigu,0.12,20.26,26.05,13.9,6.0336107706127,1.1,18115894.0,20803496.0,4079.8438,99.95,26.95,2018,750.74,13.12,-0.05,1.06
2018-06-19,shigu,石鼓,Shigu,1.95,19.79,25.68,15.44,6.588963361846679,0.81,20793608.0,23885204.0,4221.4375,99.95,26.95,2018,752.55,14.34,0.27,0.45
2018-06-20,shigu,石鼓,Shigu,6.23,18.47,23.04,14.85,5.142337422101748,0.74,16874350.0,19386948.0,4260.9375,99.95,26.95,2018,753.67,15.05,0.51,0.22
2018-06-21,shigu,石鼓,Shigu,2.0,19.41,23.53,14.88,5.474352691729875,0.94,17248562.0,19825724.0,4274.125,99.95,26.95,2018,752.94,14.43,0.16,0.87
2018-06-22,shigu,石鼓,Shigu,4.28,18.39,22.31,15.6,4.071371941135563,0.69,13038680.0,14988680.0,4398.25,99.95,26.95,2018,752.9,14.49,0.32,0.44
2018-06-23,shigu,石鼓,Shigu,3.7,19.07,22.91,15.62,3.9516360703015376,0.53,12364276.0,14219880.0,4553.5938,99.95,26.95,2018,751.98,14.7,0.17,0.39
2018-06-24,shigu,石鼓,Shigu,23.97,18.15,23.75,15.07,4.38067832954552,0.55,14419048.0,16588132.0,4607.6562,99.95,26.95,2018,751.72,15.5,0.18,0.27
2018-06-25,shigu,石鼓,Shigu,13.95,17.44,20.28,14.91,3.2193242591461084,0.51,10722146.0,12339636.0,4591.5938,99.95,26.95,2018,751.9,15.44,0.32,0.26
2018-06-26,shigu,石鼓,Shigu,13.65,17.02,20.95,14.63,3.403827690338725,0.6,11633132.0,13388848.0,4587.4062,99.95,26.95,2018,754.57,15.52,0.42,-0.34
2018-06-27,shigu,石鼓,Shigu,11.84,17.18,21.74,14.79,3.845749068701832,0.65,13181550.0,15176816.0,4643.2812,99.95,26.95,2018,755.34,15.67,0.39,0.1
2018-06-28,shigu,石鼓,Shigu,7.54,17.73,21.96,14.24,4.092035193665685,0.78,13685028.0,15763188.0,4754.3438,99.95,26.95,2018,754.5,15.22,0.11,0.7
2018-06-29,shigu,石鼓,Shigu,2.34,18.65,23.6,15.42,4.334483043255039,0.9,13781566.0,15878708.0,4876.75,99.95,26.95,2018,752.41,14.56,0.17,0.83
2018-06-30,shigu,石鼓,Shigu,19.77,16.32,19.45,14.56,2.2051770378302926,0.42,7535194.0,8683660.0,5013.75,99.95,26.95,2018,753.05,15.22,-0.01,0.26
2018-07-01,shigu,石鼓,Shigu,6.47,17.18,21.47,14.57,3.8538946818598943,0.93,13341444.0,15381512.0,5177.9062,99.95,26.95,2018,752.2,15.42,0.32,0.77
2018-07-02,shigu,石鼓,Shigu,0.37,19.0,23.99,15.45,4.5791486055442086,1.36,14289580.0,16477368.0,5357.4062,99.95,26.95,2018,750.14,14.43,0.13,1.33
2018-07-03,shigu,石鼓,Shigu,1.18,18.9,23.52,15.39,4.981294881612186,1.34,15926370.0,18370612.0,5444.375,99.95,26.95,2018,749.53,14.62,0.26,1.3
2018-07-04,shigu,石鼓,Shigu,0.57,19.06,23.51,15.67,4.61151330568816,1.22,14540440.0,16776308.0,5515.9062,99.95,26.95,2018,750.16,14.83,0.21,1.19
2018-07-05,shigu,石鼓,Shigu,1.65,19.47,24.63,16.05,4.264835369474101,0.71,13343506.0,15401244.0,5654.125,99.95,26.95,2018,751.22,15.62,0.15,0.63
2018-07-06,shigu,石鼓,Shigu,28.97,18.6,24.31,15.79,4.399638509962926,0.57,14335278.0,16550384.0,5840.3438,99.95,26.95,2018,752.56,16.09,0.33,0.0
2018-07-07,shigu,石鼓,Shigu,8.18,17.88,22.52,14.94,3.805782799899279,0.52,12648756.0,14606632.0,6093.7812,99.95,26.95,2018,753.59,16.14,0.26,-0.29
2018-07-08,shigu,石鼓,Shigu,10.51,18.82,24.11,15.51,5.104672166761565,0.72,16747830.0,19346712.0,6374.5625,99.95,26.95,2018,753.34,16.27,0.57,-0.38
2018-07-09,shigu,石鼓,Shigu,10.63,17.52,22.44,15.27,4.151388752263746,0.68,14016854.0,16196948.0,6616.0312,99.95,26.95,2018,754.16,15.59,0.62,-0.22
2018-07-10,shigu,石鼓,Shigu,19.78,16.79,19.33,14.92,2.4124614235803463,0.58,8379724.0,9686356.0,6906.8125,99.95,26.95,2018,754.14,16.3,0.41,0.25
2018-07-11,shigu,石鼓,Shigu,15.54,16.19,19.01,14.43,2.4112908393406376,0.46,8342752.0,9647040.0,7240.2188,99.95,26.95,2018,754.09,15.44,0.34,-0.07
2018-07-12,shigu,石鼓,Shigu,9.51,16.69,22.26,13.14,3.9156735903612567,0.62,13517152.0,15632774.0,7496.4375,99.95,26.95,2018,754.4,15.28,0.26,-0.15
2018-07-13,shigu,石鼓,Shigu,12.62,17.4,22.84,14.14,5.037326898807237,0.58,16969540.0,19632248.0,7660.3438,99.95,26.95,2018,753.64,15.17,0.38,0.14
2018-07-14,shigu,石鼓,Shigu,19.34,17.38,22.7,14.54,4.428285368341565,0.6,14994510.0,17351966.0,7719.7812,99.95,26.95,2018,753.2,15.67,0.44,0.07
2018-07-15,shigu,石鼓,Shigu,25.75,17.07,21.03,15.12,3.6079704379783433,0.65,12345010.0,14290300.0,7707.9688,99.95,26.95,2018,754.04,15.71,0.49,-0.17
2018-07-16,shigu,石鼓,Shigu,11.45,16.48,19.42,14.34,2.8840219335084782,0.63,9985978.0,11553254.0,7631.5312,99.95,26.95,2018,755.09,15.37,0.48,-0.4
2018-07-17,shigu,石鼓,Shigu,4.78,16.9,21.42,13.88,3.600673399491096,0.55,12307032.0,14233520.0,7670.953,99.95,26.95,2018,755.66,15.6,0.24,-0.3
2018-07-18,shigu,石鼓,Shigu,5.35,17.9,22.81,13.44,5.455281622127352,0.76,18309648.0,21168702.0,7642.5,99.95,26.95,2018,755.31,15.24,0.3,-0.09
2018-07-19,shigu,石鼓,Shigu,5.6,18.97,24.47,14.58,5.8934713600481885,0.7,19095634.0,22068450.0,7389.797,99.95,26.95,2018,754.65,15.4,0.13,-0.01
2018-07-20,shigu,石鼓,Shigu,2.79,18.82,23.56,14.99,5.468456981122918,0.49,17614704.0,20348844.0,7089.3594,99.95,26.95,2018,754.58,15.33,0.17,-0.13
2018-07-21,shigu,石鼓,Shigu,5.89,17.57,23.49,13.52,5.279126426797236,0.68,17809928.0,20565344.0,6932.5,99.95,26.95,2018,755.36,15.05,0.19,-0.15
2018-07-22,shigu,石鼓,Shigu,12.54,17.48,22.91,14.35,5.0829966044691055,0.63,17179190.0,19828766.0,6924.1875,99.95,26.95,2018,754.63,15.21,0.38,-0.15
2018-07-23,shigu,石鼓,Shigu,18.45,16.36,19.88,13.94,3.2627796983678667,0.41,11106446.0,12814732.0,6911.0312,99.95,26.95,2018,753.87,14.63,0.11,0.25
2018-07-24,shigu,石鼓,Shigu,7.68,17.41,22.28,14.14,4.645093594988084,0.59,15755820.0,18171458.0,6902.9688,99.95,26.95,2018,754.48,15.59,0.17,-0.14
2018-07-25,shigu,石鼓,Shigu,6.8,18.32,23.62,13.54,5.577540230934012,0.76,18443730.0,21261396.0,6955.703,99.95,26.95,2018,754.31,15.05,-0.09,-0.32
2018-07-26,shigu,石鼓,Shigu,10.79,18.43,23.9,14.11,5.784796144385671,0.75,19273408.0,22208548.0,6939.3594,99.95,26.95,2018,754.14,15.71,0.35,-0.44
2018-07-27,shigu,石鼓,Shigu,8.65,17.46,22.75,14.49,4.928186039728667,0.74,16808938.0,19360446.0,6740.6406,99.95,26.95,2018,754.21,15.27,0.48,-0.47
2018-07-28,shigu,石鼓,Shigu,14.01,17.23,21.61,14.65,4.357473240441965,0.65,14885192.0,17138054.0,6445.1875,99.95,26.95,2018,754.16,15.38,0.49,-0.38
2018-07-29,shigu,石鼓,Shigu,15.25,15.88,19.78,13.91,2.489208691264232,0.53,8788790.0,10113880.0,6172.422,99.95,26.95,2018,754.86,15.21,0.2,-0.37
2018-07-30,shigu,石鼓,Shigu,6.79,16.46,20.97,13.82,3.2012309351251096,0.53,10874912.0,12510586.0,6008.7812,99.95,26.95,2018,754.04,14.29,0.34,-0.12
2018-07-31,shigu,石鼓,Shigu,10.71,16.44,19.34,14.43,3.4306126370820778,0.54,11888806.0,13671612.0,5982.6562,99.95,26.95,2018,753.86,15.12,0.42,-0.15
2018-08-01,shigu,石鼓,Shigu,10.17,17.13,21.24,14.11,3.981077505843212,0.69,13743414.0,15797812.0,5976.4062,99.95,26.95,2018,753.26,15.65,0.45,0.3
2018-08-02,shigu,石鼓,Shigu,5.09,19.23,23.91,14.97,5.191948189653386,0.81,16221734.0,18638760.0,5950.5938,99.95,26.95,2018,752.22,13.76,0.1,0.66
2018-08-03,shigu,石鼓,Shigu,17.44,15.82,17.67,13.66,1.5117040355502451,0.5,5310750.0,6098330.0,5904.4688,99.95,26.95,2018,753.36,15.27,-0.06,-0.12
2018-08-04,shigu,石鼓,Shigu,3.98,17.53,22.92,13.98,4.480228188726269,0.67,15167684.0,17412438.0,5963.828,99.95,26.95,2018,755.01,15.26,0.04,-0.48
2018-08-05,shigu,石鼓,Shigu,2.14,17.92,22.83,13.87,5.5295619817533375,0.76,18549124.0,21286010.0,6006.203,99.95,26.95,2018,755.46,14.73,0.18,-0.53
2018-08-06,shigu,石鼓,Shigu,3.55,17.48,21.96,12.87,5.0707525477687225,0.67,17083432.0,19596160.0,5983.9062,99.95,26.95,2018,755.52,14.43,0.26,-0.32
2018-08-07,shigu,石鼓,Shigu,8.6,17.63,22.93,13.69,5.538017336394489,0.64,18693244.0,21434144.0,5941.6406,99.95,26.95,2018,754.87,14.75,0.19,-0.27
2018-08-08,shigu,石鼓,Shigu,3.78,17.63,22.74,13.27,4.9760972421752285,0.67,16770932.0,19222472.0,5827.8594,99.95,26.95,2018,755.58,14.84,0.06,-0.38
2018-08-09,shigu,石鼓,Shigu,8.87,17.38,22.46,13.3,5.052678914214902,0.65,17244216.0,19756460.0,5681.7656,99.95,26.95,2018,755.85,15.05,0.15,-0.35
2018-08-10,shigu,石鼓,Shigu,14.46,17.02,21.91,13.85,4.597048564084967,0.61,15823034.0,18120404.0,5568.297,99.95,26.95,2018,754.59,15.06,0.42,-0.3
2018-08-11,shigu,石鼓,Shigu,13.73,15.67,17.91,13.44,2.318550742682189,0.45,8151478.0,9330720.0,5497.875,99.95,26.95,2018,753.44,14.73,0.19,-0.28
2018-08-12,shigu,石鼓,Shigu,5.54,16.56,19.83,14.03,3.1103373802102547,0.55,10647846.0,12184996.0,5494.453,99.95,26.95,2018,752.87,14.65,0.33,-0.28
2018-08-13,shigu,石鼓,Shigu,21.62,16.28,20.01,14.36,3.0097646221276144,0.48,10475884.0,11983132.0,5454.4688,99.95,26.95,2018,753.75,15.11,0.3,-0.27
2018-08-14,shigu,石鼓,Shigu,5.96,16.67,20.39,13.28,2.7455059203225303,0.51,9163196.0,10476088.0,5481.6094,99.95,26.95,2018,755.39,13.98,0.15,-0.21
2018-08-15,shigu,石鼓,Shigu,1.75,17.81,22.5,12.34,5.22709968974804,0.66,17517178.0,20020292.0,5544.0312,99.95,26.95,2018,757.09,14.58,-0.07,-0.14
2018-08-16,shigu,石鼓,Shigu,4.22,18.67,23.89,13.25,5.752685774153742,0.74,18937940.0,21632170.0,5528.0312,99.95,26.95,2018,756.17,14.93,-0.08,-0.42
2018-08-17,shigu,石鼓,Shigu,9.4,17.56,23.46,12.88,5.242556428698443,0.68,17881814.0,20415824.0,5488.7188,99.95,26.95,2018,755.4,15.02,-0.02,-0.38
2018-08-18,shigu,石鼓,Shigu,0.74,18.14,22.45,13.94,5.880151602031116,0.78,19345784.0,22076712.0,5479.1094,99.95,26.95,2018,754.72,13.25,0.18,-0.52
2018-08-19,shigu,石鼓,Shigu,6.56,18.53,23.09,14.06,5.534913973287368,0.69,18121766.0,20670558.0,5451.3906,99.95,26.95,2018,754.71,14.33,0.23,0.03
2018-08-20,shigu,石鼓,Shigu,7.43,17.32,23.21,13.67,4.798498867282138,0.62,16529328.0,18844314.0,5333.9688,99.95,26.95,2018,754.79,15.43,0.18,0.26
2018-08-21,shigu,石鼓,Shigu,5.83,18.15,23.05,14.53,5.058696210122078,0.6,16809934.0,19154890.0,5190.2812,99.95,26.95,2018,753.64,14.91,0.09,0.37
2018-08-22,shigu,石鼓,Shigu,8.14,17.68,22.35,14.91,4.0305645468755165,0.6,13677356.0,15578130.0,5090.3125,99.95,26.95,2018,754.82,15.73,0.17,-0.42
2018-08-23,shigu,石鼓,Shigu,2.15,17.86,22.1,14.0,5.055172141947603,0.72,17070752.0,19432160.0,5114.0,99.95,26.95,2018,755.53,14.9,0.33,-0.39
2018-08-24,shigu,石鼓,Shigu,7.37,18.16,23.33,14.46,5.449955570607964,0.64,18215950.0,20726596.0,5137.922000000001,99.95,26.95,2018,754.81,14.89,0.4,-0.26
2018-08-25,shigu,石鼓,Shigu,18.81,17.23,21.93,14.56,4.255130141095163,0.65,14703846.0,16721838.0,5045.125,99.95,26.95,2018,754.22,15.38,0.43,-0.36
2018-08-26,shigu,石鼓,Shigu,6.37,17.08,21.2,14.33,4.207101852491123,0.73,14597934.0,16593728.0,4898.453,99.95,26.95,2018,755.12,15.02,0.57,-0.43
2018-08-27,shigu,石鼓,Shigu,9.71,17.44,21.82,13.58,4.499543788116704,0.71,15083004.0,17136414.0,4839.3125,99.95,26.95,2018,755.64,13.78,0.45,-0.15
2018-08-28,shigu,石鼓,Shigu,7.02,17.5,22.88,14.03,5.151907011481391,0.56,17553834.0,19934364.0,4805.75,99.95,26.95,2018,755.87,14.91,0.09,0.06
2018-08-29,shigu,石鼓,Shigu,8.61,17.45,23.06,12.84,4.836828690421786,0.6,16487906.0,18714722.0,4725.1094,99.95,26.95,2018,755.16,14.8,0.03,-0.01
2018-08-30,shigu,石鼓,Shigu,5.3,17.99,23.33,13.57,5.4603411344592265,0.75,18378054.0,20849368.0,4675.875,99.95,26.95,2018,755.18,14.44,0.0,-0.3
2018-08-31,shigu,石鼓,Shigu,2.94,18.52,23.77,13.63,5.577385063625092,0.74,18553544.0,21037880.0,4674.828,99.95,26.95,2018,755.81,14.89,-0.0,-0.46
2018-09-01,shigu,石鼓,Shigu,7.93,17.78,22.41,13.8,5.155263855635704,0.62,17460588.0,19789462.0,4633.422000000001,99.95,26.95,2018,755.84,14.83,0.23,-0.12
2018-09-02,shigu,石鼓,Shigu,9.62,17.74,23.54,14.33,5.179869878999312,0.57,17572026.0,19906284.0,4501.3906,99.95,26.95,2018,755.48,14.97,0.05,-0.02
2018-09-03,shigu,石鼓,Shigu,2.84,18.11,23.49,14.65,5.0383216072552095,0.67,17148418.0,19417080.0,4350.422000000001,99.95,26.95,2018,756.23,15.83,0.13,-0.41
2018-09-04,shigu,石鼓,Shigu,1.2,19.37,23.37,15.11,5.6030962539491584,0.68,18014292.0,20387006.0,4272.4688,99.95,26.95,2018,755.87,14.53,0.5,-0.31
2018-09-05,shigu,石鼓,Shigu,1.65,19.5,23.87,15.78,5.367498333441713,0.62,17199910.0,19456070.0,4237.2344,99.95,26.95,2018,755.37,14.83,0.42,0.04
2018-09-06,shigu,石鼓,Shigu,10.32,17.73,22.73,14.9,4.085092637050294,0.5,13874938.0,15687640.0,4153.6875,99.95,26.95,2018,756.56,15.75,0.37,-0.07
2018-09-07,shigu,石鼓,Shigu,15.59,16.0,18.86,13.97,2.604018067603349,0.79,9381670.0,10601842.0,4024.7969,99.95,26.95,2018,757.88,14.82,0.64,-0.44
2018-09-08,shigu,石鼓,Shigu,34.57,13.91,15.23,13.07,0.9050458245845016,0.8,3513314.0,3967984.0,3954.75,99.95,26.95,2018,758.45,13.7,0.49,-0.61
2018-09-09,shigu,石鼓,Shigu,12.74,14.02,15.39,13.08,0.9275653226179232,0.65,3509726.0,3961982.0,4118.828,99.95,26.95,2018,758.58,13.7,0.57,-0.22
2018-09-10,shigu,石鼓,Shigu,13.77,16.34,19.97,13.99,2.8617098052416554,0.63,10110960.0,11408460.0,4437.828,99.95,26.95,2018,757.8,14.93,0.38,0.35
2018-09-11,shigu,石鼓,Shigu,1.83,16.35,19.49,13.97,3.0043456930427466,0.7,10378076.0,11706220.0,4732.5312,99.95,26.95,2018,756.38,13.88,0.41,0.54
2018-09-12,shigu,石鼓,Shigu,7.18,15.52,19.07,12.99,2.615387753476264,0.63,9272942.0,10453832.0,4962.422000000001,99.95,26.95,2018,755.62,13.63,0.38,0.39
2018-09-13,shigu,石鼓,Shigu,3.94,16.21,19.94,13.07,3.526459283529765,0.58,12182580.0,13726816.0,5174.703,99.95,26.95,2018,756.67,13.17,0.3,0.36
2018-09-14,shigu,石鼓,Shigu,10.48,15.51,19.41,13.17,3.3419155243010987,0.61,12124610.0,13653104.0,5388.3125,99.95,26.95,2018,758.95,14.13,0.49,-0.18
2018-09-15,shigu,石鼓,Shigu,11.43,15.47,20.46,11.81,4.1304656788283065,0.55,14889132.0,16760450.0,5506.7344,99.95,26.95,2018,758.79,13.52,0.35,0.04
2018-09-16,shigu,石鼓,Shigu,10.94,15.1,20.37,11.22,4.164367406954051,0.55,15155996.0,17056208.0,5456.5625,99.95,26.95,2018,757.53,13.16,0.12,-0.06
2018-09-17,shigu,石鼓,Shigu,4.28,15.93,21.81,11.81,4.474335337664336,0.66,16138904.0,18157512.0,5290.375,99.95,26.95,2018,756.63,14.05,-0.05,-0.21
2018-09-18,shigu,石鼓,Shigu,4.5,16.06,20.5,12.55,4.3147448146854925,0.75,15397950.0,17317686.0,5112.0938,99.95,26.95,2018,758.12,13.53,0.28,-0.49
2018-09-19,shigu,石鼓,Shigu,3.11,15.37,19.46,12.48,3.3499342458397736,0.7,12290506.0,13819060.0,4935.2812,99.95,26.95,2018,759.6,13.98,0.46,-0.1
2018-09-20,shigu,石鼓,Shigu,1.3,16.33,21.24,12.53,4.565041435168578,0.85,16023924.0,18011418.0,4728.9844,99.95,26.95,2018,759.59,12.88,0.32,0.64
2018-09-21,shigu,石鼓,Shigu,1.27,17.34,21.82,12.84,4.497899116307684,0.72,15123046.0,16993876.0,4528.797000000001,99.95,26.95,2018,760.3,13.07,0.18,0.33
2018-09-22,shigu,石鼓,Shigu,11.42,15.76,19.96,13.18,3.638095859834322,0.52,12985504.0,14586046.0,4389.0156,99.95,26.95,2018,760.99,13.86,0.31,-0.03
2018-09-23,shigu,石鼓,Shigu,11.63,15.47,19.46,13.16,3.322213198711093,0.65,12158304.0,13652920.0,4366.1875,99.95,26.95,2018,759.83,14.19,0.45,0.05
2018-09-24,shigu,石鼓,Shigu,0.46,17.12,21.59,13.58,3.67382688498012,1.11,11904999.0,13366466.0,4355.4375,99.95,26.95,2018,756.53,12.34,0.23,1.05
2018-09-25,shigu,石鼓,Shigu,0.3,17.22,22.17,12.5,3.5563932048790354,1.06,11419425.0,12817644.0,4249.1875,99.95,26.95,2018,755.51,12.35,0.02,1.03
2018-09-26,shigu,石鼓,Shigu,3.66,16.44,20.74,12.78,3.97233795493452,0.75,13713871.0,15388505.0,4110.875,99.95,26.95,2018,756.84,12.87,0.23,0.56
2018-09-27,shigu,石鼓,Shigu,4.37,16.82,22.31,13.0,4.117462850530327,0.76,13966556.0,15665882.0,3998.5781,99.95,26.95,2018,757.36,12.66,0.32,0.46
2018-09-28,shigu,石鼓,Shigu,10.81,14.95,18.8,12.95,3.26457836551788,0.75,12033986.0,13493864.0,3924.3125,99.95,26.95,2018,759.23,13.13,0.52,-0.39
2018-09-29,shigu,石鼓,Shigu,9.16,15.06,18.89,12.3,3.3439244325981465,0.74,12367310.0,13863616.0,3940.3438,99.95,26.95,2018,758.58,13.45,0.65,-0.19
2018-09-30,shigu,石鼓,Shigu,14.23,14.55,18.59,12.07,3.3693813084582835,0.63,12601423.0,14121989.0,4023.1719,99.95,26.95,2018,758.42,13.18,0.47,-0.2
2018-10-01,shigu,石鼓,Shigu,14.47,13.41,17.13,10.97,2.64113536423102,0.72,10224565.0,11453983.0,4084.5312,99.95,26.95,2018,759.43,12.26,0.47,-0.38
2018-10-02,shigu,石鼓,Shigu,8.61,13.36,17.5,9.87,3.0813648188759144,0.65,11895800.0,13322809.0,4132.953,99.95,26.95,2018,758.76,12.06,0.51,-0.01
2018-10-03,shigu,石鼓,Shigu,2.44,14.22,19.17,10.29,3.7670340474598127,0.79,13648173.0,15281105.0,4163.0156,99.95,26.95,2018,759.42,10.27,0.49,0.3
2018-10-04,shigu,石鼓,Shigu,0.91,14.64,19.32,11.11,4.058915843082108,0.8,14367198.0,16081753.0,4205.5156,99.95,26.95,2018,759.85,9.72,0.51,0.26
2018-10-05,shigu,石鼓,Shigu,0.33,15.22,20.29,9.95,4.377003043552016,0.85,14847973.0,16616642.0,4294.5,99.95,26.95,2018,758.91,8.4,0.24,0.74
2018-10-06,shigu,石鼓,Shigu,0.05,15.23,20.24,9.86,5.0048909018759336,0.91,16950746.0,18964086.0,4266.6797,99.95,26.95,2018,758.82,7.22,0.1,0.82
2018-10-07,shigu,石鼓,Shigu,0.39,15.15,20.15,10.09,5.151962354577254,1.07,17482728.0,19553528.0,4083.9531,99.95,26.95,2018,758.18,7.17,0.24,0.96
2018-10-08,shigu,石鼓,Shigu,0.5,14.25,19.28,9.07,5.081260722460844,1.1,17656118.0,19741644.0,3886.3438,99.95,26.95,2018,757.73,6.24,0.14,1.05
2018-10-09,shigu,石鼓,Shigu,2.88,13.26,18.47,8.92,4.891544648765791,0.75,18079866.0,20209156.0,3725.4688,99.95,26.95,2018,758.61,7.35,0.42,0.19
2018-10-10,shigu,石鼓,Shigu,7.61,10.86,14.55,8.47,2.948582876143089,0.82,12291682.0,13732894.0,3584.8281,99.95,26.95,2018,760.04,9.23,0.51,-0.55
2018-10-11,shigu,石鼓,Shigu,2.16,12.93,16.58,9.37,2.929165530019089,0.68,10794384.0,12058358.0,3456.1719,99.95,26.95,2018,759.97,9.12,0.54,0.16
2018-10-12,shigu,石鼓,Shigu,4.1,12.83,15.75,10.94,2.6513643845455213,0.72,9999544.0,11168134.0,3320.8281,99.95,26.95,2018,758.41,10.14,0.21,0.67
2018-10-13,shigu,石鼓,Shigu,4.24,12.38,15.7,9.79,2.589235463271017,1.16,9650576.0,10774950.0,3179.5469,99.95,26.95,2018,757.47,8.98,-0.01,1.13
2018-10-14,shigu,石鼓,Shigu,1.26,11.43,15.3,7.42,2.7153073263373213,1.05,10561242.0,11788580.0,3060.0547,99.95,26.95,2018,757.9,8.12,-0.16,0.99
2018-10-15,shigu,石鼓,Shigu,0.76,13.43,18.33,7.17,4.349536738210651,1.13,15535044.0,17334952.0,2947.4922,99.95,26.95,2018,758.26,6.85,-0.05,1.09
2018-10-16,shigu,石鼓,Shigu,0.0,13.35,19.0,6.65,4.575087042565418,1.31,15915684.0,17756254.0,2851.4453,99.95,26.95,2018,757.61,5.31,-0.36,1.24
2018-10-17,shigu,石鼓,Shigu,0.03,13.27,17.98,7.78,3.797132876470301,0.89,13459168.0,15012834.0,2752.6562,99.95,26.95,2018,756.19,6.82,-0.09,0.83
2018-10-18,shigu,石鼓,Shigu,0.07,13.47,17.86,8.13,3.6267627717001454,1.32,12165560.0,13567988.0,2628.6797,99.95,26.95,2018,756.61,6.49,-0.04,1.28
2018-10-19,shigu,石鼓,Shigu,0.16,13.56,18.38,7.86,3.6233437521777816,1.11,12045134.0,13430904.0,2492.4922,99.95,26.95,2018,758.61,5.83,0.1,1.03
2018-10-20,shigu,石鼓,Shigu,0.0,13.37,19.05,6.61,4.599338309747259,1.23,15866132.0,17687940.0,2370.2422,99.95,26.95,2018,759.73,4.73,-0.14,1.17
2018-10-21,shigu,石鼓,Shigu,0.0,13.64,19.48,7.41,5.097624298033368,1.12,17651504.0,19674168.0,2262.9531,99.95,26.95,2018,759.71,4.13,-0.1,1.05
2018-10-22,shigu,石鼓,Shigu,0.0,13.53,19.62,7.11,5.301917661441942,1.0,18417186.0,20523836.0,2158.0078,99.95,26.95,2018,759.09,3.03,0.08,0.88
2018-10-23,shigu,石鼓,Shigu,0.0,13.35,19.26,6.89,5.200109247940281,1.12,17866832.0,19907000.0,2052.6328,99.95,26.95,2018,758.75,2.44,0.1,1.04
2018-10-24,shigu,石鼓,Shigu,0.0,13.04,18.85,6.9,5.20997763445358,1.21,18114128.0,20178704.0,1953.0391,99.95,26.95,2018,758.84,2.5,-0.02,1.16
2018-10-25,shigu,石鼓,Shigu,0.0,13.15,19.04,6.66,4.954133199122493,1.18,17100172.0,19045668.0,1862.2266,99.95,26.95,2018,760.73,3.02,-0.21,1.11
2018-10-26,shigu,石鼓,Shigu,0.0,13.41,19.18,6.73,5.028326128209845,0.91,17417590.0,19395512.0,1779.6953,99.95,26.95,2018,762.07,2.72,0.19,0.73
2018-10-27,shigu,石鼓,Shigu,0.0,13.49,19.41,7.22,5.275582668071018,1.02,18073650.0,20122364.0,1706.5469,99.95,26.95,2018,762.2,1.95,-0.2,0.95
2018-10-28,shigu,石鼓,Shigu,0.0,13.63,18.07,7.83,3.692728184976592,0.86,12086502.0,13454488.0,1642.2344,99.95,26.95,2018,761.21,3.76,0.06,0.75
2018-10-29,shigu,石鼓,Shigu,0.08,12.58,15.74,9.01,2.6155641454028737,0.61,9009928.0,10027936.0,1584.1797,99.95,26.95,2018,760.95,5.57,0.08,0.43
2018-10-30,shigu,石鼓,Shigu,4.3,10.47,14.65,7.01,2.400671958761846,0.71,9454008.0,10519084.0,1531.9531,99.95,26.95,2018,763.71,7.0,0.27,-0.58
2018-10-31,shigu,石鼓,Shigu,0.95,10.41,12.97,7.14,2.59807814371168,0.44,9942966.0,11062672.0,1490.7969,99.95,26.95,2018,763.54,4.55,0.16,-0.27
2018-11-01,shigu,石鼓,Shigu,0.8,7.92,11.03,3.56,2.222830585136613,0.78,9016320.0,10028960.0,1457.8125,99.95,26.95,2018,762.07,2.88,0.31,-0.21
2018-11-02,shigu,石鼓,Shigu,0.01,10.41,16.05,3.07,3.877331532362697,0.77,14942360.0,16617684.0,1424.2656,99.95,26.95,2018,759.37,2.88,0.15,0.5
2018-11-03,shigu,石鼓,Shigu,0.1,10.27,16.0,2.73,3.4438578943693114,1.3,13166306.0,14640292.0,1389.8984,99.95,26.95,2018,758.33,3.95,-0.18,1.25
2018-11-04,shigu,石鼓,Shigu,0.2,10.6,16.2,3.34,3.4794706595593308,1.3,13207672.0,14683392.0,1357.2422,99.95,26.95,2018,757.75,4.37,-0.08,1.24
2018-11-05,shigu,石鼓,Shigu,0.57,9.54,15.72,3.5,3.1026052083395337,1.32,12359308.0,13737080.0,1330.0938,99.95,26.95,2018,757.83,4.31,-0.03,1.23
2018-11-06,shigu,石鼓,Shigu,0.15,10.07,15.97,3.25,3.2412273972546046,1.17,12383130.0,13760932.0,1312.5391,99.95,26.95,2018,758.43,3.78,0.23,1.03
2018-11-07,shigu,石鼓,Shigu,1.4,8.77,14.36,2.3,3.317080953229488,1.28,13831926.0,15369920.0,1307.0625,99.95,26.95,2018,759.78,3.57,-0.27,1.15
2018-11-08,shigu,石鼓,Shigu,0.0,9.56,15.21,2.1,4.229564174451192,0.86,16249066.0,18051204.0,1313.1328,99.95,26.95,2018,759.64,-1.11,-0.05,0.7
2018-11-09,shigu,石鼓,Shigu,0.0,10.09,15.77,4.11,4.370561105713536,1.19,16185412.0,17977072.0,1313.5469,99.95,26.95,2018,757.9,-0.76,-0.2,1.14
2018-11-10,shigu,石鼓,Shigu,0.0,9.93,16.15,3.89,4.465587840480281,1.09,16603728.0,18438064.0,1303.6484,99.95,26.95,2018,758.93,-1.86,-0.23,1.02
2018-11-11,shigu,石鼓,Shigu,0.0,9.67,15.88,3.65,4.385472087390686,1.25,16244838.0,18036076.0,1288.0547,99.95,26.95,2018,758.75,-1.97,-0.3,1.13
2018-11-12,shigu,石鼓,Shigu,0.0,9.92,16.05,3.53,4.107362841603576,1.17,15286458.0,16968992.0,1266.7891,99.95,26.95,2018,756.98,-0.21,-0.11,1.09
2018-11-13,shigu,石鼓,Shigu,0.0,10.05,15.94,4.16,4.029920063740644,1.4,14686562.0,16300008.0,1241.7422,99.95,26.95,2018,755.49,0.19,-0.26,1.34
2018-11-14,shigu,石鼓,Shigu,0.0,9.9,15.97,3.77,3.888863189218643,1.41,14323856.0,15894460.0,1216.4375,99.95,26.95,2018,756.53,0.69,-0.32,1.33
2018-11-15,shigu,石鼓,Shigu,0.04,10.03,15.92,4.03,3.820341043208081,1.3,13865398.0,15382668.0,1194.1406,99.95,26.95,2018,756.91,0.36,0.05,1.2
2018-11-16,shigu,石鼓,Shigu,0.07,9.26,15.04,2.45,3.3235936142768314,1.35,12700276.0,14089788.0,1176.2734,99.95,26.95,2018,756.48,1.94,0.03,1.29
2018-11-17,shigu,石鼓,Shigu,0.83,9.02,14.8,2.47,3.3149220692235,1.32,12805252.0,14206836.0,1163.6172,99.95,26.95,2018,756.19,1.7,0.3,1.2
2018-11-18,shigu,石鼓,Shigu,0.64,7.09,12.92,2.26,2.1454384602732275,1.23,9194726.0,10272240.0,1158.7734,99.95,26.95,2018,758.51,3.25,-0.38,1.14
2018-11-19,shigu,石鼓,Shigu,0.06,7.7,14.16,0.98,3.0916614706706205,1.41,12693016.0,14143512.0,1159.9609,99.95,26.95,2018,758.43,1.33,-0.51,1.28
2018-11-20,shigu,石鼓,Shigu,0.01,7.94,14.69,1.41,3.369321631278712,1.54,13808656.0,15357648.0,1153.4609,99.95,26.95,2018,757.83,1.16,-0.63,1.36
2018-11-21,shigu,石鼓,Shigu,0.0,8.64,14.61,1.42,3.3010990501817714,0.87,12991656.0,14432524.0,1141.5547,99.95,26.95,2018,759.84,0.51,-0.41,0.69
2018-11-22,shigu,石鼓,Shigu,0.0,9.83,16.34,3.53,3.871659661919147,0.68,15118780.0,16784840.0,1128.625,99.95,26.95,2018,760.93,1.48,-0.16,0.55
2018-11-23,shigu,石鼓,Shigu,0.0,9.59,16.14,3.29,3.8996188497967816,1.21,14941074.0,16581548.0,1114.5469,99.95,26.95,2018,758.64,0.98,-0.22,1.12
2018-11-24,shigu,石鼓,Shigu,0.22,9.71,15.73,2.16,3.889668323421263,0.66,15044094.0,16692676.0,1100.1719,99.95,26.95,2018,759.76,0.03,-0.23,0.21
2018-11-25,shigu,石鼓,Shigu,0.06,8.88,15.08,2.86,3.7418750820167457,0.59,14751458.0,16366132.0,1086.3594,99.95,26.95,2018,761.3,-1.66,-0.32,0.32
2018-11-26,shigu,石鼓,Shigu,0.0,9.55,16.41,2.74,4.015592496711721,0.88,15099056.0,16751304.0,1073.3281,99.95,26.95,2018,760.11,-1.93,-0.07,0.74
2018-11-27,shigu,石鼓,Shigu,0.0,8.37,15.2,1.98,3.9116680474366152,1.29,15055476.0,16702556.0,1061.3594,99.95,26.95,2018,761.34,-2.22,-0.7,1.06
2018-11-28,shigu,石鼓,Shigu,0.0,9.47,17.07,1.79,4.067122862236516,0.87,15213502.0,16877652.0,1050.5234,99.95,26.95,2018,761.65,-2.95,-0.46,0.66
2018-11-29,shigu,石鼓,Shigu,0.0,10.24,17.83,2.76,4.114192198501143,1.13,14848770.0,16472880.0,1040.4453,99.95,26.95,2018,760.06,-1.09,-0.22,1.03
2018-11-30,shigu,石鼓,Shigu,0.0,9.59,16.65,2.22,3.9634866594108886,1.04,14758446.0,16372588.0,1031.1172,99.95,26.95,2018,758.71,-1.29,-0.32,0.96
2018-12-01,shigu,石鼓,Shigu,0.0,8.85,15.27,3.07,3.983521653787735,1.25,14737786.0,16349544.0,1022.5078,99.95,26.95,2018,757.01,-3.13,-0.18,1.18
2018-12-02,shigu,石鼓,Shigu,0.0,8.19,14.18,2.86,3.8812471929180656,1.29,14704202.0,16312280.0,1014.1094,99.95,26.95,2018,756.07,-3.44,-0.19,1.24
2018-12-03,shigu,石鼓,Shigu,0.0,8.06,13.94,2.81,3.606014124670873,1.3,13914068.0,15435832.0,1006.03906,99.95,26.95,2018,757.82,-1.83,-0.38,1.21
2018-12-04,shigu,石鼓,Shigu,0.0,8.29,14.69,2.67,3.6499850069020994,1.06,14385832.0,15958960.0,998.47656,99.95,26.95,2018,757.94,-1.09,-0.25,0.98
2018-12-05,shigu,石鼓,Shigu,0.0,8.83,15.46,2.3,3.8806245688103247,1.26,14462714.0,16044184.0,991.2422,99.95,26.95,2018,755.95,-2.33,-0.29,1.18
2018-12-06,shigu,石鼓,Shigu,0.0,8.84,14.83,3.0,3.3842216471246247,0.93,12734920.0,14127484.0,984.1797,99.95,26.95,2018,756.34,-1.37,0.12,0.8
2018-12-07,shigu,石鼓,Shigu,0.0,8.98,14.58,2.92,3.8534031985719888,1.01,14281848.0,15843308.0,977.16406,99.95,26.95,2018,757.03,-3.41,0.22,0.86
2018-12-08,shigu,石鼓,Shigu,0.07,7.62,13.27,2.39,3.4048804215100628,1.19,13102260.0,14534900.0,970.125,99.95,26.95,2018,757.81,-2.83,-0.26,1.1
2018-12-09,shigu,石鼓,Shigu,0.0,7.79,13.45,2.09,3.566559875128623,1.09,13650790.0,15143056.0,963.39844,99.95,26.95,2018,757.28,-3.79,-0.12,1.03
2018-12-10,shigu,石鼓,Shigu,0.0,7.55,13.56,2.33,3.5714353664158787,1.1,13844820.0,15358236.0,956.7656,99.95,26.95,2018,758.19,-3.88,-0.27,1.02
2018-12-11,shigu,石鼓,Shigu,0.0,7.73,13.32,2.09,3.6579480101060415,0.91,14144980.0,15691264.0,949.71875,99.95,26.95,2018,758.88,-5.09,-0.08,0.82
2018-12-12,shigu,石鼓,Shigu,0.13,7.49,13.3,1.13,3.0125520939075,1.25,11984728.0,13294900.0,942.8125,99.95,26.95,2018,759.51,-0.24,-0.14,1.14
2018-12-13,shigu,石鼓,Shigu,0.0,7.68,13.97,0.94,3.3420624249872004,1.0,13200980.0,14644964.0,936.65625,99.95,26.95,2018,760.54,-1.95,-0.19,0.92
2018-12-14,shigu,石鼓,Shigu,0.0,9.07,14.91,2.55,3.5121089348191203,1.19,12763746.0,14159384.0,930.53125,99.95,26.95,2018,760.17,-1.53,0.0,1.12
2018-12-15,shigu,石鼓,Shigu,0.0,9.19,15.06,3.82,3.306913335628216,1.35,11619688.0,12890484.0,924.2031,99.95,26.95,2018,761.03,-0.9,-0.29,1.26
2018-12-16,shigu,石鼓,Shigu,0.02,8.94,15.16,3.59,3.191384554730049,1.23,11582090.0,12850076.0,918.3281,99.95,26.95,2018,761.77,-0.43,-0.5,1.07
2018-12-17,shigu,石鼓,Shigu,0.0,9.65,15.75,3.95,3.750214335195135,1.11,13795692.0,15308788.0,912.53125,99.95,26.95,2018,760.96,-0.58,-0.43,0.98
2018-12-18,shigu,石鼓,Shigu,8.46,6.35,10.41,3.57,1.6475641203500464,0.99,7310734.0,8115376.0,907.78125,99.95,26.95,2018,757.71,3.43,-0.24,0.94
2018-12-19,shigu,石鼓,Shigu,1.85,6.34,12.04,1.23,1.6541889201587172,1.24,7478390.0,8347052.0,917.5,99.95,26.95,2018,757.52,3.77,-0.4,1.14
2018-12-20,shigu,石鼓,Shigu,0.0,5.34,12.68,-0.28,2.652221389616388,1.3,12398208.0,13805332.0,948.125,99.95,26.95,2018,757.27,0.64,-0.61,1.12
2018-12-21,shigu,石鼓,Shigu,0.0,6.23,12.96,-0.37,2.9588426102878547,1.28,12533968.0,13939380.0,964.5,99.95,26.95,2018,756.72,-1.01,-0.52,1.14
2018-12-22,shigu,石鼓,Shigu,0.0,5.85,12.68,-0.13,3.2070937276903284,1.17,13796626.0,15334936.0,960.0625,99.95,26.95,2018,759.03,-2.46,-0.64,0.95
2018-12-23,shigu,石鼓,Shigu,0.0,5.97,12.72,0.28,3.3311489756524333,0.9,14228730.0,15811720.0,944.09375,99.95,26.95,2018,758.5,-3.58,-0.23,0.72
2018-12-24,shigu,石鼓,Shigu,0.0,5.58,13.18,-0.73,3.3565114663629383,1.45,14327288.0,15920664.0,924.65625,99.95,26.95,2018,755.22,-3.6,-0.57,1.3
2018-12-25,shigu,石鼓,Shigu,0.0,6.54,14.25,-0.96,3.56138636978774,1.49,14326240.0,15920440.0,906.03125,99.95,26.95,2018,754.14,-3.79,-0.57,1.37
2018-12-26,shigu,石鼓,Shigu,0.0,5.96,13.12,0.29,3.3545128653535925,1.43,14075504.0,15643560.0,889.875,99.95,26.95,2018,754.86,-3.18,-0.69,1.24
2018-12-27,shigu,石鼓,Shigu,0.0,7.43,14.79,0.47,3.664323265680893,0.99,14442418.0,16053428.0,876.2031,99.95,26.95,2018,754.63,-4.27,-0.2,0.92
2018-12-28,shigu,石鼓,Shigu,3.05,6.9,12.62,1.17,3.347600221155953,1.0,13967704.0,15527928.0,864.5,99.95,26.95,2018,755.79,-1.53,0.73,0.46
2018-12-29,shigu,石鼓,Shigu,2.26,4.51,9.53,-0.69,2.324177634950579,0.87,10401376.0,12290656.0,854.875,99.95,26.95,2018,757.2,0.08,-0.04,0.72
2018-12-30,shigu,石鼓,Shigu,0.0,3.73,9.91,-1.07,3.146245979489245,0.96,14007282.0,16114148.0,846.34375,99.95,26.95,2018,760.84,-6.29,-0.62,0.71
2018-12-31,shigu,石鼓,Shigu,0.0,4.47,11.12,-0.91,3.3567676760111134,0.91,14596922.0,16550676.0,838.375,99.95,26.95,2018,760.52,-7.01,-0.27,0.78
2019-01-01,shigu,石鼓,Shigu,0.0,4.44,10.8,-0.66,3.250939788086457,1.13,14138066.0,15897960.0,830.8594,99.95,26.95,2019,760.46,-6.2,-0.47,0.96
2019-01-02,shigu,石鼓,Shigu,0.0,5.69,11.82,-0.6,3.3524852404761214,0.76,14384572.0,16099128.0,823.6875,99.95,26.95,2019,759.9,-4.55,-0.02,0.65
2019-01-03,shigu,石鼓,Shigu,0.02,5.51,11.06,0.71,2.9578034127438766,1.35,11993550.0,13389412.0,816.96875,99.95,26.95,2019,758.59,-4.07,0.05,1.28
2019-01-04,shigu,石鼓,Shigu,0.0,5.22,10.62,-0.31,3.310083368519789,1.38,13422600.0,14966636.0,810.625,99.95,26.95,2019,760.09,-6.62,0.15,1.18
2019-01-05,shigu,石鼓,Shigu,0.0,5.74,12.53,-0.59,3.510533181907717,0.89,14941540.0,16650456.0,804.53125,99.95,26.95,2019,760.82,-5.32,-0.39,0.68
2019-01-06,shigu,石鼓,Shigu,0.0,7.03,14.15,0.1,3.667930325445368,1.29,14642218.0,16311320.0,798.625,99.95,26.95,2019,760.26,-3.53,-0.47,1.15
2019-01-07,shigu,石鼓,Shigu,0.03,7.71,14.48,0.92,3.777225939239032,1.08,14768160.0,16449572.0,792.875,99.95,26.95,2019,759.03,-3.65,-0.42,0.94
2019-01-08,shigu,石鼓,Shigu,1.28,5.84,10.04,2.76,1.4880399536910638,0.65,5833282.0,6535372.0,787.46875,99.95,26.95,2019,756.18,-0.36,0.36,0.32
2019-01-09,shigu,石鼓,Shigu,1.01,6.05,11.66,1.54,2.886933844400931,0.98,11915176.0,13409796.0,782.2656,99.95,26.95,2019,756.52,-2.42,0.3,0.86
2019-01-10,shigu,石鼓,Shigu,0.84,5.11,10.78,0.17,2.989750917223996,1.29,12890072.0,14462208.0,778.2031,99.95,26.95,2019,756.9,-3.12,0.04,1.19
2019-01-11,shigu,石鼓,Shigu,0.0,5.5,11.84,0.06,3.4489025114281167,1.11,14908224.0,16671656.0,775.3906,99.95,26.95,2019,758.15,-4.04,-0.27,1.03
2019-01-12,shigu,石鼓,Shigu,0.0,5.81,12.61,0.04,3.5091206278860017,1.42,14861354.0,16589844.0,771.5469,99.95,26.95,2019,758.63,-3.68,-0.61,1.27
2019-01-13,shigu,石鼓,Shigu,0.0,7.27,14.79,0.4,3.911859508221883,1.39,15296272.0,17062776.0,765.7969,99.95,26.95,2019,757.54,-4.38,-0.52,1.25
2019-01-14,shigu,石鼓,Shigu,0.0,7.87,14.71,0.97,3.9942151997979,1.16,15338888.0,17106008.0,759.3125,99.95,26.95,2019,755.78,-4.67,-0.14,1.09
2019-01-15,shigu,石鼓,Shigu,0.0,6.58,12.49,1.43,3.6086471748089113,1.32,14046682.0,15664520.0,752.9531,99.95,26.95,2019,756.11,-5.78,0.08,1.16
2019-01-16,shigu,石鼓,Shigu,0.0,5.4,11.54,0.4,3.795258586148356,1.01,15879432.0,17710980.0,746.78125,99.95,26.95,2019,759.12,-8.89,-0.48,0.83
2019-01-17,shigu,石鼓,Shigu,0.0,7.17,14.17,0.27,4.082813564580307,0.91,15842280.0,17672556.0,740.71875,99.95,26.95,2019,757.71,-9.72,-0.02,0.79
2019-01-18,shigu,石鼓,Shigu,0.0,7.07,13.51,1.17,3.9019404461077984,1.37,15046174.0,16787684.0,734.78125,99.95,26.95,2019,756.65,-5.8,-0.13,1.3
2019-01-19,shigu,石鼓,Shigu,0.17,5.99,11.7,1.16,3.6900322792485016,1.39,15225522.0,16991144.0,729.125,99.95,26.95,2019,757.06,-5.06,-0.36,1.29
2019-01-20,shigu,石鼓,Shigu,0.0,6.01,12.31,0.95,3.8362938692851176,1.09,15820688.0,17658776.0,723.75,99.95,26.95,2019,757.75,-6.89,-0.22,0.97
2019-01-21,shigu,石鼓,Shigu,0.0,6.73,13.4,0.75,3.9409971726814894,1.01,15831838.0,17674700.0,718.46875,99.95,26.95,2019,758.44,-6.75,-0.11,0.91
2019-01-22,shigu,石鼓,Shigu,0.0,7.22,13.7,1.15,3.760566088054273,1.37,14660474.0,16370292.0,713.28125,99.95,26.95,2019,757.89,-4.04,-0.28,1.29
2019-01-23,shigu,石鼓,Shigu,0.0,6.91,13.96,0.8,3.8075294286306094,1.58,15636632.0,17464144.0,708.09375,99.95,26.95,2019,757.57,-2.48,-0.42,1.49
2019-01-24,shigu,石鼓,Shigu,0.0,6.84,13.38,0.47,3.816498000659952,1.61,15672710.0,17508184.0,702.96875,99.95,26.95,2019,758.4,-2.66,-0.51,1.5
2019-01-25,shigu,石鼓,Shigu,0.0,8.59,16.04,1.83,4.159175056867391,1.13,16162308.0,18058616.0,698.15625,99.95,26.95,2019,760.13,-2.09,-0.5,0.98
2019-01-26,shigu,石鼓,Shigu,0.0,9.12,15.98,1.95,4.330510774745565,1.44,15794812.0,17651652.0,693.625,99.95,26.95,2019,759.22,-3.26,-0.12,1.36
2019-01-27,shigu,石鼓,Shigu,0.03,8.53,15.58,2.73,3.977460556956808,1.54,15413892.0,17229556.0,689.09375,99.95,26.95,2019,758.52,-0.77,-0.31,1.45
2019-01-28,shigu,石鼓,Shigu,0.04,8.64,14.92,2.54,3.8483529733935775,1.57,14482098.0,16191152.0,686.21875,99.95,26.95,2019,757.46,-1.06,0.01,1.52
2019-01-29,shigu,石鼓,Shigu,9.61,6.4,11.76,2.32,2.5189455852469047,1.26,11138856.0,12465992.0,688.40625,99.95,26.95,2019,755.43,1.88,0.58,1.05
2019-01-30,shigu,石鼓,Shigu,0.91,3.36,9.22,-2.19,2.8168695809583704,1.39,12157608.0,15504376.0,699.34375,99.95,26.95,2019,758.22,-2.83,-0.14,1.28
2019-01-31,shigu,石鼓,Shigu,0.0,4.84,13.52,-2.05,3.7192399084574936,1.23,15323890.0,18738052.0,714.03125,99.95,26.95,2019,760.63,-4.93,-0.36,1.11
2019-02-01,shigu,石鼓,Shigu,0.0,6.5,14.98,-1.2,4.100121791260589,1.4,16199494.0,19146366.0,717.21875,99.95,26.95,2019,758.66,-4.31,-0.43,1.29
2019-02-02,shigu,石鼓,Shigu,0.0,6.66,14.16,-0.66,4.102913989379173,1.48,16443206.0,18975234.0,708.78125,99.95,26.95,2019,757.26,-4.11,-0.25,1.38
2019-02-03,shigu,石鼓,Shigu,0.0,6.35,13.27,-0.2,4.107642010055407,1.45,16974058.0,19317132.0,696.21875,99.95,26.95,2019,758.83,-4.4,-0.34,1.36
2019-02-04,shigu,石鼓,Shigu,0.0,5.85,12.53,0.47,3.906892025082141,1.59,16799008.0,18974752.0,684.34375,99.95,26.95,2019,758.96,-3.65,-0.44,1.49
2019-02-05,shigu,石鼓,Shigu,0.0,7.24,15.23,0.43,4.342514268748704,1.26,17573516.0,19767476.0,673.96875,99.95,26.95,2019,757.68,-4.37,-0.35,1.13
2019-02-06,shigu,石鼓,Shigu,0.0,7.04,14.65,0.04,4.252171696296934,1.68,17580976.0,19731856.0,664.4375,99.95,26.95,2019,755.52,-3.0,-0.61,1.55
2019-02-07,shigu,石鼓,Shigu,0.01,7.76,15.74,-0.05,4.295126185660287,1.68,17536086.0,19662340.0,655.65625,99.95,26.95,2019,757.52,-1.57,-0.64,1.54
2019-02-08,shigu,石鼓,Shigu,0.0,10.17,17.44,1.19,4.775028694539143,1.61,17548716.0,19670256.0,647.90625,99.95,26.95,2019,757.46,-0.61,-0.48,1.52
2019-02-09,shigu,石鼓,Shigu,0.5,8.91,15.65,2.3,3.3959309078818816,1.64,13403636.0,15025484.0,643.09375,99.95,26.95,2019,757.02,2.49,0.3,1.52
2019-02-10,shigu,石鼓,Shigu,0.64,7.78,14.11,2.57,3.243321750863652,1.48,13585704.0,15232134.0,647.46875,99.95,26.95,2019,759.13,1.92,0.38,1.32
2019-02-11,shigu,石鼓,Shigu,0.0,8.56,15.72,2.28,4.24716103174248,1.32,16413804.0,18405374.0,667.15625,99.95,26.95,2019,760.63,-2.04,-0.16,1.23
2019-02-12,shigu,石鼓,Shigu,0.0,9.11,15.88,1.85,4.8035634523951085,1.49,17854618.0,20023944.0,688.46875,99.95,26.95,2019,761.4,-3.91,-0.21,1.39
2019-02-13,shigu,石鼓,Shigu,0.03,9.06,16.15,2.26,4.783594223470363,1.4,18287718.0,20513788.0,694.09375,99.95,26.95,2019,760.67,-2.65,-0.59,1.24
2019-02-14,shigu,石鼓,Shigu,0.02,9.0,16.45,2.6,4.595531748116212,1.54,17682882.0,19839464.0,686.09375,99.95,26.95,2019,758.49,-1.54,-0.37,1.46
2019-02-15,shigu,石鼓,Shigu,0.06,8.55,15.97,1.74,4.314782946708097,1.74,17240628.0,19347356.0,672.5625,99.95,26.95,2019,758.38,-0.19,-0.26,1.69
2019-02-16,shigu,石鼓,Shigu,5.03,8.46,15.12,1.18,4.296920238086156,1.4,17108116.0,19208228.0,659.0625,99.95,26.95,2019,756.11,-0.84,-0.08,1.37
2019-02-17,shigu,石鼓,Shigu,2.35,4.66,10.97,-0.26,2.766017176599336,1.29,11630198.0,14744148.0,654.84375,99.95,26.95,2019,751.95,-0.47,0.43,1.09
2019-02-18,shigu,石鼓,Shigu,0.38,5.25,11.42,0.15,3.592292805704413,1.46,14833922.0,18028200.0,670.09375,99.95,26.95,2019,752.76,-3.18,-0.21,1.43
2019-02-19,shigu,石鼓,Shigu,1.28,4.9,10.99,-0.1,3.392651905154461,1.35,15095744.0,17956316.0,682.28125,99.95,26.95,2019,755.75,-1.56,-0.01,1.3
2019-02-20,shigu,石鼓,Shigu,1.4,4.45,9.36,0.33,2.445298096013579,1.24,11319690.0,13269376.0,680.875,99.95,26.95,2019,758.35,0.25,-0.14,1.16
2019-02-21,shigu,石鼓,Shigu,0.0,6.73,14.76,0.35,4.165337598412877,1.23,17982310.0,20676364.0,671.34375,99.95,26.95,2019,758.65,-0.75,-0.39,1.12
2019-02-22,shigu,石鼓,Shigu,0.01,7.28,14.82,0.25,4.089686329770577,1.48,17749956.0,20139076.0,658.4375,99.95,26.95,2019,755.29,0.48,-0.37,1.4
2019-02-23,shigu,石鼓,Shigu,0.88,7.37,14.32,2.08,3.3626651484530106,1.31,14608180.0,16486116.0,644.6875,99.95,26.95,2019,754.33,2.08,-0.04,1.29
2019-02-24,shigu,石鼓,Shigu,0.62,7.15,14.21,0.22,3.801312437449016,1.6,16646598.0,18768426.0,634.4375,99.95,26.95,2019,755.65,0.77,-0.04,1.53
2019-02-25,shigu,石鼓,Shigu,1.13,7.7,14.38,0.0,3.8231048822258007,1.42,16229902.0,18299916.0,632.21875,99.95,26.95,2019,755.56,1.09,0.19,1.38
2019-02-26,shigu,石鼓,Shigu,0.71,6.8,12.21,2.47,3.5809665672049587,1.57,15317908.0,17274886.0,636.46875,99.95,26.95,2019,754.89,-0.35,0.45,1.48
2019-02-27,shigu,石鼓,Shigu,1.11,7.45,13.95,2.31,4.089624338150724,1.53,17233156.0,19484538.0,647.375,99.95,26.95,2019,754.77,-0.37,0.23,1.48
2019-02-28,shigu,石鼓,Shigu,3.46,6.27,11.93,2.47,2.901939600858133,1.23,13156640.0,14940888.0,663.40625,99.95,26.95,2019,753.73,1.97,0.93,0.72
2019-03-01,shigu,石鼓,Shigu,1.23,5.45,11.89,-0.52,3.4834604253697377,1.44,15973614.0,18207038.0,680.4375,99.95,26.95,2019,754.54,-0.82,0.18,1.32
2019-03-02,shigu,石鼓,Shigu,1.15,5.27,11.35,-0.41,4.2812237502760215,1.53,19220912.0,21766494.0,695.34375,99.95,26.95,2019,756.19,-4.71,-0.7,1.34
2019-03-03,shigu,石鼓,Shigu,0.02,8.69,16.12,1.21,5.233303507457321,1.17,20496698.0,23146884.0,697.4375,99.95,26.95,2019,753.98,-4.29,-0.16,1.11
2019-03-04,shigu,石鼓,Shigu,1.59,7.12,13.0,2.32,4.341954526358749,1.63,19103478.0,21561154.0,684.96875,99.95,26.95,2019,751.54,-0.26,-0.02,1.59
2019-03-05,shigu,石鼓,Shigu,1.49,7.36,12.81,2.35,4.147539452607432,1.11,17963478.0,20288244.0,666.53125,99.95,26.95,2019,753.49,0.58,0.13,1.06
2019-03-06,shigu,石鼓,Shigu,1.69,8.07,14.56,2.82,4.172084382640785,1.4,16776006.0,19015644.0,650.53125,99.95,26.95,2019,753.56,-0.75,0.32,1.22
2019-03-07,shigu,石鼓,Shigu,3.07,5.54,11.67,0.71,2.5412677797612417,1.12,11324832.0,13101891.0,640.65625,99.95,26.95,2019,754.38,1.12,-0.14,1.06
2019-03-08,shigu,石鼓,Shigu,0.57,7.3,13.93,0.84,4.173263787208487,1.61,17823338.0,20339908.0,635.90625,99.95,26.95,2019,753.65,-0.11,-0.1,1.56
2019-03-09,shigu,石鼓,Shigu,0.9,6.92,13.0,1.29,3.437325272733581,1.33,14572341.0,16553967.0,631.5625,99.95,26.95,2019,754.29,0.2,-0.34,1.28
2019-03-10,shigu,石鼓,Shigu,0.24,7.5,13.83,1.11,3.9005918549246528,1.4,16263025.0,18405296.0,623.8125,99.95,26.95,2019,755.66,-0.17,-0.39,1.32
2019-03-11,shigu,石鼓,Shigu,0.01,8.29,15.13,1.31,4.14198479582488,1.44,16992956.0,19206432.0,611.0,99.95,26.95,2019,756.43,0.7,-0.45,1.35
2019-03-12,shigu,石鼓,Shigu,0.34,8.25,15.01,2.45,3.688111745107324,1.63,15343507.0,17338928.0,597.03125,99.95,26.95,2019,755.92,2.07,-0.45,1.55
2019-03-13,shigu,石鼓,Shigu,0.0,9.57,17.25,1.06,4.696745029395755,1.55,18792240.0,21238832.0,584.875,99.95,26.95,2019,758.16,1.9,-0.62,1.41
2019-03-14,shigu,石鼓,Shigu,0.0,12.29,20.5,1.57,5.3314008100579455,1.27,19473562.0,22013428.0,576.25,99.95,26.95,2019,758.78,3.77,-0.2,1.19
2019-03-15,shigu,石鼓,Shigu,0.52,11.92,19.66,5.05,4.912870234792775,1.58,18204920.0,20584708.0,571.34375,99.95,26.95,2019,758.66,4.45,-0.09,1.53
2019-03-16,shigu,石鼓,Shigu,1.84,10.46,17.43,4.18,4.470260991694745,1.62,17454220.0,19740448.0,572.71875,99.95,26.95,2019,757.94,3.69,-0.15,1.58
2019-03-17,shigu,石鼓,Shigu,0.67,9.19,16.55,1.91,4.6556247487061375,1.63,19056480.0,21801684.0,587.5,99.95,26.95,2019,759.03,2.35,-0.44,1.55
2019-03-18,shigu,石鼓,Shigu,0.99,11.23,19.09,2.06,5.506723935526999,1.51,20220390.0,22985974.0,611.875,99.95,26.95,2019,756.56,0.99,-0.1,1.47
2019-03-19,shigu,石鼓,Shigu,1.08,7.49,13.83,0.67,4.189772661772401,1.73,18247904.0,20737216.0,632.6875,99.95,26.95,2019,754.91,0.84,-0.0,1.6
2019-03-20,shigu,石鼓,Shigu,0.7,7.76,15.09,0.99,4.473871212502386,1.59,19496562.0,22107368.0,653.15625,99.95,26.95,2019,754.98,1.06,-0.03,1.53
2019-03-21,shigu,石鼓,Shigu,0.65,8.62,16.14,1.72,4.768152466631387,1.84,19553894.0,22152506.0,666.8125,99.95,26.95,2019,755.72,0.22,-0.41,1.76
2019-03-22,shigu,石鼓,Shigu,1.04,9.46,16.99,1.54,5.0023035977514185,1.57,20329492.0,23026668.0,669.53125,99.95,26.95,2019,756.45,1.74,-0.25,1.51
2019-03-23,shigu,石鼓,Shigu,3.67,8.99,15.19,2.93,4.532758660398095,1.3,19021982.0,21548174.0,664.71875,99.95,26.95,2019,756.36,2.98,0.28,1.12
2019-03-24,shigu,石鼓,Shigu,2.03,9.36,16.0,1.53,5.246694790591445,1.56,20645986.0,23644050.0,659.875,99.95,26.95,2019,757.27,-0.12,-0.47,1.46
2019-03-25,shigu,石鼓,Shigu,0.0,11.44,19.24,1.2,6.050982075428793,1.49,22507056.0,25576788.0,659.40625,99.95,26.95,2019,758.02,1.02,-0.19,1.41
2019-03-26,shigu,石鼓,Shigu,0.09,12.6,19.65,4.38,6.447888554546747,1.57,22959934.0,26038018.0,653.0625,99.95,26.95,2019,759.09,1.14,-0.24,1.51
2019-03-27,shigu,石鼓,Shigu,2.53,10.62,17.59,3.83,4.912844384966876,1.63,18981452.0,21521670.0,643.1875,99.95,26.95,2019,758.27,2.93,-0.13,1.57
2019-03-28,shigu,石鼓,Shigu,1.17,8.93,15.59,0.89,4.702286697790441,1.07,18889948.0,21421860.0,636.28125,99.95,26.95,2019,756.75,0.31,-0.42,0.95
2019-03-29,shigu,石鼓,Shigu,0.0,12.58,21.27,1.47,6.807237166633271,1.34,23897714.0,27104570.0,632.03125,99.95,26.95,2019,755.99,-1.57,-0.41,1.24
2019-03-30,shigu,石鼓,Shigu,0.06,12.89,20.35,3.9,5.9824349494236415,1.59,21216506.0,24068964.0,625.0625,99.95,26.95,2019,756.25,2.99,-0.56,1.46
2019-03-31,shigu,石鼓,Shigu,1.86,11.24,19.17,4.27,4.671903517489208,1.05,18349984.0,20821938.0,616.28125,99.95,26.95,2019,758.34,6.11,-0.0,0.94
2019-04-01,shigu,石鼓,Shigu,3.45,10.33,17.06,5.17,3.872508794310445,1.26,15655120.0,17767802.0,611.0,99.95,26.95,2019,758.14,5.88,0.18,1.11
2019-04-02,shigu,石鼓,Shigu,1.53,9.88,16.64,4.24,4.481436712477981,1.56,18205772.0,20666784.0,617.71875,99.95,26.95,2019,757.94,3.85,-0.16,1.5
2019-04-03,shigu,石鼓,Shigu,5.82,7.09,11.22,4.17,2.2333321729148063,0.81,9681010.0,11006614.0,634.09375,99.95,26.95,2019,758.23,3.89,-0.11,0.59
2019-04-04,shigu,石鼓,Shigu,0.2,11.01,18.0,4.3,4.670751053576812,1.29,17167570.0,19563994.0,647.625,99.95,26.95,2019,758.26,2.34,-0.05,1.19
2019-04-05,shigu,石鼓,Shigu,10.07,5.88,10.42,2.62,1.7448697210859312,0.91,8197312.0,9356610.0,660.3125,99.95,26.95,2019,759.58,4.2,-0.62,0.64
2019-04-06,shigu,石鼓,Shigu,0.0,10.72,18.66,2.79,6.454829443425641,1.31,23965578.0,27377190.0,677.8125,99.95,26.95,2019,758.94,-2.89,-0.63,1.11
2019-04-07,shigu,石鼓,Shigu,0.02,13.27,20.92,3.15,6.761719453615799,1.38,23362734.0,26594818.0,693.3125,99.95,26.95,2019,756.5,0.45,-0.03,1.31
2019-04-08,shigu,石鼓,Shigu,0.54,10.9,17.96,3.72,4.879265159781352,1.72,19196458.0,21829984.0,700.84375,99.95,26.95,2019,754.67,4.46,-0.13,1.66
2019-04-09,shigu,石鼓,Shigu,0.51,12.29,18.73,4.59,5.584978619695836,1.42,20667300.0,23499702.0,706.75,99.95,26.95,2019,756.28,4.33,-0.09,1.37
2019-04-10,shigu,石鼓,Shigu,0.87,11.9,18.73,3.28,5.602538518977416,1.63,20806322.0,23661206.0,710.0,99.95,26.95,2019,756.08,3.4,-0.17,1.57
2019-04-11,shigu,石鼓,Shigu,0.03,13.53,21.54,4.46,6.916508642730534,1.13,24002186.0,27300928.0,711.40625,99.95,26.95,2019,755.99,0.69,-0.28,1.05
2019-04-12,shigu,石鼓,Shigu,0.16,13.92,22.15,3.58,6.869427566662046,1.63,23965074.0,27264572.0,709.0,99.95,26.95,2019,756.27,3.44,-0.47,1.54
2019-04-13,shigu,石鼓,Shigu,0.01,16.02,24.44,4.97,7.353137675716202,1.36,23836402.0,27124138.0,703.0,99.95,26.95,2019,757.09,3.76,-0.26,1.29
2019-04-14,shigu,石鼓,Shigu,0.85,14.38,22.94,6.81,5.971511640713836,1.25,20830194.0,23708860.0,694.21875,99.95,26.95,2019,757.61,6.34,-0.08,1.17
2019-04-15,shigu,石鼓,Shigu,0.56,14.42,21.94,7.97,5.646808727206464,1.45,19436158.0,22127028.0,688.1875,99.95,26.95,2019,756.98,6.44,-0.18,1.41
2019-04-16,shigu,石鼓,Shigu,2.08,13.56,21.89,6.43,5.371299404041807,1.24,19454286.0,22149640.0,694.90625,99.95,26.95,2019,757.59,7.13,-0.12,1.16
2019-04-17,shigu,石鼓,Shigu,0.21,13.88,20.96,8.01,4.871108317129567,1.74,16871256.0,19210684.0,721.125,99.95,26.95,2019,756.33,6.97,-0.44,1.68
2019-04-18,shigu,石鼓,Shigu,0.03,13.82,21.3,6.92,5.228244278049698,2.01,17836282.0,20311154.0,765.75,99.95,26.95,2019,754.85,5.86,-0.52,1.92
2019-04-19,shigu,石鼓,Shigu,0.01,14.71,22.41,7.23,6.746244212579384,1.95,22160988.0,25238040.0,821.125,99.95,26.95,2019,754.63,3.24,-0.43,1.88
2019-04-20,shigu,石鼓,Shigu,0.0,15.1,22.73,5.04,6.599569247697206,1.7,21421740.0,24398158.0,873.0,99.95,26.95,2019,754.38,3.66,-0.33,1.65
2019-04-21,shigu,石鼓,Shigu,0.97,13.49,19.9,4.87,6.385831186615799,1.57,22025194.0,25087704.0,911.0625,99.95,26.95,2019,755.12,2.51,0.03,1.52
2019-04-22,shigu,石鼓,Shigu,0.1,15.49,22.74,5.97,7.325666493902219,1.51,23892294.0,27216804.0,932.03125,99.95,26.95,2019,756.12,2.94,-0.19,1.48
2019-04-23,shigu,石鼓,Shigu,0.15,15.25,22.51,6.2,7.5613836578315645,1.78,24524818.0,27939778.0,941.84375,99.95,26.95,2019,757.36,1.77,-0.21,1.74
2019-04-24,shigu,石鼓,Shigu,0.1,16.08,23.91,7.23,7.62325264222541,1.49,24551086.0,27972068.0,954.59375,99.95,26.95,2019,757.38,3.24,-0.53,1.38
2019-04-25,shigu,石鼓,Shigu,2.64,15.58,24.42,6.42,6.648264598544077,0.93,22616694.0,25770314.0,977.25,99.95,26.95,2019,757.56,7.04,-0.1,0.69
2019-04-26,shigu,石鼓,Shigu,1.25,15.74,24.68,7.4,6.780465294590808,1.19,23054640.0,26271850.0,1010.625,99.95,26.95,2019,756.18,7.41,-0.05,1.12
2019-04-27,shigu,石鼓,Shigu,0.13,16.76,23.95,9.03,6.812023606667447,1.71,21527776.0,24534494.0,1052.0312,99.95,26.95,2019,755.2,6.48,-0.31,1.67
2019-04-28,shigu,石鼓,Shigu,0.35,16.68,23.41,9.45,6.138896538379147,1.6,19585246.0,22322310.0,1094.7188,99.95,26.95,2019,755.21,7.89,-0.21,1.57
2019-04-29,shigu,石鼓,Shigu,0.55,14.9,20.25,9.83,4.122401262432617,1.28,13571838.0,15470426.0,1148.25,99.95,26.95,2019,755.73,8.44,-0.0,1.24
2019-04-30,shigu,石鼓,Shigu,1.8,15.79,21.64,11.07,5.010928861419654,1.14,16540278.0,18855714.0,1242.7812,99.95,26.95,2019,755.68,8.73,0.25,1.07
2019-05-01,shigu,石鼓,Shigu,0.25,14.66,22.0,9.53,5.386497454861679,1.67,18567136.0,21167592.0,1418.6562,99.95,26.95,2019,755.23,7.68,0.04,1.65
2019-05-02,shigu,石鼓,Shigu,0.29,14.45,20.97,7.1,4.611954739190028,1.52,15698722.0,17899064.0,1694.3125,99.95,26.95,2019,756.85,7.99,-0.28,1.47
2019-05-03,shigu,石鼓,Shigu,0.05,17.03,23.9,9.25,5.950050269040668,1.7,18665224.0,21282868.0,1989.6875,99.95,26.95,2019,756.65,8.51,-0.38,1.65
2019-05-04,shigu,石鼓,Shigu,0.55,16.96,22.38,11.51,4.246851905255444,1.48,12918544.0,14732152.0,2220.75,99.95,26.95,2019,756.19,10.19,-0.18,1.46
2019-05-05,shigu,石鼓,Shigu,2.14,16.91,21.87,12.66,4.076655304303859,1.2,13070026.0,14905760.0,2414.625,99.95,26.95,2019,754.12,11.59,0.34,1.13
2019-05-06,shigu,石鼓,Shigu,0.21,17.12,24.11,9.52,5.805473941491147,1.6,17795872.0,20297192.0,2641.3438,99.95,26.95,2019,753.41,7.89,0.08,1.54
2019-05-07,shigu,石鼓,Shigu,0.02,16.43,22.84,9.6,6.0599019292561485,1.78,18612534.0,21230468.0,2900.0938,99.95,26.95,2019,753.35,6.14,-0.36,1.73
2019-05-08,shigu,石鼓,Shigu,0.12,16.86,22.66,11.18,5.520378992324948,1.56,16690930.0,19040244.0,3147.8438,99.95,26.95,2019,753.09,7.24,0.17,1.54
2019-05-09,shigu,石鼓,Shigu,0.25,16.3,21.88,11.28,5.537757434475416,1.58,17452576.0,19910756.0,3350.6562,99.95,26.95,2019,753.98,7.64,0.3,1.54
2019-05-10,shigu,石鼓,Shigu,0.57,15.2,20.82,10.39,4.9984051921553165,1.46,16439888.0,18757458.0,3504.0938,99.95,26.95,2019,756.35,7.68,-0.0,1.44
2019-05-11,shigu,石鼓,Shigu,0.04,16.26,22.07,8.91,5.2149496230562,1.62,16232926.0,18523016.0,3602.125,99.95,26.95,2019,756.64,7.82,-0.04,1.59
2019-05-12,shigu,石鼓,Shigu,0.32,17.52,24.72,9.48,6.761187097977931,1.64,20904090.0,23854840.0,3567.75,99.95,26.95,2019,756.13,7.41,0.01,1.6
2019-05-13,shigu,石鼓,Shigu,0.13,17.13,23.98,8.23,6.745344153769874,1.66,20896164.0,23847834.0,3465.5625,99.95,26.95,2019,755.91,6.56,-0.15,1.63
2019-05-14,shigu,石鼓,Shigu,0.25,17.46,23.88,10.06,7.258350430184281,1.77,22369842.0,25532102.0,3379.1875,99.95,26.95,2019,754.81,6.31,-0.23,1.74
2019-05-15,shigu,石鼓,Shigu,0.0,18.04,24.95,9.94,7.024116040534676,1.71,20569230.0,23479196.0,3305.2812,99.95,26.95,2019,755.04,5.52,-0.19,1.68
2019-05-16,shigu,石鼓,Shigu,0.0,18.19,25.48,10.43,7.677628253275032,1.92,22966496.0,26219802.0,3212.9688,99.95,26.95,2019,754.18,6.14,-0.37,1.87
2019-05-17,shigu,石鼓,Shigu,0.02,17.96,25.49,10.17,6.469726358641831,1.78,19175326.0,21895274.0,3102.375,99.95,26.95,2019,753.58,7.48,-0.24,1.75
2019-05-18,shigu,石鼓,Shigu,0.0,18.54,26.08,11.05,6.9607800981907415,1.95,20628978.0,23559444.0,2995.3438,99.95,26.95,2019,753.63,8.22,-0.35,1.9
2019-05-19,shigu,石鼓,Shigu,0.01,19.0,25.8,10.6,6.6301819248960445,1.58,19034704.0,21742948.0,2918.8125,99.95,26.95,2019,756.55,7.6,-0.22,1.55
2019-05-20,shigu,石鼓,Shigu,0.0,19.5,27.19,11.19,8.339716924248338,1.66,24118860.0,27553744.0,2898.0312,99.95,26.95,2019,756.64,5.52,-0.09,1.64
2019-05-21,shigu,石鼓,Shigu,0.03,19.28,27.02,11.88,8.384740775297146,1.68,24700320.0,28222520.0,2939.9688,99.95,26.95,2019,756.33,6.13,-0.15,1.65
2019-05-22,shigu,石鼓,Shigu,0.52,18.01,24.83,9.75,6.499860514706596,1.19,19944978.0,22792528.0,3004.5625,99.95,26.95,2019,756.52,7.76,0.24,1.08
2019-05-23,shigu,石鼓,Shigu,0.51,18.88,25.57,11.56,7.735221921089496,1.49,23444574.0,26797184.0,3068.3438,99.95,26.95,2019,755.23,7.77,-0.0,1.47
2019-05-24,shigu,石鼓,Shigu,0.66,17.8,24.2,10.97,6.839942774177625,1.6,21279402.0,24326984.0,3131.7188,99.95,26.95,2019,753.63,8.32,-0.06,1.59
2019-05-25,shigu,石鼓,Shigu,0.42,18.09,24.75,12.09,6.065400526338839,1.58,18413216.0,21054004.0,3188.5312,99.95,26.95,2019,752.58,9.29,-0.22,1.55
2019-05-26,shigu,石鼓,Shigu,0.23,19.22,25.64,12.95,6.448546425892985,1.18,19146614.0,21896600.0,3239.8438,99.95,26.95,2019,753.69,9.08,0.1,1.09
2019-05-27,shigu,石鼓,Shigu,1.19,19.94,27.26,13.84,6.597742309640952,0.76,19451402.0,22244744.0,3274.1562,99.95,26.95,2019,755.05,7.74,0.3,-0.07
2019-05-28,shigu,石鼓,Shigu,0.16,21.45,27.28,14.57,7.569428696598663,0.96,21101388.0,24138504.0,3309.0625,99.95,26.95,2019,754.67,6.15,0.58,0.6
2019-05-29,shigu,石鼓,Shigu,0.02,20.34,27.3,11.49,7.180948222286492,1.45,19940688.0,22813344.0,3335.125,99.95,26.95,2019,753.89,7.37,0.14,1.41
2019-05-30,shigu,石鼓,Shigu,0.29,20.6,26.18,13.39,7.501507693563943,1.2,21320290.0,24397328.0,3356.25,99.95,26.95,2019,754.35,7.54,0.23,1.14
2019-05-31,shigu,石鼓,Shigu,0.05,20.95,27.85,13.92,8.071893866422991,1.31,22320996.0,25545452.0,3377.1875,99.95,26.95,2019,753.98,5.45,0.33,1.25
2019-06-01,shigu,石鼓,Shigu,5.18,15.16,20.45,11.16,3.7719618958198304,0.77,12591774.0,14414052.0,3403.4062,99.95,26.95,2019,756.9,9.54,-0.17,-0.05
2019-06-02,shigu,石鼓,Shigu,1.84,17.72,24.1,11.82,7.115078640240247,0.61,23032294.0,26369680.0,3459.8438,99.95,26.95,2019,756.34,9.03,0.19,0.21
2019-06-03,shigu,石鼓,Shigu,6.88,17.72,26.05,13.14,6.0844849454478,0.78,19961054.0,22857576.0,3467.25,99.95,26.95,2019,755.42,11.91,0.16,0.41
2019-06-04,shigu,石鼓,Shigu,0.69,17.73,23.34,11.11,6.236721954965358,1.4,20034686.0,22946568.0,3376.9688,99.95,26.95,2019,753.88,10.6,0.17,1.34
2019-06-05,shigu,石鼓,Shigu,0.0,20.0,26.38,12.69,6.704079302033542,1.37,19105610.0,21884620.0,3231.125,99.95,26.95,2019,753.83,8.93,0.04,1.27
2019-06-06,shigu,石鼓,Shigu,0.19,20.53,27.11,13.4,7.418363433933201,1.25,22131506.0,25355544.0,3094.8125,99.95,26.95,2019,755.37,11.44,0.27,1.15
2019-06-07,shigu,石鼓,Shigu,0.39,20.48,27.76,13.75,7.288046794666678,1.41,21576224.0,24723744.0,3002.6562,99.95,26.95,2019,755.55,11.39,0.11,1.39
2019-06-08,shigu,石鼓,Shigu,0.12,19.85,25.8,14.2,6.306410166681958,1.62,18308648.0,20983692.0,2951.9688,99.95,26.95,2019,754.01,11.09,0.08,1.61
2019-06-09,shigu,石鼓,Shigu,0.84,19.54,25.52,14.79,5.72649868410014,1.47,17163316.0,19674140.0,2919.0,99.95,26.95,2019,753.06,12.43,0.0,1.46
2019-06-10,shigu,石鼓,Shigu,0.35,19.91,27.41,13.59,6.095149177098798,1.39,18004792.0,20642932.0,2900.1875,99.95,26.95,2019,752.94,11.89,-0.02,1.37
2019-06-11,shigu,石鼓,Shigu,0.09,21.14,28.44,13.92,7.585737517933931,1.58,21455516.0,24601588.0,2920.4062,99.95,26.95,2019,752.8,10.37,-0.06,1.55
2019-06-12,shigu,石鼓,Shigu,0.2,23.09,29.14,15.54,8.12432910931831,0.77,22715544.0,26049060.0,2974.5625,99.95,26.95,2019,753.47,9.21,0.34,0.47
2019-06-13,shigu,石鼓,Shigu,7.9,20.77,27.92,15.45,6.161694844600681,0.8,18595968.0,21328800.0,3027.5625,99.95,26.95,2019,753.32,13.85,0.57,0.27
2019-06-14,shigu,石鼓,Shigu,5.21,19.28,25.54,15.29,5.082883439803196,1.03,15934926.0,18280536.0,3060.0312,99.95,26.95,2019,752.51,14.25,0.29,0.95
2019-06-15,shigu,石鼓,Shigu,11.34,17.24,20.43,14.75,2.423746491704565,0.86,7976646.0,9151720.0,3066.9688,99.95,26.95,2019,752.74,14.98,0.25,0.82
2019-06-16,shigu,石鼓,Shigu,1.34,19.6,24.55,14.64,5.167992084135653,0.94,15890174.0,18239880.0,3066.7188,99.95,26.95,2019,752.32,13.83,0.22,0.86
2019-06-17,shigu,石鼓,Shigu,7.87,19.35,24.44,14.03,5.275948217382924,0.81,16524448.0,18971924.0,3096.0,99.95,26.95,2019,753.32,14.05,0.32,0.57
2019-06-18,shigu,石鼓,Shigu,0.08,21.79,27.32,15.26,7.311162052730571,1.05,21175552.0,24317188.0,3189.9688,99.95,26.95,2019,753.02,12.48,0.41,0.74
2019-06-19,shigu,石鼓,Shigu,0.7,20.58,26.22,15.48,6.198552315896822,1.22,18524622.0,21279708.0,3356.4688,99.95,26.95,2019,753.46,13.58,0.44,1.08
2019-06-20,shigu,石鼓,Shigu,0.23,20.24,26.22,14.56,6.042985980219791,1.57,18124304.0,20825460.0,3574.0312,99.95,26.95,2019,753.92,13.64,-0.03,1.57
2019-06-21,shigu,石鼓,Shigu,0.14,20.73,26.95,15.15,6.064941037845385,1.61,17566592.0,20192156.0,3786.0938,99.95,26.95,2019,753.97,13.34,-0.16,1.6
2019-06-22,shigu,石鼓,Shigu,0.89,21.02,27.72,16.56,5.828991162073437,1.33,17076202.0,19633564.0,3932.9375,99.95,26.95,2019,753.97,14.31,-0.23,1.29
2019-06-23,shigu,石鼓,Shigu,5.83,20.66,25.82,16.17,5.508352245730518,0.73,16646474.0,19143800.0,4006.2188,99.95,26.95,2019,754.36,14.59,0.2,0.47
2019-06-24,shigu,石鼓,Shigu,3.05,21.02,26.73,16.47,5.1828530542063165,0.82,15157774.0,17436792.0,4049.0312,99.95,26.95,2019,753.95,14.03,0.05,0.78
2019-06-25,shigu,石鼓,Shigu,18.08,17.51,20.92,15.26,2.490411009763512,0.65,8210596.0,9447820.0,4094.4062,99.95,26.95,2019,754.44,15.54,0.33,0.33
2019-06-26,shigu,石鼓,Shigu,1.73,19.46,24.75,15.81,4.868397182087263,1.07,15366472.0,17687324.0,4170.125,99.95,26.95,2019,751.52,15.29,0.18,1.03
2019-06-27,shigu,石鼓,Shigu,0.27,20.72,26.03,16.39,5.800488672292602,1.56,17033482.0,19612804.0,4306.8125,99.95,26.95,2019,749.41,14.2,-0.1,1.55
2019-06-28,shigu,石鼓,Shigu,0.92,21.63,26.4,17.31,6.3046391704740685,0.98,18371446.0,21158892.0,4452.6562,99.95,26.95,2019,750.53,14.08,0.3,0.87
2019-06-29,shigu,石鼓,Shigu,21.55,18.78,25.22,15.25,4.625825245058187,0.68,14940008.0,17211384.0,4556.6875,99.95,26.95,2019,752.21,15.46,0.35,0.29
2019-06-30,shigu,石鼓,Shigu,14.37,17.1,20.96,14.4,3.485432592108848,0.99,11819266.0,13617092.0,4668.8438,99.95,26.95,2019,754.43,14.7,0.43,-0.75
2019-07-01,shigu,石鼓,Shigu,1.98,16.14,18.41,14.23,2.3044794101121067,0.76,7659252.0,8828212.0,4877.4062,99.95,26.95,2019,756.16,13.67,0.43,-0.58
2019-07-02,shigu,石鼓,Shigu,9.89,18.94,22.74,15.33,4.448818559039827,0.61,13988606.0,16131792.0,5185.8438,99.95,26.95,2019,755.05,14.4,0.52,0.14
2019-07-03,shigu,石鼓,Shigu,21.47,18.08,23.28,15.57,4.1300744035481545,0.54,13775100.0,15889788.0,5526.9688,99.95,26.95,2019,754.05,16.54,0.4,-0.2
2019-07-04,shigu,石鼓,Shigu,10.87,16.3,18.77,14.89,1.857832000825144,0.51,6464996.0,7457836.0,5882.4688,99.95,26.95,2019,754.31,15.78,0.31,-0.36
2019-07-05,shigu,石鼓,Shigu,13.77,16.1,19.08,14.77,2.159792322752015,0.42,7468480.0,8620268.0,6316.2812,99.95,26.95,2019,753.24,15.38,0.27,-0.15
2019-07-06,shigu,石鼓,Shigu,10.8,16.98,20.19,14.51,3.27946486633485,0.73,11337296.0,13087500.0,6739.375,99.95,26.95,2019,751.85,15.75,0.45,0.51
2019-07-07,shigu,石鼓,Shigu,0.77,18.35,22.73,15.2,3.3895591906071822,1.11,10466306.0,12087372.0,7029.7812,99.95,26.95,2019,751.94,14.34,0.29,1.03
2019-07-08,shigu,石鼓,Shigu,9.6,17.42,20.22,14.09,2.804314566866167,0.87,9196516.0,10623480.0,7266.6562,99.95,26.95,2019,753.14,14.99,0.07,0.81
2019-07-09,shigu,石鼓,Shigu,22.35,15.56,17.31,13.22,1.5255788381784918,0.43,5340152.0,6170452.0,7576.3438,99.95,26.95,2019,753.72,15.06,-0.06,0.37
2019-07-10,shigu,石鼓,Shigu,13.32,16.29,18.47,13.99,2.526035239432747,0.5,8483374.0,9805316.0,7793.9375,99.95,26.95,2019,752.96,14.19,0.28,0.24
2019-07-11,shigu,石鼓,Shigu,9.72,16.69,19.76,14.67,2.841734282305307,0.72,9682816.0,11195224.0,7742.0,99.95,26.95,2019,753.51,15.0,0.37,0.55
2019-07-12,shigu,石鼓,Shigu,16.14,16.65,21.3,14.38,3.4660004342781283,0.72,12090010.0,13981692.0,7638.5312,99.95,26.95,2019,753.54,15.5,0.45,0.42
2019-07-13,shigu,石鼓,Shigu,7.75,16.19,18.91,13.96,2.812192971915413,0.69,9800642.0,11337786.0,7653.0625,99.95,26.95,2019,753.24,14.95,0.45,0.47
2019-07-14,shigu,石鼓,Shigu,1.53,17.05,20.11,14.56,3.274793672263168,0.8,10840102.0,12545980.0,7754.8125,99.95,26.95,2019,751.86,14.28,0.31,0.71
2019-07-15,shigu,石鼓,Shigu,0.77,18.75,23.7,14.26,4.993037016579674,0.94,15892452.0,18397526.0,7837.5,99.95,26.95,2019,751.97,14.36,0.24,0.85
2019-07-16,shigu,石鼓,Shigu,1.86,18.56,24.08,13.69,4.635924869265285,0.94,14821038.0,17150168.0,7830.6875,99.95,26.95,2019,753.03,14.5,0.05,0.86
2019-07-17,shigu,石鼓,Shigu,1.23,20.19,25.73,15.02,5.383577869950041,0.83,16172292.0,18704776.0,7802.1875,99.95,26.95,2019,753.37,13.8,0.2,0.5
2019-07-18,shigu,石鼓,Shigu,0.46,20.33,26.5,15.39,5.932079826660536,0.84,18063208.0,20883472.0,7726.6562,99.95,26.95,2019,753.35,14.31,0.12,0.49
2019-07-19,shigu,石鼓,Shigu,6.29,19.57,24.36,15.88,5.314638066678817,0.76,16608494.0,19193350.0,7529.4688,99.95,26.95,2019,754.14,14.79,0.17,0.39
2019-07-20,shigu,石鼓,Shigu,19.43,17.84,21.67,15.54,3.753947321017158,0.58,12451484.0,14381598.0,7300.5625,99.95,26.95,2019,754.97,15.8,0.25,0.09
2019-07-21,shigu,石鼓,Shigu,5.54,18.53,23.62,15.61,4.465426265865946,0.65,14546744.0,16796200.0,7117.75,99.95,26.95,2019,753.82,15.7,0.32,0.47
2019-07-22,shigu,石鼓,Shigu,25.03,18.47,23.57,15.4,3.9492196811145504,0.67,12688778.0,14645500.0,6941.3594,99.95,26.95,2019,753.16,15.17,0.1,0.52
2019-07-23,shigu,石鼓,Shigu,17.94,16.91,19.5,14.64,2.591657099236152,0.42,8780356.0,10129118.0,6887.5156,99.95,26.95,2019,753.72,15.89,0.15,-0.13
2019-07-24,shigu,石鼓,Shigu,24.29,17.6,22.43,14.91,4.705714682888416,0.65,15952840.0,18397928.0,6997.9062,99.95,26.95,2019,754.88,15.74,0.29,-0.45
2019-07-25,shigu,石鼓,Shigu,15.55,16.48,21.02,14.71,3.057104854023124,0.36,10396070.0,11985954.0,7090.953,99.95,26.95,2019,755.77,15.12,0.14,-0.13
2019-07-26,shigu,石鼓,Shigu,9.31,17.03,20.37,14.93,3.8637788928635457,0.69,13340472.0,15372254.0,7098.1875,99.95,26.95,2019,754.43,15.61,0.49,0.05
2019-07-27,shigu,石鼓,Shigu,12.77,17.9,23.6,14.57,4.966018405011648,0.67,16659880.0,19189884.0,6910.422,99.95,26.95,2019,754.6,15.53,0.24,0.41
2019-07-28,shigu,石鼓,Shigu,6.36,18.52,24.2,15.28,4.797093805751532,0.81,15899166.0,18305594.0,6588.6875,99.95,26.95,2019,754.86,15.93,0.29,0.63
2019-07-29,shigu,石鼓,Shigu,16.43,17.31,22.24,15.1,2.99311177220578,0.63,9946962.0,11447412.0,6250.7188,99.95,26.95,2019,755.0,15.07,0.13,0.53
2019-07-30,shigu,石鼓,Shigu,18.03,17.25,21.94,14.15,4.081798030158199,0.56,13895430.0,15984956.0,6018.9688,99.95,26.95,2019,755.45,15.63,0.28,-0.36
2019-07-31,shigu,石鼓,Shigu,12.57,16.94,20.79,14.09,3.839167323519837,0.64,13152464.0,15124632.0,5980.5938,99.95,26.95,2019,755.96,15.1,0.26,-0.47
2019-08-01,shigu,石鼓,Shigu,2.59,17.55,21.42,13.89,4.531334298761784,0.67,15035416.0,17281946.0,6034.2812,99.95,26.95,2019,755.3,14.15,0.34,-0.32
2019-08-02,shigu,石鼓,Shigu,13.68,17.81,23.16,13.9,5.357837260150176,0.59,17912808.0,20581692.0,6018.047,99.95,26.95,2019,753.63,14.95,0.22,0.03
2019-08-03,shigu,石鼓,Shigu,16.14,17.82,23.75,14.57,4.811645475906504,0.58,16163066.0,18562956.0,5841.1094,99.95,26.95,2019,753.71,15.63,0.17,-0.17
2019-08-04,shigu,石鼓,Shigu,3.79,17.9,22.57,14.71,4.329363719280551,0.77,14543596.0,16696882.0,5669.5312,99.95,26.95,2019,754.3,15.5,0.42,-0.57
2019-08-05,shigu,石鼓,Shigu,3.5,17.73,22.16,15.01,4.833811224585556,0.77,16386370.0,18804128.0,5520.328,99.95,26.95,2019,754.86,15.29,0.48,-0.58
2019-08-06,shigu,石鼓,Shigu,9.34,17.57,22.36,14.81,4.344137588997501,0.62,14718434.0,16883196.0,5411.1406,99.95,26.95,2019,755.03,15.58,0.49,-0.18
2019-08-07,shigu,石鼓,Shigu,10.83,16.98,21.44,14.49,3.4634891717489102,0.49,11866812.0,13606274.0,5493.9375,99.95,26.95,2019,754.36,15.72,0.22,0.13
2019-08-08,shigu,石鼓,Shigu,19.77,18.26,23.53,14.92,4.971302817174762,0.54,16494264.0,18905000.0,5649.25,99.95,26.95,2019,753.95,15.78,0.28,0.02
2019-08-09,shigu,石鼓,Shigu,5.89,16.64,21.33,13.37,3.3713945058189494,0.54,11656844.0,13355806.0,5693.75,99.95,26.95,2019,755.03,15.27,-0.05,-0.2
2019-08-10,shigu,石鼓,Shigu,4.05,18.76,23.09,14.94,5.059207326954578,0.61,16589574.0,18998418.0,5738.3438,99.95,26.95,2019,755.52,15.85,-0.12,-0.3
2019-08-11,shigu,石鼓,Shigu,0.28,20.36,24.88,15.52,7.132534757016151,0.68,21968098.0,25147486.0,5742.0625,99.95,26.95,2019,754.98,12.78,0.22,-0.15
2019-08-12,shigu,石鼓,Shigu,0.78,20.22,25.77,13.93,7.284819194811058,0.73,22863044.0,26161100.0,5476.5,99.95,26.95,2019,754.93,14.12,0.21,0.23
2019-08-13,shigu,石鼓,Shigu,6.04,20.2,25.8,14.76,6.716357246077143,0.74,20891886.0,23895554.0,5128.0,99.95,26.95,2019,754.89,13.78,0.09,0.45
2019-08-14,shigu,石鼓,Shigu,4.09,17.37,20.93,13.23,3.7619835695683017,0.51,12504216.0,14296474.0,4858.6562,99.95,26.95,2019,756.71,14.36,-0.0,-0.02
2019-08-15,shigu,石鼓,Shigu,3.96,17.97,23.92,12.12,5.50190422201279,0.66,18462092.0,21100496.0,4689.625,99.95,26.95,2019,755.79,14.92,0.04,0.03
2019-08-16,shigu,石鼓,Shigu,0.29,20.12,25.87,13.41,6.713174254273543,0.74,20850740.0,23817824.0,4553.453,99.95,26.95,2019,754.8,13.29,0.14,-0.07
2019-08-17,shigu,石鼓,Shigu,0.09,21.58,27.45,15.43,7.812865840447878,0.78,23553634.0,26891426.0,4382.9688,99.95,26.95,2019,754.57,13.42,0.38,-0.01
2019-08-18,shigu,石鼓,Shigu,0.12,21.2,26.29,16.57,5.805329377594628,0.89,17215736.0,19646314.0,4151.422000000001,99.95,26.95,2019,754.53,14.08,0.11,0.76
2019-08-19,shigu,石鼓,Shigu,1.77,20.78,25.53,16.83,5.221756926220645,0.78,15799164.0,18020710.0,3899.7344,99.95,26.95,2019,754.91,14.89,0.34,0.43
2019-08-20,shigu,石鼓,Shigu,2.81,19.03,24.31,15.72,4.767264991290231,0.54,15414794.0,17574008.0,3666.6562,99.95,26.95,2019,755.94,15.52,0.35,-0.06
2019-08-21,shigu,石鼓,Shigu,4.37,17.88,23.06,14.56,4.26916932458915,0.62,14383376.0,16389732.0,3511.4219,99.95,26.95,2019,756.67,15.61,0.42,-0.06
2019-08-22,shigu,石鼓,Shigu,25.03,17.05,21.94,14.4,3.7621070179692455,0.75,13163070.0,14991302.0,3491.4219,99.95,26.95,2019,756.79,15.58,0.42,-0.47
2019-08-23,shigu,石鼓,Shigu,7.81,16.76,20.83,13.35,4.882682878654479,0.8,17167110.0,19542998.0,3544.9375,99.95,26.95,2019,758.69,14.52,0.48,-0.49
2019-08-24,shigu,石鼓,Shigu,0.13,18.05,22.44,13.27,5.37981284689237,0.77,17577480.0,20000046.0,3595.6094,99.95,26.95,2019,758.34,12.84,0.18,-0.38
2019-08-25,shigu,石鼓,Shigu,0.26,19.56,24.22,13.89,6.44862689450266,0.69,20373568.0,23169828.0,3616.875,99.95,26.95,2019,757.47,13.06,0.22,-0.19
2019-08-26,shigu,石鼓,Shigu,0.07,21.24,26.34,15.31,6.791801427804862,0.64,20548356.0,23357694.0,3579.25,99.95,26.95,2019,755.8,13.25,0.03,0.02
2019-08-27,shigu,石鼓,Shigu,4.55,19.17,24.06,15.02,5.6289603820728376,0.73,18232454.0,20714440.0,3483.8438,99.95,26.95,2019,757.24,14.79,0.05,-0.46
2019-08-28,shigu,石鼓,Shigu,2.8,17.72,22.59,13.09,4.2634267625723865,0.73,14434180.0,16390670.0,3359.2656,99.95,26.95,2019,759.29,15.08,0.24,-0.48
2019-08-29,shigu,石鼓,Shigu,14.48,17.21,22.57,14.17,4.7108040839113965,0.66,16225482.0,18416406.0,3242.6562,99.95,26.95,2019,758.0,14.76,0.48,-0.29
2019-08-30,shigu,石鼓,Shigu,7.3,15.19,17.69,13.57,1.5411078215456882,0.52,5563878.0,6312032.0,3163.5469,99.95,26.95,2019,757.16,14.6,0.29,-0.38
2019-08-31,shigu,石鼓,Shigu,6.81,15.59,17.79,13.54,2.5920614546845973,0.57,9256076.0,10495632.0,3189.6094,99.95,26.95,2019,757.59,14.37,0.16,-0.42
2019-09-01,shigu,石鼓,Shigu,9.54,16.34,20.73,13.57,4.389775924031741,0.72,15553188.0,17627588.0,3370.6562,99.95,26.95,2019,757.76,14.24,0.47,-0.48
2019-09-02,shigu,石鼓,Shigu,11.51,15.45,18.74,13.28,3.12915258582816,0.76,11493994.0,13019816.0,3529.1406,99.95,26.95,2019,758.19,14.38,0.52,-0.53
2019-09-03,shigu,石鼓,Shigu,7.57,15.76,20.23,13.23,3.6265160143701305,0.7,13092546.0,14824308.0,3626.9219,99.95,26.95,2019,757.17,14.27,0.59,-0.21
2019-09-04,shigu,石鼓,Shigu,18.26,16.63,21.47,13.96,4.318865944856956,0.56,15007788.0,16984244.0,3688.3594,99.95,26.95,2019,755.4,14.26,0.29,0.23
2019-09-05,shigu,石鼓,Shigu,20.13,16.64,21.85,13.83,3.734235175169363,0.53,13015696.0,14722490.0,3757.7812,99.95,26.95,2019,754.74,14.87,0.12,0.21
2019-09-06,shigu,石鼓,Shigu,5.25,17.68,22.63,14.43,4.08800794931091,0.55,13677006.0,15462052.0,3881.5156,99.95,26.95,2019,754.14,14.48,0.2,0.27
2019-09-07,shigu,石鼓,Shigu,0.47,19.3,24.07,14.97,4.944484968897205,1.02,15545364.0,17567364.0,3918.7344,99.95,26.95,2019,753.93,13.89,0.21,0.98
2019-09-08,shigu,石鼓,Shigu,0.28,20.07,25.18,15.63,5.322002369329507,1.08,16338202.0,18454176.0,3855.5312,99.95,26.95,2019,753.2,13.96,0.08,1.03
2019-09-09,shigu,石鼓,Shigu,8.53,18.52,22.23,15.71,3.9450831467314535,0.61,12850618.0,14508592.0,3793.7188,99.95,26.95,2019,753.39,14.84,0.17,0.46
2019-09-10,shigu,石鼓,Shigu,14.66,16.64,20.28,14.06,3.017850706042277,0.35,10490500.0,11838900.0,3779.0469,99.95,26.95,2019,755.6,15.63,0.17,0.03
2019-09-11,shigu,石鼓,Shigu,6.58,16.7,21.04,14.21,3.4571618276060154,0.75,12259820.0,13827998.0,3818.25,99.95,26.95,2019,758.38,15.18,0.58,-0.38
2019-09-12,shigu,石鼓,Shigu,7.43,16.36,19.97,14.32,2.822894888615372,0.73,10134236.0,11424936.0,3902.7969,99.95,26.95,2019,758.44,15.29,0.45,0.37
2019-09-13,shigu,石鼓,Shigu,19.85,17.08,21.87,14.61,3.714024346442368,0.67,12786462.0,14407788.0,3995.6875,99.95,26.95,2019,757.89,14.64,0.52,0.15
2019-09-14,shigu,石鼓,Shigu,11.5,15.63,19.28,13.29,2.493421622420401,0.58,9070190.0,10214880.0,4041.8438,99.95,26.95,2019,758.36,14.89,0.47,0.18
2019-09-15,shigu,石鼓,Shigu,11.73,15.25,18.85,13.48,2.0413496443965267,0.6,7474146.0,8412934.0,4068.7656,99.95,26.95,2019,757.83,14.51,0.57,0.04
2019-09-16,shigu,石鼓,Shigu,7.69,15.79,19.51,12.77,2.609572825399693,0.7,9417606.0,10598736.0,4151.1562,99.95,26.95,2019,757.65,14.55,0.34,0.35
2019-09-17,shigu,石鼓,Shigu,9.56,17.14,21.94,13.27,4.612626302215891,0.68,15615820.0,17567846.0,4324.672000000001,99.95,26.95,2019,759.38,12.97,0.31,0.32
2019-09-18,shigu,石鼓,Shigu,6.94,15.87,20.82,12.32,3.454809737140969,0.72,12524824.0,14086190.0,4469.703,99.95,26.95,2019,761.34,14.4,0.44,0.02
2019-09-19,shigu,石鼓,Shigu,1.27,17.3,23.02,12.73,5.032190182188174,0.75,16887974.0,18987960.0,4462.375,99.95,26.95,2019,759.93,12.29,0.25,0.39
2019-09-20,shigu,石鼓,Shigu,17.37,15.56,19.82,12.72,4.242251930118931,0.78,15175632.0,17056062.0,4362.375,99.95,26.95,2019,759.94,12.46,0.47,-0.39
2019-09-21,shigu,石鼓,Shigu,12.97,12.23,14.66,10.11,1.867134360294372,1.1,7362488.0,8271554.0,4278.0938,99.95,26.95,2019,762.11,10.75,0.53,-0.95
2019-09-22,shigu,石鼓,Shigu,2.37,11.89,13.73,10.1,1.5674043839069869,0.75,5784772.0,6498390.0,4354.5625,99.95,26.95,2019,763.66,9.51,0.49,-0.54
2019-09-23,shigu,石鼓,Shigu,7.22,13.39,16.21,10.49,2.204019886933545,0.78,7869032.0,8837979.0,4531.1094,99.95,26.95,2019,763.14,10.29,0.66,-0.34
2019-09-24,shigu,石鼓,Shigu,12.32,11.59,12.94,10.93,1.0206831884784102,0.62,4132473.0,4639131.0,4544.3125,99.95,26.95,2019,763.17,11.23,0.54,-0.3
2019-09-25,shigu,石鼓,Shigu,11.3,11.58,14.89,9.22,2.224686645242839,0.58,8963695.0,10059373.0,4568.2656,99.95,26.95,2019,764.18,10.73,0.14,-0.34
2019-09-26,shigu,石鼓,Shigu,3.64,13.34,18.44,8.79,4.446301236627686,0.55,16413250.0,18416288.0,4704.797000000001,99.95,26.95,2019,763.82,8.61,0.2,-0.08
2019-09-27,shigu,石鼓,Shigu,2.9,12.7,19.34,7.29,4.742304781028238,0.55,18173692.0,20386084.0,4646.6406,99.95,26.95,2019,763.59,9.39,-0.0,0.07
2019-09-28,shigu,石鼓,Shigu,0.84,14.47,19.8,7.72,4.849561202643485,0.62,17465552.0,19585618.0,4407.375,99.95,26.95,2019,762.31,9.54,0.19,0.32
2019-09-29,shigu,石鼓,Shigu,0.16,15.02,19.9,9.5,4.261909271683424,1.05,14662342.0,16438117.0,4150.7656,99.95,26.95,2019,760.36,9.21,-0.1,1.0
2019-09-30,shigu,石鼓,Shigu,0.25,15.74,20.21,10.23,4.576549976864763,0.93,15684113.0,17577840.0,3930.9844,99.95,26.95,2019,757.75,10.1,0.18,0.79
2019-10-01,shigu,石鼓,Shigu,0.27,16.32,21.19,11.77,4.173944304132362,0.87,13963218.0,15644973.0,3757.961,99.95,26.95,2019,757.67,10.79,0.05,0.71
2019-10-02,shigu,石鼓,Shigu,1.06,15.09,20.61,9.93,4.014329098139115,0.92,14457998.0,16194768.0,3633.625,99.95,26.95,2019,758.01,11.58,0.17,0.73
2019-10-03,shigu,石鼓,Shigu,0.11,15.89,20.93,10.76,3.7083327549820497,0.89,12421044.0,13909176.0,3517.414,99.95,26.95,2019,757.98,10.65,0.06,0.71
2019-10-04,shigu,石鼓,Shigu,2.78,16.17,21.13,11.69,4.184306652390331,0.72,14216444.0,15914808.0,3389.2344,99.95,26.95,2019,758.29,11.0,0.09,0.18
2019-10-05,shigu,石鼓,Shigu,7.67,14.41,18.45,11.93,3.2471921937439454,0.59,12148680.0,13595580.0,3257.3516,99.95,26.95,2019,759.85,13.02,0.45,-0.29
2019-10-06,shigu,石鼓,Shigu,7.41,14.33,18.43,11.84,2.8012445996064166,0.65,10535766.0,11787420.0,3135.4531,99.95,26.95,2019,760.61,13.08,0.6,-0.09
2019-10-07,shigu,石鼓,Shigu,10.49,13.9,17.82,11.64,2.8053786852506204,0.62,10697178.0,11963870.0,3035.4922,99.95,26.95,2019,761.39,12.83,0.57,-0.12
2019-10-08,shigu,石鼓,Shigu,7.92,13.32,18.2,9.45,2.899923754774109,0.7,11313262.0,12650138.0,2956.0078,99.95,26.95,2019,760.99,12.24,0.3,0.36
2019-10-09,shigu,石鼓,Shigu,0.43,14.59,19.31,10.43,3.5592715912796966,1.18,12315580.0,13766255.0,2896.0547,99.95,26.95,2019,758.13,9.66,0.07,1.16
2019-10-10,shigu,石鼓,Shigu,0.47,14.98,19.66,10.81,3.9647394771172304,1.09,13793984.0,15414510.0,2854.5156,99.95,26.95,2019,757.72,9.93,0.21,1.03
2019-10-11,shigu,石鼓,Shigu,1.34,14.46,19.43,9.41,4.165026670745462,0.93,15223766.0,17007084.0,2816.9062,99.95,26.95,2019,757.9,10.56,0.03,0.81
2019-10-12,shigu,石鼓,Shigu,0.13,15.14,20.58,9.54,4.525816189079621,0.72,15457480.0,17263350.0,2784.2188,99.95,26.95,2019,759.16,7.83,0.03,0.42
2019-10-13,shigu,石鼓,Shigu,0.15,15.65,20.98,10.48,4.729197854246727,0.72,15923574.0,17778258.0,2771.3516,99.95,26.95,2019,760.37,7.86,0.28,0.27
2019-10-14,shigu,石鼓,Shigu,0.83,14.58,19.94,10.57,4.5990138609888565,0.84,16451832.0,18362740.0,2783.961,99.95,26.95,2019,762.21,9.25,0.64,0.02
2019-10-15,shigu,石鼓,Shigu,0.32,14.92,20.41,10.81,4.359729434585489,0.92,14928612.0,16657414.0,2777.2656,99.95,26.95,2019,761.51,8.17,0.42,0.69
2019-10-16,shigu,石鼓,Shigu,0.76,14.57,19.56,10.23,4.344650133381797,0.82,15067980.0,16810330.0,2730.8828,99.95,26.95,2019,761.31,7.78,0.28,0.57
2019-10-17,shigu,石鼓,Shigu,3.1,13.62,19.23,9.38,4.424724179951864,0.7,16176924.0,18043990.0,2659.1484,99.95,26.95,2019,761.96,8.2,0.01,0.08
2019-10-18,shigu,石鼓,Shigu,1.35,13.0,18.01,8.57,3.873558364254422,0.59,14524400.0,16196940.0,2579.4062,99.95,26.95,2019,761.91,8.92,0.2,0.13
2019-10-19,shigu,石鼓,Shigu,0.0,14.34,19.44,8.46,4.54151040205402,1.28,15266948.0,17022824.0,2496.961,99.95,26.95,2019,760.89,6.27,-0.24,1.22
2019-10-20,shigu,石鼓,Shigu,0.01,14.71,19.8,8.19,4.245633899567523,0.99,14154908.0,15780068.0,2398.8672,99.95,26.95,2019,759.5,6.68,-0.07,0.95
2019-10-21,shigu,石鼓,Shigu,1.45,14.36,18.74,9.58,3.3109784777655022,1.21,11377840.0,12683320.0,2281.1016,99.95,26.95,2019,756.16,9.39,0.12,1.18
2019-10-22,shigu,石鼓,Shigu,2.58,12.32,16.28,8.4,1.6961394125329297,0.91,6548798.0,7298268.0,2165.3281,99.95,26.95,2019,756.02,10.68,-0.09,0.86
2019-10-23,shigu,石鼓,Shigu,0.12,13.59,18.4,8.44,3.57121977063796,0.81,12608146.0,14047388.0,2075.8906,99.95,26.95,2019,757.52,7.65,-0.14,0.63
2019-10-24,shigu,石鼓,Shigu,3.65,11.94,17.57,8.33,2.922049112061324,1.14,11052704.0,12313320.0,2018.3594,99.95,26.95,2019,759.29,7.99,-0.23,1.06
2019-10-25,shigu,石鼓,Shigu,2.41,11.4,14.63,8.37,2.0436192209254336,0.89,7894118.0,8792652.0,2012.3359,99.95,26.95,2019,760.2,8.79,-0.2,0.85
2019-10-26,shigu,石鼓,Shigu,7.46,11.58,14.75,8.77,2.2776848892021824,0.94,8893876.0,9904688.0,2037.625,99.95,26.95,2019,759.57,9.03,-0.15,0.87
2019-10-27,shigu,石鼓,Shigu,1.03,11.33,15.25,7.74,2.054658320008831,1.07,7907688.0,8805212.0,2064.8438,99.95,26.95,2019,759.03,8.58,-0.38,0.97
2019-10-28,shigu,石鼓,Shigu,2.08,12.76,17.81,8.03,4.2072323438507535,0.6,15782654.0,17568176.0,2065.211,99.95,26.95,2019,761.42,7.66,0.13,-0.23
2019-10-29,shigu,石鼓,Shigu,0.83,13.03,18.13,8.27,4.003472190244138,0.57,14609986.0,16259824.0,2022.5156,99.95,26.95,2019,760.75,6.67,0.03,0.27
2019-10-30,shigu,石鼓,Shigu,1.76,12.21,16.6,8.2,3.804941474329402,0.66,14477406.0,16108700.0,1970.7812,99.95,26.95,2019,760.29,7.51,0.3,-0.04
2019-10-31,shigu,石鼓,Shigu,0.56,12.94,17.67,8.18,3.673566455207173,0.89,13293214.0,14789136.0,1913.5547,99.95,26.95,2019,759.49,7.1,0.31,0.66
2019-11-01,shigu,石鼓,Shigu,0.82,12.43,17.63,5.78,3.811224696534858,0.9,14189198.0,15782798.0,1845.0234,99.95,26.95,2019,759.68,6.92,-0.0,0.74
2019-11-02,shigu,石鼓,Shigu,0.55,12.42,17.68,5.97,4.183321011539272,0.93,15306596.0,17022788.0,1778.1797,99.95,26.95,2019,760.49,5.34,-0.46,0.71
2019-11-03,shigu,石鼓,Shigu,0.4,13.32,18.49,7.69,4.282209182847086,0.64,15168358.0,16865360.0,1714.1406,99.95,26.95,2019,760.41,4.75,0.11,0.27
2019-11-04,shigu,石鼓,Shigu,0.02,13.1,18.66,7.9,4.246050522226842,1.02,14726692.0,16371508.0,1647.3203,99.95,26.95,2019,758.81,4.43,0.0,0.95
2019-11-05,shigu,石鼓,Shigu,0.37,11.05,16.54,4.94,3.409152741544552,1.18,12875998.0,14311864.0,1580.7422,99.95,26.95,2019,756.08,5.23,-0.18,1.13
2019-11-06,shigu,石鼓,Shigu,0.0,11.66,17.65,5.11,4.076908998566155,0.95,15091260.0,16771244.0,1522.5312,99.95,26.95,2019,756.88,4.1,-0.5,0.72
2019-11-07,shigu,石鼓,Shigu,0.55,11.99,16.42,7.04,3.0944420382087614,0.7,11508562.0,12786844.0,1473.9688,99.95,26.95,2019,759.35,6.83,0.31,0.12
2019-11-08,shigu,石鼓,Shigu,0.0,12.97,18.55,7.19,3.6737429408746847,0.94,12619768.0,14018208.0,1425.7891,99.95,26.95,2019,759.59,4.85,-0.06,0.87
2019-11-09,shigu,石鼓,Shigu,0.17,12.89,18.16,4.2,3.8382124358191714,1.11,13417980.0,14903968.0,1380.4062,99.95,26.95,2019,759.44,5.52,-0.32,1.03
2019-11-10,shigu,石鼓,Shigu,1.29,12.39,15.01,10.03,1.3832020428147596,0.58,4769308.0,5296500.0,1340.9844,99.95,26.95,2019,758.02,8.8,0.05,0.49
2019-11-11,shigu,石鼓,Shigu,1.15,11.6,15.21,9.31,1.566131116929951,1.08,5757028.0,6392696.0,1315.9219,99.95,26.95,2019,756.88,9.02,-0.23,1.03
2019-11-12,shigu,石鼓,Shigu,0.03,13.82,19.16,9.23,3.283293924766442,1.25,10960968.0,12167328.0,1313.8672,99.95,26.95,2019,758.68,7.58,-0.38,1.16
2019-11-13,shigu,石鼓,Shigu,1.13,12.78,17.21,9.12,2.810547765152977,0.76,10580314.0,11742500.0,1313.9922,99.95,26.95,2019,763.18,9.54,0.52,-0.18
2019-11-14,shigu,石鼓,Shigu,0.08,12.81,18.35,6.12,2.907208483287859,1.09,9894426.0,10979088.0,1303.8594,99.95,26.95,2019,761.12,6.67,-0.08,1.02
2019-11-15,shigu,石鼓,Shigu,0.0,11.4,18.61,5.07,3.955067816372805,1.34,14957812.0,16595020.0,1287.1719,99.95,26.95,2019,758.02,5.02,-0.48,1.24
2019-11-16,shigu,石鼓,Shigu,0.0,11.66,18.64,5.01,3.948016164739657,1.48,14905074.0,16536512.0,1266.1797,99.95,26.95,2019,757.18,5.62,-0.58,1.35
2019-11-17,shigu,石鼓,Shigu,0.01,13.14,19.48,5.79,3.928727163918857,1.2,13775478.0,15283544.0,1242.9844,99.95,26.95,2019,757.45,6.15,-0.29,1.13
2019-11-18,shigu,石鼓,Shigu,0.27,11.72,16.74,6.26,2.781111690436036,0.97,9538032.0,10580924.0,1221.7109,99.95,26.95,2019,759.01,4.62,0.54,0.48
2019-11-19,shigu,石鼓,Shigu,0.0,11.0,16.96,5.0,3.9909065144839375,1.22,13897770.0,15418304.0,1210.3594,99.95,26.95,2019,758.33,0.32,-0.13,1.18
2019-11-20,shigu,石鼓,Shigu,0.01,10.58,16.2,3.94,3.7808842250586814,1.35,13620984.0,15111432.0,1212.3828,99.95,26.95,2019,759.0,1.78,-0.31,1.28
2019-11-21,shigu,石鼓,Shigu,0.0,10.33,16.76,2.84,3.5778933946340428,1.01,13395378.0,14861152.0,1213.0469,99.95,26.95,2019,759.22,2.38,-0.28,0.95
2019-11-22,shigu,石鼓,Shigu,0.0,9.84,16.63,1.96,3.7665033356823736,1.23,14598748.0,16196196.0,1203.5312,99.95,26.95,2019,758.44,2.5,-0.52,1.1
2019-11-23,shigu,石鼓,Shigu,0.0,10.9,17.94,1.21,3.888273621391819,0.96,14744476.0,16357776.0,1185.2656,99.95,26.95,2019,757.51,3.62,-0.11,0.87
2019-11-24,shigu,石鼓,Shigu,0.01,11.49,17.33,4.97,2.872971414941868,0.72,10413578.0,11552260.0,1162.9453,99.95,26.95,2019,759.03,4.9,0.29,0.13
2019-11-25,shigu,石鼓,Shigu,0.39,10.95,15.65,5.67,2.3672468220607907,1.03,7931026.0,8798156.0,1141.3359,99.95,26.95,2019,760.01,4.02,0.39,0.74
2019-11-26,shigu,石鼓,Shigu,0.02,10.41,16.05,3.49,3.1410106723096543,1.49,11525690.0,12786656.0,1123.0312,99.95,26.95,2019,759.4,3.99,-0.23,1.43
2019-11-27,shigu,石鼓,Shigu,0.0,10.74,16.86,3.12,3.5837352811427965,1.15,12938594.0,14354076.0,1109.3984,99.95,26.95,2019,761.08,2.3,-0.26,1.06
2019-11-28,shigu,石鼓,Shigu,0.0,11.0,17.42,4.54,4.169474956355792,1.27,14663682.0,16267632.0,1100.2734,99.95,26.95,2019,759.98,0.34,-0.32,1.2
2019-11-29,shigu,石鼓,Shigu,0.0,10.34,16.25,4.53,4.053376050471598,1.36,14310736.0,15876012.0,1091.4141,99.95,26.95,2019,758.61,-0.58,-0.2,1.31
2019-11-30,shigu,石鼓,Shigu,0.02,8.68,14.49,3.27,3.7004324231597656,1.65,13820906.0,15332436.0,1081.4844,99.95,26.95,2019,757.6,-0.78,-0.21,1.57
2019-12-01,shigu,石鼓,Shigu,0.29,8.33,13.71,3.19,3.0812575903947663,1.05,11759212.0,13045848.0,1071.8438,99.95,26.95,2019,758.84,-0.41,-0.22,0.97
2019-12-02,shigu,石鼓,Shigu,0.0,8.44,13.94,3.08,3.4588184690910286,0.99,13235874.0,14683592.0,1064.2109,99.95,26.95,2019,758.77,-1.72,0.26,0.81
2019-12-03,shigu,石鼓,Shigu,0.85,8.22,14.1,2.85,3.351866031209012,0.79,13226114.0,14672280.0,1056.3047,99.95,26.95,2019,758.81,-1.29,0.18,0.44
2019-12-04,shigu,石鼓,Shigu,2.33,6.06,11.33,1.11,2.632828476378508,0.68,11540026.0,12801820.0,1047.25,99.95,26.95,2019,760.79,-0.16,-0.09,0.06
2019-12-05,shigu,石鼓,Shigu,0.06,5.04,10.24,1.12,2.997538932723771,0.42,13276556.0,14990612.0,1037.9375,99.95,26.95,2019,764.33,-4.42,-0.08,-0.28
2019-12-06,shigu,石鼓,Shigu,0.0,5.54,11.0,1.07,3.210160324625972,0.56,14225876.0,15983476.0,1029.0391,99.95,26.95,2019,762.93,-2.48,0.13,0.02
2019-12-07,shigu,石鼓,Shigu,0.0,6.69,12.52,1.27,3.3396141195316025,0.53,14296592.0,15992048.0,1019.89844,99.95,26.95,2019,761.14,-1.5,-0.0,0.04
2019-12-08,shigu,石鼓,Shigu,0.01,6.55,12.03,2.12,2.8399067766492183,0.68,12036728.0,13421388.0,1010.6094,99.95,26.95,2019,760.16,-0.84,0.18,-0.15
2019-12-09,shigu,石鼓,Shigu,0.42,5.84,10.45,1.63,2.4865860698406346,0.8,10437060.0,11617128.0,1001.60156,99.95,26.95,2019,758.32,-1.86,0.06,0.42
2019-12-10,shigu,石鼓,Shigu,0.01,6.97,12.43,1.48,3.3396139262736337,0.56,14201736.0,15786196.0,993.08594,99.95,26.95,2019,756.39,-1.36,0.25,0.06
2019-12-11,shigu,石鼓,Shigu,0.91,5.55,9.25,2.24,2.1348463553676016,0.74,9233418.0,10258804.0,985.14844,99.95,26.95,2019,756.49,-0.4,0.32,0.38
2019-12-12,shigu,石鼓,Shigu,0.0,7.14,12.34,2.09,2.8898877808143904,1.18,11502204.0,12777852.0,977.58594,99.95,26.95,2019,758.34,-0.79,-0.29,1.12
2019-12-13,shigu,石鼓,Shigu,0.0,8.7,15.57,3.04,3.605650342024216,1.09,13933618.0,15468124.0,970.2969,99.95,26.95,2019,760.18,-0.54,-0.17,1.01
2019-12-14,shigu,石鼓,Shigu,0.0,8.85,15.18,2.93,3.782579172657549,1.3,14124528.0,15673808.0,963.1953,99.95,26.95,2019,758.76,-1.61,-0.17,1.25
2019-12-15,shigu,石鼓,Shigu,0.0,8.19,14.1,2.94,3.3799460369487635,1.35,12760542.0,14157940.0,956.34375,99.95,26.95,2019,758.54,-1.29,-0.26,1.28
2019-12-16,shigu,石鼓,Shigu,0.01,7.36,14.24,2.62,3.2868921968547515,1.48,13532444.0,15015108.0,950.3906,99.95,26.95,2019,758.22,0.04,-0.09,1.4
2019-12-17,shigu,石鼓,Shigu,0.09,7.6,13.47,2.39,3.0671946551821985,1.39,12065090.0,13389420.0,947.4219,99.95,26.95,2019,757.82,-0.21,0.14,1.26
2019-12-18,shigu,石鼓,Shigu,0.0,6.8,12.87,1.91,3.141251758619536,1.28,12513056.0,13888244.0,947.5469,99.95,26.95,2019,758.05,-2.35,-0.27,1.2
2019-12-19,shigu,石鼓,Shigu,0.09,5.89,11.19,1.32,2.6910460223603243,1.14,11166920.0,12395988.0,946.8125,99.95,26.95,2019,757.09,-1.96,-0.12,1.03
2019-12-20,shigu,石鼓,Shigu,0.02,6.04,11.77,1.16,2.535295197584439,1.46,10368112.0,11512840.0,941.8281,99.95,26.95,2019,755.34,-0.81,-0.35,1.37
2019-12-21,shigu,石鼓,Shigu,0.01,6.91,12.97,1.15,2.8790025318737205,1.56,11625020.0,12910356.0,933.75,99.95,26.95,2019,755.06,-0.19,-0.25,1.51
2019-12-22,shigu,石鼓,Shigu,0.0,6.92,13.53,1.34,2.9991905416054445,1.66,11973260.0,13298924.0,926.7969,99.95,26.95,2019,754.78,-0.69,-0.4,1.58
2019-12-23,shigu,石鼓,Shigu,0.0,7.63,13.56,1.21,3.2925162456161874,1.39,12817242.0,14237816.0,922.59375,99.95,26.95,2019,756.48,-1.21,-0.43,1.27
2019-12-24,shigu,石鼓,Shigu,0.0,7.32,13.66,1.15,3.319478080874543,1.38,12943938.0,14380564.0,918.5781,99.95,26.95,2019,755.81,-2.09,-0.22,1.31
2019-12-25,shigu,石鼓,Shigu,0.0,6.42,12.61,0.3,3.3354922853270748,1.3,13426990.0,14919844.0,912.25,99.95,26.95,2019,755.55,-3.72,-0.42,1.2
2019-12-26,shigu,石鼓,Shigu,0.0,6.87,12.28,1.49,3.222501859983685,1.04,12786618.0,14210112.0,904.0,99.95,26.95,2019,756.69,-3.51,0.65,0.56
2019-12-27,shigu,石鼓,Shigu,2.34,5.38,10.66,2.37,2.454544556272047,0.95,10428826.0,11591652.0,895.15625,99.95,26.95,2019,755.94,-2.04,0.43,0.79
2019-12-28,shigu,石鼓,Shigu,0.79,4.36,10.07,-1.08,2.650980477357242,1.28,11306482.0,13254816.0,887.3281,99.95,26.95,2019,756.74,-2.81,-0.22,1.15
2019-12-29,shigu,石鼓,Shigu,0.0,4.18,10.99,-0.98,3.2027013044706742,0.76,13930970.0,15962568.0,880.78125,99.95,26.95,2019,759.11,-7.54,-0.28,0.59
2019-12-30,shigu,石鼓,Shigu,0.0,5.0,11.62,-1.05,3.4822226278124058,0.9,14506066.0,16406456.0,873.25,99.95,26.95,2019,761.07,-8.93,-0.22,0.76
2019-12-31,shigu,石鼓,Shigu,0.0,5.78,12.26,-0.24,3.5445699809115343,0.98,14439982.0,16210616.0,865.3906,99.95,26.95,2019,762.64,-7.41,-0.1,0.83
2020-01-01,shigu,石鼓,Shigu,0.0,5.96,12.22,0.46,3.423674448655744,1.27,14231614.0,15908520.0,857.90625,99.95,26.95,2020,762.48,-3.95,-0.43,1.17
2020-01-02,shigu,石鼓,Shigu,0.01,6.84,13.57,0.6,3.0860324459520467,1.23,12844864.0,14324512.0,850.8125,99.95,26.95,2020,761.69,-0.43,-0.23,1.16
2020-01-03,shigu,石鼓,Shigu,7.49,7.58,14.01,0.37,2.764690286641488,0.86,11546442.0,12862164.0,845.3125,99.95,26.95,2020,758.69,1.93,0.25,0.64
2020-01-04,shigu,石鼓,Shigu,6.05,4.68,7.82,2.57,1.085757948431486,0.85,4975446.0,5812600.0,851.8594,99.95,26.95,2020,755.36,3.04,0.37,0.73
2020-01-05,shigu,石鼓,Shigu,3.76,5.25,9.68,1.64,2.4062223272100427,1.0,10637434.0,12267660.0,875.3125,99.95,26.95,2020,753.51,0.44,0.59,0.79
2020-01-06,shigu,石鼓,Shigu,1.38,1.88,8.1,-3.74,2.4453369936418583,1.5,11746016.0,14495000.0,891.8594,99.95,26.95,2020,756.42,-3.41,-0.25,1.38
2020-01-07,shigu,石鼓,Shigu,0.27,3.95,10.53,-3.24,3.0945850374293227,0.89,13568384.0,16103452.0,894.3906,99.95,26.95,2020,756.85,-4.49,-0.27,0.75
2020-01-08,shigu,石鼓,Shigu,1.09,4.31,9.78,0.13,2.265521689027769,1.21,10491916.0,12230332.0,884.9844,99.95,26.95,2020,756.1,0.2,-0.09,1.16
2020-01-09,shigu,石鼓,Shigu,3.85,4.49,9.13,0.17,1.916476996137364,1.1,9158030.0,10538964.0,872.3281,99.95,26.95,2020,755.07,1.7,0.16,1.05
2020-01-10,shigu,石鼓,Shigu,1.05,3.96,10.34,-1.4,2.310371741517702,1.26,11180198.0,12792332.0,865.5469,99.95,26.95,2020,754.7,-0.04,-0.24,1.18
2020-01-11,shigu,石鼓,Shigu,0.0,2.75,9.39,-2.14,2.6698544051539588,1.19,13178722.0,14904580.0,862.125,99.95,26.95,2020,756.43,-3.51,-0.52,1.06
2020-01-12,shigu,石鼓,Shigu,0.0,3.2,10.77,-2.54,3.2101857697236738,1.18,15178436.0,17063308.0,853.03125,99.95,26.95,2020,755.96,-6.01,-0.53,1.05
2020-01-13,shigu,石鼓,Shigu,0.0,4.16,12.4,-2.66,3.303247801401061,1.38,15276404.0,17112084.0,839.6406,99.95,26.95,2020,754.04,-4.24,-0.49,1.28
2020-01-14,shigu,石鼓,Shigu,0.0,4.65,12.61,-1.83,3.031998303913742,1.5,14367978.0,16060052.0,825.90625,99.95,26.95,2020,753.56,-1.38,-0.46,1.4
2020-01-15,shigu,石鼓,Shigu,0.01,4.44,11.96,-0.52,2.8431363895435338,1.6,13765842.0,15370128.0,813.15625,99.95,26.95,2020,754.65,-0.91,-0.66,1.45
2020-01-16,shigu,石鼓,Shigu,0.0,5.21,12.97,-0.7,3.0353825896970656,1.42,13899644.0,15513200.0,801.75,99.95,26.95,2020,755.96,-1.09,-0.55,1.3
2020-01-17,shigu,石鼓,Shigu,0.0,5.99,14.01,-0.9,3.3511957969758,1.5,14787700.0,16501492.0,791.8906,99.95,26.95,2020,755.96,-1.14,-0.49,1.4
2020-01-18,shigu,石鼓,Shigu,0.0,6.11,13.01,-0.3,3.340147496318685,1.47,14423158.0,16095136.0,782.96875,99.95,26.95,2020,755.35,-1.53,-0.49,1.37
2020-01-19,shigu,石鼓,Shigu,0.01,7.12,13.22,1.08,3.5500851833693194,1.31,14241682.0,15894304.0,775.2031,99.95,26.95,2020,755.03,-2.44,0.09,1.29
2020-01-20,shigu,石鼓,Shigu,0.32,6.27,11.79,2.21,3.1694357897889005,1.5,13157208.0,14690484.0,770.0625,99.95,26.95,2020,755.27,-1.8,0.43,1.37
2020-01-21,shigu,石鼓,Shigu,2.6,4.82,9.67,1.56,2.747032994817684,1.38,12978052.0,14653312.0,770.1406,99.95,26.95,2020,756.16,-0.09,0.15,1.33
2020-01-22,shigu,石鼓,Shigu,0.8,4.6,10.59,-1.1,3.0749927734499662,1.51,14183964.0,16036420.0,774.5,99.95,26.95,2020,755.37,-2.08,0.13,1.42
2020-01-23,shigu,石鼓,Shigu,0.23,4.97,10.3,-1.12,3.398790740007124,1.42,14439430.0,16234924.0,776.5625,99.95,26.95,2020,754.0,-5.38,0.14,1.36
2020-01-24,shigu,石鼓,Shigu,0.75,3.45,7.87,-0.74,2.7435048500276547,1.16,12322656.0,13897312.0,773.71875,99.95,26.95,2020,753.6,-5.43,0.04,1.03
2020-01-25,shigu,石鼓,Shigu,0.88,2.18,6.82,-0.96,2.8824690292630786,0.64,14132926.0,15916688.0,766.84375,99.95,26.95,2020,754.12,-7.4,-0.29,0.54
2020-01-26,shigu,石鼓,Shigu,0.0,2.92,9.46,-2.23,3.4752540981444944,1.16,15666490.0,17710204.0,756.9375,99.95,26.95,2020,752.35,-11.06,-0.2,1.06
2020-01-27,shigu,石鼓,Shigu,0.0,2.94,8.98,-2.26,3.5553808261464663,1.24,16392462.0,18441996.0,746.3125,99.95,26.95,2020,751.17,-9.91,-0.37,1.15
2020-01-28,shigu,石鼓,Shigu,0.0,3.81,9.43,-1.35,3.1839780341714987,1.07,14457234.0,16220960.0,736.34375,99.95,26.95,2020,753.42,-6.15,-0.22,1.0
2020-01-29,shigu,石鼓,Shigu,0.19,5.22,10.58,-0.08,3.2917905186489524,0.76,14384684.0,16115420.0,727.125,99.95,26.95,2020,755.11,-4.78,0.18,0.58
2020-01-30,shigu,石鼓,Shigu,0.71,5.02,10.92,0.73,2.9488551354419417,1.3,12723086.0,14275908.0,718.5625,99.95,26.95,2020,753.25,-3.17,-0.04,1.27
2020-01-31,shigu,石鼓,Shigu,0.86,4.34,10.09,0.7,2.888224932537094,1.35,13729960.0,15499800.0,710.65625,99.95,26.95,2020,753.53,-1.34,-0.09,1.29
2020-02-01,shigu,石鼓,Shigu,0.31,5.36,11.14,0.8,3.070873059026466,1.45,13052536.0,14689748.0,703.59375,99.95,26.95,2020,754.58,-2.87,-0.15,1.42
2020-02-02,shigu,石鼓,Shigu,0.24,5.71,11.57,1.06,3.569395996683556,1.38,14801864.0,16618784.0,697.6875,99.95,26.95,2020,755.02,-4.97,0.2,1.28
2020-02-03,shigu,石鼓,Shigu,0.23,4.83,10.53,0.74,3.22845057032072,1.27,14251164.0,15980532.0,692.65625,99.95,26.95,2020,755.41,-3.94,-0.3,1.2
2020-02-04,shigu,石鼓,Shigu,0.0,5.77,12.49,-0.01,3.7768605010852863,1.0,16029302.0,17961724.0,687.53125,99.95,26.95,2020,754.96,-5.73,0.03,0.9
2020-02-05,shigu,石鼓,Shigu,0.18,5.39,11.98,-0.33,3.603705617989608,1.57,15518082.0,17384688.0,681.75,99.95,26.95,2020,752.97,-4.25,0.09,1.5
2020-02-06,shigu,石鼓,Shigu,0.02,5.29,11.79,-0.58,3.422863344571169,1.48,14974442.0,16801044.0,675.65625,99.95,26.95,2020,755.38,-3.35,-0.34,1.42
2020-02-07,shigu,石鼓,Shigu,0.0,6.31,12.83,1.14,3.973738540432258,1.36,16274894.0,18245868.0,669.71875,99.95,26.95,2020,757.39,-5.44,-0.13,1.27
2020-02-08,shigu,石鼓,Shigu,0.7,6.77,12.5,1.13,3.4023466541060743,1.26,13699906.0,15356200.0,664.0,99.95,26.95,2020,759.43,-2.7,0.13,1.17
2020-02-09,shigu,石鼓,Shigu,12.54,2.93,5.21,1.03,0.7577709707876852,0.75,3591106.0,4386688.0,659.71875,99.95,26.95,2020,757.82,1.92,0.05,0.7
2020-02-10,shigu,石鼓,Shigu,0.7,4.48,11.57,-1.45,3.3064023951296435,1.47,14347996.0,17651684.0,661.09375,99.95,26.95,2020,755.88,-2.23,-0.17,1.43
2020-02-11,shigu,石鼓,Shigu,0.0,3.97,11.33,-1.31,3.6065756669086513,1.38,16958784.0,19819808.0,667.4375,99.95,26.95,2020,757.15,-3.27,-0.46,1.28
2020-02-12,shigu,石鼓,Shigu,0.0,5.03,13.0,-1.38,3.8607942358728,1.28,17328320.0,19788436.0,668.75,99.95,26.95,2020,756.2,-3.82,-0.41,1.18
2020-02-13,shigu,石鼓,Shigu,0.0,5.8,13.98,-1.18,3.982332521736312,1.36,17812316.0,20131124.0,663.3125,99.95,26.95,2020,753.74,-2.36,-0.46,1.26
2020-02-14,shigu,石鼓,Shigu,0.01,7.15,14.76,-0.49,3.979506172769381,1.2,17036550.0,19169808.0,654.5625,99.95,26.95,2020,751.55,-0.5,-0.18,1.12
2020-02-15,shigu,石鼓,Shigu,0.41,7.39,12.64,1.38,3.0757452602259,0.88,12733292.0,14305122.0,645.84375,99.95,26.95,2020,754.79,0.63,0.07,0.76
2020-02-16,shigu,石鼓,Shigu,0.85,7.44,12.52,2.45,2.816049943772049,1.0,11478904.0,12891002.0,638.8125,99.95,26.95,2020,757.42,1.02,0.21,0.86
2020-02-17,shigu,石鼓,Shigu,0.87,8.04,13.54,2.06,3.1261022380599983,1.08,12400704.0,13926648.0,634.625,99.95,26.95,2020,757.75,0.77,0.22,0.9
2020-02-18,shigu,石鼓,Shigu,0.42,8.06,14.83,2.28,4.1700346350130895,1.46,16728326.0,18790662.0,632.3125,99.95,26.95,2020,756.48,-1.21,0.07,1.36
2020-02-19,shigu,石鼓,Shigu,0.57,7.31,13.5,0.59,3.9626674708961183,1.23,16940062.0,19041960.0,633.25,99.95,26.95,2020,758.04,-0.1,-0.13,1.17
2020-02-20,shigu,石鼓,Shigu,0.0,7.9,14.88,-0.04,4.392478584703024,1.44,17921904.0,20142264.0,639.71875,99.95,26.95,2020,759.35,-1.58,-0.47,1.33
2020-02-21,shigu,石鼓,Shigu,0.12,9.5,17.09,2.33,4.864824963354884,1.29,18577470.0,20881170.0,645.15625,99.95,26.95,2020,762.18,-1.62,-0.23,1.2
2020-02-22,shigu,石鼓,Shigu,0.0,10.01,17.58,2.16,5.201998227127498,1.34,19249136.0,21640714.0,644.21875,99.95,26.95,2020,761.64,-2.84,-0.29,1.25
2020-02-23,shigu,石鼓,Shigu,0.09,9.04,16.65,2.4,4.776939189662187,1.5,18749840.0,21084572.0,639.25,99.95,26.95,2020,758.74,-0.96,-0.32,1.42
2020-02-24,shigu,石鼓,Shigu,0.68,7.76,15.08,-0.0,4.196109153403044,1.51,17506280.0,19695696.0,634.46875,99.95,26.95,2020,757.06,-0.38,-0.39,1.44
2020-02-25,shigu,石鼓,Shigu,0.02,9.18,15.87,-0.12,4.538990275579863,1.39,17432868.0,19615422.0,632.6875,99.95,26.95,2020,757.33,-1.03,-0.24,1.34
2020-02-26,shigu,石鼓,Shigu,6.79,9.1,14.77,3.25,3.9193930952814897,1.02,15879104.0,17871134.0,631.0,99.95,26.95,2020,757.23,2.62,0.32,0.87
2020-02-27,shigu,石鼓,Shigu,7.38,5.28,10.04,-0.9,1.9109889966114804,1.01,8965924.0,10241186.0,637.0625,99.95,26.95,2020,756.54,2.74,-0.05,0.91
2020-02-28,shigu,石鼓,Shigu,0.03,6.4,13.67,-0.97,4.000490465762471,1.29,17327344.0,19737348.0,659.375,99.95,26.95,2020,755.99,-1.69,-0.45,1.18
2020-02-29,shigu,石鼓,Shigu,0.0,7.76,15.21,0.98,4.950345970916239,1.31,20415552.0,23092002.0,673.71875,99.95,26.95,2020,755.95,-2.9,-0.46,1.22
2020-03-01,shigu,石鼓,Shigu,0.07,8.85,16.21,1.99,4.99910506275885,1.48,19816892.0,22356568.0,670.8125,99.95,26.95,2020,755.68,-1.56,-0.3,1.4
2020-03-02,shigu,石鼓,Shigu,1.25,8.66,14.84,1.94,4.531610034044571,1.43,18512966.0,20871250.0,658.34375,99.95,26.95,2020,755.09,0.53,-0.18,1.39
2020-03-03,shigu,石鼓,Shigu,1.24,6.31,12.94,0.21,3.251279860742163,1.07,15014840.0,16970772.0,645.8125,99.95,26.95,2020,755.35,2.2,-0.01,0.98
2020-03-04,shigu,石鼓,Shigu,1.39,7.19,13.3,0.18,3.980584802033817,1.15,17162154.0,19368216.0,638.625,99.95,26.95,2020,755.77,0.12,-0.01,1.07
2020-03-05,shigu,石鼓,Shigu,0.26,7.78,15.01,2.36,4.178988595105941,1.55,17579612.0,19832376.0,631.75,99.95,26.95,2020,755.0,0.16,-0.12,1.51
2020-03-06,shigu,石鼓,Shigu,1.32,7.74,13.94,2.33,4.085421868530866,1.52,17872712.0,20169944.0,624.625,99.95,26.95,2020,755.44,1.75,-0.27,1.47
2020-03-07,shigu,石鼓,Shigu,0.52,8.18,15.1,2.18,3.700849792086116,1.66,15505319.0,17499728.0,619.375,99.95,26.95,2020,753.97,2.05,-0.29,1.62
2020-03-08,shigu,石鼓,Shigu,0.33,7.91,14.98,2.42,3.890725412490717,1.87,16549319.0,18681552.0,616.59375,99.95,26.95,2020,751.94,1.44,-0.35,1.83
2020-03-09,shigu,石鼓,Shigu,0.04,8.88,15.21,2.3,4.258946027834051,1.48,16493234.0,18621312.0,619.40625,99.95,26.95,2020,753.6,-0.38,-0.38,1.42
2020-03-10,shigu,石鼓,Shigu,0.38,10.14,16.39,3.22,4.540808240526622,1.39,16827708.0,19002234.0,622.5625,99.95,26.95,2020,754.28,0.3,0.5,1.02
2020-03-11,shigu,石鼓,Shigu,0.04,9.77,16.42,3.46,4.694582960250834,1.98,18134656.0,20483698.0,620.5625,99.95,26.95,2020,754.37,1.18,-0.13,1.92
2020-03-12,shigu,石鼓,Shigu,0.1,10.15,17.27,2.88,4.53054648500708,1.88,17317064.0,19565636.0,619.0,99.95,26.95,2020,756.88,2.12,-0.42,1.8
2020-03-13,shigu,石鼓,Shigu,0.0,11.58,19.82,2.77,5.582400221067824,1.57,20507136.0,23175634.0,626.1875,99.95,26.95,2020,758.78,1.65,-0.43,1.49
2020-03-14,shigu,石鼓,Shigu,0.01,13.83,22.5,4.46,6.372983289681407,1.5,21716028.0,24547732.0,635.96875,99.95,26.95,2020,757.7,2.29,-0.34,1.44
2020-03-15,shigu,石鼓,Shigu,0.6,12.24,19.52,3.91,5.542718243027993,1.63,20274428.0,22924428.0,644.25,99.95,26.95,2020,757.3,3.49,-0.15,1.6
2020-03-16,shigu,石鼓,Shigu,1.05,9.64,16.19,3.92,3.871536733637272,1.54,15338320.0,17347874.0,657.03125,99.95,26.95,2020,757.56,3.41,-0.32,1.45
2020-03-17,shigu,石鼓,Shigu,0.7,10.56,17.7,3.95,5.215019853180252,1.5,19862956.0,22469122.0,682.78125,99.95,26.95,2020,756.75,1.32,-0.32,1.44
2020-03-18,shigu,石鼓,Shigu,0.77,9.82,16.23,3.44,4.9060296745383605,1.56,19098750.0,21608786.0,712.6875,99.95,26.95,2020,754.97,0.98,-0.38,1.49
2020-03-19,shigu,石鼓,Shigu,2.26,9.43,15.95,2.68,4.902642734962545,1.38,19436024.0,21995350.0,728.78125,99.95,26.95,2020,755.72,0.66,0.03,1.24
2020-03-20,shigu,石鼓,Shigu,0.14,10.15,17.34,2.33,5.019338109576485,1.64,18978564.0,21482808.0,728.21875,99.95,26.95,2020,755.21,0.4,-0.08,1.6
2020-03-21,shigu,石鼓,Shigu,0.59,9.7,16.26,3.2,5.161231172042467,1.5,20159746.0,22824676.0,718.5,99.95,26.95,2020,755.71,0.16,-0.29,1.46
2020-03-22,shigu,石鼓,Shigu,0.85,10.07,17.41,3.14,5.374891803522399,1.23,21197926.0,24005494.0,704.75,99.95,26.95,2020,756.21,1.38,-0.11,1.18
2020-03-23,shigu,石鼓,Shigu,1.38,9.07,17.31,1.76,4.692049127755797,1.01,19163760.0,21706608.0,688.28125,99.95,26.95,2020,755.88,1.81,0.24,0.81
2020-03-24,shigu,石鼓,Shigu,1.71,8.76,16.91,2.25,4.516221949081003,1.11,19013542.0,21541310.0,670.75,99.95,26.95,2020,754.54,2.8,0.0,1.04
2020-03-25,shigu,石鼓,Shigu,0.25,10.94,19.6,2.72,5.648623570420336,1.47,21449924.0,24306568.0,652.96875,99.95,26.95,2020,753.28,1.39,-0.33,1.41
2020-03-26,shigu,石鼓,Shigu,0.01,11.05,18.45,2.49,4.934314253195568,1.77,18242540.0,20676858.0,635.03125,99.95,26.95,2020,754.52,2.31,-0.58,1.66
2020-03-27,shigu,石鼓,Shigu,0.01,13.9,23.12,3.43,6.372347020367748,1.38,22225326.0,25196406.0,619.9375,99.95,26.95,2020,755.51,3.98,-0.4,1.29
2020-03-28,shigu,石鼓,Shigu,0.77,14.34,20.05,6.72,4.524355460541639,1.57,15049530.0,17065120.0,610.34375,99.95,26.95,2020,752.2,7.03,0.19,1.52
2020-03-29,shigu,石鼓,Shigu,0.24,14.29,21.7,6.74,5.7800066791054965,1.87,19222442.0,21801546.0,614.46875,99.95,26.95,2020,752.41,4.63,-0.09,1.84
2020-03-30,shigu,石鼓,Shigu,0.0,13.93,21.76,6.44,6.265145898824233,2.07,20322090.0,23054170.0,643.46875,99.95,26.95,2020,753.93,1.72,-0.06,2.0
2020-03-31,shigu,石鼓,Shigu,0.22,14.14,22.4,6.26,6.5950908687667225,1.5,21881458.0,24828446.0,690.65625,99.95,26.95,2020,755.53,1.19,-0.12,1.41
2020-04-01,shigu,石鼓,Shigu,0.08,14.09,21.9,5.95,6.977091806392169,1.76,22558038.0,25601754.0,741.3125,99.95,26.95,2020,754.94,-1.12,-0.19,1.7
2020-04-02,shigu,石鼓,Shigu,0.83,12.48,19.43,5.46,6.237998303510711,1.72,21918716.0,24881616.0,790.25,99.95,26.95,2020,755.27,0.78,0.05,1.66
2020-04-03,shigu,石鼓,Shigu,1.06,11.5,18.05,4.58,5.871973678820496,1.67,21670788.0,24605844.0,845.03125,99.95,26.95,2020,756.7,1.27,-0.21,1.63
2020-04-04,shigu,石鼓,Shigu,1.14,11.32,18.5,4.28,5.709962819288537,1.58,21123694.0,23989774.0,902.875,99.95,26.95,2020,756.84,1.18,-0.04,1.52
2020-04-05,shigu,石鼓,Shigu,0.8,11.59,18.93,4.36,6.047135899749045,1.61,22031680.0,25026548.0,939.5,99.95,26.95,2020,756.06,0.36,-0.19,1.53
2020-04-06,shigu,石鼓,Shigu,1.74,10.73,17.59,4.62,5.50989861649641,1.39,21253346.0,24147464.0,944.6875,99.95,26.95,2020,754.88,2.06,-0.21,1.33
2020-04-07,shigu,石鼓,Shigu,1.55,10.28,17.38,3.88,5.167738134459637,1.37,20542038.0,23344682.0,927.8125,99.95,26.95,2020,754.81,3.0,0.04,1.28
2020-04-08,shigu,石鼓,Shigu,1.33,10.65,18.37,3.64,4.7871790235257246,1.07,18659860.0,21210194.0,898.0625,99.95,26.95,2020,756.92,3.93,-0.0,0.97
2020-04-09,shigu,石鼓,Shigu,1.07,12.31,19.39,4.87,6.016608918606981,1.6,22021348.0,25036940.0,865.6875,99.95,26.95,2020,756.53,2.99,-0.11,1.55
2020-04-10,shigu,石鼓,Shigu,0.21,11.46,18.98,3.33,5.764365526334803,1.68,21382176.0,24315614.0,835.625,99.95,26.95,2020,757.35,1.75,-0.1,1.63
2020-04-11,shigu,石鼓,Shigu,0.13,13.5,21.33,4.4,6.718172380530995,1.28,23285644.0,26485842.0,807.3125,99.95,26.95,2020,758.11,1.4,-0.18,1.22
2020-04-12,shigu,石鼓,Shigu,1.11,12.75,19.9,4.85,5.757932727711957,1.19,20444970.0,23259888.0,777.875,99.95,26.95,2020,757.08,2.81,0.24,1.01
2020-04-13,shigu,石鼓,Shigu,0.61,11.31,18.5,4.29,5.132301504979255,1.27,19109176.0,21744816.0,749.59375,99.95,26.95,2020,756.17,2.72,-0.3,1.21
2020-04-14,shigu,石鼓,Shigu,0.0,14.3,22.54,5.93,6.984229619135817,1.42,22762130.0,25907314.0,725.1875,99.95,26.95,2020,757.09,-0.98,-0.33,1.36
2020-04-15,shigu,石鼓,Shigu,0.02,15.8,24.02,7.11,7.38970294704789,1.66,23427120.0,26670248.0,703.59375,99.95,26.95,2020,755.76,2.18,-0.44,1.6
2020-04-16,shigu,石鼓,Shigu,0.35,14.98,23.14,6.45,6.670787812201833,1.58,22379352.0,25480020.0,687.5625,99.95,26.95,2020,754.82,4.77,-0.13,1.56
2020-04-17,shigu,石鼓,Shigu,0.84,14.15,21.13,7.62,6.119656028918989,1.55,21030496.0,23946406.0,680.3125,99.95,26.95,2020,754.71,4.82,0.14,1.53
2020-04-18,shigu,石鼓,Shigu,0.01,15.04,22.1,9.01,6.094846125587024,1.82,19585642.0,22303044.0,686.9375,99.95,26.95,2020,754.75,4.47,-0.37,1.76
2020-04-19,shigu,石鼓,Shigu,0.63,14.1,21.35,5.99,5.990794098567754,1.71,20390070.0,23221112.0,709.125,99.95,26.95,2020,755.56,4.65,0.0,1.69
2020-04-20,shigu,石鼓,Shigu,0.36,13.55,21.18,5.86,5.665984596289403,1.77,19498742.0,22207892.0,744.1875,99.95,26.95,2020,756.23,4.45,-0.15,1.73
2020-04-21,shigu,石鼓,Shigu,1.38,14.89,21.76,7.75,6.156220329029838,1.69,20093526.0,22887374.0,792.03125,99.95,26.95,2020,755.81,4.41,-0.02,1.68
2020-04-22,shigu,石鼓,Shigu,3.49,10.93,17.06,6.1,4.023609987046097,1.22,15412482.0,17557078.0,850.0625,99.95,26.95,2020,755.86,5.21,0.35,1.14
2020-04-23,shigu,石鼓,Shigu,2.03,12.63,18.17,6.92,5.8834044248803785,1.4,20929010.0,23843414.0,924.96875,99.95,26.95,2020,755.7,2.63,0.24,1.35
2020-04-24,shigu,石鼓,Shigu,12.64,10.29,16.82,6.02,3.9467107029664543,0.99,15589404.0,17762594.0,1001.03125,99.95,26.95,2020,756.37,5.17,0.57,-0.32
2020-04-25,shigu,石鼓,Shigu,12.26,6.28,9.21,3.64,1.4464552726130977,1.05,6757350.0,7837954.0,1064.3125,99.95,26.95,2020,758.57,5.14,0.23,-0.95
2020-04-26,shigu,石鼓,Shigu,2.23,7.89,10.29,3.9,2.4193409974331805,0.89,9896462.0,11599880.0,1135.625,99.95,26.95,2020,761.29,4.4,0.37,-0.7
2020-04-27,shigu,石鼓,Shigu,0.88,10.87,14.57,5.73,3.9255396201774886,0.82,14655662.0,16882806.0,1207.375,99.95,26.95,2020,761.9,4.46,0.37,-0.34
2020-04-28,shigu,石鼓,Shigu,1.63,12.31,16.62,7.28,4.1923848973540405,0.83,15506498.0,17734418.0,1259.0938,99.95,26.95,2020,758.81,7.09,0.78,-0.02
2020-04-29,shigu,石鼓,Shigu,6.39,10.76,13.57,7.21,2.5448466085634247,0.87,9974172.0,11377306.0,1269.75,99.95,26.95,2020,757.2,7.97,0.25,0.72
2020-04-30,shigu,石鼓,Shigu,0.63,12.85,17.95,7.92,4.216519305749158,0.94,15308482.0,17454036.0,1255.4062,99.95,26.95,2020,756.59,7.3,0.16,0.79
2020-05-01,shigu,石鼓,Shigu,1.36,13.54,19.93,5.99,5.7079349116930365,1.13,20743972.0,23649992.0,1227.7188,99.95,26.95,2020,755.65,6.92,-0.04,1.07
2020-05-02,shigu,石鼓,Shigu,0.2,15.64,22.32,7.52,7.0532316374745765,1.17,23721376.0,27046004.0,1209.0,99.95,26.95,2020,755.15,5.83,-0.18,1.11
2020-05-03,shigu,石鼓,Shigu,1.77,14.39,22.78,7.24,5.580027439849213,1.1,19837112.0,22619464.0,1208.75,99.95,26.95,2020,756.0,8.19,0.18,0.97
2020-05-04,shigu,石鼓,Shigu,0.18,15.43,21.94,8.75,6.150515499306666,1.55,20873564.0,23803416.0,1213.5,99.95,26.95,2020,755.42,7.61,-0.04,1.53
2020-05-05,shigu,石鼓,Shigu,0.25,15.82,22.02,8.85,6.0230220346507375,1.6,20123262.0,22949818.0,1216.2812,99.95,26.95,2020,754.82,8.09,-0.03,1.57
2020-05-06,shigu,石鼓,Shigu,0.02,16.15,22.71,8.94,5.406717929181989,1.74,17307542.0,19740414.0,1227.8125,99.95,26.95,2020,754.61,8.36,-0.08,1.71
2020-05-07,shigu,石鼓,Shigu,0.03,16.83,24.0,9.41,7.387273071871482,1.76,23443910.0,26741588.0,1253.1875,99.95,26.95,2020,754.31,5.83,0.02,1.73
2020-05-08,shigu,石鼓,Shigu,0.58,16.51,23.45,8.94,7.4018423174957855,1.73,23765424.0,27110596.0,1300.3438,99.95,26.95,2020,754.66,5.5,0.28,1.65
2020-05-09,shigu,石鼓,Shigu,0.0,16.56,23.07,9.55,7.1267735956162905,1.74,22049646.0,25155556.0,1380.0,99.95,26.95,2020,756.13,4.15,-0.08,1.69
2020-05-10,shigu,石鼓,Shigu,0.06,17.56,24.7,9.76,8.220243551495935,1.48,25416140.0,28998856.0,1504.5938,99.95,26.95,2020,756.86,3.73,-0.06,1.46
2020-05-11,shigu,石鼓,Shigu,0.16,17.57,24.19,10.73,7.720285916143602,1.45,24018616.0,27406746.0,1664.875,99.95,26.95,2020,756.84,5.4,-0.1,1.44
2020-05-12,shigu,石鼓,Shigu,0.3,16.21,22.76,8.95,6.545296495328845,1.54,21043026.0,24013800.0,1808.9375,99.95,26.95,2020,755.61,6.22,0.14,1.51
2020-05-13,shigu,石鼓,Shigu,0.31,15.73,22.49,8.49,6.514755162313192,1.75,20837606.0,23781276.0,1925.9688,99.95,26.95,2020,754.7,5.09,-0.1,1.74
2020-05-14,shigu,石鼓,Shigu,0.4,15.24,21.83,8.69,5.59988464769665,1.71,18312352.0,20901920.0,2039.7188,99.95,26.95,2020,754.11,6.71,-0.25,1.67
2020-05-15,shigu,石鼓,Shigu,0.01,17.01,24.71,9.44,6.903164828579088,1.66,21372540.0,24396752.0,2151.4688,99.95,26.95,2020,752.89,5.86,-0.36,1.59
2020-05-16,shigu,石鼓,Shigu,4.23,16.27,24.51,9.59,6.0303533243176615,0.99,20334210.0,23214776.0,2231.1562,99.95,26.95,2020,753.86,9.59,-0.02,0.91
2020-05-17,shigu,石鼓,Shigu,6.69,16.81,22.85,10.66,5.9817993517984425,0.81,19685702.0,22477724.0,2269.9375,99.95,26.95,2020,753.61,9.35,-0.21,0.69
2020-05-18,shigu,石鼓,Shigu,8.35,15.5,21.94,9.5,5.1864228532310745,0.78,18421282.0,21037660.0,2306.625,99.95,26.95,2020,753.52,12.1,0.09,0.28
2020-05-19,shigu,石鼓,Shigu,0.0,17.66,24.56,10.78,6.883866636321456,1.82,21768842.0,24864808.0,2377.2188,99.95,26.95,2020,751.8,8.9,-0.21,1.79
2020-05-20,shigu,石鼓,Shigu,0.19,18.06,23.66,12.76,5.636847619676236,1.54,17680120.0,20198260.0,2442.375,99.95,26.95,2020,752.73,11.18,-0.08,1.52
2020-05-21,shigu,石鼓,Shigu,1.84,16.57,20.85,12.84,3.415936304698833,1.18,11317260.0,12931932.0,2531.0312,99.95,26.95,2020,754.26,12.88,-0.2,1.14
2020-05-22,shigu,石鼓,Shigu,2.23,18.49,23.81,13.42,5.515650935144971,0.94,17483922.0,19980684.0,2732.9688,99.95,26.95,2020,754.33,12.23,0.32,0.83
2020-05-23,shigu,石鼓,Shigu,11.87,15.76,20.02,12.05,3.8310469701554575,0.58,13423840.0,15341472.0,3117.9062,99.95,26.95,2020,755.27,13.48,0.07,0.01
2020-05-24,shigu,石鼓,Shigu,0.93,17.15,23.58,12.45,5.163646386545992,1.34,16729668.0,19125548.0,3634.4062,99.95,26.95,2020,754.16,11.07,0.17,1.3
2020-05-25,shigu,石鼓,Shigu,11.98,14.98,19.18,12.05,3.2406527101919607,0.76,11482562.0,13128684.0,4094.5625,99.95,26.95,2020,754.85,12.41,0.36,0.5
2020-05-26,shigu,石鼓,Shigu,38.57,13.0,16.06,9.86,2.269098248865096,0.7,8878836.0,10151716.0,4550.25,99.95,26.95,2020,755.2,12.64,0.27,-0.25
2020-05-27,shigu,石鼓,Shigu,17.49,8.68,9.61,8.11,0.7599433067081949,0.63,3231092.0,3695308.0,5004.1875,99.95,26.95,2020,756.4,8.18,-0.45,-0.42
2020-05-28,shigu,石鼓,Shigu,10.61,8.44,10.32,5.45,1.0084443701927943,0.78,4293636.0,4911584.0,5175.375,99.95,26.95,2020,755.92,7.54,-0.49,0.48
2020-05-29,shigu,石鼓,Shigu,0.93,14.67,20.0,6.15,6.5123252352492775,0.9,22833430.0,26122876.0,5042.5,99.95,26.95,2020,755.15,7.14,-0.22,0.76
2020-05-30,shigu,石鼓,Shigu,1.95,15.42,21.99,8.84,6.145834245752122,0.92,21381010.0,24466336.0,4704.8125,99.95,26.95,2020,755.97,9.39,0.14,0.76
2020-05-31,shigu,石鼓,Shigu,0.16,17.03,21.98,11.11,6.321072191250943,1.19,20665472.0,23651968.0,4319.9375,99.95,26.95,2020,755.69,9.51,-0.17,1.15
2020-06-01,shigu,石鼓,Shigu,0.69,16.59,21.79,12.02,5.6409638319211375,1.2,18780590.0,21499604.0,3975.0938,99.95,26.95,2020,754.48,10.37,0.02,1.17
2020-06-02,shigu,石鼓,Shigu,1.1,15.81,21.53,10.54,4.774243295256713,1.3,16354676.0,18726208.0,3702.6562,99.95,26.95,2020,753.82,10.94,-0.14,1.27
2020-06-03,shigu,石鼓,Shigu,0.35,16.3,21.64,10.88,5.350703391625896,1.38,17699308.0,20269332.0,3585.2812,99.95,26.95,2020,753.56,9.88,0.03,1.35
2020-06-04,shigu,石鼓,Shigu,0.78,15.68,21.36,10.75,4.758926167405957,1.22,16211434.0,18565824.0,3624.2812,99.95,26.95,2020,753.56,10.49,-0.13,1.18
2020-06-05,shigu,石鼓,Shigu,1.73,16.49,22.4,11.93,4.755183709330344,1.02,16100130.0,18444372.0,3745.6562,99.95,26.95,2020,753.58,12.07,0.11,0.96
2020-06-06,shigu,石鼓,Shigu,0.67,17.09,22.26,12.93,5.398546476896327,1.32,18103612.0,20740596.0,3933.9688,99.95,26.95,2020,752.38,12.12,0.06,1.31
2020-06-07,shigu,石鼓,Shigu,0.26,18.16,24.51,12.72,5.705502756846324,1.5,18059100.0,20693732.0,4113.9062,99.95,26.95,2020,751.33,11.73,-0.1,1.48
2020-06-08,shigu,石鼓,Shigu,0.09,19.02,24.44,13.23,5.833296576133889,1.11,17933480.0,20552336.0,4268.0938,99.95,26.95,2020,752.72,11.71,-0.04,1.05
2020-06-09,shigu,石鼓,Shigu,1.32,20.01,26.05,14.06,6.918137519210463,0.87,21339160.0,24458304.0,4483.875,99.95,26.95,2020,753.61,12.56,0.13,0.73
2020-06-10,shigu,石鼓,Shigu,0.32,20.35,26.01,15.21,6.892303728240499,1.3,20690842.0,23719700.0,4722.5938,99.95,26.95,2020,752.96,12.31,0.1,1.29
2020-06-11,shigu,石鼓,Shigu,0.47,20.24,25.88,15.27,6.688857761933683,1.54,20255828.0,23225368.0,4920.6875,99.95,26.95,2020,751.6,13.07,-0.01,1.54
2020-06-12,shigu,石鼓,Shigu,0.34,20.02,26.19,15.8,6.027115599175046,1.45,18129710.0,20791820.0,5035.6875,99.95,26.95,2020,751.0,13.13,-0.07,1.44
2020-06-13,shigu,石鼓,Shigu,8.95,20.57,26.54,15.59,5.583190978253598,0.71,16768150.0,19232608.0,5083.0625,99.95,26.95,2020,752.84,13.52,0.06,0.51
2020-06-14,shigu,石鼓,Shigu,5.27,17.61,21.56,14.97,3.7574679245515306,0.64,12414500.0,14236952.0,5135.1562,99.95,26.95,2020,754.99,14.61,0.3,-0.49
2020-06-15,shigu,石鼓,Shigu,12.51,17.99,22.29,15.72,4.121584400891413,0.76,13737102.0,15763784.0,5247.1562,99.95,26.95,2020,753.17,15.44,0.59,0.1
2020-06-16,shigu,石鼓,Shigu,5.84,17.1,20.64,14.21,2.622607995288628,0.95,9021938.0,10354928.0,5409.7188,99.95,26.95,2020,751.48,15.6,0.34,0.85
2020-06-17,shigu,石鼓,Shigu,0.68,20.4,26.23,15.51,5.849312302871878,1.23,17877970.0,20523128.0,5584.8125,99.95,26.95,2020,750.95,14.69,0.24,1.19
2020-06-18,shigu,石鼓,Shigu,4.66,18.11,23.52,14.75,3.750352457330299,0.67,12279538.0,14101100.0,5816.0312,99.95,26.95,2020,753.41,15.27,0.14,0.58
2020-06-19,shigu,石鼓,Shigu,2.2,19.19,24.47,15.41,4.889891263594257,0.97,15657046.0,17986076.0,6191.9688,99.95,26.95,2020,752.94,15.29,0.47,0.83
2020-06-20,shigu,石鼓,Shigu,0.42,20.38,25.62,15.72,5.896560318687979,1.44,17922938.0,20593340.0,6582.75,99.95,26.95,2020,752.01,14.52,0.17,1.42
2020-06-21,shigu,石鼓,Shigu,0.42,19.6,25.15,15.51,4.772146684710017,1.42,14417636.0,16572424.0,6802.375,99.95,26.95,2020,750.74,14.22,0.11,1.41
2020-06-22,shigu,石鼓,Shigu,0.3,20.42,26.75,15.67,5.66757301488858,1.2,16803982.0,19320104.0,6954.6875,99.95,26.95,2020,751.96,13.61,0.22,1.16
2020-06-23,shigu,石鼓,Shigu,0.74,20.5,26.11,16.06,5.823071401370671,1.29,17305262.0,19903272.0,7080.8438,99.95,26.95,2020,753.06,13.82,0.05,1.28
2020-06-24,shigu,石鼓,Shigu,4.09,17.41,20.55,13.83,3.2936092719150314,0.76,10711474.0,12325248.0,7169.0,99.95,26.95,2020,754.57,14.08,-0.19,0.68
2020-06-25,shigu,石鼓,Shigu,0.41,19.3,24.34,14.57,5.584083165761533,0.93,17419472.0,20046548.0,7301.7812,99.95,26.95,2020,752.35,13.55,0.42,0.58
2020-06-26,shigu,石鼓,Shigu,0.46,20.32,25.66,15.96,6.1137762023431526,1.5,18416792.0,21198944.0,7387.5625,99.95,26.95,2020,750.59,13.89,0.1,1.49
2020-06-27,shigu,石鼓,Shigu,0.24,19.77,24.73,15.03,5.11701134497387,1.43,15317744.0,17637992.0,7321.0938,99.95,26.95,2020,751.46,13.84,0.16,1.42
2020-06-28,shigu,石鼓,Shigu,0.24,20.78,26.82,15.68,6.200746730704888,1.32,18185026.0,20944428.0,7269.0312,99.95,26.95,2020,752.14,13.38,0.05,1.31
2020-06-29,shigu,石鼓,Shigu,1.98,20.42,26.93,15.99,6.032768790194639,1.11,18318800.0,21105956.0,7374.8125,99.95,26.95,2020,752.29,14.29,0.02,1.1
2020-06-30,shigu,石鼓,Shigu,4.95,19.3,24.45,15.82,4.279309791700897,0.64,13118170.0,15116768.0,7535.3438,99.95,26.95,2020,752.34,13.85,0.16,0.49
2020-07-01,shigu,石鼓,Shigu,28.75,18.46,24.32,15.64,4.1977448010543,0.51,13582592.0,15656832.0,7651.8125,99.95,26.95,2020,751.87,15.43,0.19,-0.01
2020-07-02,shigu,石鼓,Shigu,13.46,16.5,19.38,14.13,1.933369371466169,0.39,6609878.0,7623392.0,7800.625,99.95,26.95,2020,753.87,15.82,-0.01,-0.23
2020-07-03,shigu,石鼓,Shigu,9.4,17.89,21.63,14.31,4.508827707004729,0.71,14915394.0,17203340.0,8041.125,99.95,26.95,2020,754.09,14.92,0.48,-0.31
2020-07-04,shigu,石鼓,Shigu,16.9,16.68,19.8,14.65,3.1768900276574152,0.71,11110968.0,12817920.0,8213.625,99.95,26.95,2020,753.66,15.69,0.59,-0.19
2020-07-05,shigu,石鼓,Shigu,3.97,18.17,21.98,15.37,4.320863393987631,1.0,14250510.0,16446460.0,8363.0,99.95,26.95,2020,751.71,15.14,0.55,0.77
2020-07-06,shigu,石鼓,Shigu,0.78,19.57,24.71,15.86,5.062480221642557,1.21,15604476.0,18014696.0,8550.719000000001,99.95,26.95,2020,752.33,14.5,0.23,1.18
2020-07-07,shigu,石鼓,Shigu,2.33,20.02,24.66,16.59,4.979388422752762,1.12,15141990.0,17487088.0,8675.9375,99.95,26.95,2020,753.52,14.9,0.4,1.01
2020-07-08,shigu,石鼓,Shigu,5.06,18.02,21.42,15.72,2.952171027929261,0.9,9632956.0,11127020.0,8718.780999999999,99.95,26.95,2020,752.77,15.71,0.35,0.8
2020-07-09,shigu,石鼓,Shigu,4.48,17.8,20.33,15.73,3.167217927174496,0.97,10367772.0,11980376.0,8721.219000000001,99.95,26.95,2020,750.41,15.23,0.48,0.83
2020-07-10,shigu,石鼓,Shigu,2.22,18.77,22.46,15.87,4.46492616302162,1.27,14198716.0,16412684.0,8740.6875,99.95,26.95,2020,749.26,14.79,0.43,1.19
2020-07-11,shigu,石鼓,Shigu,2.58,18.41,22.48,15.59,4.520014136297763,1.38,14576294.0,16853168.0,8798.641,99.95,26.95,2020,749.77,14.51,0.19,1.34
2020-07-12,shigu,石鼓,Shigu,16.06,18.73,24.25,15.58,3.673605728351144,0.69,11517850.0,13321064.0,8830.594000000001,99.95,26.95,2020,751.51,14.9,0.04,0.42
2020-07-13,shigu,石鼓,Shigu,10.57,16.9,21.1,15.11,2.849451739637616,0.6,9734130.0,11260852.0,8850.625,99.95,26.95,2020,753.69,15.73,0.39,-0.34
2020-07-14,shigu,石鼓,Shigu,7.9,17.15,20.13,15.19,2.849935062601946,0.78,9879364.0,11432416.0,8922.891,99.95,26.95,2020,754.16,16.26,0.49,0.52
2020-07-15,shigu,石鼓,Shigu,0.77,18.75,22.79,15.65,4.1065082268392095,1.08,12770266.0,14783102.0,8972.969000000001,99.95,26.95,2020,752.58,14.41,0.38,0.99
2020-07-16,shigu,石鼓,Shigu,11.91,18.42,22.61,15.21,3.3450017968424017,1.11,10294372.0,11911834.0,9020.156,99.95,26.95,2020,751.54,14.48,0.33,1.04
2020-07-17,shigu,石鼓,Shigu,19.27,16.36,18.64,15.27,1.5046847471362828,0.65,5278476.0,6104982.0,9126.9375,99.95,26.95,2020,752.62,15.95,0.44,0.45
2020-07-18,shigu,石鼓,Shigu,5.92,18.49,22.74,15.66,3.960063877286887,0.81,13007198.0,15038118.0,9244.094,99.95,26.95,2020,752.29,16.15,0.35,0.66
2020-07-19,shigu,石鼓,Shigu,24.34,17.25,22.49,15.0,3.3745261157399717,0.59,11366938.0,13135534.0,9206.25,99.95,26.95,2020,753.33,15.54,0.37,-0.12
2020-07-20,shigu,石鼓,Shigu,19.21,15.76,17.85,13.98,1.5897605810263848,0.52,5622158.0,6493944.0,9136.3125,99.95,26.95,2020,753.48,15.42,0.39,0.21
2020-07-21,shigu,石鼓,Shigu,9.81,17.27,20.8,14.55,2.8227745617879183,0.81,9298520.0,10736704.0,9148.766,99.95,26.95,2020,753.32,14.85,0.52,0.55
2020-07-22,shigu,石鼓,Shigu,2.23,18.15,21.87,15.34,3.812574449468213,0.95,12422026.0,14337160.0,9126.484,99.95,26.95,2020,753.37,15.11,0.51,0.78
2020-07-23,shigu,石鼓,Shigu,4.24,18.23,24.59,14.79,4.555598500209271,0.97,15045830.0,17359724.0,9027.1875,99.95,26.95,2020,754.75,15.16,0.43,0.84
2020-07-24,shigu,石鼓,Shigu,0.46,19.03,24.06,14.74,5.094045115997503,1.07,16070208.0,18533192.0,8901.719000000001,99.95,26.95,2020,755.39,14.25,0.21,1.0
2020-07-25,shigu,石鼓,Shigu,1.86,19.12,24.28,15.2,4.897034880759384,0.91,15644258.0,18035482.0,8784.594000000001,99.95,26.95,2020,755.26,15.23,0.06,0.81
2020-07-26,shigu,石鼓,Shigu,10.81,15.41,20.8,10.71,2.3239804063758323,0.66,8113240.0,9349010.0,8823.546999999999,99.95,26.95,2020,756.67,13.82,-0.1,0.23
2020-07-27,shigu,石鼓,Shigu,0.0,19.46,25.08,11.22,8.046173253470535,0.92,24830074.0,28599328.0,8954.328000000001,99.95,26.95,2020,755.71,9.76,0.37,-0.12
2020-07-28,shigu,石鼓,Shigu,0.75,20.22,24.55,15.87,6.4356447995753525,0.74,19539268.0,22496570.0,8870.078000000001,99.95,26.95,2020,754.87,12.59,0.51,0.09
2020-07-29,shigu,石鼓,Shigu,2.94,19.44,23.57,15.71,5.032414551221663,0.71,15558462.0,17906740.0,8554.484,99.95,26.95,2020,754.8,13.77,0.27,0.52
2020-07-30,shigu,石鼓,Shigu,3.55,19.75,24.9,15.54,5.292980573859532,0.78,16180368.0,18613874.0,8281.391,99.95,26.95,2020,754.49,13.53,0.08,0.67
2020-07-31,shigu,石鼓,Shigu,14.46,17.51,22.09,14.15,3.823044098666144,0.56,12809174.0,14729336.0,8167.5312,99.95,26.95,2020,755.0,15.39,0.34,-0.24
2020-08-01,shigu,石鼓,Shigu,6.06,17.81,23.14,13.66,4.648487576013193,0.59,15584172.0,17913226.0,8817.546999999999,99.95,26.95,2020,754.26,15.57,0.21,-0.25
2020-08-02,shigu,石鼓,Shigu,3.53,18.77,23.84,14.71,5.420336545789215,0.72,17909546.0,20578000.0,8814.219000000001,99.95,26.95,2020,753.08,16.09,0.08,-0.43
2020-08-03,shigu,石鼓,Shigu,2.2,19.2,24.07,15.38,5.64926542665512,0.83,18346882.0,21071286.0,8819.1875,99.95,26.95,2020,752.08,15.59,0.28,-0.68
2020-08-04,shigu,石鼓,Shigu,1.74,18.64,22.51,14.89,5.1122521282468565,0.77,16812740.0,19301534.0,8613.5,99.95,26.95,2020,752.66,15.5,0.44,-0.45
2020-08-05,shigu,石鼓,Shigu,1.09,19.97,25.05,15.47,6.1242552850951375,0.73,19300746.0,22148268.0,8216.921999999999,99.95,26.95,2020,754.21,15.13,0.3,-0.07
2020-08-06,shigu,石鼓,Shigu,3.02,20.14,25.86,16.0,5.893283884002713,0.58,18524420.0,21249262.0,7775.2344,99.95,26.95,2020,754.15,15.69,0.19,0.13
2020-08-07,shigu,石鼓,Shigu,10.09,18.96,23.22,16.24,4.281888289244482,0.62,14008072.0,16061968.0,7378.797,99.95,26.95,2020,753.38,16.69,0.51,-0.13
2020-08-08,shigu,石鼓,Shigu,11.72,17.32,20.54,15.03,3.228954089539614,0.59,11108420.0,12731902.0,7099.078,99.95,26.95,2020,753.24,16.34,0.37,-0.1
2020-08-09,shigu,石鼓,Shigu,9.04,17.49,21.47,14.89,3.0154537049175625,0.68,10265848.0,11760458.0,7088.2812,99.95,26.95,2020,752.76,16.07,0.14,0.59
2020-08-10,shigu,石鼓,Shigu,12.31,18.19,23.07,15.63,4.221232648269227,0.77,14272378.0,16346104.0,7207.9688,99.95,26.95,2020,752.21,16.35,0.33,0.55
2020-08-11,shigu,石鼓,Shigu,0.68,19.62,24.82,15.7,5.2919932261127824,1.21,16610670.0,19014670.0,7212.4062,99.95,26.95,2020,751.25,14.73,0.11,1.2
2020-08-12,shigu,石鼓,Shigu,29.15,19.13,25.0,16.12,4.33116608510872,0.79,14039184.0,16064950.0,7134.172,99.95,26.95,2020,752.39,16.15,0.22,0.63
2020-08-13,shigu,石鼓,Shigu,36.49,16.34,18.2,14.96,1.3612492988772646,0.52,4806074.0,5497862.0,7163.4844,99.95,26.95,2020,753.24,16.09,0.42,-0.14
2020-08-14,shigu,石鼓,Shigu,12.01,16.02,17.99,14.66,1.6097189047312803,0.66,5791322.0,6621630.0,7301.3594,99.95,26.95,2020,752.69,15.68,0.29,0.34
2020-08-15,shigu,石鼓,Shigu,4.59,17.78,23.28,14.95,4.07892968239186,0.91,13726842.0,15687678.0,7325.7812,99.95,26.95,2020,751.68,15.07,0.39,0.8
2020-08-16,shigu,石鼓,Shigu,9.86,16.6,20.03,14.38,1.9477155280571457,0.77,6670090.0,7618996.0,7241.0938,99.95,26.95,2020,751.39,15.22,0.26,0.71
2020-08-17,shigu,石鼓,Shigu,35.18,15.85,18.32,13.93,1.9001480013482768,0.58,6749210.0,7704266.0,7231.3594,99.95,26.95,2020,752.15,15.15,0.05,-0.13
2020-08-18,shigu,石鼓,Shigu,37.74,13.36,15.46,11.52,0.7188533725076162,0.7,2714502.0,3097432.0,7367.797,99.95,26.95,2020,755.17,13.0,-0.63,-0.27
2020-08-19,shigu,石鼓,Shigu,7.0,13.57,14.86,11.8,1.8790136758756908,0.47,6667736.0,7604384.0,7541.7656,99.95,26.95,2020,756.92,11.17,-0.0,-0.35
2020-08-20,shigu,石鼓,Shigu,1.84,15.91,19.5,12.55,4.13207583272442,0.66,14433722.0,16454782.0,7423.5625,99.95,26.95,2020,756.72,13.1,0.3,-0.22
2020-08-21,shigu,石鼓,Shigu,5.19,17.2,22.35,13.26,5.049833716975543,0.62,17175340.0,19570854.0,7062.375,99.95,26.95,2020,755.93,14.06,0.3,0.11
2020-08-22,shigu,石鼓,Shigu,5.55,16.45,20.87,14.1,3.75355196910442,0.68,13193732.0,15025694.0,6640.672,99.95,26.95,2020,755.61,14.76,0.51,-0.09
2020-08-23,shigu,石鼓,Shigu,1.7,18.64,23.57,14.77,5.392375701227858,0.76,17575064.0,20006596.0,6248.5156,99.95,26.95,2020,753.42,14.2,0.52,0.45
2020-08-24,shigu,石鼓,Shigu,7.92,16.22,18.58,12.76,2.488821779620296,0.5,8580818.0,9763568.0,5941.9844,99.95,26.95,2020,755.24,14.53,-0.04,0.1
2020-08-25,shigu,石鼓,Shigu,0.17,19.24,24.77,12.48,6.689373080796223,0.81,20976300.0,23855214.0,5827.8438,99.95,26.95,2020,756.19,11.24,0.06,-0.07
2020-08-26,shigu,石鼓,Shigu,0.37,19.6,26.29,12.6,7.320952660683613,0.87,23129130.0,26290818.0,5744.4375,99.95,26.95,2020,754.94,12.19,-0.06,0.71
2020-08-27,shigu,石鼓,Shigu,0.48,19.15,25.33,13.81,6.208249988216504,1.1,19820906.0,22519662.0,5542.672,99.95,26.95,2020,752.54,13.13,-0.1,1.03
2020-08-28,shigu,石鼓,Shigu,9.6,17.3,23.44,13.24,4.6652241421731775,0.71,15935152.0,18096002.0,5290.2656,99.95,26.95,2020,752.82,14.39,0.27,0.46
2020-08-29,shigu,石鼓,Shigu,1.73,17.35,21.15,14.3,3.60505299452832,0.6,12019748.0,13642506.0,5039.2812,99.95,26.95,2020,753.63,14.14,0.35,0.27
2020-08-30,shigu,石鼓,Shigu,41.23,16.7,21.23,14.63,3.3047369545942256,0.6,11444972.0,12983624.0,4822.3438,99.95,26.95,2020,754.45,14.85,0.29,-0.07
2020-08-31,shigu,石鼓,Shigu,16.66,15.03,17.5,13.12,1.948254635924,0.58,7147500.0,8104466.0,4685.1406,99.95,26.95,2020,758.09,14.48,0.25,-0.48
2020-09-01,shigu,石鼓,Shigu,0.12,18.09,22.32,13.24,5.037318190653737,0.76,16409380.0,18597870.0,4639.703,99.95,26.95,2020,758.14,12.88,0.58,-0.1
2020-09-02,shigu,石鼓,Shigu,2.95,18.25,22.89,14.07,5.3861712744166255,0.66,17816990.0,20183486.0,4614.5625,99.95,26.95,2020,758.08,14.01,0.4,0.04
2020-09-03,shigu,石鼓,Shigu,5.8,17.09,22.38,13.41,4.0565098329768725,0.57,14100934.0,15966292.0,4536.797000000001,99.95,26.95,2020,757.79,15.53,0.19,0.27
2020-09-04,shigu,石鼓,Shigu,4.72,17.4,22.2,13.89,4.234410815669918,0.75,14479314.0,16386430.0,4434.125,99.95,26.95,2020,755.74,14.7,0.13,0.66
2020-09-05,shigu,石鼓,Shigu,1.05,18.01,22.89,13.99,4.667552887726111,1.06,15129942.0,17114540.0,4302.0312,99.95,26.95,2020,753.77,12.96,0.16,1.02
2020-09-06,shigu,石鼓,Shigu,6.57,16.29,19.11,14.15,2.7704886172576586,0.47,9575872.0,10826528.0,4154.5156,99.95,26.95,2020,755.51,14.34,0.08,-0.02
2020-09-07,shigu,石鼓,Shigu,3.97,17.09,20.24,14.35,3.702643426119224,0.61,12439814.0,14057800.0,4084.6719,99.95,26.95,2020,756.12,13.63,0.55,-0.15
2020-09-08,shigu,石鼓,Shigu,10.76,16.59,20.6,13.66,3.8055220235348335,0.71,13410858.0,15147672.0,4067.4531,99.95,26.95,2020,757.09,14.68,0.63,-0.13
2020-09-09,shigu,石鼓,Shigu,13.6,17.1,22.57,14.01,4.737663718041767,0.62,16540550.0,18673418.0,4038.3594,99.95,26.95,2020,755.09,15.15,0.35,0.33
2020-09-10,shigu,石鼓,Shigu,21.56,16.47,21.86,14.44,3.4149176080627783,0.53,12002264.0,13543520.0,3977.9219,99.95,26.95,2020,754.13,14.97,0.34,-0.01
2020-09-11,shigu,石鼓,Shigu,6.7,16.41,20.22,14.26,2.7672582298739266,0.47,9665066.0,10899664.0,3959.0781,99.95,26.95,2020,755.86,14.99,0.39,-0.08
2020-09-12,shigu,石鼓,Shigu,26.27,16.87,21.26,14.48,3.5626446491066623,0.61,12533806.0,14128364.0,4009.7656,99.95,26.95,2020,756.95,15.5,0.54,-0.14
2020-09-13,shigu,石鼓,Shigu,16.03,16.15,20.36,14.58,2.6307565815775247,0.55,9354174.0,10538638.0,4086.9844,99.95,26.95,2020,756.52,15.06,0.49,-0.14
2020-09-14,shigu,石鼓,Shigu,14.92,15.93,19.11,13.57,2.432584171441836,0.61,8779558.0,9887510.0,4214.172000000001,99.95,26.95,2020,755.01,15.1,0.39,0.39
2020-09-15,shigu,石鼓,Shigu,1.16,17.73,21.53,14.21,4.099741697901806,0.9,13787544.0,15520638.0,4367.8906,99.95,26.95,2020,754.13,14.33,0.54,0.69
2020-09-16,shigu,石鼓,Shigu,1.1,17.62,21.83,14.66,4.060484266559172,0.9,13630532.0,15339176.0,4473.1562,99.95,26.95,2020,754.1,14.06,0.41,0.77
2020-09-17,shigu,石鼓,Shigu,17.11,16.44,20.82,13.82,3.079553238168555,0.84,10859976.0,12216936.0,4507.1094,99.95,26.95,2020,756.36,14.46,0.41,-0.47
2020-09-18,shigu,石鼓,Shigu,1.35,13.82,15.81,12.11,1.381971877935278,0.81,4955536.0,5572972.0,4545.414000000002,99.95,26.95,2020,758.45,12.22,0.5,-0.63
2020-09-19,shigu,石鼓,Shigu,0.28,16.39,20.07,11.86,3.710868224598189,0.79,12785450.0,14375246.0,4650.9297,99.95,26.95,2020,757.3,13.0,0.58,-0.51
2020-09-20,shigu,石鼓,Shigu,3.56,16.52,20.54,13.43,3.9510909704127104,0.77,13800990.0,15513184.0,4653.5938,99.95,26.95,2020,755.67,13.68,0.6,0.14
2020-09-21,shigu,石鼓,Shigu,1.23,18.23,22.96,13.78,4.63533918781205,0.88,15208960.0,17090024.0,4505.9453,99.95,26.95,2020,754.69,13.64,0.41,0.72
2020-09-22,shigu,石鼓,Shigu,12.45,16.36,20.79,14.04,2.828035143363348,0.65,9997305.0,11230676.0,4309.797000000001,99.95,26.95,2020,755.67,14.8,0.56,0.22
2020-09-23,shigu,石鼓,Shigu,21.74,14.34,16.56,12.56,1.1840074223189738,0.71,4530848.5,5087742.0,4200.367,99.95,26.95,2020,757.29,14.06,0.42,-0.51
2020-09-24,shigu,石鼓,Shigu,2.81,14.81,17.21,12.54,1.7857899616403985,0.79,6526940.5,7326852.0,4290.9375,99.95,26.95,2020,755.51,13.58,0.71,-0.03
2020-09-25,shigu,石鼓,Shigu,10.68,15.24,18.07,13.61,1.9556883662451447,0.78,7251548.0,8139426.0,4447.125,99.95,26.95,2020,753.8,14.44,0.41,0.63
2020-09-26,shigu,石鼓,Shigu,6.75,15.64,18.97,13.85,2.520936614366927,0.69,9188032.0,10308580.0,4524.2188,99.95,26.95,2020,754.22,14.56,0.66,0.1
2020-09-27,shigu,石鼓,Shigu,2.73,16.28,19.83,13.59,3.0341050146951685,0.88,10910359.0,12238534.0,4673.1484,99.95,26.95,2020,754.78,14.66,0.44,0.7
2020-09-28,shigu,石鼓,Shigu,0.48,18.06,23.25,12.92,4.302006952576392,1.02,13841613.0,15521495.0,4838.7188,99.95,26.95,2020,754.55,12.85,0.1,0.96
2020-09-29,shigu,石鼓,Shigu,0.58,17.88,22.69,13.1,4.0391351524021,0.74,12988325.0,14561682.0,4881.085999999998,99.95,26.95,2020,754.78,12.35,0.08,0.52
2020-09-30,shigu,石鼓,Shigu,0.06,17.96,23.09,12.99,4.4233226020597884,0.9,14199906.0,15914950.0,4798.5703,99.95,26.95,2020,753.92,12.16,0.06,0.82
2020-10-01,shigu,石鼓,Shigu,0.07,17.45,22.08,12.88,4.1916379778101085,0.88,13764628.0,15422861.0,4608.8438,99.95,26.95,2020,754.21,12.41,0.18,0.81
2020-10-02,shigu,石鼓,Shigu,0.11,17.31,21.91,12.43,3.535779632786112,0.87,11464332.0,12841421.0,4386.078,99.95,26.95,2020,755.1,12.53,0.16,0.78
2020-10-03,shigu,石鼓,Shigu,1.59,16.53,21.17,12.74,2.8224245626825484,0.82,9527644.0,10669073.0,4180.8906,99.95,26.95,2020,756.07,13.37,0.11,0.71
2020-10-04,shigu,石鼓,Shigu,0.39,17.34,22.04,13.33,3.9957329759040014,0.8,13183061.0,14758170.0,4016.0547,99.95,26.95,2020,755.89,12.53,0.23,0.65
2020-10-05,shigu,石鼓,Shigu,1.6,17.08,22.34,13.49,4.033844675077253,0.79,13497153.0,15105308.0,3888.9219,99.95,26.95,2020,756.09,12.56,0.42,0.54
2020-10-06,shigu,石鼓,Shigu,5.73,16.52,20.22,13.66,3.8820024574120575,0.81,13453575.0,15051608.0,3801.4219,99.95,26.95,2020,757.29,13.13,0.55,0.58
2020-10-07,shigu,石鼓,Shigu,16.56,15.28,20.0,12.58,3.099351400987,0.61,11499690.0,12861620.0,3762.7266,99.95,26.95,2020,758.46,14.44,0.42,0.03
2020-10-08,shigu,石鼓,Shigu,4.71,16.6,21.38,13.17,3.8292067861407264,0.71,13384308.0,14965485.0,3759.0703,99.95,26.95,2020,758.4,13.82,0.49,0.22
2020-10-09,shigu,石鼓,Shigu,9.08,15.81,19.78,13.54,3.3378314681814003,0.73,12066809.0,13487575.0,3777.6328,99.95,26.95,2020,758.2,13.95,0.51,0.12
2020-10-10,shigu,石鼓,Shigu,1.53,16.54,19.95,14.05,2.852166038423652,0.69,9697776.0,10837396.0,3748.4688,99.95,26.95,2020,756.61,13.47,0.34,0.53
2020-10-11,shigu,石鼓,Shigu,2.06,17.02,21.73,12.99,3.9251967653995177,0.78,13251248.0,14804368.0,3625.9844,99.95,26.95,2020,755.51,12.9,0.39,0.34
2020-10-12,shigu,石鼓,Shigu,1.67,15.56,19.62,12.85,3.178819518520118,0.78,11273944.0,12589882.0,3450.1328,99.95,26.95,2020,755.85,12.74,0.58,0.11
2020-10-13,shigu,石鼓,Shigu,0.77,16.3,20.7,12.7,3.6225225687671183,0.75,12319408.0,13754664.0,3265.7734,99.95,26.95,2020,756.28,12.02,0.38,0.47
2020-10-14,shigu,石鼓,Shigu,2.1,15.3,19.86,12.64,3.7701783817630266,0.72,13471490.0,15036106.0,3091.039,99.95,26.95,2020,757.98,11.97,0.53,-0.25
2020-10-15,shigu,石鼓,Shigu,4.53,15.44,19.95,12.74,3.5915350207542427,0.72,13027850.0,14537206.0,2928.75,99.95,26.95,2020,757.59,13.12,0.63,-0.28
2020-10-16,shigu,石鼓,Shigu,16.49,13.71,17.67,11.13,2.587395872247236,0.95,10112032.0,11280498.0,2778.3047,99.95,26.95,2020,758.41,12.48,0.72,-0.62
2020-10-17,shigu,石鼓,Shigu,5.37,10.76,11.45,10.34,0.7177977950344899,1.06,2964682.0,3306422.0,2648.0781,99.95,26.95,2020,758.27,10.17,0.91,-0.51
2020-10-18,shigu,石鼓,Shigu,8.31,13.04,16.37,11.0,2.15754950047389,0.74,8520184.0,9500116.0,2525.9844,99.95,26.95,2020,758.03,12.2,0.63,-0.35
2020-10-19,shigu,石鼓,Shigu,17.78,12.34,15.0,10.77,1.6035906835352565,0.77,6600654.0,7358242.0,2418.414,99.95,26.95,2020,757.59,12.08,0.61,-0.46
2020-10-20,shigu,石鼓,Shigu,39.25,11.58,13.02,10.04,0.4897124383371347,0.92,2081080.0,2320176.0,2373.5625,99.95,26.95,2020,758.28,11.47,0.65,-0.6
2020-10-21,shigu,石鼓,Shigu,13.26,6.03,9.52,4.63,0.3769493437694884,0.98,1627602.0,1822844.0,2447.1094,99.95,26.95,2020,760.21,5.29,0.08,-0.95
2020-10-22,shigu,石鼓,Shigu,11.34,7.71,9.02,6.1,0.7245474792546357,0.79,3130688.0,3533502.0,2534.375,99.95,26.95,2020,759.99,6.85,0.33,-0.69
2020-10-23,shigu,石鼓,Shigu,4.03,8.36,9.08,7.02,0.7645106810791623,0.65,3150630.0,3529280.0,2592.9297,99.95,26.95,2020,758.48,7.14,0.58,-0.19
2020-10-24,shigu,石鼓,Shigu,2.14,10.48,12.04,8.42,0.8734838811807629,0.62,3480672.0,3885988.0,2605.7188,99.95,26.95,2020,758.07,9.49,0.39,0.37
2020-10-25,shigu,石鼓,Shigu,0.55,14.47,19.86,10.07,2.7659441090588075,0.9,9664338.0,10768580.0,2572.0,99.95,26.95,2020,757.55,10.65,0.05,0.85
2020-10-26,shigu,石鼓,Shigu,0.06,14.01,19.14,10.3,3.0354062278536738,0.67,10737852.0,11957620.0,2487.9531,99.95,26.95,2020,757.86,9.43,0.27,0.29
2020-10-27,shigu,石鼓,Shigu,0.54,14.67,19.94,8.57,3.691996836919592,0.96,12764892.0,14212196.0,2379.1875,99.95,26.95,2020,757.68,9.21,0.13,0.85
2020-10-28,shigu,石鼓,Shigu,0.44,14.36,20.04,7.96,4.141689308848944,0.67,14822182.0,16498916.0,2277.1172,99.95,26.95,2020,759.57,9.14,0.1,0.36
2020-10-29,shigu,石鼓,Shigu,1.45,14.1,19.43,8.9,3.8624725794213655,0.65,14179964.0,15781140.0,2196.086,99.95,26.95,2020,761.05,10.37,0.38,-0.16
2020-10-30,shigu,石鼓,Shigu,0.39,14.14,18.91,9.92,3.3275435784336738,0.7,12194744.0,13569316.0,2115.9375,99.95,26.95,2020,760.55,10.89,0.33,0.36
2020-10-31,shigu,石鼓,Shigu,1.49,14.14,18.26,10.4,3.0129134529405026,0.78,11157272.0,12412708.0,2024.9141,99.95,26.95,2020,759.19,11.54,0.51,0.55
2020-11-01,shigu,石鼓,Shigu,3.24,14.17,17.77,12.34,2.359688490131392,0.72,8801688.0,9790748.0,1931.1328,99.95,26.95,2020,758.68,12.45,0.33,0.62
2020-11-02,shigu,石鼓,Shigu,10.39,13.41,17.71,10.25,2.56043004873002,0.71,9873770.0,10980560.0,1850.0156,99.95,26.95,2020,758.56,11.96,0.58,0.16
2020-11-03,shigu,石鼓,Shigu,1.95,13.05,16.75,10.46,2.4033633401779206,0.66,9119726.0,10138136.0,1800.4844,99.95,26.95,2020,757.46,10.93,0.33,0.48
2020-11-04,shigu,石鼓,Shigu,0.37,13.52,18.2,9.51,3.4611346405230305,1.21,11946042.0,13280280.0,1767.4453,99.95,26.95,2020,756.17,7.52,0.25,1.14
2020-11-05,shigu,石鼓,Shigu,0.16,11.78,17.36,4.68,3.442119488473491,1.24,12557018.0,13957476.0,1734.1953,99.95,26.95,2020,758.13,5.69,-0.04,1.16
2020-11-06,shigu,石鼓,Shigu,0.0,11.7,17.1,5.02,3.863547392713303,0.76,14437916.0,16044648.0,1700.9375,99.95,26.95,2020,760.58,4.84,0.19,0.43
2020-11-07,shigu,石鼓,Shigu,0.06,11.62,16.85,6.12,3.818017500580076,0.71,14437374.0,16040276.0,1655.1094,99.95,26.95,2020,761.96,5.33,0.42,0.07
2020-11-08,shigu,石鼓,Shigu,0.13,11.34,16.35,6.2,3.7154424617509183,0.64,14065608.0,15624768.0,1602.9531,99.95,26.95,2020,762.4,4.62,0.23,0.14
2020-11-09,shigu,石鼓,Shigu,0.75,10.72,14.94,6.69,3.245319932390021,0.55,12811142.0,14228544.0,1554.9062,99.95,26.95,2020,762.13,6.32,0.18,-0.31
2020-11-10,shigu,石鼓,Shigu,0.35,11.22,15.26,7.6,2.6512205418316555,0.47,10104776.0,11220892.0,1510.7891,99.95,26.95,2020,761.92,6.53,0.25,-0.17
2020-11-11,shigu,石鼓,Shigu,0.08,11.75,17.02,6.13,3.3409762755618457,0.57,12560120.0,13944704.0,1465.25,99.95,26.95,2020,762.06,6.0,-0.02,0.31
2020-11-12,shigu,石鼓,Shigu,0.04,11.29,16.63,5.68,3.454819984928912,0.59,13299196.0,14761920.0,1417.3281,99.95,26.95,2020,762.16,5.99,0.15,0.08
2020-11-13,shigu,石鼓,Shigu,0.0,11.35,16.88,6.56,3.6484083933954135,0.61,14109862.0,15658668.0,1370.0859,99.95,26.95,2020,760.86,6.14,0.23,0.09
2020-11-14,shigu,石鼓,Shigu,0.02,11.37,16.8,6.29,3.343752960487746,0.63,12758672.0,14156676.0,1326.2578,99.95,26.95,2020,760.36,5.9,0.18,0.2
2020-11-15,shigu,石鼓,Shigu,0.0,11.33,17.35,5.48,3.929019103594436,0.61,15180208.0,16841028.0,1287.0547,99.95,26.95,2020,760.8,5.5,0.13,0.31
2020-11-16,shigu,石鼓,Shigu,0.0,11.0,17.26,4.18,3.903166743605032,0.91,14875462.0,16502812.0,1252.4609,99.95,26.95,2020,757.78,4.04,0.16,0.78
2020-11-17,shigu,石鼓,Shigu,0.04,9.96,15.24,4.33,3.547079802252575,1.4,13016190.0,14440824.0,1222.2188,99.95,26.95,2020,754.46,1.74,0.11,1.34
2020-11-18,shigu,石鼓,Shigu,0.49,8.5,13.78,3.19,3.0412693956248287,1.38,12005466.0,13319368.0,1198.3906,99.95,26.95,2020,755.05,1.99,-0.14,1.34
2020-11-19,shigu,石鼓,Shigu,0.0,8.68,14.23,2.86,3.4286833914401487,1.3,13331464.0,14790488.0,1184.6875,99.95,26.95,2020,754.77,0.73,-0.08,1.27
2020-11-20,shigu,石鼓,Shigu,0.0,8.65,14.38,3.26,3.8210295249900383,1.45,14583182.0,16178848.0,1173.4219,99.95,26.95,2020,754.46,-0.98,-0.23,1.42
2020-11-21,shigu,石鼓,Shigu,0.04,8.98,14.74,2.97,3.8156506653955855,1.31,14510092.0,16097916.0,1158.8906,99.95,26.95,2020,756.06,-0.55,-0.24,1.27
2020-11-22,shigu,石鼓,Shigu,2.3,6.95,10.17,2.49,1.4897448297413909,1.02,6290788.0,6991276.0,1143.5,99.95,26.95,2020,757.77,3.96,0.29,0.76
2020-11-23,shigu,石鼓,Shigu,0.0,7.56,13.27,2.04,2.842455645669037,1.13,11511340.0,12797840.0,1132.8203,99.95,26.95,2020,759.23,0.88,-0.2,1.03
2020-11-24,shigu,石鼓,Shigu,0.0,7.56,13.8,1.17,3.417824942856475,1.37,13687336.0,15205204.0,1126.3047,99.95,26.95,2020,758.6,-0.88,-0.29,1.26
2020-11-25,shigu,石鼓,Shigu,0.0,7.55,14.44,1.72,3.589146139880715,1.28,14934870.0,16582492.0,1114.6719,99.95,26.95,2020,758.87,-0.13,-0.48,1.16
2020-11-26,shigu,石鼓,Shigu,0.0,8.34,15.71,1.71,3.7309792332833376,1.11,14742288.0,16362916.0,1100.4766,99.95,26.95,2020,760.28,-0.91,-0.41,0.98
2020-11-27,shigu,石鼓,Shigu,0.0,9.53,16.78,1.73,3.8753564286086872,0.87,14736064.0,16352420.0,1086.7891,99.95,26.95,2020,760.14,-0.7,-0.05,0.74
2020-11-28,shigu,石鼓,Shigu,0.0,8.82,14.87,3.11,3.4337279569875494,0.98,13257916.0,14710404.0,1075.6953,99.95,26.95,2020,759.77,-0.04,-0.36,0.85
2020-11-29,shigu,石鼓,Shigu,0.0,8.43,14.3,2.94,3.6009108024968928,0.9,14314990.0,15881632.0,1067.9375,99.95,26.95,2020,759.96,-0.54,-0.35,0.78
2020-11-30,shigu,石鼓,Shigu,0.0,8.46,14.74,2.5,3.761305389909726,1.02,14727166.0,16338424.0,1061.2109,99.95,26.95,2020,759.14,-1.44,0.03,0.91
2020-12-01,shigu,石鼓,Shigu,0.0,8.16,14.42,2.46,3.75570036590002,1.0,14860670.0,16486216.0,1053.2109,99.95,26.95,2020,758.34,-1.89,-0.31,0.93
2020-12-02,shigu,石鼓,Shigu,0.0,8.47,14.15,2.62,3.5338288783625336,0.87,13953104.0,15478776.0,1043.9062,99.95,26.95,2020,756.59,-0.7,0.18,0.76
2020-12-03,shigu,石鼓,Shigu,0.22,7.7,12.76,2.77,3.0441955977493413,1.1,11879856.0,13179444.0,1034.7109,99.95,26.95,2020,756.67,-0.9,0.05,1.02
2020-12-04,shigu,石鼓,Shigu,0.51,6.8,12.04,0.71,2.949522458962606,1.08,12484812.0,13850304.0,1026.0156,99.95,26.95,2020,756.05,0.08,-0.09,1.0
2020-12-05,shigu,石鼓,Shigu,0.05,6.75,12.22,1.13,3.0616730234002967,1.19,12611780.0,13991216.0,1018.1172,99.95,26.95,2020,756.33,-1.21,0.01,1.11
2020-12-06,shigu,石鼓,Shigu,0.01,6.94,12.26,1.67,2.90513184633114,1.09,11939570.0,13245452.0,1010.9453,99.95,26.95,2020,756.79,-0.49,-0.31,1.03
2020-12-07,shigu,石鼓,Shigu,0.81,5.54,10.76,0.14,2.5481149873363846,1.11,11673768.0,12951320.0,1004.6328,99.95,26.95,2020,758.15,0.69,-0.12,1.02
2020-12-08,shigu,石鼓,Shigu,0.0,6.35,13.06,0.01,3.152082233572219,0.91,13667044.0,15162512.0,997.46875,99.95,26.95,2020,757.51,-0.96,-0.2,0.79
2020-12-09,shigu,石鼓,Shigu,0.0,7.36,13.99,0.94,3.414920173457716,1.16,14141938.0,15688588.0,989.6875,99.95,26.95,2020,755.3,-0.53,-0.35,1.07
2020-12-10,shigu,石鼓,Shigu,0.0,8.04,14.67,1.27,3.3911159489957816,1.1,13999560.0,15530244.0,981.4922,99.95,26.95,2020,754.52,1.17,-0.05,1.04
2020-12-11,shigu,石鼓,Shigu,0.0,7.51,13.91,1.09,2.9955402404335683,1.28,12126980.0,13453156.0,973.6172,99.95,26.95,2020,754.82,0.47,-0.41,1.2
2020-12-12,shigu,石鼓,Shigu,0.0,8.48,15.07,1.93,3.4697441381596863,1.46,13760142.0,15264488.0,966.34375,99.95,26.95,2020,753.22,1.02,-0.34,1.41
2020-12-13,shigu,石鼓,Shigu,0.0,8.66,15.01,2.86,3.4048010125364705,1.46,12781252.0,14178832.0,959.3672,99.95,26.95,2020,753.03,-0.08,-0.29,1.42
2020-12-14,shigu,石鼓,Shigu,0.0,8.0,13.57,2.73,3.363015166522927,1.32,12855136.0,14260212.0,952.8828,99.95,26.95,2020,755.23,-1.38,-0.33,1.27
2020-12-15,shigu,石鼓,Shigu,0.0,8.28,14.82,2.43,3.7109006980397248,1.23,14151676.0,15698512.0,948.0156,99.95,26.95,2020,756.5,-2.36,-0.2,1.18
2020-12-16,shigu,石鼓,Shigu,0.0,8.21,14.5,2.44,3.7716512074438806,1.28,14138810.0,15686816.0,943.1328,99.95,26.95,2020,755.96,-3.44,-0.22,1.24
2020-12-17,shigu,石鼓,Shigu,0.01,7.57,13.05,2.49,3.2470375781974283,1.46,12268238.0,13613844.0,936.3672,99.95,26.95,2020,754.73,-2.02,-0.12,1.43
2020-12-18,shigu,石鼓,Shigu,0.04,6.84,12.18,1.85,3.26632578637632,1.19,12652544.0,14043108.0,928.7031,99.95,26.95,2020,755.58,-4.27,0.16,1.1
2020-12-19,shigu,石鼓,Shigu,0.0,6.4,12.0,1.48,3.408201676894888,1.03,13688614.0,15195496.0,921.28125,99.95,26.95,2020,757.35,-5.5,0.05,0.92
2020-12-20,shigu,石鼓,Shigu,0.0,6.04,11.72,1.29,3.291524647065234,0.72,13877672.0,15407668.0,914.35156,99.95,26.95,2020,758.67,-5.05,-0.1,0.62
2020-12-21,shigu,石鼓,Shigu,0.0,5.98,11.9,1.25,3.1020734999154085,0.68,13273954.0,14738624.0,907.4375,99.95,26.95,2020,756.98,-3.53,-0.04,0.54
2020-12-22,shigu,石鼓,Shigu,0.0,6.42,12.84,1.22,3.2943593240237807,1.24,13876528.0,15411476.0,900.46875,99.95,26.95,2020,754.56,-1.9,-0.25,1.18
2020-12-23,shigu,石鼓,Shigu,0.0,7.59,14.01,1.08,3.3073074307819583,1.1,13367980.0,14849164.0,893.71094,99.95,26.95,2020,754.57,-0.64,-0.32,1.02
2020-12-24,shigu,石鼓,Shigu,0.0,8.52,15.43,2.26,3.7024412254593706,1.12,14135018.0,15703544.0,887.1172,99.95,26.95,2020,754.61,-1.9,-0.13,1.08
2020-12-25,shigu,石鼓,Shigu,0.0,7.73,14.14,2.0,3.710613583333775,1.38,13973882.0,15527072.0,880.6172,99.95,26.95,2020,754.11,-3.95,-0.15,1.32
2020-12-26,shigu,石鼓,Shigu,0.0,6.24,11.93,1.34,3.449396488599469,1.35,14116918.0,15688648.0,874.3594,99.95,26.95,2020,754.88,-3.9,-0.56,1.22
2020-12-27,shigu,石鼓,Shigu,0.0,6.34,12.81,0.52,3.531619284310992,1.3,14263038.0,15853548.0,868.3594,99.95,26.95,2020,753.73,-4.68,-0.28,1.24
2020-12-28,shigu,石鼓,Shigu,0.0,7.1,14.29,0.37,3.82063020013808,1.56,14432844.0,16044932.0,862.1328,99.95,26.95,2020,753.05,-5.59,-0.41,1.49
2020-12-29,shigu,石鼓,Shigu,0.0,7.89,14.49,1.48,3.7727902635961903,0.92,14452556.0,16069516.0,855.78125,99.95,26.95,2020,755.85,-5.51,-0.12,0.88
2020-12-30,shigu,石鼓,Shigu,0.0,7.84,14.18,2.48,3.744759244668645,0.96,14405960.0,16020372.0,849.5703,99.95,26.95,2020,756.7,-4.9,0.17,0.8
2020-12-31,shigu,石鼓,Shigu,0.0,7.59,14.14,1.87,3.899580631096936,1.36,14631540.0,16273956.0,843.3828,99.95,26.95,2020,756.56,-5.59,-0.24,1.29
2021-01-01,shigu,石鼓,Shigu,0.0,7.46,14.48,1.39,3.807598518408884,1.28,14624686.0,16269036.0,837.21875,99.95,26.95,2021,756.45,-4.75,-0.31,1.22
2021-01-02,shigu,石鼓,Shigu,0.0,7.31,14.58,1.2,3.8961452801897374,1.42,14723984.0,16382192.0,831.1094,99.95,26.95,2021,755.38,-5.86,-0.35,1.35
2021-01-03,shigu,石鼓,Shigu,0.0,7.97,15.34,1.13,3.907347176868466,1.19,14696670.0,16354520.0,825.0469,99.95,26.95,2021,756.05,-5.08,-0.29,1.11
2021-01-04,shigu,石鼓,Shigu,0.0,8.96,16.5,1.71,3.941358850120608,1.45,14395052.0,16021556.0,819.125,99.95,26.95,2021,756.41,-2.2,-0.43,1.37
2021-01-05,shigu,石鼓,Shigu,0.0,9.78,16.83,2.75,3.968444619693776,1.42,14368660.0,15994836.0,813.8906,99.95,26.95,2021,755.77,-0.42,-0.28,1.37
2021-01-06,shigu,石鼓,Shigu,0.01,9.21,15.48,3.62,2.9317448618034434,1.49,10294292.0,11462488.0,810.5625,99.95,26.95,2021,753.39,1.16,-0.34,1.44
2021-01-07,shigu,石鼓,Shigu,0.07,8.77,14.66,3.65,3.2978127270182123,1.57,11869634.0,13217616.0,810.09375,99.95,26.95,2021,753.33,-0.3,-0.29,1.53
2021-01-08,shigu,石鼓,Shigu,0.0,8.19,13.85,3.13,2.949167822317809,1.27,11000964.0,12252476.0,812.375,99.95,26.95,2021,753.88,-0.18,-0.08,1.24
2021-01-09,shigu,石鼓,Shigu,0.0,8.3,14.68,2.83,3.489863172830061,1.41,13121712.0,14616684.0,814.7969,99.95,26.95,2021,752.45,-1.24,-0.34,1.36
2021-01-10,shigu,石鼓,Shigu,0.11,7.68,13.0,2.61,2.6931673168304213,1.34,10181786.0,11344216.0,814.4375,99.95,26.95,2021,752.55,0.16,-0.32,1.29
2021-01-11,shigu,石鼓,Shigu,5.45,1.45,5.86,-1.83,1.1449950569129088,0.98,6009958.0,6813236.0,811.96875,99.95,26.95,2021,757.87,-0.88,0.56,-0.73
2021-01-12,shigu,石鼓,Shigu,1.13,1.93,5.4,-1.93,1.3700340578520014,0.63,5749552.0,7698876.0,809.84375,99.95,26.95,2021,755.63,-1.72,0.22,0.13
2021-01-13,shigu,石鼓,Shigu,0.11,5.39,10.81,0.28,2.260926497097975,0.97,8248166.0,10681500.0,807.90625,99.95,26.95,2021,753.71,-1.22,-0.33,0.89
2021-01-14,shigu,石鼓,Shigu,0.0,6.81,13.09,1.06,3.36805612518848,0.61,13126748.0,16091760.0,802.0469,99.95,26.95,2021,754.08,-1.03,-0.15,0.4
2021-01-15,shigu,石鼓,Shigu,0.0,8.04,14.45,1.79,3.5757269152183744,0.6,14000672.0,16503884.0,792.2031,99.95,26.95,2021,752.38,0.37,0.12,0.37
2021-01-16,shigu,石鼓,Shigu,1.67,7.82,13.88,2.79,2.765689256360624,0.77,10776292.0,12379340.0,781.5469,99.95,26.95,2021,753.39,0.69,0.43,0.12
2021-01-17,shigu,石鼓,Shigu,7.5,1.79,5.28,-0.2,1.1607434767813525,0.9,6260580.0,7478212.0,772.3594,99.95,26.95,2021,759.45,1.0,0.45,-0.75
2021-01-18,shigu,石鼓,Shigu,1.14,4.96,9.55,0.15,2.161206797632155,0.6,8754134.0,11238556.0,766.28125,99.95,26.95,2021,756.37,1.05,0.25,0.33
2021-01-19,shigu,石鼓,Shigu,0.97,6.19,11.7,2.44,2.9280267186073794,1.27,11907788.0,14415200.0,763.21875,99.95,26.95,2021,752.31,0.36,-0.03,1.25
2021-01-20,shigu,石鼓,Shigu,2.05,5.68,10.52,2.62,2.4773053964923126,0.99,10881794.0,12682104.0,760.2031,99.95,26.95,2021,752.04,1.41,0.2,0.95
2021-01-21,shigu,石鼓,Shigu,2.99,4.35,9.27,0.94,2.3199722578561537,0.93,11007646.0,12606260.0,755.625,99.95,26.95,2021,753.28,0.57,0.28,0.81
2021-01-22,shigu,石鼓,Shigu,0.01,5.13,11.29,0.23,2.9864176593223792,1.01,13036234.0,14989176.0,749.7656,99.95,26.95,2021,754.5,-1.99,-0.27,0.92
2021-01-23,shigu,石鼓,Shigu,0.0,5.6,12.64,0.18,3.570709738402704,1.44,15891392.0,18021172.0,742.6406,99.95,26.95,2021,752.28,-1.91,-0.29,1.39
2021-01-24,shigu,石鼓,Shigu,0.0,6.22,13.34,0.25,3.23835909010512,1.59,14405912.0,16208044.0,734.2656,99.95,26.95,2021,753.07,0.19,-0.39,1.53
2021-01-25,shigu,石鼓,Shigu,0.0,7.1,14.05,0.09,3.668977853610952,1.2,15084826.0,16907488.0,726.28125,99.95,26.95,2021,754.75,-1.88,-0.17,1.13
2021-01-26,shigu,石鼓,Shigu,0.0,6.82,13.71,0.66,3.89957662307521,1.4,15982240.0,17885716.0,719.6719,99.95,26.95,2021,754.02,-3.38,-0.3,1.33
2021-01-27,shigu,石鼓,Shigu,0.0,6.79,13.7,0.38,4.038022969659197,1.4,16223420.0,18145796.0,713.59375,99.95,26.95,2021,755.65,-5.04,-0.48,1.29
2021-01-28,shigu,石鼓,Shigu,0.0,7.41,14.17,1.24,4.2271949477559785,1.11,16778964.0,18764648.0,707.3125,99.95,26.95,2021,756.53,-5.46,-0.06,1.03
2021-01-29,shigu,石鼓,Shigu,0.0,7.57,14.09,1.03,4.3735313616632165,1.29,16876794.0,18874976.0,701.1719,99.95,26.95,2021,754.75,-6.56,-0.03,1.26
2021-01-30,shigu,石鼓,Shigu,0.05,7.35,12.92,2.35,4.0092372582880005,1.42,15447252.0,17278476.0,695.4219,99.95,26.95,2021,754.02,-5.04,0.47,1.28
2021-01-31,shigu,石鼓,Shigu,0.89,5.7,11.62,1.35,3.5995438064452565,1.48,15261186.0,17087156.0,690.0781,99.95,26.95,2021,755.51,-4.08,-0.03,1.45
2021-02-01,shigu,石鼓,Shigu,0.0,6.07,12.05,1.15,3.641167174933659,1.21,15050082.0,16847744.0,685.21875,99.95,26.95,2021,756.57,-4.89,-0.01,1.13
2021-02-02,shigu,石鼓,Shigu,0.0,6.65,12.85,1.09,4.040404574011858,1.13,16712628.0,18707980.0,679.9375,99.95,26.95,2021,757.13,-4.7,-0.25,1.05
2021-02-03,shigu,石鼓,Shigu,0.0,7.56,14.42,0.87,4.338179989855342,1.11,17345748.0,19418364.0,674.2656,99.95,26.95,2021,757.19,-4.74,-0.05,1.04
2021-02-04,shigu,石鼓,Shigu,0.0,7.87,14.98,0.83,4.423498771252956,1.37,17358134.0,19435336.0,668.7656,99.95,26.95,2021,757.17,-4.17,-0.28,1.3
2021-02-05,shigu,石鼓,Shigu,0.0,8.38,15.43,1.32,4.629752394506993,1.21,17619968.0,19732196.0,663.5625,99.95,26.95,2021,756.35,-5.8,-0.21,1.16
2021-02-06,shigu,石鼓,Shigu,0.0,8.38,14.62,1.97,4.653179057706477,1.16,17622446.0,19738904.0,658.4375,99.95,26.95,2021,755.42,-6.62,0.02,1.11
2021-02-07,shigu,石鼓,Shigu,0.2,7.76,14.14,2.34,4.139364740962379,1.02,16147920.0,18090820.0,653.3594,99.95,26.95,2021,755.96,-5.24,-0.04,0.92
2021-02-08,shigu,石鼓,Shigu,2.24,5.15,11.11,0.55,2.7438266370356463,0.82,12657658.0,14186608.0,648.3281,99.95,26.95,2021,758.0,-0.04,-0.03,-0.44
2021-02-09,shigu,石鼓,Shigu,0.52,6.5,12.9,0.86,3.6866846405662,0.52,15748484.0,18001740.0,643.6406,99.95,26.95,2021,755.62,-1.48,-0.06,0.11
2021-02-10,shigu,石鼓,Shigu,0.01,8.29,15.17,1.37,4.4674702863149625,0.97,17684880.0,20063736.0,639.625,99.95,26.95,2021,754.3,-2.55,0.08,0.81
2021-02-11,shigu,石鼓,Shigu,0.02,8.37,15.21,1.74,4.480161325261904,1.44,17282252.0,19504908.0,635.8125,99.95,26.95,2021,754.13,-2.96,-0.2,1.36
2021-02-12,shigu,石鼓,Shigu,0.0,8.66,15.13,2.38,4.434248293580675,1.27,17329406.0,19500224.0,631.375,99.95,26.95,2021,754.9,-1.69,-0.3,1.2
2021-02-13,shigu,石鼓,Shigu,0.0,9.23,15.73,2.39,4.456768821025458,1.4,16866592.0,18949424.0,626.2344,99.95,26.95,2021,755.09,-1.4,-0.42,1.31
2021-02-14,shigu,石鼓,Shigu,0.01,9.46,16.07,2.86,4.588853095116376,1.41,16924904.0,19001796.0,621.4375,99.95,26.95,2021,754.38,-2.48,-0.05,1.37
2021-02-15,shigu,石鼓,Shigu,0.19,8.29,14.67,1.1,4.432386905845866,1.58,17400150.0,19531852.0,617.59375,99.95,26.95,2021,753.6,-2.17,-0.23,1.51
2021-02-16,shigu,石鼓,Shigu,0.11,8.47,14.77,0.98,4.113636414169328,1.1,15718280.0,17645772.0,614.34375,99.95,26.95,2021,755.36,-3.2,0.06,0.98
2021-02-17,shigu,石鼓,Shigu,0.2,8.74,15.16,2.8,4.4282754916469145,1.45,16900002.0,18976040.0,611.0625,99.95,26.95,2021,757.48,-2.34,-0.2,1.36
2021-02-18,shigu,石鼓,Shigu,1.08,7.28,14.45,0.08,3.929248471294701,1.34,16940208.0,19030044.0,608.4375,99.95,26.95,2021,759.55,0.22,-0.13,1.26
2021-02-19,shigu,石鼓,Shigu,0.45,7.44,14.59,-0.11,4.080152238422556,1.49,17044096.0,19149204.0,608.0,99.95,26.95,2021,759.34,-0.99,-0.34,1.42
2021-02-20,shigu,石鼓,Shigu,0.26,7.4,13.9,1.12,3.712971272568926,1.51,15536872.0,17462340.0,608.71875,99.95,26.95,2021,757.56,-0.04,-0.42,1.44
2021-02-21,shigu,石鼓,Shigu,0.04,8.33,15.42,1.98,4.738800002709671,1.3,18786572.0,21117448.0,606.71875,99.95,26.95,2021,756.75,-3.03,-0.58,1.15
2021-02-22,shigu,石鼓,Shigu,0.0,10.64,18.41,2.08,5.331920226993364,1.06,19654070.0,22097520.0,601.59375,99.95,26.95,2021,755.79,-2.23,-0.24,0.96
2021-02-23,shigu,石鼓,Shigu,0.0,11.32,18.62,3.06,5.430690113711048,1.25,19435102.0,21856874.0,595.59375,99.95,26.95,2021,753.91,-1.39,0.01,1.2
2021-02-24,shigu,石鼓,Shigu,0.0,10.19,18.29,3.03,4.935900218119149,1.76,18341828.0,20632944.0,591.0625,99.95,26.95,2021,751.22,-0.14,-0.27,1.72
2021-02-25,shigu,石鼓,Shigu,0.03,10.08,17.21,3.44,4.066503331006449,1.5,14914690.0,16782394.0,588.34375,99.95,26.95,2021,750.52,1.17,-0.32,1.44
2021-02-26,shigu,石鼓,Shigu,0.0,10.84,17.51,4.21,3.8164056504350015,1.03,13613484.0,15322152.0,586.3125,99.95,26.95,2021,751.26,1.5,0.13,0.89
2021-02-27,shigu,石鼓,Shigu,0.13,9.84,15.8,5.09,2.98234303955736,1.48,10604880.0,11939108.0,584.90625,99.95,26.95,2021,750.49,2.85,0.08,1.46
2021-02-28,shigu,石鼓,Shigu,0.06,10.48,17.01,5.22,3.3436586948841005,1.77,11512450.0,12964262.0,584.9375,99.95,26.95,2021,751.2,2.88,-0.15,1.76
2021-03-01,shigu,石鼓,Shigu,2.49,9.89,14.37,6.32,2.404322560151204,1.0,8842506.0,9959610.0,587.25,99.95,26.95,2021,755.66,4.48,0.61,0.74
2021-03-02,shigu,石鼓,Shigu,0.97,9.72,15.94,4.56,3.948655935539645,1.46,15060656.0,16968710.0,595.15625,99.95,26.95,2021,754.89,1.99,0.13,1.39
2021-03-03,shigu,石鼓,Shigu,1.49,7.86,13.82,2.46,3.039156201300942,1.3,12599061.0,14240226.0,611.75,99.95,26.95,2021,755.35,2.44,-0.12,1.26
2021-03-04,shigu,石鼓,Shigu,0.51,8.24,14.3,2.5,3.6677076030711326,1.51,14769981.0,16681981.0,630.75,99.95,26.95,2021,753.97,1.04,-0.02,1.47
2021-03-05,shigu,石鼓,Shigu,0.29,7.38,14.39,1.53,3.9655645999080513,1.68,16882860.0,19063738.0,646.71875,99.95,26.95,2021,753.95,0.07,0.09,1.65
2021-03-06,shigu,石鼓,Shigu,1.29,6.9,13.11,1.61,3.822640768023253,1.21,16915820.0,19108788.0,660.21875,99.95,26.95,2021,756.45,0.82,0.1,1.16
2021-03-07,shigu,石鼓,Shigu,0.68,6.02,11.93,0.28,3.4711792549902083,1.43,16338152.0,18522806.0,669.3125,99.95,26.95,2021,756.95,1.34,-0.06,1.34
2021-03-08,shigu,石鼓,Shigu,0.01,8.7,15.63,0.39,4.423295875581374,1.47,17429568.0,19708736.0,670.53125,99.95,26.95,2021,756.43,-0.56,-0.25,1.43
2021-03-09,shigu,石鼓,Shigu,0.47,9.5,15.35,2.8,4.179078989644228,1.24,16089217.0,18174940.0,662.4375,99.95,26.95,2021,756.05,1.03,0.02,1.2
2021-03-10,shigu,石鼓,Shigu,0.62,9.07,15.86,1.47,3.9589886769176297,1.45,15683690.0,17713408.0,648.34375,99.95,26.95,2021,756.8,1.79,-0.27,1.41
2021-03-11,shigu,石鼓,Shigu,0.01,10.38,17.49,1.68,4.7054503629616615,1.52,17435750.0,19694574.0,633.3125,99.95,26.95,2021,758.08,0.76,-0.31,1.46
2021-03-12,shigu,石鼓,Shigu,0.0,11.72,19.3,2.25,5.300809497989753,1.39,18687108.0,21112604.0,619.3125,99.95,26.95,2021,758.58,0.25,-0.46,1.28
2021-03-13,shigu,石鼓,Shigu,0.0,13.64,21.48,4.18,5.9353677352214245,1.13,20062536.0,22672492.0,607.09375,99.95,26.95,2021,756.78,1.07,0.38,0.78
2021-03-14,shigu,石鼓,Shigu,0.64,10.89,18.55,3.11,5.092021815469659,1.63,19252510.0,21763206.0,597.6875,99.95,26.95,2021,754.71,2.24,-0.18,1.6
2021-03-15,shigu,石鼓,Shigu,0.54,11.04,18.55,3.85,4.931692938684146,1.59,18297092.0,20688564.0,592.625,99.95,26.95,2021,754.34,2.19,-0.27,1.52
2021-03-16,shigu,石鼓,Shigu,0.01,12.1,19.9,3.68,5.689287639224311,1.72,20394520.0,23065286.0,590.34375,99.95,26.95,2021,754.56,1.9,-0.24,1.67
2021-03-17,shigu,石鼓,Shigu,0.04,12.5,20.42,4.63,6.105603439149432,1.63,21295216.0,24089134.0,587.59375,99.95,26.95,2021,755.24,0.42,-0.16,1.57
2021-03-18,shigu,石鼓,Shigu,0.0,12.91,20.92,4.18,6.426445276473683,1.74,22260988.0,25186926.0,584.96875,99.95,26.95,2021,755.13,0.68,-0.37,1.68
2021-03-19,shigu,石鼓,Shigu,0.0,13.6,21.63,4.76,6.659673007185643,1.71,22404110.0,25354370.0,583.5,99.95,26.95,2021,754.55,0.48,-0.35,1.66
2021-03-20,shigu,石鼓,Shigu,0.0,14.36,22.07,5.42,6.903809421517106,1.56,22384880.0,25338152.0,582.15625,99.95,26.95,2021,753.61,-0.66,-0.04,1.53
2021-03-21,shigu,石鼓,Shigu,1.24,12.72,19.4,4.07,5.491380595150751,1.56,19156658.0,21688816.0,581.09375,99.95,26.95,2021,755.95,2.69,0.31,1.42
2021-03-22,shigu,石鼓,Shigu,1.07,11.25,18.55,4.08,4.91747565331364,1.38,18330888.0,20758154.0,583.5625,99.95,26.95,2021,757.67,2.91,0.06,1.27
2021-03-23,shigu,石鼓,Shigu,0.02,12.59,20.43,4.49,5.81219279634546,1.49,20516376.0,23238836.0,592.59375,99.95,26.95,2021,756.87,2.02,-0.36,1.42
2021-03-24,shigu,石鼓,Shigu,0.0,13.79,21.58,5.46,6.015424940302968,1.82,20015964.0,22677142.0,601.6875,99.95,26.95,2021,754.35,2.61,-0.35,1.77
2021-03-25,shigu,石鼓,Shigu,0.1,13.41,20.96,6.25,5.815173637125122,1.88,19344296.0,21920484.0,606.8125,99.95,26.95,2021,754.2,2.2,-0.14,1.84
2021-03-26,shigu,石鼓,Shigu,0.02,13.31,20.88,5.84,6.118810560269795,1.78,20155916.0,22845256.0,610.09375,99.95,26.95,2021,754.57,0.27,-0.16,1.74
2021-03-27,shigu,石鼓,Shigu,0.06,13.11,20.53,5.65,6.599193936492791,1.59,22477872.0,25482640.0,611.8125,99.95,26.95,2021,754.47,-0.46,-0.39,1.53
2021-03-28,shigu,石鼓,Shigu,0.0,13.82,22.11,5.29,7.1151811069500575,1.67,23421532.0,26558186.0,609.625,99.95,26.95,2021,753.51,-1.76,-0.16,1.64
2021-03-29,shigu,石鼓,Shigu,0.0,12.77,20.61,4.92,6.139407162412027,1.8,20342634.0,23072266.0,603.46875,99.95,26.95,2021,751.43,-1.16,-0.14,1.77
2021-03-30,shigu,石鼓,Shigu,0.57,11.97,18.29,4.75,5.277553008290925,1.76,18521146.0,21011002.0,595.5,99.95,26.95,2021,749.35,1.83,0.1,1.69
2021-03-31,shigu,石鼓,Shigu,2.54,9.91,15.4,6.03,3.972277883626045,1.45,15737604.0,17857370.0,589.0,99.95,26.95,2021,750.2,3.95,0.17,1.35
2021-04-01,shigu,石鼓,Shigu,2.65,9.63,15.33,5.32,2.4942692439869703,1.1,9811318.0,11137194.0,592.6875,99.95,26.95,2021,751.89,5.78,0.14,1.04
2021-04-02,shigu,石鼓,Shigu,0.88,11.87,18.25,5.79,5.507202016834711,1.56,19846850.0,22531336.0,611.5,99.95,26.95,2021,754.33,1.94,-0.03,1.53
2021-04-03,shigu,石鼓,Shigu,0.02,13.15,20.44,4.54,6.437602653909661,1.55,21717486.0,24659130.0,629.03125,99.95,26.95,2021,756.13,-0.48,0.04,1.46
2021-04-04,shigu,石鼓,Shigu,0.01,13.8,20.44,4.88,6.10061881769644,1.47,19791252.0,22476192.0,635.0,99.95,26.95,2021,756.65,-0.0,-0.1,1.42
2021-04-05,shigu,石鼓,Shigu,0.17,14.94,20.28,8.53,5.865595352230593,1.23,18213600.0,20688906.0,633.1875,99.95,26.95,2021,756.48,0.35,-0.07,1.2
2021-04-06,shigu,石鼓,Shigu,1.51,12.04,17.9,6.86,4.3850155400652975,0.94,15789630.0,17939418.0,628.40625,99.95,26.95,2021,756.56,4.14,0.46,0.6
2021-04-07,shigu,石鼓,Shigu,0.13,13.71,20.34,6.37,6.0302404823571605,1.54,20194438.0,22949218.0,624.59375,99.95,26.95,2021,755.24,2.2,-0.13,1.52
2021-04-08,shigu,石鼓,Shigu,0.89,13.73,20.07,6.95,6.157524998940551,1.39,21230196.0,24131902.0,622.1875,99.95,26.95,2021,754.89,3.38,0.07,1.37
2021-04-09,shigu,石鼓,Shigu,0.54,13.88,21.38,5.52,5.931142347351591,1.6,20576470.0,23393542.0,620.78125,99.95,26.95,2021,755.13,4.9,-0.05,1.56
2021-04-10,shigu,石鼓,Shigu,0.4,14.03,21.04,6.63,6.283051393775335,1.68,21617324.0,24582608.0,620.4375,99.95,26.95,2021,756.48,4.26,-0.18,1.65
2021-04-11,shigu,石鼓,Shigu,0.99,13.72,20.81,5.29,6.0587289222289575,1.77,20794914.0,23653040.0,622.5625,99.95,26.95,2021,757.23,3.87,-0.13,1.75
2021-04-12,shigu,石鼓,Shigu,0.11,14.45,21.49,6.15,6.708294041537579,1.71,22480376.0,25575440.0,627.96875,99.95,26.95,2021,757.46,3.18,-0.21,1.68
2021-04-13,shigu,石鼓,Shigu,0.91,14.01,20.67,5.83,6.602805970032494,1.72,22524820.0,25631776.0,636.0625,99.95,26.95,2021,756.35,3.12,-0.15,1.69
2021-04-14,shigu,石鼓,Shigu,0.47,12.72,19.96,4.86,6.156969882301843,1.7,21885422.0,24909892.0,648.28125,99.95,26.95,2021,755.7,2.48,-0.15,1.66
2021-04-15,shigu,石鼓,Shigu,0.16,14.37,22.2,5.62,6.522798266646991,1.6,21947284.0,24985742.0,666.65625,99.95,26.95,2021,754.82,3.47,-0.13,1.56
2021-04-16,shigu,石鼓,Shigu,0.12,14.33,19.87,7.45,4.857158172984613,1.27,15655128.0,17824316.0,688.875,99.95,26.95,2021,756.68,4.47,-0.2,1.24
2021-04-17,shigu,石鼓,Shigu,0.04,14.71,20.42,7.67,4.478644218153304,1.13,13850880.0,15770714.0,706.3125,99.95,26.95,2021,756.29,3.94,0.5,0.91
2021-04-18,shigu,石鼓,Shigu,0.58,14.32,21.41,6.88,6.5247300105115045,1.54,22206668.0,25287664.0,713.90625,99.95,26.95,2021,753.9,3.91,0.04,1.52
2021-04-19,shigu,石鼓,Shigu,0.8,13.14,20.84,5.81,5.9999346592659935,1.82,21243346.0,24192670.0,712.3125,99.95,26.95,2021,752.89,3.93,-0.06,1.79
2021-04-20,shigu,石鼓,Shigu,0.39,13.7,21.28,6.2,6.280067802536572,1.83,21476762.0,24460758.0,705.1875,99.95,26.95,2021,753.76,3.27,-0.25,1.78
2021-04-21,shigu,石鼓,Shigu,0.0,16.43,25.28,7.26,7.964326644584924,1.57,25377716.0,28906132.0,695.5,99.95,26.95,2021,755.27,2.97,-0.35,1.5
2021-04-22,shigu,石鼓,Shigu,0.0,17.19,25.18,9.54,7.198360962318274,1.91,21941846.0,24995082.0,684.90625,99.95,26.95,2021,754.3,5.33,-0.14,1.88
2021-04-23,shigu,石鼓,Shigu,0.01,16.46,24.52,7.21,7.257835109002987,2.02,22419002.0,25540576.0,677.9375,99.95,26.95,2021,753.64,4.06,-0.41,1.96
2021-04-24,shigu,石鼓,Shigu,0.0,17.39,25.63,7.96,8.523291461584972,1.49,25614338.0,29183414.0,679.75,99.95,26.95,2021,754.99,-0.84,-0.14,1.47
2021-04-25,shigu,石鼓,Shigu,0.0,17.83,25.36,9.75,8.570985583219654,1.52,25278432.0,28803304.0,690.4375,99.95,26.95,2021,755.76,-0.88,-0.06,1.5
2021-04-26,shigu,石鼓,Shigu,0.0,17.12,24.58,9.15,7.806981916885843,1.66,23144222.0,26373976.0,707.0,99.95,26.95,2021,755.63,0.57,-0.03,1.64
2021-04-27,shigu,石鼓,Shigu,0.46,16.83,23.69,9.45,7.427937037207537,1.48,22942346.0,26145916.0,729.375,99.95,26.95,2021,756.43,3.12,-0.14,1.44
2021-04-28,shigu,石鼓,Shigu,3.13,16.0,23.02,9.76,6.776343386226307,0.95,22228830.0,25335284.0,760.875,99.95,26.95,2021,758.61,4.95,-0.1,0.63
2021-04-29,shigu,石鼓,Shigu,2.47,13.53,20.01,7.8,5.297254579754989,0.76,19301060.0,22000336.0,803.8125,99.95,26.95,2021,758.8,8.04,0.22,0.19
2021-04-30,shigu,石鼓,Shigu,0.03,17.46,24.0,8.68,7.3389191793318655,0.87,22955132.0,26167740.0,851.0,99.95,26.95,2021,756.65,3.58,0.01,0.77
2021-05-01,shigu,石鼓,Shigu,0.34,15.76,22.48,7.76,5.893226994301263,1.04,19446150.0,22169702.0,883.625,99.95,26.95,2021,756.79,6.81,0.45,0.73
2021-05-02,shigu,石鼓,Shigu,0.48,15.43,23.07,7.67,6.3155550073175135,1.49,21195504.0,24166120.0,893.84375,99.95,26.95,2021,754.65,6.73,0.09,1.43
2021-05-03,shigu,石鼓,Shigu,0.13,16.49,23.23,9.02,6.716032292972182,1.59,21073894.0,24029788.0,887.8125,99.95,26.95,2021,753.72,5.34,-0.11,1.55
2021-05-04,shigu,石鼓,Shigu,4.26,15.0,23.11,9.35,5.8746438841149375,1.01,20425696.0,23292592.0,872.78125,99.95,26.95,2021,755.41,8.16,0.05,0.86
2021-05-05,shigu,石鼓,Shigu,1.2,14.67,21.82,8.59,5.3642582463436845,1.19,18589886.0,21201124.0,855.6875,99.95,26.95,2021,755.99,7.85,0.28,1.07
2021-05-06,shigu,石鼓,Shigu,0.64,15.71,22.05,9.66,6.720688291951878,1.59,22015512.0,25109920.0,853.125,99.95,26.95,2021,756.51,5.54,0.09,1.58
2021-05-07,shigu,石鼓,Shigu,0.64,13.72,18.26,7.33,4.3795641076952965,1.12,15214712.0,17354908.0,877.5,99.95,26.95,2021,757.0,7.23,0.2,1.02
2021-05-08,shigu,石鼓,Shigu,0.56,16.18,22.04,8.99,6.579750734164954,1.2,21568952.0,24605006.0,925.09375,99.95,26.95,2021,755.39,6.63,0.07,1.14
2021-05-09,shigu,石鼓,Shigu,0.51,15.65,23.24,7.25,6.798439461758478,1.6,22382446.0,25535512.0,988.4375,99.95,26.95,2021,753.21,5.52,-0.01,1.57
2021-05-10,shigu,石鼓,Shigu,0.17,15.64,22.36,8.47,6.7404829251683385,1.82,22020974.0,25125252.0,1064.0625,99.95,26.95,2021,752.44,5.49,-0.14,1.79
2021-05-11,shigu,石鼓,Shigu,0.21,16.04,23.07,8.76,6.706553454843888,1.6,21653414.0,24707900.0,1136.7188,99.95,26.95,2021,752.85,5.74,0.03,1.56
2021-05-12,shigu,石鼓,Shigu,0.3,15.04,22.12,9.38,5.3027868102123055,1.38,17465516.0,19931304.0,1186.8125,99.95,26.95,2021,752.11,6.65,0.17,1.32
2021-05-13,shigu,石鼓,Shigu,0.21,15.81,22.86,10.45,6.1374600407476905,1.62,19690396.0,22472114.0,1207.5625,99.95,26.95,2021,751.37,6.05,0.17,1.6
2021-05-14,shigu,石鼓,Shigu,0.44,15.72,22.2,9.87,5.956245419417518,1.61,19443176.0,22191832.0,1216.2812,99.95,26.95,2021,751.47,6.98,0.22,1.58
2021-05-15,shigu,石鼓,Shigu,0.02,15.97,23.07,7.65,6.475361184321788,1.93,20389580.0,23274148.0,1232.2188,99.95,26.95,2021,753.37,5.42,-0.02,1.9
2021-05-16,shigu,石鼓,Shigu,0.0,17.57,25.16,9.93,6.555518510911599,1.49,19761150.0,22560572.0,1259.75,99.95,26.95,2021,754.19,6.26,0.02,1.44
2021-05-17,shigu,石鼓,Shigu,0.09,17.77,22.97,11.82,5.057874097390386,1.42,14575160.0,16642976.0,1285.0938,99.95,26.95,2021,754.43,8.1,0.06,1.4
2021-05-18,shigu,石鼓,Shigu,0.13,17.43,22.97,13.06,5.014040849380557,1.64,14591466.0,16664016.0,1302.875,99.95,26.95,2021,753.09,8.53,0.03,1.63
2021-05-19,shigu,石鼓,Shigu,4.18,15.02,17.13,13.09,1.7672451305980212,0.67,5960202.0,6807664.0,1318.5938,99.95,26.95,2021,752.94,12.62,0.2,0.63
2021-05-20,shigu,石鼓,Shigu,1.15,16.93,22.46,13.09,4.509902119913184,1.29,14952588.0,17082138.0,1343.3438,99.95,26.95,2021,752.78,12.27,0.36,1.21
2021-05-21,shigu,石鼓,Shigu,0.26,18.22,24.95,12.96,5.311547853362791,1.63,16528246.0,18884604.0,1402.4375,99.95,26.95,2021,752.19,11.79,0.06,1.61
2021-05-22,shigu,石鼓,Shigu,0.16,19.2,26.01,12.97,5.700618254317229,1.64,16779676.0,19176636.0,1517.2812,99.95,26.95,2021,751.98,11.25,-0.09,1.63
2021-05-23,shigu,石鼓,Shigu,0.57,20.91,26.8,14.37,6.594225837658109,1.01,19004900.0,21723360.0,1674.5625,99.95,26.95,2021,754.42,10.5,0.16,0.94
2021-05-24,shigu,石鼓,Shigu,9.21,18.74,24.52,14.32,5.3850753487291705,0.99,16990738.0,19421416.0,1839.375,99.95,26.95,2021,755.37,12.8,0.83,0.21
2021-05-25,shigu,石鼓,Shigu,1.0,19.33,25.37,14.14,6.322440125756961,1.28,19484970.0,22278064.0,2006.6875,99.95,26.95,2021,753.19,11.97,0.59,1.08
2021-05-26,shigu,石鼓,Shigu,1.84,20.3,25.88,14.39,6.471908982830845,1.05,19221204.0,21980512.0,2185.2812,99.95,26.95,2021,753.58,11.46,0.43,0.82
2021-05-27,shigu,石鼓,Shigu,8.51,18.08,23.43,13.43,4.904055756407943,0.89,16286998.0,18626888.0,2378.4688,99.95,26.95,2021,755.15,14.53,0.61,0.38
2021-05-28,shigu,石鼓,Shigu,0.01,20.48,27.45,13.74,7.015022088253367,1.49,20182022.0,23086600.0,2604.5,99.95,26.95,2021,754.56,10.38,0.08,1.47
2021-05-29,shigu,石鼓,Shigu,0.07,20.51,26.77,14.31,6.4903881410608975,1.46,18730952.0,21430308.0,2842.875,99.95,26.95,2021,753.35,11.52,0.02,1.41
2021-05-30,shigu,石鼓,Shigu,0.24,19.77,25.92,13.49,6.754883837544509,1.46,20043590.0,22936020.0,3016.75,99.95,26.95,2021,752.32,10.71,-0.02,1.44
2021-05-31,shigu,石鼓,Shigu,0.07,20.37,26.59,14.5,7.07217590242579,1.51,20500570.0,23462624.0,3113.5625,99.95,26.95,2021,751.49,10.49,-0.02,1.5
2021-06-01,shigu,石鼓,Shigu,0.29,19.4,25.43,13.13,6.182704059154108,1.47,18380394.0,21040832.0,3159.2188,99.95,26.95,2021,752.24,10.98,0.04,1.44
2021-06-02,shigu,石鼓,Shigu,1.94,19.11,25.08,14.2,5.720797326000874,1.39,17474308.0,20007360.0,3160.9375,99.95,26.95,2021,752.74,12.15,-0.04,1.37
2021-06-03,shigu,石鼓,Shigu,0.63,20.63,26.66,15.17,5.585307560234531,1.05,15803208.0,18098176.0,3132.75,99.95,26.95,2021,754.0,11.11,0.16,1.03
2021-06-04,shigu,石鼓,Shigu,3.27,18.29,22.94,14.04,4.779103612990862,0.6,14974996.0,17145280.0,3082.2188,99.95,26.95,2021,754.55,11.37,0.4,-0.27
2021-06-05,shigu,石鼓,Shigu,0.6,19.26,25.47,14.94,5.962088517594771,0.6,18296250.0,20956952.0,3045.4062,99.95,26.95,2021,753.68,10.25,0.08,0.54
2021-06-06,shigu,石鼓,Shigu,3.01,19.89,25.54,14.52,5.902623973442756,0.61,17778358.0,20366336.0,3054.25,99.95,26.95,2021,752.49,10.52,0.21,0.39
2021-06-07,shigu,石鼓,Shigu,16.51,18.73,24.72,14.63,5.844399833602639,0.73,18697910.0,21424172.0,3073.2812,99.95,26.95,2021,753.29,13.11,0.52,-0.2
2021-06-08,shigu,石鼓,Shigu,16.31,16.2,21.77,13.73,3.5648241826101805,0.73,12607356.0,14445716.0,3128.4688,99.95,26.95,2021,754.15,14.73,0.54,-0.43
2021-06-09,shigu,石鼓,Shigu,19.5,16.05,19.64,13.8,3.685358475258381,0.66,13079806.0,14989044.0,3258.3438,99.95,26.95,2021,753.79,14.76,0.36,-0.45
2021-06-10,shigu,石鼓,Shigu,8.24,16.02,20.54,13.59,3.915062996818954,0.95,13659054.0,15654672.0,3437.7812,99.95,26.95,2021,753.73,13.19,0.47,-0.78
2021-06-11,shigu,石鼓,Shigu,4.84,15.82,18.32,13.79,2.726276573163792,0.72,9231270.0,10584060.0,3554.1875,99.95,26.95,2021,754.53,13.02,0.41,-0.55
2021-06-12,shigu,石鼓,Shigu,3.4,16.55,19.96,13.62,3.7500148130592095,0.64,12984056.0,14891180.0,3506.0625,99.95,26.95,2021,754.96,14.7,0.45,-0.07
2021-06-13,shigu,石鼓,Shigu,2.71,18.76,24.86,14.32,5.7498429372724775,0.79,18783366.0,21543040.0,3403.0938,99.95,26.95,2021,752.18,14.81,0.37,0.36
2021-06-14,shigu,石鼓,Shigu,0.23,21.79,27.59,16.02,6.393683925568322,0.97,18618238.0,21358164.0,3356.7812,99.95,26.95,2021,749.21,14.0,0.11,0.87
2021-06-15,shigu,石鼓,Shigu,4.83,20.0,26.28,15.68,5.504553115981056,0.89,17385286.0,19946156.0,3391.0625,99.95,26.95,2021,749.64,15.77,0.28,0.71
2021-06-16,shigu,石鼓,Shigu,4.59,19.98,25.44,16.14,5.353221553943875,0.84,16662416.0,19123768.0,3484.7188,99.95,26.95,2021,751.95,15.06,0.4,0.67
2021-06-17,shigu,石鼓,Shigu,14.32,18.96,25.54,14.25,5.2015877141531215,0.84,17113220.0,19645968.0,3654.5625,99.95,26.95,2021,753.36,16.04,0.36,0.66
2021-06-18,shigu,石鼓,Shigu,0.16,20.13,25.87,15.33,6.1110384671778135,1.48,18362846.0,21088224.0,3900.1562,99.95,26.95,2021,753.02,13.29,0.11,1.46
2021-06-19,shigu,石鼓,Shigu,0.03,19.86,25.71,14.55,5.672465925287218,1.53,16647884.0,19124628.0,4216.8125,99.95,26.95,2021,751.92,12.54,-0.04,1.51
2021-06-20,shigu,石鼓,Shigu,0.26,20.26,25.72,15.45,6.02169364065603,1.34,17845066.0,20505216.0,4610.0625,99.95,26.95,2021,751.53,12.93,0.0,1.33
2021-06-21,shigu,石鼓,Shigu,15.97,18.86,25.22,15.47,4.9118820917842205,0.79,15725250.0,18075116.0,5006.1562,99.95,26.95,2021,752.62,14.66,0.41,0.34
2021-06-22,shigu,石鼓,Shigu,8.46,16.18,19.56,14.18,2.086893594933509,0.56,7145530.0,8214176.0,5356.625,99.95,26.95,2021,754.48,14.78,0.3,0.18
2021-06-23,shigu,石鼓,Shigu,8.6,18.62,24.08,15.34,4.727822275942954,0.7,15510404.0,17837328.0,5715.7812,99.95,26.95,2021,753.32,15.81,0.36,0.48
2021-06-24,shigu,石鼓,Shigu,2.53,18.77,22.77,15.85,4.103957555018623,0.59,12977720.0,14929212.0,6097.0625,99.95,26.95,2021,752.05,14.58,0.15,0.51
2021-06-25,shigu,石鼓,Shigu,8.88,18.17,22.86,14.57,4.069094034480888,0.66,13318320.0,15325348.0,6433.7812,99.95,26.95,2021,751.87,15.24,0.36,0.25
2021-06-26,shigu,石鼓,Shigu,0.33,20.59,25.73,15.25,5.630477214909595,1.04,16732114.0,19260180.0,6714.2812,99.95,26.95,2021,752.18,13.91,0.14,0.98
2021-06-27,shigu,石鼓,Shigu,0.5,20.68,25.91,16.44,5.0231135129528335,1.14,14562634.0,16767196.0,6938.0625,99.95,26.95,2021,752.39,14.08,-0.1,1.13
2021-06-28,shigu,石鼓,Shigu,18.35,17.34,21.5,14.57,2.7776418567274286,0.51,9196044.0,10591008.0,7032.9062,99.95,26.95,2021,752.71,15.29,0.06,0.24
2021-06-29,shigu,石鼓,Shigu,13.82,18.09,23.33,14.84,5.367157575998276,0.44,17769970.0,20474016.0,7093.7188,99.95,26.95,2021,752.07,15.87,0.18,0.15
2021-06-30,shigu,石鼓,Shigu,10.11,17.27,22.01,15.37,3.4437003653333496,0.6,11667788.0,13446696.0,7211.4375,99.95,26.95,2021,751.62,15.67,0.49,0.07
2021-07-01,shigu,石鼓,Shigu,15.92,16.7,20.81,14.32,2.5309348845997874,0.7,8906580.0,10266008.0,7316.7188,99.95,26.95,2021,750.97,16.11,0.39,0.54
2021-07-02,shigu,石鼓,Shigu,1.26,18.08,22.54,15.13,4.262414960820752,0.99,13905700.0,16034408.0,7406.4688,99.95,26.95,2021,751.89,14.57,0.41,0.87
2021-07-03,shigu,石鼓,Shigu,0.78,19.27,23.78,14.93,5.825318598147056,1.03,18333118.0,21146116.0,7492.75,99.95,26.95,2021,752.41,13.87,0.38,0.9
2021-07-04,shigu,石鼓,Shigu,1.23,19.31,25.34,15.53,5.5159557656757645,0.98,17552990.0,20252844.0,7621.0625,99.95,26.95,2021,753.02,14.89,0.21,0.89
2021-07-05,shigu,石鼓,Shigu,4.58,19.22,23.61,15.53,4.162361322081439,0.73,12960302.0,14957540.0,7712.625,99.95,26.95,2021,752.79,14.95,0.34,0.45
2021-07-06,shigu,石鼓,Shigu,16.91,17.3,21.27,14.88,3.368310990213361,0.6,11320378.0,13069216.0,7727.0,99.95,26.95,2021,753.53,15.47,0.35,-0.19
2021-07-07,shigu,石鼓,Shigu,6.76,16.43,20.14,13.5,2.630717183697928,0.67,9110768.0,10522048.0,7769.5,99.95,26.95,2021,756.1,15.24,0.35,-0.34
2021-07-08,shigu,石鼓,Shigu,14.99,18.22,23.65,14.76,5.241095780187676,0.58,17211498.0,19882944.0,7877.0,99.95,26.95,2021,755.75,15.18,0.42,-0.17
2021-07-09,shigu,石鼓,Shigu,6.07,16.87,20.28,14.15,3.789906490978303,0.85,13058452.0,15089788.0,7943.7188,99.95,26.95,2021,755.77,14.94,0.8,-0.06
2021-07-10,shigu,石鼓,Shigu,5.0,17.2,21.76,13.49,3.9194932770406985,0.9,13257832.0,15324192.0,7929.2188,99.95,26.95,2021,755.29,14.71,0.46,0.66
2021-07-11,shigu,石鼓,Shigu,0.17,19.37,24.84,14.66,6.060788959674891,1.24,18703940.0,21625236.0,7876.875,99.95,26.95,2021,755.49,13.01,0.34,1.13
2021-07-12,shigu,石鼓,Shigu,0.25,19.7,25.18,14.45,6.151173473634157,1.16,18862878.0,21816450.0,7924.0625,99.95,26.95,2021,754.95,13.28,0.03,1.14
2021-07-13,shigu,石鼓,Shigu,2.01,19.28,24.73,14.02,6.262689555663933,1.03,19811454.0,22919126.0,7938.922,99.95,26.95,2021,753.92,13.9,-0.03,0.96
2021-07-14,shigu,石鼓,Shigu,0.59,18.98,23.68,15.23,5.632915914998852,1.03,17698710.0,20482026.0,7722.9062,99.95,26.95,2021,753.63,13.51,0.16,0.94
2021-07-15,shigu,石鼓,Shigu,5.57,18.15,22.23,14.66,3.1345106006999366,0.69,9852030.0,11404960.0,7351.8594,99.95,26.95,2021,754.57,14.55,0.3,0.59
2021-07-16,shigu,石鼓,Shigu,17.89,16.44,19.24,14.33,2.283107458459422,0.53,7847810.0,9081228.0,6987.375,99.95,26.95,2021,755.98,15.53,0.3,0.25
2021-07-17,shigu,石鼓,Shigu,13.99,17.25,23.53,13.36,4.291397393546074,0.72,14730604.0,17037542.0,6941.8906,99.95,26.95,2021,754.84,15.71,-0.01,0.25
2021-07-18,shigu,石鼓,Shigu,6.64,18.56,23.88,12.77,5.996233765191512,0.75,19466646.0,22506166.0,7310.0156,99.95,26.95,2021,753.48,14.3,-0.15,-0.11
2021-07-19,shigu,石鼓,Shigu,0.09,19.95,24.6,14.71,7.220476750392128,0.74,22101844.0,25542434.0,7435.5312,99.95,26.95,2021,753.1,11.78,0.21,-0.49
2021-07-20,shigu,石鼓,Shigu,0.96,20.02,24.61,15.73,7.247433272859558,0.73,22492200.0,25981808.0,7184.7656,99.95,26.95,2021,752.94,13.36,0.39,-0.51
2021-07-21,shigu,石鼓,Shigu,6.45,17.32,23.35,13.94,4.7159505084017095,0.63,15850058.0,18301578.0,6808.703,99.95,26.95,2021,753.01,14.65,0.22,-0.32
2021-07-22,shigu,石鼓,Shigu,14.98,17.33,22.51,14.27,4.723789126164985,0.56,15854612.0,18299434.0,6428.797,99.95,26.95,2021,752.83,14.78,0.28,-0.24
2021-07-23,shigu,石鼓,Shigu,10.93,17.81,22.7,14.77,4.812013787969184,0.54,16057058.0,18526618.0,6095.7188,99.95,26.95,2021,752.93,15.62,0.29,0.06
2021-07-24,shigu,石鼓,Shigu,8.94,17.65,23.1,14.13,4.75267224488155,0.59,15955854.0,18401408.0,5791.4688,99.95,26.95,2021,752.77,15.44,0.03,-0.07
2021-07-25,shigu,石鼓,Shigu,2.48,18.06,23.1,13.98,5.875067713130329,0.82,19656796.0,22659632.0,5505.828,99.95,26.95,2021,752.73,14.82,0.13,-0.54
2021-07-26,shigu,石鼓,Shigu,1.76,19.1,23.2,14.64,5.962202280650907,0.65,18918094.0,21799518.0,5292.7656,99.95,26.95,2021,751.23,13.83,0.31,-0.15
2021-07-27,shigu,石鼓,Shigu,8.76,17.41,22.5,13.78,4.657919461199214,0.5,15551872.0,17913546.0,5203.1094,99.95,26.95,2021,751.68,14.69,0.23,-0.07
2021-07-28,shigu,石鼓,Shigu,13.92,16.7,21.03,14.42,3.809318610812112,0.43,13012230.0,14981226.0,5346.8125,99.95,26.95,2021,752.05,15.25,0.27,-0.2
2021-07-29,shigu,石鼓,Shigu,8.96,16.27,20.38,14.08,2.806602044704215,0.41,9711964.0,11176856.0,5530.7344,99.95,26.95,2021,753.43,15.46,0.09,-0.06
2021-07-30,shigu,石鼓,Shigu,8.83,17.29,20.81,14.32,3.9419645261383898,0.59,13200830.0,15185968.0,5589.2656,99.95,26.95,2021,752.93,14.73,0.13,0.46
2021-07-31,shigu,石鼓,Shigu,11.51,16.07,20.59,11.89,2.687656118104723,0.59,9195010.0,10573434.0,5561.797,99.95,26.95,2021,753.02,14.08,-0.09,0.36
2021-08-01,shigu,石鼓,Shigu,0.14,18.29,23.34,12.86,5.721771678114084,0.87,18191870.0,20910596.0,5545.1094,99.95,26.95,2021,753.14,11.93,0.01,-0.18
2021-08-02,shigu,石鼓,Shigu,0.0,20.34,25.55,13.56,8.141226591659711,0.82,24810456.0,28505994.0,5476.625,99.95,26.95,2021,753.29,10.79,0.29,-0.31
2021-08-03,shigu,石鼓,Shigu,0.76,19.92,25.04,14.42,7.089427282376295,0.73,21855810.0,25100858.0,5270.7656,99.95,26.95,2021,754.34,11.94,0.33,-0.3
2021-08-04,shigu,石鼓,Shigu,0.69,19.75,24.86,13.16,7.027653350173981,0.87,21758158.0,24978770.0,4996.9062,99.95,26.95,2021,754.47,12.11,0.38,-0.24
2021-08-05,shigu,石鼓,Shigu,0.5,20.16,25.32,14.41,7.373217529701471,0.7,22840470.0,26210574.0,4708.4688,99.95,26.95,2021,753.27,12.75,0.35,0.18
2021-08-06,shigu,石鼓,Shigu,0.25,19.82,24.66,14.92,6.083908519440168,0.86,18801428.0,21567006.0,4447.5625,99.95,26.95,2021,752.97,13.33,0.54,0.47
2021-08-07,shigu,石鼓,Shigu,0.14,20.68,26.16,15.59,6.259949761409921,1.09,18968436.0,21748916.0,4222.2812,99.95,26.95,2021,753.27,14.2,0.1,0.95
2021-08-08,shigu,石鼓,Shigu,2.07,21.12,26.46,16.12,6.051464942107093,0.93,18079086.0,20720998.0,4031.4688,99.95,26.95,2021,753.52,14.39,-0.02,0.85
2021-08-09,shigu,石鼓,Shigu,17.64,17.16,20.06,14.99,2.783934542896211,0.44,9457740.0,10835604.0,3868.0156,99.95,26.95,2021,754.32,16.06,0.13,-0.24
2021-08-10,shigu,石鼓,Shigu,14.38,16.96,20.43,15.01,2.8665261410090848,0.48,9753508.0,11170296.0,3802.5938,99.95,26.95,2021,753.8,15.54,0.28,-0.26
2021-08-11,shigu,石鼓,Shigu,4.64,17.51,21.97,14.31,3.9541450944446166,0.54,13400362.0,15340854.0,3835.9531,99.95,26.95,2021,754.93,15.8,0.42,-0.19
2021-08-12,shigu,石鼓,Shigu,9.26,17.86,22.59,15.11,3.98977117018291,0.66,13485844.0,15431590.0,3931.6875,99.95,26.95,2021,754.19,16.01,0.43,0.17
2021-08-13,shigu,石鼓,Shigu,29.07,17.56,22.42,15.37,3.443911670766936,0.54,11689766.0,13369582.0,4205.5156,99.95,26.95,2021,752.4,16.17,0.29,0.15
2021-08-14,shigu,石鼓,Shigu,14.4,15.29,17.4,13.76,1.408226805186781,0.69,5136530.0,5872052.0,4724.9688,99.95,26.95,2021,753.66,14.88,0.33,-0.61
2021-08-15,shigu,石鼓,Shigu,8.09,16.17,18.27,13.93,2.054360448739169,0.47,6972722.0,7969994.0,5401.4844,99.95,26.95,2021,755.62,14.38,0.38,-0.25
2021-08-16,shigu,石鼓,Shigu,24.08,17.09,21.81,14.73,3.4504972304852486,0.62,11993318.0,13700330.0,5792.1094,99.95,26.95,2021,756.01,16.02,0.51,-0.01
2021-08-17,shigu,石鼓,Shigu,8.26,16.35,19.58,14.37,2.122616397551925,0.73,7466722.0,8524716.0,5836.3906,99.95,26.95,2021,755.33,15.36,0.44,0.54
2021-08-18,shigu,石鼓,Shigu,15.72,16.18,19.13,14.74,2.351928012476132,0.51,8227722.0,9387450.0,5752.422,99.95,26.95,2021,754.57,15.2,0.39,-0.05
2021-08-19,shigu,石鼓,Shigu,21.62,15.31,17.18,14.11,1.3508052329811395,0.36,4792010.0,5465824.0,5706.3906,99.95,26.95,2021,755.65,14.88,0.27,-0.12
2021-08-20,shigu,石鼓,Shigu,8.16,17.07,21.31,13.87,3.8974594398785305,0.61,13494290.0,15384632.0,5758.375,99.95,26.95,2021,756.76,15.56,0.39,0.15
2021-08-21,shigu,石鼓,Shigu,0.73,19.24,23.92,14.39,5.26134973101798,0.94,16726658.0,19059446.0,5846.703,99.95,26.95,2021,754.74,14.29,0.29,0.79
2021-08-22,shigu,石鼓,Shigu,0.45,20.3,25.49,15.98,5.052660313005103,1.09,15143886.0,17247124.0,5835.1406,99.95,26.95,2021,752.5,14.12,0.01,1.09
2021-08-23,shigu,石鼓,Shigu,13.39,16.79,18.81,14.83,2.3299174812989865,0.46,7882930.0,8974532.0,5721.25,99.95,26.95,2021,753.65,15.05,0.03,0.35
2021-08-24,shigu,石鼓,Shigu,20.86,15.55,17.75,14.05,1.6923141070985297,0.62,6196856.0,7050174.0,5712.4844,99.95,26.95,2021,754.32,15.31,0.4,-0.4
2021-08-25,shigu,石鼓,Shigu,13.18,15.45,17.43,14.21,1.8451496954941151,0.82,6768356.0,7698480.0,5907.0625,99.95,26.95,2021,753.69,14.79,0.72,-0.26
2021-08-26,shigu,石鼓,Shigu,19.13,15.51,18.22,13.78,2.16210430820393,0.8,8055030.0,9155168.0,6183.0,99.95,26.95,2021,755.69,15.14,0.77,-0.14
2021-08-27,shigu,石鼓,Shigu,14.71,15.24,18.07,13.01,2.2365835739062416,0.67,8227134.0,9346888.0,6470.922,99.95,26.95,2021,756.31,14.66,0.57,0.03
2021-08-28,shigu,石鼓,Shigu,13.57,15.56,19.45,13.08,3.068261839202321,0.72,11229004.0,12751106.0,6727.0156,99.95,26.95,2021,755.45,14.68,0.58,0.29
2021-08-29,shigu,石鼓,Shigu,4.72,15.95,19.59,13.18,3.2185855757712,0.79,11221234.0,12736700.0,6804.5,99.95,26.95,2021,756.15,13.42,0.31,0.68
2021-08-30,shigu,石鼓,Shigu,0.51,17.84,22.35,13.17,4.8589423283508015,0.95,15865252.0,17998288.0,6768.172,99.95,26.95,2021,756.55,12.77,0.18,0.89
2021-08-31,shigu,石鼓,Shigu,2.55,18.18,22.51,13.87,4.591927260079619,0.74,14761940.0,16739216.0,6692.922,99.95,26.95,2021,757.2,12.86,0.22,0.51
2021-09-01,shigu,石鼓,Shigu,9.54,16.52,19.73,14.16,3.5150970155233976,0.55,12202986.0,13829552.0,6534.4375,99.95,26.95,2021,757.21,14.53,0.4,-0.22
2021-09-02,shigu,石鼓,Shigu,13.08,16.8,21.68,14.17,4.1455402186441965,0.55,14367714.0,16275566.0,6341.625,99.95,26.95,2021,756.02,14.71,0.37,-0.07
2021-09-03,shigu,石鼓,Shigu,5.3,17.85,22.69,14.41,4.610897285861307,0.68,15532994.0,17586548.0,6180.9062,99.95,26.95,2021,753.71,14.79,0.46,0.24
2021-09-04,shigu,石鼓,Shigu,28.82,16.49,21.23,14.47,3.349313688965218,0.57,11675192.0,13212848.0,5982.3594,99.95,26.95,2021,754.75,14.65,0.38,-0.06
2021-09-05,shigu,石鼓,Shigu,17.2,15.35,19.17,13.47,1.927169569142152,0.61,7030622.0,7952780.0,5748.75,99.95,26.95,2021,757.51,14.73,0.5,-0.33
2021-09-06,shigu,石鼓,Shigu,8.1,15.45,19.11,12.65,2.9283424305909365,0.66,10682516.0,12078850.0,5628.2344,99.95,26.95,2021,760.28,14.42,0.4,-0.52
2021-09-07,shigu,石鼓,Shigu,4.66,15.09,18.91,12.52,3.4267299537997413,0.76,12700632.0,14352016.0,5737.3594,99.95,26.95,2021,759.7,13.82,0.6,-0.45
2021-09-08,shigu,石鼓,Shigu,15.01,15.17,19.1,12.78,3.2211357869491306,0.62,11773658.0,13298600.0,5986.578,99.95,26.95,2021,757.98,13.91,0.54,-0.24
2021-09-09,shigu,石鼓,Shigu,4.7,15.28,19.4,12.16,3.2161124409061346,0.62,11674386.0,13179736.0,6116.2188,99.95,26.95,2021,758.96,13.81,0.28,-0.43
2021-09-10,shigu,石鼓,Shigu,3.76,15.48,20.77,12.08,4.014585150280464,0.58,14471064.0,16329760.0,6058.625,99.95,26.95,2021,758.53,13.63,0.22,0.11
2021-09-11,shigu,石鼓,Shigu,0.34,17.71,22.96,12.27,5.149616550724868,0.82,17102782.0,19289136.0,5855.453,99.95,26.95,2021,755.4,12.72,0.1,0.56
2021-09-12,shigu,石鼓,Shigu,11.12,17.19,22.61,12.68,5.07342101091384,0.65,17203578.0,19393746.0,5552.1875,99.95,26.95,2021,754.82,12.93,0.28,0.11
2021-09-13,shigu,石鼓,Shigu,9.21,15.23,19.37,12.87,2.880610752822252,0.62,10548600.0,11885026.0,5284.5156,99.95,26.95,2021,757.73,14.14,0.34,-0.16
2021-09-14,shigu,石鼓,Shigu,8.22,15.87,20.89,12.47,4.326135416949619,0.66,15528118.0,17488818.0,5080.1562,99.95,26.95,2021,759.2,13.75,0.31,0.05
2021-09-15,shigu,石鼓,Shigu,4.98,17.0,22.11,12.94,4.377620323811575,0.71,15026586.0,16914946.0,4875.75,99.95,26.95,2021,758.2,13.68,0.36,0.35
2021-09-16,shigu,石鼓,Shigu,3.29,16.71,22.25,13.05,4.516242248965416,0.81,15712732.0,17681540.0,4634.7812,99.95,26.95,2021,756.05,13.45,0.28,0.5
2021-09-17,shigu,石鼓,Shigu,1.29,16.66,20.53,13.15,3.958285168125909,0.9,13563042.0,15259292.0,4396.547000000001,99.95,26.95,2021,755.41,13.05,0.44,0.72
2021-09-18,shigu,石鼓,Shigu,3.28,16.61,21.22,12.72,3.786676166364491,1.08,12868062.0,14473788.0,4226.9062,99.95,26.95,2021,755.97,12.79,0.14,1.02
2021-09-19,shigu,石鼓,Shigu,2.91,16.69,22.81,12.91,5.362206797978993,0.72,18294446.0,20569640.0,4212.2188,99.95,26.95,2021,757.57,11.43,0.25,-0.22
2021-09-20,shigu,石鼓,Shigu,1.96,15.73,20.12,11.4,4.588810392868028,0.74,16402762.0,18437748.0,4327.1875,99.95,26.95,2021,758.57,12.65,0.33,-0.33
2021-09-21,shigu,石鼓,Shigu,1.39,16.6,20.93,11.72,5.136724734621997,0.7,17515014.0,19681676.0,4321.008,99.95,26.95,2021,757.15,11.36,0.45,-0.18
2021-09-22,shigu,石鼓,Shigu,4.51,16.15,20.43,12.56,4.7521843078207056,0.74,16590348.0,18637268.0,4125.117,99.95,26.95,2021,756.58,12.11,0.48,0.38
2021-09-23,shigu,石鼓,Shigu,5.6,16.07,21.3,13.01,4.7062053121690965,0.72,16621058.0,18666572.0,3888.2578,99.95,26.95,2021,757.98,12.68,0.42,0.29
2021-09-24,shigu,石鼓,Shigu,2.74,15.88,20.9,11.75,4.172227949377392,0.72,14707696.0,16512535.0,3686.8672,99.95,26.95,2021,758.06,12.54,0.47,0.25
2021-09-25,shigu,石鼓,Shigu,4.39,15.57,21.1,11.88,3.931521214171276,0.65,14102267.0,15827541.0,3510.0547,99.95,26.95,2021,758.19,13.07,0.3,0.17
2021-09-26,shigu,石鼓,Shigu,5.69,15.16,20.0,11.56,3.70579284813469,0.66,13577006.0,15234293.0,3370.75,99.95,26.95,2021,759.19,13.33,0.43,-0.01
2021-09-27,shigu,石鼓,Shigu,9.21,15.03,20.58,10.57,3.8986480437898487,0.67,14458366.0,16217790.0,3284.664,99.95,26.95,2021,758.26,13.51,0.21,0.3
2021-09-28,shigu,石鼓,Shigu,7.73,15.8,21.85,11.53,4.387207277815548,0.71,15410812.0,17281398.0,3282.9688,99.95,26.95,2021,758.37,11.89,-0.05,0.18
2021-09-29,shigu,石鼓,Shigu,3.54,15.19,20.77,11.18,4.127995894213403,0.68,15054933.0,16877706.0,3377.0703,99.95,26.95,2021,758.53,12.81,0.04,-0.06
2021-09-30,shigu,石鼓,Shigu,6.56,15.44,21.88,11.47,4.589899792624512,0.65,16572413.0,18573028.0,3452.4766,99.95,26.95,2021,758.04,12.61,-0.08,0.23
2021-10-01,shigu,石鼓,Shigu,0.5,16.51,22.46,11.48,4.618994051212824,0.72,16110265.0,18049436.0,3402.3594,99.95,26.95,2021,757.65,12.94,0.09,0.14
2021-10-02,shigu,石鼓,Shigu,0.98,17.47,22.64,12.16,5.0238031162964365,0.74,16878126.0,18904864.0,3243.5703,99.95,26.95,2021,756.0,12.56,0.37,0.31
2021-10-03,shigu,石鼓,Shigu,0.19,17.32,21.88,12.7,4.023166872897376,0.91,12990484.0,14546711.0,3055.3516,99.95,26.95,2021,755.13,11.66,0.19,0.86
2021-10-04,shigu,石鼓,Shigu,1.08,16.45,21.61,12.63,4.052091184069599,0.78,13957946.0,15625758.0,2879.9297,99.95,26.95,2021,756.89,12.57,0.31,0.57
2021-10-05,shigu,石鼓,Shigu,0.37,16.68,21.54,12.43,3.67687149039248,0.79,12298955.0,13764387.0,2724.336,99.95,26.95,2021,757.79,12.16,0.18,0.62
2021-10-06,shigu,石鼓,Shigu,4.59,16.64,21.65,12.58,3.781816299302104,0.7,12700798.0,14209984.0,2584.2031,99.95,26.95,2021,756.11,12.0,0.07,0.47
2021-10-07,shigu,石鼓,Shigu,2.58,16.13,20.89,12.57,3.4893766845731498,0.68,12026995.0,13450593.0,2458.0078,99.95,26.95,2021,755.33,12.49,0.38,0.04
2021-10-08,shigu,石鼓,Shigu,3.07,16.31,21.42,12.36,4.244893568176582,0.59,14719082.0,16457478.0,2355.1797,99.95,26.95,2021,755.14,12.46,0.17,0.13
2021-10-09,shigu,石鼓,Shigu,1.71,15.44,19.99,12.47,3.7916302347666258,0.67,13532636.0,15126289.0,2289.5938,99.95,26.95,2021,756.64,12.35,0.28,-0.35
2021-10-10,shigu,石鼓,Shigu,2.92,14.79,18.84,12.23,2.895885526115152,0.7,10776140.0,12041782.0,2261.8906,99.95,26.95,2021,758.27,13.36,0.15,-0.61
2021-10-11,shigu,石鼓,Shigu,1.27,14.7,18.06,11.6,3.3015235213425616,0.74,12048432.0,13458988.0,2246.2422,99.95,26.95,2021,758.01,12.06,0.23,-0.51
2021-10-12,shigu,石鼓,Shigu,0.65,15.46,20.16,11.45,3.7275865779163566,0.68,13377002.0,14939424.0,2214.2969,99.95,26.95,2021,758.04,12.67,0.26,-0.49
2021-10-13,shigu,石鼓,Shigu,0.83,14.97,18.46,11.1,2.7229152977096445,0.74,9770132.0,10907892.0,2162.8438,99.95,26.95,2021,758.61,12.48,0.11,-0.56
2021-10-14,shigu,石鼓,Shigu,3.08,15.1,19.59,11.35,3.3238217874852696,0.85,12021704.0,13417200.0,2101.9531,99.95,26.95,2021,758.94,12.34,0.21,-0.69
2021-10-15,shigu,石鼓,Shigu,3.2,14.06,17.65,12.46,2.0632673503050465,0.76,7797604.0,8700368.0,2035.5859,99.95,26.95,2021,759.16,12.84,0.38,-0.65
2021-10-16,shigu,石鼓,Shigu,5.34,12.71,14.85,11.06,1.2861002608590002,0.88,5120034.0,5711052.0,1970.9375,99.95,26.95,2021,761.39,12.05,0.52,-0.69
2021-10-17,shigu,石鼓,Shigu,0.78,12.0,13.13,10.71,1.0327827551356492,0.93,3839830.0,4282876.0,1927.3672,99.95,26.95,2021,760.64,10.56,0.85,-0.11
2021-10-18,shigu,石鼓,Shigu,1.14,15.55,19.71,12.0,2.4257361520276106,0.91,8298168.0,9253444.0,1913.2812,99.95,26.95,2021,758.91,12.5,0.67,0.34
2021-10-19,shigu,石鼓,Shigu,0.37,16.1,21.52,12.31,3.4608571182908303,1.29,11315072.0,12616492.0,1897.2188,99.95,26.95,2021,757.89,11.09,0.26,1.27
2021-10-20,shigu,石鼓,Shigu,2.29,15.95,19.74,12.54,3.0604331889370093,1.09,10369776.0,11560840.0,1874.4609,99.95,26.95,2021,756.46,12.17,0.44,0.89
2021-10-21,shigu,石鼓,Shigu,43.09,12.84,15.25,10.21,0.7671646423422609,0.83,3087382.0,3441356.0,1861.4219,99.95,26.95,2021,756.03,12.59,0.61,-0.51
2021-10-22,shigu,石鼓,Shigu,7.79,10.22,13.64,8.97,1.5721089024984842,0.91,6916746.0,7706536.0,1924.1719,99.95,26.95,2021,758.96,9.77,0.47,-0.51
2021-10-23,shigu,石鼓,Shigu,0.31,13.63,18.87,9.24,3.529170711165969,0.68,12498884.0,13925478.0,2031.6875,99.95,26.95,2021,759.56,7.69,0.14,0.51
2021-10-24,shigu,石鼓,Shigu,0.01,14.14,19.35,9.39,4.480532371532622,0.79,15468776.0,17230620.0,2136.4062,99.95,26.95,2021,759.24,5.78,0.26,0.71
2021-10-25,shigu,石鼓,Shigu,0.0,13.81,19.22,8.36,4.376393915612988,1.22,14753394.0,16431372.0,2240.8203,99.95,26.95,2021,756.99,5.3,0.11,1.18
2021-10-26,shigu,石鼓,Shigu,0.09,13.24,18.45,7.81,4.140768811605294,1.02,14414294.0,16051376.0,2279.7422,99.95,26.95,2021,757.83,5.34,0.08,0.95
2021-10-27,shigu,石鼓,Shigu,0.0,13.07,18.32,6.72,4.517096146726108,1.15,15795388.0,17586112.0,2240.8984,99.95,26.95,2021,758.58,4.53,-0.16,1.1
2021-10-28,shigu,石鼓,Shigu,0.05,13.59,19.08,6.93,4.271105884055547,1.15,14573908.0,16223336.0,2155.3984,99.95,26.95,2021,759.21,5.33,-0.06,1.1
2021-10-29,shigu,石鼓,Shigu,0.0,13.38,18.65,6.05,4.608244703868026,0.84,16098846.0,17916944.0,2049.6719,99.95,26.95,2021,760.15,4.07,-0.11,0.78
2021-10-30,shigu,石鼓,Shigu,0.12,12.72,17.72,7.55,4.109006123359658,1.2,14411810.0,16036904.0,1940.7734,99.95,26.95,2021,758.66,4.87,-0.13,1.15
2021-10-31,shigu,石鼓,Shigu,0.65,12.2,17.36,6.46,3.4733901615069254,1.0,12300306.0,13684860.0,1835.4688,99.95,26.95,2021,758.13,5.09,0.17,0.9
2021-11-01,shigu,石鼓,Shigu,0.16,11.57,16.96,5.59,3.7598110924027126,1.16,13536790.0,15057536.0,1740.8438,99.95,26.95,2021,758.85,3.89,-0.11,1.11
2021-11-02,shigu,石鼓,Shigu,0.0,11.83,17.39,5.88,4.346729050429452,1.19,15482218.0,17217648.0,1658.3516,99.95,26.95,2021,758.62,2.56,0.02,1.14
2021-11-03,shigu,石鼓,Shigu,0.0,11.58,17.42,5.43,4.383647836427608,1.32,15597994.0,17343608.0,1582.9844,99.95,26.95,2021,756.97,2.08,-0.11,1.3
2021-11-04,shigu,石鼓,Shigu,0.0,11.26,16.69,5.26,4.340064528947199,1.39,15549922.0,17287192.0,1512.4453,99.95,26.95,2021,756.2,1.82,-0.24,1.36
2021-11-05,shigu,石鼓,Shigu,0.0,10.93,16.88,4.47,4.472937150439332,1.31,16431200.0,18263368.0,1449.0859,99.95,26.95,2021,755.25,1.44,-0.26,1.27
2021-11-06,shigu,石鼓,Shigu,0.0,10.84,16.76,4.3,4.5078343142721975,1.09,16474966.0,18308512.0,1392.2891,99.95,26.95,2021,754.73,0.08,-0.11,1.05
2021-11-07,shigu,石鼓,Shigu,0.0,10.7,16.1,4.47,4.243824321833688,0.71,16169720.0,17965524.0,1341.5,99.95,26.95,2021,757.73,1.83,0.39,0.12
2021-11-08,shigu,石鼓,Shigu,0.0,10.98,16.77,5.29,4.117017902302915,1.04,15043250.0,16710820.0,1297.6172,99.95,26.95,2021,757.53,1.56,0.24,0.91
2021-11-09,shigu,石鼓,Shigu,0.0,11.15,16.85,5.2,4.386927795531325,0.95,16125562.0,17909892.0,1260.7656,99.95,26.95,2021,757.78,1.26,-0.11,0.9
2021-11-10,shigu,石鼓,Shigu,0.0,10.37,16.43,4.09,3.963032857732697,1.07,14287630.0,15865276.0,1230.25,99.95,26.95,2021,756.89,-0.4,-0.06,1.02
2021-11-11,shigu,石鼓,Shigu,0.0,10.24,16.18,3.74,4.190565580229634,1.28,15491796.0,17200060.0,1205.1094,99.95,26.95,2021,756.06,0.49,-0.3,1.23
2021-11-12,shigu,石鼓,Shigu,0.01,10.29,15.67,4.37,3.4954223586476165,1.12,12590252.0,13976388.0,1184.9062,99.95,26.95,2021,757.14,1.25,-0.31,1.05
2021-11-13,shigu,石鼓,Shigu,0.03,10.31,16.03,5.65,3.0468166003430275,0.93,10747318.0,11927128.0,1168.5156,99.95,26.95,2021,756.47,1.17,-0.14,0.86
2021-11-14,shigu,石鼓,Shigu,0.0,11.02,16.74,5.28,3.9577130680534,1.11,13985872.0,15518992.0,1155.1562,99.95,26.95,2021,755.52,0.7,-0.16,1.08
2021-11-15,shigu,石鼓,Shigu,0.0,10.73,16.57,4.96,3.906223920046661,1.28,13732582.0,15235228.0,1144.3281,99.95,26.95,2021,754.65,0.56,-0.12,1.25
2021-11-16,shigu,石鼓,Shigu,0.0,10.35,16.51,4.58,3.950434828936232,1.23,14306396.0,15872160.0,1134.875,99.95,26.95,2021,756.58,0.46,-0.33,1.16
2021-11-17,shigu,石鼓,Shigu,0.0,10.32,16.07,4.64,3.927398981330152,0.71,14819108.0,16440372.0,1126.1797,99.95,26.95,2021,758.46,0.47,-0.16,0.59
2021-11-18,shigu,石鼓,Shigu,0.0,10.22,17.1,3.59,4.159020494714111,1.11,15606936.0,17314556.0,1116.8828,99.95,26.95,2021,755.31,0.74,-0.2,1.05
2021-11-19,shigu,石鼓,Shigu,0.0,10.13,17.26,3.42,4.153260201753306,1.32,15446044.0,17136124.0,1106.8125,99.95,26.95,2021,752.52,0.64,-0.32,1.27
2021-11-20,shigu,石鼓,Shigu,0.0,11.69,18.4,3.45,4.210853847826234,1.14,15186474.0,16848124.0,1097.0781,99.95,26.95,2021,753.35,2.9,-0.19,1.11
2021-11-21,shigu,石鼓,Shigu,1.48,11.89,17.3,5.74,3.0474188566922766,0.78,10742892.0,11918592.0,1088.0391,99.95,26.95,2021,755.15,4.39,0.2,0.69
2021-11-22,shigu,石鼓,Shigu,6.8,8.53,12.43,4.16,1.5320320150750666,0.43,6657784.0,7384964.0,1081.1094,99.95,26.95,2021,755.69,7.61,0.09,0.17
2021-11-23,shigu,石鼓,Shigu,3.58,8.26,13.95,4.19,2.6682324608652026,0.41,11414764.0,12706584.0,1082.3047,99.95,26.95,2021,756.74,5.35,0.14,0.12
2021-11-24,shigu,石鼓,Shigu,2.14,7.37,11.4,4.34,2.3578076066644327,0.5,10147374.0,11316520.0,1092.7734,99.95,26.95,2021,757.52,3.47,0.09,0.17
2021-11-25,shigu,石鼓,Shigu,0.12,8.12,12.9,3.64,2.944329896117733,0.68,11671310.0,12995668.0,1103.7422,99.95,26.95,2021,757.07,-0.17,0.02,0.52
2021-11-26,shigu,石鼓,Shigu,0.67,8.2,12.69,3.45,2.9727653071711315,0.64,11932734.0,13268808.0,1108.0547,99.95,26.95,2021,757.88,0.48,-0.04,0.52
2021-11-27,shigu,石鼓,Shigu,0.06,7.96,13.19,2.67,3.193875584552879,0.86,12434318.0,13818960.0,1100.5938,99.95,26.95,2021,758.82,-1.82,-0.15,0.76
2021-11-28,shigu,石鼓,Shigu,0.0,7.94,13.55,2.11,3.4350952506583483,0.76,13882662.0,15416288.0,1084.9141,99.95,26.95,2021,758.73,-1.09,-0.01,0.58
2021-11-29,shigu,石鼓,Shigu,0.01,8.58,13.44,2.83,3.3396075094276134,0.57,13496888.0,14980788.0,1066.6875,99.95,26.95,2021,759.44,0.68,-0.01,0.08
2021-11-30,shigu,石鼓,Shigu,0.57,7.71,12.11,4.82,1.9897252859420127,0.59,8311952.0,9223076.0,1049.7188,99.95,26.95,2021,760.21,3.61,0.33,-0.01
2021-12-01,shigu,石鼓,Shigu,0.01,8.54,14.45,3.79,2.9071110351158955,0.56,11889236.0,13189792.0,1034.9141,99.95,26.95,2021,759.23,2.53,-0.14,0.35
2021-12-02,shigu,石鼓,Shigu,0.01,8.54,14.61,3.68,2.889338130122292,0.64,12045654.0,13362512.0,1022.0,99.95,26.95,2021,758.79,3.78,0.37,-0.02
2021-12-03,shigu,石鼓,Shigu,0.03,9.09,15.49,4.09,2.387431909093587,0.54,9391438.0,10417000.0,1010.7031,99.95,26.95,2021,758.83,3.23,0.02,0.31
2021-12-04,shigu,石鼓,Shigu,0.05,8.16,12.98,4.42,1.93437762205794,0.5,8004044.0,8878028.0,1001.03906,99.95,26.95,2021,759.8,4.27,0.1,0.01
2021-12-05,shigu,石鼓,Shigu,0.24,8.13,12.48,3.37,1.8353012021253925,0.57,7743128.0,8589276.0,992.72656,99.95,26.95,2021,759.9,5.2,0.21,-0.15
2021-12-06,shigu,石鼓,Shigu,0.06,8.76,13.62,3.35,1.8555429894000817,0.73,7303418.0,8100908.0,985.4453,99.95,26.95,2021,758.08,4.53,0.36,0.32
2021-12-07,shigu,石鼓,Shigu,0.19,10.76,15.03,5.32,2.447556431371837,1.02,8924044.0,9899336.0,978.1797,99.95,26.95,2021,756.99,5.5,0.07,0.98
2021-12-08,shigu,石鼓,Shigu,0.3,10.82,16.22,5.05,2.300252711511221,0.88,7862422.0,8721644.0,971.96094,99.95,26.95,2021,758.94,3.87,-0.18,0.85
2021-12-09,shigu,石鼓,Shigu,0.0,9.44,15.43,2.91,3.2496562818694503,1.1,12271562.0,13613096.0,967.9531,99.95,26.95,2021,759.39,1.65,-0.14,1.07
2021-12-10,shigu,石鼓,Shigu,0.0,9.41,15.52,1.3,3.576570283865708,1.3,13209780.0,14654240.0,963.02344,99.95,26.95,2021,757.65,0.24,-0.29,1.24
2021-12-11,shigu,石鼓,Shigu,1.18,7.38,13.1,1.55,2.6506564045258454,1.05,11229332.0,12456880.0,956.0,99.95,26.95,2021,758.8,2.23,-0.06,0.89
2021-12-12,shigu,石鼓,Shigu,0.01,6.9,12.18,1.47,2.8964894768670426,0.74,11800192.0,13089936.0,950.03125,99.95,26.95,2021,759.85,-2.26,0.01,0.52
2021-12-13,shigu,石鼓,Shigu,0.0,7.28,13.16,2.0,3.4389585862519185,1.22,13557504.0,15039452.0,945.96875,99.95,26.95,2021,757.56,-2.81,-0.3,1.14
2021-12-14,shigu,石鼓,Shigu,0.0,7.23,14.0,1.41,3.5405196693490963,1.4,14122712.0,15666640.0,939.7656,99.95,26.95,2021,755.51,-2.34,-0.42,1.32
2021-12-15,shigu,石鼓,Shigu,0.0,8.0,14.85,1.14,3.7065053402915447,1.47,13998232.0,15528408.0,931.0,99.95,26.95,2021,754.8,-2.73,-0.44,1.4
2021-12-16,shigu,石鼓,Shigu,0.0,8.71,15.74,1.91,3.8507838170962914,1.1,14289232.0,15853756.0,921.6719,99.95,26.95,2021,756.86,-3.67,-0.4,1.0
2021-12-17,shigu,石鼓,Shigu,0.0,8.81,15.46,3.25,3.9021612037354663,0.9,14536140.0,16130396.0,912.78125,99.95,26.95,2021,757.33,-4.89,0.14,0.7
2021-12-18,shigu,石鼓,Shigu,0.0,9.13,15.53,2.92,3.850823731688089,0.75,14364972.0,15943076.0,904.3594,99.95,26.95,2021,757.15,-4.75,0.22,0.59
2021-12-19,shigu,石鼓,Shigu,0.0,8.11,14.09,2.67,3.782600439427372,0.91,14356214.0,15935992.0,896.15625,99.95,26.95,2021,756.66,-5.58,-0.07,0.87
2021-12-20,shigu,石鼓,Shigu,0.0,6.99,12.53,2.04,3.5268600766152867,1.01,13900232.0,15432444.0,888.2031,99.95,26.95,2021,756.15,-5.19,-0.14,0.93
2021-12-21,shigu,石鼓,Shigu,0.0,6.93,12.39,1.9,3.4183841123913283,0.58,14199796.0,15767504.0,880.59375,99.95,26.95,2021,756.28,-4.08,0.05,0.36
2021-12-22,shigu,石鼓,Shigu,0.62,5.78,11.27,1.73,2.973421573368068,0.86,12928242.0,14357972.0,873.2969,99.95,26.95,2021,754.6,-2.06,0.4,0.62
2021-12-23,shigu,石鼓,Shigu,1.35,4.73,9.46,0.9,2.6338685853242376,1.04,11835026.0,13228884.0,866.9531,99.95,26.95,2021,753.88,-1.95,0.07,0.95
2021-12-24,shigu,石鼓,Shigu,0.42,4.56,9.51,0.62,2.8476835048397136,0.73,12627420.0,14106604.0,862.21875,99.95,26.95,2021,755.86,-4.78,-0.23,0.62
2021-12-25,shigu,石鼓,Shigu,0.51,5.19,9.99,0.74,2.8385652018743444,0.8,12346760.0,13782492.0,856.1875,99.95,26.95,2021,756.59,-3.38,0.39,0.54
2021-12-26,shigu,石鼓,Shigu,2.35,3.43,7.99,0.29,2.24710237995676,0.82,11265052.0,12699644.0,849.21875,99.95,26.95,2021,757.58,-0.04,0.12,0.59
2021-12-27,shigu,石鼓,Shigu,0.77,4.49,8.86,0.49,2.390996877079857,1.09,10419150.0,11875184.0,842.3125,99.95,26.95,2021,757.78,-2.07,0.14,1.0
2021-12-28,shigu,石鼓,Shigu,0.02,5.22,11.18,0.83,3.086105660467413,1.43,12964448.0,14682168.0,835.9531,99.95,26.95,2021,758.5,-3.51,-0.28,1.36
2021-12-29,shigu,石鼓,Shigu,0.0,6.28,12.88,0.8,3.3973649893328863,1.27,14008052.0,15767296.0,830.25,99.95,26.95,2021,760.06,-2.93,-0.35,1.19
2021-12-30,shigu,石鼓,Shigu,0.0,7.19,13.33,1.17,3.3403520597505896,1.06,13123236.0,14704512.0,824.5625,99.95,26.95,2021,759.75,-3.0,0.01,1.02
2021-12-31,shigu,石鼓,Shigu,0.09,6.21,12.42,0.44,3.1978696558305764,1.46,13303720.0,14862640.0,818.9219,99.95,26.95,2021,759.07,-2.02,-0.08,1.38
2022-01-01,shigu,石鼓,Shigu,0.05,6.14,12.41,0.26,3.2442265188787447,1.15,13746834.0,15330452.0,814.4375,99.95,26.95,2022,758.98,-2.28,-0.37,1.05
2022-01-02,shigu,石鼓,Shigu,0.03,6.67,13.16,1.25,3.4716906882376386,1.35,13830368.0,15417864.0,810.15625,99.95,26.95,2022,757.85,-3.69,-0.3,1.27
2022-01-03,shigu,石鼓,Shigu,0.02,6.3,12.28,0.96,3.487487340339734,1.19,14297398.0,15927296.0,804.40625,99.95,26.95,2022,756.49,-4.18,-0.22,1.13
2022-01-04,shigu,石鼓,Shigu,0.45,4.56,10.19,-0.16,3.089629381857925,1.4,13634728.0,15211152.0,797.7031,99.95,26.95,2022,756.67,-4.21,-0.58,1.25
2022-01-05,shigu,石鼓,Shigu,0.0,5.5,12.26,-0.49,3.4329740306004792,1.31,14616410.0,16293104.0,790.9219,99.95,26.95,2022,755.8,-4.39,-0.53,1.17
2022-01-06,shigu,石鼓,Shigu,0.0,6.56,12.98,0.83,3.345741856304264,1.02,13825710.0,15404424.0,784.2344,99.95,26.95,2022,756.21,-2.92,-0.29,0.94
2022-01-07,shigu,石鼓,Shigu,0.0,6.64,13.77,1.13,3.1842453797396923,1.55,13207978.0,14713284.0,777.7344,99.95,26.95,2022,756.55,-0.97,-0.66,1.38
2022-01-08,shigu,石鼓,Shigu,0.0,6.33,13.39,0.97,3.1323362925382976,1.43,13301420.0,14816972.0,771.53125,99.95,26.95,2022,756.21,-0.99,-0.6,1.28
2022-01-09,shigu,石鼓,Shigu,0.01,5.68,13.01,0.65,2.9405575351590563,1.61,13061342.0,14550704.0,765.7031,99.95,26.95,2022,754.43,-0.61,-0.46,1.51
2022-01-10,shigu,石鼓,Shigu,0.0,7.19,14.02,0.68,3.2248606200281102,1.6,12927482.0,14403132.0,760.0156,99.95,26.95,2022,755.68,-0.69,-0.5,1.5
2022-01-11,shigu,石鼓,Shigu,0.04,7.38,14.02,1.42,3.438945406436408,1.59,13629978.0,15187972.0,754.7969,99.95,26.95,2022,756.15,-1.27,-0.36,1.52
2022-01-12,shigu,石鼓,Shigu,3.12,5.43,9.85,1.92,2.0702512599283964,1.03,9525428.0,10638632.0,751.1719,99.95,26.95,2022,755.79,1.77,0.15,0.98
2022-01-13,shigu,石鼓,Shigu,2.23,4.63,9.81,0.52,2.135268588380029,1.21,10328292.0,11642304.0,748.8125,99.95,26.95,2022,754.55,1.33,0.35,1.03
2022-01-14,shigu,石鼓,Shigu,0.23,4.28,10.57,-0.67,2.721356323097975,1.56,12614688.0,14264508.0,747.5625,99.95,26.95,2022,755.98,-1.74,-0.25,1.5
2022-01-15,shigu,石鼓,Shigu,0.92,4.61,10.4,-0.79,2.8819333973534467,1.27,13715572.0,15443024.0,743.8125,99.95,26.95,2022,756.22,-0.67,-0.21,1.23
2022-01-16,shigu,石鼓,Shigu,2.28,4.18,9.35,-2.05,2.415566030941416,0.86,11388212.0,12907036.0,737.5156,99.95,26.95,2022,756.26,-0.58,-0.15,0.81
2022-01-17,shigu,石鼓,Shigu,2.97,1.82,7.39,-2.43,2.2441405581970817,0.65,11738274.0,13230180.0,730.4219,99.95,26.95,2022,759.04,-2.43,-0.31,0.22
2022-01-18,shigu,石鼓,Shigu,0.0,3.43,8.63,-2.44,3.3904464646034618,0.79,15064124.0,17303416.0,723.0781,99.95,26.95,2022,757.52,-10.14,-0.16,0.56
2022-01-19,shigu,石鼓,Shigu,0.14,4.15,9.83,-0.22,3.110429272893529,1.09,13939268.0,15812752.0,715.96875,99.95,26.95,2022,753.77,-4.74,-0.02,1.04
2022-01-20,shigu,石鼓,Shigu,0.68,4.02,9.11,0.28,2.6499516245482875,1.26,12134112.0,13695396.0,709.46875,99.95,26.95,2022,751.79,-2.66,-0.12,1.25
2022-01-21,shigu,石鼓,Shigu,2.68,2.54,7.97,-1.61,1.9899276191146624,0.87,10252748.0,11684180.0,703.65625,99.95,26.95,2022,751.52,-0.56,0.04,0.7
2022-01-22,shigu,石鼓,Shigu,0.68,3.11,8.59,-1.39,2.554108089477769,1.26,12129810.0,13850748.0,698.125,99.95,26.95,2022,750.38,-3.17,-0.21,1.22
2022-01-23,shigu,石鼓,Shigu,0.28,3.81,9.04,-0.45,2.679332380050794,1.32,12169146.0,13770844.0,692.75,99.95,26.95,2022,751.99,-3.41,-0.26,1.27
2022-01-24,shigu,石鼓,Shigu,4.84,3.63,6.98,1.38,1.4800327334128591,0.8,7042882.0,8024156.0,687.75,99.95,26.95,2022,752.12,0.71,0.11,0.75
2022-01-25,shigu,石鼓,Shigu,3.13,4.48,8.24,1.38,1.6466659809843809,1.0,7600774.0,8792048.0,683.59375,99.95,26.95,2022,751.78,1.61,0.27,0.95
2022-01-26,shigu,石鼓,Shigu,0.67,5.27,10.6,1.53,2.64041786875736,1.33,11319592.0,12917492.0,680.1875,99.95,26.95,2022,752.34,-1.16,0.24,1.28
2022-01-27,shigu,石鼓,Shigu,2.96,4.3,8.24,0.96,2.1449473947222177,1.06,9943634.0,11269028.0,676.8125,99.95,26.95,2022,752.14,-0.21,0.8,0.65
2022-01-28,shigu,石鼓,Shigu,0.84,3.44,8.72,-1.41,2.540180788397436,1.24,12195352.0,14144824.0,674.15625,99.95,26.95,2022,751.88,-1.53,0.26,1.09
2022-01-29,shigu,石鼓,Shigu,0.01,2.32,7.74,-1.46,3.1376039605995314,1.3,15251868.0,17443860.0,671.9375,99.95,26.95,2022,752.78,-6.49,-0.48,1.2
2022-01-30,shigu,石鼓,Shigu,0.06,4.18,9.14,-0.99,3.3830871915856715,0.93,15311802.0,17347276.0,667.0,99.95,26.95,2022,751.0,-5.56,0.06,0.85
2022-01-31,shigu,石鼓,Shigu,1.97,4.48,8.87,0.76,2.928679125743084,0.83,13351172.0,15048656.0,660.25,99.95,26.95,2022,751.1,-2.89,0.22,0.74
2022-02-01,shigu,石鼓,Shigu,2.64,3.89,8.91,0.46,2.667724565055253,1.23,12009884.0,14202220.0,653.59375,99.95,26.95,2022,750.46,-2.12,0.7,0.96
2022-02-02,shigu,石鼓,Shigu,2.21,1.97,5.53,-0.85,1.8253700932405363,0.98,8834600.0,10697992.0,647.78125,99.95,26.95,2022,752.89,-1.69,0.33,0.76
2022-02-03,shigu,石鼓,Shigu,0.37,2.35,8.21,-1.95,2.735535872631596,1.29,13070762.0,15813496.0,642.375,99.95,26.95,2022,754.39,-3.61,-0.07,1.26
2022-02-04,shigu,石鼓,Shigu,0.48,5.04,11.13,-2.18,3.408175432484516,1.2,14891140.0,17414484.0,636.75,99.95,26.95,2022,755.66,-2.6,-0.05,1.17
2022-02-05,shigu,石鼓,Shigu,7.67,4.45,9.81,0.37,2.4837669056467035,1.18,11439660.0,13274048.0,631.59375,99.95,26.95,2022,752.73,-0.21,0.74,0.81
2022-02-06,shigu,石鼓,Shigu,3.42,0.81,4.66,-3.14,2.2818913858639136,1.25,9388284.0,14682056.0,628.4375,99.95,26.95,2022,751.9,-3.11,-0.25,1.17
2022-02-07,shigu,石鼓,Shigu,0.0,1.84,8.97,-3.49,3.2131357796133275,1.19,13651042.0,19006592.0,625.5,99.95,26.95,2022,752.92,-5.45,-0.17,1.13
2022-02-08,shigu,石鼓,Shigu,0.27,2.4,7.96,-3.63,2.828388842445879,1.42,13111748.0,16844140.0,620.8125,99.95,26.95,2022,753.14,-2.87,-0.14,1.36
2022-02-09,shigu,石鼓,Shigu,0.05,2.84,9.22,-2.39,2.9057086154138814,1.46,13464478.0,16393516.0,615.21875,99.95,26.95,2022,753.8,-3.66,-0.12,1.41
2022-02-10,shigu,石鼓,Shigu,0.05,3.62,10.1,-2.28,3.0856802511250616,1.5,14452822.0,16992828.0,609.65625,99.95,26.95,2022,752.66,-2.9,-0.22,1.46
2022-02-11,shigu,石鼓,Shigu,1.67,4.41,10.61,-0.46,3.0150885190310084,1.28,13678576.0,15812664.0,604.46875,99.95,26.95,2022,752.92,-2.23,0.2,1.22
2022-02-12,shigu,石鼓,Shigu,0.05,3.79,9.91,-0.86,3.3372506678992253,1.4,15373726.0,17543872.0,599.71875,99.95,26.95,2022,752.49,-4.87,-0.09,1.35
2022-02-13,shigu,石鼓,Shigu,0.0,4.12,10.98,-1.36,4.116757155472573,1.05,18753734.0,21231428.0,595.375,99.95,26.95,2022,754.23,-8.3,-0.35,0.96
2022-02-14,shigu,石鼓,Shigu,0.0,4.98,11.87,-1.42,4.370155183641361,1.35,18832144.0,21224160.0,590.5,99.95,26.95,2022,754.61,-9.34,-0.36,1.26
2022-02-15,shigu,石鼓,Shigu,0.0,5.4,12.62,-0.73,4.384781748422489,1.4,18883834.0,21236888.0,585.34375,99.95,26.95,2022,752.88,-7.57,-0.28,1.32
2022-02-16,shigu,石鼓,Shigu,0.0,5.5,12.28,-0.85,4.352955436199738,1.52,18848850.0,21178700.0,580.375,99.95,26.95,2022,750.31,-6.51,-0.35,1.44
2022-02-17,shigu,石鼓,Shigu,0.0,5.53,11.82,-0.34,4.164584745582325,1.56,18138540.0,20375888.0,575.71875,99.95,26.95,2022,750.79,-5.3,-0.32,1.49
2022-02-18,shigu,石鼓,Shigu,0.0,6.31,12.86,-0.56,4.143941065535026,1.4,17857552.0,20060728.0,571.21875,99.95,26.95,2022,752.63,-3.28,-0.37,1.32
2022-02-19,shigu,石鼓,Shigu,0.0,7.87,14.79,2.05,4.7271723155087,1.1,18996768.0,21342960.0,566.75,99.95,26.95,2022,751.74,-4.43,0.24,1.04
2022-02-20,shigu,石鼓,Shigu,6.53,4.64,10.69,0.8,3.091220318369864,0.84,14561410.0,16396880.0,562.65625,99.95,26.95,2022,750.76,-1.11,0.72,0.24
2022-02-21,shigu,石鼓,Shigu,14.36,1.55,3.35,0.43,1.1974195835062071,0.72,5099704.0,7571804.0,559.71875,99.95,26.95,2022,751.78,0.59,0.53,-0.02
2022-02-22,shigu,石鼓,Shigu,9.02,1.53,4.77,-0.42,2.515750074036662,0.47,7277840.0,15628536.0,558.1875,99.95,26.95,2022,755.7,0.15,0.09,-0.09
2022-02-23,shigu,石鼓,Shigu,0.05,3.48,8.18,-0.16,3.27715813888079,1.04,8401528.0,17892340.0,555.25,99.95,26.95,2022,757.24,-4.0,-0.06,0.95
2022-02-24,shigu,石鼓,Shigu,0.03,5.11,10.13,-0.15,3.7453694980182735,1.23,11989712.0,19700156.0,549.8125,99.95,26.95,2022,757.09,-1.96,-0.02,1.17
2022-02-25,shigu,石鼓,Shigu,0.02,6.17,13.39,0.86,3.9563964323699263,1.57,14999752.0,20253850.0,544.09375,99.95,26.95,2022,757.64,-0.8,-0.39,1.51
2022-02-26,shigu,石鼓,Shigu,1.23,6.71,13.51,-0.14,3.9688347289603847,1.48,16018088.0,19527996.0,539.375,99.95,26.95,2022,757.89,-0.84,-0.24,1.42
2022-02-27,shigu,石鼓,Shigu,0.03,6.54,13.13,-0.24,4.173027259194036,1.64,17934310.0,20899530.0,536.375,99.95,26.95,2022,756.14,-1.16,-0.3,1.58
2022-02-28,shigu,石鼓,Shigu,1.43,7.45,13.35,1.65,4.2374592224344445,1.54,17741846.0,20256920.0,534.59375,99.95,26.95,2022,756.12,-0.6,-0.01,1.47
2022-03-01,shigu,石鼓,Shigu,0.16,7.62,13.53,0.99,4.262601474255807,1.39,17366570.0,19666302.0,534.21875,99.95,26.95,2022,757.77,-1.82,-0.53,1.27
2022-03-02,shigu,石鼓,Shigu,0.0,8.33,14.82,2.01,4.98668013442169,1.47,19836034.0,22393614.0,534.90625,99.95,26.95,2022,756.92,-3.1,-0.4,1.37
2022-03-03,shigu,石鼓,Shigu,0.0,8.57,15.26,1.78,5.082061558799059,1.61,20303374.0,22897502.0,534.46875,99.95,26.95,2022,756.16,-2.22,-0.56,1.5
2022-03-04,shigu,石鼓,Shigu,0.0,9.07,16.23,2.51,5.0457358029451855,1.5,19956776.0,22502626.0,531.90625,99.95,26.95,2022,754.56,-1.1,-0.44,1.41
2022-03-05,shigu,石鼓,Shigu,0.0,9.64,16.31,2.76,5.077172800599922,1.54,19534578.0,22029468.0,527.90625,99.95,26.95,2022,754.22,-0.76,-0.46,1.44
2022-03-06,shigu,石鼓,Shigu,0.04,9.6,16.77,3.14,5.407396661756077,1.46,20419300.0,23031908.0,524.09375,99.95,26.95,2022,758.76,-3.21,-1.02,1.03
2022-03-07,shigu,石鼓,Shigu,0.0,11.54,19.54,3.05,5.903603643873308,1.15,20953774.0,23640944.0,521.8125,99.95,26.95,2022,759.46,-3.2,-0.22,0.63
2022-03-08,shigu,石鼓,Shigu,0.0,11.11,19.11,2.58,5.87665913547302,1.67,21279408.0,24014778.0,520.59375,99.95,26.95,2022,755.95,-1.43,-0.57,1.56
2022-03-09,shigu,石鼓,Shigu,0.0,11.25,19.3,2.99,5.801871109995284,1.64,21388842.0,24144884.0,519.875,99.95,26.95,2022,756.02,0.26,-0.67,1.49
2022-03-10,shigu,石鼓,Shigu,0.0,12.08,20.41,3.8,5.946782226188836,1.56,21373636.0,24134240.0,519.0,99.95,26.95,2022,755.97,1.02,-0.53,1.45
2022-03-11,shigu,石鼓,Shigu,0.0,12.76,21.18,4.04,6.230959765883021,1.57,21527570.0,24314612.0,517.8125,99.95,26.95,2022,755.07,0.1,-0.38,1.49
2022-03-12,shigu,石鼓,Shigu,0.0,12.87,21.19,3.95,6.288568608658072,1.56,21531092.0,24325192.0,517.3125,99.95,26.95,2022,755.41,-0.3,-0.46,1.46
2022-03-13,shigu,石鼓,Shigu,0.0,13.16,21.55,4.22,6.431663318315092,1.55,21817328.0,24655232.0,518.28125,99.95,26.95,2022,756.57,-0.37,-0.51,1.44
2022-03-14,shigu,石鼓,Shigu,0.0,13.81,22.23,4.77,6.487800278155558,1.32,21649296.0,24471928.0,522.34375,99.95,26.95,2022,756.9,-0.25,-0.45,1.21
2022-03-15,shigu,石鼓,Shigu,0.01,13.67,21.5,4.5,6.481675265346043,1.46,21390552.0,24185974.0,532.15625,99.95,26.95,2022,753.86,-0.98,-0.19,1.41
2022-03-16,shigu,石鼓,Shigu,0.0,12.94,21.15,4.66,6.243351923977157,1.68,21868766.0,24732082.0,548.96875,99.95,26.95,2022,753.05,1.78,-0.63,1.55
2022-03-17,shigu,石鼓,Shigu,0.35,13.2,22.23,3.07,6.06256484025792,1.21,21183544.0,23962496.0,568.78125,99.95,26.95,2022,755.24,2.07,-0.53,1.07
2022-03-18,shigu,石鼓,Shigu,0.0,14.37,23.62,2.63,6.674104239930892,1.02,21870744.0,24745282.0,585.0625,99.95,26.95,2022,755.26,-2.36,-0.25,0.64
2022-03-19,shigu,石鼓,Shigu,0.0,14.84,23.75,4.23,6.718951772664874,1.6,22400708.0,25350548.0,599.5,99.95,26.95,2022,752.11,3.55,-0.45,1.52
2022-03-20,shigu,石鼓,Shigu,0.0,13.91,22.78,5.74,5.547389888226959,1.88,19138042.0,21663774.0,621.65625,99.95,26.95,2022,751.89,5.53,-0.46,1.8
2022-03-21,shigu,石鼓,Shigu,0.0,14.42,21.69,5.71,6.394988562495066,1.77,21256082.0,24066038.0,651.875,99.95,26.95,2022,753.83,3.26,-0.37,1.7
2022-03-22,shigu,石鼓,Shigu,0.01,13.74,20.79,5.42,5.472321585688895,1.7,18429100.0,20869446.0,688.40625,99.95,26.95,2022,755.67,4.14,-0.37,1.64
2022-03-23,shigu,石鼓,Shigu,0.14,15.09,23.02,5.79,5.447806306215298,1.46,17553028.0,19881704.0,730.65625,99.95,26.95,2022,753.64,5.25,-0.07,1.42
2022-03-24,shigu,石鼓,Shigu,0.94,13.56,19.21,8.26,5.024034782778639,1.64,17504018.0,19830652.0,774.125,99.95,26.95,2022,750.35,5.94,-0.07,1.62
2022-03-25,shigu,石鼓,Shigu,1.59,12.11,17.38,7.6,4.246750875283701,1.44,15065540.0,17072190.0,828.0,99.95,26.95,2022,752.32,4.63,0.01,1.43
2022-03-26,shigu,石鼓,Shigu,7.16,7.18,9.76,4.45,1.0099684803715847,0.94,4439008.0,5031400.0,911.21875,99.95,26.95,2022,755.12,5.93,-0.35,0.85
2022-03-27,shigu,石鼓,Shigu,1.97,8.54,12.5,3.56,2.4991638365329782,0.63,10198556.0,11561016.0,1012.15625,99.95,26.95,2022,757.44,4.52,0.06,0.27
2022-03-28,shigu,石鼓,Shigu,0.13,11.04,17.85,3.62,4.4182221599480025,1.32,16556958.0,18773898.0,1086.4375,99.95,26.95,2022,754.65,3.68,-0.05,1.28
2022-03-29,shigu,石鼓,Shigu,0.09,12.77,18.74,4.93,4.4964548949645655,1.52,16057828.0,18212540.0,1111.125,99.95,26.95,2022,753.83,5.97,-0.27,1.49
2022-03-30,shigu,石鼓,Shigu,0.51,13.97,19.56,8.16,3.6135950564101664,1.18,11974656.0,13584820.0,1105.4688,99.95,26.95,2022,755.59,7.42,0.19,1.15
2022-03-31,shigu,石鼓,Shigu,13.1,12.67,17.46,8.7,3.6779298014705217,0.96,13952588.0,15831510.0,1088.875,99.95,26.95,2022,757.61,9.27,0.9,0.07
2022-04-01,shigu,石鼓,Shigu,18.46,4.54,9.04,1.55,0.8519629624451694,1.19,4603974.0,5252184.0,1096.375,99.95,26.95,2022,761.68,4.28,0.3,-1.14
2022-04-02,shigu,石鼓,Shigu,5.13,5.47,9.11,1.64,2.361443296034978,0.64,7574092.0,12378620.0,1172.25,99.95,26.95,2022,762.46,2.37,0.35,-0.47
2022-04-03,shigu,石鼓,Shigu,1.93,8.63,11.32,2.85,2.2292066755396203,0.71,7579178.0,10414466.0,1253.5938,99.95,26.95,2022,758.05,5.54,0.53,0.28
2022-04-04,shigu,石鼓,Shigu,9.55,9.75,13.76,6.68,2.260910909923952,0.82,8933124.0,10696682.0,1275.3438,99.95,26.95,2022,757.93,8.0,0.23,0.53
2022-04-05,shigu,石鼓,Shigu,11.74,9.23,12.71,6.78,1.8578433287669496,0.51,7567908.0,8723408.0,1281.0938,99.95,26.95,2022,759.67,7.69,0.1,-0.13
2022-04-06,shigu,石鼓,Shigu,7.74,8.05,9.68,6.78,1.123103123534794,0.52,4836404.0,5520254.0,1284.1562,99.95,26.95,2022,761.63,7.3,0.01,-0.4
2022-04-07,shigu,石鼓,Shigu,1.36,10.46,15.45,5.87,3.3514152149856264,0.82,13141210.0,14955460.0,1272.375,99.95,26.95,2022,760.37,6.23,0.16,0.1
2022-04-08,shigu,石鼓,Shigu,1.07,11.82,18.38,5.73,4.73259738692613,1.35,17839684.0,20284692.0,1246.6875,99.95,26.95,2022,756.41,5.44,-0.25,1.3
2022-04-09,shigu,石鼓,Shigu,0.39,11.25,17.47,6.13,4.49658308295446,1.13,17693078.0,20117346.0,1206.4062,99.95,26.95,2022,755.31,6.42,-0.37,1.05
2022-04-10,shigu,石鼓,Shigu,1.09,13.0,21.14,5.55,5.770799637769808,0.89,21531268.0,24484960.0,1156.0,99.95,26.95,2022,754.88,7.14,-0.06,0.75
2022-04-11,shigu,石鼓,Shigu,2.09,11.82,18.42,6.16,4.471457594199944,1.24,17313936.0,19694032.0,1098.375,99.95,26.95,2022,753.25,7.02,-0.06,1.2
2022-04-12,shigu,石鼓,Shigu,0.02,14.14,21.53,6.93,6.872194007863704,1.2,23562856.0,26807028.0,1039.9688,99.95,26.95,2022,753.56,2.35,-0.39,1.12
2022-04-13,shigu,石鼓,Shigu,0.58,14.78,21.38,8.12,5.8884937352737765,1.22,20465464.0,23288364.0,982.96875,99.95,26.95,2022,752.57,7.36,0.15,1.16
2022-04-14,shigu,石鼓,Shigu,1.17,13.79,18.69,9.82,3.9833263501741176,1.11,14267856.0,16239592.0,936.8125,99.95,26.95,2022,751.88,9.15,0.44,0.98
2022-04-15,shigu,石鼓,Shigu,0.63,14.28,20.93,8.25,5.733920049436192,1.58,19544876.0,22250502.0,917.625,99.95,26.95,2022,752.55,5.57,0.2,1.53
2022-04-16,shigu,石鼓,Shigu,0.63,13.48,19.91,5.87,5.377138185623542,1.53,18870098.0,21484396.0,935.46875,99.95,26.95,2022,753.18,5.48,0.08,1.49
2022-04-17,shigu,石鼓,Shigu,0.49,13.11,19.19,4.42,5.890601178681308,1.6,21265724.0,24214090.0,958.03125,99.95,26.95,2022,754.59,4.88,-0.05,1.57
2022-04-18,shigu,石鼓,Shigu,1.66,12.0,16.67,5.65,4.404825432084661,0.85,16339860.0,18606596.0,971.4375,99.95,26.95,2022,756.67,5.8,0.13,0.68
2022-04-19,shigu,石鼓,Shigu,1.69,12.24,18.32,7.62,4.639711661407373,1.08,17152710.0,19533768.0,984.5,99.95,26.95,2022,756.77,5.89,-0.18,1.01
2022-04-20,shigu,石鼓,Shigu,0.24,14.96,20.54,7.86,6.863925535002183,0.5,23241786.0,26470828.0,997.9375,99.95,26.95,2022,755.46,1.29,0.08,0.19
2022-04-21,shigu,石鼓,Shigu,0.08,14.71,21.38,7.38,6.572103329532088,1.38,22120824.0,25196082.0,1009.71875,99.95,26.95,2022,752.66,4.09,-0.15,1.36
2022-04-22,shigu,石鼓,Shigu,0.01,15.2,22.59,7.87,6.3455907954634485,1.53,21124864.0,24064282.0,1012.40625,99.95,26.95,2022,753.61,5.61,-0.47,1.44
2022-04-23,shigu,石鼓,Shigu,1.6,13.89,21.05,6.34,5.439043213717492,1.3,19498724.0,22214040.0,998.28125,99.95,26.95,2022,753.45,7.38,0.05,1.24
2022-04-24,shigu,石鼓,Shigu,0.03,14.27,21.6,5.83,5.337302145873107,1.83,18013910.0,20524070.0,980.28125,99.95,26.95,2022,752.26,6.19,-0.44,1.76
2022-04-25,shigu,石鼓,Shigu,0.0,14.59,21.83,7.43,6.216919773227363,1.92,20677978.0,23561456.0,966.8125,99.95,26.95,2022,753.17,4.69,-0.36,1.85
2022-04-26,shigu,石鼓,Shigu,0.08,15.6,22.98,7.98,7.066640282894041,1.66,23492208.0,26770542.0,955.03125,99.95,26.95,2022,753.91,5.39,-0.23,1.62
2022-04-27,shigu,石鼓,Shigu,0.05,15.26,22.13,6.3,6.275505793036918,1.85,20494458.0,23356456.0,946.53125,99.95,26.95,2022,754.51,5.43,-0.22,1.8
2022-04-28,shigu,石鼓,Shigu,0.43,15.58,21.65,7.78,6.858265040967152,1.33,22639166.0,25802894.0,941.65625,99.95,26.95,2022,755.93,4.85,-0.43,1.23
2022-04-29,shigu,石鼓,Shigu,0.31,16.26,23.03,9.81,7.079901026820747,1.48,22922812.0,26128636.0,939.25,99.95,26.95,2022,755.29,5.48,-0.16,1.45
2022-04-30,shigu,石鼓,Shigu,1.07,15.23,22.12,9.08,6.0985271942330685,1.13,20546534.0,23422096.0,938.09375,99.95,26.95,2022,755.24,6.4,0.17,1.06
2022-05-01,shigu,石鼓,Shigu,23.55,7.77,11.0,4.3,0.9487750049914728,0.88,4288024.0,4889760.0,945.6875,99.95,26.95,2022,756.96,7.22,0.26,-0.78
2022-05-02,shigu,石鼓,Shigu,6.94,7.28,10.19,4.25,1.819106045271976,1.13,7597122.0,8804396.0,971.40625,99.95,26.95,2022,759.09,4.4,0.63,-0.93
2022-05-03,shigu,石鼓,Shigu,5.71,6.99,8.98,4.93,1.6138561791604813,0.78,6870630.0,7972532.0,1006.1875,99.95,26.95,2022,759.65,4.73,0.42,-0.55
2022-05-04,shigu,石鼓,Shigu,5.13,9.39,12.03,6.14,2.0662786784491693,0.45,8303586.0,9547240.0,1062.0312,99.95,26.95,2022,758.12,7.33,-0.01,0.1
2022-05-05,shigu,石鼓,Shigu,5.42,11.55,17.99,6.46,4.279072385314219,0.63,16644224.0,19025300.0,1106.9375,99.95,26.95,2022,756.01,8.36,0.13,0.18
2022-05-06,shigu,石鼓,Shigu,1.8,14.1,20.49,7.58,5.804661944970659,0.68,20994382.0,23954468.0,1123.5,99.95,26.95,2022,755.73,9.01,-0.05,0.51
2022-05-07,shigu,石鼓,Shigu,2.27,15.8,22.18,9.37,6.791292119697286,0.74,23494620.0,26800388.0,1108.6562,99.95,26.95,2022,755.69,9.43,0.01,0.43
2022-05-08,shigu,石鼓,Shigu,3.26,15.74,22.58,8.69,5.990141763965851,1.16,21001182.0,23957184.0,1080.9375,99.95,26.95,2022,754.55,10.41,0.12,1.08
2022-05-09,shigu,石鼓,Shigu,0.83,17.22,23.5,10.56,6.567794050302986,0.95,21328332.0,24332768.0,1065.6562,99.95,26.95,2022,754.57,8.72,-0.1,0.78
2022-05-10,shigu,石鼓,Shigu,0.46,16.48,21.95,11.58,5.561036821701689,1.11,18502460.0,21110800.0,1085.375,99.95,26.95,2022,753.24,9.98,0.25,1.03
2022-05-11,shigu,石鼓,Shigu,0.67,17.68,24.23,12.63,5.452296350506115,0.96,17294876.0,19735164.0,1166.0,99.95,26.95,2022,752.39,10.27,0.08,0.94
2022-05-12,shigu,石鼓,Shigu,3.81,15.66,20.27,9.64,4.809691904003428,0.69,16448000.0,18769698.0,1333.0938,99.95,26.95,2022,752.1,10.45,-0.03,0.6
2022-05-13,shigu,石鼓,Shigu,1.24,16.81,21.96,11.71,5.487858557723589,1.01,18119844.0,20679814.0,1647.5625,99.95,26.95,2022,751.01,10.45,0.4,0.9
2022-05-14,shigu,石鼓,Shigu,2.07,15.54,19.87,12.05,3.439348802363998,0.96,11795718.0,13463360.0,2030.25,99.95,26.95,2022,752.68,11.95,0.24,0.86
2022-05-15,shigu,石鼓,Shigu,18.66,14.22,17.6,11.51,2.897121247016853,0.62,10598364.0,12096624.0,2377.5625,99.95,26.95,2022,754.99,12.58,0.42,-0.27
2022-05-16,shigu,石鼓,Shigu,10.39,12.69,15.77,11.08,2.074945011030892,0.84,7867966.0,8982126.0,2749.9062,99.95,26.95,2022,755.97,11.09,0.75,-0.35
2022-05-17,shigu,石鼓,Shigu,12.97,13.81,18.12,11.19,2.780128527651877,0.75,10610518.0,12114676.0,3102.8438,99.95,26.95,2022,753.66,13.03,0.57,0.13
2022-05-18,shigu,石鼓,Shigu,1.32,15.93,22.0,9.69,5.29762024845768,1.41,18232878.0,20821748.0,3339.5625,99.95,26.95,2022,753.91,10.62,0.11,1.36
2022-05-19,shigu,石鼓,Shigu,0.09,16.89,21.81,11.71,5.286976602000922,1.17,17048788.0,19473548.0,3426.25,99.95,26.95,2022,754.64,9.9,0.06,1.14
2022-05-20,shigu,石鼓,Shigu,2.05,16.49,21.51,12.11,4.965803647017483,0.66,16550434.0,18907690.0,3444.5625,99.95,26.95,2022,753.48,10.78,0.12,0.57
2022-05-21,shigu,石鼓,Shigu,5.21,16.44,21.68,12.68,5.665815025940971,0.73,19293268.0,22044600.0,3477.0938,99.95,26.95,2022,750.72,11.46,0.48,0.19
2022-05-22,shigu,石鼓,Shigu,15.34,15.38,20.67,12.57,4.644784937947762,0.64,16616744.0,18988748.0,3531.4062,99.95,26.95,2022,750.34,13.13,0.24,-0.29
2022-05-23,shigu,石鼓,Shigu,11.56,15.63,20.18,12.89,4.7723230262972445,0.73,17120606.0,19567476.0,3579.7812,99.95,26.95,2022,752.5,13.51,0.48,-0.25
2022-05-24,shigu,石鼓,Shigu,0.86,18.47,23.76,13.08,6.1059230307698575,0.79,19532540.0,22328384.0,3607.7812,99.95,26.95,2022,753.77,11.89,0.36,0.42
2022-05-25,shigu,石鼓,Shigu,0.09,20.44,25.81,14.34,7.22232388703099,0.91,21894088.0,25032140.0,3610.4062,99.95,26.95,2022,752.19,11.75,0.24,0.75
2022-05-26,shigu,石鼓,Shigu,16.37,17.29,23.77,13.88,5.1443037832343865,0.63,17404560.0,19902732.0,3633.5,99.95,26.95,2022,751.08,14.08,0.36,0.27
2022-05-27,shigu,石鼓,Shigu,1.35,18.37,23.92,12.32,6.0236147800349205,1.14,19502322.0,22304316.0,3755.1875,99.95,26.95,2022,749.31,12.63,0.17,1.08
2022-05-28,shigu,石鼓,Shigu,0.25,17.93,23.42,11.8,6.194189765495403,1.26,19760430.0,22605060.0,4004.5938,99.95,26.95,2022,749.97,10.63,0.16,1.18
2022-05-29,shigu,石鼓,Shigu,0.26,18.38,23.3,12.73,6.572542292079322,1.09,20549430.0,23511960.0,4317.25,99.95,26.95,2022,751.33,9.76,0.14,0.97
2022-05-30,shigu,石鼓,Shigu,4.08,17.11,21.29,12.86,5.655836508709201,0.74,18984878.0,21723588.0,4643.375,99.95,26.95,2022,753.1,12.38,0.53,-0.23
2022-05-31,shigu,石鼓,Shigu,4.09,18.26,23.47,13.42,5.61867671545587,0.79,18037548.0,20643400.0,4895.7188,99.95,26.95,2022,751.86,12.29,0.23,0.53
2022-06-01,shigu,石鼓,Shigu,0.07,19.51,25.32,13.97,6.437537511092879,1.17,19727554.0,22581252.0,5011.125,99.95,26.95,2022,751.15,11.83,0.14,1.13
2022-06-02,shigu,石鼓,Shigu,0.41,18.95,24.51,14.29,5.945292180625267,1.37,18574906.0,21266700.0,5039.1562,99.95,26.95,2022,750.26,12.44,0.1,1.36
2022-06-03,shigu,石鼓,Shigu,0.92,18.66,23.61,14.84,5.141320210885693,1.24,16269256.0,18631212.0,5073.875,99.95,26.95,2022,750.72,13.32,0.2,1.21
2022-06-04,shigu,石鼓,Shigu,1.87,18.67,23.87,14.38,4.825362028713781,1.02,15275674.0,17494184.0,5121.0625,99.95,26.95,2022,751.59,13.63,0.2,0.97
2022-06-05,shigu,石鼓,Shigu,3.46,18.81,23.7,14.93,5.198786662583512,0.7,16496748.0,18897516.0,5174.8125,99.95,26.95,2022,752.16,13.43,0.27,0.52
2022-06-06,shigu,石鼓,Shigu,18.07,15.94,18.36,14.19,2.2610935340076503,0.61,7782636.0,8914176.0,5300.7812,99.95,26.95,2022,753.32,14.23,0.4,-0.4
2022-06-07,shigu,石鼓,Shigu,7.85,15.05,18.19,13.07,2.446376008493237,0.9,8713058.0,9980372.0,5551.75,99.95,26.95,2022,753.88,13.25,0.59,-0.68
2022-06-08,shigu,石鼓,Shigu,6.0,15.25,18.73,12.71,2.3101544776966887,0.49,8097834.0,9279168.0,5890.4062,99.95,26.95,2022,752.72,13.73,0.27,-0.19
2022-06-09,shigu,石鼓,Shigu,15.05,17.14,22.25,13.81,4.657955836790126,0.5,15705114.0,17998920.0,6186.75,99.95,26.95,2022,751.93,14.32,0.23,0.35
2022-06-10,shigu,石鼓,Shigu,9.11,16.48,20.59,13.35,3.4492899548965985,0.58,11870944.0,13608828.0,6436.5,99.95,26.95,2022,751.99,14.55,0.24,0.45
2022-06-11,shigu,石鼓,Shigu,2.43,16.81,19.89,14.44,3.1225339591181984,0.78,10384958.0,11907324.0,6590.4688,99.95,26.95,2022,752.3,13.82,0.05,0.74
2022-06-12,shigu,石鼓,Shigu,3.25,16.97,20.94,13.53,3.624382630249241,0.75,12244076.0,14043404.0,6687.1875,99.95,26.95,2022,753.04,14.31,0.11,0.7
2022-06-13,shigu,石鼓,Shigu,16.35,15.74,20.3,13.01,3.2015611842817893,0.76,11213740.0,12861512.0,6764.1562,99.95,26.95,2022,754.23,13.62,0.36,0.01
2022-06-14,shigu,石鼓,Shigu,16.92,12.57,14.07,11.67,1.0737374775801534,0.68,4094272.0,4696852.0,6905.1875,99.95,26.95,2022,756.66,11.96,0.34,-0.55
2022-06-15,shigu,石鼓,Shigu,8.43,13.15,14.99,12.11,1.6870867849508802,0.57,6306530.0,7236412.0,7119.7188,99.95,26.95,2022,755.15,12.27,0.49,0.13
2022-06-16,shigu,石鼓,Shigu,6.57,14.31,17.23,11.76,2.177875754684629,0.74,8032650.0,9220000.0,7156.375,99.95,26.95,2022,753.04,13.32,0.11,0.7
2022-06-17,shigu,石鼓,Shigu,3.64,15.96,20.34,12.84,3.4547112964724422,1.1,11554572.0,13263508.0,7062.625,99.95,26.95,2022,751.83,12.12,0.12,1.08
2022-06-18,shigu,石鼓,Shigu,1.25,16.92,22.16,13.76,3.7851991797789353,1.31,12219486.0,14034448.0,7001.625,99.95,26.95,2022,751.18,12.52,0.05,1.29
2022-06-19,shigu,石鼓,Shigu,0.39,19.05,24.89,13.93,5.774885144422235,1.25,17858306.0,20513244.0,6888.1562,99.95,26.95,2022,750.49,12.47,-0.01,1.23
2022-06-20,shigu,石鼓,Shigu,0.27,18.88,24.8,13.82,5.423565835415731,1.23,16896846.0,19416992.0,6706.625,99.95,26.95,2022,749.54,12.91,0.08,1.21
2022-06-21,shigu,石鼓,Shigu,0.37,19.01,24.28,13.88,5.508217268169774,1.3,17284010.0,19866708.0,6538.6562,99.95,26.95,2022,750.34,13.43,-0.02,1.27
2022-06-22,shigu,石鼓,Shigu,8.27,18.59,23.64,14.7,4.476968873518652,0.78,14442416.0,16605452.0,6379.7812,99.95,26.95,2022,752.86,14.9,0.03,0.74
2022-06-23,shigu,石鼓,Shigu,18.56,15.9,18.74,14.02,2.0368903182309284,0.36,7122314.0,8192132.0,6243.0938,99.95,26.95,2022,754.56,15.58,0.02,0.24
2022-06-24,shigu,石鼓,Shigu,5.21,16.32,21.11,13.55,3.5555839131989027,0.59,12357952.0,14217204.0,6258.9688,99.95,26.95,2022,753.99,14.8,0.32,0.26
2022-06-25,shigu,石鼓,Shigu,3.17,18.0,22.83,14.36,5.019476908418616,1.0,16653314.0,19164280.0,6340.9062,99.95,26.95,2022,752.17,14.38,0.37,0.91
2022-06-26,shigu,石鼓,Shigu,5.36,18.53,22.8,14.74,4.544138503175949,1.32,14230816.0,16380932.0,6310.5938,99.95,26.95,2022,752.62,13.65,0.13,1.31
2022-06-27,shigu,石鼓,Shigu,14.75,16.85,21.78,14.62,3.25183395670715,0.6,11113856.0,12798280.0,6289.7812,99.95,26.95,2022,753.44,15.27,0.13,0.51
2022-06-28,shigu,石鼓,Shigu,13.43,15.11,18.12,12.35,1.855189945281685,0.4,6510576.0,7498744.0,6559.75,99.95,26.95,2022,753.88,14.17,0.09,-0.17
2022-06-29,shigu,石鼓,Shigu,7.03,16.09,19.67,13.56,4.053660444210231,0.67,13999632.0,16129312.0,6866.6875,99.95,26.95,2022,753.72,13.51,0.37,-0.47
2022-06-30,shigu,石鼓,Shigu,15.44,15.62,18.58,13.99,2.4516808565399577,0.4,8562886.0,9868832.0,6958.5625,99.95,26.95,2022,754.05,14.76,0.03,-0.28
2022-07-01,shigu,石鼓,Shigu,10.28,15.04,17.34,13.21,2.2177745413383594,0.38,7836660.0,9034444.0,7071.6875,99.95,26.95,2022,754.06,14.27,0.01,-0.24
2022-07-02,shigu,石鼓,Shigu,6.67,16.18,21.43,12.6,3.645050620650255,0.59,12709060.0,14655904.0,7213.875,99.95,26.95,2022,752.75,14.74,0.13,-0.1
2022-07-03,shigu,石鼓,Shigu,13.47,17.05,23.2,12.72,5.149648108079095,0.63,17632774.0,20339128.0,7212.7812,99.95,26.95,2022,752.31,14.94,0.05,0.19
2022-07-04,shigu,石鼓,Shigu,7.89,17.65,24.87,13.03,5.999620789346671,0.64,20222152.0,23332928.0,7113.6562,99.95,26.95,2022,752.26,14.95,-0.03,0.24
2022-07-05,shigu,石鼓,Shigu,2.63,17.78,23.89,12.61,5.373783111440775,0.8,18068910.0,20854732.0,6929.125,99.95,26.95,2022,754.48,14.88,0.05,-0.04
2022-07-06,shigu,石鼓,Shigu,0.9,18.92,25.62,12.24,6.90358527927285,0.69,22099518.0,25513344.0,6663.0,99.95,26.95,2022,755.5,13.32,-0.24,0.41
2022-07-07,shigu,石鼓,Shigu,5.19,17.9,25.7,12.07,6.461214651569711,0.69,21460372.0,24783476.0,6312.125,99.95,26.95,2022,754.73,14.02,-0.18,0.32
2022-07-08,shigu,石鼓,Shigu,1.94,18.32,23.78,12.99,5.818674896749892,0.73,19260150.0,22248844.0,5939.625,99.95,26.95,2022,754.3,15.2,0.19,-0.14
2022-07-09,shigu,石鼓,Shigu,2.81,18.66,23.32,14.13,6.280023556452202,0.68,20155730.0,23289964.0,5607.3906,99.95,26.95,2022,753.3,13.46,0.39,-0.12
2022-07-10,shigu,石鼓,Shigu,7.8,17.73,23.22,13.51,5.309249727606615,0.64,17794038.0,20568036.0,5318.6875,99.95,26.95,2022,754.03,15.21,0.41,0.23
2022-07-11,shigu,石鼓,Shigu,2.26,19.17,25.21,14.59,6.1190715782054985,0.81,19677934.0,22751630.0,5057.8438,99.95,26.95,2022,753.94,15.0,0.39,0.56
2022-07-12,shigu,石鼓,Shigu,3.19,18.83,24.79,14.11,5.542017826196795,0.78,17946692.0,20755730.0,4818.5156,99.95,26.95,2022,753.53,15.13,0.39,0.48
2022-07-13,shigu,石鼓,Shigu,2.26,19.12,25.13,14.38,6.09926859123879,0.8,19679336.0,22766786.0,4612.1562,99.95,26.95,2022,753.68,15.18,0.19,0.4
2022-07-14,shigu,石鼓,Shigu,1.14,20.22,25.66,14.24,7.0987476095179485,0.77,21980846.0,25436716.0,4454.875,99.95,26.95,2022,754.13,14.08,0.36,0.19
2022-07-15,shigu,石鼓,Shigu,0.81,21.14,26.09,15.49,7.004100280411516,0.76,21092524.0,24415920.0,4371.797000000001,99.95,26.95,2022,754.0,14.33,0.39,0.35
2022-07-16,shigu,石鼓,Shigu,0.3,21.4,26.2,16.16,6.600496549977772,0.94,19527520.0,22595034.0,4351.0,99.95,26.95,2022,754.09,14.35,0.28,0.72
2022-07-17,shigu,石鼓,Shigu,0.06,21.12,25.97,15.98,6.362612895939478,1.22,18753716.0,21690964.0,4335.3125,99.95,26.95,2022,753.21,14.2,-0.07,1.21
2022-07-18,shigu,石鼓,Shigu,1.84,19.13,23.13,16.27,4.4234993417250665,0.94,14036520.0,16228776.0,4258.6094,99.95,26.95,2022,751.59,15.49,0.23,0.89
2022-07-19,shigu,石鼓,Shigu,31.39,17.36,20.93,15.54,2.2818253493483938,0.58,7509468.0,8677918.0,4136.8438,99.95,26.95,2022,752.17,15.57,0.11,0.39
2022-07-20,shigu,石鼓,Shigu,6.48,16.34,19.89,13.34,2.7510847271687155,0.7,9279580.0,10718220.0,4093.9688,99.95,26.95,2022,755.7,14.08,0.39,-0.51
2022-07-21,shigu,石鼓,Shigu,2.29,15.52,17.47,13.63,1.8674428175910385,0.6,6289686.0,7262468.0,4156.125,99.95,26.95,2022,757.57,13.5,0.43,-0.13
2022-07-22,shigu,石鼓,Shigu,15.48,17.12,22.37,14.09,4.55269570806894,0.49,15366450.0,17736848.0,4171.953,99.95,26.95,2022,757.43,15.03,0.29,-0.03
2022-07-23,shigu,石鼓,Shigu,10.52,15.79,20.4,13.49,3.147627130519302,0.52,11087970.0,12792446.0,4164.547000000001,99.95,26.95,2022,757.1,14.89,0.29,0.04
2022-07-24,shigu,石鼓,Shigu,12.64,16.31,22.21,12.99,4.380562322789027,0.64,15275352.0,17616832.0,4155.672000000001,99.95,26.95,2022,756.48,14.55,0.28,0.24
2022-07-25,shigu,石鼓,Shigu,8.44,16.67,21.33,13.55,4.330420213950873,0.76,15008114.0,17300632.0,4124.453,99.95,26.95,2022,757.0,14.62,0.35,0.36
2022-07-26,shigu,石鼓,Shigu,2.06,17.63,23.45,13.65,5.0567422092442085,0.92,16996816.0,19585378.0,4055.7188,99.95,26.95,2022,755.69,14.36,0.26,0.77
2022-07-27,shigu,石鼓,Shigu,13.12,17.27,22.63,14.45,4.386413690026811,0.67,14776832.0,17020350.0,3972.1562,99.95,26.95,2022,756.05,14.62,0.1,0.46
2022-07-28,shigu,石鼓,Shigu,3.24,17.87,22.68,12.86,5.3259837112311015,0.69,17917976.0,20630226.0,3948.75,99.95,26.95,2022,756.83,15.36,0.12,-0.0
2022-07-29,shigu,石鼓,Shigu,0.41,19.46,24.92,13.82,6.857924106743599,0.75,21669528.0,24938620.0,3984.0,99.95,26.95,2022,755.32,13.43,0.37,-0.08
2022-07-30,shigu,石鼓,Shigu,19.85,17.81,23.79,14.53,5.436934858066602,0.52,18108658.0,20832496.0,3962.9688,99.95,26.95,2022,753.95,14.98,0.35,-0.05
2022-07-31,shigu,石鼓,Shigu,6.73,16.36,19.93,14.36,3.4607348178790187,0.66,11995616.0,13792420.0,3917.2344,99.95,26.95,2022,753.95,14.57,0.47,-0.4
2022-08-01,shigu,石鼓,Shigu,20.77,16.11,19.94,14.11,3.383197144460433,0.54,11784942.0,13547150.0,3908.4844,99.95,26.95,2022,753.78,14.66,0.43,-0.05
2022-08-02,shigu,石鼓,Shigu,14.07,15.96,18.43,14.46,2.4634752091427403,0.54,8593204.0,9871242.0,3943.625,99.95,26.95,2022,755.32,14.81,0.36,-0.15
2022-08-03,shigu,石鼓,Shigu,10.02,16.59,20.65,13.27,3.73490558785017,0.62,12971262.0,14896310.0,3976.3906,99.95,26.95,2022,755.81,15.08,0.31,0.15
2022-08-04,shigu,石鼓,Shigu,17.38,17.05,22.65,13.81,4.497077740974171,0.61,15468030.0,17757878.0,3960.5938,99.95,26.95,2022,755.25,15.29,0.04,0.03
2022-08-05,shigu,石鼓,Shigu,7.52,17.92,22.36,13.49,5.115014046002053,0.76,17251384.0,19796352.0,3900.1875,99.95,26.95,2022,754.53,15.31,0.09,-0.28
2022-08-06,shigu,石鼓,Shigu,6.19,18.45,23.08,14.62,5.407199928522546,0.67,17940742.0,20578408.0,3849.9375,99.95,26.95,2022,754.08,15.63,0.19,-0.44
2022-08-07,shigu,石鼓,Shigu,3.35,18.53,23.73,14.73,5.767461310933768,0.76,19186786.0,21999616.0,3789.0781,99.95,26.95,2022,754.85,15.5,0.33,-0.57
2022-08-08,shigu,石鼓,Shigu,2.3,18.41,23.07,14.54,5.506831983245335,0.68,18268096.0,20937556.0,3659.7812,99.95,26.95,2022,755.38,15.37,0.33,-0.41
2022-08-09,shigu,石鼓,Shigu,13.16,18.12,23.56,14.43,5.596373138460672,0.6,18621640.0,21334216.0,3499.2344,99.95,26.95,2022,754.37,15.01,0.13,-0.18
2022-08-10,shigu,石鼓,Shigu,0.98,18.43,23.55,13.34,5.832696160607559,0.8,19297250.0,22099216.0,3349.4375,99.95,26.95,2022,754.82,14.65,0.07,-0.29
2022-08-11,shigu,石鼓,Shigu,1.42,20.26,24.76,14.14,6.3608967149980895,0.68,19987416.0,22879740.0,3249.125,99.95,26.95,2022,754.4,15.3,0.08,-0.5
2022-08-12,shigu,石鼓,Shigu,2.05,18.8,22.66,14.57,5.551261636272542,0.94,18290734.0,20928434.0,3148.2188,99.95,26.95,2022,754.73,15.17,0.44,-0.72
2022-08-13,shigu,石鼓,Shigu,3.97,18.21,24.13,14.1,5.903732355735725,0.78,19838630.0,22691244.0,3005.7188,99.95,26.95,2022,754.82,15.07,0.34,-0.05
2022-08-14,shigu,石鼓,Shigu,1.81,19.51,24.37,14.39,6.171964402613566,0.67,19521630.0,22319842.0,2867.6562,99.95,26.95,2022,755.43,13.82,0.1,0.29
2022-08-15,shigu,石鼓,Shigu,2.59,19.18,24.73,14.86,5.79596860967933,0.52,18792254.0,21475886.0,2751.7969,99.95,26.95,2022,755.77,15.68,0.1,-0.05
2022-08-16,shigu,石鼓,Shigu,1.32,18.49,23.43,14.3,5.249230670719653,0.66,17442872.0,19925104.0,2653.0625,99.95,26.95,2022,755.16,15.67,0.27,-0.07
2022-08-17,shigu,石鼓,Shigu,4.7,18.65,23.59,14.62,5.457845423298379,0.64,17823614.0,20349022.0,2577.9062,99.95,26.95,2022,754.32,14.67,0.3,0.09
2022-08-18,shigu,石鼓,Shigu,12.2,18.02,23.81,15.28,4.89453267883112,0.63,16585558.0,18927132.0,2517.2188,99.95,26.95,2022,754.51,16.05,0.36,-0.04
2022-08-19,shigu,石鼓,Shigu,6.11,17.96,23.93,13.56,5.20616979809508,0.56,17534180.0,19999656.0,2472.0625,99.95,26.95,2022,755.51,15.57,0.0,0.03
2022-08-20,shigu,石鼓,Shigu,2.89,18.7,24.05,13.74,5.844183905976014,0.69,19371722.0,22084884.0,2449.5625,99.95,26.95,2022,754.96,15.44,0.1,-0.11
2022-08-21,shigu,石鼓,Shigu,1.63,19.13,24.61,14.42,5.9677795929473385,0.56,19432654.0,22143400.0,2434.5312,99.95,26.95,2022,753.74,15.42,0.19,-0.26
2022-08-22,shigu,石鼓,Shigu,1.94,18.64,23.58,15.07,5.292325791959622,0.72,17546590.0,19984172.0,2421.8906,99.95,26.95,2022,755.4,15.5,0.31,-0.48
2022-08-23,shigu,石鼓,Shigu,2.56,19.43,24.14,14.97,5.3054986013858585,0.65,17214618.0,19596684.0,2414.375,99.95,26.95,2022,757.15,16.09,0.17,-0.24
2022-08-24,shigu,石鼓,Shigu,5.7,18.06,23.52,14.13,5.186535906776773,0.55,17526116.0,19942192.0,2397.8594,99.95,26.95,2022,756.51,15.97,0.05,-0.07
2022-08-25,shigu,石鼓,Shigu,3.76,18.9,24.57,14.84,5.520763945390493,0.79,18457456.0,20990880.0,2363.7344,99.95,26.95,2022,755.31,16.23,-0.01,-0.31
2022-08-26,shigu,石鼓,Shigu,3.95,18.81,23.48,14.75,5.737307887852025,0.83,19006744.0,21604264.0,2329.2031,99.95,26.95,2022,754.7,15.19,0.25,-0.67
2022-08-27,shigu,石鼓,Shigu,3.8,17.26,20.72,14.79,4.121720029543863,0.87,14356246.0,16310476.0,2279.2656,99.95,26.95,2022,755.32,15.24,0.67,-0.19
2022-08-28,shigu,石鼓,Shigu,5.06,17.74,22.34,14.88,3.202269584704616,0.78,10667098.0,12113096.0,2231.8906,99.95,26.95,2022,755.41,15.18,0.41,0.64
2022-08-29,shigu,石鼓,Shigu,4.1,18.26,22.37,15.62,3.626865704623357,0.85,11835748.0,13434468.0,2204.3906,99.95,26.95,2022,756.7,14.97,0.41,0.71
2022-08-30,shigu,石鼓,Shigu,9.95,18.0,22.58,15.16,3.6485356229797374,0.57,12175348.0,13812198.0,2190.9688,99.95,26.95,2022,756.4,15.59,0.38,0.31
2022-08-31,shigu,石鼓,Shigu,18.8,16.48,20.37,14.29,2.852206049672962,0.56,10017754.0,11358794.0,2227.9219,99.95,26.95,2022,756.29,15.34,0.46,-0.07
2022-09-01,shigu,石鼓,Shigu,11.6,14.9,16.86,13.73,1.7358263113737642,0.82,6517318.0,7384986.0,2344.2969,99.95,26.95,2022,758.44,14.38,0.53,-0.61
2022-09-02,shigu,石鼓,Shigu,11.95,16.31,20.94,13.9,3.1614063640448,0.78,11300982.0,12800556.0,2528.1094,99.95,26.95,2022,756.44,14.96,0.64,-0.05
2022-09-03,shigu,石鼓,Shigu,16.29,17.48,22.17,14.01,4.202633707526542,0.77,14215118.0,16094248.0,2751.5469,99.95,26.95,2022,754.89,14.35,0.53,0.17
2022-09-04,shigu,石鼓,Shigu,11.28,12.81,15.27,11.13,1.3570065037480503,0.98,5368500.0,6074716.0,3024.7344,99.95,26.95,2022,757.61,12.16,0.5,-0.84
2022-09-05,shigu,石鼓,Shigu,18.81,12.17,13.96,10.83,1.2843614462990909,0.94,4760204.0,5384274.0,3431.625,99.95,26.95,2022,759.38,10.56,0.42,-0.83
2022-09-06,shigu,石鼓,Shigu,7.12,13.39,15.43,10.8,1.4299434192222686,0.66,4950704.0,5598118.0,3930.5156,99.95,26.95,2022,760.89,10.93,0.3,-0.58
2022-09-07,shigu,石鼓,Shigu,0.61,15.51,18.64,12.1,2.6423268257173134,0.72,8905430.0,10064050.0,4276.5625,99.95,26.95,2022,761.72,11.91,0.47,-0.52
2022-09-08,shigu,石鼓,Shigu,0.24,16.48,19.58,13.04,3.615642909574642,0.73,11867954.0,13405740.0,4357.6562,99.95,26.95,2022,761.64,11.28,0.43,-0.5
2022-09-09,shigu,石鼓,Shigu,7.84,15.41,20.17,12.69,3.929668041305372,0.66,14179912.0,16008892.0,4392.8438,99.95,26.95,2022,761.32,13.31,0.27,-0.43
2022-09-10,shigu,石鼓,Shigu,6.84,14.15,17.46,12.27,2.6927218261061947,0.48,9998310.0,11281840.0,4524.422000000001,99.95,26.95,2022,760.16,13.13,0.17,-0.18
2022-09-11,shigu,石鼓,Shigu,9.54,15.14,20.12,11.95,4.284913329062725,0.67,15614920.0,17611994.0,4570.1875,99.95,26.95,2022,758.1,12.93,0.24,-0.25
2022-09-12,shigu,石鼓,Shigu,7.26,15.48,20.16,12.16,4.689687516476647,0.59,16695010.0,18821100.0,4468.6562,99.95,26.95,2022,757.18,12.27,0.21,-0.24
2022-09-13,shigu,石鼓,Shigu,4.94,16.17,20.65,12.85,4.644707305654079,0.55,16377872.0,18454464.0,4299.1406,99.95,26.95,2022,757.42,13.62,0.34,-0.02
2022-09-14,shigu,石鼓,Shigu,2.95,17.31,21.92,13.57,4.425728297676635,0.67,14962516.0,16850370.0,4103.9375,99.95,26.95,2022,756.23,13.56,0.34,0.4
2022-09-15,shigu,石鼓,Shigu,11.11,16.15,20.76,13.41,3.467011719687098,0.51,12207468.0,13741802.0,3924.8906,99.95,26.95,2022,754.34,14.24,0.16,0.32
2022-09-16,shigu,石鼓,Shigu,11.6,16.05,21.46,13.29,3.5010496630035868,0.49,12372666.0,13923396.0,3807.7656,99.95,26.95,2022,753.62,14.25,0.23,0.16
2022-09-17,shigu,石鼓,Shigu,4.89,16.28,20.49,13.54,3.5757208157800577,0.62,12738328.0,14330380.0,3742.8125,99.95,26.95,2022,756.17,14.72,0.38,-0.21
2022-09-18,shigu,石鼓,Shigu,1.25,18.66,23.26,13.58,4.999984008299446,0.72,16408028.0,18454384.0,3657.4375,99.95,26.95,2022,756.47,14.31,0.53,-0.01
2022-09-19,shigu,石鼓,Shigu,9.66,17.45,22.33,14.29,3.906840715082661,0.52,13279730.0,14930746.0,3545.9375,99.95,26.95,2022,756.86,14.79,0.29,0.14
2022-09-20,shigu,石鼓,Shigu,10.89,15.7,19.69,13.11,3.0582116008728977,0.58,11048736.0,12418860.0,3443.6406,99.95,26.95,2022,757.39,14.47,0.43,-0.27
2022-09-21,shigu,石鼓,Shigu,4.53,16.29,20.46,13.21,4.079092293850701,0.73,14235968.0,15996822.0,3370.8906,99.95,26.95,2022,757.34,13.07,0.69,-0.0
2022-09-22,shigu,石鼓,Shigu,13.83,14.67,17.19,12.81,2.0334260506006627,0.6,7557968.0,8490604.0,3340.2422,99.95,26.95,2022,757.73,13.9,0.52,-0.23
2022-09-23,shigu,石鼓,Shigu,8.31,14.43,17.72,12.45,2.4539516376866186,0.72,9291315.0,10432815.0,3367.1484,99.95,26.95,2022,757.51,13.57,0.65,-0.22
2022-09-24,shigu,石鼓,Shigu,11.93,14.01,18.06,11.93,1.8991048279045863,0.6,7247930.0,8136878.0,3459.7266,99.95,26.95,2022,757.31,13.54,0.38,0.35
2022-09-25,shigu,石鼓,Shigu,12.74,14.7,19.66,11.97,3.430406366863172,0.62,12634356.0,14180723.0,3643.5156,99.95,26.95,2022,758.16,12.85,0.29,0.31
2022-09-26,shigu,石鼓,Shigu,0.91,16.22,20.88,12.11,3.946610896849644,0.84,13627429.0,15290587.0,3916.0703,99.95,26.95,2022,756.85,12.38,0.41,0.6
2022-09-27,shigu,石鼓,Shigu,4.89,16.47,21.77,12.36,4.479257248466662,0.69,15483366.0,17368152.0,4083.3047,99.95,26.95,2022,756.45,12.54,0.44,0.23
2022-09-28,shigu,石鼓,Shigu,12.72,14.56,18.68,12.58,3.1770415603160367,0.75,12111239.0,13579731.0,4034.4844,99.95,26.95,2022,757.32,13.67,0.56,-0.43
2022-09-29,shigu,石鼓,Shigu,3.83,15.16,18.96,12.41,3.1401951756056588,0.63,11490227.0,12880745.0,3939.5703,99.95,26.95,2022,757.53,13.61,0.47,-0.2
2022-09-30,shigu,石鼓,Shigu,2.72,15.72,21.07,11.27,4.230504128493586,0.72,15311181.0,17159980.0,3960.789,99.95,26.95,2022,757.08,13.44,0.41,0.03
2022-10-01,shigu,石鼓,Shigu,1.1,16.38,21.91,12.19,4.274028578069616,0.68,14841014.0,16628230.0,3989.8906,99.95,26.95,2022,756.54,12.73,0.28,0.2
2022-10-02,shigu,石鼓,Shigu,7.58,15.66,21.2,13.05,3.7985450042553546,0.58,13750247.0,15402150.0,3930.664,99.95,26.95,2022,757.54,13.98,0.47,0.04
2022-10-03,shigu,石鼓,Shigu,6.76,15.66,19.64,13.06,3.389083948241587,0.59,12204088.0,13665950.0,3805.3125,99.95,26.95,2022,759.32,13.86,0.45,-0.03
2022-10-04,shigu,石鼓,Shigu,10.0,15.17,19.3,12.49,2.8677526015493746,0.58,10606672.0,11873691.0,3635.1016,99.95,26.95,2022,759.84,14.3,0.43,0.23
2022-10-05,shigu,石鼓,Shigu,8.17,15.79,20.92,12.13,3.4448233866238405,0.79,12626408.0,14130809.0,3483.875,99.95,26.95,2022,758.66,14.3,0.28,0.67
2022-10-06,shigu,石鼓,Shigu,1.31,15.77,20.17,12.34,3.390843077552764,0.83,11761181.0,13159034.0,3376.5,99.95,26.95,2022,758.89,12.15,0.36,0.71
2022-10-07,shigu,石鼓,Shigu,1.36,16.21,20.58,12.77,3.7451724775289352,0.93,13194248.0,14757034.0,3301.25,99.95,26.95,2022,757.95,13.18,0.44,0.78
2022-10-08,shigu,石鼓,Shigu,0.78,16.85,21.7,12.86,4.0545911894153575,0.91,13518081.0,15115078.0,3277.6797,99.95,26.95,2022,758.19,11.93,0.29,0.82
2022-10-09,shigu,石鼓,Shigu,24.09,12.94,16.66,9.32,1.9359437892055928,0.9,7610413.0,8505913.0,3298.9062,99.95,26.95,2022,761.53,11.83,0.59,-0.63
2022-10-10,shigu,石鼓,Shigu,3.09,10.29,11.99,8.71,1.0146756183532393,0.99,4166924.0,4656054.0,3383.211,99.95,26.95,2022,760.67,9.3,0.86,-0.48
2022-10-11,shigu,石鼓,Shigu,2.62,13.52,16.63,10.32,2.4855490902987727,0.79,9386296.0,10484072.0,3511.1328,99.95,26.95,2022,758.46,11.58,0.66,0.17
2022-10-12,shigu,石鼓,Shigu,0.46,15.93,20.21,12.2,3.474363341539765,0.86,11783026.0,13159964.0,3640.1953,99.95,26.95,2022,757.85,11.45,0.35,0.77
2022-10-13,shigu,石鼓,Shigu,0.84,15.93,20.19,12.26,3.3202560551304723,0.71,11468746.0,12804844.0,3703.1406,99.95,26.95,2022,758.2,12.29,0.35,0.53
2022-10-14,shigu,石鼓,Shigu,2.63,15.17,19.45,11.93,3.603214057910676,0.76,12885626.0,14382346.0,3637.0,99.95,26.95,2022,758.25,11.85,0.51,0.1
2022-10-15,shigu,石鼓,Shigu,16.35,13.93,18.18,11.97,2.8028541383294483,0.68,10695770.0,11933590.0,3504.1562,99.95,26.95,2022,759.3,12.65,0.44,-0.34
2022-10-16,shigu,石鼓,Shigu,11.29,11.98,14.46,10.12,1.781465565561032,0.89,7293440.0,8135020.0,3387.8281,99.95,26.95,2022,761.95,11.17,0.41,-0.78
2022-10-17,shigu,石鼓,Shigu,4.22,10.62,13.83,8.36,2.054726058701968,1.08,8428832.0,9400164.0,3305.6797,99.95,26.95,2022,762.02,8.64,0.57,-0.92
2022-10-18,shigu,石鼓,Shigu,0.52,10.54,12.72,8.35,1.9579195247764625,0.98,7258820.0,8094660.0,3226.414,99.95,26.95,2022,761.14,6.69,0.68,-0.7
2022-10-19,shigu,石鼓,Shigu,0.71,11.79,15.58,8.21,1.9462373860959847,0.69,7194252.0,8021980.0,3123.461,99.95,26.95,2022,759.73,8.49,0.33,0.14
2022-10-20,shigu,石鼓,Shigu,0.35,13.7,19.05,8.0,3.5488992556997863,0.67,12565754.0,14008844.0,3008.5,99.95,26.95,2022,760.55,7.83,-0.03,0.49
2022-10-21,shigu,石鼓,Shigu,0.23,15.14,20.3,7.9,4.7875635525683045,0.54,16677914.0,18588704.0,2878.039,99.95,26.95,2022,762.59,8.28,0.15,0.15
2022-10-22,shigu,石鼓,Shigu,2.18,14.08,18.29,9.79,3.7634770597185967,0.5,13685490.0,15250864.0,2731.9375,99.95,26.95,2022,763.34,10.05,0.27,0.02
2022-10-23,shigu,石鼓,Shigu,2.69,13.48,18.33,9.84,3.520340526816402,0.54,13414166.0,14945844.0,2582.8281,99.95,26.95,2022,761.56,11.62,0.29,0.11
2022-10-24,shigu,石鼓,Shigu,8.85,12.46,16.93,9.88,2.8008086481718206,0.61,11033076.0,12290920.0,2439.2969,99.95,26.95,2022,760.0,11.03,0.4,0.03
2022-10-25,shigu,石鼓,Shigu,8.69,11.72,12.72,11.0,0.6368768300071429,0.86,2618998.0,2916784.0,2330.2188,99.95,26.95,2022,758.96,11.42,0.74,0.12
2022-10-26,shigu,石鼓,Shigu,0.45,14.42,19.39,10.28,3.5244446462364345,0.92,12328688.0,13728324.0,2303.2578,99.95,26.95,2022,758.75,9.37,0.43,0.69
2022-10-27,shigu,石鼓,Shigu,0.0,13.51,18.61,8.14,4.180562185993876,0.72,14718972.0,16386520.0,2322.6094,99.95,26.95,2022,759.08,5.63,0.16,0.5
2022-10-28,shigu,石鼓,Shigu,0.0,13.18,18.42,7.15,4.665599024707033,0.83,16600778.0,18478536.0,2313.0312,99.95,26.95,2022,759.18,4.57,0.02,0.73
2022-10-29,shigu,石鼓,Shigu,0.0,12.8,18.76,6.68,5.03508662178666,0.89,17771322.0,19778152.0,2274.9062,99.95,26.95,2022,759.6,1.88,-0.2,0.8
2022-10-30,shigu,石鼓,Shigu,0.0,12.46,17.82,6.49,4.707403317773418,0.54,17371670.0,19329448.0,2198.3672,99.95,26.95,2022,760.13,4.01,0.04,0.03
2022-10-31,shigu,石鼓,Shigu,1.01,11.83,16.24,7.51,3.755346298044384,0.69,14480764.0,16110172.0,2092.7031,99.95,26.95,2022,761.56,7.3,0.12,-0.48
2022-11-01,shigu,石鼓,Shigu,0.03,12.88,18.3,7.37,3.9591260556214514,0.7,14269620.0,15871868.0,1978.1719,99.95,26.95,2022,759.13,5.71,0.08,0.46
2022-11-02,shigu,石鼓,Shigu,0.0,12.68,18.81,6.6,4.6820768755487,0.78,17019850.0,18927864.0,1866.4922,99.95,26.95,2022,756.82,4.26,-0.07,0.69
2022-11-03,shigu,石鼓,Shigu,0.01,12.39,17.91,5.51,4.110623943924051,0.62,15438278.0,17164848.0,1761.4688,99.95,26.95,2022,758.01,6.64,0.37,-0.02
2022-11-04,shigu,石鼓,Shigu,1.52,11.71,16.19,7.0,3.1890503177442406,0.66,11955982.0,13290264.0,1665.1953,99.95,26.95,2022,759.73,6.29,0.32,0.15
2022-11-05,shigu,石鼓,Shigu,0.89,10.18,16.28,3.33,3.836845060916496,0.66,15562632.0,17297336.0,1580.5078,99.95,26.95,2022,760.55,5.52,-0.11,0.42
2022-11-06,shigu,石鼓,Shigu,0.04,11.0,17.16,3.58,4.16492665020263,0.74,15985758.0,17764108.0,1510.1094,99.95,26.95,2022,759.32,3.73,0.01,0.51
2022-11-07,shigu,石鼓,Shigu,0.0,10.86,16.45,5.1,4.033016146263021,1.22,14771344.0,16412356.0,1448.9141,99.95,26.95,2022,758.38,2.14,-0.29,1.16
2022-11-08,shigu,石鼓,Shigu,0.0,11.44,17.38,4.98,4.3688216320969815,0.88,16492002.0,18320624.0,1392.0,99.95,26.95,2022,758.86,3.77,-0.04,0.77
2022-11-09,shigu,石鼓,Shigu,0.0,11.37,18.07,4.01,4.2691894454037165,0.98,16030218.0,17804420.0,1340.3281,99.95,26.95,2022,759.09,3.63,-0.11,0.91
2022-11-10,shigu,石鼓,Shigu,0.0,11.69,18.7,4.83,4.540427966848473,1.12,16296848.0,18097196.0,1294.8203,99.95,26.95,2022,758.71,1.68,-0.21,1.08
2022-11-11,shigu,石鼓,Shigu,0.0,11.65,18.47,4.57,4.642073531513719,1.1,16487782.0,18305676.0,1255.8359,99.95,26.95,2022,758.23,0.5,-0.11,1.04
2022-11-12,shigu,石鼓,Shigu,0.0,11.5,17.7,4.48,4.5499651150492335,0.99,16308064.0,18102772.0,1222.75,99.95,26.95,2022,757.63,0.35,0.21,0.86
2022-11-13,shigu,石鼓,Shigu,0.0,10.7,16.63,4.29,4.201573271102997,1.01,15689130.0,17412336.0,1194.7031,99.95,26.95,2022,758.18,1.52,0.18,0.88
2022-11-14,shigu,石鼓,Shigu,0.0,10.79,17.03,4.35,4.3595267757688925,1.02,16017790.0,17773980.0,1171.3438,99.95,26.95,2022,758.19,0.36,-0.07,0.98
2022-11-15,shigu,石鼓,Shigu,0.0,10.28,16.47,3.73,4.371569205519138,1.18,15955224.0,17701256.0,1152.4062,99.95,26.95,2022,756.92,-1.08,-0.15,1.14
2022-11-16,shigu,石鼓,Shigu,0.0,9.96,16.01,3.46,4.266377289520145,1.1,15720962.0,17441216.0,1136.9141,99.95,26.95,2022,756.1,-1.56,-0.13,1.06
2022-11-17,shigu,石鼓,Shigu,0.0,9.36,15.3,3.34,4.163232350155564,1.23,15492706.0,17188048.0,1123.5156,99.95,26.95,2022,756.41,-1.99,-0.22,1.18
2022-11-18,shigu,石鼓,Shigu,0.0,9.31,15.44,3.21,4.176660591224004,0.94,15885574.0,17623780.0,1111.1562,99.95,26.95,2022,758.91,-2.29,-0.16,0.87
2022-11-19,shigu,石鼓,Shigu,0.0,9.13,15.68,2.87,4.154464098921919,0.93,15859606.0,17594908.0,1099.2422,99.95,26.95,2022,758.99,-2.68,-0.34,0.81
2022-11-20,shigu,石鼓,Shigu,0.0,9.43,16.67,2.65,4.2708192624022745,1.21,15794498.0,17522604.0,1087.7031,99.95,26.95,2022,756.22,-2.64,-0.26,1.16
2022-11-21,shigu,石鼓,Shigu,0.0,9.77,16.61,2.42,4.273098167597828,1.19,15653080.0,17365664.0,1076.7422,99.95,26.95,2022,755.74,-2.14,-0.4,1.09
2022-11-22,shigu,石鼓,Shigu,0.0,10.09,16.45,3.55,4.07597482682499,0.78,15421230.0,17108420.0,1066.4375,99.95,26.95,2022,756.68,-0.28,-0.11,0.7
2022-11-23,shigu,石鼓,Shigu,0.0,10.35,17.04,3.68,4.047785115083423,0.88,15067376.0,16715700.0,1056.7031,99.95,26.95,2022,756.77,0.12,-0.14,0.83
2022-11-24,shigu,石鼓,Shigu,0.0,10.2,16.93,3.63,4.119817667346243,1.03,15172690.0,16832488.0,1047.5234,99.95,26.95,2022,757.88,-0.57,-0.19,0.93
2022-11-25,shigu,石鼓,Shigu,0.0,10.46,17.3,3.49,4.033698552011358,0.64,15244584.0,16912160.0,1039.0703,99.95,26.95,2022,759.02,0.32,-0.21,0.42
2022-11-26,shigu,石鼓,Shigu,0.0,9.72,16.72,2.72,4.194130618788607,1.3,15065932.0,16713916.0,1031.25,99.95,26.95,2022,755.72,-2.5,-0.27,1.24
2022-11-27,shigu,石鼓,Shigu,0.0,9.14,16.31,2.37,4.205687218529524,1.51,15203890.0,16866932.0,1023.78906,99.95,26.95,2022,753.97,-3.14,-0.39,1.45
2022-11-28,shigu,石鼓,Shigu,0.0,9.0,16.11,2.27,4.062229351933693,1.52,15020424.0,16663348.0,1016.46875,99.95,26.95,2022,755.54,-1.95,-0.47,1.43
2022-11-29,shigu,石鼓,Shigu,0.0,9.4,16.28,2.6,3.9996779858325553,1.37,14864674.0,16490484.0,1009.0625,99.95,26.95,2022,757.2,-0.81,-0.45,1.29
2022-11-30,shigu,石鼓,Shigu,0.0,10.01,16.95,2.96,4.070150782233647,1.26,14759614.0,16373884.0,1001.5781,99.95,26.95,2022,757.5,-0.79,-0.25,1.22
2022-12-01,shigu,石鼓,Shigu,0.0,9.43,15.87,3.32,3.6974364401852142,1.31,13506126.0,14983272.0,994.0781,99.95,26.95,2022,757.01,-0.54,-0.31,1.25
2022-12-02,shigu,石鼓,Shigu,0.0,8.73,15.25,2.55,3.8159494921571566,1.19,14591020.0,16186580.0,986.6328,99.95,26.95,2022,756.53,-1.41,-0.26,1.14
2022-12-03,shigu,石鼓,Shigu,0.0,8.71,15.61,2.39,3.8537074865801646,1.23,14623400.0,16222544.0,979.3594,99.95,26.95,2022,756.1,-1.84,-0.2,1.2
2022-12-04,shigu,石鼓,Shigu,0.0,8.6,15.18,2.11,3.8919699410156254,1.29,14668908.0,16272984.0,972.25,99.95,26.95,2022,757.29,-2.43,-0.34,1.22
2022-12-05,shigu,石鼓,Shigu,0.0,8.22,14.69,2.25,3.7751928520624793,1.13,14510028.0,16096664.0,965.28125,99.95,26.95,2022,757.41,-2.85,-0.2,1.07
2022-12-06,shigu,石鼓,Shigu,0.0,8.69,15.35,2.04,3.92214837451014,1.26,14547582.0,16138244.0,958.3672,99.95,26.95,2022,755.33,-3.2,-0.25,1.21
2022-12-07,shigu,石鼓,Shigu,0.0,8.15,14.31,2.28,3.730074209995976,1.15,14371958.0,15943380.0,951.5547,99.95,26.95,2022,755.83,-2.67,-0.2,1.1
2022-12-08,shigu,石鼓,Shigu,0.0,7.94,14.6,1.87,3.694166831561766,1.16,14329984.0,15896728.0,944.9531,99.95,26.95,2022,756.35,-2.81,-0.24,1.1
2022-12-09,shigu,石鼓,Shigu,0.0,7.66,14.44,1.88,3.6860139612280713,1.17,14409018.0,15984336.0,938.46875,99.95,26.95,2022,755.55,-3.25,-0.26,1.1
2022-12-10,shigu,石鼓,Shigu,0.0,8.06,15.11,1.86,3.696504177912775,1.18,14329702.0,15896316.0,931.9297,99.95,26.95,2022,755.29,-2.39,-0.34,1.1
2022-12-11,shigu,石鼓,Shigu,0.0,8.36,15.33,2.13,3.6877144365404537,1.09,14306428.0,15870408.0,925.25,99.95,26.95,2022,755.48,-1.72,-0.33,0.99
2022-12-12,shigu,石鼓,Shigu,0.0,7.77,13.59,2.25,3.348200350615401,0.83,13725982.0,15226020.0,918.5156,99.95,26.95,2022,756.26,-0.3,0.32,0.38
2022-12-13,shigu,石鼓,Shigu,0.0,8.77,15.52,2.01,3.5993087661708563,0.82,14269814.0,15829776.0,911.6797,99.95,26.95,2022,755.37,0.13,0.0,0.77
2022-12-14,shigu,石鼓,Shigu,0.01,7.95,13.01,3.22,2.4283753702373008,0.87,9321322.0,10338376.0,905.0,99.95,26.95,2022,755.74,0.57,0.19,0.69
2022-12-15,shigu,石鼓,Shigu,0.0,7.78,12.93,2.87,3.0390469726355285,1.3,11923494.0,13226868.0,898.4531,99.95,26.95,2022,753.53,0.04,-0.32,1.25
2022-12-16,shigu,石鼓,Shigu,0.01,8.21,13.94,2.85,3.198762704888746,0.7,12888636.0,14299416.0,892.03125,99.95,26.95,2022,756.21,0.13,0.41,0.32
2022-12-17,shigu,石鼓,Shigu,3.93,4.41,8.99,0.81,1.92091095188742,1.02,9294214.0,10318728.0,885.75,99.95,26.95,2022,760.48,1.07,0.78,-0.53
2022-12-18,shigu,石鼓,Shigu,1.0,4.17,7.69,0.87,1.6162142242132849,0.63,7299408.0,8771488.0,880.03906,99.95,26.95,2022,757.55,1.69,0.47,0.12
2022-12-19,shigu,石鼓,Shigu,0.16,6.21,11.42,1.45,2.315950720717616,1.18,8703616.0,10199968.0,875.09375,99.95,26.95,2022,754.25,-0.96,-0.13,1.15
2022-12-20,shigu,石鼓,Shigu,0.08,7.35,12.54,1.3,2.9702162879329514,0.76,11734148.0,13512204.0,870.0,99.95,26.95,2022,754.69,-0.6,-0.2,0.65
2022-12-21,shigu,石鼓,Shigu,0.09,7.02,11.61,2.64,2.2778005896331592,0.9,8806622.0,10000640.0,864.59375,99.95,26.95,2022,754.38,0.07,-0.02,0.85
2022-12-22,shigu,石鼓,Shigu,0.02,7.35,12.92,2.61,2.6457022922782345,1.11,10179020.0,11458212.0,858.4375,99.95,26.95,2022,753.48,-0.26,-0.26,1.05
2022-12-23,shigu,石鼓,Shigu,0.01,7.43,13.24,2.51,3.103361082091993,0.96,12198868.0,13653120.0,851.875,99.95,26.95,2022,755.04,-1.74,-0.32,0.86
2022-12-24,shigu,石鼓,Shigu,0.0,7.26,12.76,2.48,3.160659629902512,0.91,12832654.0,14314132.0,845.4219,99.95,26.95,2022,755.22,-1.24,0.41,0.62
2022-12-25,shigu,石鼓,Shigu,0.64,7.09,11.57,2.86,2.4846598031654046,1.17,9762448.0,10872440.0,839.1953,99.95,26.95,2022,755.62,0.18,0.19,1.11
2022-12-26,shigu,石鼓,Shigu,5.72,5.66,10.19,1.73,2.5888081770808338,1.05,11702582.0,13048720.0,833.89844,99.95,26.95,2022,756.18,0.62,0.04,1.01
2022-12-27,shigu,石鼓,Shigu,4.5,2.72,6.69,-0.74,1.6224110977470845,0.79,7618918.0,9650100.0,832.0703,99.95,26.95,2022,755.57,0.88,-0.05,0.74
2022-12-28,shigu,石鼓,Shigu,0.41,3.07,7.92,-0.92,2.2633890837323896,1.09,9652176.0,11850172.0,829.40625,99.95,26.95,2022,756.73,-3.53,-0.06,1.02
2022-12-29,shigu,石鼓,Shigu,0.07,2.75,7.56,-1.08,2.232209791377572,1.0,10159640.0,12085800.0,822.6953,99.95,26.95,2022,758.94,-3.27,-0.24,0.9
2022-12-30,shigu,石鼓,Shigu,0.48,3.96,8.51,-1.73,2.6305837922947366,0.83,11895312.0,13828396.0,814.7344,99.95,26.95,2022,758.79,-2.46,-0.16,0.77
2022-12-31,shigu,石鼓,Shigu,2.11,4.31,8.36,1.63,2.0549498748624337,0.76,9452168.0,10961308.0,807.39844,99.95,26.95,2022,757.71,0.52,0.04,0.68
2023-01-01,shigu,石鼓,Shigu,0.01,4.05,8.96,0.85,2.465308475926796,1.12,10897998.0,12460564.0,800.9844,99.95,26.95,2023,758.87,-2.83,-0.16,1.08
2023-01-02,shigu,石鼓,Shigu,0.0,4.75,10.03,0.7,2.8403548958270664,1.13,12641504.0,14296064.0,795.1797,99.95,26.95,2023,759.51,-2.37,-0.17,1.06
2023-01-03,shigu,石鼓,Shigu,0.0,3.81,9.21,-0.86,2.546839159672965,1.32,11885796.0,13346816.0,789.35156,99.95,26.95,2023,759.08,-2.41,-0.43,1.23
2023-01-04,shigu,石鼓,Shigu,0.0,4.4,11.36,-1.03,3.05828298392408,1.33,14136572.0,15813796.0,783.28906,99.95,26.95,2023,759.09,-2.87,-0.45,1.24
2023-01-05,shigu,石鼓,Shigu,0.0,5.67,12.7,-1.44,3.3262610631159606,1.17,14492576.0,16174360.0,777.28125,99.95,26.95,2023,761.44,-2.67,-0.52,1.01
2023-01-06,shigu,石鼓,Shigu,2.05,6.01,10.96,1.14,2.283005000063308,0.79,10203282.0,11373928.0,771.4297,99.95,26.95,2023,763.01,1.72,0.13,-0.35
2023-01-07,shigu,石鼓,Shigu,0.41,5.76,11.66,0.9,2.5981829245102253,1.07,11290064.0,12581352.0,766.1406,99.95,26.95,2023,759.07,-0.45,-0.47,0.95
2023-01-08,shigu,石鼓,Shigu,0.0,5.73,12.06,0.37,3.5103682364837447,1.09,14895264.0,16595664.0,760.90625,99.95,26.95,2023,758.91,-4.75,-0.43,0.97
2023-01-09,shigu,石鼓,Shigu,0.0,6.48,12.98,0.19,3.6314194121549854,0.71,15128480.0,16855008.0,755.2344,99.95,26.95,2023,759.39,-5.55,-0.23,0.5
2023-01-10,shigu,石鼓,Shigu,0.0,7.02,13.25,1.12,3.6139652581038666,0.84,14865610.0,16563148.0,749.59375,99.95,26.95,2023,756.81,-3.36,-0.05,0.71
2023-01-11,shigu,石鼓,Shigu,0.0,6.05,12.04,0.14,3.562798561373991,1.29,14900802.0,16604412.0,744.1406,99.95,26.95,2023,754.1,-4.04,-0.16,1.23
2023-01-12,shigu,石鼓,Shigu,0.0,5.65,12.57,-0.33,3.4244599023400406,1.47,14827596.0,16525380.0,738.71875,99.95,26.95,2023,752.5,-2.98,-0.2,1.41
2023-01-13,shigu,石鼓,Shigu,0.05,5.1,10.96,-0.14,2.960890391315097,1.75,13300794.0,14826532.0,733.3281,99.95,26.95,2023,752.37,-1.63,-0.43,1.67
2023-01-14,shigu,石鼓,Shigu,0.0,6.06,12.26,0.61,2.9431331950353674,1.54,12421658.0,13849648.0,728.34375,99.95,26.95,2023,751.38,-1.1,-0.38,1.47
2023-01-15,shigu,石鼓,Shigu,0.15,6.2,11.42,2.18,2.5839930870289525,1.12,10766972.0,12006480.0,724.0781,99.95,26.95,2023,752.1,-0.58,-0.01,1.1
2023-01-16,shigu,石鼓,Shigu,0.01,5.56,11.1,1.06,3.2223194251869125,1.57,13622050.0,15194920.0,719.6094,99.95,26.95,2023,752.94,-3.17,-0.12,1.54
2023-01-17,shigu,石鼓,Shigu,0.04,6.06,11.56,1.04,3.332600383661773,1.32,13425954.0,14979472.0,714.8594,99.95,26.95,2023,754.25,-4.53,0.28,1.25
2023-01-18,shigu,石鼓,Shigu,0.0,4.96,11.02,0.02,3.538409485128517,1.71,14964228.0,16698096.0,710.1719,99.95,26.95,2023,755.49,-5.87,-0.07,1.65
2023-01-19,shigu,石鼓,Shigu,0.0,5.54,11.45,-0.01,3.3951586440239847,1.3,14228036.0,15879276.0,705.375,99.95,26.95,2023,755.64,-4.78,-0.12,1.25
2023-01-20,shigu,石鼓,Shigu,0.0,5.14,11.64,-0.52,3.492014798224261,1.55,15255266.0,17028284.0,700.1094,99.95,26.95,2023,754.88,-4.19,-0.3,1.5
2023-01-21,shigu,石鼓,Shigu,0.0,5.68,12.35,-0.84,3.635466614398328,1.81,15563360.0,17375524.0,694.4531,99.95,26.95,2023,753.53,-3.59,-0.4,1.75
2023-01-22,shigu,石鼓,Shigu,0.0,6.21,13.49,0.56,3.704067771841424,1.64,15560950.0,17376280.0,688.8906,99.95,26.95,2023,754.18,-3.19,-0.48,1.56
2023-01-23,shigu,石鼓,Shigu,0.0,8.28,15.56,0.33,4.111418422769102,1.11,15958410.0,17823536.0,683.65625,99.95,26.95,2023,755.27,-3.17,-0.18,1.07
2023-01-24,shigu,石鼓,Shigu,0.0,7.73,13.91,2.0,3.7908923104629513,1.01,15427574.0,17233736.0,678.875,99.95,26.95,2023,757.08,-1.39,0.48,0.46
2023-01-25,shigu,石鼓,Shigu,0.0,7.95,15.67,1.33,3.9614190108616256,1.59,15932126.0,17801488.0,674.5625,99.95,26.95,2023,754.52,-0.85,-0.5,1.5
2023-01-26,shigu,石鼓,Shigu,0.0,9.51,17.26,0.96,4.25362172556852,1.47,15919418.0,17790968.0,670.34375,99.95,26.95,2023,754.57,-0.48,-0.45,1.38
2023-01-27,shigu,石鼓,Shigu,0.0,9.2,16.68,2.65,3.776406519537773,0.73,14748908.0,16485808.0,666.125,99.95,26.95,2023,755.7,0.2,0.44,0.41
2023-01-28,shigu,石鼓,Shigu,0.0,8.31,15.3,2.54,3.5560993306508206,0.73,14106870.0,15771056.0,662.6719,99.95,26.95,2023,756.23,-1.16,-0.08,0.56
2023-01-29,shigu,石鼓,Shigu,0.0,7.54,13.78,2.11,3.538835262309872,0.67,14924952.0,16689056.0,659.9219,99.95,26.95,2023,759.54,0.39,0.2,-0.0
2023-01-30,shigu,石鼓,Shigu,0.0,9.28,17.94,1.95,4.370044179715183,1.4,16552198.0,18513284.0,657.5156,99.95,26.95,2023,757.12,-1.13,-0.51,1.29
2023-01-31,shigu,石鼓,Shigu,0.0,11.01,19.16,1.68,4.765011229687566,1.47,16677368.0,18657154.0,656.3906,99.95,26.95,2023,754.38,-0.85,-0.33,1.42
2023-02-01,shigu,石鼓,Shigu,0.0,11.2,18.55,3.89,4.587810807389887,1.56,15925554.0,17819948.0,656.53125,99.95,26.95,2023,754.78,0.27,-0.2,1.52
2023-02-02,shigu,石鼓,Shigu,0.05,10.22,16.47,3.39,3.967016892806504,1.45,13528136.0,15140244.0,658.34375,99.95,26.95,2023,756.37,-1.28,-0.17,1.4
2023-02-03,shigu,石鼓,Shigu,0.0,9.59,16.08,3.12,4.654273354174211,1.29,16662418.0,18652110.0,660.5156,99.95,26.95,2023,755.61,-4.87,-0.13,1.24
2023-02-04,shigu,石鼓,Shigu,0.0,9.11,15.05,2.98,4.514093089674484,1.4,16025740.0,17943262.0,661.2656,99.95,26.95,2023,753.85,-5.83,-0.04,1.35
2023-02-05,shigu,石鼓,Shigu,0.12,8.2,13.93,1.96,3.778285255472329,1.47,14255196.0,15964160.0,660.0469,99.95,26.95,2023,753.49,-2.11,-0.17,1.4
2023-02-06,shigu,石鼓,Shigu,0.01,8.61,15.16,1.52,3.849449810233154,1.34,14554438.0,16302700.0,657.5469,99.95,26.95,2023,752.61,-1.48,-0.08,1.29
2023-02-07,shigu,石鼓,Shigu,0.01,8.73,14.61,3.38,4.216444431553644,1.47,15218874.0,17053624.0,654.2344,99.95,26.95,2023,752.31,-4.3,0.57,1.26
2023-02-08,shigu,石鼓,Shigu,0.42,6.76,12.38,1.52,3.539041584678724,1.46,14385772.0,16123178.0,649.71875,99.95,26.95,2023,753.4,-2.42,-0.04,1.43
2023-02-09,shigu,石鼓,Shigu,0.35,6.82,12.21,1.37,3.3170539961705208,1.35,13802190.0,15472202.0,643.8906,99.95,26.95,2023,754.14,-0.85,0.03,1.3
2023-02-10,shigu,石鼓,Shigu,0.04,7.08,13.36,1.22,3.2224333897145025,1.63,13064226.0,14647672.0,636.0156,99.95,26.95,2023,752.79,-0.42,-0.33,1.57
2023-02-11,shigu,石鼓,Shigu,0.0,7.57,14.69,1.03,3.810916721057228,1.86,16002118.0,17944652.0,626.9375,99.95,26.95,2023,752.01,0.27,-0.46,1.8
2023-02-12,shigu,石鼓,Shigu,0.0,8.95,15.77,1.62,4.310995297100252,1.66,16486664.0,18490820.0,618.2656,99.95,26.95,2023,752.56,-0.85,-0.22,1.63
2023-02-13,shigu,石鼓,Shigu,0.05,9.21,15.54,2.83,4.241986130246136,1.48,15589116.0,17487092.0,611.1094,99.95,26.95,2023,754.47,-1.93,0.08,1.39
2023-02-14,shigu,石鼓,Shigu,0.0,9.91,16.76,3.16,4.886961248485118,1.0,18150752.0,20364596.0,605.8281,99.95,26.95,2023,756.46,-3.46,0.25,0.67
2023-02-15,shigu,石鼓,Shigu,0.41,10.12,16.24,3.27,4.132199543194013,1.17,15056626.0,16896256.0,601.875,99.95,26.95,2023,757.22,-0.22,0.17,1.06
2023-02-16,shigu,石鼓,Shigu,0.23,8.5,15.83,0.26,4.1943429481504735,1.48,16512056.0,18535138.0,597.4844,99.95,26.95,2023,758.57,-0.82,-0.26,1.4
2023-02-17,shigu,石鼓,Shigu,0.0,9.29,16.45,0.02,4.779710158714413,1.37,17928728.0,20130620.0,592.34375,99.95,26.95,2023,757.44,-2.98,-0.46,1.27
2023-02-18,shigu,石鼓,Shigu,0.02,10.35,17.66,2.44,4.969308568150322,1.23,18627788.0,20920898.0,587.09375,99.95,26.95,2023,757.29,-0.36,-0.5,1.09
2023-02-19,shigu,石鼓,Shigu,0.37,11.13,17.49,4.16,4.383845119765978,1.12,15629074.0,17556936.0,582.0469,99.95,26.95,2023,757.03,0.72,0.46,0.76
2023-02-20,shigu,石鼓,Shigu,0.41,10.33,16.13,4.66,3.7963742270638186,1.35,13659930.0,15349652.0,577.8125,99.95,26.95,2023,755.89,1.53,0.09,1.31
2023-02-21,shigu,石鼓,Shigu,0.8,9.31,14.61,4.29,2.9134541897322985,1.11,11244306.0,12638816.0,574.90625,99.95,26.95,2023,756.27,3.48,0.21,1.03
2023-02-22,shigu,石鼓,Shigu,1.28,8.98,15.28,3.17,3.487266741289164,1.37,14112696.0,15866824.0,574.125,99.95,26.95,2023,755.23,3.14,0.31,1.27
2023-02-23,shigu,石鼓,Shigu,1.09,7.11,13.92,1.89,3.3726167509856366,1.45,15106952.0,17010820.0,578.90625,99.95,26.95,2023,756.35,2.25,-0.12,1.4
2023-02-24,shigu,石鼓,Shigu,1.45,8.58,14.54,1.91,4.036776830202173,0.84,16127808.0,18153728.0,585.9844,99.95,26.95,2023,758.8,-0.32,0.05,0.7
2023-02-25,shigu,石鼓,Shigu,2.52,7.34,12.65,2.18,3.639318904179452,0.63,15548784.0,17511470.0,587.2031,99.95,26.95,2023,762.25,0.92,0.32,0.16
2023-02-26,shigu,石鼓,Shigu,1.69,8.34,14.14,2.93,3.921615047060572,0.83,15910604.0,17917016.0,583.53125,99.95,26.95,2023,761.26,0.23,0.16,0.67
2023-02-27,shigu,石鼓,Shigu,0.5,7.95,14.04,1.77,4.319448862681054,1.44,17503072.0,19711260.0,579.09375,99.95,26.95,2023,759.3,-1.44,-0.04,1.41
2023-02-28,shigu,石鼓,Shigu,0.16,7.64,14.7,1.18,4.671427121807961,1.62,19371678.0,21818072.0,575.5,99.95,26.95,2023,759.63,-2.21,-0.24,1.58
2023-03-01,shigu,石鼓,Shigu,0.15,9.44,16.37,1.09,5.0064480461016245,1.21,19244402.0,21678878.0,572.1875,99.95,26.95,2023,760.19,-1.93,-0.23,1.12
2023-03-02,shigu,石鼓,Shigu,0.04,9.54,16.51,3.24,4.825262551371033,1.68,18229440.0,20540006.0,567.75,99.95,26.95,2023,759.89,-1.04,-0.27,1.6
2023-03-03,shigu,石鼓,Shigu,1.07,9.15,16.73,3.03,4.610948824151167,0.88,18706262.0,21082806.0,561.34375,99.95,26.95,2023,761.07,1.53,-0.1,0.73
2023-03-04,shigu,石鼓,Shigu,0.05,10.95,17.99,2.72,5.315402986728317,1.2,19423412.0,21896756.0,553.8125,99.95,26.95,2023,760.38,-0.87,-0.21,1.14
2023-03-05,shigu,石鼓,Shigu,0.01,10.32,17.18,3.53,4.721766002352547,1.46,17448746.0,19675886.0,546.34375,99.95,26.95,2023,758.8,0.23,-0.22,1.42
2023-03-06,shigu,石鼓,Shigu,0.23,10.45,17.92,3.25,4.820707568640577,1.53,18292506.0,20632818.0,539.40625,99.95,26.95,2023,757.64,1.66,-0.32,1.46
2023-03-07,shigu,石鼓,Shigu,0.07,9.7,17.23,2.04,4.729664098718828,1.75,18476876.0,20846760.0,533.78125,99.95,26.95,2023,758.4,1.18,-0.39,1.67
2023-03-08,shigu,石鼓,Shigu,0.0,11.93,19.51,1.98,5.565177415164799,1.13,19778440.0,22321032.0,530.375,99.95,26.95,2023,759.93,-0.27,-0.26,1.04
2023-03-09,shigu,石鼓,Shigu,0.35,12.6,19.66,4.98,5.749642897779669,1.52,19321408.0,21811208.0,528.21875,99.95,26.95,2023,758.44,-0.81,-0.02,1.46
2023-03-10,shigu,石鼓,Shigu,0.0,11.47,18.61,4.52,5.798477763394853,1.73,20815094.0,23503770.0,526.59375,99.95,26.95,2023,757.73,-0.32,-0.35,1.68
2023-03-11,shigu,石鼓,Shigu,0.0,12.85,20.5,4.89,6.06459582739849,1.43,20443622.0,23090448.0,525.8125,99.95,26.95,2023,758.75,-1.2,-0.26,1.36
2023-03-12,shigu,石鼓,Shigu,0.79,12.52,18.49,5.17,5.625956744574939,1.17,18913650.0,21367956.0,524.71875,99.95,26.95,2023,759.77,-2.48,0.02,1.0
2023-03-13,shigu,石鼓,Shigu,1.75,9.26,15.81,3.19,4.101699450556292,0.91,16367351.0,18495464.0,523.875,99.95,26.95,2023,757.87,2.08,-0.19,0.76
2023-03-14,shigu,石鼓,Shigu,0.14,11.08,17.79,1.86,5.384563207763342,1.45,19840260.0,22427432.0,525.96875,99.95,26.95,2023,754.87,0.64,-0.43,1.36
2023-03-15,shigu,石鼓,Shigu,0.35,10.54,17.24,3.05,4.834754445024547,1.39,18063808.0,20425176.0,527.1875,99.95,26.95,2023,755.58,1.12,-0.04,1.35
2023-03-16,shigu,石鼓,Shigu,0.47,9.52,16.28,2.48,4.732833909217126,1.59,18289566.0,20684982.0,524.625,99.95,26.95,2023,756.74,0.23,-0.25,1.55
2023-03-17,shigu,石鼓,Shigu,0.0,11.02,18.65,2.81,5.265390673248398,1.62,18939550.0,21424594.0,520.375,99.95,26.95,2023,756.02,-0.14,-0.14,1.59
2023-03-18,shigu,石鼓,Shigu,0.52,10.23,16.59,4.48,4.202133127951867,1.51,16217941.0,18350124.0,514.84375,99.95,26.95,2023,755.0,3.26,-0.16,1.48
2023-03-19,shigu,石鼓,Shigu,0.94,11.53,18.32,4.66,4.329784403929737,1.54,15228274.0,17233964.0,508.8125,99.95,26.95,2023,753.81,2.83,-0.04,1.51
2023-03-20,shigu,石鼓,Shigu,1.22,9.66,15.49,5.36,3.723530816303395,1.59,14877537.0,16840976.0,505.21875,99.95,26.95,2023,753.04,4.01,0.08,1.56
2023-03-21,shigu,石鼓,Shigu,0.69,9.61,16.82,3.17,4.173328041997244,1.7,16099064.0,18227386.0,506.65625,99.95,26.95,2023,751.76,1.92,-0.05,1.68
2023-03-22,shigu,石鼓,Shigu,0.58,9.44,16.92,3.72,4.257045710696255,1.6,16717786.0,18932084.0,511.1875,99.95,26.95,2023,750.96,1.88,0.05,1.58
2023-03-23,shigu,石鼓,Shigu,0.88,9.35,16.27,3.24,4.595213962914227,1.73,17845964.0,20213806.0,515.40625,99.95,26.95,2023,751.86,0.49,-0.18,1.7
2023-03-24,shigu,石鼓,Shigu,0.34,9.96,17.15,2.62,4.9320503966817695,1.52,19037666.0,21568522.0,517.65625,99.95,26.95,2023,753.85,0.97,-0.21,1.49
2023-03-25,shigu,石鼓,Shigu,0.28,11.78,19.16,2.63,5.6420257713932,1.36,20475228.0,23201948.0,516.78125,99.95,26.95,2023,754.14,1.33,-0.09,1.32
2023-03-26,shigu,石鼓,Shigu,0.21,11.59,18.24,5.13,4.701433287362884,1.61,16659098.0,18881612.0,513.34375,99.95,26.95,2023,753.22,2.46,-0.01,1.58
2023-03-27,shigu,石鼓,Shigu,0.87,11.24,18.38,4.89,4.831192647953335,1.59,17939200.0,20336836.0,508.96875,99.95,26.95,2023,754.53,3.09,0.38,1.5
2023-03-28,shigu,石鼓,Shigu,0.66,9.98,17.54,2.51,4.955551277159074,1.74,18647102.0,21144622.0,507.8125,99.95,26.95,2023,755.46,0.05,-0.14,1.71
2023-03-29,shigu,石鼓,Shigu,0.36,10.14,18.15,2.83,5.458799676829958,1.6,20902574.0,23707542.0,512.4375,99.95,26.95,2023,754.85,-0.11,-0.28,1.55
2023-03-30,shigu,石鼓,Shigu,0.08,10.8,18.18,3.19,5.3009104070457616,1.56,19710840.0,22360816.0,513.9375,99.95,26.95,2023,753.37,0.81,-0.21,1.52
2023-03-31,shigu,石鼓,Shigu,0.09,12.03,19.7,4.44,5.691124636414116,1.64,20129958.0,22840982.0,509.4375,99.95,26.95,2023,754.09,1.07,-0.31,1.58
2023-04-01,shigu,石鼓,Shigu,1.57,12.09,19.62,4.12,5.38917438679688,1.64,19384686.0,22000272.0,503.09375,99.95,26.95,2023,752.4,2.83,0.2,1.59
2023-04-02,shigu,石鼓,Shigu,0.95,9.75,16.87,3.37,4.613525932484699,1.72,18267006.0,20736402.0,500.15625,99.95,26.95,2023,751.15,2.29,0.02,1.71
2023-04-03,shigu,石鼓,Shigu,0.7,9.34,16.58,3.46,5.002737130850212,1.91,20122852.0,22852350.0,506.34375,99.95,26.95,2023,751.55,0.98,-0.24,1.87
2023-04-04,shigu,石鼓,Shigu,0.44,10.92,18.44,4.02,5.59011427692073,1.75,21247638.0,24132256.0,512.15625,99.95,26.95,2023,752.32,1.7,-0.31,1.7
2023-04-05,shigu,石鼓,Shigu,0.3,10.43,16.43,4.45,4.262749109444353,1.55,16498422.0,18741780.0,510.5,99.95,26.95,2023,754.34,3.86,-0.07,1.5
2023-04-06,shigu,石鼓,Shigu,0.31,12.1,18.72,5.0,4.846658585898132,1.47,16650334.0,18917820.0,505.0625,99.95,26.95,2023,756.1,1.94,-0.02,1.44
2023-04-07,shigu,石鼓,Shigu,0.0,13.91,21.7,5.63,7.049405009445563,1.59,23728054.0,26965304.0,499.6875,99.95,26.95,2023,757.26,0.42,-0.1,1.56
2023-04-08,shigu,石鼓,Shigu,0.0,15.26,23.41,6.55,7.648074078602285,1.55,24402888.0,27738144.0,494.625,99.95,26.95,2023,757.99,-0.74,-0.03,1.52
2023-04-09,shigu,石鼓,Shigu,0.0,15.37,23.45,7.04,7.526196038464843,1.86,24172468.0,27482386.0,490.46875,99.95,26.95,2023,756.68,1.69,-0.17,1.82
2023-04-10,shigu,石鼓,Shigu,0.17,14.16,21.77,5.88,6.549521924951953,1.9,21838324.0,24834240.0,489.1875,99.95,26.95,2023,756.2,2.72,-0.27,1.85
2023-04-11,shigu,石鼓,Shigu,0.03,14.89,23.13,6.3,7.204348823332101,1.65,23668704.0,26921614.0,491.90625,99.95,26.95,2023,756.17,1.96,-0.23,1.59
2023-04-12,shigu,石鼓,Shigu,0.0,15.58,23.29,7.62,7.282106488395578,1.73,23072606.0,26249430.0,499.96875,99.95,26.95,2023,755.24,1.88,-0.12,1.68
2023-04-13,shigu,石鼓,Shigu,0.0,15.77,23.44,7.28,7.336779516809143,1.82,23253614.0,26461226.0,513.15625,99.95,26.95,2023,755.08,2.65,-0.31,1.78
2023-04-14,shigu,石鼓,Shigu,0.33,16.12,23.56,7.33,7.232585138127532,1.26,23376084.0,26606176.0,530.4375,99.95,26.95,2023,756.83,3.88,-0.33,1.14
2023-04-15,shigu,石鼓,Shigu,0.19,17.36,24.27,8.38,7.216552692390809,0.84,22635116.0,25768440.0,549.28125,99.95,26.95,2023,757.77,3.43,0.22,0.26
2023-04-16,shigu,石鼓,Shigu,0.24,17.65,24.97,10.06,7.314404199853983,1.58,21987448.0,25033338.0,568.53125,99.95,26.95,2023,754.17,4.53,0.07,1.54
2023-04-17,shigu,石鼓,Shigu,0.02,16.15,23.95,7.89,6.9691746083028425,1.93,22023326.0,25076686.0,588.8125,99.95,26.95,2023,754.79,4.82,-0.33,1.88
2023-04-18,shigu,石鼓,Shigu,0.02,17.13,25.1,8.61,7.7254081285786675,1.58,24119808.0,27466138.0,608.5,99.95,26.95,2023,755.11,4.44,-0.46,1.5
2023-04-19,shigu,石鼓,Shigu,0.16,16.17,25.08,7.02,6.697206260293161,1.52,21673098.0,24682444.0,627.84375,99.95,26.95,2023,752.85,6.01,-0.19,1.49
2023-04-20,shigu,石鼓,Shigu,0.19,15.25,22.9,6.56,6.652678845334696,1.78,21902290.0,24945666.0,651.375,99.95,26.95,2023,751.52,4.85,-0.1,1.75
2023-04-21,shigu,石鼓,Shigu,0.2,14.34,21.64,6.66,6.163486151894357,1.8,20935562.0,23846550.0,682.75,99.95,26.95,2023,752.27,4.93,-0.16,1.78
2023-04-22,shigu,石鼓,Shigu,0.1,14.15,21.38,6.17,5.242744563640046,1.55,17453110.0,19881682.0,720.4375,99.95,26.95,2023,753.22,5.23,0.01,1.52
2023-04-23,shigu,石鼓,Shigu,0.46,14.88,21.96,7.65,6.476043002473188,1.61,21287148.0,24251380.0,763.8125,99.95,26.95,2023,755.96,3.84,0.09,1.58
2023-04-24,shigu,石鼓,Shigu,0.49,13.69,20.02,5.56,6.416224266136018,1.68,22425124.0,25550172.0,815.71875,99.95,26.95,2023,757.34,3.92,0.03,1.64
2023-04-25,shigu,石鼓,Shigu,0.29,15.4,22.39,6.78,7.094662399696577,1.37,23159444.0,26388608.0,877.9375,99.95,26.95,2023,756.57,2.92,0.07,1.33
2023-04-26,shigu,石鼓,Shigu,0.84,14.65,21.3,6.83,6.695709059490013,1.68,22038926.0,25114462.0,949.1875,99.95,26.95,2023,754.93,2.83,0.14,1.64
2023-04-27,shigu,石鼓,Shigu,0.11,15.25,22.1,7.31,6.801666277927903,1.82,21797294.0,24841056.0,1021.65625,99.95,26.95,2023,754.97,3.19,-0.07,1.8
2023-04-28,shigu,石鼓,Shigu,1.12,13.99,20.3,6.95,5.28903854175413,1.34,17923868.0,20428792.0,1079.9375,99.95,26.95,2023,755.92,5.2,0.04,1.3
2023-04-29,shigu,石鼓,Shigu,0.59,14.95,21.07,8.59,5.757515705206322,1.2,18652754.0,21261236.0,1109.125,99.95,26.95,2023,756.14,3.88,0.3,1.08
2023-04-30,shigu,石鼓,Shigu,0.4,14.11,20.65,9.27,4.965386183979701,1.13,16907456.0,19273774.0,1111.9688,99.95,26.95,2023,755.25,6.1,0.33,1.02
2023-05-01,shigu,石鼓,Shigu,0.82,14.66,20.66,10.18,4.89496290319954,1.53,16120936.0,18378924.0,1095.1562,99.95,26.95,2023,754.82,6.77,0.07,1.51
2023-05-02,shigu,石鼓,Shigu,0.67,13.27,19.35,6.63,4.676864955361878,1.74,16442410.0,18746896.0,1071.7812,99.95,26.95,2023,755.35,6.51,0.0,1.71
2023-05-03,shigu,石鼓,Shigu,0.07,14.22,21.46,6.77,6.268815900330213,2.06,21514410.0,24532126.0,1044.9375,99.95,26.95,2023,754.92,5.07,-0.27,2.02
2023-05-04,shigu,石鼓,Shigu,0.07,15.82,23.41,8.54,6.739387224650549,2.03,21947166.0,25027462.0,1010.6875,99.95,26.95,2023,753.72,6.02,-0.29,1.99
2023-05-05,shigu,石鼓,Shigu,0.12,15.45,22.42,6.92,6.380046762252082,1.82,21092114.0,24054852.0,969.0625,99.95,26.95,2023,752.1,6.24,-0.19,1.8
2023-05-06,shigu,石鼓,Shigu,0.0,16.65,24.08,8.76,7.612891043098727,1.81,23777924.0,27120124.0,931.5625,99.95,26.95,2023,752.67,3.93,-0.15,1.77
2023-05-07,shigu,石鼓,Shigu,0.0,17.37,25.21,9.56,7.952917002131812,1.56,24295062.0,27712324.0,907.03125,99.95,26.95,2023,753.79,3.06,-0.05,1.52
2023-05-08,shigu,石鼓,Shigu,0.03,17.26,24.01,9.44,6.9625699227240325,1.65,20676842.0,23587348.0,895.875,99.95,26.95,2023,754.78,3.95,0.01,1.59
2023-05-09,shigu,石鼓,Shigu,0.06,17.54,24.23,11.11,7.357604933244394,1.87,21598648.0,24640916.0,897.0625,99.95,26.95,2023,754.54,3.84,-0.05,1.82
2023-05-10,shigu,石鼓,Shigu,0.11,17.7,24.22,11.17,7.549043374026296,1.61,22235534.0,25369736.0,908.75,99.95,26.95,2023,756.12,2.86,0.07,1.56
2023-05-11,shigu,石鼓,Shigu,0.27,17.36,23.56,10.38,7.583972323996241,1.54,22864744.0,26089856.0,928.4375,99.95,26.95,2023,757.75,3.0,0.1,1.49
2023-05-12,shigu,石鼓,Shigu,0.05,18.05,24.29,11.75,7.727723833744083,1.36,22934850.0,26172396.0,948.90625,99.95,26.95,2023,757.55,2.72,0.04,1.3
2023-05-13,shigu,石鼓,Shigu,4.56,15.03,19.81,10.88,3.496674687482715,0.58,11128936.0,12700832.0,968.71875,99.95,26.95,2023,758.59,5.79,0.33,-0.41
2023-05-14,shigu,石鼓,Shigu,27.56,9.34,11.47,6.41,1.5185121042057104,0.54,6236434.0,7118700.0,994.125,99.95,26.95,2023,758.59,8.09,0.18,-0.1
2023-05-15,shigu,石鼓,Shigu,16.37,5.88,6.36,5.48,0.5522334258540055,1.04,2485070.0,2953200.0,1042.125,99.95,26.95,2023,754.73,5.3,-0.65,0.58
2023-05-16,shigu,石鼓,Shigu,0.06,12.78,18.98,6.32,4.019667853831404,1.5,14303564.0,16657508.0,1118.6875,99.95,26.95,2023,754.58,7.52,-0.39,1.43
2023-05-17,shigu,石鼓,Shigu,0.0,15.12,21.67,9.21,5.678155855099474,1.58,19118758.0,21935092.0,1169.9062,99.95,26.95,2023,755.64,7.56,-0.48,1.49
2023-05-18,shigu,石鼓,Shigu,0.63,16.8,22.2,10.7,6.581774137451768,1.33,21538282.0,24618164.0,1171.375,99.95,26.95,2023,755.1,8.57,-0.16,1.3
2023-05-19,shigu,石鼓,Shigu,1.59,16.25,22.29,10.42,6.324550523487681,1.11,21721188.0,24813912.0,1138.25,99.95,26.95,2023,753.93,10.32,0.02,1.05
2023-05-20,shigu,石鼓,Shigu,0.28,16.21,22.84,8.77,6.4031927561007045,1.67,21284666.0,24316540.0,1096.3438,99.95,26.95,2023,754.05,8.31,-0.08,1.64
2023-05-21,shigu,石鼓,Shigu,0.0,16.68,24.49,7.76,7.245810639449093,1.72,23505294.0,26857724.0,1070.4688,99.95,26.95,2023,755.54,6.94,-0.22,1.69
2023-05-22,shigu,石鼓,Shigu,0.01,16.38,23.24,9.54,6.3962657796763445,1.56,20824564.0,23798544.0,1081.0938,99.95,26.95,2023,755.91,7.71,-0.11,1.52
2023-05-23,shigu,石鼓,Shigu,0.17,18.14,25.08,11.41,8.051967049843983,1.45,25064138.0,28647596.0,1133.9688,99.95,26.95,2023,754.93,6.68,-0.43,1.37
2023-05-24,shigu,石鼓,Shigu,0.1,18.5,25.2,11.1,7.625357932234298,1.26,23540186.0,26910484.0,1219.7188,99.95,26.95,2023,753.73,7.58,0.16,1.21
2023-05-25,shigu,石鼓,Shigu,0.28,17.14,22.64,11.64,6.428426592551028,1.31,20564938.0,23513996.0,1311.6875,99.95,26.95,2023,753.87,8.42,0.48,1.16
2023-05-26,shigu,石鼓,Shigu,0.25,17.13,22.95,10.92,5.50372591312933,1.44,17156346.0,19619440.0,1386.4688,99.95,26.95,2023,754.03,9.02,0.07,1.42
2023-05-27,shigu,石鼓,Shigu,0.06,17.82,24.77,10.68,6.713382611593119,1.67,20184972.0,23086536.0,1455.1875,99.95,26.95,2023,753.98,7.06,-0.11,1.66
2023-05-28,shigu,石鼓,Shigu,0.0,19.42,26.49,11.65,7.251278146203835,1.41,20993822.0,24015264.0,1554.9688,99.95,26.95,2023,755.46,7.11,-0.01,1.37
2023-05-29,shigu,石鼓,Shigu,0.0,20.96,28.64,12.93,9.394425122055,1.38,26813474.0,30677400.0,1690.4062,99.95,26.95,2023,756.59,5.31,-0.16,1.34
2023-05-30,shigu,石鼓,Shigu,0.0,22.33,30.28,13.28,9.57077426311732,1.17,26631898.0,30474584.0,1825.5938,99.95,26.95,2023,755.61,5.55,0.24,1.0
2023-05-31,shigu,石鼓,Shigu,0.0,21.66,29.38,13.25,9.308372920181691,1.61,26039990.0,29802832.0,1947.0,99.95,26.95,2023,753.7,7.36,-0.26,1.58
2023-06-01,shigu,石鼓,Shigu,0.0,21.5,29.84,13.44,8.703060131235661,1.57,24419596.0,27952600.0,2088.125,99.95,26.95,2023,752.28,8.34,-0.19,1.55
2023-06-02,shigu,石鼓,Shigu,0.19,20.83,28.41,12.99,7.745677259520832,1.48,22238748.0,25461596.0,2278.4062,99.95,26.95,2023,752.81,9.74,-0.07,1.46
2023-06-03,shigu,石鼓,Shigu,0.01,20.18,27.32,12.04,7.0698976896373535,1.48,20001344.0,22904132.0,2480.7188,99.95,26.95,2023,753.72,8.57,-0.02,1.46
2023-06-04,shigu,石鼓,Shigu,0.0,20.51,28.35,12.76,8.465100127684224,1.53,24144344.0,27652172.0,2650.75,99.95,26.95,2023,753.68,6.98,-0.28,1.49
2023-06-05,shigu,石鼓,Shigu,1.12,22.1,28.86,14.22,8.247758831718228,0.69,23659722.0,27100400.0,2766.3438,99.95,26.95,2023,754.23,7.57,0.27,0.42
2023-06-06,shigu,石鼓,Shigu,4.59,18.9,25.35,15.06,5.357878194528514,0.72,16822842.0,19272484.0,2825.6562,99.95,26.95,2023,754.8,12.72,0.64,0.01
2023-06-07,shigu,石鼓,Shigu,7.49,19.18,25.51,14.8,5.8164542037084725,0.77,18302424.0,20969556.0,2837.75,99.95,26.95,2023,754.82,13.11,0.64,-0.08
2023-06-08,shigu,石鼓,Shigu,13.98,15.8,19.4,13.61,2.6065355945633195,0.71,9346496.0,10709924.0,2828.7188,99.95,26.95,2023,755.85,14.91,0.46,-0.51
2023-06-09,shigu,石鼓,Shigu,17.72,14.19,16.74,12.35,1.5265029983546965,0.9,5513734.0,6319132.0,2834.5,99.95,26.95,2023,755.62,12.96,0.47,-0.76
2023-06-10,shigu,石鼓,Shigu,5.87,12.44,14.33,11.15,1.6031068664829058,0.9,5867428.0,6725656.0,2896.1562,99.95,26.95,2023,755.51,10.55,0.55,-0.7
2023-06-11,shigu,石鼓,Shigu,10.83,13.27,15.71,11.36,1.7284515220689265,0.9,6073484.0,6963244.0,3027.4062,99.95,26.95,2023,754.23,10.96,0.62,-0.64
2023-06-12,shigu,石鼓,Shigu,19.92,12.78,14.01,11.81,0.8067017939250626,0.49,3050056.0,3497848.0,3210.2188,99.95,26.95,2023,754.08,12.46,0.04,-0.44
2023-06-13,shigu,石鼓,Shigu,22.03,12.39,13.67,10.97,1.1883117560968302,0.77,4683570.0,5371368.0,3446.7812,99.95,26.95,2023,753.83,12.01,0.25,-0.71
2023-06-14,shigu,石鼓,Shigu,23.67,12.02,13.1,11.1,0.9514415336648652,0.64,3701574.0,4246856.0,3642.4375,99.95,26.95,2023,754.16,11.58,0.36,-0.44
2023-06-15,shigu,石鼓,Shigu,1.63,16.59,21.36,11.58,3.89371998198236,0.89,12935720.0,14839148.0,3766.4062,99.95,26.95,2023,752.3,12.51,0.26,0.66
2023-06-16,shigu,石鼓,Shigu,0.4,17.62,22.9,12.37,5.5079452622073815,1.34,17811984.0,20443280.0,3883.9375,99.95,26.95,2023,752.12,11.7,0.03,1.33
2023-06-17,shigu,石鼓,Shigu,1.17,18.22,23.75,13.53,5.662191969245923,1.42,17994912.0,20659548.0,3991.125,99.95,26.95,2023,752.7,12.11,0.01,1.41
2023-06-18,shigu,石鼓,Shigu,0.67,19.25,24.61,14.21,6.120245925205906,1.06,19256966.0,22115196.0,4035.9375,99.95,26.95,2023,752.98,13.24,-0.0,1.01
2023-06-19,shigu,石鼓,Shigu,20.51,18.13,23.77,13.97,5.814246268629957,0.74,19304000.0,22173600.0,4079.6562,99.95,26.95,2023,753.32,14.49,0.22,0.39
2023-06-20,shigu,石鼓,Shigu,9.77,17.44,22.65,13.24,4.50491142845139,0.68,15209522.0,17475388.0,4201.2188,99.95,26.95,2023,753.32,14.9,0.18,0.59
2023-06-21,shigu,石鼓,Shigu,8.39,18.2,23.86,14.47,4.958414350356668,0.64,16345120.0,18785508.0,4389.0625,99.95,26.95,2023,753.67,15.05,0.2,0.55
2023-06-22,shigu,石鼓,Shigu,22.62,16.14,21.06,13.52,2.6443747993839817,0.56,9262632.0,10647792.0,4648.9375,99.95,26.95,2023,754.24,15.21,0.22,0.35
2023-06-23,shigu,石鼓,Shigu,23.54,15.66,20.56,11.77,3.847205452175095,0.63,13650114.0,15694316.0,4927.8438,99.95,26.95,2023,754.3,14.1,0.06,-0.08
2023-06-24,shigu,石鼓,Shigu,6.19,16.31,22.22,11.34,5.964420248966973,0.72,20815356.0,23945668.0,5064.25,99.95,26.95,2023,755.22,13.32,0.02,-0.22
2023-06-25,shigu,石鼓,Shigu,17.25,17.72,24.53,13.32,6.391510038713932,0.6,21427168.0,24658336.0,5018.2812,99.95,26.95,2023,755.73,14.43,0.1,0.15
2023-06-26,shigu,石鼓,Shigu,1.12,19.34,24.02,15.11,6.35688863209333,0.71,20137306.0,23180576.0,4894.7812,99.95,26.95,2023,755.14,13.86,0.4,0.2
2023-06-27,shigu,石鼓,Shigu,0.43,20.57,25.28,15.55,6.536755431979888,1.01,19752042.0,22742616.0,4753.0,99.95,26.95,2023,754.25,13.57,0.45,0.77
2023-06-28,shigu,石鼓,Shigu,0.33,20.21,24.95,15.11,5.5821759218123415,1.21,16679086.0,19211720.0,4587.422000000001,99.95,26.95,2023,754.17,13.74,0.09,1.19
2023-06-29,shigu,石鼓,Shigu,0.18,20.43,25.6,15.22,5.895957773008598,1.21,17566364.0,20238584.0,4441.078,99.95,26.95,2023,753.0,13.65,0.08,1.18
2023-06-30,shigu,石鼓,Shigu,0.57,20.37,25.6,15.47,6.463158235950104,1.1,19740690.0,22749856.0,4398.6562,99.95,26.95,2023,752.47,13.99,0.14,1.04
2023-07-01,shigu,石鼓,Shigu,0.23,20.87,26.44,15.33,6.071157238230745,1.16,17885848.0,20618248.0,4564.578,99.95,26.95,2023,752.79,13.75,0.06,1.14
2023-07-02,shigu,石鼓,Shigu,0.26,20.8,25.78,16.23,6.092055057405416,1.03,18372698.0,21185016.0,4898.0156,99.95,26.95,2023,752.92,14.67,0.16,0.98
2023-07-03,shigu,石鼓,Shigu,1.6,21.09,26.05,16.88,5.8325281656775045,0.86,17361668.0,20026064.0,5218.203,99.95,26.95,2023,753.19,14.65,0.19,0.79
2023-07-04,shigu,石鼓,Shigu,6.28,16.89,22.01,13.38,3.5266861597965486,0.65,11729608.0,13531040.0,5557.25,99.95,26.95,2023,755.64,13.88,0.29,-0.36
2023-07-05,shigu,石鼓,Shigu,0.23,19.5,24.54,14.04,5.505150641242149,0.97,16931970.0,19541416.0,5966.375,99.95,26.95,2023,753.26,13.51,0.49,0.8
2023-07-06,shigu,石鼓,Shigu,0.46,20.12,25.79,15.35,5.895203908845551,1.54,17922896.0,20691728.0,6272.422,99.95,26.95,2023,753.33,14.25,0.23,1.5
2023-07-07,shigu,石鼓,Shigu,0.25,20.31,25.57,16.3,5.474897265606772,1.26,16363582.0,18897020.0,6427.828,99.95,26.95,2023,754.38,14.28,0.18,1.23
2023-07-08,shigu,石鼓,Shigu,3.31,19.74,24.42,15.74,4.789062943257028,0.9,14654612.0,16929220.0,6550.0625,99.95,26.95,2023,754.95,14.65,0.18,0.83
2023-07-09,shigu,石鼓,Shigu,9.37,17.82,21.78,15.2,3.3381380107718925,0.53,10988656.0,12697900.0,6673.1875,99.95,26.95,2023,755.22,15.74,0.34,0.15
2023-07-10,shigu,石鼓,Shigu,1.48,19.37,24.27,16.41,4.52151120311375,0.94,14231676.0,16450478.0,6770.9062,99.95,26.95,2023,753.71,15.52,0.48,0.78
2023-07-11,shigu,石鼓,Shigu,2.66,18.83,23.82,15.79,3.799242027223052,0.96,12057084.0,13940508.0,6819.0,99.95,26.95,2023,753.14,15.51,0.37,0.87
2023-07-12,shigu,石鼓,Shigu,3.15,18.53,22.77,15.66,3.7824905564546447,1.04,12045272.0,13931616.0,6778.75,99.95,26.95,2023,753.19,15.11,0.32,0.99
2023-07-13,shigu,石鼓,Shigu,4.7,19.52,24.59,15.89,4.594167639167291,0.83,14165654.0,16388312.0,6811.3594,99.95,26.95,2023,753.95,14.8,0.23,0.69
2023-07-14,shigu,石鼓,Shigu,11.44,17.75,21.92,15.04,3.689521684967061,0.77,12259302.0,14185788.0,7021.2344,99.95,26.95,2023,756.06,15.46,0.3,-0.49
2023-07-15,shigu,石鼓,Shigu,2.27,16.21,18.15,15.1,1.9605011260851275,0.66,5834526.0,6754276.0,7438.547,99.95,26.95,2023,757.67,11.44,0.03,-0.57
2023-07-16,shigu,石鼓,Shigu,0.0,18.9,22.36,15.0,5.043318026271622,0.62,15027120.0,17388060.0,7951.125,99.95,26.95,2023,756.57,9.25,-0.02,-0.12
2023-07-17,shigu,石鼓,Shigu,0.05,20.2,23.9,15.61,5.9619375617915225,0.9,17200018.0,19894914.0,8239.266,99.95,26.95,2023,755.44,10.25,0.19,-0.6
2023-07-18,shigu,石鼓,Shigu,0.15,20.85,24.9,16.41,6.875967441110961,0.85,20104252.0,23243624.0,8160.5156,99.95,26.95,2023,755.08,11.08,-0.0,-0.58
2023-07-19,shigu,石鼓,Shigu,1.1,20.36,25.46,15.22,6.611874927721247,0.92,19704656.0,22772000.0,7941.0938,99.95,26.95,2023,754.43,11.99,0.32,-0.76
2023-07-20,shigu,石鼓,Shigu,1.67,17.43,20.42,15.29,3.4670757451944705,0.83,11190244.0,12925206.0,7761.3438,99.95,26.95,2023,756.28,13.8,0.57,-0.56
2023-07-21,shigu,石鼓,Shigu,15.73,16.66,21.46,13.9,2.811758391708367,0.47,9540490.0,11017986.0,7639.172,99.95,26.95,2023,758.85,15.24,0.18,0.05
2023-07-22,shigu,石鼓,Shigu,7.68,17.23,22.85,13.03,4.549639431371109,0.73,15596698.0,18001488.0,7505.8906,99.95,26.95,2023,759.07,15.35,0.19,0.16
2023-07-23,shigu,石鼓,Shigu,3.92,18.09,23.48,14.05,5.342649300563108,0.73,17652182.0,20366096.0,7290.25,99.95,26.95,2023,756.43,14.71,0.33,0.37
2023-07-24,shigu,石鼓,Shigu,7.46,18.38,24.14,15.04,5.401407394350408,0.66,17853384.0,20588758.0,6975.6406,99.95,26.95,2023,755.37,15.6,0.4,0.13
2023-07-25,shigu,石鼓,Shigu,9.8,18.02,23.38,13.98,4.714272309366805,0.78,15804848.0,18218896.0,6698.422,99.95,26.95,2023,755.12,15.62,0.32,0.55
2023-07-26,shigu,石鼓,Shigu,0.22,18.99,23.8,14.55,4.949988571572021,1.26,15289512.0,17619336.0,6584.5156,99.95,26.95,2023,754.32,13.54,-0.05,1.25
2023-07-27,shigu,石鼓,Shigu,2.79,19.93,25.21,15.56,5.377361208871718,0.82,16468894.0,18970058.0,6661.078,99.95,26.95,2023,752.83,14.13,-0.15,0.72
2023-07-28,shigu,石鼓,Shigu,17.66,17.81,22.34,14.97,3.7154931216422544,0.54,12298498.0,14158654.0,6773.203,99.95,26.95,2023,753.36,15.55,0.09,-0.27
2023-07-29,shigu,石鼓,Shigu,7.11,15.69,17.46,13.69,1.7788776316981694,0.45,6294744.0,7244536.0,6745.125,99.95,26.95,2023,754.46,15.37,0.06,-0.16
2023-07-30,shigu,石鼓,Shigu,9.77,17.73,22.6,14.33,5.150320183530108,0.68,17274754.0,19873196.0,6620.625,99.95,26.95,2023,753.39,14.88,0.41,-0.23
2023-07-31,shigu,石鼓,Shigu,10.96,17.92,23.17,14.59,4.964090739934599,0.67,16678670.0,19179610.0,6482.1406,99.95,26.95,2023,753.74,15.57,0.46,-0.16
2023-08-01,shigu,石鼓,Shigu,12.5,17.59,22.28,14.87,4.609817076783403,0.62,15515998.0,17835060.0,6357.797,99.95,26.95,2023,754.22,15.21,0.37,-0.41
2023-08-02,shigu,石鼓,Shigu,8.73,17.79,23.22,14.25,5.002636077904159,0.55,16851868.0,19362590.0,6221.7344,99.95,26.95,2023,753.86,15.84,0.19,-0.12
2023-08-03,shigu,石鼓,Shigu,16.13,17.78,22.48,15.07,4.501341911400671,0.5,15084590.0,17325342.0,6105.9062,99.95,26.95,2023,753.62,15.84,0.27,-0.08
2023-08-04,shigu,石鼓,Shigu,11.13,16.75,20.5,14.22,2.947256575897904,0.37,10098296.0,11592598.0,6023.5156,99.95,26.95,2023,754.61,15.99,0.11,0.1
2023-08-05,shigu,石鼓,Shigu,18.85,17.08,20.34,14.93,3.2325138532970814,0.57,11075624.0,12710156.0,5937.5,99.95,26.95,2023,753.37,15.79,0.34,0.24
2023-08-06,shigu,石鼓,Shigu,19.65,16.73,19.72,15.04,2.4210866810575937,0.41,8253836.0,9465858.0,5866.703,99.95,26.95,2023,752.06,15.64,0.05,-0.1
2023-08-07,shigu,石鼓,Shigu,3.51,17.56,21.97,13.72,3.8857078405503898,0.55,13121872.0,15047218.0,5944.8594,99.95,26.95,2023,752.26,15.8,0.22,-0.1
2023-08-08,shigu,石鼓,Shigu,4.29,18.77,23.49,14.75,5.3767931709433165,0.62,17616844.0,20191636.0,6191.4688,99.95,26.95,2023,753.52,15.65,0.18,-0.09
2023-08-09,shigu,石鼓,Shigu,10.95,18.64,24.24,15.29,5.567363438497739,0.63,18437408.0,21123224.0,6272.4062,99.95,26.95,2023,755.17,15.95,0.16,-0.32
2023-08-10,shigu,石鼓,Shigu,5.0,18.97,24.15,15.2,5.261595625292923,0.65,17181800.0,19676910.0,6091.25,99.95,26.95,2023,755.82,15.85,0.17,-0.08
2023-08-11,shigu,石鼓,Shigu,19.35,19.04,25.22,15.76,5.268989894071393,0.54,17152688.0,19635164.0,5857.5,99.95,26.95,2023,753.72,16.07,0.21,0.25
2023-08-12,shigu,石鼓,Shigu,16.92,16.61,18.93,14.24,1.8049331046918693,0.33,6235972.0,7136714.0,5730.0,99.95,26.95,2023,754.67,16.39,-0.06,0.07
2023-08-13,shigu,石鼓,Shigu,12.65,18.19,23.63,14.83,5.395467487821219,0.62,18201386.0,20818104.0,5818.328,99.95,26.95,2023,754.98,16.16,0.22,-0.12
2023-08-14,shigu,石鼓,Shigu,8.26,18.41,23.17,15.14,4.681076348410807,0.64,15527766.0,17753268.0,5942.672,99.95,26.95,2023,754.86,15.81,0.32,-0.09
2023-08-15,shigu,石鼓,Shigu,5.85,17.66,21.86,14.65,3.9153027223334247,0.6,13275854.0,15172802.0,5859.3438,99.95,26.95,2023,755.76,15.89,0.36,-0.28
2023-08-16,shigu,石鼓,Shigu,3.31,18.42,23.68,13.94,5.170086320697277,0.68,17219818.0,19670228.0,5651.0312,99.95,26.95,2023,756.37,15.64,0.3,-0.13
2023-08-17,shigu,石鼓,Shigu,2.57,18.97,23.65,15.07,5.414907426379017,0.68,17630426.0,20129298.0,5442.7656,99.95,26.95,2023,757.01,15.25,0.34,-0.24
2023-08-18,shigu,石鼓,Shigu,29.39,17.93,23.17,15.28,4.152552007852478,0.56,14044502.0,16027154.0,5285.1094,99.95,26.95,2023,756.83,16.3,0.38,-0.18
2023-08-19,shigu,石鼓,Shigu,12.53,17.05,21.93,15.18,2.9166673965057983,0.52,10011634.0,11418442.0,5283.625,99.95,26.95,2023,756.77,15.81,0.31,-0.18
2023-08-20,shigu,石鼓,Shigu,22.95,17.22,21.76,14.91,3.6198293019953054,0.6,12507378.0,14259040.0,5461.875,99.95,26.95,2023,756.14,15.92,0.41,-0.29
2023-08-21,shigu,石鼓,Shigu,5.19,17.07,21.39,14.91,3.140035136609848,0.53,10771526.0,12274714.0,5682.578,99.95,26.95,2023,756.82,15.65,0.13,-0.39
2023-08-22,shigu,石鼓,Shigu,5.54,16.03,19.32,13.69,2.848416786879857,0.49,9987272.0,11375106.0,5901.9688,99.95,26.95,2023,755.86,14.76,0.33,-0.08
2023-08-23,shigu,石鼓,Shigu,34.64,15.96,20.42,14.11,3.1502783842516857,0.5,11143056.0,12685662.0,6082.5156,99.95,26.95,2023,754.06,14.87,0.25,-0.07
2023-08-24,shigu,石鼓,Shigu,36.48,15.28,18.99,14.09,1.7986005130698852,0.56,6543896.0,7445654.0,6166.125,99.95,26.95,2023,754.59,14.85,0.4,-0.33
2023-08-25,shigu,石鼓,Shigu,10.18,17.27,22.11,14.09,4.149160508492897,0.7,14391100.0,16366428.0,6212.4062,99.95,26.95,2023,753.4,15.55,0.37,0.42
2023-08-26,shigu,石鼓,Shigu,1.14,19.1,24.1,14.8,5.024249018190356,1.12,15923430.0,18100206.0,6219.3594,99.95,26.95,2023,751.95,14.06,0.24,1.07
2023-08-27,shigu,石鼓,Shigu,20.68,17.23,22.4,14.63,3.674433807511365,0.64,12540212.0,14247670.0,6237.078,99.95,26.95,2023,753.19,15.02,0.29,-0.1
2023-08-28,shigu,石鼓,Shigu,5.82,13.69,14.95,12.07,1.1027509571538416,0.93,3894502.0,4422518.0,6388.1875,99.95,26.95,2023,755.5,12.34,0.48,-0.78
2023-08-29,shigu,石鼓,Shigu,14.71,13.98,16.08,12.16,1.3582083321764975,0.69,4877732.0,5536370.0,6631.8906,99.95,26.95,2023,756.72,12.65,0.42,-0.52
2023-08-30,shigu,石鼓,Shigu,8.37,14.39,16.9,12.63,1.9625652875756827,0.79,7480730.0,8485026.0,6741.953,99.95,26.95,2023,758.23,13.92,0.4,-0.67
2023-08-31,shigu,石鼓,Shigu,6.56,16.14,19.6,12.93,3.0772299668413967,0.69,10723860.0,12159244.0,6784.6875,99.95,26.95,2023,756.97,13.96,0.55,-0.32
2023-09-01,shigu,石鼓,Shigu,22.87,15.76,19.2,13.47,2.5047080393708816,0.69,9045016.0,10250064.0,6801.5312,99.95,26.95,2023,757.09,14.8,0.19,-0.55
2023-09-02,shigu,石鼓,Shigu,3.63,15.35,19.89,11.28,3.4077659603461408,0.72,12138774.0,13751198.0,6874.7344,99.95,26.95,2023,758.25,12.93,0.0,-0.29
2023-09-03,shigu,石鼓,Shigu,0.28,17.68,22.63,12.01,5.8386611492426574,0.74,19307018.0,21860340.0,6873.0156,99.95,26.95,2023,757.18,11.82,0.08,-0.32
2023-09-04,shigu,石鼓,Shigu,0.0,18.41,23.82,12.73,6.721582964923482,0.88,21480750.0,24310126.0,6585.047,99.95,26.95,2023,757.31,10.02,0.25,-0.42
2023-09-05,shigu,石鼓,Shigu,1.15,18.04,23.7,12.52,6.246331030678219,0.75,20563348.0,23260170.0,6145.5,99.95,26.95,2023,757.9,11.95,0.41,-0.33
2023-09-06,shigu,石鼓,Shigu,5.69,16.53,22.32,12.55,4.925208911668137,0.64,17180190.0,19424288.0,5720.2734,99.95,26.95,2023,758.82,13.55,0.2,-0.1
2023-09-07,shigu,石鼓,Shigu,4.17,16.34,21.35,12.46,4.361291518120194,0.61,15410832.0,17415462.0,5364.008000000002,99.95,26.95,2023,758.87,14.32,0.18,-0.18
2023-09-08,shigu,石鼓,Shigu,12.98,16.83,21.95,13.31,4.761990489148583,0.59,16671814.0,18831638.0,5117.0625,99.95,26.95,2023,757.86,14.81,0.3,-0.13
2023-09-09,shigu,石鼓,Shigu,6.47,17.37,22.36,14.33,4.679395983443599,0.58,16240764.0,18335114.0,4917.133,99.95,26.95,2023,756.29,15.63,0.43,-0.28
2023-09-10,shigu,石鼓,Shigu,6.92,16.6,20.29,13.51,3.3567042702705163,0.65,11918618.0,13449224.0,4729.6875,99.95,26.95,2023,755.71,15.37,0.51,-0.25
2023-09-11,shigu,石鼓,Shigu,7.56,17.7,22.35,14.04,4.152153309993769,0.66,13988956.0,15777552.0,4603.6016,99.95,26.95,2023,754.31,14.61,0.37,0.28
2023-09-12,shigu,石鼓,Shigu,18.19,16.16,20.63,12.96,3.091935690672292,0.78,10962566.0,12356482.0,4531.3125,99.95,26.95,2023,756.32,14.27,0.28,-0.47
2023-09-13,shigu,石鼓,Shigu,1.03,14.18,17.56,9.77,2.900892952073886,0.77,10493200.0,11824246.0,4614.5547,99.95,26.95,2023,758.37,11.36,0.27,-0.33
2023-09-14,shigu,石鼓,Shigu,0.21,17.48,23.09,10.38,6.095781589461322,0.62,20500006.0,23087302.0,4768.8594,99.95,26.95,2023,757.4,12.02,0.22,-0.06
2023-09-15,shigu,石鼓,Shigu,2.62,17.51,23.05,12.75,5.280988651113824,0.55,17935996.0,20190386.0,4720.117,99.95,26.95,2023,757.76,13.88,0.22,0.04
2023-09-16,shigu,石鼓,Shigu,4.84,16.76,22.68,12.83,4.798374360629079,0.66,16794004.0,18898908.0,4518.7344,99.95,26.95,2023,757.82,14.07,0.25,0.17
2023-09-17,shigu,石鼓,Shigu,1.59,17.82,22.97,13.53,4.757080501275638,0.78,15800816.0,17775772.0,4287.8516,99.95,26.95,2023,756.7,13.28,0.3,0.3
2023-09-18,shigu,石鼓,Shigu,3.07,16.79,21.37,13.41,3.7488854202764297,0.66,13236500.0,14887624.0,4074.1875,99.95,26.95,2023,757.36,15.16,0.49,0.18
2023-09-19,shigu,石鼓,Shigu,0.77,17.87,23.35,13.7,4.468441950619484,0.82,14763734.0,16599426.0,3880.7344,99.95,26.95,2023,757.29,13.4,0.26,0.63
2023-09-20,shigu,石鼓,Shigu,2.43,17.82,23.04,14.01,5.003152168259462,0.73,16829484.0,18917018.0,3713.9297,99.95,26.95,2023,757.34,13.78,0.15,0.65
2023-09-21,shigu,石鼓,Shigu,3.25,17.12,22.08,13.88,4.322444876578621,0.77,14977828.0,16830566.0,3597.789,99.95,26.95,2023,757.48,14.3,0.35,0.57
2023-09-22,shigu,石鼓,Shigu,1.28,17.84,22.79,13.22,4.537957358546834,1.01,14926946.0,16768718.0,3523.6094,99.95,26.95,2023,756.68,13.07,0.23,0.95
2023-09-23,shigu,石鼓,Shigu,0.37,18.08,23.23,12.61,4.543824484439322,1.08,14623696.0,16423058.0,3483.8672,99.95,26.95,2023,756.61,12.69,0.2,1.0
2023-09-24,shigu,石鼓,Shigu,1.29,17.93,23.3,12.64,4.651723224881387,0.76,15362995.0,17248526.0,3453.2656,99.95,26.95,2023,756.42,13.21,0.12,0.61
2023-09-25,shigu,石鼓,Shigu,11.29,17.0,22.58,13.06,4.160337672736904,0.7,14224130.0,15964235.0,3409.9375,99.95,26.95,2023,757.26,13.5,0.24,0.18
2023-09-26,shigu,石鼓,Shigu,6.61,15.62,20.51,12.92,3.445978859816244,0.69,12543992.0,14073270.0,3354.8594,99.95,26.95,2023,758.25,14.05,0.43,-0.12
2023-09-27,shigu,石鼓,Shigu,13.24,15.51,19.85,12.78,3.8893818530941378,0.68,14151074.0,15873242.0,3313.289,99.95,26.95,2023,758.48,13.59,0.54,-0.23
2023-09-28,shigu,石鼓,Shigu,5.51,15.66,20.48,12.93,3.5155533648747874,0.66,12855683.0,14416087.0,3307.4766,99.95,26.95,2023,759.16,14.38,0.55,-0.25
2023-09-29,shigu,石鼓,Shigu,10.56,15.59,19.96,13.1,3.584723709992487,0.67,13206741.0,14805293.0,3298.586,99.95,26.95,2023,759.62,14.5,0.56,-0.2
2023-09-30,shigu,石鼓,Shigu,7.14,15.92,20.58,13.13,3.552009573888673,0.64,12859603.0,14412006.0,3259.9688,99.95,26.95,2023,758.2,14.49,0.4,0.14
2023-10-01,shigu,石鼓,Shigu,12.67,16.83,21.92,13.52,4.186977256488984,0.78,14807872.0,16590811.0,3196.6328,99.95,26.95,2023,756.92,14.59,0.42,0.41
2023-10-02,shigu,石鼓,Shigu,8.21,16.77,22.09,13.73,3.823254524876607,0.77,13598719.0,15231926.0,3127.0781,99.95,26.95,2023,757.85,14.93,0.3,0.49
2023-10-03,shigu,石鼓,Shigu,2.83,16.66,21.38,13.09,3.7148886406219135,0.85,13251877.0,14839125.0,3043.789,99.95,26.95,2023,758.14,14.7,0.26,0.65
2023-10-04,shigu,石鼓,Shigu,1.49,17.55,22.64,13.66,4.202869723687503,0.84,14295808.0,16003484.0,2936.9453,99.95,26.95,2023,757.56,14.16,0.27,0.57
2023-10-05,shigu,石鼓,Shigu,1.07,17.2,22.46,13.38,4.2228013813510366,0.96,14516155.0,16245496.0,2822.9062,99.95,26.95,2023,756.29,13.77,0.29,0.85
2023-10-06,shigu,石鼓,Shigu,2.09,17.66,22.0,13.81,4.256960637882556,0.86,14040892.0,15708582.0,2729.0469,99.95,26.95,2023,756.24,12.89,0.35,0.71
2023-10-07,shigu,石鼓,Shigu,13.36,13.71,17.87,11.26,2.372630810982356,0.71,9108584.0,10185699.0,2669.7969,99.95,26.95,2023,758.63,12.64,0.34,-0.59
2023-10-08,shigu,石鼓,Shigu,3.76,12.84,15.15,11.27,1.6338714858420529,0.92,6340887.0,7088603.0,2682.2344,99.95,26.95,2023,759.26,11.64,0.71,-0.58
2023-10-09,shigu,石鼓,Shigu,11.5,14.27,18.02,12.49,2.6721082538118406,0.64,10129739.0,11321412.0,2788.0625,99.95,26.95,2023,760.15,13.3,0.54,-0.17
2023-10-10,shigu,石鼓,Shigu,8.86,13.42,16.8,12.01,2.381104634876335,0.79,9216468.0,10297236.0,2931.6484,99.95,26.95,2023,760.39,12.17,0.6,-0.28
2023-10-11,shigu,石鼓,Shigu,6.28,14.22,18.07,12.12,2.9897748112109817,0.8,11203270.0,12514384.0,3091.7578,99.95,26.95,2023,759.45,12.24,0.54,0.35
2023-10-12,shigu,石鼓,Shigu,9.5,13.98,17.69,10.81,2.46553367631868,0.8,9091802.0,10152862.0,3206.211,99.95,26.95,2023,760.4,11.73,0.52,0.47
2023-10-13,shigu,石鼓,Shigu,2.26,13.68,17.41,10.24,3.0058443147805995,0.61,10952110.0,12227428.0,3211.336,99.95,26.95,2023,759.25,10.16,0.38,0.33
2023-10-14,shigu,石鼓,Shigu,1.42,12.73,17.19,9.51,3.1756196351408685,0.51,12085596.0,13487442.0,3136.1953,99.95,26.95,2023,758.54,10.06,0.24,-0.08
2023-10-15,shigu,石鼓,Shigu,1.32,12.96,17.67,9.56,3.499022649133777,0.65,13101586.0,14619126.0,3058.6562,99.95,26.95,2023,758.49,9.15,0.4,0.17
2023-10-16,shigu,石鼓,Shigu,0.25,13.91,19.42,7.32,3.913763892801773,0.95,13480278.0,15038890.0,2964.9531,99.95,26.95,2023,759.08,6.94,0.06,0.9
2023-10-17,shigu,石鼓,Shigu,0.0,14.26,19.96,7.37,4.728440235263144,0.92,16334976.0,18219600.0,2840.0781,99.95,26.95,2023,758.87,6.13,0.01,0.87
2023-10-18,shigu,石鼓,Shigu,0.0,14.38,19.91,8.42,5.301569804964653,1.01,18283236.0,20389700.0,2696.2344,99.95,26.95,2023,758.62,5.33,-0.01,0.97
2023-10-19,shigu,石鼓,Shigu,0.58,14.86,20.08,8.17,5.191913262698491,0.75,17957186.0,20022310.0,2546.5078,99.95,26.95,2023,759.77,6.54,0.0,0.5
2023-10-20,shigu,石鼓,Shigu,9.91,11.76,17.21,7.89,3.2390239369548035,0.75,13164300.0,14675176.0,2404.5078,99.95,26.95,2023,761.39,10.15,0.45,-0.15
2023-10-21,shigu,石鼓,Shigu,0.3,13.81,19.84,8.03,4.711017879852928,1.03,16164364.0,18016346.0,2281.125,99.95,26.95,2023,760.82,4.78,0.06,0.91
2023-10-22,shigu,石鼓,Shigu,0.0,13.09,18.96,6.48,5.344099545492031,1.1,18656950.0,20791036.0,2170.961,99.95,26.95,2023,760.83,2.18,-0.08,1.06
2023-10-23,shigu,石鼓,Shigu,0.0,14.15,19.49,6.14,5.356337615889311,1.0,18379982.0,20478760.0,2068.0547,99.95,26.95,2023,759.98,4.03,-0.14,0.97
2023-10-24,shigu,石鼓,Shigu,3.61,12.31,15.61,8.52,2.0671731652657046,0.67,7534690.0,8393644.0,1970.8359,99.95,26.95,2023,760.49,8.78,0.0,0.64
2023-10-25,shigu,石鼓,Shigu,0.95,13.72,17.69,8.21,3.1349832087816685,0.72,11286292.0,12570344.0,1883.3438,99.95,26.95,2023,759.77,9.46,0.06,0.63
2023-10-26,shigu,石鼓,Shigu,1.12,13.94,18.85,8.57,3.490868025435487,1.01,12309688.0,13707384.0,1811.1875,99.95,26.95,2023,758.74,8.81,0.45,0.68
2023-10-27,shigu,石鼓,Shigu,0.08,13.21,18.52,6.27,3.9183245784590457,0.97,13550628.0,15087152.0,1770.3438,99.95,26.95,2023,758.59,5.34,0.06,0.9
2023-10-28,shigu,石鼓,Shigu,0.0,12.57,18.05,6.12,4.3425256412739,1.04,15260458.0,16987516.0,1750.5703,99.95,26.95,2023,758.92,3.53,-0.23,0.95
2023-10-29,shigu,石鼓,Shigu,0.12,13.56,18.38,7.16,4.7083012547928025,0.63,16965558.0,18881644.0,1729.5,99.95,26.95,2023,760.95,6.15,0.22,-0.24
2023-10-30,shigu,石鼓,Shigu,0.13,13.67,18.46,8.73,4.000160261873571,0.79,13921998.0,15492036.0,1699.0078,99.95,26.95,2023,761.84,6.03,0.38,0.25
2023-10-31,shigu,石鼓,Shigu,0.0,13.63,19.49,7.58,4.8983178198492014,0.84,17070660.0,18991592.0,1656.8984,99.95,26.95,2023,761.96,3.9,-0.21,0.75
2023-11-01,shigu,石鼓,Shigu,0.0,13.23,19.42,5.85,4.952769523687519,1.03,17168312.0,19096596.0,1607.2266,99.95,26.95,2023,760.48,2.88,-0.16,0.97
2023-11-02,shigu,石鼓,Shigu,0.0,12.61,19.02,5.7,4.717351614141615,1.2,16239498.0,18059968.0,1555.9219,99.95,26.95,2023,758.15,1.96,-0.16,1.14
2023-11-03,shigu,石鼓,Shigu,0.0,12.47,18.78,5.44,4.893054560020588,1.26,17112860.0,19028064.0,1506.2812,99.95,26.95,2023,757.0,2.08,-0.17,1.21
2023-11-04,shigu,石鼓,Shigu,0.1,11.63,18.06,4.97,4.2862685013410005,1.48,15491374.0,17222096.0,1460.9453,99.95,26.95,2023,757.05,3.43,-0.11,1.41
2023-11-05,shigu,石鼓,Shigu,0.0,11.47,17.19,4.11,4.105257902055799,1.11,14846820.0,16502404.0,1422.5078,99.95,26.95,2023,759.44,2.73,-0.32,1.02
2023-11-06,shigu,石鼓,Shigu,0.02,11.63,17.46,5.1,4.389211192830457,1.03,15729804.0,17480376.0,1392.0547,99.95,26.95,2023,759.8,1.57,0.01,0.93
2023-11-07,shigu,石鼓,Shigu,0.0,11.31,17.13,4.79,4.627789234670719,1.08,16657458.0,18507744.0,1367.4297,99.95,26.95,2023,758.32,0.22,-0.2,1.04
2023-11-08,shigu,石鼓,Shigu,0.0,11.01,16.99,4.69,4.6340277155678935,1.24,16673362.0,18521984.0,1344.5391,99.95,26.95,2023,757.21,-0.15,-0.11,1.2
2023-11-09,shigu,石鼓,Shigu,0.0,11.25,16.86,4.66,4.327960479737788,1.02,15538410.0,17258164.0,1319.7109,99.95,26.95,2023,758.49,0.59,-0.01,0.95
2023-11-10,shigu,石鼓,Shigu,0.0,11.42,17.43,5.06,4.364755974967232,1.11,15672902.0,17404098.0,1293.8047,99.95,26.95,2023,759.56,1.39,-0.19,1.05
2023-11-11,shigu,石鼓,Shigu,0.0,12.15,18.35,5.16,4.441421273077147,0.82,15950874.0,17709572.0,1268.7852,99.95,26.95,2023,760.63,2.21,-0.02,0.76
2023-11-12,shigu,石鼓,Shigu,0.0,12.05,18.28,5.11,4.348638510459153,0.92,15456646.0,17157480.0,1245.6289,99.95,26.95,2023,761.38,1.94,0.08,0.8
2023-11-13,shigu,石鼓,Shigu,0.0,11.46,17.73,3.2,4.404783377041784,0.95,15714690.0,17440836.0,1224.5586,99.95,26.95,2023,761.65,0.17,-0.14,0.89
2023-11-14,shigu,石鼓,Shigu,0.0,11.16,17.53,4.51,4.645124100711118,1.2,16203912.0,17980472.0,1204.9766,99.95,26.95,2023,760.45,-1.82,-0.23,1.15
2023-11-15,shigu,石鼓,Shigu,0.0,11.37,17.46,4.34,4.4037246713059455,1.17,15478544.0,17172276.0,1186.4258,99.95,26.95,2023,761.25,0.12,-0.27,1.11
2023-11-16,shigu,石鼓,Shigu,0.5,8.69,14.22,5.81,2.4538859315328705,0.94,9734856.0,10798236.0,1168.8047,99.95,26.95,2023,765.5,3.46,0.49,-0.66
2023-11-17,shigu,石鼓,Shigu,20.81,5.0,7.28,3.48,0.7482049021349894,0.59,3511066.0,3895516.0,1153.7422,99.95,26.95,2023,764.55,3.79,0.37,-0.41
2023-11-18,shigu,石鼓,Shigu,7.21,4.43,5.85,3.66,0.5367025955683739,0.64,2451300.0,3033536.0,1157.3086,99.95,26.95,2023,762.25,4.1,-0.27,0.16
2023-11-19,shigu,石鼓,Shigu,0.03,6.94,13.14,0.96,2.3382769739850664,0.82,9665624.0,11512820.0,1184.5078,99.95,26.95,2023,761.47,3.35,-0.52,0.62
2023-11-20,shigu,石鼓,Shigu,0.0,8.2,15.47,0.99,3.5359780485506183,0.98,14256384.0,16399972.0,1207.1328,99.95,26.95,2023,759.79,1.73,-0.5,0.82
2023-11-21,shigu,石鼓,Shigu,0.0,9.64,16.21,1.0,3.705883885256848,1.18,14448652.0,16316484.0,1206.3359,99.95,26.95,2023,756.86,3.02,-0.45,1.05
2023-11-22,shigu,石鼓,Shigu,0.5,9.74,15.75,2.04,3.554589359586512,0.75,13817464.0,15447880.0,1187.1094,99.95,26.95,2023,758.11,2.42,-0.33,0.51
2023-11-23,shigu,石鼓,Shigu,1.49,7.71,13.51,1.54,2.880104957209128,0.61,12595976.0,14023428.0,1161.5352,99.95,26.95,2023,759.88,4.24,-0.19,0.08
2023-11-24,shigu,石鼓,Shigu,0.03,9.09,14.64,2.97,3.3248323991418025,0.98,12694772.0,14105676.0,1136.1875,99.95,26.95,2023,759.31,0.64,-0.02,0.86
2023-11-25,shigu,石鼓,Shigu,0.0,8.81,14.44,3.46,3.800408080735368,1.19,14982500.0,16633880.0,1112.3984,99.95,26.95,2023,760.92,0.34,-0.6,0.99
2023-11-26,shigu,石鼓,Shigu,0.0,8.52,15.06,2.27,3.8556500204275377,0.78,15230434.0,16902000.0,1090.8789,99.95,26.95,2023,763.02,-2.1,-0.57,0.49
2023-11-27,shigu,石鼓,Shigu,0.0,8.66,15.15,2.22,3.893739636706817,0.81,15068634.0,16719304.0,1071.7695,99.95,26.95,2023,761.65,-3.17,-0.43,0.65
2023-11-28,shigu,石鼓,Shigu,0.0,9.42,16.32,2.85,3.766857674506257,0.99,14361568.0,15933480.0,1055.0508,99.95,26.95,2023,758.44,0.01,-0.17,0.93
2023-11-29,shigu,石鼓,Shigu,0.0,10.81,16.82,3.08,3.7977991481426914,0.84,13821414.0,15333512.0,1040.9062,99.95,26.95,2023,758.89,0.84,-0.13,0.79
2023-11-30,shigu,石鼓,Shigu,0.0,10.89,17.16,4.56,3.902890287880901,0.86,14232250.0,15788756.0,1029.5234,99.95,26.95,2023,760.11,0.97,0.03,0.78
2023-12-01,shigu,石鼓,Shigu,0.0,10.41,16.59,4.12,3.8806048875073778,1.12,14162024.0,15710864.0,1019.46875,99.95,26.95,2023,759.45,0.82,-0.15,1.08
2023-12-02,shigu,石鼓,Shigu,0.01,9.36,16.46,2.42,3.4881833989942903,1.42,13537452.0,15017784.0,1009.22656,99.95,26.95,2023,759.44,2.31,-0.32,1.32
2023-12-03,shigu,石鼓,Shigu,0.61,7.94,14.26,1.91,2.6680216498651235,1.26,11362736.0,12605660.0,999.9844,99.95,26.95,2023,759.28,3.57,-0.42,1.16
2023-12-04,shigu,石鼓,Shigu,0.0,8.46,14.91,2.06,3.4092462817753053,1.28,13245368.0,14694080.0,994.3828,99.95,26.95,2023,757.87,0.16,-0.39,1.2
2023-12-05,shigu,石鼓,Shigu,0.0,8.25,14.7,1.46,3.360972943234319,1.5,13847452.0,15361740.0,989.28906,99.95,26.95,2023,757.86,1.94,-0.56,1.38
2023-12-06,shigu,石鼓,Shigu,3.88,7.24,11.27,1.62,1.654260420266811,0.45,7190124.0,7976360.0,981.5703,99.95,26.95,2023,761.21,4.62,0.06,-0.2
2023-12-07,shigu,石鼓,Shigu,7.91,7.73,10.24,5.54,1.156617545433896,0.7,5042778.0,5593728.0,974.0,99.95,26.95,2023,758.13,6.26,-0.08,0.67
2023-12-08,shigu,石鼓,Shigu,2.09,6.75,9.47,4.97,1.1196242453638483,1.07,4885652.0,5421632.0,974.5156,99.95,26.95,2023,756.12,4.82,-0.3,1.0
2023-12-09,shigu,石鼓,Shigu,0.07,8.0,14.19,2.2,2.105734875072633,1.38,8381784.0,9299364.0,984.96875,99.95,26.95,2023,755.41,3.56,-0.33,1.31
2023-12-10,shigu,石鼓,Shigu,0.0,7.82,13.99,2.26,3.053782056113918,1.33,12590412.0,13967816.0,990.8281,99.95,26.95,2023,755.35,1.63,-0.43,1.24
2023-12-11,shigu,石鼓,Shigu,0.0,7.64,13.83,1.75,3.0632902228412853,0.97,12657570.0,14041808.0,986.5781,99.95,26.95,2023,757.79,0.85,-0.3,0.9
2023-12-12,shigu,石鼓,Shigu,0.06,7.93,13.4,2.06,3.0702247057464094,1.11,12468872.0,13831976.0,974.6797,99.95,26.95,2023,757.25,1.12,0.31,0.88
2023-12-13,shigu,石鼓,Shigu,0.14,8.4,13.88,0.67,3.34554474314125,1.15,13053816.0,14480700.0,959.84375,99.95,26.95,2023,756.11,0.06,0.21,1.08
2023-12-14,shigu,石鼓,Shigu,0.45,6.39,12.01,-0.12,2.8029218390553665,1.39,11625014.0,12923364.0,947.41406,99.95,26.95,2023,757.34,-0.63,-0.14,1.32
2023-12-15,shigu,石鼓,Shigu,0.0,6.21,12.76,-0.37,3.1524123016418053,1.12,13678440.0,15192204.0,939.7656,99.95,26.95,2023,758.19,-1.02,-0.44,1.0
2023-12-16,shigu,石鼓,Shigu,0.0,7.03,13.06,1.1,2.992002139274125,1.01,12755668.0,14160900.0,931.25,99.95,26.95,2023,757.52,0.78,0.07,0.9
2023-12-17,shigu,石鼓,Shigu,0.0,6.19,13.04,0.79,2.820015989468076,1.47,12349388.0,13708200.0,921.2656,99.95,26.95,2023,756.78,0.33,-0.32,1.41
2023-12-18,shigu,石鼓,Shigu,0.0,6.74,13.71,0.42,3.1981228471979586,1.51,13033640.0,14468112.0,911.03906,99.95,26.95,2023,756.93,-1.45,-0.42,1.43
2023-12-19,shigu,石鼓,Shigu,0.0,6.99,13.45,1.3,3.5228045127881766,1.28,14122768.0,15678208.0,901.33594,99.95,26.95,2023,758.69,-3.06,-0.59,1.1
2023-12-20,shigu,石鼓,Shigu,0.0,6.98,13.16,1.51,3.4232707344859588,0.74,14238326.0,15808364.0,892.39844,99.95,26.95,2023,759.71,-2.69,-0.22,0.5
2023-12-21,shigu,石鼓,Shigu,0.0,7.63,13.85,1.39,3.46583704880902,0.55,14286160.0,15863708.0,883.9453,99.95,26.95,2023,759.64,-2.0,0.01,0.35
2023-12-22,shigu,石鼓,Shigu,0.0,7.33,12.81,2.66,2.971917349238846,0.96,11842680.0,13151132.0,876.0156,99.95,26.95,2023,760.24,-1.25,-0.18,0.85
2023-12-23,shigu,石鼓,Shigu,0.08,7.49,12.94,2.52,2.8044096417749707,0.57,11460414.0,12728912.0,868.625,99.95,26.95,2023,761.94,-0.62,-0.16,0.49
2023-12-24,shigu,石鼓,Shigu,2.87,6.68,12.11,2.55,2.0301452641430595,0.64,8774080.0,9745692.0,861.6797,99.95,26.95,2023,761.58,2.46,0.26,0.15
2023-12-25,shigu,石鼓,Shigu,1.16,5.91,10.53,1.98,2.247459857651481,0.85,10233576.0,11399636.0,855.1328,99.95,26.95,2023,758.74,2.15,0.02,0.81
2023-12-26,shigu,石鼓,Shigu,0.0,6.42,12.39,2.09,2.5240834590261154,0.77,10590858.0,11782428.0,848.8594,99.95,26.95,2023,759.92,-0.5,-0.06,0.59
2023-12-27,shigu,石鼓,Shigu,0.08,6.91,12.37,1.21,3.0060061921792816,1.01,12452498.0,13847908.0,842.625,99.95,26.95,2023,759.8,-0.67,-0.25,0.97
2023-12-28,shigu,石鼓,Shigu,0.0,6.81,12.19,1.68,3.1474562458871342,1.11,12846296.0,14284132.0,836.4531,99.95,26.95,2023,758.74,-1.81,-0.2,1.07
2023-12-29,shigu,石鼓,Shigu,0.0,6.45,12.06,1.58,3.184014107040932,0.98,13511350.0,15024012.0,830.3672,99.95,26.95,2023,758.91,-1.57,-0.38,0.87
2023-12-30,shigu,石鼓,Shigu,0.0,6.49,12.03,1.65,3.233486880495392,0.74,13527602.0,15043668.0,824.34375,99.95,26.95,2023,758.31,-3.28,-0.07,0.6
2023-12-31,shigu,石鼓,Shigu,0.0,6.56,12.38,1.75,3.4396207423449527,0.93,14309564.0,15915936.0,818.34375,99.95,26.95,2023,757.56,-3.34,-0.15,0.87
2024-01-01,shigu,石鼓,Shigu,0.0,6.49,11.65,1.68,3.19420668235048,1.16,12828384.0,14270920.0,812.39844,99.95,26.95,2024,756.54,-3.44,-0.21,1.11
2024-01-02,shigu,石鼓,Shigu,0.41,5.63,10.64,1.37,3.1188883934871234,1.07,13564254.0,15092156.0,806.53906,99.95,26.95,2024,757.39,-2.47,-0.35,0.98
2024-01-03,shigu,石鼓,Shigu,0.03,6.1,11.49,1.34,3.2308762120424728,1.08,12977980.0,14442508.0,800.7578,99.95,26.95,2024,756.71,-5.21,-0.09,1.02
2024-01-04,shigu,石鼓,Shigu,0.01,5.91,10.92,1.7,3.2862699100789614,1.44,12962424.0,14427716.0,794.9922,99.95,26.95,2024,755.98,-5.28,-0.37,1.37
2024-01-05,shigu,石鼓,Shigu,0.0,5.82,11.26,1.31,3.3447096418941333,1.2,13771224.0,15330456.0,789.22656,99.95,26.95,2024,757.32,-4.91,-0.46,1.09
2024-01-06,shigu,石鼓,Shigu,0.0,6.15,11.82,1.31,3.4735779519116003,1.03,14307256.0,15929436.0,783.52344,99.95,26.95,2024,757.48,-5.07,0.04,0.94
2024-01-07,shigu,石鼓,Shigu,0.0,6.29,12.26,1.35,3.4891476604029017,1.26,14236400.0,15853084.0,777.8594,99.95,26.95,2024,757.14,-4.23,-0.41,1.17
2024-01-08,shigu,石鼓,Shigu,0.0,6.35,12.66,1.06,3.5747879802318887,1.07,14860012.0,16550100.0,772.2656,99.95,26.95,2024,756.81,-4.08,-0.27,0.99
2024-01-09,shigu,石鼓,Shigu,0.0,7.09,13.44,1.01,3.5999736060414804,0.6,14993248.0,16701196.0,766.71094,99.95,26.95,2024,756.47,-3.35,0.06,0.32
2024-01-10,shigu,石鼓,Shigu,0.0,7.08,12.91,1.61,3.3761139877987008,0.82,13834994.0,15413552.0,761.2422,99.95,26.95,2024,755.62,-2.54,0.18,0.63
2024-01-11,shigu,石鼓,Shigu,0.0,7.37,12.93,1.7,3.403017580440435,0.7,13833512.0,15414160.0,755.96875,99.95,26.95,2024,756.59,-2.77,-0.03,0.53
2024-01-12,shigu,石鼓,Shigu,0.0,7.78,13.66,2.01,3.52679235962107,0.56,14341436.0,15982968.0,750.65625,99.95,26.95,2024,757.1,-2.48,-0.18,0.42
2024-01-13,shigu,石鼓,Shigu,0.0,7.94,14.22,1.94,3.806552492816131,0.77,15089936.0,16820064.0,745.21875,99.95,26.95,2024,758.05,-3.71,-0.14,0.59
2024-01-14,shigu,石鼓,Shigu,0.0,8.35,14.84,2.09,3.8820495095163614,0.84,15203792.0,16949804.0,739.8125,99.95,26.95,2024,758.02,-2.84,0.27,0.58
2024-01-15,shigu,石鼓,Shigu,0.01,7.55,13.56,2.16,3.4962067446967438,1.16,13934020.0,15536848.0,734.6875,99.95,26.95,2024,757.12,-1.7,0.27,1.03
2024-01-16,shigu,石鼓,Shigu,1.29,6.33,11.57,1.44,3.2421445592440508,1.08,13703776.0,15283284.0,729.8906,99.95,26.95,2024,756.05,-1.96,0.11,1.01
2024-01-17,shigu,石鼓,Shigu,0.45,5.86,11.28,1.15,3.2346667560036027,1.25,13720274.0,15305084.0,724.9922,99.95,26.95,2024,755.08,-2.81,0.25,1.17
2024-01-18,shigu,石鼓,Shigu,0.03,5.78,11.29,1.31,3.64156205408244,1.4,14965812.0,16700388.0,719.7969,99.95,26.95,2024,754.66,-5.7,-0.08,1.36
2024-01-19,shigu,石鼓,Shigu,0.0,5.43,10.91,0.61,3.410249819709056,1.32,14190220.0,15837520.0,714.7422,99.95,26.95,2024,755.2,-5.46,-0.52,1.2
2024-01-20,shigu,石鼓,Shigu,0.0,6.22,12.47,0.48,3.7248015605225775,0.9,15779060.0,17613972.0,709.53906,99.95,26.95,2024,755.3,-4.47,0.35,0.69
2024-01-21,shigu,石鼓,Shigu,0.0,6.27,11.88,1.08,3.4594875091352124,1.21,13716576.0,15314352.0,704.21094,99.95,26.95,2024,754.63,-5.63,0.22,1.13
2024-01-22,shigu,石鼓,Shigu,0.07,5.14,10.12,1.24,2.719328297798755,0.64,11773196.0,13146312.0,699.02344,99.95,26.95,2024,757.0,-4.13,0.11,0.41
2024-01-23,shigu,石鼓,Shigu,0.0,6.49,11.87,1.15,3.4541946055158874,1.11,13944518.0,15574504.0,693.85156,99.95,26.95,2024,755.98,-4.36,0.6,0.83
2024-01-24,shigu,石鼓,Shigu,0.26,6.8,12.22,2.19,3.5747008812045262,1.35,13582612.0,15173880.0,688.7031,99.95,26.95,2024,755.87,-5.78,0.25,1.31
2024-01-25,shigu,石鼓,Shigu,1.35,4.85,9.45,2.13,2.334493774209128,1.07,10200418.0,11633780.0,683.9375,99.95,26.95,2024,757.13,-0.95,0.54,0.87
2024-01-26,shigu,石鼓,Shigu,1.43,4.99,10.15,0.9,3.1760483798179973,1.37,13738044.0,15564448.0,679.9453,99.95,26.95,2024,757.67,-3.53,0.25,1.27
2024-01-27,shigu,石鼓,Shigu,1.53,4.44,9.59,0.94,2.9817827336116296,1.15,13894714.0,15688272.0,676.1328,99.95,26.95,2024,757.41,-1.94,0.08,1.11
2024-01-28,shigu,石鼓,Shigu,0.73,3.96,9.27,-0.8,2.8752260742795523,1.31,13128560.0,14776968.0,671.4922,99.95,26.95,2024,757.2,-3.7,-0.02,1.24
2024-01-29,shigu,石鼓,Shigu,0.0,4.92,11.35,-1.32,3.6840906502458153,1.21,16278846.0,18276668.0,666.3281,99.95,26.95,2024,756.25,-5.38,-0.16,1.15
2024-01-30,shigu,石鼓,Shigu,0.03,5.14,10.91,0.11,3.258117776016635,1.58,13777488.0,15441908.0,661.125,99.95,26.95,2024,755.56,-4.26,-0.08,1.53
2024-01-31,shigu,石鼓,Shigu,0.06,4.68,10.72,-0.09,3.317426946561942,1.61,14668990.0,16429760.0,656.0,99.95,26.95,2024,755.93,-4.24,-0.22,1.55
2024-02-01,shigu,石鼓,Shigu,0.03,4.8,10.84,-0.12,3.3220956783868854,1.6,14686642.0,16445252.0,651.03125,99.95,26.95,2024,755.84,-3.95,-0.29,1.54
2024-02-02,shigu,石鼓,Shigu,1.67,5.27,10.5,0.73,3.3359155626277888,1.32,14932056.0,16730626.0,646.4219,99.95,26.95,2024,753.98,-2.44,0.28,1.25
2024-02-03,shigu,石鼓,Shigu,0.81,3.69,9.66,-0.62,2.8224400515224457,1.45,13098438.0,14889028.0,642.5781,99.95,26.95,2024,754.2,-3.3,0.05,1.39
2024-02-04,shigu,石鼓,Shigu,0.01,3.93,10.46,-0.73,3.2543544583131405,1.48,14819918.0,16731436.0,638.7656,99.95,26.95,2024,755.79,-4.96,-0.12,1.46
2024-02-05,shigu,石鼓,Shigu,1.92,4.74,8.9,-0.48,2.54497448646184,1.19,11624068.0,13081460.0,634.40625,99.95,26.95,2024,755.32,-0.81,0.12,1.17
2024-02-06,shigu,石鼓,Shigu,4.58,4.53,9.78,0.9,2.281248773465703,1.02,11025228.0,12477216.0,629.8281,99.95,26.95,2024,755.08,1.14,0.09,0.93
2024-02-07,shigu,石鼓,Shigu,1.42,3.64,9.78,-0.87,2.176578970004693,1.42,9883760.0,12101678.0,625.96875,99.95,26.95,2024,754.27,-0.42,-0.28,1.39
2024-02-08,shigu,石鼓,Shigu,0.08,4.38,10.52,-0.85,2.790187980098492,1.39,12114828.0,14226288.0,622.53125,99.95,26.95,2024,754.65,-2.52,0.03,1.32
2024-02-09,shigu,石鼓,Shigu,0.06,5.52,10.45,-0.17,3.0368995435270367,0.71,12981530.0,14893016.0,618.75,99.95,26.95,2024,759.55,-2.68,-0.19,0.55
2024-02-10,shigu,石鼓,Shigu,2.14,5.87,9.92,2.0,2.7522872851616307,0.61,12040106.0,13659200.0,615.0,99.95,26.95,2024,762.52,-0.04,-0.08,-0.11
2024-02-11,shigu,石鼓,Shigu,2.44,5.25,11.24,-1.42,2.7846804063946573,0.91,13308888.0,15105196.0,610.3125,99.95,26.95,2024,761.05,2.0,-0.02,0.75
2024-02-12,shigu,石鼓,Shigu,0.0,5.97,13.15,-1.52,4.003223474829254,1.47,17526734.0,19751492.0,604.96875,99.95,26.95,2024,759.26,-2.99,-0.39,1.4
2024-02-13,shigu,石鼓,Shigu,0.0,6.2,13.77,-0.61,4.128575633022357,1.38,18094434.0,20334124.0,599.6094,99.95,26.95,2024,758.55,-2.75,-0.43,1.29
2024-02-14,shigu,石鼓,Shigu,0.0,6.99,14.11,-0.36,4.2728533135507965,1.55,18312752.0,20559524.0,594.4844,99.95,26.95,2024,758.05,-1.75,-0.55,1.45
2024-02-15,shigu,石鼓,Shigu,1.12,7.36,13.87,0.95,3.6854182121582033,1.33,15922284.0,17872016.0,589.6875,99.95,26.95,2024,759.17,1.02,-0.05,1.26
2024-02-16,shigu,石鼓,Shigu,0.56,7.01,13.26,0.93,3.9085880666328032,1.48,16676926.0,18721332.0,585.8906,99.95,26.95,2024,757.36,-0.92,-0.33,1.43
2024-02-17,shigu,石鼓,Shigu,0.0,6.49,13.84,0.29,4.096714761648463,1.71,17904970.0,20104018.0,583.9844,99.95,26.95,2024,754.11,-1.9,-0.27,1.66
2024-02-18,shigu,石鼓,Shigu,0.0,6.62,14.5,-0.21,3.980688197552584,1.66,17630124.0,19800128.0,582.0781,99.95,26.95,2024,755.08,-0.75,-0.31,1.59
2024-02-19,shigu,石鼓,Shigu,0.01,7.07,14.76,0.31,3.8073706948301207,1.76,16411978.0,18436922.0,578.6094,99.95,26.95,2024,754.29,-0.1,-0.35,1.7
2024-02-20,shigu,石鼓,Shigu,0.14,6.98,14.57,-0.04,4.105744277035154,1.94,18131838.0,20373740.0,574.5,99.95,26.95,2024,752.12,-0.29,-0.21,1.91
2024-02-21,shigu,石鼓,Shigu,1.42,7.43,13.91,1.16,3.9262125920177295,1.54,17574590.0,19758350.0,571.9219,99.95,26.95,2024,753.46,1.91,0.16,1.51
2024-02-22,shigu,石鼓,Shigu,4.39,7.95,13.49,1.99,3.616481425914584,1.5,15602738.0,17574928.0,574.6094,99.95,26.95,2024,754.82,2.57,0.58,1.36
2024-02-23,shigu,石鼓,Shigu,10.25,6.05,10.22,3.48,1.4947823559993731,1.06,7235946.0,8314662.0,589.5625,99.95,26.95,2024,755.13,5.13,0.47,0.9
2024-02-24,shigu,石鼓,Shigu,0.77,7.03,13.1,0.78,3.6833595420978416,1.48,15691106.0,17876858.0,619.03125,99.95,26.95,2024,757.14,0.18,0.23,1.39
2024-02-25,shigu,石鼓,Shigu,0.27,6.41,12.7,-0.02,3.3813577286089336,1.67,15044202.0,17013744.0,646.8281,99.95,26.95,2024,757.09,0.44,0.18,1.56
2024-02-26,shigu,石鼓,Shigu,0.0,7.42,14.25,0.65,4.1972075537518085,1.73,17994358.0,20290130.0,659.0625,99.95,26.95,2024,757.51,-0.18,-0.42,1.66
2024-02-27,shigu,石鼓,Shigu,0.0,7.66,15.63,-0.2,4.3778145129389765,1.62,18783574.0,21158278.0,659.5781,99.95,26.95,2024,755.89,0.08,-0.37,1.55
2024-02-28,shigu,石鼓,Shigu,1.13,6.55,12.16,0.05,3.6086098726855855,1.57,16612440.0,18710098.0,650.8906,99.95,26.95,2024,754.5,1.28,0.05,1.49
2024-02-29,shigu,石鼓,Shigu,0.75,7.66,14.09,0.37,3.757468798792023,1.45,15763698.0,17757490.0,637.7969,99.95,26.95,2024,755.72,0.67,-0.07,1.38
2024-03-01,shigu,石鼓,Shigu,0.0,8.35,15.86,0.16,4.692895970481231,1.43,19524760.0,21997530.0,626.09375,99.95,26.95,2024,756.54,0.07,-0.46,1.33
2024-03-02,shigu,石鼓,Shigu,0.0,8.54,16.76,-0.26,4.8731994594309045,1.51,20200194.0,22763342.0,617.3906,99.95,26.95,2024,755.46,0.04,-0.32,1.43
2024-03-03,shigu,石鼓,Shigu,0.0,8.48,16.14,-0.18,4.510861283677124,1.98,19173318.0,21612008.0,608.78125,99.95,26.95,2024,753.57,1.44,-0.59,1.88
2024-03-04,shigu,石鼓,Shigu,0.21,9.67,16.41,2.53,4.04132091455554,1.76,16338258.0,18421588.0,598.1719,99.95,26.95,2024,753.28,3.65,-0.29,1.72
2024-03-05,shigu,石鼓,Shigu,0.29,9.16,15.94,2.77,3.8735744220626698,1.75,15361119.0,17323812.0,590.09375,99.95,26.95,2024,753.79,2.3,-0.16,1.69
2024-03-06,shigu,石鼓,Shigu,0.01,9.5,16.45,2.37,4.739117025266936,1.7,18461120.0,20825380.0,589.1406,99.95,26.95,2024,754.56,0.47,-0.42,1.62
2024-03-07,shigu,石鼓,Shigu,0.0,10.6,17.88,3.05,5.30382937152467,1.47,19672710.0,22197612.0,590.1406,99.95,26.95,2024,754.9,-0.38,-0.27,1.4
2024-03-08,shigu,石鼓,Shigu,0.03,9.78,17.01,2.55,5.051974968471043,1.84,18592980.0,20984790.0,587.9219,99.95,26.95,2024,755.13,-1.87,-0.19,1.76
2024-03-09,shigu,石鼓,Shigu,0.0,9.54,16.91,2.19,5.143216519406644,1.6,19528452.0,22046300.0,583.625,99.95,26.95,2024,755.72,-1.84,-0.33,1.52
2024-03-10,shigu,石鼓,Shigu,0.0,9.77,16.81,2.7,5.243761276905109,1.53,20046974.0,22637420.0,577.7969,99.95,26.95,2024,758.42,-1.11,-0.55,1.4
2024-03-11,shigu,石鼓,Shigu,0.0,12.92,20.2,3.44,6.155548418344266,1.21,21015584.0,23737248.0,569.375,99.95,26.95,2024,758.13,-1.32,0.57,0.73
2024-03-12,shigu,石鼓,Shigu,0.43,10.73,16.99,4.45,4.648603878649252,1.75,16995750.0,19202044.0,559.6094,99.95,26.95,2024,755.35,1.64,-0.18,1.69
2024-03-13,shigu,石鼓,Shigu,0.69,9.57,15.77,3.7,3.824811349541183,1.4,14903949.0,16843636.0,551.28125,99.95,26.95,2024,755.8,2.73,-0.36,1.32
2024-03-14,shigu,石鼓,Shigu,0.18,9.79,16.89,2.76,4.426954180793604,1.69,17094264.0,19323344.0,545.625,99.95,26.95,2024,755.37,1.74,-0.26,1.65
2024-03-15,shigu,石鼓,Shigu,0.01,10.25,18.04,2.11,4.932793206108563,1.88,18767918.0,21221302.0,542.71875,99.95,26.95,2024,757.12,1.29,-0.55,1.78
2024-03-16,shigu,石鼓,Shigu,0.0,11.9,19.8,1.95,5.965768934317634,1.62,21461604.0,24272110.0,541.0,99.95,26.95,2024,758.08,0.62,-0.39,1.54
2024-03-17,shigu,石鼓,Shigu,0.0,12.79,20.49,5.0,5.993331073984681,1.69,20659948.0,23370476.0,539.7656,99.95,26.95,2024,757.67,1.14,-0.25,1.62
2024-03-18,shigu,石鼓,Shigu,0.0,12.69,19.59,4.21,6.067132651119376,1.47,20767154.0,23496996.0,539.1094,99.95,26.95,2024,758.14,-0.43,-0.38,1.39
2024-03-19,shigu,石鼓,Shigu,0.57,12.22,19.28,5.52,5.40133571510028,1.48,18863064.0,21346908.0,539.5156,99.95,26.95,2024,759.54,1.33,0.01,1.37
2024-03-20,shigu,石鼓,Shigu,2.29,9.55,16.75,4.75,2.8201799911888155,1.33,11085096.0,12547988.0,540.375,99.95,26.95,2024,760.02,5.0,-0.22,1.23
2024-03-21,shigu,石鼓,Shigu,0.11,13.22,20.58,5.27,6.044546870673335,1.71,20976720.0,23749782.0,542.4219,99.95,26.95,2024,755.37,2.73,-0.37,1.65
2024-03-22,shigu,石鼓,Shigu,2.53,8.56,15.06,3.53,2.8782454803607576,1.34,11682086.0,13229042.0,549.59375,99.95,26.95,2024,751.28,3.73,0.07,1.31
2024-03-23,shigu,石鼓,Shigu,0.04,11.51,17.89,3.7,4.781351873491342,1.64,17077966.0,19344442.0,557.9844,99.95,26.95,2024,752.34,2.38,-0.02,1.62
2024-03-24,shigu,石鼓,Shigu,0.65,9.55,16.24,3.54,4.5613276838198935,1.61,18603246.0,21076246.0,562.8281,99.95,26.95,2024,755.96,2.94,-0.06,1.56
2024-03-25,shigu,石鼓,Shigu,0.03,13.5,21.24,3.82,6.215866594605718,1.15,21081776.0,23889716.0,566.5,99.95,26.95,2024,757.56,0.24,0.42,0.85
2024-03-26,shigu,石鼓,Shigu,0.46,12.47,19.28,5.54,5.454885122577955,1.65,19010824.0,21547432.0,570.0781,99.95,26.95,2024,758.32,2.23,0.4,1.55
2024-03-27,shigu,石鼓,Shigu,0.2,10.34,17.49,2.7,5.131223928546628,1.65,19918980.0,22582164.0,573.34375,99.95,26.95,2024,758.5,1.92,-0.27,1.6
2024-03-28,shigu,石鼓,Shigu,0.43,12.26,20.0,3.29,5.944794423110558,0.88,21630792.0,24527894.0,575.4375,99.95,26.95,2024,757.73,1.7,-0.01,0.76
2024-03-29,shigu,石鼓,Shigu,1.02,12.47,20.08,5.88,5.273816269826062,1.35,19215658.0,21794106.0,574.0,99.95,26.95,2024,755.82,4.49,-0.02,1.33
2024-03-30,shigu,石鼓,Shigu,0.09,13.81,20.8,6.38,4.485514013478191,1.49,14807968.0,16798238.0,572.46875,99.95,26.95,2024,755.92,5.57,-0.3,1.45
2024-03-31,shigu,石鼓,Shigu,0.94,12.77,20.31,7.81,4.12957970968921,1.36,14875518.0,16879622.0,573.1094,99.95,26.95,2024,754.08,6.86,0.13,1.35
