model,recall,precision
元学习全候选,1.0,0.01346409574468085
元学习全候选,1.0,0.013466334164588529
元学习全候选,1.0,0.013468573328899235
元学习全候选,1.0,0.013470813237984366
元学习全候选,1.0,0.01347305389221557
元学习全候选,1.0,0.013475295291964732
元学习全候选,1.0,0.013477537437603994
元学习全候选,1.0,0.01347978032950574
元学习全候选,1.0,0.01348202396804261
元学习全候选,1.0,0.013484268353587481
元学习全候选,1.0,0.013486513486513486
元学习全候选,1.0,0.013488759367194006
元学习全候选,1.0,0.013491005996002664
元学习全候选,1.0,0.013493253373313344
元学习全候选,1.0,0.013495501499500167
元学习全候选,1.0,0.013497750374937511
元学习全候选,1.0,0.0135
元学习全候选,1.0,0.013502250375062511
元学习全候选,1.0,0.013504501500500166
元学习全候选,1.0,0.013506753376688344
元学习全候选,1.0,0.013509006004002668
元学习全候选,1.0,0.013511259382819015
元学习全候选,1.0,0.013513513513513514
元学习全候选,1.0,0.013515768396462539
元学习全候选,1.0,0.013518024032042724
元学习全候选,1.0,0.013520280420630946
元学习全候选,1.0,0.013522537562604341
元学习全候选,1.0,0.01352479545834029
元学习全候选,1.0,0.013527054108216433
元学习全候选,1.0,0.013529313512610656
元学习全候选,1.0,0.013531573671901102
元学习全候选,1.0,0.013533834586466165
元学习全候选,1.0,0.013536096256684492
元学习全候选,1.0,0.013538358682934983
元学习全候选,1.0,0.01354062186559679
元学习全候选,1.0,0.013542885805049323
元学习全候选,1.0,0.01354515050167224
元学习全候选,1.0,0.013547415955845458
元学习全候选,1.0,0.013549682167949146
元学习全候选,1.0,0.013551949138363727
元学习全候选,1.0,0.01355421686746988
元学习全候选,1.0,0.013556485355648535
元学习全候选,1.0,0.013558754603280885
元学习全候选,1.0,0.013561024610748368
元学习全候选,1.0,0.013563295378432686
元学习全候选,1.0,0.013565566906715794
元学习全候选,1.0,0.013567839195979899
元学习全候选,1.0,0.013570112246607473
元学习全候选,1.0,0.013572386058981234
元学习全候选,1.0,0.013574660633484163
元学习全候选,1.0,0.013576935970499497
元学习全候选,1.0,0.01357921207041073
元学习全候选,1.0,0.01358148893360161
元学习全候选,1.0,0.013583766560456146
元学习全候选,1.0,0.013586044951358605
元学习全候选,1.0,0.013588324106693507
元学习全候选,1.0,0.013590604026845638
元学习全候选,1.0,0.013592884712200033
元学习全候选,1.0,0.013595166163141994
元学习全候选,1.0,0.013597448380057076
元学习全候选,1.0,0.013599731363331095
元学习全候选,1.0,0.013602015113350126
元学习全候选,1.0,0.013604299630500504
元学习全候选,1.0,0.013606584915168822
元学习全候选,1.0,0.013608870967741936
元学习全候选,1.0,0.013611157788606956
元学习全候选,1.0,0.01361344537815126
元学习全候选,1.0,0.01361573373676248
元学习全候选,1.0,0.013618022864828513
元学习全候选,1.0,0.013620312762737515
元学习全候选,1.0,0.013622603430877902
元学习全候选,1.0,0.013624894869638351
元学习全候选,1.0,0.013627187079407806
元学习全候选,1.0,0.013629480060575468
元学习全候选,1.0,0.013631773813530798
元学习全候选,1.0,0.013634068338663525
元学习全候选,1.0,0.013636363636363636
元学习全候选,1.0,0.013638659707021383
元学习全候选,1.0,0.013640956551027282
元学习全候选,1.0,0.013643254168772108
元学习全候选,1.0,0.0136455525606469
元学习全候选,1.0,0.013647851727042965
元学习全候选,1.0,0.013650151668351871
元学习全候选,1.0,0.013652452384965447
元学习全候选,1.0,0.013654753877275792
元学习全候选,1.0,0.013657056145675266
元学习全候选,1.0,0.013659359190556492
元学习全候选,1.0,0.013661663012312362
元学习全候选,1.0,0.013663967611336033
元学习全候选,1.0,0.01366627298802092
元学习全候选,1.0,0.013668579142760715
元学习全候选,1.0,0.013670886075949367
元学习全候选,1.0,0.013673193787981094
元学习全候选,1.0,0.01367550227925038
元学习全候选,1.0,0.013677811550151976
元学习全候选,1.0,0.013680121601080899
元学习全候选,1.0,0.013682432432432433
元学习全候选,1.0,0.013684744044602128
元学习全候选,1.0,0.013687056437985807
元学习全候选,1.0,0.01368936961297955
元学习全候选,1.0,0.013691683569979716
元学习全候选,1.0,0.013693998309382924
元学习全候选,1.0,0.013696313831586067
元学习全候选,1.0,0.0136986301369863
元学习全候选,1.0,0.013700947225981055
元学习全候选,1.0,0.013703265098968026
元学习全候选,1.0,0.013705583756345178
元学习全候选,1.0,0.013707903198510746
元学习全候选,1.0,0.013710223425863236
元学习全候选,1.0,0.013712544438801422
元学习全候选,1.0,0.013714866237724348
元学习全候选,1.0,0.013717188823031329
元学习全候选,1.0,0.013719512195121951
元学习全候选,1.0,0.01372183635439607
元学习全候选,1.0,0.013724161301253812
元学习全候选,1.0,0.013726487036095577
元学习全候选,1.0,0.013728813559322034
元学习全候选,1.0,0.013731140871334124
元学习全候选,1.0,0.013733468972533061
元学习全候选,1.0,0.013735797863320333
元学习全候选,1.0,0.013738127544097693
元学习全候选,1.0,0.013740458015267175
元学习全候选,1.0,0.013742789277231082
元学习全候选,1.0,0.01374512133039199
元学习全候选,1.0,0.01374745417515275
元学习全候选,1.0,0.013749787811916483
元学习全候选,1.0,0.013752122241086587
元学习全候选,1.0,0.013754457463066735
元学习全候选,1.0,0.01375679347826087
元学习全候选,1.0,0.013759130287073212
元学习全候选,1.0,0.013761467889908258
元学习全候选,1.0,0.013763806287170773
元学习全候选,1.0,0.013766145479265806
元学习全候选,1.0,0.013768485466598673
元学习全候选,1.0,0.013770826249574975
元学习全候选,1.0,0.013773167828600578
元学习全候选,1.0,0.013775510204081633
元学习全候选,1.0,0.013777853376424561
元学习全候选,1.0,0.013780197346036067
元学习全候选,1.0,0.013782542113323124
元学习全候选,1.0,0.013784887678692988
元学习全候选,1.0,0.01378723404255319
元学习全候选,1.0,0.013789581205311542
元学习全候选,1.0,0.013791929167376128
元学习全候选,1.0,0.013794277929155314
元学习全候选,1.0,0.013796627491057742
元学习全候选,1.0,0.013798977853492335
元学习全候选,1.0,0.01380132901686829
元学习全候选,1.0,0.013803680981595092
元学习全候选,1.0,0.013806033748082496
元学习全候选,1.0,0.013808387316740538
元学习全候选,1.0,0.01381074168797954
元学习全候选,1.0,0.013813096862210095
元学习全候选,1.0,0.013815452839843085
元学习全候选,1.0,0.013817809621289662
元学习全候选,1.0,0.013820167206961269
元学习全候选,1.0,0.013822525597269625
元学习全候选,1.0,0.013824884792626729
元学习全候选,1.0,0.013827244793444863
元学习全候选,1.0,0.013829605600136588
元学习全候选,1.0,0.013831967213114754
元学习全候选,1.0,0.013834329632792484
元学习全候选,1.0,0.01383669285958319
元学习全候选,1.0,0.013839056893900564
元学习全候选,1.0,0.013841421736158578
元学习全候选,1.0,0.013843787386771491
元学习全候选,1.0,0.013846153846153847
元学习全候选,1.0,0.013848521114720465
元学习全候选,1.0,0.013850889192886457
元学习全候选,1.0,0.013853258081067214
元学习全候选,1.0,0.013855627779678413
元学习全候选,1.0,0.013857998289136014
元学习全候选,1.0,0.013860369609856264
元学习全候选,1.0,0.01386274174225569
元学习全候选,1.0,0.013865114686751112
元学习全候选,1.0,0.01386748844375963
元学习全候选,1.0,0.01386986301369863
元学习全候选,1.0,0.013872238396985785
元学习全候选,1.0,0.013874614594039054
元学习全候选,1.0,0.013876991605276683
元学习全候选,1.0,0.013879369431117203
元学习全候选,1.0,0.013881748071979434
元学习全候选,1.0,0.013884127528282482
元学习全候选,1.0,0.01388650780044574
元学习全候选,1.0,0.013888888888888888
元学习全候选,1.0,0.013891270794031898
元学习全候选,1.0,0.013893653516295026
元学习全候选,1.0,0.013896037056098817
元学习全候选,1.0,0.013898421413864104
元学习全候选,1.0,0.013900806590012013
元学习全候选,1.0,0.013903192584963954
元学习全候选,1.0,0.01390557939914163
元学习全候选,1.0,0.013907967032967032
元学习全候选,1.0,0.013910355486862442
元学习全候选,1.0,0.01391274476125043
元学习全候选,1.0,0.013915134856553856
元学习全候选,1.0,0.013917525773195877
元学习全候选,1.0,0.013919917511599931
元学习全候选,1.0,0.013922310072189756
元学习全候选,1.0,0.013924703455389376
元学习全候选,1.0,0.013927097661623108
元学习全候选,1.0,0.013929492691315564
元学习全候选,1.0,0.01393188854489164
元学习全候选,1.0,0.013934285222776536
元学习全候选,1.0,0.013936682725395734
元学习全候选,1.0,0.013939081053175014
元学习全候选,1.0,0.013941480206540447
元学习全候选,1.0,0.013943880185918403
元学习全候选,1.0,0.013946280991735538
元学习全候选,1.0,0.013948682624418805
元学习全候选,1.0,0.013951085084395453
元学习全候选,1.0,0.013953488372093023
元学习全候选,1.0,0.013955892487939351
元学习全候选,1.0,0.01395829743236257
元学习全候选,1.0,0.013960703205791106
元学习全候选,1.0,0.01396310980865368
元学习全候选,1.0,0.01396551724137931
元学习全候选,1.0,0.01396792550439731
元学习全候选,1.0,0.013970334598137289
元学习全候选,1.0,0.013972744523029153
元学习全候选,1.0,0.013975155279503106
元学习全候选,1.0,0.013977566867989646
元学习全候选,1.0,0.013979979288919572
元学习全候选,1.0,0.013982392542723977
元学习全候选,1.0,0.013984806629834255
元学习全候选,1.0,0.013987221550682093
元学习全候选,1.0,0.013989637305699482
元学习全候选,1.0,0.013992053895318707
元学习全候选,1.0,0.013994471319972357
元学习全候选,1.0,0.013996889580093312
元学习全候选,1.0,0.01399930867611476
元学习全候选,1.0,0.014001728608470182
元学习全候选,1.0,0.014004149377593362
元学习全候选,1.0,0.014006570983918382
元学习全候选,1.0,0.014008993427879627
元学习全候选,1.0,0.01401141670991178
元学习全候选,1.0,0.014013840830449827
元学习全候选,1.0,0.014016265789929053
元学习全候选,1.0,0.014018691588785047
元学习全候选,1.0,0.014021118227453696
元学习全候选,1.0,0.01402354570637119
元学习全候选,1.0,0.014025974025974027
元学习全候选,1.0,0.014028403186698995
元学习全候选,1.0,0.014030833188983198
元学习全候选,1.0,0.014033264033264034
元学习全候选,1.0,0.014035695719979206
元学习全候选,1.0,0.014038128249566724
元学习全候选,1.0,0.014040561622464899
元学习全候选,1.0,0.014042995839112345
元学习全候选,1.0,0.01404543089994798
元学习全候选,1.0,0.01404786680541103
元学习全候选,1.0,0.014050303555941024
元学习全候选,1.0,0.014052741151977794
元学习全候选,1.0,0.014055179593961478
元学习全候选,1.0,0.014057618882332524
元学习全候选,1.0,0.014060059017531679
元学习全候选,1.0,0.0140625
元学习全候选,1.0,0.01406494183017885
元学习全候选,1.0,0.0140673845085099
元学习全候选,1.0,0.014069828035435123
元学习全候选,1.0,0.014072272411396804
元学习全候选,1.0,0.014074717636837533
元学习全候选,1.0,0.014077163712200209
元学习全候选,1.0,0.014079610637928038
元学习全候选,1.0,0.014082058414464534
元学习全候选,1.0,0.014084507042253521
元学习全候选,1.0,0.01408695652173913
元学习全候选,1.0,0.014089406853365802
元学习全候选,1.0,0.014091858037578288
元学习全候选,1.0,0.014094310074821646
元学习全候选,1.0,0.014096762965541246
元学习全候选,1.0,0.014099216710182768
元学习全候选,1.0,0.014101671309192201
元学习全候选,1.0,0.014104126763015845
元学习全候选,1.0,0.014106583072100314
元学习全候选,1.0,0.014109040236892528
元学习全候选,1.0,0.014111498257839722
元学习全候选,1.0,0.014113957135389441
元学习全候选,1.0,0.014116416869989544
元学习全候选,1.0,0.0141188774620882
元学习全候选,1.0,0.014121338912133892
元学习全候选,1.0,0.014123801220575414
元学习全候选,1.0,0.014126264387861876
元学习全候选,1.0,0.0141287284144427
元学习全候选,1.0,0.014131193300767621
元学习全候选,1.0,0.014133659047286687
元学习全候选,1.0,0.014136125654450262
元学习全候选,1.0,0.014138593122709025
元学习全候选,1.0,0.014141061452513967
元学习全候选,1.0,0.014143530644316397
元学习全候选,1.0,0.014146000698567935
元学习全候选,1.0,0.014148471615720524
元学习全候选,1.0,0.014150943396226415
元学习全候选,1.0,0.014153416040538179
元学习全候选,1.0,0.014155889549108703
元学习全候选,1.0,0.01415836392239119
元学习全候选,1.0,0.014160839160839161
元学习全候选,1.0,0.014163315264906452
元学习全候选,1.0,0.01416579223504722
元学习全候选,1.0,0.014168270071715935
元学习全候选,1.0,0.01417074877536739
元学习全候选,1.0,0.014173228346456693
元学习全候选,1.0,0.014175708785439271
元学习全候选,1.0,0.014178190092770873
元学习全候选,1.0,0.014180672268907563
元学习全候选,1.0,0.014183155314305727
元学习全候选,1.0,0.014185639229422066
元学习全候选,1.0,0.01418812401471361
元学习全候选,1.0,0.014190609670637701
元学习全候选,1.0,0.014193096197652006
元学习全候选,1.0,0.014195583596214511
元学习全候选,1.0,0.014198071866783523
元学习全候选,1.0,0.014200561009817671
元学习全候选,1.0,0.014203051025775907
元学习全候选,1.0,0.014205541915117503
元学习全候选,1.0,0.014208033678302052
元学习全候选,1.0,0.014210526315789474
元学习全候选,1.0,0.014213019828040007
元学习全候选,1.0,0.014215514215514216
元学习全候选,1.0,0.014218009478672985
元学习全候选,1.0,0.014220505617977528
元学习全候选,1.0,0.014223002633889377
元学习全候选,1.0,0.01422550052687039
元学习全候选,1.0,0.01422799929738275
元学习全候选,1.0,0.014230498945888967
元学习全候选,1.0,0.014232999472851872
元学习全候选,1.0,0.014235500878734621
元学习全候选,1.0,0.014238003164000703
元学习全候选,1.0,0.014240506329113924
元学习全候选,1.0,0.014243010374538422
元学习全候选,1.0,0.014245515300738656
元学习全候选,1.0,0.01424802110817942
元学习全候选,1.0,0.014250527797325828
元学习全候选,1.0,0.014253035368643321
元学习全候选,1.0,0.014255543822597676
元学习全候选,1.0,0.01425805315965499
元学习全候选,1.0,0.01426056338028169
元学习全候选,1.0,0.014263074484944533
元学习全候选,1.0,0.014265586474110602
元学习全候选,1.0,0.014268099348247314
元学习全候选,1.0,0.01427061310782241
元学习全候选,1.0,0.014273127753303964
元学习全候选,1.0,0.01427564328516038
元学习全候选,1.0,0.014278159703860392
元学习全候选,1.0,0.014280677009873061
元学习全候选,1.0,0.014283195203667784
元学习全候选,1.0,0.014285714285714285
元学习全候选,1.0,0.014288234256482625
元学习全候选,1.0,0.01429075511644319
元学习全候选,1.0,0.014293276866066702
元学习全候选,1.0,0.014295799505824214
元学习全候选,1.0,0.014298323036187114
元学习全候选,1.0,0.014300847457627119
元学习全候选,1.0,0.01430337277061628
元学习全候选,1.0,0.014305898975626986
元学习全候选,1.0,0.014308426073131956
元学习全候选,1.0,0.01431095406360424
元学习全候选,1.0,0.014313482947517229
元学习全候选,1.0,0.014316012725344645
元学习全候选,1.0,0.014318543397560545
元学习全候选,1.0,0.014321074964639321
元学习全候选,1.0,0.014323607427055704
元学习全候选,1.0,0.014326140785284755
元学习全候选,1.0,0.014328675039801874
元学习全候选,1.0,0.014331210191082803
元学习全候选,1.0,0.01433374623960361
元学习全候选,1.0,0.014336283185840707
元学习全候选,1.0,0.014338821030270845
元学习全候选,1.0,0.014341359773371105
元学习全候选,1.0,0.014343899415618913
元学习全候选,1.0,0.014346439957492029
元学习全候选,1.0,0.014348981399468556
元学习全候选,1.0,0.014351523742026931
元学习全候选,1.0,0.014354066985645933
元学习全候选,1.0,0.01435661113080468
元学习全候选,1.0,0.014359156177982627
元学习全候选,1.0,0.014361702127659574
元学习全候选,1.0,0.014364248980315658
元学习全候选,1.0,0.014366796736431358
元学习全候选,1.0,0.014369345396487493
元学习全候选,1.0,0.014371894960965224
元学习全候选,1.0,0.014374445430346052
元学习全候选,1.0,0.01437699680511182
元学习全候选,1.0,0.014379549085744719
元学习全候选,1.0,0.014382102272727272
元学习全候选,1.0,0.014384656366542355
元学习全候选,1.0,0.014387211367673179
元学习全候选,1.0,0.014389767276603304
元学习全候选,1.0,0.014392324093816631
元学习全候选,1.0,0.014394881819797405
元学习全候选,1.0,0.014397440455030218
元学习全候选,1.0,0.0144
元学习全候选,1.0,0.014402560455192033
元学习全候选,1.0,0.014405121821091944
元学习全候选,1.0,0.0144076840981857
元学习全候选,1.0,0.014410247286959615
元学习全候选,1.0,0.014412811387900355
元学习全候选,1.0,0.014415376401494928
元学习全候选,1.0,0.014417942328230687
元学习全候选,1.0,0.014420509168595335
元学习全候选,1.0,0.014423076923076924
元学习全候选,1.0,0.014425645592163847
元学习全候选,1.0,0.014428215176344851
元学习全候选,1.0,0.014430785676109033
元学习全候选,1.0,0.01443335709194583
元学习全候选,1.0,0.014435929424345037
元学习全候选,1.0,0.014438502673796792
元学习全候选,1.0,0.014441076840791585
元学习全候选,1.0,0.014443651925820257
元学习全候选,1.0,0.014446227929373997
元学习全候选,1.0,0.014448804851944346
元学习全候选,1.0,0.014451382694023194
元学习全候选,1.0,0.014453961456102784
元学习全候选,1.0,0.01445654113867571
元学习全候选,1.0,0.014459121742234916
元学习全候选,1.0,0.0144617032672737
元学习全候选,1.0,0.014464285714285714
元学习全候选,1.0,0.014466869083764959
元学习全候选,1.0,0.014469453376205787
元学习全候选,1.0,0.014472038592102911
元学习全候选,1.0,0.014474624731951394
元学习全候选,1.0,0.014477211796246649
元学习全候选,1.0,0.014479799785484448
元学习全候选,1.0,0.014482388700160916
元学习全候选,1.0,0.014484978540772532
元学习全候选,1.0,0.014487569307816132
元学习全候选,1.0,0.014490161001788909
元学习全候选,1.0,0.014492753623188406
元学习全候选,1.0,0.014495347172512527
元学习全候选,1.0,0.01449794165025953
元学习全候选,1.0,0.014500537056928034
元学习全候选,1.0,0.01450313339301701
元学习全候选,1.0,0.014505730659025788
元学习全候选,1.0,0.014508328855454057
元学习全候选,1.0,0.014510927982801862
元学习全候选,1.0,0.014513528041569612
元学习全候选,1.0,0.014516129032258065
元学习全候选,1.0,0.014518730955368346
元学习全候选,1.0,0.014521333811401936
元学习全候选,1.0,0.014523937600860678
元学习全候选,1.0,0.014526542324246772
元学习全候选,1.0,0.014529147982062781
元学习全候选,1.0,0.014531754574811625
元学习全候选,1.0,0.01453436210299659
元学习全候选,1.0,0.01453697056712132
元学习全候选,1.0,0.014539579967689823
元学习全候选,1.0,0.014542190305206463
元学习全候选,1.0,0.014544801580175975
元学习全候选,1.0,0.014547413793103448
元学习全候选,1.0,0.014550026944494341
元学习全候选,1.0,0.014552641034854473
元学习全候选,1.0,0.014555256064690027
元学习全候选,1.0,0.014557872034507549
元学习全候选,1.0,0.01456048894481395
元学习全候选,1.0,0.014563106796116505
元学习全候选,1.0,0.014565725588922855
元学习全候选,1.0,0.014568345323741008
元学习全候选,1.0,0.01457096600107933
元学习全候选,1.0,0.014573587621446563
元学习全候选,1.0,0.014576210185351808
元学习全候选,1.0,0.014578833693304536
元学习全候选,1.0,0.014581458145814581
元学习全候选,1.0,0.01458408354339215
元学习全候选,1.0,0.014586709886547812
元学习全候选,1.0,0.014589337175792506
元学习全候选,1.0,0.014591965411637544
元学习全候选,1.0,0.014594594594594595
元学习全候选,1.0,0.014597224725175707
元学习全候选,1.0,0.014599855803893294
元学习全候选,1.0,0.014602487831260141
元学习全候选,1.0,0.014605120807789397
元学习全候选,1.0,0.01460775473399459
元学习全候选,1.0,0.01461038961038961
元学习全候选,1.0,0.014613025437488724
元学习全候选,1.0,0.014615662215806569
元学习全候选,1.0,0.014618299945858148
元学习全候选,1.0,0.014620938628158844
元学习全候选,1.0,0.01462357826322441
元学习全候选,1.0,0.014626218851570965
元学习全候选,1.0,0.014628860393715009
元学习全候选,1.0,0.01463150289017341
元学习全候选,1.0,0.014634146341463415
元学习全候选,1.0,0.014636790748102639
元学习全候选,1.0,0.014639436110609073
元学习全候选,1.0,0.014642082429501085
元学习全候选,1.0,0.014644729705297415
元学习全候选,1.0,0.014647377938517179
元学习全候选,1.0,0.01465002712967987
元学习全候选,1.0,0.014652677279305354
元学习全候选,1.0,0.014655328387913877
元学习全候选,1.0,0.014657980456026058
元学习全候选,1.0,0.014660633484162897
元学习全候选,1.0,0.014663287472845763
元学习全候选,1.0,0.014665942422596416
元学习全候选,1.0,0.01466859833393698
元学习全候选,1.0,0.014671255207389966
元学习全候选,1.0,0.014673913043478261
元学习全候选,1.0,0.014676571842725132
元学习全候选,1.0,0.014679231605654222
元学习全候选,1.0,0.01468189233278956
元学习全候选,1.0,0.014684554024655547
元学习全候选,1.0,0.014687216681776971
元学习全候选,1.0,0.014689880304679
元学习全候选,1.0,0.014692544893887176
元学习全候选,1.0,0.01469521044992743
元学习全候选,1.0,0.014697876973326075
元学习全候选,1.0,0.0147005444646098
元学习全候选,1.0,0.01470321292430568
元学习全候选,1.0,0.014705882352941176
元学习全候选,1.0,0.014708552751044126
元学习全候选,1.0,0.014711224119142753
元学习全候选,1.0,0.014713896457765668
元学习全候选,1.0,0.01471656976744186
元学习全候选,1.0,0.01471924404870071
元学习全候选,1.0,0.014721919302071973
元学习全候选,1.0,0.014724595528085803
元学习全候选,1.0,0.014727272727272728
元学习全候选,1.0,0.014729950900163666
元学习全候选,1.0,0.014732630047289924
元学习全候选,1.0,0.014735310169183191
元学习全候选,1.0,0.014737991266375546
元学习全候选,1.0,0.014740673339399454
元学习全候选,1.0,0.014743356388787768
元学习全候选,1.0,0.01474604041507373
元学习全候选,1.0,0.014748725418790968
元学习全候选,1.0,0.014751411400473502
元学习全候选,1.0,0.014754098360655738
元学习全候选,1.0,0.014756786299872472
元学习全候选,1.0,0.014759475218658892
元学习全候选,1.0,0.014762165117550574
元学习全候选,1.0,0.014764855997083486
元学习全候选,1.0,0.014767547857793984
元学习全候选,1.0,0.01477024070021882
元学习全候选,1.0,0.01477293452489513
元学习全候选,1.0,0.014775629332360452
元学习全候选,1.0,0.014778325123152709
元学习全候选,1.0,0.014781021897810219
元学习全候选,1.0,0.014783719656871691
元学习全候选,1.0,0.014786418400876232
元学习全候选,1.0,0.014789118130363337
元学习全候选,1.0,0.0147918188458729
元学习全候选,1.0,0.014794520547945205
元学习全候选,1.0,0.014797223237120936
元学习全候选,1.0,0.014799926913941166
元学习全候选,1.0,0.014802631578947368
元学习全候选,1.0,0.01480533723268141
元学习全候选,1.0,0.014808043875685557
元学习全候选,1.0,0.014810751508502468
元学习全候选,1.0,0.0148134601316752
元学习全候选,1.0,0.014816169745747211
元学习全候选,1.0,0.014818880351262349
元学习全候选,1.0,0.014821591948764867
元学习全候选,1.0,0.014824304538799415
元学习全候选,1.0,0.014827018121911038
元学习全候选,1.0,0.014829732698645185
元学习全候选,1.0,0.014832448269547702
元学习全候选,1.0,0.014835164835164835
元学习全候选,1.0,0.014837882396043231
元学习全候选,1.0,0.014840600952729937
元学习全候选,1.0,0.014843320505772403
元学习全候选,1.0,0.014846041055718476
元学习全候选,1.0,0.014848762603116407
元学习全候选,1.0,0.01485148514851485
元学习全候选,1.0,0.014854208692462864
元学习全候选,1.0,0.014856933235509904
元学习全候选,1.0,0.014859658778205834
元学习全候选,1.0,0.014862385321100917
元学习全候选,1.0,0.014865112864745825
元学习全候选,1.0,0.01486784140969163
元学习全候选,1.0,0.01487057095648981
元学习全候选,1.0,0.01487330150569225
元学习全候选,1.0,0.01487603305785124
元学习全候选,1.0,0.014878765613519472
元学习全候选,1.0,0.014881499173250046
元学习全候选,1.0,0.014884233737596472
元学习全候选,1.0,0.014886969307112663
元学习全候选,1.0,0.01488970588235294
元学习全候选,1.0,0.014892443463872035
元学习全候选,1.0,0.014895182052225083
元学习全候选,1.0,0.014897921647967629
元学习全候选,1.0,0.014900662251655629
元学习全候选,1.0,0.014903403863845446
元学习全候选,1.0,0.014906146485093854
元学习全候选,1.0,0.014908890115958034
元学习全候选,1.0,0.014911634756995583
元学习全候选,1.0,0.0149143804087645
元学习全候选,1.0,0.014917127071823204
元学习全候选,1.0,0.01491987474673052
元学习全候选,1.0,0.01492262343404569
元学习全候选,1.0,0.014925373134328358
元学习全候选,1.0,0.014928123848138592
元学习全候选,1.0,0.014930875576036867
元学习全候选,1.0,0.014933628318584071
元学习全候选,1.0,0.014936382076341508
元学习全候选,1.0,0.014939136849870896
元学习全候选,1.0,0.014941892639734366
元学习全候选,1.0,0.014944649446494465
元学习全候选,1.0,0.014947407270714154
元学习全候选,1.0,0.014950166112956811
元学习全候选,1.0,0.01495292597378623
元学习全候选,1.0,0.014955686853766617
元学习全候选,1.0,0.014958448753462604
元学习全候选,1.0,0.014961211673439232
元学习全候选,1.0,0.014963975614261962
元学习全候选,1.0,0.014966740576496674
元学习全候选,1.0,0.014969506560709665
元学习全候选,1.0,0.014972273567467652
元学习全候选,1.0,0.014975041597337771
元学习全候选,1.0,0.014977810650887574
元学习全候选,1.0,0.014980580728685038
元学习全候选,1.0,0.014983351831298557
元学习全候选,1.0,0.014986123959296948
元学习全候选,1.0,0.014988897113249446
元学习全候选,1.0,0.014991671293725709
元学习全候选,1.0,0.014994446501295817
元学习全候选,1.0,0.014997222736530272
元学习全候选,1.0,0.015
元学习全候选,1.0,0.015002778292276347
元学习全候选,1.0,0.015005557613931086
元学习全候选,1.0,0.01500833796553641
元学习全候选,1.0,0.015011119347664937
元学习全候选,1.0,0.015013901760889712
元学习全候选,1.0,0.015016685205784204
元学习全候选,1.0,0.015019469682922306
元学习全候选,1.0,0.015022255192878338
元学习全候选,1.0,0.015025041736227046
元学习全候选,1.0,0.015027829313543599
元学习全候选,1.0,0.0150306179254036
元学习全候选,1.0,0.015033407572383074
元学习全候选,1.0,0.015036198255058475
元学习全候选,1.0,0.015038989974006683
元学习全候选,1.0,0.015041782729805013
元学习全候选,1.0,0.015044576523031204
元学习全候选,1.0,0.015047371354263421
元学习全候选,1.0,0.015050167224080268
元学习全候选,1.0,0.01505296413306077
元学习全候选,1.0,0.015055762081784387
元学习全候选,1.0,0.01505856107083101
元学习全候选,1.0,0.015061361100780959
元学习全候选,1.0,0.01506416217221499
元学习全候选,1.0,0.015066964285714286
元学习全候选,1.0,0.015069767441860464
元学习全候选,1.0,0.015072571641235578
元学习全候选,1.0,0.01507537688442211
元学习全候选,1.0,0.015078183172002978
元学习全候选,1.0,0.015080990504561534
元学习全候选,1.0,0.015083798882681564
元学习全候选,1.0,0.01508660830694729
元学习全候选,1.0,0.015089418777943368
元学习全候选,1.0,0.01509223029625489
元学习全候选,1.0,0.015095042862467387
元学习全候选,1.0,0.015097856477166821
元学习全候选,1.0,0.015100671140939598
元学习全候选,1.0,0.015103486854372553
元学习全候选,1.0,0.015106303618052964
元学习全候选,1.0,0.01510912143256855
元学习全候选,1.0,0.015111940298507463
元学习全候选,1.0,0.015114760216458294
元学习全候选,1.0,0.015117581187010079
元学习全候选,1.0,0.015120403210752286
元学习全候选,1.0,0.015123226288274831
元学习全候选,1.0,0.015126050420168067
元学习全候选,1.0,0.015128875607022786
元学习全候选,1.0,0.015131701849430227
元学习全候选,1.0,0.015134529147982063
元学习全候选,1.0,0.015137357503270417
元学习全候选,1.0,0.01514018691588785
元学习全候选,1.0,0.01514301738642737
元学习全候选,1.0,0.015145848915482424
元学习全候选,1.0,0.015148681503646904
元学习全候选,1.0,0.015151515151515152
元学习全候选,1.0,0.015154349859681946
元学习全候选,1.0,0.015157185628742515
元学习全候选,1.0,0.015160022459292532
元学习全候选,1.0,0.015162860351928117
元学习全候选,1.0,0.015165699307245834
元学习全候选,1.0,0.015168539325842697
元学习全候选,1.0,0.015171380408316164
元学习全候选,1.0,0.015174222555264143
元学习全候选,1.0,0.01517706576728499
元学习全候选,1.0,0.015179910044977511
元学习全候选,1.0,0.015182755388940957
元学习全候选,1.0,0.015185601799775027
元学习全候选,1.0,0.01518844927807988
元学习全候选,1.0,0.015191297824456114
元学习全候选,1.0,0.015194147439504783
元学习全候选,1.0,0.015196998123827393
元学习全候选,1.0,0.015199849878025896
元学习全候选,1.0,0.015202702702702704
元学习全候选,1.0,0.015205556598460672
元学习全候选,1.0,0.015208411565903118
元学习全候选,1.0,0.015211267605633802
元学习全候选,1.0,0.01521412471825695
元学习全候选,1.0,0.015216982904377232
元学习全候选,1.0,0.015219842164599774
元学习全候选,1.0,0.015222702499530163
元学习全候选,1.0,0.015225563909774436
元学习全候选,1.0,0.015228426395939087
元学习全候选,1.0,0.015231289958631064
元学习全候选,1.0,0.015234154598457776
元学习全候选,1.0,0.015237020316027089
元学习全候选,1.0,0.015239887111947318
元学习全候选,1.0,0.015242754986827249
元学习全候选,1.0,0.015245623941276116
元学习全候选,1.0,0.015248493975903615
元学习全候选,1.0,0.015251365091319902
元学习全候选,1.0,0.015254237288135594
元学习全候选,1.0,0.015257110566961763
元学习全候选,1.0,0.015259984928409947
元学习全候选,1.0,0.015262860373092142
元学习全候选,1.0,0.015265736901620806
元学习全候选,1.0,0.015268614514608859
元学习全候选,1.0,0.015271493212669683
元学习全候选,1.0,0.015274372996417122
元学习全候选,1.0,0.015277253866465485
元学习全候选,1.0,0.015280135823429542
元学习全候选,1.0,0.015283018867924528
元学习全候选,1.0,0.015285903000566144
元学习全候选,1.0,0.015288788221970554
元学习全候选,1.0,0.015291674532754389
元学习全候选,1.0,0.015294561933534742
元学习全候选,1.0,0.01529745042492918
元学习全候选,1.0,0.015300340007555724
元学习全候选,1.0,0.015303230682032874
元学习全候选,1.0,0.015306122448979591
元学习全候选,1.0,0.015309015309015309
元学习全候选,1.0,0.015311909262759925
元学习全候选,1.0,0.015314804310833806
元学习全候选,1.0,0.015317700453857792
元学习全候选,1.0,0.015320597692453187
元学习全候选,1.0,0.01532349602724177
元学习全候选,1.0,0.01532639545884579
元学习全候选,1.0,0.015329295987887964
元学习全候选,1.0,0.015332197614991482
元学习全候选,1.0,0.015335100340780007
元学习全候选,1.0,0.015338004165877675
元学习全候选,1.0,0.01534090909090909
元学习全候选,1.0,0.015343815116499336
元学习全候选,1.0,0.015346722243273967
元学习全候选,1.0,0.015349630471859011
元学习全候选,1.0,0.01535253980288097
元学习全候选,1.0,0.015355450236966824
元学习全候选,1.0,0.015358361774744027
元学习全候选,1.0,0.015361274416840508
元学习全候选,1.0,0.015364188163884674
元学习全候选,1.0,0.015367103016505406
元学习全候选,1.0,0.015370018975332068
元学习全候选,1.0,0.015372936040994496
元学习全候选,1.0,0.015375854214123007
元学习全候选,1.0,0.015378773495348396
元学习全候选,1.0,0.015381693885301938
元学习全候选,1.0,0.015384615384615385
元学习全候选,1.0,0.015387537993920973
元学习全候选,1.0,0.015390461713851415
元学习全候选,1.0,0.01539338654503991
元学习全候选,1.0,0.01539631248812013
元学习全候选,1.0,0.015399239543726236
元学习全候选,1.0,0.01540216771249287
元学习全候选,1.0,0.015405096995055155
元学习全候选,1.0,0.015408027392048697
元学习全候选,1.0,0.015410958904109588
元学习全候选,1.0,0.015413891531874405
元学习全候选,1.0,0.015416825275980206
元学习全候选,1.0,0.015419760137064534
元学习全候选,1.0,0.015422696115765423
元学习全候选,1.0,0.015425633212721387
元学习全候选,1.0,0.015428571428571429
元学习全候选,1.0,0.015431510763955039
元学习全候选,1.0,0.015434451219512195
元学习全候选,1.0,0.015437392795883362
元学习全候选,1.0,0.015440335493709493
元学习全候选,1.0,0.01544327931363203
元学习全候选,1.0,0.015446224256292907
元学习全候选,1.0,0.015449170322334541
元学习全候选,1.0,0.015452117512399848
元学习全候选,1.0,0.015455065827132226
元学习全候选,1.0,0.015458015267175572
元学习全候选,1.0,0.01546096583317427
元学习全候选,1.0,0.015463917525773196
元学习全候选,1.0,0.01546687034561772
元学习全候选,1.0,0.015469824293353706
元学习全候选,1.0,0.015472779369627506
元学习全候选,1.0,0.015475735575085976
元学习全候选,1.0,0.015478692910376457
元学习全候选,1.0,0.01548165137614679
元学习全候选,1.0,0.015484610973045307
元学习全候选,1.0,0.015487571701720841
元学习全候选,1.0,0.01549053356282272
元学习全候选,1.0,0.015493496557000766
元学习全候选,1.0,0.0154964606849053
元学习全候选,1.0,0.015499425947187142
元学习全候选,1.0,0.015502392344497608
元学习全候选,1.0,0.015505359877488514
元学习全候选,1.0,0.015508328546812177
元学习全候选,1.0,0.015511298353121409
元学习全候选,1.0,0.015514269297069528
元学习全候选,1.0,0.015517241379310345
元学习全候选,1.0,0.01552021460049818
元学习全候选,1.0,0.01552318896128785
元学习全候选,1.0,0.015526164462334674
元学习全候选,1.0,0.015529141104294479
元学习全候选,1.0,0.015532118887823586
元学习全候选,1.0,0.015535097813578827
元学习全候选,1.0,0.015538077882217532
元学习全候选,1.0,0.015541059094397545
元学习全候选,1.0,0.015544041450777202
元学习全候选,1.0,0.015547024952015355
元学习全候选,1.0,0.015550009598771357
元学习全候选,1.0,0.01555299539170507
元学习全候选,1.0,0.015555982331476858
元学习全候选,1.0,0.0155589704187476
元学习全候选,1.0,0.015561959654178675
元学习全候选,1.0,0.015564950038431976
元学习全候选,1.0,0.015567941572169902
元学习全候选,1.0,0.015570934256055362
元学习全候选,1.0,0.015573928090751778
元学习全候选,1.0,0.015576923076923077
元学习全候选,1.0,0.015579919215233698
元学习全候选,1.0,0.015582916506348595
元学习全候选,1.0,0.01558591495093323
元学习全候选,1.0,0.01558891454965358
元学习全候选,1.0,0.015591915303176131
元学习全候选,1.0,0.015594917212167885
元学习全候选,1.0,0.01559792027729636
元学习全候选,1.0,0.015600924499229583
元学习全候选,1.0,0.0156039298786361
元学习全候选,1.0,0.01560693641618497
元学习全候选,1.0,0.01560994411254577
元学习全候选,1.0,0.01561295296838859
元学习全候选,1.0,0.015615962984384037
元学习全候选,1.0,0.015618974161203239
元学习全候选,1.0,0.01562198649951784
元学习全候选,1.0,0.015625
元学习全候选,1.0,0.0156280146633224
元学习全候选,1.0,0.01563103049015824
元学习全候选,1.0,0.01563404748118124
元学习全候选,1.0,0.01563706563706564
元学习全候选,1.0,0.015640084958486195
元学习全候选,1.0,0.015643105446118192
元学习全候选,1.0,0.015646127100637435
元学习全候选,1.0,0.01564914992272025
元学习全候选,1.0,0.01565217391304348
元学习全候选,1.0,0.0156551990722845
元学习全候选,1.0,0.015658225401121207
元学习全候选,1.0,0.015661252900232018
元学习全候选,1.0,0.015664281570295882
元学习全候选,1.0,0.015667311411992263
元学习全候选,1.0,0.01567034242600116
元学习全候选,1.0,0.015673374613003097
元学习全候选,1.0,0.015676407973679116
元学习全候选,1.0,0.0156794425087108
元学习全候选,1.0,0.01568247821878025
元学习全候选,1.0,0.0156855151045701
元学习全候选,1.0,0.01568855316676351
元学习全候选,1.0,0.015691592406044168
元学习全候选,1.0,0.0156946328230963
元学习全候选,1.0,0.015697674418604653
元学习全候选,1.0,0.015700717193254506
元学习全候选,1.0,0.015703761147731678
元学习全候选,1.0,0.015706806282722512
元学习全候选,1.0,0.015709852598913887
元学习全候选,1.0,0.01571290009699321
元学习全候选,1.0,0.01571594877764843
元学习全候选,1.0,0.01571899864156802
元学习全候选,1.0,0.015722049689440992
元学习全候选,1.0,0.0157251019219569
元学习全候选,1.0,0.015728155339805826
元学习全候选,1.0,0.015731209943678385
元学习全候选,1.0,0.015734265734265736
元学习全候选,1.0,0.01573732271225957
元学习全候选,1.0,0.01574038087835212
元学习全候选,1.0,0.01574344023323615
元学习全候选,1.0,0.015746500777604977
元学习全候选,1.0,0.01574956251215244
元学习全候选,1.0,0.01575262543757293
元学习全候选,1.0,0.01575568955456137
元学习全候选,1.0,0.01575875486381323
元学习全候选,1.0,0.01576182136602452
元学习全候选,1.0,0.015764889061891788
元学习全候选,1.0,0.015767957952112128
元学习全候选,1.0,0.015771028037383176
元学习全候选,1.0,0.015774099318403116
元学习全候选,1.0,0.015777171795870668
元学习全候选,1.0,0.015780245470485097
元学习全候选,1.0,0.01578332034294622
元学习全候选,1.0,0.015786396413954396
元学习全候选,1.0,0.015789473684210527
元学习全候选,1.0,0.015792552154416065
元学习全候选,1.0,0.01579563182527301
元学习全候选,1.0,0.01579871269748391
元学习全候选,1.0,0.015801794771751854
元学习全候选,1.0,0.015804878048780488
元学习全候选,1.0,0.015807962529274005
元学习全候选,1.0,0.015811048213937147
元学习全候选,1.0,0.015814135103475204
元学习全候选,1.0,0.015817223198594025
元学习全候选,1.0,0.0158203125
元学习全候选,1.0,0.01582340300840008
元学习全候选,1.0,0.015826494724501757
元学习全候选,1.0,0.015829587649013092
元学习全候选,1.0,0.015832681782642688
元学习全候选,1.0,0.015835777126099706
元学习全候选,1.0,0.01583887368009386
元学习全候选,1.0,0.01584197144533542
元学习全候选,1.0,0.01584507042253521
元学习全候选,1.0,0.01584817061240462
元学习全候选,1.0,0.015851272015655577
元学习全候选,1.0,0.015854374633000587
元学习全候选,1.0,0.015857478465152702
元学习全候选,1.0,0.015860583512825533
元学习全候选,1.0,0.015863689776733254
元学习全候选,1.0,0.015866797257590597
元学习全候选,1.0,0.015869905956112852
元学习全候选,1.0,0.015873015873015872
元学习全候选,1.0,0.015876127009016073
元学习全候选,1.0,0.015879239364830426
元学习全候选,1.0,0.01588235294117647
元学习全候选,1.0,0.015885467738772308
元学习全候选,1.0,0.015888583758336603
元学习全候选,1.0,0.015891701000588582
元学习全候选,1.0,0.015894819466248038
元学习全候选,1.0,0.01589793915603533
元学习全候选,1.0,0.015901060070671377
元学习全候选,1.0,0.015904182210877676
元学习全候选,1.0,0.015907305577376275
元学习全候选,1.0,0.015910430170889805
元学习全候选,1.0,0.015913555992141455
元学习全候选,1.0,0.015916683041854982
元学习全候选,1.0,0.015919811320754717
元学习全候选,1.0,0.01592294082956556
元学习全候选,1.0,0.015926071569012976
元学习全候选,1.0,0.01592920353982301
元学习全候选,1.0,0.015932336742722267
元学习全候选,1.0,0.01593547117843793
元学习全候选,1.0,0.015938606847697757
元学习全候选,1.0,0.015941743751230072
元学习全候选,1.0,0.01594488188976378
元学习全候选,1.0,0.01594802126402835
元学习全候选,1.0,0.01595116187475384
元学习全候选,1.0,0.015954303722670867
元学习全候选,1.0,0.015957446808510637
元学习全候选,1.0,0.015960591133004926
元学习全候选,1.0,0.015963736696886086
元学习全候选,1.0,0.01596688350088705
元学习全候选,1.0,0.015970031545741326
元学习全候选,1.0,0.015973180832183003
元学习全候选,1.0,0.015976331360946745
元学习全候选,1.0,0.015979483132767803
元学习全候选,1.0,0.015982636148382006
元学习全候选,1.0,0.015985790408525755
元学习全候选,1.0,0.015988945913936046
元学习全候选,1.0,0.015992102665350443
元学习全候选,1.0,0.015995260663507108
元学习全候选,1.0,0.015998419909144777
元学习全候选,1.0,0.016001580403002764
元学习全候选,1.0,0.016004742145820983
元学习全候选,1.0,0.016007905138339922
元学习全候选,1.0,0.016011069381300654
元学习全候选,1.0,0.01601423487544484
元学习全候选,1.0,0.016017401621514733
元学习全候选,1.0,0.016020569620253163
元学习全候选,1.0,0.016023738872403562
元学习全候选,1.0,0.016026909378709934
元学习全候选,1.0,0.016030081139916882
元学习全候选,1.0,0.016033254156769598
元学习全候选,1.0,0.01603642843001386
元学习全候选,1.0,0.01603960396039604
元学习全候选,1.0,0.016042780748663103
元学习全候选,1.0,0.016045958795562597
元学习全候选,1.0,0.016049138101842678
元学习全候选,1.0,0.01605231866825208
元学习全候选,1.0,0.016055500495540137
元学习全候选,1.0,0.01605868358445678
元学习全候选,1.0,0.016061867935752528
元学习全候选,1.0,0.0160650535501785
元学习全候选,1.0,0.01606824042848641
元学习全候选,1.0,0.01607142857142857
元学习全候选,1.0,0.01607461797975789
元学习全候选,1.0,0.01607780865422787
元学习全候选,1.0,0.016081000595592615
元学习全候选,1.0,0.01608419380460683
元学习全候选,1.0,0.01608738828202582
元学习全候选,1.0,0.016090584028605484
元学习全候选,1.0,0.016093781045102326
元学习全候选,1.0,0.01609697933227345
元学习全候选,1.0,0.016100178890876567
元学习全候选,1.0,0.01610337972166998
元学习全候选,1.0,0.016106581825412608
元学习全候选,1.0,0.016109785202863963
元学习全候选,1.0,0.016112989854784165
元学习全候选,1.0,0.016116195781933945
元学习全候选,1.0,0.016119402985074627
元学习全候选,1.0,0.016122611464968153
元学习全候选,1.0,0.016125821222377067
元学习全候选,1.0,0.016129032258064516
元学习全候选,1.0,0.016132244572794264
元学习全候选,1.0,0.01613545816733068
元学习全候选,1.0,0.016138673042438732
元学习全候选,1.0,0.016141889198884016
元学习全候选,1.0,0.016145106637432727
元学习全候选,1.0,0.016148325358851676
元学习全候选,1.0,0.016151545363908275
元学习全候选,1.0,0.016154766653370563
元学习全候选,1.0,0.01615798922800718
元学习全候选,1.0,0.01616121308858739
元学习全候选,1.0,0.01616443823588106
元学习全候选,1.0,0.016167664670658683
元学习全候选,1.0,0.016170892393691357
元学习全候选,1.0,0.016174121405750797
元学习全候选,1.0,0.016177351707609346
元学习全候选,1.0,0.016180583300039953
元学习全候选,1.0,0.016183816183816185
元学习全候选,1.0,0.01618705035971223
元学习全候选,1.0,0.016190285828502897
元学习全候选,1.0,0.016193522590963613
元学习全候选,1.0,0.016196760647870425
元学习全候选,1.0,0.0162
元学习全候选,1.0,0.016203240648129627
元学习全候选,1.0,0.016206482593037214
元学习全候选,1.0,0.0162097258355013
元学习全候选,1.0,0.01621297037630104
元学习全候选,1.0,0.016216216216216217
元学习全候选,1.0,0.016219463356027232
元学习全候选,1.0,0.016222711796515122
元学习全候选,1.0,0.01622596153846154
元学习全候选,1.0,0.01622921258264877
元学习全候选,1.0,0.01623246492985972
元学习全候选,1.0,0.016235718580877932
元学习全候选,1.0,0.01623897353648757
元学习全候选,1.0,0.01624222979747343
元学习全候选,1.0,0.016245487364620937
元学习全候选,1.0,0.01624874623871615
元学习全候选,1.0,0.016252006420545747
元学习全候选,1.0,0.01625526791089705
元学习全候选,1.0,0.01625853071055801
元学习全候选,1.0,0.016261794820317206
元学习全候选,1.0,0.016265060240963854
元学习全候选,1.0,0.016268326973287808
元学习全候选,1.0,0.01627159501807955
元学习全候选,1.0,0.0162748643761302
元学习全候选,1.0,0.01627813504823151
元学习全候选,1.0,0.01628140703517588
元学习全候选,1.0,0.016284680337756333
元学习全候选,1.0,0.016287954956766538
元学习全候选,1.0,0.016291230893000806
元学习全候选,1.0,0.016294508147254073
元学习全候选,1.0,0.016297786720321932
元学习全候选,1.0,0.016301066613000605
元学习全候选,1.0,0.016304347826086956
元学习全候选,1.0,0.016307630360378498
元学习全候选,1.0,0.01631091421667338
元学习全候选,1.0,0.016314199395770394
元学习全候选,1.0,0.016317485898468976
元学习全候选,1.0,0.016320773725569213
元学习全候选,1.0,0.016324062877871828
元学习全候选,1.0,0.01632735335617819
元学习全候选,1.0,0.016330645161290323
元学习全候选,1.0,0.016333938294010888
元学习全候选,1.0,0.0163372327551432
元学习全候选,1.0,0.016340528545491225
元学习全候选,1.0,0.016343825665859565
元学习全候选,1.0,0.016347124117053483
元学习全候选,1.0,0.016350423899878886
元学习全候选,1.0,0.01635372501514234
元学习全候选,1.0,0.01635702746365105
元学习全候选,1.0,0.016360331246212886
元学习全候选,1.0,0.016363636363636365
元学习全候选,1.0,0.016366942816730654
元学习全候选,1.0,0.016370250606305578
元学习全候选,1.0,0.01637355973317162
元学习全候选,1.0,0.016376870198139912
元学习全候选,1.0,0.016380182002022244
元学习全候选,1.0,0.016383495145631068
元学习全候选,1.0,0.016386809629779488
元学习全候选,1.0,0.016390125455281263
元学习全候选,1.0,0.01639344262295082
元学习全候选,1.0,0.01639676113360324
元学习全候选,1.0,0.01640008098805426
元学习全候选,1.0,0.016403402187120292
元学习全候选,1.0,0.016406724731618392
元学习全候选,1.0,0.016410048622366287
元学习全候选,1.0,0.01641337386018237
元学习全候选,1.0,0.016416700445885692
元学习全候选,1.0,0.016420028380295965
元学习全候选,1.0,0.016423357664233577
元学习全候选,1.0,0.01642668829851957
元学习全候选,1.0,0.01643002028397566
元学习全候选,1.0,0.016433353621424222
元学习全候选,1.0,0.016436688311688312
元学习全候选,1.0,0.016440024355591637
元学习全候选,1.0,0.016443361753958587
元学习全候选,1.0,0.016446700507614213
元学习全候选,1.0,0.01645004061738424
元学习全候选,1.0,0.016453382084095063
元学习全候选,1.0,0.01645672490857375
元学习全候选,1.0,0.01646006909164804
元学习全候选,1.0,0.016463414634146342
元学习全候选,1.0,0.016466761536897745
元学习全候选,1.0,0.016470109800732005
元学习全候选,1.0,0.01647345942647956
元学习全候选,1.0,0.01647681041497152
元学习全候选,1.0,0.016480162767039674
元学习全候选,1.0,0.016483516483516484
元学习全候选,1.0,0.01648687156523509
元学习全候选,1.0,0.016490228013029316
元学习全候选,1.0,0.016493585827733658
元学习全候选,1.0,0.0164969450101833
元学习全候选,1.0,0.016500305561214096
元学习全候选,1.0,0.01650366748166259
元学习全候选,1.0,0.016507030772366007
元学习全候选,1.0,0.016510395434162252
元学习全候选,1.0,0.01651376146788991
元学习全候选,1.0,0.016517128874388255
元学习全候选,1.0,0.016520497654497247
元学习全候选,1.0,0.016523867809057527
元学习全候选,1.0,0.016527239338910427
元学习全候选,1.0,0.01653061224489796
元学习全候选,1.0,0.01653398652786283
元学习全候选,1.0,0.016537362188648427
元学习全候选,1.0,0.016540739228098837
元学习全候选,1.0,0.016544117647058824
元学习全候选,1.0,0.016547497446373852
元学习全候选,1.0,0.01655087862689007
元学习全候选,1.0,0.01655426118945432
元学习全候选,1.0,0.016557645134914145
元学习全候选,1.0,0.016561030464117766
元学习全候选,1.0,0.016564417177914112
元学习全候选,1.0,0.01656780527715279
元学习全候选,1.0,0.016571194762684125
元学习全候选,1.0,0.016574585635359115
元学习全候选,1.0,0.016577977896029474
元学习全候选,1.0,0.016581371545547594
元学习全候选,1.0,0.016584766584766583
元学习全候选,1.0,0.01658816301454024
元学习全候选,1.0,0.016591560835723065
元学习全候选,1.0,0.016594960049170254
元学习全候选,1.0,0.016598360655737703
元学习全候选,1.0,0.016601762656282024
元学习全候选,1.0,0.016605166051660517
元学习全候选,1.0,0.016608570842731187
元学习全候选,1.0,0.016611977030352748
元学习全候选,1.0,0.016615384615384615
元学习全候选,1.0,0.01661879359868691
元学习全候选,1.0,0.01662220398112046
元学习全候选,1.0,0.0166256157635468
元学习全候选,1.0,0.016629028946828165
元学习全候选,1.0,0.016632443531827516
元学习全候选,1.0,0.0166358595194085
元学习全候选,1.0,0.016639276910435496
元学习全候选,1.0,0.016642695705773577
元学习全候选,1.0,0.016646115906288533
元学习全候选,1.0,0.016649537512846865
元学习全候选,1.0,0.01665296052631579
元学习全候选,1.0,0.016656384947563233
元学习全候选,1.0,0.016659810777457835
元学习全候选,1.0,0.016663238016868958
元学习全候选,1.0,0.016666666666666666
元学习全候选,1.0,0.016670096727721753
元学习全候选,1.0,0.016673528200905723
元学习全候选,1.0,0.016676961087090797
元学习全候选,1.0,0.016680395387149917
元学习全候选,1.0,0.016683831101956745
元学习全候选,1.0,0.01668726823238566
元学习全候选,1.0,0.016690706779311767
元学习全候选,1.0,0.01669414674361088
元学习全候选,1.0,0.016697588126159554
元学习全候选,1.0,0.01670103092783505
元学习全候选,1.0,0.016704475149515365
元学习全候选,1.0,0.01670792079207921
元学习全候选,1.0,0.016711367856406024
元学习全候选,1.0,0.01671481634337598
元学习全候选,1.0,0.01671826625386997
元学习全候选,1.0,0.016721717588769613
元学习全候选,1.0,0.016725170348957256
元学习全候选,1.0,0.016728624535315983
元学习全候选,1.0,0.0167320801487296
元学习全候选,1.0,0.016735537190082646
元学习全候选,1.0,0.016738995660260384
元学习全候选,1.0,0.016742455560148823
元学习全候选,1.0,0.01674591689063469
元学习全候选,1.0,0.016749379652605458
元学习全候选,1.0,0.016752843846949327
元学习全候选,1.0,0.016756309474555232
元学习全候选,1.0,0.01675977653631285
元学习全候选,1.0,0.01676324503311258
元学习全候选,1.0,0.01676671496584558
元学习全候选,1.0,0.016770186335403725
元学习全候选,1.0,0.016773659142679642
元学习全候选,1.0,0.016777133388566696
元学习全候选,1.0,0.01678060907395898
元学习全候选,1.0,0.016784086199751348
元学习全候选,1.0,0.016787564766839378
元学习全候选,1.0,0.016791044776119403
元学习全候选,1.0,0.016794526228488493
元学习全候选,1.0,0.016798009124844464
元学习全候选,1.0,0.016801493466085875
元学习全候选,1.0,0.016804979253112032
元学习全候选,1.0,0.016808466486822993
元学习全候选,1.0,0.016811955168119553
元学习全候选,1.0,0.01681544529790326
元学习全候选,1.0,0.01681893687707641
元学习全候选,1.0,0.016822429906542057
元学习全候选,1.0,0.016825924387203987
元学习全候选,1.0,0.016829420319966756
元学习全候选,1.0,0.01683291770573566
元学习全候选,1.0,0.016836416545416753
元学习全候选,1.0,0.01683991683991684
元学习全候选,1.0,0.01684341859014348
元学习全候选,1.0,0.01684692179700499
元学习全候选,1.0,0.016850426461410443
元学习全候选,1.0,0.016853932584269662
元学习全候选,1.0,0.016857440166493237
元学习全候选,1.0,0.016860949208992507
元学习全候选,1.0,0.016864459712679577
元学习全候选,1.0,0.016867971678467306
元学习全候选,1.0,0.01687148510726932
元学习全候选,1.0,0.016875
元学习全候选,1.0,0.016878516357574494
元学习全候选,1.0,0.016882034180908712
元学习全候选,1.0,0.016885553470919325
元学习全候选,1.0,0.01688907422852377
元学习全候选,1.0,0.016892596454640252
元学习全候选,1.0,0.016896120150187734
元学习全候选,1.0,0.016899645316085957
元学习全候选,1.0,0.016903171953255424
元学习全候选,1.0,0.016906700062617408
元学习全候选,1.0,0.016910229645093946
元学习全候选,1.0,0.01691376070160785
元学习全候选,1.0,0.016917293233082706
元学习全候选,1.0,0.016920827240442866
元学习全候选,1.0,0.016924362724613454
元学习全候选,1.0,0.016927899686520375
元学习全候选,1.0,0.0169314381270903
元学习全候选,1.0,0.01693497804725068
元学习全候选,1.0,0.016938519447929738
元学习全候选,1.0,0.016942062330056473
元学习全候选,1.0,0.016945606694560668
元学习全候选,1.0,0.01694915254237288
元学习全候选,1.0,0.016952699874424444
元学习全候选,1.0,0.01695624869164748
元学习全候选,1.0,0.016959798994974875
元学习全候选,1.0,0.016963350785340316
元学习全候选,1.0,0.01696690406367826
元学习全候选,1.0,0.01697045883092395
元学习全候选,1.0,0.01697401508801341
元学习全候选,1.0,0.016977572835883463
元学习全候选,1.0,0.016981132075471698
元学习全候选,1.0,0.016984692807716504
元学习全候选,1.0,0.016988255033557047
元学习全候选,1.0,0.016991818753933293
元学习全候选,1.0,0.016995383969785983
元学习全候选,1.0,0.016998950682056663
元学习全候选,1.0,0.01700251889168766
元学习全候选,1.0,0.017006088599622087
元学习全候选,1.0,0.017009659806803863
元学习全候选,1.0,0.017013232514177693
元学习全候选,1.0,0.017016806722689074
元学习全候选,1.0,0.017020382433284305
元学习全候选,1.0,0.017023959646910468
元学习全候选,1.0,0.01702753836451545
元学习全候选,1.0,0.01703111858704794
元学习全候选,1.0,0.017034700315457414
元学习全候选,1.0,0.01703828355069415
元学习全候选,1.0,0.017041868293709236
元学习全候选,1.0,0.017045454545454544
元学习全候选,1.0,0.017049042306882763
元学习全候选,1.0,0.017052631578947368
元学习全候选,1.0,0.017056222362602652
元学习全候选,1.0,0.017059814658803706
元学习全候选,1.0,0.017063408468506427
元学习全候选,1.0,0.01706700379266751
元学习全候选,1.0,0.017070600632244467
元学习全候选,1.0,0.017074198988195614
元学习全候选,1.0,0.017077798861480076
元学习全候选,1.0,0.017081400253057783
元学习全候选,1.0,0.017085003163889476
元学习全候选,1.0,0.01708860759493671
元学习全候选,1.0,0.01709221354716185
元学习全候选,1.0,0.01709582102152807
元学习全候选,1.0,0.017099430018999367
元学习全候选,1.0,0.01710304054054054
元学习全候选,1.0,0.017106652587117212
元学习全候选,1.0,0.017110266159695818
元学习全候选,1.0,0.01711388125924361
元学习全候选,1.0,0.017117497886728655
元学习全候选,1.0,0.017121116043119847
元学习全候选,1.0,0.017124735729386893
元学习全候选,1.0,0.017128356946500316
元学习全候选,1.0,0.01713197969543147
元学习全候选,1.0,0.01713560397715253
元学习全候选,1.0,0.01713922979263648
元学习全候选,1.0,0.017142857142857144
元学习全候选,1.0,0.01714648602878916
元学习全候选,1.0,0.017150116451408005
元学习全候选,1.0,0.017153748411689963
元学习全候选,1.0,0.017157381910612158
元学习全候选,1.0,0.017161016949152542
元学习全候选,1.0,0.017164653528289893
元学习全候选,1.0,0.017168291649003815
元学习全候选,1.0,0.017171931312274753
元学习全候选,1.0,0.01717557251908397
元学习全候选,1.0,0.017179215270413575
元学习全候选,1.0,0.0171828595672465
元学习全候选,1.0,0.01718650541056652
元学习全候选,1.0,0.017190152801358233
元学习全候选,1.0,0.01719380174060709
元学习全候选,1.0,0.017197452229299363
元学习全候选,1.0,0.01720110426842217
元学习全候选,1.0,0.017204757858963467
元学习全候选,1.0,0.017208413001912046
元学习全候选,1.0,0.017212069698257542
元学习全候选,1.0,0.017215727948990435
元学习全候选,1.0,0.01721938775510204
元学习全候选,1.0,0.01722304911758452
元学习全候选,1.0,0.01722671203743088
元学习全候选,1.0,0.01723037651563497
元学习全候选,1.0,0.01723404255319149
元学习全候选,1.0,0.01723771015109598
元学习全候选,1.0,0.017241379310344827
元学习全候选,1.0,0.01724505003193528
元学习全候选,1.0,0.017248722316865417
元学习全候选,1.0,0.017252396166134186
元学习全候选,1.0,0.017256071580741373
元学习全候选,1.0,0.01725974856168762
元学习全候选,1.0,0.017263427109974423
元学习全候选,1.0,0.017267107226604135
元学习全候选,1.0,0.017270788912579958
元学习全候选,1.0,0.01727447216890595
元学习全候选,1.0,0.01727815699658703
元学习全候选,1.0,0.017281843396628974
元学习全候选,1.0,0.017285531370038413
元学习全候选,1.0,0.01728922091782284
元学习全候选,1.0,0.017292912040990607
元学习全候选,1.0,0.01729660474055093
元学习全候选,1.0,0.017300299017513884
元学习全候选,1.0,0.01730399487289041
元学习全候选,1.0,0.01730769230769231
元学习全候选,1.0,0.01731139132293225
元学习全候选,1.0,0.01731509191962377
元学习全候选,1.0,0.01731879409878127
元学习全候选,1.0,0.017322497861420018
元学习全候选,1.0,0.01732620320855615
元学习全候选,1.0,0.017329910141206675
元学习全候选,1.0,0.01733361866038947
元学习全候选,1.0,0.017337328767123288
元学习全候选,1.0,0.017341040462427744
元学习全候选,1.0,0.01734475374732334
元学习全候选,1.0,0.01734846862283144
元学习全候选,1.0,0.017352185089974295
元学习全候选,1.0,0.017355903149775018
元学习全候选,1.0,0.017359622803257608
元学习全候选,1.0,0.017363344051446947
元学习全候选,1.0,0.017367066895368783
元学习全候选,1.0,0.017370791336049754
元学习全候选,1.0,0.017374517374517374
元学习全候选,1.0,0.017378245011800044
元学习全候选,1.0,0.01738197424892704
元学习全候选,1.0,0.017385705086928525
元学习全候选,1.0,0.01738943752683555
元学习全候选,1.0,0.017393171569680052
元学习全候选,1.0,0.017396907216494846
元学习全候选,1.0,0.01740064446831364
元学习全候选,1.0,0.017404383326171037
元学习全候选,1.0,0.017408123791102514
元学习全候选,1.0,0.017411865864144453
元学习全候选,1.0,0.017415609546334122
元学习全候选,1.0,0.017419354838709676
元学习全候选,1.0,0.017423101742310175
元学习全候选,1.0,0.017426850258175558
元学习全候选,1.0,0.017430600387346677
元学习全候选,1.0,0.01743435213086526
元学习全候选,1.0,0.01743810548977395
元学习全候选,1.0,0.01744186046511628
元学习全候选,1.0,0.01744561705793668
元学习全候选,1.0,0.017449375269280483
元学习全候选,1.0,0.017453135100193924
元学习全候选,1.0,0.017456896551724138
元学习全候选,1.0,0.017460659624919165
元学习全候选,1.0,0.017464424320827943
元学习全候选,1.0,0.017468190640500324
元学习全候选,1.0,0.017471958584987058
元学习全候选,1.0,0.017475728155339806
元学习全候选,1.0,0.017479499352611134
元学习全候选,1.0,0.01748327217785452
元学习全候选,1.0,0.017487046632124352
元学习全候选,1.0,0.017490822716475923
元学习全候选,1.0,0.01749460043196544
元学习全候选,1.0,0.017498379779650033
元学习全候选,1.0,0.017502160760587727
元学习全候选,1.0,0.017505943375837475
元学习全候选,1.0,0.017509727626459144
元学习全候选,1.0,0.017513513513513514
元学习全候选,1.0,0.017517301038062285
元学习全候选,1.0,0.01752109020116807
元学习全候选,1.0,0.01752488100389442
元学习全候选,1.0,0.017528673447305777
元学习全候选,1.0,0.01753246753246753
元学习全候选,1.0,0.017536263260445984
元学习全候选,1.0,0.017540060632308358
元学习全候选,1.0,0.017543859649122806
元学习全候选,1.0,0.017547660311958407
元学习全候选,1.0,0.01755146262188516
元学习全候选,1.0,0.017555266579973992
元学习全候选,1.0,0.01755907218729677
元学习全候选,1.0,0.01756287944492628
元学习全候选,1.0,0.01756668835393624
元学习全候选,1.0,0.0175704989154013
元学习全候选,1.0,0.01757431113039705
元学习全候选,1.0,0.017578125
元学习全候选,1.0,0.017581940525287606
元学习全候选,1.0,0.017585757707338254
元学习全候选,1.0,0.01758957654723127
元学习全候选,1.0,0.017593397046046916
元学习全候选,1.0,0.017597219204866392
元学习全候选,1.0,0.017601043024771838
元学习全候选,1.0,0.01760486850684634
元学习全候选,1.0,0.017608695652173913
元学习全候选,1.0,0.01761252446183953
元学习全候选,1.0,0.0176163549369291
元学习全候选,1.0,0.017620187078529477
元学习全候选,1.0,0.01762402088772846
元学习全候选,1.0,0.0176278563656148
元学习全候选,1.0,0.017631693513278188
元学习全候选,1.0,0.017635532331809273
元学习全候选,1.0,0.017639372822299652
元学习全候选,1.0,0.017643214985841864
元学习全候选,1.0,0.01764705882352941
元学习全候选,1.0,0.017650904336456743
元学习全候选,1.0,0.017654751525719267
元学习全候选,1.0,0.01765860039241334
元学习全候选,1.0,0.017662450937636284
元学习全候选,1.0,0.01766630316248637
元学习全候选,1.0,0.01767015706806283
元学习全候选,1.0,0.01767401265546585
元学习全候选,1.0,0.017677869925796594
元学习全候选,1.0,0.01768172888015717
元学习全候选,1.0,0.017685589519650654
元学习全候选,1.0,0.017689451845381086
元学习全候选,1.0,0.017693315858453473
元学习全候选,1.0,0.017697181559973782
元学习全候选,1.0,0.017701048951048952
元学习全候选,1.0,0.017704918032786884
元学习全候选,1.0,0.01770878880629646
元学习全候选,1.0,0.017712661272687513
元学习全候选,1.0,0.017716535433070866
元学习全候选,1.0,0.0177204112885583
元学习全候选,1.0,0.017724288840262583
元学习全候选,1.0,0.01772816808929744
元学习全候选,1.0,0.017732049036777584
元学习全候选,1.0,0.0177359316838187
元学习全候选,1.0,0.017739816031537452
元学习全候选,1.0,0.017743702081051478
元学习全候选,1.0,0.017747589833479405
元学习全候选,1.0,0.01775147928994083
元学习全候选,1.0,0.017755370451556333
元学习全候选,1.0,0.01775926331944749
元学习全候选,1.0,0.017763157894736842
元学习全候选,1.0,0.017767054178547927
元学习全候选,1.0,0.017770952172005264
元学习全候选,1.0,0.017774851876234364
元学习全候选,1.0,0.01777875329236172
元学习全候选,1.0,0.01778265642151482
元学习全候选,1.0,0.017786561264822136
元学习全候选,1.0,0.017790467823413134
元学习全候选,1.0,0.017794376098418278
元学习全候选,1.0,0.017798286090969017
元学习全候选,1.0,0.017802197802197803
元学习全候选,1.0,0.017806111233238074
元学习全候选,1.0,0.017810026385224276
元学习全候选,1.0,0.01781394325929184
元学习全候选,1.0,0.01781786185657721
元学习全候选,1.0,0.01782178217821782
元学习全候选,1.0,0.017825704225352113
元学习全候选,1.0,0.017829627999119524
元学习全候选,1.0,0.0178335535006605
元学习全候选,1.0,0.017837480731116493
元学习全候选,1.0,0.017841409691629957
元学习全候选,1.0,0.01784534038334435
元学习全候选,1.0,0.017849272807404143
元学习全候选,1.0,0.017853206964954817
元学习全候选,1.0,0.017857142857142856
元学习全候选,1.0,0.017861080485115765
元学习全候选,1.0,0.017865019850022056
元学习全候选,1.0,0.01786896095301125
元学习全候选,1.0,0.01787290379523389
元学习全候选,1.0,0.017876848377841537
元学习全候选,1.0,0.017880794701986755
元学习全候选,1.0,0.01788474276882314
元学习全候选,1.0,0.0178886925795053
元学习全候选,1.0,0.017892644135188866
元学习全候选,1.0,0.017896597437030492
元学习全候选,1.0,0.017900552486187844
元学习全候选,1.0,0.01790450928381963
元学习全候选,1.0,0.017908467831085562
元学习全候选,1.0,0.017912428129146396
元学习全候选,1.0,0.017916390179163903
元学习全候选,1.0,0.017920353982300886
元学习全候选,1.0,0.01792431953972118
元学习全候选,1.0,0.017928286852589643
元学习全候选,1.0,0.017932255922072173
元学习全候选,1.0,0.017936226749335694
元学习全候选,1.0,0.017940199335548173
元学习全候选,1.0,0.0179441736818786
元学习全候选,1.0,0.01794814978949701
元学习全候选,1.0,0.01795212765957447
元学习全候选,1.0,0.017956107293283084
元学习全候选,1.0,0.01796008869179601
元学习全候选,1.0,0.017964071856287425
元学习全候选,1.0,0.017968056787932566
元学习全候选,1.0,0.0179720434879077
元学习全候选,1.0,0.017976031957390146
元学习全候选,1.0,0.01798002219755827
元学习全候选,1.0,0.017984014209591476
元学习全候选,1.0,0.01798800799467022
元学习全候选,1.0,0.01799200355397601
元学习全候选,1.0,0.017996000888691403
元学习全候选,1.0,0.018
元学习全候选,1.0,0.018004000889086463
元学习全候选,1.0,0.018008003557136505
元学习全候选,1.0,0.01801200800533689
元学习全候选,1.0,0.018016014234875446
元学习全候选,1.0,0.018020022246941044
元学习全候选,1.0,0.018024032042723633
元学习全候选,1.0,0.0180280436234142
元学习全候选,1.0,0.018032056990204808
元学习全候选,1.0,0.018036072144288578
元学习全候选,1.0,0.01804008908685969
元学习全候选,1.0,0.01804410781911339
元学习全候选,1.0,0.01804812834224599
元学习全候选,1.0,0.01805215065745487
元学习全候选,1.0,0.018056174765938474
元学习全候选,1.0,0.018060200668896322
元学习全候选,1.0,0.01806422836752899
元学习全候选,1.0,0.018068257863038145
元学习全候选,1.0,0.018072289156626505
元学习全候选,1.0,0.01807632224949788
元学习全候选,1.0,0.018080357142857145
元学习全候选,1.0,0.01808439383791025
元学习全候选,1.0,0.018088432335864227
元学习全候选,1.0,0.018092472637927185
元学习全候选,1.0,0.018096514745308313
元学习全候选,1.0,0.018100558659217877
元学习全候选,1.0,0.018104604380867233
元学习全候选,1.0,0.018108651911468814
元学习全候选,1.0,0.018112701252236137
元学习全候选,1.0,0.018116752404383808
元学习全候选,1.0,0.018120805369127517
元学习全候选,1.0,0.018124860147684045
元学习全候选,1.0,0.01812891674127126
元学习全候选,1.0,0.018132975151108125
元学习全候选,1.0,0.018137035378414688
元学习全候选,1.0,0.018141097424412094
元学习全候选,1.0,0.018145161290322582
元学习全候选,1.0,0.01814922697736948
元学习全候选,1.0,0.01815329448677723
元学习全候选,1.0,0.01815736381977135
元学习全候选,1.0,0.018161434977578474
元学习全候选,1.0,0.01816550796142633
元学习全候选,1.0,0.01816958277254374
元学习全候选,1.0,0.018173659412160648
元学习全候选,1.0,0.018177737881508078
元学习全候选,1.0,0.01818181818181818
元学习全候选,1.0,0.018185900314324203
元学习全候选,1.0,0.018189984280260498
元学习全候选,1.0,0.018194070080862535
元学习全候选,1.0,0.018198157717366884
元学习全候选,1.0,0.018202247191011236
元学习全候选,1.0,0.01820633850303439
元学习全候选,1.0,0.01821043165467626
元学习全候选,1.0,0.018214526647177872
元学习全候选,1.0,0.018218623481781375
元学习全候选,1.0,0.018222722159730035
元学习全候选,1.0,0.018226822682268228
元学习全候选,1.0,0.01823092505064146
元学习全候选,1.0,0.018235029266096353
元学习全候选,1.0,0.018239135329880658
元学习全候选,1.0,0.018243243243243244
元学习全候选,1.0,0.018247353007434106
元学习全候选,1.0,0.01825146462370437
元学习全候选,1.0,0.018255578093306288
元学习全候选,1.0,0.01825969341749324
元学习全候选,1.0,0.01826381059751973
元学习全候选,1.0,0.018267929634641408
元学习全候选,1.0,0.018272050530115047
元学习全候选,1.0,0.018276173285198555
元学习全候选,1.0,0.01828029790115098
元学习全候选,1.0,0.018284424379232507
元学习全候选,1.0,0.018288552720704447
元学习全候选,1.0,0.018292682926829267
元学习全候选,1.0,0.018296814998870568
元学习全候选,1.0,0.018300948938093087
元学习全候选,1.0,0.01830508474576271
元学习全候选,1.0,0.018309222423146473
元学习全候选,1.0,0.018313361971512548
元学习全候选,1.0,0.018317503392130258
元学习全候选,1.0,0.018321646686270076
元学习全候选,1.0,0.01832579185520362
元学习全候选,1.0,0.018329938900203666
元学习全候选,1.0,0.01833408782254414
元学习全候选,1.0,0.018338238623500112
元学习全候选,1.0,0.018342391304347828
元学习全候选,1.0,0.018346545866364666
元学习全候选,1.0,0.01835070231082918
元学习全候选,1.0,0.018354860639021073
元学习全候选,1.0,0.018359020852221214
元学习全候选,1.0,0.01836318295171163
元学习全候选,1.0,0.018367346938775512
元学习全候选,1.0,0.01837151281469721
元学习全候选,1.0,0.01837568058076225
元学习全候选,1.0,0.018379850238257316
元学习全候选,1.0,0.01838402178847027
元学习全候选,1.0,0.018388195232690124
元学习全候选,1.0,0.018392370572207085
元学习全候选,1.0,0.018396547808312513
元学习全候选,1.0,0.018400726942298953
元学习全候选,1.0,0.018404907975460124
元学习全候选,1.0,0.01840909090909091
元学习全候选,1.0,0.018413275744487385
元学习全候选,1.0,0.018417462482946793
元学习全候选,1.0,0.018421651125767567
元学习全候选,1.0,0.018425841674249318
元学习全候选,1.0,0.018430034129692834
元学习全候选,1.0,0.018434228493400092
元学习全候选,1.0,0.018438424766674254
元学习全候选,1.0,0.018442622950819672
元学习全候选,1.0,0.018446823047141882
元学习全候选,1.0,0.01845102505694761
元学习全候选,1.0,0.01845522898154477
元学习全候选,1.0,0.01845943482224248
元学习全候选,1.0,0.018463642580351037
元学习全候选,1.0,0.018467852257181942
元学习全候选,1.0,0.018472063854047892
元学习全候选,1.0,0.018476277372262775
元学习全候选,1.0,0.018480492813141684
元学习全候选,1.0,0.018484710178000914
元学习全候选,1.0,0.018488929468157955
元学习全候选,1.0,0.018493150684931507
元学习全候选,1.0,0.01849737382964147
元学习全候选,1.0,0.018501598903608953
元学习全候选,1.0,0.018505825908156272
元学习全候选,1.0,0.01851005484460695
元学习全候选,1.0,0.018514285714285716
元学习全候选,1.0,0.018518518518518517
元学习全候选,1.0,0.018522753258632518
元学习全候选,1.0,0.018526989935956084
元学习全候选,1.0,0.018531228551818806
元学习全候选,1.0,0.018535469107551487
元学习全候选,1.0,0.018539711604486152
元学习全候选,1.0,0.018543956043956044
元学习全候选,1.0,0.018548202427295626
元学习全候选,1.0,0.018552450755840586
元学习全候选,1.0,0.018556701030927835
元学习全候选,1.0,0.01856095325389551
元学习全候选,1.0,0.01856520742608297
元学习全候选,1.0,0.018569463548830812
元学习全候选,1.0,0.01857372162348085
元学习全候选,1.0,0.018577981651376148
元学习全候选,1.0,0.018582243633860976
元学习全候选,1.0,0.018586507572280864
元学习全候选,1.0,0.018590773467982557
元学习全候选,1.0,0.01859504132231405
元学习全候选,1.0,0.01859931113662457
元学习全候选,1.0,0.018603582912264584
元学习全候选,1.0,0.018607856650585803
元学习全候选,1.0,0.018612132352941176
元学习全候选,1.0,0.0186164100206849
元学习全候选,1.0,0.018620689655172412
元学习全候选,1.0,0.018624971257760404
元学习全候选,1.0,0.018629254829806808
元学习全候选,1.0,0.018633540372670808
元学习全候选,1.0,0.01863782788771284
元学习全候选,1.0,0.018642117376294592
元学习全候选,1.0,0.018646408839779006
元学习全候选,1.0,0.01865070227953028
元学习全候选,1.0,0.018654997696913863
元学习全候选,1.0,0.018659295093296474
元学习全候选,1.0,0.018663594470046084
元学习全候选,1.0,0.01866789582853192
元学习全候选,1.0,0.01867219917012448
元学习全候选,1.0,0.018676504496195526
元学习全候选,1.0,0.01868081180811808
元学习全候选,1.0,0.018685121107266434
元学习全候选,1.0,0.01868943239501615
元学习全候选,1.0,0.018693745672744056
元学习全候选,1.0,0.018698060941828253
元学习全候选,1.0,0.018702378203648118
元学习全候选,1.0,0.018706697459584296
元学习全候选,1.0,0.018711018711018712
元学习全候选,1.0,0.018715341959334567
元学习全候选,1.0,0.01871966720591634
元学习全候选,1.0,0.01872399445214979
元学习全候选,1.0,0.018728323699421966
元学习全候选,1.0,0.018732654949121186
元学习全候选,1.0,0.018736988202637056
元学习全候选,1.0,0.018741323461360482
元学习全候选,1.0,0.018745660726683638
元学习全候选,1.0,0.01875
元学习全候选,1.0,0.01875434128270433
元学习全候选,1.0,0.01875868457619268
元学习全候选,1.0,0.018763029881862403
元学习全候选,1.0,0.018767377201112143
元学习全候选,1.0,0.018771726535341832
元学习全候选,1.0,0.018776077885952713
元学习全候选,1.0,0.01878043125434732
元学习全候选,1.0,0.0187847866419295
元学习全候选,1.0,0.018789144050104383
元学习全候选,1.0,0.01879350348027842
元学习全候选,1.0,0.018797864933859366
元学习全候选,1.0,0.018802228412256268
元学习全候选,1.0,0.0188065939168795
元学习全候选,1.0,0.018810961449140733
元学习全候选,1.0,0.018815331010452963
元学习全候选,1.0,0.018819702602230485
元学习全候选,1.0,0.018824076225888914
元学习全候选,1.0,0.01882845188284519
元学习全候选,1.0,0.018832829574517554
元学习全候选,1.0,0.018837209302325582
元学习全候选,1.0,0.01884159106769016
元学习全候选,1.0,0.018845974872033502
元学习全候选,1.0,0.01885036071677915
元学习全候选,1.0,0.018854748603351956
元学习全候选,1.0,0.018859138533178114
元学习全候选,1.0,0.01886353050768514
元学习全候选,1.0,0.018867924528301886
元学习全候选,1.0,0.018872320596458526
元学习全候选,1.0,0.018876718713586576
元学习全候选,1.0,0.01888111888111888
元学习全候选,1.0,0.018885521100489626
元学习全候选,1.0,0.018889925373134327
元学习全候选,1.0,0.018894331700489854
元学习全候选,1.0,0.0188987400839944
元学习全候选,1.0,0.018903150525087516
元学习全候选,1.0,0.018907563025210083
元学习全候选,1.0,0.018911977585804342
元学习全候选,1.0,0.018916394208313873
元学习全候选,1.0,0.0189208128941836
元学习全候选,1.0,0.018925233644859814
元学习全候选,1.0,0.018929656461790137
元学习全候选,1.0,0.018934081346423562
元学习全候选,1.0,0.01893850830021043
元学习全候选,1.0,0.01894293732460243
元学习全候选,1.0,0.018947368421052633
元学习全候选,1.0,0.018951801591015442
元学习全候选,1.0,0.018956236835946643
元学习全候选,1.0,0.018960674157303372
元学习全候选,1.0,0.018965113556544136
元学习全候选,1.0,0.018969555035128805
元学习全候选,1.0,0.018973998594518624
元学习全候选,1.0,0.018978444236176194
元学习全候选,1.0,0.018982891961565503
元学习全候选,1.0,0.0189873417721519
元学习全候选,1.0,0.01899179366940211
元学习全候选,1.0,0.01899624765478424
元学习全候选,1.0,0.019000703729767768
元学习全候选,1.0,0.019005161895823557
元学习全候选,1.0,0.019009622154423846
元学习全候选,1.0,0.019014084507042252
元学习全候选,1.0,0.019018548955153793
元学习全候选,1.0,0.01902301550023485
元学习全候选,1.0,0.019027484143763214
元学习全候选,1.0,0.019031954887218046
元学习全候选,1.0,0.019036427732079905
元学习全候选,1.0,0.01904090267983075
元学习全候选,1.0,0.019045379731953915
元学习全候选,1.0,0.01904985888993415
元学习全候选,1.0,0.019054340155257588
元学习全候选,1.0,0.019058823529411763
元学习全候选,1.0,0.01906330901388562
元学习全候选,1.0,0.019067796610169493
元学习全候选,1.0,0.019072286319755122
元学习全候选,1.0,0.019076778144135657
元学习全候选,1.0,0.019081272084805655
元学习全候选,1.0,0.019085768143261076
元学习全候选,1.0,0.019090266320999295
元学习全候选,1.0,0.019094766619519095
元学习全候选,1.0,0.01909926904032068
元学习全候选,1.0,0.01910377358490566
元学习全候选,1.0,0.01910828025477707
元学习全候选,1.0,0.019112789051439358
元学习全候选,1.0,0.019117299976398393
元学习全候选,1.0,0.019121813031161474
元学习全候选,1.0,0.01912632821723731
元学习全候选,1.0,0.019130845536136042
元学习全候选,1.0,0.01913536498936924
元学习全候选,1.0,0.019139886578449904
元学习全候选,1.0,0.01914441030489246
元学习全候选,1.0,0.019148936170212766
元学习全候选,1.0,0.019153464175928114
元学习全候选,1.0,0.019157994323557238
元学习全候选,1.0,0.0191625266146203
元学习全候选,1.0,0.019167061050638902
元学习全候选,1.0,0.019171597633136094
元学习全候选,1.0,0.019176136363636364
元学习全候选,1.0,0.01918067724366564
元学习全候选,1.0,0.019185220274751304
元学习全候选,1.0,0.019189765458422176
元学习全候选,1.0,0.01919431279620853
元学习全候选,1.0,0.019198862289642096
元学习全候选,1.0,0.019203413940256046
元学习全候选,1.0,0.01920796774958501
元学习全候选,1.0,0.019212523719165084
元学习全候选,1.0,0.019217081850533807
元学习全候选,1.0,0.019221642145230186
元学习全候选,1.0,0.019226204604794683
元学习全候选,1.0,0.019230769230769232
元学习全候选,1.0,0.019235336024697222
元学习全候选,1.0,0.019239904988123516
元学习全候选,1.0,0.01924447612259444
元学习全候选,1.0,0.019249049429657796
元学习全候选,1.0,0.019253624910862847
元学习全候选,1.0,0.01925820256776034
元学习全候选,1.0,0.019262782401902497
元学习全候选,1.0,0.019267364414843006
元学习全候选,1.0,0.019271948608137045
元学习全候选,1.0,0.019276534983341267
元学习全候选,1.0,0.019281123542013806
元学习全候选,1.0,0.019285714285714285
元学习全候选,1.0,0.01929030721600381
元学习全候选,1.0,0.019294902334444974
元学习全候选,1.0,0.01929949964260186
元学习全候选,1.0,0.019304099142040038
元学习全候选,1.0,0.019308700834326578
元学习全候选,1.0,0.019313304721030045
元学习全候选,1.0,0.019317910803720487
元学习全候选,1.0,0.019322519083969467
元学习全候选,1.0,0.019327129563350035
元学习全候选,1.0,0.019331742243436756
元学习全候选,1.0,0.01933635712580568
元学习全候选,1.0,0.019340974212034383
元学习全候选,1.0,0.019345593503701936
元学习全候选,1.0,0.019350215002388916
元学习全候选,1.0,0.01935483870967742
元学习全候选,1.0,0.019359464627151053
元学习全候选,1.0,0.019364092756394932
元学习全候选,1.0,0.019368723098995694
元学习全候选,1.0,0.019373355656541497
元学习全候选,1.0,0.019377990430622008
元学习全候选,1.0,0.019382627422828428
元学习全候选,1.0,0.019387266634753472
元学习全候选,1.0,0.019391908067991383
元学习全候选,1.0,0.01939655172413793
元学习全候选,1.0,0.019401197604790418
元学习全候选,1.0,0.019405845711547676
元学习全候选,1.0,0.019410496046010063
元学习全候选,1.0,0.019415148609779484
元学习全候选,1.0,0.01941980340445936
元学习全候选,1.0,0.019424460431654675
元学习全候选,1.0,0.019429119692971935
元学习全候选,1.0,0.019433781190019195
元学习全候选,1.0,0.019438444924406047
元学习全候选,1.0,0.01944311089774364
元学习全候选,1.0,0.019447779111644657
元学习全候选,1.0,0.019452449567723344
元学习全候选,1.0,0.019457122267595484
元学习全候选,1.0,0.019461797212878423
元学习全候选,1.0,0.01946647440519106
元学习全候选,1.0,0.019471153846153846
元学习全候选,1.0,0.019475835537388797
元学习全候选,1.0,0.01948051948051948
元学习全候选,1.0,0.019485205677171036
元学习全候选,1.0,0.019489894128970165
元学习全候选,1.0,0.019494584837545126
元学习全候选,1.0,0.019499277804525757
元学习全候选,1.0,0.019503973031543463
元学习全候选,1.0,0.019508670520231215
元学习全候选,1.0,0.019513370272223562
元学习全候选,1.0,0.019518072289156627
元学习全候选,1.0,0.019522776572668113
元学习全候选,1.0,0.0195274831243973
元学习全候选,1.0,0.019532191945985048
元学习全候选,1.0,0.019536903039073805
元学习全候选,1.0,0.0195416164053076
元学习全候选,1.0,0.019546332046332045
元学习全候选,1.0,0.01955104996379435
元学习全候选,1.0,0.019555770159343313
元学习全候选,1.0,0.019560492634629317
元学习全候选,1.0,0.01956521739130435
元学习全候选,1.0,0.019569944431021984
元学习全候选,1.0,0.019574673755437408
元学习全候选,1.0,0.019579405366207395
元学习全候选,1.0,0.01958413926499033
元学习全候选,1.0,0.019588875453446192
元学习全候选,1.0,0.019593613933236574
元学习全候选,1.0,0.019598354706024678
元学习全候选,1.0,0.019603097773475315
元学习全候选,1.0,0.0196078431372549
元学习全候选,1.0,0.019612590799031476
元学习全候选,1.0,0.01961734076047469
元学习全候选,1.0,0.019622093023255814
元学习全候选,1.0,0.019626847589047734
元学习全候选,1.0,0.019631604459524964
元学习全候选,1.0,0.019636363636363636
元学习全候选,1.0,0.019641125121241512
元学习全候选,1.0,0.019645888915837982
元学习全候选,1.0,0.019650655021834062
元学习全候选,1.0,0.0196554234409124
元学习全候选,1.0,0.01966019417475728
元学习全候选,1.0,0.019664967225054626
元学习全候选,1.0,0.019669742593491985
元学习全候选,1.0,0.019674520281758562
元学习全候选,1.0,0.01967930029154519
元学习全候选,1.0,0.01968408262454435
元学习全候选,1.0,0.01968886728245017
元学习全候选,1.0,0.019693654266958426
元学习全候选,1.0,0.019698443579766536
元学习全候选,1.0,0.019703235222573584
元学习全候选,1.0,0.01970802919708029
元学习全候选,1.0,0.019712825504989047
元学习全候选,1.0,0.019717624148003893
元学习全候选,1.0,0.019722425127830533
元学习全候选,1.0,0.019727228446176328
元学习全候选,1.0,0.019732034104750305
元学习全候选,1.0,0.019736842105263157
元学习全候选,1.0,0.019741652449427247
元学习全候选,1.0,0.019746465138956608
元学习全候选,1.0,0.019751280175566936
元学习全候选,1.0,0.01975609756097561
元学习全候选,1.0,0.019760917296901683
元学习全候选,1.0,0.019765739385065886
元学习全候选,1.0,0.019770563827190626
元学习全候选,1.0,0.019775390625
元学习全候选,1.0,0.01978021978021978
元学习全候选,1.0,0.01978505129457743
元学习全候选,1.0,0.0197898851698021
元学习全候选,1.0,0.019794721407624633
元学习全候选,1.0,0.01979956000977756
元学习全候选,1.0,0.01980440097799511
元学习全候选,1.0,0.019809244314013204
元学习全候选,1.0,0.01981409001956947
元学习全候选,1.0,0.01981893809640323
元学习全候选,1.0,0.019823788546255508
元学习全候选,1.0,0.019828641370869034
元学习全候选,1.0,0.019833496571988248
元学习全候选,1.0,0.019838354151359296
元学习全候选,1.0,0.019843214110730034
元学习全候选,1.0,0.019848076451850036
元学习全候选,1.0,0.019852941176470587
元学习全候选,1.0,0.019857808286344692
元学习全候选,1.0,0.019862677783227072
元学习全候选,1.0,0.019867549668874173
元学习全候选,1.0,0.01987242394504416
元学习全候选,1.0,0.01987730061349693
元学习全候选,1.0,0.019882179675994108
元学习全候选,1.0,0.01988706113429904
元学习全候选,1.0,0.019891944990176817
元学习全候选,1.0,0.01989683124539425
元学习全候选,1.0,0.019901719901719902
元学习全候选,1.0,0.01990661096092406
元学习全候选,1.0,0.01991150442477876
元学习全候选,1.0,0.01991640029505778
元学习全候选,1.0,0.019921298573536646
元学习全候选,1.0,0.01992619926199262
元学习全候选,1.0,0.019931102362204724
元学习全候选,1.0,0.01993600787595373
元学习全候选,1.0,0.019940915805022157
元学习全候选,1.0,0.019945826151194286
元学习全候选,1.0,0.019950738916256157
元学习全候选,1.0,0.019955654101995565
元学习全候选,1.0,0.01996057171020207
元学习全候选,1.0,0.019965491742666996
元学习全候选,1.0,0.019970414201183433
元学习全候选,1.0,0.01997533908754624
元学习全候选,1.0,0.019980266403552046
元学习全候选,1.0,0.01998519615099926
元学习全候选,1.0,0.019990128331688055
元学习全候选,1.0,0.01999506294742039
元学习全候选,1.0,0.02
元学习全候选,1.0,0.0200049394912324
元学习全候选,1.0,0.0200098814229249
元学习全候选,1.0,0.02001482579688658
元学习全候选,1.0,0.020019772614928325
元学习全候选,1.0,0.020024721878862794
元学习全候选,1.0,0.020029673590504452
元学习全候选,1.0,0.020034627751669552
元学习全候选,1.0,0.02003958436417615
元学习全候选,1.0,0.0200445434298441
元学习全候选,1.0,0.02004950495049505
元学习全候选,1.0,0.020054468927952464
元学习全候选,1.0,0.020059435364041606
元学习全候选,1.0,0.020064404260589547
元学习全候选,1.0,0.020069375619425175
元学习全候选,1.0,0.020074349442379184
元学习全候选,1.0,0.020079325731284084
元学习全候选,1.0,0.020084304487974214
元学习全候选,1.0,0.020089285714285716
元学习全候选,1.0,0.02009426941205656
元学习全候选,1.0,0.02009925558312655
元学习全候选,1.0,0.020104244229337303
元学习全候选,1.0,0.020109235352532274
元学习全候选,1.0,0.02011422895455674
元学习全候选,1.0,0.020119225037257823
元学习全候选,1.0,0.020124223602484472
元学习全候选,1.0,0.020129224652087475
元学习全候选,1.0,0.020134228187919462
元学习全候选,1.0,0.02013923421183491
元学习全候选,1.0,0.020144242725690126
元学习全候选,1.0,0.020149253731343283
元学习全候选,1.0,0.02015426723065439
元学习全候选,1.0,0.020159283225485315
元学习全候选,1.0,0.020164301717699777
元学习全候选,1.0,0.020169322709163346
元学习全候选,1.0,0.02017434620174346
元学习全候选,1.0,0.020179372197309416
元学习全候选,1.0,0.02018440069773237
元学习全候选,1.0,0.020189431704885345
元学习全候选,1.0,0.02019446522064323
元学习全候选,1.0,0.020199501246882794
元学习全候选,1.0,0.020204539785482666
元学习全候选,1.0,0.020209580838323353
元学习全候选,1.0,0.020214624407287246
元学习全候选,1.0,0.020219670494258612
元学习全候选,1.0,0.020224719101123594
元学习全候选,1.0,0.020229770229770228
元学习全候选,1.0,0.020234823882088433
元学习全候选,1.0,0.020239880059970013
元学习全候选,1.0,0.02024493876530867
元学习全候选,1.0,0.02025
元学习全候选,1.0,0.020255063765941484
元学习全候选,1.0,0.020260130065032515
元学习全候选,1.0,0.020265198899174382
元学习全候选,1.0,0.02027027027027027
元学习全候选,1.0,0.020275344180225283
元学习全候选,1.0,0.02028042063094642
元学习全候选,1.0,0.0202854996243426
元学习全候选,1.0,0.02029058116232465
元学习全候选,1.0,0.020295665246805313
元学习全候选,1.0,0.02030075187969925
元学习全候选,1.0,0.02030584106292304
元学习全候选,1.0,0.020310932798395187
元学习全候选,1.0,0.020316027088036117
元学习全候选,1.0,0.020321123933768188
元学习全候选,1.0,0.020326223337515683
元学习全候选,1.0,0.02033132530120482
元学习全候选,1.0,0.020336429826763747
元学习全候选,1.0,0.020341536916122553
元学习全候选,1.0,0.020346646571213264
元学习全候选,1.0,0.02035175879396985
元学习全候选,1.0,0.020356873586328223
元学习全候选,1.0,0.020361990950226245
元学习全候选,1.0,0.02036711088760372
元学习全候选,1.0,0.020372233400402416
元学习全候选,1.0,0.020377358490566037
元学习全候选,1.0,0.02038248616004026
元学习全候选,1.0,0.020387616410772715
元学习全候选,1.0,0.02039274924471299
元学习全候选,1.0,0.020397884663812642
元学习全候选,1.0,0.020403022670025188
元学习全候选,1.0,0.02040816326530612
元学习全候选,1.0,0.020413306451612902
元学习全候选,1.0,0.020418452230904965
元学习全候选,1.0,0.02042360060514372
元学习全候选,1.0,0.02042875157629256
元学习全候选,1.0,0.020433905146316853
元学习全候选,1.0,0.02043906131718395
元学习全候选,1.0,0.0204442200908632
元学习全候选,1.0,0.020449381469325928
元学习全候选,1.0,0.020454545454545454
元学习全候选,1.0,0.020459712048497097
元学习全候选,1.0,0.020464881253158162
元学习全候选,1.0,0.02047005307050796
元学习全候选,1.0,0.020475227502527806
元学习全候选,1.0,0.020480404551201013
元学习全候选,1.0,0.0204855842185129
元学习全候选,1.0,0.0204907665064508
元学习全候选,1.0,0.020495951417004048
元学习全候选,1.0,0.02050113895216401
元学习全候选,1.0,0.02050632911392405
元学习全候选,1.0,0.020511521904279566
元学习全候选,1.0,0.020516717325227963
元学习全候选,1.0,0.020521915378768685
元学习全候选,1.0,0.020527116066903193
元学习全候选,1.0,0.02053231939163498
元学习全候选,1.0,0.020537525354969575
元学习全候选,1.0,0.02054273395891453
元学习全候选,1.0,0.02054794520547945
元学习全候选,1.0,0.02055315909667597
元学习全候选,1.0,0.020558375634517765
元学习全候选,1.0,0.020563594821020565
元学习全候选,1.0,0.020568816658202132
元学习全候选,1.0,0.020574041148082298
元学习全候选,1.0,0.020579268292682928
元学习全候选,1.0,0.020584498094027955
元学习全候选,1.0,0.020589730554143367
元学习全候选,1.0,0.020594965675057208
元学习全候选,1.0,0.020600203458799593
元学习全候选,1.0,0.020605443907402696
元学习全候选,1.0,0.020610687022900764
元学习全候选,1.0,0.02061593280733011
元学习全候选,1.0,0.020621181262729125
元学习全候选,1.0,0.020626432391138275
元学习全候选,1.0,0.020631686194600103
元学习全候选,1.0,0.020636942675159236
元学习全候选,1.0,0.020642201834862386
元学习全候选,1.0,0.02064746367575835
元学习全候选,1.0,0.02065272819989801
元学习全候选,1.0,0.020657995409334353
元学习全候选,1.0,0.02066326530612245
元学习全候选,1.0,0.02066853789231947
元学习全候选,1.0,0.020673813169984685
元学习全候选,1.0,0.020679091141179475
元学习全候选,1.0,0.020684371807967315
元学习全候选,1.0,0.020689655172413793
元学习全候选,1.0,0.020694941236586613
元学习全候选,1.0,0.020700230002555584
元学习全候选,1.0,0.020705521472392636
元学习全候选,1.0,0.020710815648171822
元学习全候选,1.0,0.02071611253196931
元学习全候选,1.0,0.02072141212586339
元学习全候选,1.0,0.020726714431934492
元学习全候选,1.0,0.020732019452265164
元学习全候选,1.0,0.020737327188940093
元学习全候选,1.0,0.020742637644046096
元学习全候选,1.0,0.02074795081967213
元学习全候选,1.0,0.0207532667179093
元学习全候选,1.0,0.020758585340850847
元学习全候选,1.0,0.020763906690592155
元学习全候选,1.0,0.02076923076923077
元学习全候选,1.0,0.020774557578866377
元学习全候选,1.0,0.02077988712160082
元学习全候选,1.0,0.020785219399538105
元学习全候选,1.0,0.020790554414784394
元学习全候选,1.0,0.02079589216944801
元学习全候选,1.0,0.020801232665639446
元学习全候选,1.0,0.02080657590547136
元学习全候选,1.0,0.02081192189105858
元学习全候选,1.0,0.02081727062451812
元学习全候选,1.0,0.02082262210796915
元学习全候选,1.0,0.02082797634353304
元学习全候选,1.0,0.020833333333333332
元学习全候选,1.0,0.020838693079495756
元学习全候选,1.0,0.020844055584148223
元学习全候选,1.0,0.02084942084942085
元学习全候选,1.0,0.02085478887744593
元学习全候选,1.0,0.02086015967035797
元学习全候选,1.0,0.020865533230293665
元学习全候选,1.0,0.020870909559391908
元学习全候选,1.0,0.020876288659793813
元学习全候选,1.0,0.02088167053364269
元学习全候选,1.0,0.020887055183084063
元学习全候选,1.0,0.02089244261026567
元学习全候选,1.0,0.02089783281733746
元学习全候选,1.0,0.02090322580645161
元学习全候选,1.0,0.020908621579762518
元学习全候选,1.0,0.020914020139426802
元学习全候选,1.0,0.020919421487603305
元学习全候选,1.0,0.020924825626453113
元学习全候选,1.0,0.020930232558139535
元学习全候选,1.0,0.02093564228482812
元学习全候选,1.0,0.02094105480868666
元学习全候选,1.0,0.02094647013188518
元学习全候选,1.0,0.020951888256595965
元学习全候选,1.0,0.02095730918499353
元学习全候选,1.0,0.02096273291925466
元学习全候选,1.0,0.020968159461558375
元学习全候选,1.0,0.020973588814085967
元学习全候选,1.0,0.02097902097902098
元学习全候选,1.0,0.02098445595854922
元学习全候选,1.0,0.020989893754858772
元学习全候选,1.0,0.020995334370139968
元学习全候选,1.0,0.02100077780658543
元学习全候选,1.0,0.021006224066390043
元学习全候选,1.0,0.021011673151750974
元学习全候选,1.0,0.02101712506486767
元学习全候选,1.0,0.021022579807941862
元学习全候选,1.0,0.02102803738317757
元学习全候选,1.0,0.021033497792781096
元学习全候选,1.0,0.021038961038961038
元学习全候选,1.0,0.021044427123928292
元学习全候选,1.0,0.02104989604989605
元学习全候选,1.0,0.021055367819079802
元学习全候选,1.0,0.02106084243369735
元学习全候选,1.0,0.021066319895968792
元学习全候选,1.0,0.021071800208116546
元学习全候选,1.0,0.02107728337236534
元学习全候选,1.0,0.021082769390942217
元学习全候选,1.0,0.02108825826607654
元学习全候选,1.0,0.02109375
元学习全候选,1.0,0.021099244594946602
元学习全候选,1.0,0.021104742053152683
元学习全候选,1.0,0.02111024237685692
元学习全候选,1.0,0.02111574556830031
元学习全候选,1.0,0.021121251629726206
元学习全候选,1.0,0.02112676056338028
元学习全候选,1.0,0.021132272371510566
元学习全候选,1.0,0.021137787056367433
元学习全候选,1.0,0.021143304620203602
元学习全候选,1.0,0.02114882506527415
元学习全候选,1.0,0.021154348393836512
元学习全候选,1.0,0.02115987460815047
元学习全候选,1.0,0.021165403710478183
元学习全候选,1.0,0.021170935703084162
元学习全候选,1.0,0.021176470588235293
元学习全候选,1.0,0.021182008368200837
元学习全候选,1.0,0.02118754904525242
元学习全候选,1.0,0.02119309262166405
元学习全候选,1.0,0.02119863909971212
元学习全候选,1.0,0.021204188481675393
元学习全候选,1.0,0.021209740769835034
元学习全候选,1.0,0.021215295966474593
元学习全候选,1.0,0.02122085407388001
元学习全候选,1.0,0.02122641509433962
元学习全候选,1.0,0.021231979030144166
元学习全候选,1.0,0.021237545883586787
元学习全候选,1.0,0.021243115656963022
元学习全候选,1.0,0.02124868835257083
元学习全候选,1.0,0.021254263972710574
元学习全候选,1.0,0.02125984251968504
元学习全候选,1.0,0.021265423995799424
元学习全候选,1.0,0.021271008403361345
元学习全候选,1.0,0.02127659574468085
元学习全候选,1.0,0.021282186022070416
元学习全候选,1.0,0.02128777923784494
元学习全候选,1.0,0.021293375394321766
元学习全候选,1.0,0.021298974493820667
元学习全候选,1.0,0.021304576538663862
元学习全候选,1.0,0.021310181531176007
元学习全候选,1.0,0.02131578947368421
元学习全候选,1.0,0.02132140036851803
元学习全候选,1.0,0.02132701421800948
元学习全候选,1.0,0.02133263102449302
元学习全候选,1.0,0.021338250790305584
元学习全候选,1.0,0.021343873517786563
元学习全候选,1.0,0.021349499209277808
元学习全候选,1.0,0.02135512786712365
元学习全候选,1.0,0.021360759493670885
元学习全候选,1.0,0.021366394091268795
元学习全候选,1.0,0.021372031662269128
元学习全候选,1.0,0.021377672209026127
元学习全候选,1.0,0.021383315733896516
元学习全候选,1.0,0.021388962239239504
元学习全候选,1.0,0.021394611727416798
元学习全候选,1.0,0.021400264200792603
元学习全候选,1.0,0.021405919661733615
元学习全候选,1.0,0.02141157811260904
元学习全候选,1.0,0.02141723955579059
元学习全候选,1.0,0.021422903993652473
元学习全候选,1.0,0.02142857142857143
元学习全候选,1.0,0.0214342418629267
元学习全候选,1.0,0.021439915299100054
元学习全候选,1.0,0.021445591739475776
元学习全候选,1.0,0.021451271186440676
元学习全候选,1.0,0.021456953642384105
元学习全候选,1.0,0.021462639109697933
元学习全候选,1.0,0.02146832759077657
元学习全候选,1.0,0.021474019088016966
元学习全候选,1.0,0.021479713603818614
元学习全候选,1.0,0.021485411140583555
元学习全候选,1.0,0.02149111170071637
元学习全候选,1.0,0.021496815286624203
元学习全候选,1.0,0.02150252190071675
元学习全候选,1.0,0.021508231545406268
元学习全候选,1.0,0.02151394422310757
元学习全候选,1.0,0.021519659936238045
元学习全候选,1.0,0.021525378687217645
元学习全候选,1.0,0.0215311004784689
元学习全候选,1.0,0.02153682531241691
元学习全候选,1.0,0.02154255319148936
元学习全候选,1.0,0.02154828411811652
元学习全候选,1.0,0.02155401809473124
元学习全候选,1.0,0.021559755123768964
元学习全候选,1.0,0.02156549520766773
元学习全候选,1.0,0.021571238348868177
元学习全候选,1.0,0.021576984549813532
元学习全候选,1.0,0.02158273381294964
元学习全候选,1.0,0.021588486140724946
元学习全候选,1.0,0.02159424153559051
元学习全候选,1.0,0.0216
元学习全候选,1.0,0.02160576153640971
元学习全候选,1.0,0.02161152614727855
元学习全候选,1.0,0.021617293835068056
元学习全候选,1.0,0.021623064602242392
元学习全候选,1.0,0.021628838451268357
元学习全候选,1.0,0.021634615384615384
元学习全候选,1.0,0.021640395404755545
元学习全候选,1.0,0.02164617851416355
元学习全候选,1.0,0.02165196471531676
元学习全候选,1.0,0.021657754010695186
元学习全候选,1.0,0.02166354640278149
元学习全候选,1.0,0.021669341894060994
元学习全候选,1.0,0.021675140487021675
元学习全候选,1.0,0.021680942184154176
元学习全候选,1.0,0.021686746987951807
元学习全候选,1.0,0.02169255490091055
元学习全候选,1.0,0.021698365925529064
元学习全候选,1.0,0.021704180064308683
元学习全候选,1.0,0.021709997319753416
元学习全候选,1.0,0.021715817694369973
元学习全候选,1.0,0.02172164119066774
元学习全候选,1.0,0.021727467811158797
元学习全候选,1.0,0.021733297558357928
元学习全候选,1.0,0.021739130434782608
元学习全候选,1.0,0.02174496644295302
元学习全候选,1.0,0.021750805585392052
元学习全候选,1.0,0.021756647864625302
元学习全候选,1.0,0.021762493283181087
元学习全候选,1.0,0.021768341843590434
元学习全候选,1.0,0.021774193548387097
元学习全候选,1.0,0.021780048400107554
元学习全候选,1.0,0.021785906401291015
元学习全候选,1.0,0.021791767554479417
元学习全候选,1.0,0.021797631862217438
元学习全候选,1.0,0.02180349932705249
元学习全候选,1.0,0.021809369951534735
元学习全候选,1.0,0.021815243738217076
元学习全候选,1.0,0.021821120689655173
元学习全候选,1.0,0.021827000808407437
元学习全候选,1.0,0.02183288409703504
元学习全候选,1.0,0.021838770558101916
元学习全候选,1.0,0.021844660194174758
元学习全候选,1.0,0.02185055300782304
元学习全候选,1.0,0.021856449001618997
元学习全候选,1.0,0.02186234817813765
元学习全候选,1.0,0.021868250539956804
元学习全候选,1.0,0.021874156089657034
元学习全候选,1.0,0.02188006482982172
元学习全候选,1.0,0.021885976763037017
元学习全候选,1.0,0.02189189189189189
元学习全候选,1.0,0.021897810218978103
元学习全候选,1.0,0.021903731746890212
元学习全候选,1.0,0.021909656478225587
元学习全候选,1.0,0.021915584415584416
元学习全候选,1.0,0.02192151556156969
元学习全候选,1.0,0.02192744991878722
元学习全候选,1.0,0.021933387489845652
元学习全候选,1.0,0.021939328277356448
元学习全候选,1.0,0.021945272283933892
元学习全候选,1.0,0.02195121951219512
元学习全候选,1.0,0.021957169964760097
元学习全候选,1.0,0.021963123644251625
元学习全候选,1.0,0.021969080553295363
元学习全候选,1.0,0.021975040694519804
元学习全候选,1.0,0.02198100407055631
元学习全候选,1.0,0.021986970684039087
元学习全候选,1.0,0.021992940537605213
元学习全候选,1.0,0.021998913633894623
元学习全候选,1.0,0.022004889975550123
元学习全候选,1.0,0.022010869565217393
元学习全候选,1.0,0.022016852405544986
元学习全候选,1.0,0.02202283849918434
元学习全候选,1.0,0.022028827848789775
元学习全候选,1.0,0.0220348204570185
元学习全候选,1.0,0.022040816326530613
元学习全候选,1.0,0.022046815459989114
元学习全候选,1.0,0.022052817860059897
元学习全候选,1.0,0.022058823529411766
元学习全候选,1.0,0.022064832470716427
元学习全候选,1.0,0.0220708446866485
元学习全候选,1.0,0.022076860179885527
元学习全候选,1.0,0.02208287895310796
元学习全候选,1.0,0.02208890100899918
元学习全候选,1.0,0.0220949263502455
元学习全候选,1.0,0.022100954979536153
元学习全候选,1.0,0.02210698689956332
元学习全候选,1.0,0.022113022113022112
元学习全候选,1.0,0.022119060622610594
元学习全候选,1.0,0.02212510243102977
元学习全候选,1.0,0.022131147540983605
元学习全候选,1.0,0.02213719595517901
元学习全候选,1.0,0.02214324767632586
元学习全候选,1.0,0.022149302707136997
元学习全候选,1.0,0.022155361050328226
元学习全候选,1.0,0.02216142270861833
元学习全候选,1.0,0.022167487684729065
元学习全候选,1.0,0.02217355598138516
元学习全候选,1.0,0.02217962760131435
元学习全候选,1.0,0.02218570254724733
元学习全候选,1.0,0.02219178082191781
元学习全候选,1.0,0.022197862428062484
元学习全候选,1.0,0.022203947368421052
元学习全候选,1.0,0.02221003564573622
元学习全候选,1.0,0.022216127262753703
元学习全候选,1.0,0.022222222222222223
元学习全候选,1.0,0.022228320526893525
元学习全候选,1.0,0.022234422179522373
元学习全候选,1.0,0.022240527182866558
元学习全候选,1.0,0.0222466355396869
元学习全候选,1.0,0.022252747252747253
元学习全候选,1.0,0.02225886232481451
元学习全候选,1.0,0.022264980758658605
元学习全候选,1.0,0.022271102557052516
元学习全候选,1.0,0.022277227722772276
元学习全候选,1.0,0.022283356258596974
元学习全候选,1.0,0.02228948816730875
元学习全候选,1.0,0.022295623451692816
元学习全候选,1.0,0.022301762114537445
元学习全候选,1.0,0.022307904158633984
元学习全候选,1.0,0.02231404958677686
元学习全候选,1.0,0.02232019840176357
元学习全候选,1.0,0.022326350606394707
元学习全候选,1.0,0.022332506203473945
元学习全候选,1.0,0.022338665195808054
元学习全候选,1.0,0.022344827586206897
元学习全候选,1.0,0.022350993377483443
元学习全候选,1.0,0.02235716257245377
元学习全候选,1.0,0.02236333517393705
元学习全候选,1.0,0.02236951118475559
元学习全候选,1.0,0.022375690607734807
元学习全候选,1.0,0.02238187344570323
元学习全候选,1.0,0.022388059701492536
元学习全候选,1.0,0.022394249377937516
元学习全候选,1.0,0.022400442477876106
元学习全候选,1.0,0.022406639004149378
元学习全候选,1.0,0.02241283895960155
元学习全候选,1.0,0.02241904234707999
元学习全候选,1.0,0.022425249169435217
元学习全候选,1.0,0.02243145942952091
元学习全候选,1.0,0.022437673130193906
元学习全候选,1.0,0.022443890274314215
元学习全候选,1.0,0.02245011086474501
元学习全候选,1.0,0.022456334904352646
元学习全候选,1.0,0.022462562396006656
元学习全候选,1.0,0.02246879334257975
元学习全候选,1.0,0.022475027746947835
元学习全候选,1.0,0.022481265611990008
元学习全候选,1.0,0.022487506940588563
元学习全候选,1.0,0.02249375173562899
元学习全候选,1.0,0.0225
元学习全候选,1.0,0.0225062517365935
元学习全候选,1.0,0.022512506948304613
元学习全候选,1.0,0.022518765638031693
元学习全候选,1.0,0.022525027808676306
元学习全候选,1.0,0.022531293463143254
元学习全候选,1.0,0.022537562604340568
元学习全候选,1.0,0.022543835235179516
元学习全候选,1.0,0.02255011135857461
元学习全候选,1.0,0.022556390977443608
元学习全候选,1.0,0.02256267409470752
元学习全候选,1.0,0.02256896071329061
元学习全候选,1.0,0.0225752508361204
元学习全候选,1.0,0.022581544466127684
元学习全候选,1.0,0.022587841606246516
元学习全候选,1.0,0.022594142259414227
元学习全候选,1.0,0.022600446428571428
元学习全候选,1.0,0.022606754116662017
元学习全候选,1.0,0.022613065326633167
元学习全候选,1.0,0.022619380061435355
元学习全候选,1.0,0.022625698324022347
元学习全候选,1.0,0.022632020117351215
元学习全候选,1.0,0.022638345444382337
元学习全候选,1.0,0.022644674308079395
元学习全候选,1.0,0.022651006711409395
元学习全候选,1.0,0.022657342657342656
元学习全候选,1.0,0.022663682148852827
元学习全候选,1.0,0.022670025188916875
元学习全候选,1.0,0.02267637178051512
元学习全候选,1.0,0.022682721926631195
元学习全候选,1.0,0.0226890756302521
元学习全候选,1.0,0.02269543289436817
元学习全候选,1.0,0.022701793721973094
元学习全候选,1.0,0.022708158116063918
元学习全候选,1.0,0.022714526079641053
元学习全候选,1.0,0.022720897615708276
元学习全候选,1.0,0.022727272727272728
元学习全候选,1.0,0.022733651417344933
元学习全候选,1.0,0.022740033688938798
元学习全候选,1.0,0.02274641954507161
元学习全候选,1.0,0.022752808988764046
元学习全候选,1.0,0.02275920202304018
元学习全候选,1.0,0.022765598650927487
元学习全候选,1.0,0.022771998875456844
元学习全候选,1.0,0.022778402699662543
元学习全候选,1.0,0.02278481012658228
元学习全候选,1.0,0.022791221159257174
元学习全候选,1.0,0.022797635800731776
元学习全候选,1.0,0.022804054054054054
元学习全候选,1.0,0.022810475922275416
元学习全候选,1.0,0.022816901408450704
元学习全候选,1.0,0.02282333051563821
元学习全候选,1.0,0.022829763246899663
元学习全候选,1.0,0.022836199605300252
元学习全候选,1.0,0.02284263959390863
元学习全候选,1.0,0.022849083215796897
元学习全候选,1.0,0.022855530474040632
元学习全候选,1.0,0.02286198137171888
元学习全候选,1.0,0.022868435911914172
元学习全候选,1.0,0.02287489409771251
元学习全候选,1.0,0.02288135593220339
元学习全候选,1.0,0.022887821418479795
元学习全候选,1.0,0.022894290559638215
元学习全候选,1.0,0.022900763358778626
元学习全候选,1.0,0.022907239819004523
元学习全候选,1.0,0.022913719943422915
元学习全候选,1.0,0.022920203735144314
元学习全候选,1.0,0.022926691197282762
元学习全候选,1.0,0.022933182332955833
元学习全候选,1.0,0.022939677145284623
元学习全候选,1.0,0.02294617563739377
元学习全候选,1.0,0.02295267781241145
元学习全候选,1.0,0.02295918367346939
元学习全候选,1.0,0.022965693223702864
元学习全候选,1.0,0.02297220646625071
元学习全候选,1.0,0.02297872340425532
元学习全候选,1.0,0.022985244040862655
元学习全候选,1.0,0.022991768379222254
元学习全候选,1.0,0.022998296422487224
元学习全候选,1.0,0.023004828173814256
元学习全候选,1.0,0.023011363636363635
元学习全候选,1.0,0.023017902813299233
元学习全候选,1.0,0.023024445707788516
元学习全候选,1.0,0.02303099232300256
元学习全候选,1.0,0.02303754266211604
元学习全候选,1.0,0.023044096728307255
元学习全候选,1.0,0.02305065452475811
元学习全候选,1.0,0.02305721605465414
元学习全候选,1.0,0.02306378132118451
元学习全候选,1.0,0.02307035032754201
元学习全候选,1.0,0.023076923076923078
元学习全候选,1.0,0.023083499572527786
元学习全候选,1.0,0.023090079817559863
元学习全候选,1.0,0.023096663815226688
元学习全候选,1.0,0.023103251568739304
元学习全候选,1.0,0.02310984308131241
元学习全候选,1.0,0.023116438356164382
元学习全候选,1.0,0.02312303739651727
元学习全候选,1.0,0.023129640205596803
元学习全候选,1.0,0.02313624678663239
元学习全候选,1.0,0.023142857142857142
元学习全候选,1.0,0.02314947127750786
元学习全候选,1.0,0.023156089193825044
元学习全候选,1.0,0.023162710895052903
元学习全候选,1.0,0.02316933638443936
元学习全候选,1.0,0.02317596566523605
元学习全候选,1.0,0.02318259874069834
元学习全候选,1.0,0.023189235614085313
元学习全候选,1.0,0.023195876288659795
元学习全候选,1.0,0.02320252076768834
元学习全候选,1.0,0.023209169054441262
元学习全候选,1.0,0.023215821152192607
元学习全候选,1.0,0.023222477064220183
元学习全候选,1.0,0.023229136793805564
元学习全候选,1.0,0.02323580034423408
元学习全候选,1.0,0.023242467718794835
元学习全候选,1.0,0.02324913892078071
元学习全候选,1.0,0.023255813953488372
元学习全候选,1.0,0.023262492820218264
元学习全候选,1.0,0.023269175524274634
元学习全候选,1.0,0.02327586206896552
元学习全候选,1.0,0.02328255245760276
元学习全候选,1.0,0.023289246693502012
元学习全候选,1.0,0.023295944779982744
元学习全候选,1.0,0.02330264672036824
元学习全候选,1.0,0.02330935251798561
元学习全候选,1.0,0.023316062176165803
元学习全候选,1.0,0.023322775698243592
元学习全候选,1.0,0.023329493087557603
元学习全候选,1.0,0.023336214347450302
元学习全候选,1.0,0.02334293948126801
元学习全候选,1.0,0.02334966849236091
元学习全候选,1.0,0.023356401384083045
元学习全候选,1.0,0.023363138159792327
元学习全候选,1.0,0.02336987882285055
元学习全候选,1.0,0.023376623376623377
元学习全候选,1.0,0.02338337182448037
元学习全候选,1.0,0.023390124169794975
元学习全候选,1.0,0.02339688041594454
元学习全候选,1.0,0.023403640566310314
元学习全候选,1.0,0.023410404624277455
元学习全候选,1.0,0.023417172593235037
元学习全候选,1.0,0.023423944476576055
元学习全候选,1.0,0.023430720277697426
元学习全候选,1.0,0.0234375
元学习全候选,1.0,0.023444283646888567
元学习全候选,1.0,0.023451071221771858
元学习全候选,1.0,0.023457862728062554
元学习全候选,1.0,0.02346465816917729
元学习全候选,1.0,0.023471457548536655
元学习全候选,1.0,0.023478260869565216
元学习全候选,1.0,0.023485068135691504
元学习全候选,1.0,0.02349187935034803
元学习全候选,1.0,0.02349869451697128
元学习全候选,1.0,0.023505513639001743
元学习全候选,1.0,0.02351233671988389
元学习全候选,1.0,0.023519163763066203
元学习全候选,1.0,0.023525994772001162
元学习全候选,1.0,0.023532829750145264
元学习全候选,1.0,0.023539668700959023
元学习全候选,1.0,0.023546511627906976
元学习全候选,1.0,0.02355335853445769
元学习全候选,1.0,0.02356020942408377
元学习全候选,1.0,0.023567064300261856
元学习全候选,1.0,0.02357392316647264
元学习全候选,1.0,0.023580786026200874
元学习全候选,1.0,0.023587652882935354
元学习全候选,1.0,0.02359452374016895
元学习全候选,1.0,0.0236013986013986
元学习全候选,1.0,0.023608277470125328
元学习全候选,1.0,0.02361516034985423
元学习全候选,1.0,0.023622047244094488
元学习全候选,1.0,0.023628938156359393
元学习全候选,1.0,0.023635833090166328
元学习全候选,1.0,0.023642732049036778
元学习全候选,1.0,0.02364963503649635
元学习全候选,1.0,0.023656542056074766
元学习全候选,1.0,0.02366345311130587
元学习全候选,1.0,0.023670368205727644
元学习全候选,1.0,0.023677287342882197
元学习全候选,1.0,0.02368421052631579
元学习全候选,1.0,0.023691137759578824
元学习全候选,1.0,0.023698069046225862
元学习全候选,1.0,0.02370500438981563
元学习全候选,1.0,0.023711943793911006
元学习全候选,1.0,0.023718887262079064
元学习全候选,1.0,0.023725834797891036
元学习全候选,1.0,0.023732786404922355
元学习全候选,1.0,0.023739742086752638
元学习全候选,1.0,0.023746701846965697
元学习全候选,1.0,0.02375366568914956
元学习全候选,1.0,0.02376063361689645
元学习全候选,1.0,0.023767605633802816
元学习全候选,1.0,0.023774581743469327
元学习全候选,1.0,0.02378156194950088
元学习全候选,1.0,0.02378854625550661
元学习全候选,1.0,0.02379553466509988
元学习全候选,1.0,0.023802527181898327
元学习全候选,1.0,0.023809523809523808
元学习全候选,1.0,0.02381652455160247
元学习全候选,1.0,0.023823529411764705
元学习全候选,1.0,0.02383053839364519
元学习全候选,1.0,0.023837551500882872
元学习全候选,1.0,0.02384456873712099
元学习全候选,1.0,0.023851590106007067
元学习全候选,1.0,0.02385861561119293
元学习全候选,1.0,0.023865645256334708
元学习全候选,1.0,0.023872679045092837
元学习全候选,1.0,0.023879716981132077
元学习全候选,1.0,0.0238867590681215
元学习全候选,1.0,0.023893805309734513
元学习全候选,1.0,0.023900855709648863
元学习全候选,1.0,0.023907910271546637
元学习全候选,1.0,0.023914968999114262
元学习全候选,1.0,0.023922031896042528
元学习全候选,1.0,0.023929098966026588
元学习全候选,1.0,0.023936170212765957
元学习全候选,1.0,0.023943245639964528
元学习全候选,1.0,0.023950325251330572
元学习全候选,1.0,0.023957409050576754
元学习全候选,1.0,0.02396449704142012
元学习全候选,1.0,0.023971589227582125
元学习全候选,1.0,0.023978685612788632
元学习全候选,1.0,0.023985786200769913
元学习全候选,1.0,0.023992890995260665
元学习全候选,1.0,0.024
元学习全候选,1.0,0.024007113218731477
元学习全候选,1.0,0.024014230655203084
元学习全候选,1.0,0.02402135231316726
元学习全候选,1.0,0.024028478196380897
元学习全候选,1.0,0.024035608308605343
元学习全候选,1.0,0.02404274265360641
元学习全候选,1.0,0.024049881235154395
元学习全候选,1.0,0.024057024057024055
元学习全候选,1.0,0.02406417112299465
元学习全候选,1.0,0.024071322436849927
元学习全候选,1.0,0.024078478002378122
元学习全候选,1.0,0.02408563782337199
元学习全候选,1.0,0.024092801903628794
元学习全候选,1.0,0.024099970246950313
元学习全候选,1.0,0.024107142857142858
元学习全候选,1.0,0.024114319738017267
元学习全候选,1.0,0.024121500893388922
元学习全候选,1.0,0.024128686327077747
元学习全候选,1.0,0.024135876042908223
元学习全候选,1.0,0.024143070044709388
元学习全候选,1.0,0.024150268336314847
元学习全候选,1.0,0.02415747092156278
元学习全候选,1.0,0.02416467780429594
元学习全候选,1.0,0.024171888988361683
元学习全候选,1.0,0.02417910447761194
元学习全候选,1.0,0.024186324275903254
元学习全候选,1.0,0.024193548387096774
元学习全候选,1.0,0.02420077681505826
元学习全候选,1.0,0.0242080095636581
元学习全候选,1.0,0.0242152466367713
元学习全候选,1.0,0.024222488038277513
元学习全候选,1.0,0.024229733772061023
元学习全候选,1.0,0.02423698384201077
元学习全候选,1.0,0.024244238252020354
元学习全候选,1.0,0.024251497005988023
元学习全候选,1.0,0.02425876010781671
元学习全候选,1.0,0.024266027561414022
元学习全候选,1.0,0.02427329937069224
元学习全候选,1.0,0.024280575539568347
元学习全候选,1.0,0.024287856071964018
元学习全候选,1.0,0.02429514097180564
元学习全候选,1.0,0.024302430243024302
元学习全候选,1.0,0.024309723889555823
元学习全候选,1.0,0.02431702191534074
元学习全候选,1.0,0.024324324324324326
元学习全候选,1.0,0.024331631120456592
元学习全候选,1.0,0.024338942307692308
元学习全候选,1.0,0.024346257889990983
元学习全候选,1.0,0.0243535778713169
元学习全候选,1.0,0.024360902255639097
元学习全候选,1.0,0.024368231046931407
元学习全候选,1.0,0.024375564249172435
元学习全候选,1.0,0.024382901866345574
元学习全候选,1.0,0.024390243902439025
元学习全候选,1.0,0.024397590361445783
元学习全候选,1.0,0.024404941247363664
元学习全候选,1.0,0.024412296564195298
元学习全候选,1.0,0.024419656315948148
元学习全候选,1.0,0.0244270205066345
元学习全候选,1.0,0.024434389140271493
元学习全候选,1.0,0.02444176222088111
元学习全候选,1.0,0.02444913975249019
元学习全候选,1.0,0.024456521739130436
元学习全候选,1.0,0.02446390818483842
元学习全候选,1.0,0.02447129909365559
元学习全候选,1.0,0.024478694469628286
元学习全候选,1.0,0.02448609431680774
元学习全候选,1.0,0.024493498639250075
元学习全候选,1.0,0.024500907441016333
元学习全候选,1.0,0.024508320726172466
元学习全候选,1.0,0.024515738498789345
元学习全候选,1.0,0.02452316076294278
元学习全候选,1.0,0.024530587522713507
元学习全候选,1.0,0.024538018782187216
元学习全候选,1.0,0.024545454545454544
元学习全候选,1.0,0.024552894816611093
元学习全候选,1.0,0.024560339599757428
元学习全候选,1.0,0.02456778889899909
元学习全候选,1.0,0.0245752427184466
元学习全候选,1.0,0.024582701062215478
元学习全候选,1.0,0.02459016393442623
元学习全候选,1.0,0.02459763133920437
元学习全候选,1.0,0.024605103280680437
元学习全候选,1.0,0.024612579762989972
元学习全候选,1.0,0.024620060790273558
元学习全候选,1.0,0.0246275463666768
元学习全候选,1.0,0.024635036496350366
元学习全候选,1.0,0.024642531183449955
元学习全候选,1.0,0.024650030432136337
元学习全候选,1.0,0.024657534246575342
元学习全候选,1.0,0.02466504263093788
元学习全候选,1.0,0.024672555589399937
元学习全候选,1.0,0.024680073126142597
元学习全候选,1.0,0.024687595245352027
元学习全候选,1.0,0.024695121951219513
元学习全候选,1.0,0.024702653247941447
元学习全候选,1.0,0.02471018913971934
元学习全候选,1.0,0.02471772963075984
元学习全候选,1.0,0.024725274725274724
元学习全候选,1.0,0.024732824427480916
元学习全候选,1.0,0.02474037874160049
元学习全候选,1.0,0.02474793767186068
元学习全候选,1.0,0.024755501222493887
元学习全候选,1.0,0.024763069397737696
元学习全候选,1.0,0.024770642201834864
元学习全候选,1.0,0.024778219639033344
元学习全候选,1.0,0.02478580171358629
元学习全候选,1.0,0.024793388429752067
元学习全候选,1.0,0.024800979791794242
元学习全候选,1.0,0.024808575803981624
元学习全候选,1.0,0.024816176470588234
元学习全候选,1.0,0.02482378179589335
元学习全候选,1.0,0.024831391784181485
元学习全候选,1.0,0.02483900643974241
元学习全候选,1.0,0.024846625766871164
元学习全候选,1.0,0.024854249769868057
元学习全候选,1.0,0.024861878453038673
元学习全候选,1.0,0.02486951182069389
元学习全候选,1.0,0.024877149877149878
元学习全候选,1.0,0.02488479262672811
元学习全候选,1.0,0.02489244007375538
元学习全候选,1.0,0.02490009222256379
元学习全候选,1.0,0.024907749077490774
元学习全候选,1.0,0.024915410642879113
元学习全候选,1.0,0.024923076923076923
元学习全候选,1.0,0.024930747922437674
元学习全候选,1.0,0.024938423645320198
元学习全候选,1.0,0.024946104096088696
元学习全候选,1.0,0.024953789279112754
元学习全候选,1.0,0.024961479198767334
元学习全候选,1.0,0.0249691738594328
元学习全候选,1.0,0.02497687326549491
元学习全候选,1.0,0.02498457742134485
元学习全候选,1.0,0.024992286331379204
元学习全候选,1.0,0.025
元学习全候选,1.0,0.025007718431614697
元学习全候选,1.0,0.025015441630636195
元学习全候选,1.0,0.025023169601482854
元学习全候选,1.0,0.025030902348578493
元学习全候选,1.0,0.025038639876352395
元学习全候选,1.0,0.02504638218923933
元学习全候选,1.0,0.025054129291679553
元学习全候选,1.0,0.025061881188118813
元学习全候选,1.0,0.025069637883008356
元学习全候选,1.0,0.025077399380804954
元学习全候选,1.0,0.025085165685970887
元学习全候选,1.0,0.02509293680297398
元学习全候选,1.0,0.025100712736287573
元学习全候选,1.0,0.025108493490390578
元学习全候选,1.0,0.025116279069767444
元学习全候选,1.0,0.02512406947890819
元学习全候选,1.0,0.025131864722308408
元学习全候选,1.0,0.025139664804469275
元学习全候选,1.0,0.025147469729897547
元学习全候选,1.0,0.02515527950310559
元学习全候选,1.0,0.02516309412861137
元学习全候选,1.0,0.02517091361093847
元学习全候选,1.0,0.0251787379546161
元学习全候选,1.0,0.025186567164179104
元学习全候选,1.0,0.025194401244167962
元学习全候选,1.0,0.02520224019912881
元学习全候选,1.0,0.025210084033613446
元学习全候选,1.0,0.025217932752179328
元学习全候选,1.0,0.025225786359389598
元学习全候选,1.0,0.025233644859813085
元学习全候选,1.0,0.025241508258024306
元学习全候选,1.0,0.02524937655860349
元学习全候选,1.0,0.025257249766136577
元学习全候选,1.0,0.025265127885215222
元学习全候选,1.0,0.02527301092043682
元学习全候选,1.0,0.025280898876404494
元学习全候选,1.0,0.025288791757727132
元学习全候选,1.0,0.025296689569019364
元学习全候选,1.0,0.02530459231490159
元学习全候选,1.0,0.0253125
元学习全候选,1.0,0.025320412628946545
元学习全候选,1.0,0.025328330206378986
元学习全候选,1.0,0.025336252736940883
元学习全候选,1.0,0.025344180225281603
元学习全候选,1.0,0.02535211267605634
元学习全候选,1.0,0.025360050093926112
元学习全候选,1.0,0.025367992483557783
元学习全候选,1.0,0.02537593984962406
元学习全候选,1.0,0.02538389219680351
元学习全候选,1.0,0.025391849529780564
元学习全候选,1.0,0.02539981185324553
元学习全候选,1.0,0.025407779171894605
元学习全候选,1.0,0.02541575149042987
元学习全候选,1.0,0.025423728813559324
元学习全候选,1.0,0.02543171114599686
元学习全候选,1.0,0.02543969849246231
元学习全候选,1.0,0.02544769085768143
元学习全候选,1.0,0.02545568824638592
元学习全候选,1.0,0.025463690663313422
元学习全候选,1.0,0.02547169811320755
元学习全候选,1.0,0.025479710600817867
元学习全候选,1.0,0.025487728130899938
元学习全候选,1.0,0.025495750708215296
元学习全候选,1.0,0.025503778337531487
元学习全候选,1.0,0.025511811023622048
元学习全候选,1.0,0.02551984877126654
元学习全候选,1.0,0.02552789158525055
元学习全候选,1.0,0.0255359394703657
元学习全候选,1.0,0.02554399243140965
元学习全候选,1.0,0.02555205047318612
元学习全候选,1.0,0.02556011360050489
元学习全候选,1.0,0.02556818181818182
元学习全候选,1.0,0.02557625513103884
元学习全候选,1.0,0.025584333543903978
元学习全候选,1.0,0.025592417061611375
元学习全候选,1.0,0.025600505689001265
元学习全候选,1.0,0.025608599430920014
元学习全候选,1.0,0.025616698292220113
元学习全候选,1.0,0.025624802277760202
元学习全候选,1.0,0.025632911392405065
元学习全候选,1.0,0.02564102564102564
元学习全候选,1.0,0.02564914502849905
元学习全候选,1.0,0.025657269559708585
元学习全候选,1.0,0.025665399239543727
元学习全候选,1.0,0.02567353407290016
元学习全候选,1.0,0.02568167406467977
元学习全候选,1.0,0.025689819219790674
元学习全候选,1.0,0.02569796954314721
元学习全候选,1.0,0.025706125039669948
元学习全候选,1.0,0.025714285714285714
元学习全候选,1.0,0.025722451571927596
元学习全候选,1.0,0.02573062261753494
元学习全候选,1.0,0.025738798856053385
元学习全候选,1.0,0.02574698029243484
元学习全候选,1.0,0.02575516693163752
元学习全候选,1.0,0.025763358778625955
元学习全候选,1.0,0.025771555838370982
元学习全候选,1.0,0.025779758115849778
元学习全候选,1.0,0.025787965616045846
元学习全候选,1.0,0.025796178343949046
元学习全候选,1.0,0.02580439630455559
元学习全候选,1.0,0.02581261950286807
元学习全候选,1.0,0.025820847943895442
元学习全候选,1.0,0.025829081632653062
元学习全候选,1.0,0.02583732057416268
元学习全候选,1.0,0.025845564773452456
元学习全候选,1.0,0.025853814235556973
元学习全候选,1.0,0.02586206896551724
元学习全候选,1.0,0.02587032896838071
元学习全候选,1.0,0.02587859424920128
元学习全候选,1.0,0.02588686481303931
元学习全候选,1.0,0.02589514066496164
元学习全候选,1.0,0.025903421810041575
元学习全候选,1.0,0.025911708253358926
元学习全候选,1.0,0.02592
元学习全候选,1.0,0.025928297055057618
元学习全候选,1.0,0.025936599423631124
元学习全候选,1.0,0.025944907110826393
元学习全候选,1.0,0.025953220121755848
元学习全候选,1.0,0.025961538461538463
元学习全候选,1.0,0.025969862135299775
元学习全候选,1.0,0.025978191148171906
元学习全候选,1.0,0.02598652550529355
元学习全候选,1.0,0.025994865211810013
元学习全候选,1.0,0.026003210272873195
元学习全候选,1.0,0.02601156069364162
元学习全候选,1.0,0.026019916479280435
元学习全候选,1.0,0.02602827763496144
元学习全候选,1.0,0.026036644165863067
元学习全候选,1.0,0.026045016077170417
元学习全候选,1.0,0.026053393374075265
元学习全候选,1.0,0.026061776061776062
元学习全候选,1.0,0.026070164145477952
元学习全候选,1.0,0.02607855763039279
元学习全候选,1.0,0.02608695652173913
元学习全候选,1.0,0.02609536082474227
元学习全候选,1.0,0.026103770544634225
元学习全候选,1.0,0.02611218568665377
元学习全候选,1.0,0.026120606256046435
元学习全候选,1.0,0.026129032258064518
元学习全候选,1.0,0.026137463697967087
元学习全候选,1.0,0.026145900581020013
元学习全候选,1.0,0.026154342912495965
元学习全候选,1.0,0.02616279069767442
元学习全候选,1.0,0.02617124394184168
元学习全候选,1.0,0.026179702650290886
元学习全候选,1.0,0.026188166828322017
元学习全候选,1.0,0.026196636481241913
元学习全候选,1.0,0.026205111614364285
元学习全候选,1.0,0.02621359223300971
元学习全候选,1.0,0.026222078342505666
元学习全候选,1.0,0.026230569948186528
元学习全候选,1.0,0.026239067055393587
元学习全候选,1.0,0.02624756966947505
元学习全候选,1.0,0.02625607779578606
元学习全候选,1.0,0.026264591439688716
元学习全候选,1.0,0.02627311060655206
元学习全候选,1.0,0.02628163530175211
元学习全候选,1.0,0.02629016553067186
元学习全候选,1.0,0.026298701298701297
元学习全候选,1.0,0.026307242611237416
元学习全候选,1.0,0.02631578947368421
元学习全候选,1.0,0.026324341891452715
元学习全候选,1.0,0.02633289986996099
元学习全候选,1.0,0.026341463414634145
元学习全候选,1.0,0.026350032530904358
元学习全候选,1.0,0.026358607224210868
元学习全候选,1.0,0.0263671875
元学习全候选,1.0,0.02637577336372517
元学习全候选,1.0,0.026384364820846905
元学习全候选,1.0,0.026392961876832845
元学习全候选,1.0,0.026401564537157758
元学习全候选,1.0,0.026410172807303553
元学习全候选,1.0,0.026418786692759294
元学习全候选,1.0,0.026427406199021206
元学习全候选,1.0,0.02643603133159269
元学习全候选,1.0,0.02644466209598433
元学习全候选,1.0,0.026453298497713912
元学习全候选,1.0,0.026461940542306436
元学习全候选,1.0,0.026470588235294117
元学习全候选,1.0,0.02647924158221641
元学习全候选,1.0,0.026487900588620012
元学习全候选,1.0,0.02649656526005888
元学习全候选,1.0,0.02650523560209424
元学习全候选,1.0,0.026513911620294598
元学习全候选,1.0,0.026522593320235755
元学习全候选,1.0,0.02653128070750082
元学习全候选,1.0,0.02653997378768021
元学习全候选,1.0,0.02654867256637168
元学习全候选,1.0,0.026557377049180327
元学习全候选,1.0,0.026566087241718595
元学习全候选,1.0,0.0265748031496063
元学习全候选,1.0,0.026583524778470626
元学习全候选,1.0,0.02659225213394616
元学习全候选,1.0,0.026600985221674877
元学习全候选,1.0,0.026609724047306178
元学习全候选,1.0,0.026618468616496877
元学习全候选,1.0,0.026627218934911243
元学习全候选,1.0,0.02663597500822098
元学习全候选,1.0,0.026644736842105263
元学习全候选,1.0,0.02665350444225074
元学习全候选,1.0,0.026662277814351546
元学习全候选,1.0,0.02667105696410932
元学习全候选,1.0,0.0266798418972332
元学习全候选,1.0,0.026688632619439868
元学习全候选,1.0,0.026697429136453527
元学习全候选,1.0,0.026706231454005934
元学习全候选,1.0,0.02671503957783641
元学习全候选,1.0,0.026723853513691852
元学习全候选,1.0,0.026732673267326732
元学习全候选,1.0,0.026741498844503137
元学习全候选,1.0,0.026750330250990752
元学习全候选,1.0,0.026759167492566897
元学习全候选,1.0,0.026768010575016522
元学习全候选,1.0,0.026776859504132233
元学习全候选,1.0,0.026785714285714284
元学习全候选,1.0,0.026794574925570625
元学习全候选,1.0,0.026803441429516878
元学习全候选,1.0,0.026812313803376366
元学习全候选,1.0,0.02682119205298013
元学习全候选,1.0,0.026830076184166943
元学习全候选,1.0,0.0268389662027833
元学习全候选,1.0,0.02684786211468346
元学习全候选,1.0,0.026856763925729443
元学习全候选,1.0,0.026865671641791045
元学习全候选,1.0,0.02687458526874585
元学习全候选,1.0,0.026883504812479257
元学习全候选,1.0,0.026892430278884463
元学习全候选,1.0,0.026901361673862503
元学习全候选,1.0,0.026910299003322258
元学习全候选,1.0,0.026919242273180457
元学习全候选,1.0,0.0269281914893617
元学习全候选,1.0,0.02693714665779847
元学习全候选,1.0,0.02694610778443114
元学习全候选,1.0,0.02695507487520799
元学习全候选,1.0,0.02696404793608522
元学习全候选,1.0,0.026973026973026972
元学习全候选,1.0,0.02698201199200533
元学习全候选,1.0,0.026991002999000334
元学习全候选,1.0,0.027
元学习全候选,1.0,0.027009003001000332
元学习全候选,1.0,0.027018012008005337
元学习全候选,1.0,0.02702702702702703
元学习全候选,1.0,0.02703604806408545
元学习全候选,1.0,0.027045075125208682
元学习全候选,1.0,0.027054108216432865
元学习全候选,1.0,0.027063147343802205
元学习全候选,1.0,0.027072192513368985
元学习全候选,1.0,0.02708124373119358
元学习全候选,1.0,0.02709030100334448
元学习全候选,1.0,0.027099364335898293
元学习全候选,1.0,0.02710843373493976
元学习全候选,1.0,0.02711750920656177
元学习全候选,1.0,0.02712659075686537
元学习全候选,1.0,0.027135678391959798
元学习全候选,1.0,0.027144772117962467
元学习全候选,1.0,0.027153871940998994
元学习全候选,1.0,0.02716297786720322
元学习全候选,1.0,0.02717208990271721
元学习全候选,1.0,0.027181208053691275
元学习全候选,1.0,0.027190332326283987
元学习全候选,1.0,0.02719946272666219
元学习全候选,1.0,0.02720859926100101
元学习全候选,1.0,0.02721774193548387
元学习全候选,1.0,0.02722689075630252
元学习全候选,1.0,0.027236045729657026
元学习全候选,1.0,0.027245206861755803
元学习全候选,1.0,0.02725437415881561
元学习全候选,1.0,0.027263547627061596
元学习全候选,1.0,0.02727272727272727
元学习全候选,1.0,0.027281913102054564
元学习全候选,1.0,0.0272911051212938
元学习全候选,1.0,0.027300303336703743
元学习全候选,1.0,0.027309507754551585
元学习全候选,1.0,0.027318718381112984
元学习全候选,1.0,0.027327935222672066
元学习全候选,1.0,0.02733715828552143
元学习全候选,1.0,0.027346387575962187
元学习全候选,1.0,0.02735562310030395
元学习全候选,1.0,0.027364864864864866
元学习全候选,1.0,0.027374112875971614
元学习全候选,1.0,0.02738336713995943
元学习全候选,1.0,0.027392627663172135
元学习全候选,1.0,0.02740189445196211
元学习全候选,1.0,0.027411167512690356
元学习全候选,1.0,0.02742044685172647
元学习全候选,1.0,0.027429732475448696
元学习全候选,1.0,0.027439024390243903
元学习全候选,1.0,0.027448322602507624
元学习全候选,1.0,0.02745762711864407
元学习全候选,1.0,0.027466937945066123
元学习全候选,1.0,0.027476255088195387
元学习全候选,1.0,0.027485578554462164
元学习全候选,1.0,0.0274949083503055
元学习全候选,1.0,0.027504244482173174
元学习全候选,1.0,0.02751358695652174
元学习全候选,1.0,0.027522935779816515
元学习全候选,1.0,0.027532290958531613
元学习全候选,1.0,0.02754165249914995
元学习全候选,1.0,0.027551020408163266
元学习全候选,1.0,0.027560394692072134
元学习全候选,1.0,0.027569775357385976
元学习全候选,1.0,0.027579162410623085
元学习全候选,1.0,0.027588555858310628
元学习全候选,1.0,0.02759795570698467
元学习全候选,1.0,0.027607361963190184
元学习全候选,1.0,0.027616774633481077
元学习全候选,1.0,0.02762619372442019
元学习全候选,1.0,0.027635619242579325
元学习全候选,1.0,0.02764505119453925
元学习全候选,1.0,0.027654489586889725
元学习全候选,1.0,0.027663934426229508
元学习全候选,1.0,0.02767338571916638
元学习全候选,1.0,0.027682843472317156
元学习全候选,1.0,0.027692307692307693
元学习全候选,1.0,0.027701778385772913
元学习全候选,1.0,0.027711255559356825
元学习全候选,1.0,0.027720739219712527
元学习全候选,1.0,0.027730229373502224
元学习全候选,1.0,0.02773972602739726
元学习全候选,1.0,0.02774922918807811
元学习全候选,1.0,0.027758738862234407
元学习全候选,1.0,0.027768255056564963
元学习全候选,1.0,0.027777777777777776
元学习全候选,1.0,0.027787307032590053
元学习全候选,1.0,0.027796842827728208
元学习全候选,1.0,0.027806385169927908
元学习全候选,1.0,0.027815934065934064
元学习全候选,1.0,0.02782548952250086
元学习全候选,1.0,0.027835051546391754
元学习全候选,1.0,0.027844620144379512
元学习全候选,1.0,0.027854195323246216
元学习全候选,1.0,0.02786377708978328
元学习全候选,1.0,0.027873365450791467
元学习全候选,1.0,0.027882960413080894
元学习全候选,1.0,0.027892561983471075
元学习全候选,1.0,0.027902170168790905
元学习全候选,1.0,0.027911784975878703
元学习全候选,1.0,0.027921406411582212
元学习全候选,1.0,0.02793103448275862
元学习全候选,1.0,0.027940669196274578
元学习全候选,1.0,0.027950310559006212
元学习全候选,1.0,0.027959958577839145
元学习全候选,1.0,0.02796961325966851
元学习全候选,1.0,0.027979274611398965
元学习全候选,1.0,0.027988942639944715
元学习全候选,1.0,0.02799861735222952
元学习全候选,1.0,0.028008298755186723
元学习全候选,1.0,0.028017986855759253
元学习全候选,1.0,0.028027681660899653
元学习全候选,1.0,0.028037383177570093
元学习全候选,1.0,0.02804709141274238
元学习全候选,1.0,0.02805680637339799
元学习全候选,1.0,0.028066528066528068
元学习全候选,1.0,0.028076256499133447
元学习全候选,1.0,0.02808599167822469
元学习全候选,1.0,0.02809573361082206
元学习全候选,1.0,0.028105482303955587
元学习全候选,1.0,0.028115237764665048
元学习全候选,1.0,0.028125
元学习全候选,1.0,0.0281347690170198
元学习全候选,1.0,0.028144544822793608
元学习全候选,1.0,0.028154327424400417
元学习全候选,1.0,0.028164116828929067
元学习全候选,1.0,0.02817391304347826
元学习全候选,1.0,0.028183716075156576
元学习全候选,1.0,0.028193525931082493
元学习全候选,1.0,0.028203342618384402
元学习全候选,1.0,0.02821316614420063
元学习全候选,1.0,0.028222996515679444
元学习全候选,1.0,0.028232833739979087
元学习全候选,1.0,0.028242677824267783
元学习全候选,1.0,0.02825252877572375
元学习全候选,1.0,0.028262386601535242
元学习全候选,1.0,0.028272251308900525
元学习全候选,1.0,0.028282122905027934
元学习全候选,1.0,0.02829200139713587
元学习全候选,1.0,0.02830188679245283
元学习全候选,1.0,0.028311779098217405
元学习全候选,1.0,0.028321678321678322
元学习全候选,1.0,0.02833158447009444
元学习全候选,1.0,0.02834149755073478
元学习全候选,1.0,0.028351417570878543
元学习全候选,1.0,0.028361344537815126
元学习全候选,1.0,0.028371278458844133
元学习全候选,1.0,0.028381219341275403
元学习全候选,1.0,0.028391167192429023
元学习全候选,1.0,0.028401122019635343
元学习全候选,1.0,0.028411083830235006
元学习全候选,1.0,0.028421052631578948
元学习全候选,1.0,0.028431028431028432
元学习全候选,1.0,0.028441011235955056
元学习全候选,1.0,0.02845100105374078
元学习全候选,1.0,0.028460997891777935
元学习全候选,1.0,0.028471001757469243
元学习全候选,1.0,0.028481012658227847
元学习全候选,1.0,0.028491030601477313
元学习全候选,1.0,0.028501055594651655
元学习全候选,1.0,0.028511087645195353
元学习全候选,1.0,0.02852112676056338
元学习全候选,1.0,0.028531172948221203
元学习全候选,1.0,0.02854122621564482
元学习全候选,1.0,0.02855128657032076
元学习全候选,1.0,0.028561354019746122
元学习全候选,1.0,0.02857142857142857
元学习全候选,1.0,0.02858151023288638
元学习全候选,1.0,0.028591599011648428
元学习全候选,1.0,0.028601694915254237
元学习全候选,1.0,0.028611797951253973
元学习全候选,1.0,0.02862190812720848
元学习全候选,1.0,0.02863202545068929
元学习全候选,1.0,0.028642149929278642
元学习全候选,1.0,0.02865228157056951
元学习全候选,1.0,0.028662420382165606
元学习全候选,1.0,0.028672566371681415
元学习全候选,1.0,0.02868271954674221
元学习全候选,1.0,0.028692879914984058
元学习全候选,1.0,0.028703047484053862
元学习全候选,1.0,0.02871322226160936
元学习全候选,1.0,0.02872340425531915
元学习全候选,1.0,0.028733593472862716
元学习全候选,1.0,0.028743789921930447
元学习全候选,1.0,0.02875399361022364
元学习全候选,1.0,0.028764204545454544
元学习全候选,1.0,0.028774422735346358
元学习全候选,1.0,0.028784648187633263
元学习全候选,1.0,0.028794880910060435
元学习全候选,1.0,0.028805120910384067
元学习全候选,1.0,0.0288153681963714
元学习全候选,1.0,0.02882562277580071
元学习全候选,1.0,0.028835884656461374
元学习全候选,1.0,0.028846153846153848
元学习全候选,1.0,0.028856430352689703
元学习全候选,1.0,0.02886671418389166
元学习全候选,1.0,0.028877005347593583
元学习全候选,1.0,0.028887303851640515
元学习全候选,1.0,0.02889760970388869
元学习全候选,1.0,0.028907922912205567
元学习全候选,1.0,0.028918243484469832
元学习全候选,1.0,0.02892857142857143
元学习全候选,1.0,0.028938906752411574
元学习全候选,1.0,0.028949249463902788
元学习全候选,1.0,0.028959599570968896
元学习全候选,1.0,0.028969957081545063
元学习全候选,1.0,0.028980322003577818
元学习全候选,1.0,0.028990694345025055
元学习全候选,1.0,0.02900107411385607
元学习全候选,1.0,0.029011461318051577
元学习全候选,1.0,0.029021855965603725
元学习全候选,1.0,0.02903225806451613
元学习全候选,1.0,0.029042667622803872
元学习全候选,1.0,0.029053084648493543
元学习全候选,1.0,0.02906350914962325
元学习全候选,1.0,0.02907394113424264
元学习全候选,1.0,0.029084380610412925
元学习全候选,1.0,0.029094827586206896
元学习全候选,1.0,0.029105282069708947
元学习全候选,1.0,0.029115744069015098
元学习全候选,1.0,0.02912621359223301
元学习全候选,1.0,0.029136690647482016
元学习全候选,1.0,0.029147175242893127
元学习全候选,1.0,0.029157667386609073
元学习全候选,1.0,0.0291681670867843
元学习全候选,1.0,0.029178674351585013
元学习全候选,1.0,0.02918918918918919
元学习全候选,1.0,0.029199711607786588
元学习全候选,1.0,0.029210241615578794
元学习全候选,1.0,0.02922077922077922
元学习全候选,1.0,0.029231324431613137
元学习全候选,1.0,0.02924187725631769
元学习全候选,1.0,0.02925243770314193
元学习全候选,1.0,0.02926300578034682
元学习全候选,1.0,0.029273581496205278
元学习全候选,1.0,0.02928416485900217
元学习全候选,1.0,0.029294755877034357
元学习全候选,1.0,0.02930535455861071
元学习全候选,1.0,0.029315960912052116
元学习全候选,1.0,0.029326574945691526
元学习全候选,1.0,0.02933719666787396
元学习全候选,1.0,0.029347826086956522
元学习全候选,1.0,0.029358463211308444
元学习全候选,1.0,0.029369108049311095
元学习全候选,1.0,0.02939042089985486
元学习全候选,1.0,0.0294010889292196
元学习全候选,1.0,0.029411764705882353
元学习全候选,1.0,0.029422448238285506
元学习全候选,1.0,0.02943313953488372
元学习全候选,1.0,0.029443838604143947
元学习全候选,1.0,0.029454545454545455
元学习全候选,1.0,0.029465260094579847
元学习全候选,1.0,0.02947598253275109
元学习全候选,1.0,0.029486712777575537
元学习全候选,1.0,0.029497450837581936
元学习全候选,1.0,0.029508196721311476
元学习全候选,1.0,0.029518950437317785
元学习全候选,1.0,0.02952971199416697
元学习全候选,1.0,0.02954048140043764
元学习全候选,1.0,0.029551258664720904
元学习全候选,1.0,0.029562043795620437
元学习全候选,1.0,0.029572836801752465
元学习全候选,1.0,0.0295836376917458
元学习全候选,1.0,0.02959444647424187
元学习全候选,1.0,0.029605263157894735
元学习全候选,1.0,0.029616087751371114
元学习全候选,1.0,0.0296269202633504
元学习全候选,1.0,0.029637760702524697
元学习全候选,1.0,0.02964860907759883
元学习全候选,1.0,0.02965946539729037
元学习全候选,1.0,0.02967032967032967
元学习全候选,1.0,0.029681201905459875
元学习全候选,1.0,0.02969208211143695
元学习全候选,1.0,0.0297029702970297
元学习全候选,1.0,0.02971386647101981
元学习全候选,1.0,0.029724770642201834
元学习全候选,1.0,0.02973568281938326
元学习全候选,1.0,0.0297466030113845
元学习全候选,1.0,0.029757531227038943
元学习全候选,1.0,0.029768467475192944
元学习全候选,1.0,0.02977941176470588
元学习全候选,1.0,0.029790364104450167
元学习全候选,1.0,0.029801324503311258
元学习全候选,1.0,0.02981229297018771
元学习全候选,1.0,0.029823269513991165
元学习全候选,1.0,0.02983425414364641
元学习全候选,1.0,0.02984524686809138
元学习全候选,1.0,0.029856247696277184
元学习全候选,1.0,0.029867256637168143
元学习全候选,1.0,0.029878273699741793
元学习全候选,1.0,0.02988929889298893
元学习全候选,1.0,0.029900332225913623
元学习全候选,1.0,0.029911373707533235
元学习全候选,1.0,0.029922423346878464
元学习全候选,1.0,0.02993348115299335
元学习全候选,1.0,0.029944547134935304
元学习全候选,1.0,0.029955621301775148
元学习全候选,1.0,0.029966703662597113
元学习全候选,1.0,0.02997779422649889
元学习全候选,1.0,0.029988893002591634
元学习全候选,1.0,0.03
元学习全候选,1.0,0.03001111522786217
元学习全候选,1.0,0.030022238695329873
元学习全候选,1.0,0.030033370411568408
元学习全候选,1.0,0.030044510385756677
元学习全候选,1.0,0.030055658627087197
元学习全候选,1.0,0.030066815144766147
元学习全候选,1.0,0.030077979948013367
元学习全候选,1.0,0.030089153046062408
元学习全候选,1.0,0.030100334448160536
元学习全候选,1.0,0.030111524163568774
元学习全候选,1.0,0.030122722201561918
元学习全候选,1.0,0.030133928571428572
元学习全候选,1.0,0.030145143282471157
元学习全候选,1.0,0.030156366344005956
元学习全候选,1.0,0.030167597765363128
元学习全候选,1.0,0.030178837555886736
元学习全候选,1.0,0.030190085724934774
元学习全候选,1.0,0.030201342281879196
元学习全候选,1.0,0.03021260723610593
元学习全候选,1.0,0.030223880597014925
元学习全候选,1.0,0.030235162374020158
元学习全候选,1.0,0.030246452576549662
元学习全候选,1.0,0.030257751214045572
元学习全候选,1.0,0.030269058295964126
元学习全候选,1.0,0.0302803738317757
元学习全候选,1.0,0.03029169783096485
元学习全候选,1.0,0.030303030303030304
元学习全候选,1.0,0.03031437125748503
元学习全候选,1.0,0.030325720703856234
元学习全候选,1.0,0.030337078651685393
元学习全候选,1.0,0.030348445110528286
元学习全候选,1.0,0.030359820089955022
元学习全候选,1.0,0.030371203599550055
元学习全候选,1.0,0.030382595648912228
元学习全候选,1.0,0.030393996247654785
元学习全候选,1.0,0.030405405405405407
元学习全候选,1.0,0.030416823131806235
元学习全候选,1.0,0.0304282494365139
元学习全候选,1.0,0.030439684329199548
元学习全候选,1.0,0.03045112781954887
元学习全候选,1.0,0.030462579917262127
元学习全候选,1.0,0.030474040632054177
元学习全候选,1.0,0.030485509973654498
元学习全候选,1.0,0.03049698795180723
元学习全候选,1.0,0.030508474576271188
元学习全候选,1.0,0.030519969856819894
元学习全候选,1.0,0.030531473803241612
元学习全候选,1.0,0.030542986425339366
元学习全候选,1.0,0.03055450773293097
元学习全候选,1.0,0.030566037735849056
元学习全候选,1.0,0.030577576443941108
元学习全候选,1.0,0.030589123867069485
元学习全候选,1.0,0.03060068001511145
元学习全候选,1.0,0.030612244897959183
元学习全候选,1.0,0.03062381852551985
元学习全候选,1.0,0.030635400907715583
元学习全候选,1.0,0.03064699205448354
元学习全候选,1.0,0.030658591975775928
元学习全候选,1.0,0.030670200681560015
元学习全候选,1.0,0.03068181818181818
元学习全候选,1.0,0.030693444486547934
元学习全候选,1.0,0.03070507960576194
元学习全候选,1.0,0.030716723549488054
元学习全候选,1.0,0.030728376327769348
元学习全候选,1.0,0.030740037950664136
元学习全候选,1.0,0.030751708428246014
元学习全候选,1.0,0.030763387770603876
元学习全候选,1.0,0.030775075987841946
元学习全候选,1.0,0.03078677309007982
元学习全候选,1.0,0.030798479087452472
元学习全候选,1.0,0.03081019399011031
元学习全候选,1.0,0.030821917808219176
元学习全候选,1.0,0.030833650551960412
元学习全候选,1.0,0.030845392231530846
元学习全候选,1.0,0.030857142857142857
元学习全候选,1.0,0.03086890243902439
元学习全候选,1.0,0.030880670987418986
元学习全候选,1.0,0.030892448512585814
元学习全候选,1.0,0.030904235024799696
元学习全候选,1.0,0.030916030534351144
元学习全候选,1.0,0.030927835051546393
元学习全候选,1.0,0.030939648586707412
元学习全候选,1.0,0.030951471150171952
元学习全候选,1.0,0.03096330275229358
元学习全候选,1.0,0.030975143403441683
元学习全候选,1.0,0.03098699311400153
元学习全候选,1.0,0.030998851894374284
元学习全候选,1.0,0.031010719754977028
元学习全候选,1.0,0.031022596706242817
元学习全候选,1.0,0.03103448275862069
元学习全候选,1.0,0.0310463779225757
元学习全候选,1.0,0.031058282208588958
元学习全候选,1.0,0.031070195627157654
元学习全候选,1.0,0.03108211818879509
元学习全候选,1.0,0.03109404990403071
元学习全候选,1.0,0.03110599078341014
元学习全候选,1.0,0.0311179408374952
元学习全候选,1.0,0.03112990007686395
元学习全候选,1.0,0.031141868512110725
元学习全候选,1.0,0.031153846153846153
元学习全候选,1.0,0.03116583301269719
元学习全候选,1.0,0.03117782909930716
元学习全候选,1.0,0.03118983442433577
元学习全候选,1.0,0.031201848998459167
元学习全候选,1.0,0.03121387283236994
元学习全候选,1.0,0.03122590593677718
元学习全候选,1.0,0.031237948322406478
元学习全候选,1.0,0.03125
元学习全候选,1.0,0.03126206098031648
元学习全候选,1.0,0.03127413127413128
元学习全候选,1.0,0.031286210892236384
元学习全候选,1.0,0.0312982998454405
元学习全候选,1.0,0.031310398144569
元学习全候选,1.0,0.031322505800464036
元学习全候选,1.0,0.031334622823984526
元学习全候选,1.0,0.03134674922600619
元学习全候选,1.0,0.0313588850174216
元学习全候选,1.0,0.0313710302091402
元学习全候选,1.0,0.031383184812088336
元学习全候选,1.0,0.031395348837209305
元学习全候选,1.0,0.031407522295463355
元学习全候选,1.0,0.031419705197827774
元学习全候选,1.0,0.03143189755529686
元学习全候选,1.0,0.031444099378881984
元学习全候选,1.0,0.03145631067961165
元学习全候选,1.0,0.03146853146853147
元学习全候选,1.0,0.03148076175670424
元学习全候选,1.0,0.031493001555209954
元学习全候选,1.0,0.03150525087514586
元学习全候选,1.0,0.03151750972762646
元学习全候选,1.0,0.031529778123783575
元学习全候选,1.0,0.03154205607476635
元学习全候选,1.0,0.031554343591741335
元学习全候选,1.0,0.03156664068589244
元学习全候选,1.0,0.031578947368421054
元学习全候选,1.0,0.03159126365054602
元学习全候选,1.0,0.03160358954350371
元学习全候选,1.0,0.03161592505854801
元学习全候选,1.0,0.03162827020695041
元学习全候选,1.0,0.031640625
元学习全候选,1.0,0.031652989449003514
元学习全候选,1.0,0.031665363565285376
元学习全候选,1.0,0.03167774736018772
元学习全候选,1.0,0.03169014084507042
元学习全候选,1.0,0.031702544031311154
元学习全候选,1.0,0.031714956930305405
元学习全候选,1.0,0.03172737955346651
元学习全候选,1.0,0.031739811912225704
元学习全候选,1.0,0.031752254018032146
元学习全候选,1.0,0.03176470588235294
元学习全候选,1.0,0.031777167516673206
元学习全候选,1.0,0.031789638932496075
元学习全候选,1.0,0.03180212014134275
元学习全候选,1.0,0.03181461115475255
元学习全候选,1.0,0.03182711198428291
元学习全候选,1.0,0.031839622641509434
元学习全候选,1.0,0.03185214313802595
元学习全候选,1.0,0.031864673485444535
元学习全候选,1.0,0.031877213695395513
元学习全候选,1.0,0.03188976377952756
元学习全候选,1.0,0.03190232374950768
元学习全候选,1.0,0.031914893617021274
元学习全候选,1.0,0.03192747339377217
元学习全候选,1.0,0.03194006309148265
元学习全候选,1.0,0.03195266272189349
元学习全候选,1.0,0.03196527229676401
元学习全候选,1.0,0.03197789182787209
元学习全候选,1.0,0.031990521327014215
元学习全候选,1.0,0.03200316080600553
元学习全候选,1.0,0.032015810276679844
元学习全候选,1.0,0.03202846975088968
元学习全候选,1.0,0.032041139240506326
元学习全候选,1.0,0.03205381875741987
元学习全候选,1.0,0.032066508313539195
元学习全候选,1.0,0.03207920792079208
元学习全候选,1.0,0.032091917591125195
元学习全候选,1.0,0.03210463733650416
元学习全候选,1.0,0.03211736716891356
元学习全候选,1.0,0.032130107100357
元学习全候选,1.0,0.03214285714285714
元学习全候选,1.0,0.03215561730845574
元学习全候选,1.0,0.03216838760921366
元学习全候选,1.0,0.03218116805721097
元学习全候选,1.0,0.0321939586645469
元学习全候选,1.0,0.03220675944333996
元学习全候选,1.0,0.032219570405727926
元学习全候选,1.0,0.03223239156386789
元学习全候选,1.0,0.032245222929936306
元学习全候选,1.0,0.03225806451612903
元学习全候选,1.0,0.03227091633466136
元学习全候选,1.0,0.03228377839776803
元学习全候选,1.0,0.03229665071770335
元学习全候选,1.0,0.03230953330674113
元学习全候选,1.0,0.03232242617717478
元学习全候选,1.0,0.032335329341317366
元学习全候选,1.0,0.032348242811501594
元学习全候选,1.0,0.032361166600079906
元学习全候选,1.0,0.03237410071942446
元学习全候选,1.0,0.032387045181927226
元学习全候选,1.0,0.0324
元学习全候选,1.0,0.03241296518607443
元学习全候选,1.0,0.03242594075260208
元学习全候选,1.0,0.032438926712054464
元学习全候选,1.0,0.03245192307692308
元学习全候选,1.0,0.03246492985971944
元学习全候选,1.0,0.03247794707297514
元学习全候选,1.0,0.032490974729241874
元学习全候选,1.0,0.032504012841091494
元学习全候选,1.0,0.03251706142111602
元学习全候选,1.0,0.03253012048192771
元学习全候选,1.0,0.0325431900361591
元学习全候选,1.0,0.03255627009646302
元学习全候选,1.0,0.032569360675512665
元学习全候选,1.0,0.03258246178600161
元学习全候选,1.0,0.032595573440643864
元学习全候选,1.0,0.03260869565217391
元学习全候选,1.0,0.03262182843334676
元学习全候选,1.0,0.03263497179693795
元学习全候选,1.0,0.032648125755743655
元学习全候选,1.0,0.032661290322580645
元学习全候选,1.0,0.0326744655102864
元学习全候选,1.0,0.03268765133171913
元学习全候选,1.0,0.03270084779975777
元学习全候选,1.0,0.0327140549273021
元学习全候选,1.0,0.03272727272727273
元学习全候选,1.0,0.032740501212611156
元学习全候选,1.0,0.032753740396279825
元学习全候选,1.0,0.032766990291262135
元学习全候选,1.0,0.032780250910562525
元学习全候选,1.0,0.03279352226720648
元学习全候选,1.0,0.032806804374240585
元学习全候选,1.0,0.032820097244732574
元学习全候选,1.0,0.032833400891771385
元学习全候选,1.0,0.032846715328467155
元学习全候选,1.0,0.03286004056795132
元学习全候选,1.0,0.032873376623376624
元学习全候选,1.0,0.03288672350791717
元学习全候选,1.0,0.03290008123476848
元学习全候选,1.0,0.0329134498171475
元学习全候选,1.0,0.032926829268292684
元学习全候选,1.0,0.03294021960146401
元学习全候选,1.0,0.03295362082994304
元学习全候选,1.0,0.03296703296703297
元学习全候选,1.0,0.03298045602605863
元学习全候选,1.0,0.0329938900203666
元学习全候选,1.0,0.03300733496332518
元学习全候选,1.0,0.033020790868324504
元学习全候选,1.0,0.03303425774877651
元学习全候选,1.0,0.033047735618115054
元学习全候选,1.0,0.03306122448979592
元学习全候选,1.0,0.03307472437729685
元学习全候选,1.0,0.03308823529411765
元学习全候选,1.0,0.03310175725378014
元学习全候选,1.0,0.03311529026982829
元学习全候选,1.0,0.033128834355828224
元学习全候选,1.0,0.03314238952536825
元学习全候选,1.0,0.03315595579205895
元学习全候选,1.0,0.033169533169533166
元学习全候选,1.0,0.03318312167144613
元学习全候选,1.0,0.033196721311475406
元学习全候选,1.0,0.033210332103321034
元学习全候选,1.0,0.033223954060705496
元学习全候选,1.0,0.03323758719737382
元学习全候选,1.0,0.0332512315270936
元学习全候选,1.0,0.03326488706365503
元学习全候选,1.0,0.03327855382087099
元学习全候选,1.0,0.03329223181257707
元学习全候选,1.0,0.03330592105263158
元学习全候选,1.0,0.03331962155491567
元学习全候选,1.0,0.03333333333333333
元学习全候选,1.0,0.033347056401811445
元学习全候选,1.0,0.033360790774299834
元学习全候选,1.0,0.03337453646477132
元学习全候选,1.0,0.03338829348722176
元学习全候选,1.0,0.0334020618556701
元学习全候选,1.0,0.03341584158415842
元学习全候选,1.0,0.03342963268675196
元学习全候选,1.0,0.03344343517753923
元学习全候选,1.0,0.03345724907063197
元学习全候选,1.0,0.03347107438016529
元学习全候选,1.0,0.033484911120297646
元学习全候选,1.0,0.033498759305210915
元学习全候选,1.0,0.033512618949110465
元学习全候选,1.0,0.03352649006622516
元学习全候选,1.0,0.03354037267080745
元学习全候选,1.0,0.03355426677713339
元学习全候选,1.0,0.033568172399502695
元学习全候选,1.0,0.033582089552238806
元学习全候选,1.0,0.03359601824968893
元学习全候选,1.0,0.033609958506224065
元学习全候选,1.0,0.033623910336239106
元学习全候选,1.0,0.03363787375415282
元学习全候选,1.0,0.03365184877440797
元学习全候选,1.0,0.03366583541147132
元学习全候选,1.0,0.03367983367983368
元学习全候选,1.0,0.03369384359400998
元学习全候选,1.0,0.033707865168539325
元学习全候选,1.0,0.033721898417985015
元学习全候选,1.0,0.03373594335693461
元学习全候选,1.0,0.03375
元学习全候选,1.0,0.033764068361817424
元学习全候选,1.0,0.03377814845704754
元学习全候选,1.0,0.03379224030037547
元学习全候选,1.0,0.03380634390651085
元学习全候选,1.0,0.03382045929018789
元学习全候选,1.0,0.03383458646616541
元学习全候选,1.0,0.03384872544922691
元学习全候选,1.0,0.0338628762541806
元学习全候选,1.0,0.033877038895859475
元学习全候选,1.0,0.033891213389121336
元学习全候选,1.0,0.03390539974884889
元学习全候选,1.0,0.03391959798994975
元学习全候选,1.0,0.03393380812735652
元学习全候选,1.0,0.03394803017602682
元学习全候选,1.0,0.033962264150943396
元学习全候选,1.0,0.033976510067114093
元学习全候选,1.0,0.03399076793957197
元学习全候选,1.0,0.03400503778337532
元学习全候选,1.0,0.034019319613607726
元学习全候选,1.0,0.03403361344537815
元学习全候选,1.0,0.034047919293820936
元学习全候选,1.0,0.03406223717409588
元学习全候选,1.0,0.0340765671013883
元学习全候选,1.0,0.03409090909090909
元学习全候选,1.0,0.034105263157894736
元学习全候选,1.0,0.03411962931760741
元学习全候选,1.0,0.03413400758533502
元学习全候选,1.0,0.03414839797639123
元学习全候选,1.0,0.034162800506115566
元学习全候选,1.0,0.03417721518987342
元学习全候选,1.0,0.03419164204305614
元学习全候选,1.0,0.03420608108108108
元学习全候选,1.0,0.034220532319391636
元学习全候选,1.0,0.03423499577345731
元学习全候选,1.0,0.034249471458773786
元学习全候选,1.0,0.03426395939086294
元学习全候选,1.0,0.03427845958527296
元学习全候选,1.0,0.03429297205757832
元学习全候选,1.0,0.03430749682337993
元学习全候选,1.0,0.034322033898305085
元学习全候选,1.0,0.03433658329800763
元学习全候选,1.0,0.03435114503816794
元学习全候选,1.0,0.034365719134493
元学习全候选,1.0,0.03438030560271647
元学习全候选,1.0,0.034394904458598725
元学习全候选,1.0,0.034409515717926935
元学习全候选,1.0,0.034424139396515084
元学习全候选,1.0,0.03443877551020408
元学习全候选,1.0,0.03445342407486176
元学习全候选,1.0,0.03446808510638298
元学习全候选,1.0,0.034482758620689655
元学习全候选,1.0,0.034497444633730834
元学习全候选,1.0,0.034512143161482746
元学习全候选,1.0,0.034526854219948847
元学习全候选,1.0,0.034541577825159916
元学习全候选,1.0,0.03455631399317406
元学习全候选,1.0,0.034571062740076826
元学习全候选,1.0,0.034585824081981215
元学习全候选,1.0,0.03460059803502777
元学习全候选,1.0,0.03461538461538462
元学习全候选,1.0,0.03463018383924754
元学习全候选,1.0,0.034644995722840036
元学习全候选,1.0,0.03465982028241335
元学习全候选,1.0,0.034674657534246575
元学习全候选,1.0,0.03468950749464668
元学习全候选,1.0,0.03470437017994859
元学习全候选,1.0,0.034719245606515216
元学习全候选,1.0,0.034734133790737566
元学习全候选,1.0,0.03474903474903475
元学习全候选,1.0,0.03476394849785408
元学习全候选,1.0,0.0347788750536711
元学习全候选,1.0,0.03479381443298969
元学习全候选,1.0,0.034808766652342074
元学习全候选,1.0,0.034823731728288905
元学习全候选,1.0,0.03483870967741935
元学习全候选,1.0,0.034853700516351116
元学习全候选,1.0,0.03486870426173052
元学习全候选,1.0,0.03488372093023256
元学习全候选,1.0,0.034898750538560966
元学习全候选,1.0,0.034913793103448276
元学习全候选,1.0,0.03492884864165589
元学习全候选,1.0,0.034943917169974116
元学习全候选,1.0,0.03495899870522227
元学习全候选,1.0,0.034974093264248704
元学习全候选,1.0,0.03498920086393088
元学习全候选,1.0,0.035004321521175455
元学习全候选,1.0,0.03501945525291829
元学习全候选,1.0,0.03503460207612457
元学习全候选,1.0,0.03504976200778884
元学习全候选,1.0,0.03506493506493506
元学习全候选,1.0,0.035080121264616716
元学习全候选,1.0,0.03509532062391681
元学习全候选,1.0,0.035110533159947985
元学习全候选,1.0,0.03512575888985256
元学习全候选,1.0,0.0351409978308026
元学习全候选,1.0,0.03515625
元学习全候选,1.0,0.03517151541467651
元学习全候选,1.0,0.03518679409209383
元学习全候选,1.0,0.035202086049543675
元学习全候选,1.0,0.035217391304347825
元学习全候选,1.0,0.0352327098738582
元学习全候选,1.0,0.03524804177545692
元学习全候选,1.0,0.035263387026556375
元学习全候选,1.0,0.035278745644599305
元学习全候选,1.0,0.03529411764705882
元学习全候选,1.0,0.03530950305143853
元学习全候选,1.0,0.03532490187527257
元学习全候选,1.0,0.03534031413612566
元学习全候选,1.0,0.03535573985159319
元学习全候选,1.0,0.03537117903930131
元学习全候选,1.0,0.035386631716906945
元学习全候选,1.0,0.035402097902097904
元学习全候选,1.0,0.03541757761259292
元学习全候选,1.0,0.03543307086614173
元学习全候选,1.0,0.035448577680525166
元学习全候选,1.0,0.03546409807355517
元学习全候选,1.0,0.035479632063074903
元学习全候选,1.0,0.03549517966695881
元学习全候选,1.0,0.03551074090311267
元学习全候选,1.0,0.035526315789473684
元学习全候选,1.0,0.03554190434401053
元学习全候选,1.0,0.03555750658472344
元学习全候选,1.0,0.03557312252964427
元学习全候选,1.0,0.035588752196836555
元学习全候选,1.0,0.03560439560439561
元学习全候选,1.0,0.03562005277044855
元学习全候选,1.0,0.03563572371315442
元学习全候选,1.0,0.035651408450704226
元学习全候选,1.0,0.035667107001321
元学习全候选,1.0,0.035682819383259914
元学习全候选,1.0,0.035698545614808286
元学习全候选,1.0,0.03571428571428571
元学习全候选,1.0,0.03573003970004411
元学习全候选,1.0,0.03574580759046778
元学习全候选,1.0,0.03576158940397351
元学习全候选,1.0,0.0357773851590106
元学习全候选,1.0,0.035793194874060984
元学习全候选,1.0,0.03580901856763926
元学习全候选,1.0,0.03582485625829279
元学习全候选,1.0,0.03584070796460177
元学习全候选,1.0,0.035856573705179286
元学习全候选,1.0,0.03587245349867139
元学习全候选,1.0,0.0358883473637572
元学习全候选,1.0,0.03590425531914894
元学习全候选,1.0,0.03592017738359202
元学习全候选,1.0,0.03593611357586513
元学习全候选,1.0,0.03595206391478029
元学习全候选,1.0,0.03596802841918295
元学习全候选,1.0,0.03598400710795202
元学习全候选,1.0,0.036
元学习全候选,1.0,0.03601600711427301
元学习全候选,1.0,0.03603202846975089
元学习全候选,1.0,0.036048064085447265
元学习全候选,1.0,0.036064113980409616
元学习全候选,1.0,0.03608017817371938
元学习全候选,1.0,0.03609625668449198
元学习全候选,1.0,0.03611234953187695
元学习全候选,1.0,0.03612845673505798
元学习全候选,1.0,0.03614457831325301
元学习全候选,1.0,0.03616071428571429
元学习全候选,1.0,0.036176864671728454
元学习全候选,1.0,0.036193029490616625
元学习全候选,1.0,0.03620920876173447
元学习全候选,1.0,0.03622540250447227
元学习全候选,1.0,0.036241610738255034
元学习全候选,1.0,0.03625783348254252
元学习全候选,1.0,0.036274070756829375
元学习全候选,1.0,0.036290322580645164
元学习全候选,1.0,0.03630658897355446
元学习全候选,1.0,0.03632286995515695
元学习全候选,1.0,0.03633916554508748
元学习全候选,1.0,0.036355475763016155
元学习全候选,1.0,0.03637180062864841
元学习全候选,1.0,0.03638814016172507
元学习全候选,1.0,0.03640449438202247
元学习全候选,1.0,0.03642086330935252
元学习全候选,1.0,0.03643724696356275
元学习全候选,1.0,0.036453645364536456
元学习全候选,1.0,0.036470058532192706
元学习全候选,1.0,0.03648648648648649
元学习全候选,1.0,0.03650292924740874
元学习全候选,1.0,0.03651938683498648
元学习全候选,1.0,0.036535859269282815
元学习全候选,1.0,0.03655234657039711
元学习全候选,1.0,0.036568848758465014
元学习全候选,1.0,0.036585365853658534
元学习全候选,1.0,0.036601897876186174
元学习全候选,1.0,0.036618444846292945
元学习全候选,1.0,0.036635006784260515
元学习全候选,1.0,0.03665158371040724
元学习全候选,1.0,0.03666817564508828
元学习全候选,1.0,0.036684782608695655
元学习全候选,1.0,0.03670140462165836
元学习全候选,1.0,0.03671804170444243
元学习全候选,1.0,0.036734693877551024
元学习全候选,1.0,0.0367513611615245
元学习全候选,1.0,0.03676804357694054
元学习全候选,1.0,0.03678474114441417
元学习全候选,1.0,0.03680145388459791
元学习全候选,1.0,0.03681818181818182
元学习全候选,1.0,0.036834924965893585
元学习全候选,1.0,0.036851683348498636
元学习全候选,1.0,0.036868456986800184
元学习全候选,1.0,0.036885245901639344
元学习全候选,1.0,0.03690205011389522
元学习全候选,1.0,0.03691886964448496
元学习全候选,1.0,0.036935704514363885
元学习全候选,1.0,0.03695255474452555
元学习全候选,1.0,0.03696942035600183
元学习全候选,1.0,0.036986301369863014
元学习全候选,1.0,0.037003197807217905
元学习全候选,1.0,0.0370201096892139
元学习全候选,1.0,0.037037037037037035
元学习全候选,1.0,0.03705397987191217
元学习全候选,1.0,0.037070938215102975
元学习全候选,1.0,0.03708791208791209
元学习全候选,1.0,0.03710490151168117
元学习全候选,1.0,0.03712190650779102
元学习全候选,1.0,0.037138927097661624
元学习全候选,1.0,0.037155963302752296
元学习全候选,1.0,0.03717301514456173
元学习全候选,1.0,0.0371900826446281
元学习全候选,1.0,0.03720716582452917
元学习全候选,1.0,0.03722426470588235
元学习全候选,1.0,0.037241379310344824
元学习全候选,1.0,0.037258509659613616
元学习全候选,1.0,0.03727565577542568
元学习全候选,1.0,0.03729281767955801
元学习全候选,1.0,0.037309995393827726
元学习全候选,1.0,0.03732718894009217
元学习全候选,1.0,0.03734439834024896
元学习全候选,1.0,0.03736162361623616
元学习全候选,1.0,0.0373788647900323
元学习全候选,1.0,0.037396121883656507
元学习全候选,1.0,0.03741339491916859
元学习全候选,1.0,0.03743068391866913
元学习全候选,1.0,0.03744798890429958
元学习全候选,1.0,0.03746530989824237
元学习全候选,1.0,0.037482646922720964
元学习全候选,1.0,0.0375
元学习全候选,1.0,0.03751736915238536
元学习全候选,1.0,0.037534754402224285
元学习全候选,1.0,0.037552155771905425
元学习全候选,1.0,0.037569573283859
元学习全候选,1.0,0.03758700696055684
元学习全候选,1.0,0.037604456824512536
元学习全候选,1.0,0.037621922898281465
元学习全候选,1.0,0.03763940520446097
元学习全候选,1.0,0.03765690376569038
元学习全候选,1.0,0.037674418604651164
元学习全候选,1.0,0.037691949744067005
元学习全候选,1.0,0.03770949720670391
元学习全候选,1.0,0.03772706101537028
元学习全候选,1.0,0.03774464119291705
元学习全候选,1.0,0.03776223776223776
元学习全候选,1.0,0.037779850746268655
元学习全候选,1.0,0.0377974801679888
元学习全候选,1.0,0.037815126050420166
元学习全候选,1.0,0.037832788416627745
元学习全候选,1.0,0.03785046728971963
元学习全候选,1.0,0.037868162692847124
元学习全候选,1.0,0.03788587464920486
元学习全候选,1.0,0.037903603182030884
元学习全候选,1.0,0.037921348314606744
元学习全候选,1.0,0.03793911007025761
元学习全候选,1.0,0.03795688847235239
元学习全候选,1.0,0.0379746835443038
元学习全候选,1.0,0.03799249530956848
元学习全候选,1.0,0.038010323791647115
元学习全候选,1.0,0.038028169014084505
元学习全候选,1.0,0.0380460310004697
元学习全候选,1.0,0.03806390977443609
元学习全候选,1.0,0.0380818053596615
元学习全候选,1.0,0.0380997177798683
元学习全候选,1.0,0.03811764705882353
元学习全候选,1.0,0.038135593220338986
元学习全候选,1.0,0.038153556288271315
元学习全候选,1.0,0.03817153628652215
元学习全候选,1.0,0.03818953323903819
元学习全候选,1.0,0.03820754716981132
元学习全候选,1.0,0.038225578102878716
元学习全候选,1.0,0.03824362606232295
元学习全候选,1.0,0.038261691072272085
元学习全候选,1.0,0.03827977315689981
元学习全候选,1.0,0.03829787234042553
元学习全候选,1.0,0.038315988647114475
元学习全候选,1.0,0.038334122101277804
元学习全候选,1.0,0.03835227272727273
元学习全候选,1.0,0.03837044054950261
元学习全候选,1.0,0.03838862559241706
元学习全候选,1.0,0.03840682788051209
元学习全候选,1.0,0.03842504743833017
元学习全候选,1.0,0.03844328429046037
元学习全候选,1.0,0.038461538461538464
元学习全候选,1.0,0.03847980997624703
元学习全候选,1.0,0.03849809885931559
元学习全候选,1.0,0.03851640513552068
元学习全候选,1.0,0.03853472882968601
元学习全候选,1.0,0.038553069966682535
元学习全候选,1.0,0.03857142857142857
元学习全候选,1.0,0.03858980466888995
元学习全候选,1.0,0.038608198284080075
元学习全候选,1.0,0.03862660944206009
元学习全候选,1.0,0.03864503816793893
元学习全候选,1.0,0.03866348448687351
元学习全候选,1.0,0.03868194842406877
元学习全候选,1.0,0.03870043000477783
元学习全候选,1.0,0.038718929254302106
元学习全候选,1.0,0.03873744619799139
元学习全候选,1.0,0.038755980861244016
元学习全候选,1.0,0.038774533269506944
元学习全候选,1.0,0.03879310344827586
元学习全候选,1.0,0.03881169142309535
元学习全候选,1.0,0.03883029721955897
元学习全候选,1.0,0.03884892086330935
元学习全候选,1.0,0.03886756238003839
元学习全候选,1.0,0.03888622179548728
元学习全候选,1.0,0.03890489913544669
元学习全候选,1.0,0.038923594425756845
元学习全候选,1.0,0.03894230769230769
元学习全候选,1.0,0.03896103896103896
元学习全候选,1.0,0.03897978825794033
元学习全候选,1.0,0.038998555609051515
元学习全候选,1.0,0.03901734104046243
元学习全候选,1.0,0.03903614457831325
元学习全候选,1.0,0.0390549662487946
元学习全候选,1.0,0.03907380607814761
元学习全候选,1.0,0.03909266409266409
元学习全候选,1.0,0.039111540318686626
元学习全候选,1.0,0.0391304347826087
元学习全候选,1.0,0.039149347510874816
元学习全候选,1.0,0.03916827852998066
元学习全候选,1.0,0.03918722786647315
元学习全候选,1.0,0.03920619554695063
元学习全候选,1.0,0.03922518159806295
元学习全候选,1.0,0.03924418604651163
元学习全候选,1.0,0.03926320891904993
元学习全候选,1.0,0.039282250242483024
元学习全候选,1.0,0.039301310043668124
元学习全候选,1.0,0.03932038834951456
元学习全候选,1.0,0.03933948518698397
元学习全候选,1.0,0.03935860058309038
元学习全候选,1.0,0.03937773456490034
元学习全候选,1.0,0.03939688715953307
元学习全候选,1.0,0.03941605839416058
元学习全候选,1.0,0.03943524829600779
元学习全候选,1.0,0.039454456892352656
元学习全候选,1.0,0.039473684210526314
元学习全候选,1.0,0.039492930277913216
元学习全候选,1.0,0.03951219512195122
元学习全候选,1.0,0.03953147877013177
元学习全候选,1.0,0.03955078125
元学习全候选,1.0,0.03957010258915486
元学习全候选,1.0,0.039589442815249266
元学习全候选,1.0,0.03960880195599022
元学习全候选,1.0,0.03962818003913894
元学习全候选,1.0,0.039647577092511016
元学习全候选,1.0,0.039666993143976495
元学习全候选,1.0,0.03968642822146007
元学习全候选,1.0,0.039705882352941174
元学习全候选,1.0,0.039725355566454144
元学习全候选,1.0,0.03974484789008832
元学习全候选,1.0,0.039764359351988215
元学习全候选,1.0,0.039783889980353634
元学习全候选,1.0,0.039803439803439804
元学习全候选,1.0,0.03982300884955752
元学习全候选,1.0,0.03984259714707329
元学习全候选,1.0,0.03986220472440945
元学习全候选,1.0,0.03988183161004431
元学习全候选,1.0,0.039901477832512314
元学习全候选,1.0,0.03992114342040414
元学习全候选,1.0,0.03994082840236687
元学习全候选,1.0,0.03996053280710409
元学习全候选,1.0,0.03998025666337611
元学习全候选,1.0,0.04
元学习全候选,1.0,0.0400197628458498
元学习全候选,1.0,0.04003954522985665
元学习全候选,1.0,0.040059347181008904
元学习全候选,1.0,0.0400791687283523
元学习全候选,1.0,0.0400990099009901
元学习全候选,1.0,0.04011887072808321
元学习全候选,1.0,0.04013875123885035
元学习全候选,1.0,0.04015865146256817
元学习全候选,1.0,0.04017857142857143
元学习全候选,1.0,0.0401985111662531
元学习全候选,1.0,0.04021847070506455
元学习全候选,1.0,0.040238450074515646
元学习全候选,1.0,0.04025844930417495
元学习全候选,1.0,0.04027846842366982
元学习全候选,1.0,0.04029850746268657
元学习全候选,1.0,0.04031856645097063
元学习全候选,1.0,0.04033864541832669
元学习全候选,1.0,0.04035874439461883
元学习全候选,1.0,0.04037886340977069
元学习全候选,1.0,0.04039900249376559
元学习全候选,1.0,0.040419161676646706
元学习全候选,1.0,0.040439340988517224
元学习全候选,1.0,0.040459540459540456
元学习全候选,1.0,0.04047976011994003
元学习全候选,1.0,0.0405
元学习全候选,1.0,0.04052026013006503
元学习全候选,1.0,0.04054054054054054
元学习全候选,1.0,0.04056084126189284
元学习全候选,1.0,0.0405811623246493
元学习全候选,1.0,0.0406015037593985
元学习全候选,1.0,0.040621865596790374
元学习全候选,1.0,0.040642247867536375
元学习全候选,1.0,0.04066265060240964
元学习全候选,1.0,0.040683073832245106
元学习全候选,1.0,0.0407035175879397
元学习全候选,1.0,0.04072398190045249
元学习全候选,1.0,0.04074446680080483
元学习全候选,1.0,0.04076497232008052
元学习全候选,1.0,0.04078549848942598
元学习全候选,1.0,0.040806045340050376
元学习全候选,1.0,0.040826612903225805
元学习全候选,1.0,0.04084720121028744
元学习全候选,1.0,0.040867810292633706
元学习全候选,1.0,0.0408884401817264
元学习全候选,1.0,0.04090909090909091
元学习全候选,1.0,0.040929762506316324
元学习全候选,1.0,0.04095045500505561
元学习全候选,1.0,0.0409711684370258
元学习全候选,1.0,0.040991902834008095
元学习全候选,1.0,0.0410126582278481
元学习全候选,1.0,0.041033434650455926
元学习全候选,1.0,0.041054232133806386
元学习全候选,1.0,0.04107505070993915
元学习全候选,1.0,0.0410958904109589
元学习全候选,1.0,0.04111675126903553
元学习全候选,1.0,0.041137633316404264
元学习全候选,1.0,0.041158536585365856
元学习全候选,1.0,0.041179461108286734
元学习全候选,1.0,0.041200406917599186
元学习全候选,1.0,0.04122137404580153
元学习全候选,1.0,0.04124236252545825
元学习全候选,1.0,0.041263372389200206
元学习全候选,1.0,0.04128440366972477
元学习全候选,1.0,0.04130545639979602
元学习全候选,1.0,0.0413265306122449
元学习全候选,1.0,0.04134762633996937
元学习全候选,1.0,0.04136874361593463
元学习全候选,1.0,0.041389882473173226
元学习全候选,1.0,0.04141104294478527
元学习全候选,1.0,0.04143222506393862
元学习全候选,1.0,0.041453428863868984
元学习全候选,1.0,0.041474654377880185
元学习全候选,1.0,0.04149590163934426
元学习全候选,1.0,0.041517170681701694
元学习全候选,1.0,0.04153846153846154
元学习全候选,1.0,0.04155977424320164
元学习全候选,1.0,0.04158110882956879
元学习全候选,1.0,0.04160246533127889
元学习全候选,1.0,0.04162384378211716
元学习全候选,1.0,0.0416452442159383
元学习全候选,1.0,0.041666666666666664
元学习全候选,1.0,0.041688111168296446
元学习全候选,1.0,0.04170957775489186
元学习全候选,1.0,0.04173106646058733
元学习全候选,1.0,0.041752577319587626
元学习全候选,1.0,0.04177411036616813
元学习全候选,1.0,0.04179566563467492
元学习全候选,1.0,0.041817243159525036
元学习全候选,1.0,0.04183884297520661
元学习全候选,1.0,0.04186046511627907
元学习全候选,1.0,0.04188210961737332
元学习全候选,1.0,0.04190377651319193
元学习全候选,1.0,0.04192546583850932
元学习全候选,1.0,0.04194717762817193
元学习全候选,1.0,0.04196891191709844
元学习全候选,1.0,0.041990668740279936
元学习全候选,1.0,0.042012448132780086
元学习全候选,1.0,0.04203425012973534
元学习全候选,1.0,0.04205607476635514
元学习全候选,1.0,0.042077922077922075
元学习全候选,1.0,0.0420997920997921
元学习全候选,1.0,0.0421216848673947
元学习全候选,1.0,0.04214360041623309
元学习全候选,1.0,0.042165538781884435
元学习全候选,1.0,0.0421875
元学习全候选,1.0,0.042209484106305366
元学习全候选,1.0,0.04223149113660062
元学习全候选,1.0,0.04225352112676056
元学习全候选,1.0,0.042275574112734866
元学习全候选,1.0,0.0422976501305483
元学习全候选,1.0,0.04231974921630094
元学习全候选,1.0,0.042341871406168324
元学习全候选,1.0,0.04236401673640167
元学习全候选,1.0,0.0423861852433281
元学习全候选,1.0,0.042408376963350786
元学习全候选,1.0,0.04243059193294919
元学习全候选,1.0,0.04245283018867924
元学习全候选,1.0,0.042475091767173574
元学习全候选,1.0,0.04249737670514166
元学习全候选,1.0,0.04251968503937008
元学习全候选,1.0,0.04254201680672269
元学习全候选,1.0,0.04256437204414083
元学习全候选,1.0,0.04258675078864353
元学习全候选,1.0,0.042609153077327724
元学习全候选,1.0,0.04263157894736842
元学习全候选,1.0,0.04265402843601896
元学习全候选,1.0,0.04267650158061117
元学习全候选,1.0,0.042698998418555616
元学习全候选,1.0,0.04272151898734177
元学习全候选,1.0,0.042744063324538256
元学习全候选,1.0,0.04276663146779303
元学习全候选,1.0,0.042789223454833596
元学习全候选,1.0,0.04281183932346723
元学习全候选,1.0,0.04283447911158118
元学习全候选,1.0,0.04285714285714286
元学习全候选,1.0,0.04287983059820011
元学习全候选,1.0,0.04290254237288135
元学习全候选,1.0,0.04292527821939587
元学习全候选,1.0,0.04294803817603393
元学习全候选,1.0,0.04297082228116711
元学习全候选,1.0,0.042993630573248405
元学习全候选,1.0,0.043016463090812536
元学习全候选,1.0,0.04303931987247609
元学习全候选,1.0,0.0430622009569378
元学习全候选,1.0,0.04308510638297872
元学习全候选,1.0,0.04310803618946248
元学习全候选,1.0,0.04313099041533546
元学习全候选,1.0,0.043153969099627064
元学习全候选,1.0,0.04317697228144989
元学习全候选,1.0,0.0432
元学习全候选,1.0,0.0432230522945571
元学习全候选,1.0,0.043246129204484784
元学习全候选,1.0,0.04326923076923077
元学习全候选,1.0,0.0432923570283271
元学习全候选,1.0,0.04331550802139037
元学习全候选,1.0,0.04333868378812199
元学习全候选,1.0,0.04336188436830835
元学习全候选,1.0,0.0433851098018211
元学习全候选,1.0,0.04340836012861737
元学习全候选,1.0,0.043431635388739946
元学习全候选,1.0,0.04345493562231759
元学习全候选,1.0,0.043478260869565216
元学习全候选,1.0,0.043501611170784105
元学习全候选,1.0,0.043524986566362174
元学习全候选,1.0,0.043548387096774194
元学习全候选,1.0,0.04357181280258203
元学习全候选,1.0,0.043595263724434875
元学习全候选,1.0,0.04361873990306947
元学习全候选,1.0,0.043642241379310345
元学习全候选,1.0,0.04366576819407008
元学习全候选,1.0,0.043689320388349516
元学习全候选,1.0,0.04371289800323799
元学习全候选,1.0,0.04373650107991361
元学习全候选,1.0,0.04376012965964344
元学习全候选,1.0,0.04378378378378378
元学习全候选,1.0,0.043807463493780424
元学习全候选,1.0,0.04383116883116883
元学习全候选,1.0,0.04385489983757444
元学习全候选,1.0,0.043878656554712896
元学习全候选,1.0,0.04390243902439024
元学习全候选,1.0,0.04392624728850325
元学习全候选,1.0,0.04395008138903961
元学习全候选,1.0,0.043973941368078175
元学习全候选,1.0,0.043997827267789245
元学习全候选,1.0,0.044021739130434785
元学习全候选,1.0,0.04404567699836868
元学习全候选,1.0,0.044069640914037
元学习全候选,1.0,0.04409363091997823
元学习全候选,1.0,0.04411764705882353
元学习全候选,1.0,0.044141689373297
元学习全候选,1.0,0.04416575790621592
元学习全候选,1.0,0.044189852700491
元学习全候选,1.0,0.04421397379912664
元学习全候选,1.0,0.04423812124522119
元学习全候选,1.0,0.04426229508196721
元学习全候选,1.0,0.04428649535265172
元学习全候选,1.0,0.04431072210065645
元学习全候选,1.0,0.04433497536945813
元学习全候选,1.0,0.0443592552026287
元学习全候选,1.0,0.04438356164383562
元学习全候选,1.0,0.044407894736842105
元学习全候选,1.0,0.044432254525507406
元学习全候选,1.0,0.04445664105378705
元学习全候选,1.0,0.044481054365733116
元学习全候选,1.0,0.04450549450549451
元学习全候选,1.0,0.04452996151731721
元学习全候选,1.0,0.04455445544554455
元学习全候选,1.0,0.0445789763346175
元学习全候选,1.0,0.04460352422907489
元学习全候选,1.0,0.04462809917355372
元学习全候选,1.0,0.044652701212789414
元学习全候选,1.0,0.04467733039161611
元学习全候选,1.0,0.04470198675496689
元学习全候选,1.0,0.0447266703478741
元学习全候选,1.0,0.044751381215469614
元学习全候选,1.0,0.04477611940298507
元学习全候选,1.0,0.04480088495575221
元学习全候选,1.0,0.0448256779192031
元学习全候选,1.0,0.044850498338870434
元学习全候选,1.0,0.04487534626038781
元学习全候选,1.0,0.04490022172949002
元学习全候选,1.0,0.04492512479201331
元学习全候选,1.0,0.04495005549389567
元学习全候选,1.0,0.044975013881177126
元学习全候选,1.0,0.045
元学习全候选,1.0,0.04502501389660923
元学习全候选,1.0,0.04505005561735261
元学习全候选,1.0,0.045075125208681135
元学习全候选,1.0,0.04510022271714922
元学习全候选,1.0,0.04512534818941504
元学习全候选,1.0,0.0451505016722408
元学习全候选,1.0,0.04517568321249303
元学习全候选,1.0,0.045200892857142856
元学习全候选,1.0,0.04522613065326633
元学习全候选,1.0,0.045251396648044694
元学习全候选,1.0,0.045276690888764674
元学习全候选,1.0,0.04530201342281879
元学习全候选,1.0,0.045327364297705654
元学习全候选,1.0,0.04535274356103024
元学习全候选,1.0,0.0453781512605042
元学习全候选,1.0,0.04540358744394619
元学习全候选,1.0,0.045429052159282106
元学习全候选,1.0,0.045454545454545456
元学习全候选,1.0,0.045480067377877596
元学习全候选,1.0,0.04550561797752809
元学习全候选,1.0,0.045531197301854974
元学习全候选,1.0,0.045556805399325086
元学习全候选,1.0,0.04558244231851435
元学习全候选,1.0,0.04560810810810811
元学习全候选,1.0,0.04563380281690141
元学习全候选,1.0,0.04565952649379933
元学习全候选,1.0,0.04568527918781726
元学习全候选,1.0,0.045711060948081264
元学习全候选,1.0,0.045736871823828344
元学习全候选,1.0,0.04576271186440678
元学习全候选,1.0,0.04578858111927643
元学习全候选,1.0,0.04581447963800905
元学习全候选,1.0,0.04584040747028863
元学习全候选,1.0,0.045866364665911666
元学习全候选,1.0,0.04589235127478754
元学习全候选,1.0,0.04591836734693878
元学习全候选,1.0,0.04594441293250142
元学习全候选,1.0,0.04597048808172531
元学习全候选,1.0,0.04599659284497445
元学习全候选,1.0,0.04602272727272727
元学习全候选,1.0,0.04604889141557703
元学习全候选,1.0,0.04607508532423208
元学习全候选,1.0,0.04610130904951622
元学习全候选,1.0,0.04612756264236902
元学习全候选,1.0,0.046153846153846156
元学习全候选,1.0,0.046180159635119726
元学习全候选,1.0,0.04620650313747861
元学习全候选,1.0,0.046232876712328765
元学习全候选,1.0,0.04625928041119361
元学习全候选,1.0,0.046285714285714284
元学习全候选,1.0,0.04631217838765009
元学习全候选,1.0,0.04633867276887872
元学习全候选,1.0,0.04636519748139668
元学习全候选,1.0,0.04639175257731959
元学习全候选,1.0,0.046418338108882524
元学习全候选,1.0,0.046444954128440366
元学习全候选,1.0,0.04647160068846816
元学习全候选,1.0,0.04649827784156142
元学习全候选,1.0,0.04652498564043653
元学习全候选,1.0,0.04655172413793104
元学习全候选,1.0,0.046578493387004025
元学习全候选,1.0,0.04660529344073648
元学习全候选,1.0,0.046632124352331605
元学习全候选,1.0,0.04665898617511521
元学习全候选,1.0,0.04668587896253602
元学习全候选,1.0,0.04671280276816609
元学习全候选,1.0,0.0467397576457011
元学习全候选,1.0,0.04676674364896074
元学习全候选,1.0,0.04679376083188908
元学习全候选,1.0,0.04682080924855491
元学习全候选,1.0,0.04684788895315211
元学习全候选,1.0,0.046875
元学习全候选,1.0,0.046902142443543716
元学习全候选,1.0,0.04692931633835458
元学习全候选,1.0,0.04695652173913043
元学习全候选,1.0,0.04698375870069606
元学习全候选,1.0,0.047011027278003485
元学习全候选,1.0,0.047038327526132406
元学习全候选,1.0,0.04706565950029053
元学习全候选,1.0,0.04709302325581395
元学习全候选,1.0,0.04712041884816754
元学习全候选,1.0,0.04714784633294528
元学习全候选,1.0,0.04717530576587071
元学习全候选,1.0,0.0472027972027972
元学习全候选,1.0,0.04723032069970846
元学习全候选,1.0,0.047257876312718786
元学习全候选,1.0,0.047285464098073555
元学习全候选,1.0,0.04731308411214953
元学习全候选,1.0,0.04734073641145529
元学习全候选,1.0,0.04736842105263158
元学习全候选,1.0,0.047396138092451724
元学习全候选,1.0,0.04742388758782201
元学习全候选,1.0,0.04745166959578207
元学习全候选,1.0,0.047479484173505275
元学习全候选,1.0,0.04750733137829912
元学习全候选,1.0,0.04753521126760563
元学习全候选,1.0,0.04756312389900176
元学习全候选,1.0,0.04759106933019976
元学习全候选,1.0,0.047619047619047616
元学习全候选,1.0,0.04764705882352941
元学习全候选,1.0,0.047675103001765744
元学习全候选,1.0,0.04770318021201413
元学习全候选,1.0,0.047731290512669416
元学习全候选,1.0,0.047759433962264154
元学习全候选,1.0,0.047787610619469026
元学习全候选,1.0,0.047815820543093274
元学习全候选,1.0,0.047844063792085056
元学习全候选,1.0,0.047872340425531915
元学习全候选,1.0,0.047900650502661145
元学习全候选,1.0,0.04792899408284024
元学习全候选,1.0,0.047957371225577264
元学习全候选,1.0,0.04798578199052133
元学习全候选,1.0,0.048014226437462955
元学习全候选,1.0,0.04804270462633452
元学习全候选,1.0,0.048071216617210685
元学习全候选,1.0,0.04809976247030879
元学习全候选,1.0,0.0481283422459893
元学习全候选,1.0,0.048156956004756245
元学习全候选,1.0,0.04818560380725759
元学习全候选,1.0,0.048214285714285716
元学习全候选,1.0,0.048243001786777845
元学习全候选,1.0,0.048271752085816445
元学习全候选,1.0,0.04830053667262969
元学习全候选,1.0,0.04832935560859188
元学习全候选,1.0,0.04835820895522388
元学习全候选,1.0,0.04838709677419355
元学习全候选,1.0,0.0484160191273162
元学习全候选,1.0,0.04844497607655503
元学习全候选,1.0,0.04847396768402154
元学习全候选,1.0,0.048502994011976046
元学习全候选,1.0,0.048532055122828044
元学习全候选,1.0,0.048561151079136694
元学习全候选,1.0,0.04859028194361128
元学习全候选,1.0,0.048619447779111646
元学习全候选,1.0,0.04864864864864865
元学习全候选,1.0,0.048677884615384616
元学习全候选,1.0,0.0487071557426338
元学习全候选,1.0,0.048736462093862815
元学习全候选,1.0,0.04876580373269115
元学习全候选,1.0,0.04879518072289157
元学习全候选,1.0,0.048824593128390596
元学习全候选,1.0,0.048854041013269
元学习全候选,1.0,0.04888352444176222
元学习全候选,1.0,0.04891304347826087
元学习全候选,1.0,0.04894259818731118
元学习全候选,1.0,0.04897218863361548
元学习全候选,1.0,0.04900181488203267
元学习全候选,1.0,0.04903147699757869
元学习全候选,1.0,0.049061175045427015
元学习全候选,1.0,0.04909090909090909
元学习全候选,1.0,0.049120679199514856
元学习全候选,1.0,0.0491504854368932
元学习全候选,1.0,0.04918032786885246
元学习全候选,1.0,0.049210206561360874
元学习全候选,1.0,0.049240121580547115
元学习全候选,1.0,0.04927007299270073
元学习全候选,1.0,0.049300060864272674
元学习全候选,1.0,0.04933008526187576
元学习全候选,1.0,0.04936014625228519
元学习全候选,1.0,0.04939024390243903
元学习全候选,1.0,0.04942037827943868
元学习全候选,1.0,0.04945054945054945
元学习全候选,1.0,0.04948075748320098
元学习全候选,1.0,0.049511002444987774
元学习全候选,1.0,0.04954128440366973
元学习全候选,1.0,0.04957160342717258
元学习全候选,1.0,0.049601959583588484
元学习全候选,1.0,0.04963235294117647
元学习全候选,1.0,0.04966278356836297
元学习全候选,1.0,0.04969325153374233
元学习全候选,1.0,0.049723756906077346
元学习全候选,1.0,0.049754299754299756
元学习全候选,1.0,0.04978488014751076
元学习全候选,1.0,0.04981549815498155
元学习全候选,1.0,0.049846153846153846
元学习全候选,1.0,0.049876847290640396
元学习全候选,1.0,0.04990757855822551
元学习全候选,1.0,0.0499383477188656
元学习全候选,1.0,0.0499691548426897
元学习全候选,1.0,0.05
元学习全候选,1.0,0.05003088326127239
元学习全候选,1.0,0.050061804697156986
元学习全候选,1.0,0.05009276437847866
元学习全候选,1.0,0.05012376237623763
元学习全候选,1.0,0.05015479876160991
元学习全候选,1.0,0.05018587360594796
元学习全候选,1.0,0.050216986980781156
元学习全候选,1.0,0.05024813895781638
元学习全候选,1.0,0.05027932960893855
元学习全候选,1.0,0.05031055900621118
元学习全候选,1.0,0.05034182722187694
元学习全候选,1.0,0.05037313432835821
元学习全候选,1.0,0.05040448039825762
元学习全候选,1.0,0.050435865504358655
元学习全候选,1.0,0.05046728971962617
元学习全候选,1.0,0.05049875311720698
元学习全候选,1.0,0.050530255770430445
元学习全候选,1.0,0.05056179775280899
元学习全候选,1.0,0.05059337913803873
元学习全候选,1.0,0.050625
元学习全候选,1.0,0.05065666041275797
元学习全候选,1.0,0.05068836045056321
元学习全候选,1.0,0.050720100187852224
元学习全候选,1.0,0.05075187969924812
元学习全候选,1.0,0.05078369905956113
元学习全候选,1.0,0.05081555834378921
元学习全候选,1.0,0.05084745762711865
元学习全候选,1.0,0.05087939698492462
元学习全候选,1.0,0.05091137649277184
元学习全候选,1.0,0.0509433962264151
元学习全候选,1.0,0.050975456261799876
元学习全候选,1.0,0.05100755667506297
元学习全候选,1.0,0.05103969754253308
元学习全候选,1.0,0.0510718789407314
元学习全候选,1.0,0.05110410094637224
元学习全候选,1.0,0.05113636363636364
元学习全候选,1.0,0.051168667087807956
元学习全候选,1.0,0.05120101137800253
元学习全候选,1.0,0.051233396584440226
元学习全候选,1.0,0.05126582278481013
元学习全候选,1.0,0.0512982900569981
元学习全候选,1.0,0.051330798479087454
元学习全候选,1.0,0.05136334812935954
元学习全候选,1.0,0.05139593908629442
元学习全候选,1.0,0.05142857142857143
元学习全候选,1.0,0.05146124523506988
元学习全候选,1.0,0.05149396058486968
元学习全候选,1.0,0.05152671755725191
元学习全候选,1.0,0.051559516231699555
元学习全候选,1.0,0.05159235668789809
元学习全候选,1.0,0.05162523900573614
元学习全候选,1.0,0.051658163265306124
元学习全候选,1.0,0.05169112954690491
元学习全候选,1.0,0.05172413793103448
元学习全候选,1.0,0.05175718849840256
元学习全候选,1.0,0.05179028132992328
元学习全候选,1.0,0.05182341650671785
元学习全候选,1.0,0.051856594110115235
元学习全候选,1.0,0.051889814221652786
元学习全候选,1.0,0.051923076923076926
元学习全候选,1.0,0.05195638229634381
元学习全候选,1.0,0.051989730423620026
元学习全候选,1.0,0.05202312138728324
元学习全候选,1.0,0.05205655526992288
元学习全候选,1.0,0.05209003215434083
元学习全候选,1.0,0.052123552123552123
元学习全候选,1.0,0.05215711526078558
元学习全候选,1.0,0.05219072164948454
元学习全候选,1.0,0.05222437137330754
元学习全候选,1.0,0.052258064516129035
元学习全候选,1.0,0.052291801162040026
元学习全候选,1.0,0.05232558139534884
元学习全候选,1.0,0.05235940530058177
元学习全候选,1.0,0.052393272962483826
元学习全候选,1.0,0.05242718446601942
元学习全候选,1.0,0.052461139896373056
元学习全候选,1.0,0.0524951393389501
元学习全候选,1.0,0.05252918287937743
元学习全候选,1.0,0.05256327060350422
元学习全候选,1.0,0.052597402597402594
元学习全候选,1.0,0.05263157894736842
元学习全候选,1.0,0.05266579973992198
元学习全候选,1.0,0.052700065061808715
元学习全候选,1.0,0.052734375
元学习全候选,1.0,0.05276872964169381
元学习全候选,1.0,0.052803129074315516
元学习全候选,1.0,0.05283757338551859
元学习全候选,1.0,0.05287206266318538
元学习全候选,1.0,0.052906596995427824
元学习全候选,1.0,0.052941176470588235
元学习全候选,1.0,0.052975801177240024
元学习全候选,1.0,0.05301047120418848
元学习全候选,1.0,0.05304518664047151
元学习全候选,1.0,0.05307994757536042
元学习全候选,1.0,0.05311475409836065
元学习全候选,1.0,0.0531496062992126
元学习全候选,1.0,0.05318450426789232
元学习全候选,1.0,0.053219448094612355
元学习全候选,1.0,0.05325443786982249
元学习全候选,1.0,0.053289473684210525
元学习全候选,1.0,0.05332455562870309
元学习全候选,1.0,0.0533596837944664
元学习全候选,1.0,0.053394858272907054
元学习全候选,1.0,0.05343007915567282
元学习全候选,1.0,0.053465346534653464
元学习全候选,1.0,0.053500660501981503
元学习全候选,1.0,0.053536021150033045
元学习全候选,1.0,0.05357142857142857
元学习全候选,1.0,0.053606882859033755
元学习全候选,1.0,0.05364238410596026
元学习全候选,1.0,0.0536779324055666
元学习全候选,1.0,0.05371352785145889
元学习全候选,1.0,0.0537491705374917
元学习全候选,1.0,0.053784860557768925
元学习全候选,1.0,0.053820598006644516
元学习全候选,1.0,0.0538563829787234
元学习全候选,1.0,0.05389221556886228
元学习全候选,1.0,0.05392809587217044
元学习全候选,1.0,0.05396402398401066
元学习全候选,1.0,0.054
元学习全候选,1.0,0.054036024016010674
元学习全候选,1.0,0.0540720961281709
元学习全候选,1.0,0.05410821643286573
元学习全候选,1.0,0.05414438502673797
元学习全候选,1.0,0.05418060200668896
元学习全候选,1.0,0.05421686746987952
元学习全候选,1.0,0.05425318151373074
元学习全候选,1.0,0.054289544235924934
元学习全候选,1.0,0.05432595573440644
元学习全候选,1.0,0.05436241610738255
元学习全候选,1.0,0.05439892545332438
元学习全候选,1.0,0.05443548387096774
元学习全候选,1.0,0.05447209145931405
元学习全候选,1.0,0.05450874831763122
元学习全候选,1.0,0.05454545454545454
元学习全候选,1.0,0.0545822102425876
元学习全候选,1.0,0.05461901550910317
元学习全候选,1.0,0.05465587044534413
元学习全候选,1.0,0.054692775151924375
元学习全候选,1.0,0.05472972972972973
元学习全候选,1.0,0.05476673427991886
元学习全候选,1.0,0.05480378890392422
元学习全候选,1.0,0.05484089370345294
元学习全候选,1.0,0.054878048780487805
元学习全候选,1.0,0.05491525423728814
元学习全候选,1.0,0.05495251017639077
元学习全候选,1.0,0.054989816700611
元学习全候选,1.0,0.05502717391304348
元学习全候选,1.0,0.055064581917063225
元学习全候选,1.0,0.05510204081632653
元学习全候选,1.0,0.05513955071477195
元学习全候选,1.0,0.055177111716621256
元学习全候选,1.0,0.05521472392638037
元学习全候选,1.0,0.05525238744884038
元学习全候选,1.0,0.0552901023890785
元学习全候选,1.0,0.055327868852459015
元学习全候选,1.0,0.05536568694463431
元学习全候选,1.0,0.05540355677154583
元学习全候选,1.0,0.055441478439425054
元学习全候选,1.0,0.05547945205479452
元学习全候选,1.0,0.055517477724468814
元学习全候选,1.0,0.05555555555555555
元学习全候选,1.0,0.055593685655456415
元学习全候选,1.0,0.05563186813186813
元学习全候选,1.0,0.05567010309278351
元学习全候选,1.0,0.05570839064649243
元学习全候选,1.0,0.055746730901582935
元学习全候选,1.0,0.05578512396694215
元学习全候选,1.0,0.055823569951757405
元学习全候选,1.0,0.05586206896551724
元学习全候选,1.0,0.055900621118012424
元学习全候选,1.0,0.05593922651933702
元学习全候选,1.0,0.05597788527988943
元学习全候选,1.0,0.056016597510373446
元学习全候选,1.0,0.056055363321799306
元学习全候选,1.0,0.05609418282548476
元学习全候选,1.0,0.056133056133056136
元学习全候选,1.0,0.05617198335644938
元学习全候选,1.0,0.056210964607911175
元学习全候选,1.0,0.05625
元学习全候选,1.0,0.056289089645587216
元学习全候选,1.0,0.056328233657858134
元学习全候选,1.0,0.05636743215031315
元学习全候选,1.0,0.056406685236768804
元学习全候选,1.0,0.05644599303135889
元学习全候选,1.0,0.056485355648535567
元学习全候选,1.0,0.056524773203070484
元学习全候选,1.0,0.05656424581005587
元学习全候选,1.0,0.05660377358490566
元学习全候选,1.0,0.056643356643356645
元学习全候选,1.0,0.05668299510146956
元学习全候选,1.0,0.05672268907563025
元学习全候选,1.0,0.056762438682550806
元学习全候选,1.0,0.056802244039270686
元学习全候选,1.0,0.056842105263157895
元学习全候选,1.0,0.05688202247191011
元学习全候选,1.0,0.05692199578355587
元学习全候选,1.0,0.056962025316455694
元学习全候选,1.0,0.05700211118930331
元学习全候选,1.0,0.05704225352112676
元学习全候选,1.0,0.05708245243128964
元学习全候选,1.0,0.057122708039492244
元学习全候选,1.0,0.05716302046577276
元学习全候选,1.0,0.057203389830508475
元学习全候选,1.0,0.05724381625441696
元学习全候选,1.0,0.057284299858557285
元学习全候选,1.0,0.05732484076433121
元学习全候选,1.0,0.05736543909348442
元学习全候选,1.0,0.057406094968107724
元学习全候选,1.0,0.0574468085106383
元学习全候选,1.0,0.057487579843860895
元学习全候选,1.0,0.05752840909090909
元学习全候选,1.0,0.057569296375266525
元学习全候选,1.0,0.057610241820768134
元学习全候选,1.0,0.05765124555160142
元学习全候选,1.0,0.057692307692307696
元学习全候选,1.0,0.05773342836778332
元学习全候选,1.0,0.05777460770328103
元学习全候选,1.0,0.057815845824411134
元学习全候选,1.0,0.05785714285714286
元学习全候选,1.0,0.057898498927805575
元学习全候选,1.0,0.05793991416309013
元学习全候选,1.0,0.05798138869005011
元学习全候选,1.0,0.058022922636103154
元学习全候选,1.0,0.05806451612903226
元学习全候选,1.0,0.05810616929698709
元学习全候选,1.0,0.05814788226848528
元学习全候选,1.0,0.05818965517241379
元学习全候选,1.0,0.058231488138030196
元学习全候选,1.0,0.05827338129496403
元学习全候选,1.0,0.058315334773218146
元学习全候选,1.0,0.058357348703170026
元学习全候选,1.0,0.058399423215573176
元学习全候选,1.0,0.05844155844155844
元学习全候选,1.0,0.05848375451263538
元学习全候选,1.0,0.05852601156069364
元学习全候选,1.0,0.05856832971800434
元学习全候选,1.0,0.05861070911722142
元学习全候选,1.0,0.05865314989138305
元学习全候选,1.0,0.058695652173913045
元学习全候选,1.0,0.05873821609862219
元学习全候选,1.0,0.05878084179970972
元学习全候选,1.0,0.058823529411764705
元学习全候选,1.0,0.05886627906976744
元学习全候选,1.0,0.05890909090909091
元学习全候选,1.0,0.05895196506550218
元学习全候选,1.0,0.05899490167516387
元学习全候选,1.0,0.05903790087463557
元学习全候选,1.0,0.05908096280087528
元学习全候选,1.0,0.059124087591240874
元学习全候选,1.0,0.0591672753834916
元学习全候选,1.0,0.05921052631578947
元学习全候选,1.0,0.0592538405267008
元学习全候选,1.0,0.05929721815519766
元学习全候选,1.0,0.05934065934065934
元学习全候选,1.0,0.0593841642228739
元学习全候选,1.0,0.05942773294203962
元学习全候选,1.0,0.05947136563876652
元学习全候选,1.0,0.05951506245407789
元学习全候选,1.0,0.05955882352941176
元学习全候选,1.0,0.059602649006622516
元学习全候选,1.0,0.05964653902798233
元学习全候选,1.0,0.05969049373618276
元学习全候选,1.0,0.059734513274336286
元学习全候选,1.0,0.05977859778597786
元学习全候选,1.0,0.05982274741506647
元学习全候选,1.0,0.0598669623059867
元学习全候选,1.0,0.059911242603550297
元学习全候选,1.0,0.05995558845299778
元学习全候选,1.0,0.06
元学习全候选,1.0,0.060044477390659746
元学习全候选,1.0,0.06008902077151335
元学习全候选,1.0,0.060133630289532294
元学习全候选,1.0,0.060178306092124816
元学习全候选,1.0,0.06022304832713755
元学习全候选,1.0,0.060267857142857144
元学习全候选,1.0,0.06031273268801191
元学习全候选,1.0,0.06035767511177347
元学习全候选,1.0,0.06040268456375839
元学习全候选,1.0,0.06044776119402985
元学习全候选,1.0,0.060492905153099324
元学习全候选,1.0,0.06053811659192825
元学习全候选,1.0,0.0605833956619297
元学习全候选,1.0,0.06062874251497006
元学习全候选,1.0,0.060674157303370786
元学习全候选,1.0,0.060719640179910044
元学习全候选,1.0,0.060765191297824456
元学习全候选,1.0,0.060810810810810814
元学习全候选,1.0,0.0608564988730278
元学习全候选,1.0,0.06090225563909774
元学习全候选,1.0,0.060948081264108354
元学习全候选,1.0,0.06099397590361446
元学习全候选,1.0,0.06103993971363979
元学习全候选,1.0,0.06108597285067873
元学习全候选,1.0,0.06113207547169811
元学习全候选,1.0,0.06117824773413897
元学习全候选,1.0,0.061224489795918366
元学习全候选,1.0,0.06127080181543117
元学习全候选,1.0,0.061317183951551855
元学习全候选,1.0,0.06136363636363636
元学习全候选,1.0,0.06141015921152388
元学习全候选,1.0,0.061456752655538696
元学习全候选,1.0,0.06150341685649203
元学习全候选,1.0,0.06155015197568389
元学习全候选,1.0,0.061596958174904945
元学习全候选,1.0,0.06164383561643835
元学习全候选,1.0,0.06169078446306169
元学习全候选,1.0,0.06173780487804878
元学习全候选,1.0,0.06178489702517163
元学习全候选,1.0,0.06183206106870229
元学习全候选,1.0,0.061879297173414824
元学习全候选,1.0,0.06192660550458716
元学习全候选,1.0,0.06197398622800306
元学习全候选,1.0,0.062021439509954056
元学习全候选,1.0,0.06206896551724138
元学习全候选,1.0,0.062116564417177916
元学习全候选,1.0,0.06216423637759018
元学习全候选,1.0,0.06221198156682028
元学习全候选,1.0,0.0622598001537279
元学习全候选,1.0,0.06230769230769231
元学习全候选,1.0,0.06235565819861432
元学习全候选,1.0,0.062403697996918334
元学习全候选,1.0,0.06245181187355436
元学习全候选,1.0,0.0625
元学习全候选,1.0,0.06254826254826255
元学习全候选,1.0,0.062596599690881
元学习全候选,1.0,0.06264501160092807
元学习全候选,1.0,0.06269349845201239
元学习全候选,1.0,0.0627420604182804
元学习全候选,1.0,0.06279069767441861
元学习全候选,1.0,0.06283941039565555
元学习全候选,1.0,0.06288819875776397
元学习全候选,1.0,0.06293706293706294
元学习全候选,1.0,0.06298600311041991
元学习全候选,1.0,0.06303501945525292
元学习全候选,1.0,0.0630841121495327
元学习全候选,1.0,0.06313328137178488
元学习全候选,1.0,0.06318252730109204
元学习全候选,1.0,0.06323185011709602
元学习全候选,1.0,0.06328125
元学习全候选,1.0,0.06333072713057075
元学习全候选,1.0,0.06338028169014084
元学习全候选,1.0,0.06342991386061081
元学习全候选,1.0,0.06347962382445141
元学习全候选,1.0,0.06352941176470588
元学习全候选,1.0,0.06357927786499215
元学习全候选,1.0,0.0636292223095051
元学习全候选,1.0,0.06367924528301887
元学习全候选,1.0,0.06372934697088907
元学习全候选,1.0,0.06377952755905512
元学习全候选,1.0,0.06382978723404255
元学习全候选,1.0,0.0638801261829653
元学习全候选,1.0,0.06393054459352802
元学习全候选,1.0,0.06398104265402843
元学习全候选,1.0,0.06403162055335969
元学习全候选,1.0,0.06408227848101265
元学习全候选,1.0,0.06413301662707839
元学习全候选,1.0,0.06418383518225039
元学习全候选,1.0,0.06423473433782712
元学习全候选,1.0,0.06428571428571428
元学习全候选,1.0,0.06433677521842732
元学习全候选,1.0,0.0643879173290938
元学习全候选,1.0,0.06443914081145585
元学习全候选,1.0,0.06449044585987261
元学习全候选,1.0,0.06454183266932272
元学习全候选,1.0,0.0645933014354067
元学习全候选,1.0,0.06464485235434957
元学习全候选,1.0,0.06469648562300319
元学习全候选,1.0,0.06474820143884892
元学习全候选,1.0,0.0648
元学习全候选,1.0,0.06485188150520416
元学习全候选,1.0,0.06490384615384616
元学习全候选,1.0,0.06495589414595028
元学习全候选,1.0,0.06500802568218299
元学习全候选,1.0,0.06506024096385542
元学习全候选,1.0,0.06511254019292605
元学习全候选,1.0,0.06516492357200322
元学习全候选,1.0,0.06521739130434782
元学习全候选,1.0,0.0652699435938759
元学习全候选,1.0,0.06532258064516129
元学习全候选,1.0,0.06537530266343826
元学习全候选,1.0,0.0654281098546042
元学习全候选,1.0,0.06548100242522231
元学习全候选,1.0,0.06553398058252427
元学习全候选,1.0,0.06558704453441296
元学习全候选,1.0,0.06564019448946515
元学习全候选,1.0,0.06569343065693431
元学习全候选,1.0,0.06574675324675325
元学习全候选,1.0,0.06580016246953696
元学习全候选,1.0,0.06585365853658537
元学习全候选,1.0,0.06590724165988608
元学习全候选,1.0,0.06596091205211727
元学习全候选,1.0,0.06601466992665037
元学习全候选,1.0,0.06606851549755302
元学习全候选,1.0,0.06612244897959184
元学习全候选,1.0,0.0661764705882353
元学习全候选,1.0,0.06623058053965658
元学习全候选,1.0,0.0662847790507365
元学习全候选,1.0,0.06633906633906633
元学习全候选,1.0,0.06639344262295081
元学习全候选,1.0,0.06644790812141099
元学习全候选,1.0,0.0665024630541872
元学习全候选,1.0,0.06655710764174198
元学习全候选,1.0,0.06661184210526316
元学习全候选,1.0,0.06666666666666667
元学习全候选,1.0,0.06672158154859967
元学习全候选,1.0,0.06677658697444352
元学习全候选,1.0,0.06683168316831684
元学习全候选,1.0,0.06688687035507845
元学习全候选,1.0,0.06694214876033058
元学习全候选,1.0,0.06699751861042183
元学习全候选,1.0,0.06705298013245033
元学习全候选,1.0,0.06710853355426678
元学习全候选,1.0,0.06716417910447761
元学习全候选,1.0,0.06721991701244813
元学习全候选,1.0,0.06727574750830564
元学习全候选,1.0,0.06733167082294264
元学习全候选,1.0,0.06738768718801996
元学习全候选,1.0,0.06744379683597003
元学习全候选,1.0,0.0675
元学习全候选,1.0,0.06755629691409508
元学习全候选,1.0,0.0676126878130217
元学习全候选,1.0,0.06766917293233082
元学习全候选,1.0,0.0677257525083612
元学习全候选,1.0,0.06778242677824267
元学习全候选,1.0,0.0678391959798995
元学习全候选,1.0,0.06789606035205364
元学习全候选,1.0,0.06795302013422819
元学习全候选,1.0,0.06801007556675064
元学习全候选,1.0,0.0680672268907563
元学习全候选,1.0,0.06812447434819176
元学习全候选,1.0,0.06818181818181818
元学习全候选,1.0,0.06823925863521482
元学习全候选,1.0,0.06829679595278246
元学习全候选,1.0,0.06835443037974684
元学习全候选,1.0,0.06841216216216216
元学习全候选,1.0,0.06846999154691462
元学习全候选,1.0,0.06852791878172589
元学习全候选,1.0,0.06858594411515664
元学习全候选,1.0,0.06864406779661017
元学习全候选,1.0,0.06870229007633588
元学习全候选,1.0,0.06876061120543293
元学习全候选,1.0,0.06881903143585387
元学习全候选,1.0,0.06887755102040816
元学习全候选,1.0,0.06893617021276596
元学习全候选,1.0,0.06899488926746167
元学习全候选,1.0,0.06905370843989769
元学习全候选,1.0,0.06911262798634812
元学习全候选,1.0,0.06917164816396243
元学习全候选,1.0,0.06923076923076923
元学习全候选,1.0,0.06928999144568007
元学习全候选,1.0,0.06934931506849315
元学习全候选,1.0,0.06940874035989718
元学习全候选,1.0,0.06946826758147513
元学习全候选,1.0,0.06952789699570816
元学习全候选,1.0,0.06958762886597938
元学习全候选,1.0,0.06964746345657781
元学习全候选,1.0,0.06970740103270223
元学习全候选,1.0,0.06976744186046512
元学习全候选,1.0,0.06982758620689655
元学习全候选,1.0,0.06988783433994823
元学习全候选,1.0,0.06994818652849741
元学习全候选,1.0,0.07000864304235091
元学习全候选,1.0,0.07006920415224914
元学习全候选,1.0,0.07012987012987013
元学习全候选,1.0,0.07019064124783363
元学习全候选,1.0,0.07025151777970512
元学习全候选,1.0,0.0703125
元学习全候选,1.0,0.07037358818418767
元学习全候选,1.0,0.07043478260869565
元学习全候选,1.0,0.07049608355091384
元学习全候选,1.0,0.07055749128919861
元学习全候选,1.0,0.07061900610287707
元学习全候选,1.0,0.07068062827225131
元学习全候选,1.0,0.07074235807860262
元学习全候选,1.0,0.07080419580419581
元学习全候选,1.0,0.07086614173228346
元学习全候选,1.0,0.07092819614711034
元学习全候选,1.0,0.07099035933391762
元学习全候选,1.0,0.07105263157894737
元学习全候选,1.0,0.07111501316944688
元学习全候选,1.0,0.07117750439367311
元学习全候选,1.0,0.0712401055408971
元学习全候选,1.0,0.07130281690140845
元学习全候选,1.0,0.07136563876651983
元学习全候选,1.0,0.07142857142857142
元学习全候选,1.0,0.07149161518093557
元学习全候选,1.0,0.0715547703180212
元学习全候选,1.0,0.07161803713527852
元学习全候选,1.0,0.07168141592920355
元学习全候选,1.0,0.07174490699734277
元学习全候选,1.0,0.07180851063829788
元学习全候选,1.0,0.07187222715173026
元学习全候选,1.0,0.0719360568383659
元学习全候选,1.0,0.072
元学习全候选,1.0,0.07206405693950178
元学习全候选,1.0,0.07212822796081923
元学习全候选,1.0,0.07219251336898395
元学习全候选,1.0,0.07225691347011597
元学习全候选,1.0,0.07232142857142858
元学习全候选,1.0,0.07238605898123325
元学习全候选,1.0,0.07245080500894455
元学习全候选,1.0,0.07251566696508505
元学习全候选,1.0,0.07258064516129033
元学习全候选,1.0,0.0726457399103139
元学习全候选,1.0,0.07271095152603231
元学习全候选,1.0,0.07277628032345014
元学习全候选,1.0,0.07284172661870504
元学习全候选,1.0,0.07290729072907291
元学习全候选,1.0,0.07297297297297298
元学习全候选,1.0,0.07303877366997295
元学习全候选,1.0,0.07310469314079422
元学习全候选,1.0,0.07317073170731707
元学习全候选,1.0,0.07323688969258589
元学习全候选,1.0,0.07330316742081448
元学习全候选,1.0,0.07336956521739131
元学习全候选,1.0,0.07343608340888486
元学习全候选,1.0,0.073502722323049
元学习全候选,1.0,0.07356948228882834
元学习全候选,1.0,0.07363636363636364
元学习全候选,1.0,0.07370336669699727
元学习全候选,1.0,0.07377049180327869
元学习全候选,1.0,0.07383773928896992
元学习全候选,1.0,0.0739051094890511
元学习全候选,1.0,0.07397260273972603
元学习全候选,1.0,0.0740402193784278
元学习全候选,1.0,0.07410795974382434
元学习全候选,1.0,0.07417582417582418
元学习全候选,1.0,0.07424381301558204
元学习全候选,1.0,0.07431192660550459
元学习全候选,1.0,0.0743801652892562
元学习全候选,1.0,0.0744485294117647
元学习全候选,1.0,0.07451701931922723
元学习全候选,1.0,0.07458563535911603
元学习全候选,1.0,0.07465437788018434
元学习全候选,1.0,0.07472324723247233
元学习全候选,1.0,0.07479224376731301
元学习全候选,1.0,0.07486136783733827
元学习全候选,1.0,0.07493061979648474
元学习全候选,1.0,0.075
元学习全候选,1.0,0.07506950880444857
元学习全候选,1.0,0.075139146567718
元学习全候选,1.0,0.07520891364902507
元学习全候选,1.0,0.07527881040892194
元学习全候选,1.0,0.07534883720930233
元学习全候选,1.0,0.07541899441340782
元学习全候选,1.0,0.0754892823858341
元学习全候选,1.0,0.07555970149253731
元学习全候选,1.0,0.07563025210084033
元学习全候选,1.0,0.07570093457943926
元学习全候选,1.0,0.07577174929840973
元学习全候选,1.0,0.07584269662921349
元学习全候选,1.0,0.07591377694470477
元学习全候选,1.0,0.07598499061913697
元学习全候选,1.0,0.07605633802816901
元学习全候选,1.0,0.07612781954887218
元学习全候选,1.0,0.0761994355597366
元学习全候选,1.0,0.07627118644067797
元学习全候选,1.0,0.0763430725730443
元学习全候选,1.0,0.07641509433962264
元学习全候选,1.0,0.0764872521246459
元学习全候选,1.0,0.07655954631379962
元学习全候选,1.0,0.07663197729422895
元学习全候选,1.0,0.07670454545454546
元学习全候选,1.0,0.07677725118483412
元学习全候选,1.0,0.07685009487666034
元学习全候选,1.0,0.07692307692307693
元学习全候选,1.0,0.07699619771863118
元学习全候选,1.0,0.07706945765937202
元学习全候选,1.0,0.07714285714285714
元学习全候选,1.0,0.07721639656816015
元学习全候选,1.0,0.07729007633587787
元学习全候选,1.0,0.07736389684813753
元学习全候选,1.0,0.07743785850860421
元学习全候选,1.0,0.07751196172248803
元学习全候选,1.0,0.07758620689655173
元学习全候选,1.0,0.07766059443911794
元学习全候选,1.0,0.07773512476007678
元学习全候选,1.0,0.07780979827089338
元学习全候选,1.0,0.07788461538461539
元学习全候选,1.0,0.07795957651588066
元学习全候选,1.0,0.07803468208092486
元学习全候选,1.0,0.0781099324975892
元学习全候选,1.0,0.07818532818532818
元学习全候选,1.0,0.0782608695652174
元学习全候选,1.0,0.07833655705996131
元学习全候选,1.0,0.07841239109390126
元学习全候选,1.0,0.07848837209302326
元学习全候选,1.0,0.07856450048496605
元学习全候选,1.0,0.07864077669902912
元学习全候选,1.0,0.07871720116618076
元学习全候选,1.0,0.07879377431906615
元学习全候选,1.0,0.07887049659201557
元学习全候选,1.0,0.07894736842105263
元学习全候选,1.0,0.07902439024390244
元学习全候选,1.0,0.0791015625
元学习全候选,1.0,0.07917888563049853
元学习全候选,1.0,0.07925636007827788
元学习全候选,1.0,0.07933398628795299
元学习全候选,1.0,0.07941176470588235
元学习全候选,1.0,0.07948969578017664
元学习全候选,1.0,0.07956777996070727
元学习全候选,1.0,0.07964601769911504
元学习全候选,1.0,0.0797244094488189
元学习全候选,1.0,0.07980295566502463
元学习全候选,1.0,0.07988165680473373
元学习全候选,1.0,0.07996051332675222
元学习全候选,1.0,0.0800395256916996
元学习全候选,1.0,0.08011869436201781
元学习全候选,1.0,0.0801980198019802
元学习全候选,1.0,0.0802775024777007
元学习全候选,1.0,0.08035714285714286
元学习全候选,1.0,0.0804369414101291
元学习全候选,1.0,0.0805168986083499
元学习全候选,1.0,0.08059701492537313
元学习全候选,1.0,0.08067729083665338
元学习全候选,1.0,0.08075772681954138
元学习全候选,1.0,0.08083832335329341
元学习全候选,1.0,0.08091908091908091
元学习全候选,1.0,0.081
元学习全候选,1.0,0.08108108108108109
元学习全候选,1.0,0.0811623246492986
元学习全候选,1.0,0.08124373119358075
元学习全候选,1.0,0.08132530120481928
元学习全候选,1.0,0.0814070351758794
元学习全候选,1.0,0.08148893360160966
元学习全候选,1.0,0.08157099697885196
元学习全候选,1.0,0.08165322580645161
元学习全候选,1.0,0.08173562058526741
元学习全候选,1.0,0.08181818181818182
元学习全候选,1.0,0.08190091001011122
元学习全候选,1.0,0.08198380566801619
元学习全候选,1.0,0.08206686930091185
元学习全候选,1.0,0.0821501014198783
元学习全候选,1.0,0.08223350253807106
元学习全候选,1.0,0.08231707317073171
元学习全候选,1.0,0.08240081383519837
元学习全候选,1.0,0.0824847250509165
元学习全候选,1.0,0.08256880733944955
元学习全候选,1.0,0.0826530612244898
元学习全候选,1.0,0.08273748723186926
元学习全候选,1.0,0.08282208588957055
元学习全候选,1.0,0.08290685772773797
元学习全候选,1.0,0.08299180327868852
元学习全候选,1.0,0.08307692307692308
元学习全候选,1.0,0.08316221765913757
元学习全候选,1.0,0.08324768756423433
元学习全候选,1.0,0.08333333333333333
元学习全候选,1.0,0.08341915550978372
元学习全候选,1.0,0.08350515463917525
元学习全候选,1.0,0.08359133126934984
元学习全候选,1.0,0.08367768595041322
元学习全候选,1.0,0.08376421923474664
元学习全候选,1.0,0.08385093167701864
元学习全候选,1.0,0.08393782383419689
元学习全候选,1.0,0.08402489626556017
元学习全候选,1.0,0.08411214953271028
元学习全候选,1.0,0.0841995841995842
元学习全候选,1.0,0.08428720083246619
元学习全候选,1.0,0.084375
元学习全候选,1.0,0.08446298227320125
元学习全候选,1.0,0.08455114822546973
元学习全候选,1.0,0.08463949843260188
元学习全候选,1.0,0.08472803347280335
元学习全候选,1.0,0.08481675392670157
元学习全候选,1.0,0.08490566037735849
元学习全候选,1.0,0.08499475341028331
元学习全候选,1.0,0.08508403361344538
元学习全候选,1.0,0.08517350157728706
元学习全候选,1.0,0.08526315789473685
元学习全候选,1.0,0.08535300316122234
元学习全候选,1.0,0.08544303797468354
元学习全候选,1.0,0.08553326293558607
元学习全候选,1.0,0.08562367864693446
元学习全候选,1.0,0.08571428571428572
元学习全候选,1.0,0.0858050847457627
元学习全候选,1.0,0.08589607635206786
元学习全候选,1.0,0.08598726114649681
元学习全候选,1.0,0.08607863974495218
元学习全候选,1.0,0.08617021276595745
元学习全候选,1.0,0.08626198083067092
元学习全候选,1.0,0.08635394456289978
元学习全候选,1.0,0.0864461045891142
元学习全候选,1.0,0.08653846153846154
元学习全候选,1.0,0.08663101604278074
元学习全候选,1.0,0.0867237687366167
元学习全候选,1.0,0.08681672025723473
元学习全候选,1.0,0.08690987124463519
元学习全候选,1.0,0.08700322234156821
元学习全候选,1.0,0.08709677419354839
元学习全候选,1.0,0.08719052744886975
元学习全候选,1.0,0.08728448275862069
元学习全候选,1.0,0.08737864077669903
元学习全候选,1.0,0.08747300215982722
元学习全候选,1.0,0.08756756756756756
元学习全候选,1.0,0.08766233766233766
元学习全候选,1.0,0.08775731310942579
元学习全候选,1.0,0.0878524945770065
元学习全候选,1.0,0.08794788273615635
元学习全候选,1.0,0.08804347826086957
元学习全候选,1.0,0.088139281828074
元学习全候选,1.0,0.08823529411764706
元学习全候选,1.0,0.08833151581243184
元学习全候选,1.0,0.08842794759825327
元学习全候选,1.0,0.08852459016393442
元学习全候选,1.0,0.0886214442013129
元学习全候选,1.0,0.0887185104052574
元学习全候选,1.0,0.08881578947368421
元学习全候选,1.0,0.0889132821075741
元学习全候选,1.0,0.08901098901098901
元学习全候选,1.0,0.0891089108910891
元学习全候选,1.0,0.08920704845814978
元学习全候选,1.0,0.08930540242557883
元学习全候选,1.0,0.08940397350993377
元学习全候选,1.0,0.08950276243093923
元学习全候选,1.0,0.08960176991150443
元学习全候选,1.0,0.08970099667774087
元学习全候选,1.0,0.08980044345898004
元学习全候选,1.0,0.08990011098779134
元学习全候选,1.0,0.09
元学习全候选,1.0,0.09010011123470522
元学习全候选,1.0,0.09020044543429843
元学习全候选,1.0,0.0903010033444816
元学习全候选,1.0,0.09040178571428571
元学习全候选,1.0,0.09050279329608939
元学习全候选,1.0,0.09060402684563758
元学习全候选,1.0,0.09070548712206047
元学习全候选,1.0,0.09080717488789238
元学习全候选,1.0,0.09090909090909091
元学习全候选,1.0,0.09101123595505618
元学习全候选,1.0,0.09111361079865017
元学习全候选,1.0,0.09121621621621621
元学习全候选,1.0,0.09131905298759865
元学习全候选,1.0,0.09142212189616253
元学习全候选,1.0,0.09152542372881356
元学习全候选,1.0,0.0916289592760181
元学习全候选,1.0,0.09173272933182333
元学习全候选,1.0,0.09183673469387756
元学习全候选,1.0,0.09194097616345062
元学习全候选,1.0,0.09204545454545454
元学习全候选,1.0,0.09215017064846416
元学习全候选,1.0,0.09225512528473805
元学习全候选,1.0,0.09236031927023945
元学习全候选,1.0,0.09246575342465753
元学习全候选,1.0,0.09257142857142857
元学习全候选,1.0,0.09267734553775744
元学习全候选,1.0,0.09278350515463918
元学习全候选,1.0,0.09288990825688073
元学习全候选,1.0,0.09299655568312284
元学习全候选,1.0,0.09310344827586207
元学习全候选,1.0,0.09321058688147296
元学习全候选,1.0,0.09331797235023041
元学习全候选,1.0,0.09342560553633218
元学习全候选,1.0,0.09353348729792148
元学习全候选,1.0,0.09364161849710982
元学习全候选,1.0,0.09375
元学习全候选,1.0,0.09385863267670916
元学习全候选,1.0,0.09396751740139211
元学习全候选,1.0,0.09407665505226481
元学习全候选,1.0,0.0941860465116279
元学习全候选,1.0,0.09429569266589057
元学习全候选,1.0,0.0944055944055944
元学习全候选,1.0,0.09451575262543757
元学习全候选,1.0,0.09462616822429906
元学习全候选,1.0,0.09473684210526316
元学习全候选,1.0,0.09484777517564402
元学习全候选,1.0,0.09495896834701055
元学习全候选,1.0,0.09507042253521127
元学习全候选,1.0,0.09518213866039953
元学习全候选,1.0,0.09529411764705882
元学习全候选,1.0,0.09540636042402827
元学习全候选,1.0,0.09551886792452831
元学习全候选,1.0,0.09563164108618655
元学习全候选,1.0,0.09574468085106383
元学习全候选,1.0,0.09585798816568047
元学习全候选,1.0,0.09597156398104266
元学习全候选,1.0,0.09608540925266904
元学习全候选,1.0,0.09619952494061758
元学习全候选,1.0,0.09631391200951249
元学习全候选,1.0,0.09642857142857143
元学习全候选,1.0,0.09654350417163289
元学习全候选,1.0,0.09665871121718377
元学习全候选,1.0,0.0967741935483871
元学习全候选,1.0,0.09688995215311005
元学习全候选,1.0,0.09700598802395209
元学习全候选,1.0,0.09712230215827339
元学习全候选,1.0,0.09723889555822329
元学习全候选,1.0,0.09735576923076923
元学习全候选,1.0,0.09747292418772563
元学习全候选,1.0,0.09759036144578313
元学习全候选,1.0,0.097708082026538
元学习全候选,1.0,0.09782608695652174
元学习全候选,1.0,0.09794437726723096
元学习全候选,1.0,0.09806295399515738
元学习全候选,1.0,0.09818181818181818
元学习全候选,1.0,0.0983009708737864
元学习全候选,1.0,0.09842041312272175
元学习全候选,1.0,0.09854014598540146
元学习全候选,1.0,0.09866017052375152
元学习全候选,1.0,0.09878048780487805
元学习全候选,1.0,0.0989010989010989
元学习全候选,1.0,0.09902200488997555
元学习全候选,1.0,0.09914320685434516
元学习全候选,1.0,0.09926470588235294
元学习全候选,1.0,0.09938650306748466
元学习全候选,1.0,0.09950859950859951
元学习全候选,1.0,0.0996309963099631
元学习全候选,1.0,0.09975369458128079
元学习全候选,1.0,0.0998766954377312
元学习全候选,1.0,0.1
元学习全候选,1.0,0.10012360939431397
元学习全候选,1.0,0.10024752475247525
元学习全候选,1.0,0.10037174721189591
元学习全候选,1.0,0.10049627791563276
元学习全候选,1.0,0.10062111801242236
元学习全候选,1.0,0.10074626865671642
元学习全候选,1.0,0.10087173100871731
元学习全候选,1.0,0.10099750623441396
元学习全候选,1.0,0.10112359550561797
元学习全候选,1.0,0.10125
元学习全候选,1.0,0.10137672090112641
元学习全候选,1.0,0.10150375939849623
元学习全候选,1.0,0.10163111668757842
元学习全候选,1.0,0.10175879396984924
元学习全候选,1.0,0.1018867924528302
元学习全候选,1.0,0.10201511335012595
元学习全候选,1.0,0.1021437578814628
元学习全候选,1.0,0.10227272727272728
元学习全候选,1.0,0.10240202275600506
元学习全候选,1.0,0.10253164556962026
元学习全候选,1.0,0.10266159695817491
元学习全候选,1.0,0.10279187817258884
元学习全候选,1.0,0.10292249047013977
元学习全候选,1.0,0.10305343511450382
元学习全候选,1.0,0.10318471337579618
元学习全候选,1.0,0.10331632653061225
元学习全候选,1.0,0.10344827586206896
元学习全候选,1.0,0.10358056265984655
元学习全候选,1.0,0.10371318822023047
元学习全候选,1.0,0.10384615384615385
元学习全候选,1.0,0.10397946084724005
元学习全候选,1.0,0.10411311053984576
元学习全候选,1.0,0.10424710424710425
元学习全候选,1.0,0.10438144329896908
元学习全候选,1.0,0.10451612903225807
元学习全候选,1.0,0.10465116279069768
元学习全候选,1.0,0.10478654592496765
元学习全候选,1.0,0.10492227979274611
元学习全候选,1.0,0.10505836575875487
元学习全候选,1.0,0.10519480519480519
元学习全候选,1.0,0.10533159947984395
元学习全候选,1.0,0.10546875
元学习全候选,1.0,0.10560625814863103
元学习全候选,1.0,0.10574412532637076
元学习全候选,1.0,0.10588235294117647
元学习全候选,1.0,0.10602094240837696
元学习全候选,1.0,0.10615989515072084
元学习全候选,1.0,0.1062992125984252
元学习全候选,1.0,0.10643889618922471
元学习全候选,1.0,0.10657894736842105
元学习全候选,1.0,0.1067193675889328
元学习全候选,1.0,0.10686015831134564
元学习全候选,1.0,0.10700132100396301
元学习全候选,1.0,0.10714285714285714
元学习全候选,1.0,0.10728476821192053
元学习全候选,1.0,0.10742705570291777
元学习全候选,1.0,0.10756972111553785
元学习全候选,1.0,0.1077127659574468
元学习全候选,1.0,0.10785619174434088
元学习全候选,1.0,0.108
元学习全候选,1.0,0.1081441922563418
元学习全候选,1.0,0.10828877005347594
元学习全候选,1.0,0.10843373493975904
元学习全候选,1.0,0.10857908847184987
元学习全候选,1.0,0.1087248322147651
元学习全候选,1.0,0.10887096774193548
元学习全候选,1.0,0.10901749663526245
元学习全候选,1.0,0.1091644204851752
元学习全候选,1.0,0.10931174089068826
元学习全候选,1.0,0.10945945945945947
元学习全候选,1.0,0.10960757780784844
元学习全候选,1.0,0.10975609756097561
元学习全候选,1.0,0.10990502035278155
元学习全候选,1.0,0.11005434782608696
元学习全候选,1.0,0.11020408163265306
元学习全候选,1.0,0.11035422343324251
元学习全候选,1.0,0.11050477489768076
元学习全候选,1.0,0.11065573770491803
元学习全候选,1.0,0.11080711354309165
元学习全候选,1.0,0.11095890410958904
元学习全候选,1.0,0.1111111111111111
元学习全候选,1.0,0.11126373626373626
元学习全候选,1.0,0.11141678129298486
元学习全候选,1.0,0.1115702479338843
元学习全候选,1.0,0.11172413793103449
元学习全候选,1.0,0.11187845303867404
元学习全候选,1.0,0.11203319502074689
元学习全候选,1.0,0.11218836565096953
元学习全候选,1.0,0.11234396671289876
元学习全候选,1.0,0.1125
元学习全候选,1.0,0.11265646731571627
元学习全候选,1.0,0.11281337047353761
元学习全候选,1.0,0.11297071129707113
元学习全候选,1.0,0.11312849162011174
元学习全候选,1.0,0.11328671328671329
元学习全候选,1.0,0.1134453781512605
元学习全候选,1.0,0.11360448807854137
元学习全候选,1.0,0.11376404494382023
元学习全候选,1.0,0.11392405063291139
元学习全候选,1.0,0.11408450704225352
元学习全候选,1.0,0.11424541607898449
元学习全候选,1.0,0.11440677966101695
元学习全候选,1.0,0.11456859971711457
元学习全候选,1.0,0.11473087818696884
元学习全候选,1.0,0.1148936170212766
元学习全候选,1.0,0.11505681818181818
元学习全候选,1.0,0.11522048364153627
元学习全候选,1.0,0.11538461538461539
元学习全候选,1.0,0.11554921540656206
元学习全候选,1.0,0.11571428571428571
元学习全候选,1.0,0.11587982832618025
元学习全候选,1.0,0.11604584527220631
元学习全候选,1.0,0.11621233859397417
元学习全候选,1.0,0.11637931034482758
元学习全候选,1.0,0.11654676258992806
元学习全候选,1.0,0.11671469740634005
元学习全候选,1.0,0.11688311688311688
元学习全候选,1.0,0.11705202312138728
元学习全候选,1.0,0.11722141823444283
元学习全候选,1.0,0.11739130434782609
元学习全候选,1.0,0.11756168359941944
元学习全候选,1.0,0.11773255813953488
元学习全候选,1.0,0.11790393013100436
元学习全候选,1.0,0.11807580174927114
元学习全候选,1.0,0.11824817518248175
元学习全候选,1.0,0.11842105263157894
元学习全候选,1.0,0.11859443631039532
元学习全候选,1.0,0.1187683284457478
元学习全候选,1.0,0.11894273127753303
元学习全候选,1.0,0.11911764705882352
元学习全候选,1.0,0.11929307805596466
元学习全候选,1.0,0.11946902654867257
元学习全候选,1.0,0.11964549483013294
元学习全候选,1.0,0.11982248520710059
元学习全候选,1.0,0.12
元学习全候选,1.0,0.1201780415430267
元学习全候选,1.0,0.12035661218424963
元学习全候选,1.0,0.12053571428571429
元学习全候选,1.0,0.12071535022354694
元学习全候选,1.0,0.1208955223880597
元学习全候选,1.0,0.1210762331838565
元学习全候选,1.0,0.12125748502994012
元学习全候选,1.0,0.12143928035982009
元学习全候选,1.0,0.12162162162162163
元学习全候选,1.0,0.12180451127819548
元学习全候选,1.0,0.12198795180722892
元学习全候选,1.0,0.12217194570135746
元学习全候选,1.0,0.12235649546827794
元学习全候选,1.0,0.12254160363086233
元学习全候选,1.0,0.12272727272727273
元学习全候选,1.0,0.12291350531107739
元学习全候选,1.0,0.12310030395136778
元学习全候选,1.0,0.1232876712328767
元学习全候选,1.0,0.12347560975609756
元学习全候选,1.0,0.12366412213740458
元学习全候选,1.0,0.12385321100917432
元学习全候选,1.0,0.12404287901990811
元学习全候选,1.0,0.12423312883435583
元学习全候选,1.0,0.12442396313364056
元学习全候选,1.0,0.12461538461538461
元学习全候选,1.0,0.12480739599383667
元学习全候选,1.0,0.125
元学习全候选,1.0,0.125193199381762
元学习全候选,1.0,0.12538699690402477
元学习全候选,1.0,0.12558139534883722
元学习全候选,1.0,0.12577639751552794
元学习全候选,1.0,0.12597200622083982
元学习全候选,1.0,0.1261682242990654
元学习全候选,1.0,0.12636505460218408
元学习全候选,1.0,0.1265625
元学习全候选,1.0,0.1267605633802817
元学习全候选,1.0,0.12695924764890282
元学习全候选,1.0,0.1271585557299843
元学习全候选,1.0,0.12735849056603774
元学习全候选,1.0,0.12755905511811025
元学习全候选,1.0,0.1277602523659306
元学习全候选,1.0,0.12796208530805686
元学习全候选,1.0,0.1281645569620253
元学习全候选,1.0,0.12836767036450078
元学习全候选,1.0,0.12857142857142856
元学习全候选,1.0,0.1287758346581876
元学习全候选,1.0,0.12898089171974522
元学习全候选,1.0,0.1291866028708134
元学习全候选,1.0,0.12939297124600638
元学习全候选,1.0,0.1296
元学习全候选,1.0,0.12980769230769232
元学习全候选,1.0,0.13001605136436598
元学习全候选,1.0,0.1302250803858521
元学习全候选,1.0,0.13043478260869565
元学习全候选,1.0,0.13064516129032258
元学习全候选,1.0,0.1308562197092084
元学习全候选,1.0,0.13106796116504854
元学习全候选,1.0,0.1312803889789303
元学习全候选,1.0,0.1314935064935065
元学习全候选,1.0,0.13170731707317074
元学习全候选,1.0,0.13192182410423453
元学习全候选,1.0,0.13213703099510604
元学习全候选,1.0,0.1323529411764706
元学习全候选,1.0,0.132569558101473
元学习全候选,1.0,0.13278688524590163
元学习全候选,1.0,0.1330049261083744
元学习全候选,1.0,0.13322368421052633
元学习全候选,1.0,0.13344316309719934
元学习全候选,1.0,0.13366336633663367
元学习全候选,1.0,0.13388429752066117
元学习全候选,1.0,0.13410596026490065
元学习全候选,1.0,0.13432835820895522
元学习全候选,1.0,0.1345514950166113
元学习全候选,1.0,0.13477537437603992
元学习全候选,1.0,0.135
元学习全候选,1.0,0.1352253756260434
元学习全候选,1.0,0.1354515050167224
元学习全候选,1.0,0.135678391959799
元学习全候选,1.0,0.13590604026845637
元学习全候选,1.0,0.1361344537815126
元学习全候选,1.0,0.13636363636363635
元学习全候选,1.0,0.13659359190556492
元学习全候选,1.0,0.13682432432432431
元学习全候选,1.0,0.13705583756345177
元学习全候选,1.0,0.13728813559322034
元学习全候选,1.0,0.13752122241086587
元学习全候选,1.0,0.1377551020408163
元学习全候选,1.0,0.13798977853492334
元学习全候选,1.0,0.13822525597269625
元学习全候选,1.0,0.13846153846153847
元学习全候选,1.0,0.1386986301369863
元学习全候选,1.0,0.13893653516295026
元学习全候选,1.0,0.13917525773195877
元学习全候选,1.0,0.13941480206540446
元学习全候选,1.0,0.1396551724137931
元学习全候选,1.0,0.13989637305699482
元学习全候选,1.0,0.14013840830449828
元学习全候选,1.0,0.14038128249566725
元学习全候选,1.0,0.140625
元学习全候选,1.0,0.1408695652173913
元学习全候选,1.0,0.14111498257839722
元学习全候选,1.0,0.14136125654450263
元学习全候选,1.0,0.14160839160839161
元学习全候选,1.0,0.14185639229422067
元学习全候选,1.0,0.14210526315789473
元学习全候选,1.0,0.14235500878734622
元学习全候选,1.0,0.1426056338028169
元学习全候选,1.0,0.14285714285714285
元学习全候选,1.0,0.1431095406360424
元学习全候选,1.0,0.1433628318584071
元学习全候选,1.0,0.14361702127659576
元学习全候选,1.0,0.1438721136767318
元学习全候选,1.0,0.14412811387900357
元学习全候选,1.0,0.1443850267379679
元学习全候选,1.0,0.14464285714285716
元学习全候选,1.0,0.1449016100178891
元学习全候选,1.0,0.14516129032258066
元学习全候选,1.0,0.14542190305206462
元学习全候选,1.0,0.14568345323741008
元学习全候选,1.0,0.14594594594594595
元学习全候选,1.0,0.14620938628158844
元学习全候选,1.0,0.14647377938517178
元学习全候选,1.0,0.14673913043478262
元学习全候选,1.0,0.147005444646098
元学习全候选,1.0,0.14727272727272728
元学习全候选,1.0,0.14754098360655737
元学习全候选,1.0,0.1478102189781022
元学习全候选,1.0,0.1480804387568556
元学习全候选,1.0,0.14835164835164835
元学习全候选,1.0,0.14862385321100918
元学习全候选,1.0,0.1488970588235294
元学习全候选,1.0,0.14917127071823205
元学习全候选,1.0,0.14944649446494465
元学习全候选,1.0,0.14972273567467653
元学习全候选,0.9876543209876543,0.14814814814814814
元学习全候选,0.9876543209876543,0.14842300556586271
元学习全候选,0.9876543209876543,0.14869888475836432
元学习全候选,0.9876543209876543,0.148975791433892
元学习全候选,0.9876543209876543,0.14925373134328357
元学习全候选,0.9876543209876543,0.14953271028037382
元学习全候选,0.9876543209876543,0.149812734082397
元学习全候选,0.9876543209876543,0.150093808630394
元学习全候选,0.9876543209876543,0.15037593984962405
元学习全候选,0.9876543209876543,0.15065913370998116
元学习全候选,0.9876543209876543,0.1509433962264151
元学习全候选,0.9876543209876543,0.15122873345935728
元学习全候选,0.9876543209876543,0.15151515151515152
元学习全候选,0.9876543209876543,0.15180265654648956
元学习全候选,0.9876543209876543,0.1520912547528517
元学习全候选,0.9876543209876543,0.1523809523809524
元学习全候选,0.9876543209876543,0.15267175572519084
元学习全候选,0.9876543209876543,0.15296367112810708
元学习全候选,0.9876543209876543,0.1532567049808429
元学习全候选,0.9876543209876543,0.15355086372360843
元学习全候选,0.9876543209876543,0.15384615384615385
元学习全候选,0.9876543209876543,0.15414258188824662
元学习全候选,0.9876543209876543,0.15444015444015444
元学习全候选,0.9876543209876543,0.15473887814313347
元学习全候选,0.9876543209876543,0.15503875968992248
元学习全候选,0.9876543209876543,0.1553398058252427
元学习全候选,0.9876543209876543,0.1556420233463035
元学习全候选,0.9876543209876543,0.15594541910331383
元学习全候选,0.9876543209876543,0.15625
元学习全候选,0.9876543209876543,0.15655577299412915
元学习全候选,0.9876543209876543,0.1568627450980392
元学习全候选,0.9876543209876543,0.15717092337917485
元学习全候选,0.9876543209876543,0.15748031496062992
元学习全候选,0.9876543209876543,0.15779092702169625
元学习全候选,0.9876543209876543,0.15810276679841898
元学习全候选,0.9876543209876543,0.15841584158415842
元学习全候选,0.9876543209876543,0.15873015873015872
元学习全候选,0.9876543209876543,0.15904572564612326
元学习全候选,0.9876543209876543,0.1593625498007968
元学习全候选,0.9876543209876543,0.1596806387225549
元学习全候选,0.9876543209876543,0.16
元学习全候选,0.9876543209876543,0.16032064128256512
元学习全候选,0.9876543209876543,0.1606425702811245
元学习全候选,0.9876543209876543,0.16096579476861167
元学习全候选,0.9876543209876543,0.16129032258064516
元学习全候选,0.9876543209876543,0.16161616161616163
元学习全候选,0.9876543209876543,0.16194331983805668
元学习全候选,0.9876543209876543,0.16227180527383367
元学习全候选,0.9876543209876543,0.16260162601626016
元学习全候选,0.9876543209876543,0.1629327902240326
元学习全候选,0.9876543209876543,0.16326530612244897
元学习全候选,0.9876543209876543,0.16359918200409
元学习全候选,0.9876543209876543,0.16393442622950818
元学习全候选,0.9876543209876543,0.16427104722792607
元学习全候选,0.9876543209876543,0.1646090534979424
元学习全候选,0.9876543209876543,0.16494845360824742
元学习全候选,0.9876543209876543,0.1652892561983471
元学习全候选,0.9876543209876543,0.16563146997929606
元学习全候选,0.9876543209876543,0.16597510373443983
元学习全候选,0.9876543209876543,0.16632016632016633
元学习全候选,0.9876543209876543,0.16666666666666666
元学习全候选,0.9876543209876543,0.16701461377870563
元学习全候选,0.9876543209876543,0.16736401673640167
元学习全候选,0.9876543209876543,0.16771488469601678
元学习全候选,0.9876543209876543,0.16806722689075632
元学习全候选,0.9876543209876543,0.16842105263157894
元学习全候选,0.9876543209876543,0.16877637130801687
元学习全候选,0.9876543209876543,0.16913319238900634
元学习全候选,0.9876543209876543,0.1694915254237288
元学习全候选,0.9876543209876543,0.16985138004246284
元学习全候选,0.9876543209876543,0.1702127659574468
元学习全候选,0.9876543209876543,0.17057569296375266
元学习全候选,0.9876543209876543,0.17094017094017094
元学习全候选,0.9876543209876543,0.17130620985010706
元学习全候选,0.9876543209876543,0.17167381974248927
元学习全候选,0.9876543209876543,0.17204301075268819
元学习全候选,0.9876543209876543,0.1724137931034483
元学习全候选,0.9876543209876543,0.17278617710583152
元学习全候选,0.9876543209876543,0.17316017316017315
元学习全候选,0.9876543209876543,0.1735357917570499
元学习全候选,0.9876543209876543,0.17391304347826086
元学习全候选,0.9876543209876543,0.17429193899782136
元学习全候选,0.9876543209876543,0.17467248908296942
元学习全候选,0.9876543209876543,0.175054704595186
元学习全候选,0.9876543209876543,0.17543859649122806
元学习全候选,0.9876543209876543,0.17582417582417584
元学习全候选,0.9876543209876543,0.1762114537444934
元学习全候选,0.9876543209876543,0.17660044150110377
元学习全候选,0.9876543209876543,0.17699115044247787
元学习全候选,0.9876543209876543,0.17738359201773837
元学习全候选,0.9876543209876543,0.17777777777777778
元学习全候选,0.9876543209876543,0.17817371937639198
元学习全候选,0.9876543209876543,0.17857142857142858
元学习全候选,0.9876543209876543,0.1789709172259508
元学习全候选,0.9876543209876543,0.17937219730941703
元学习全候选,0.9876543209876543,0.1797752808988764
元学习全候选,0.9876543209876543,0.18018018018018017
元学习全候选,0.9876543209876543,0.18058690744920994
元学习全候选,0.9876543209876543,0.18099547511312217
元学习全候选,0.9876543209876543,0.18140589569160998
元学习全候选,0.9876543209876543,0.18181818181818182
元学习全候选,0.9876543209876543,0.18223234624145787
元学习全候选,0.9876543209876543,0.182648401826484
元学习全候选,0.9876543209876543,0.18306636155606407
元学习全候选,0.9876543209876543,0.1834862385321101
元学习全候选,0.9876543209876543,0.1839080459770115
元学习全候选,0.9876543209876543,0.18433179723502305
元学习全候选,0.9876543209876543,0.18475750577367206
元学习全候选,0.9876543209876543,0.18518518518518517
元学习全候选,0.9876543209876543,0.18561484918793503
元学习全候选,0.9876543209876543,0.18604651162790697
元学习全候选,0.9876543209876543,0.1864801864801865
元学习全候选,0.9876543209876543,0.18691588785046728
元学习全候选,0.9876543209876543,0.1873536299765808
元学习全候选,0.9876543209876543,0.18779342723004694
元学习全候选,0.9876543209876543,0.18823529411764706
元学习全候选,0.9876543209876543,0.18867924528301888
元学习全候选,0.9876543209876543,0.18912529550827423
元学习全候选,0.9876543209876543,0.1895734597156398
元学习全候选,0.9876543209876543,0.19002375296912113
元学习全候选,0.9876543209876543,0.19047619047619047
元学习全候选,0.9876543209876543,0.1909307875894988
元学习全候选,0.9876543209876543,0.19138755980861244
元学习全候选,0.9876543209876543,0.19184652278177458
元学习全候选,0.9876543209876543,0.19230769230769232
元学习全候选,0.9876543209876543,0.1927710843373494
元学习全候选,0.9876543209876543,0.1932367149758454
元学习全候选,0.9876543209876543,0.1937046004842615
元学习全候选,0.9876543209876543,0.1941747572815534
元学习全候选,0.9876543209876543,0.19464720194647203
元学习全候选,0.9753086419753086,0.1926829268292683
元学习全候选,0.9753086419753086,0.19315403422982885
元学习全候选,0.9753086419753086,0.19362745098039216
元学习全候选,0.9629629629629629,0.19164619164619165
元学习全候选,0.9629629629629629,0.1921182266009852
元学习全候选,0.9629629629629629,0.1925925925925926
元学习全候选,0.9629629629629629,0.19306930693069307
元学习全候选,0.9629629629629629,0.1935483870967742
元学习全候选,0.9629629629629629,0.19402985074626866
元学习全候选,0.9629629629629629,0.19451371571072318
元学习全候选,0.9629629629629629,0.195
元学习全候选,0.9629629629629629,0.19548872180451127
元学习全候选,0.9629629629629629,0.19597989949748743
元学习全候选,0.9629629629629629,0.1964735516372796
元学习全候选,0.9629629629629629,0.19696969696969696
元学习全候选,0.9629629629629629,0.19746835443037974
元学习全候选,0.9629629629629629,0.19796954314720813
元学习全候选,0.9629629629629629,0.1984732824427481
元学习全候选,0.9629629629629629,0.1989795918367347
元学习全候选,0.9629629629629629,0.19948849104859334
元学习全候选,0.9629629629629629,0.2
元学习全候选,0.9629629629629629,0.20051413881748073
元学习全候选,0.9629629629629629,0.20103092783505155
元学习全候选,0.9629629629629629,0.20155038759689922
元学习全候选,0.9629629629629629,0.20207253886010362
元学习全候选,0.9629629629629629,0.2025974025974026
元学习全候选,0.9629629629629629,0.203125
元学习全候选,0.9629629629629629,0.20365535248041775
元学习全候选,0.9629629629629629,0.20418848167539266
元学习全候选,0.9629629629629629,0.2047244094488189
元学习全候选,0.9629629629629629,0.20526315789473684
元学习全候选,0.9629629629629629,0.20580474934036938
元学习全候选,0.9629629629629629,0.20634920634920634
元学习全候选,0.9629629629629629,0.20689655172413793
元学习全候选,0.9629629629629629,0.2074468085106383
元学习全候选,0.9629629629629629,0.208
元学习全候选,0.9629629629629629,0.20855614973262032
元学习全候选,0.9629629629629629,0.20911528150134048
元学习全候选,0.9629629629629629,0.20967741935483872
元学习全候选,0.9629629629629629,0.21024258760107817
元学习全候选,0.9629629629629629,0.21081081081081082
元学习全候选,0.9629629629629629,0.21138211382113822
元学习全候选,0.9629629629629629,0.21195652173913043
元学习全候选,0.9629629629629629,0.2125340599455041
元学习全候选,0.9629629629629629,0.21311475409836064
元学习全候选,0.9629629629629629,0.2136986301369863
元学习全候选,0.9629629629629629,0.21428571428571427
元学习全候选,0.9629629629629629,0.21487603305785125
元学习全候选,0.9629629629629629,0.2154696132596685
元学习全候选,0.9629629629629629,0.21606648199445982
元学习全候选,0.9629629629629629,0.21666666666666667
元学习全候选,0.9629629629629629,0.21727019498607242
元学习全候选,0.9629629629629629,0.21787709497206703
元学习全候选,0.9629629629629629,0.2184873949579832
元学习全候选,0.9629629629629629,0.21910112359550563
元学习全候选,0.9629629629629629,0.21971830985915494
元学习全候选,0.9629629629629629,0.22033898305084745
元学习全候选,0.9629629629629629,0.22096317280453256
元学习全候选,0.9629629629629629,0.2215909090909091
元学习全候选,0.9629629629629629,0.2222222222222222
元学习全候选,0.9629629629629629,0.22285714285714286
元学习全候选,0.9629629629629629,0.22349570200573066
元学习全候选,0.9629629629629629,0.22413793103448276
元学习全候选,0.9629629629629629,0.22478386167146974
元学习全候选,0.9629629629629629,0.2254335260115607
元学习全候选,0.9629629629629629,0.22608695652173913
元学习全候选,0.9629629629629629,0.22674418604651161
元学习全候选,0.9629629629629629,0.22740524781341107
元学习全候选,0.9629629629629629,0.22807017543859648
元学习全候选,0.9629629629629629,0.2287390029325513
元学习全候选,0.9629629629629629,0.22941176470588234
元学习全候选,0.9629629629629629,0.23008849557522124
元学习全候选,0.9629629629629629,0.23076923076923078
元学习全候选,0.9629629629629629,0.2314540059347181
元学习全候选,0.9629629629629629,0.23214285714285715
元学习全候选,0.9629629629629629,0.23283582089552238
元学习全候选,0.9629629629629629,0.23353293413173654
元学习全候选,0.9629629629629629,0.23423423423423423
元学习全候选,0.9629629629629629,0.23493975903614459
元学习全候选,0.9629629629629629,0.23564954682779457
元学习全候选,0.9629629629629629,0.23636363636363636
元学习全候选,0.9629629629629629,0.23708206686930092
元学习全候选,0.9629629629629629,0.23780487804878048
元学习全候选,0.9629629629629629,0.23853211009174313
元学习全候选,0.9629629629629629,0.2392638036809816
元学习全候选,0.9629629629629629,0.24
元学习全候选,0.9629629629629629,0.24074074074074073
元学习全候选,0.9629629629629629,0.24148606811145512
元学习全候选,0.9629629629629629,0.2422360248447205
元学习全候选,0.9629629629629629,0.24299065420560748
元学习全候选,0.9629629629629629,0.24375
元学习全候选,0.9629629629629629,0.2445141065830721
元学习全候选,0.9629629629629629,0.24528301886792453
元学习全候选,0.9629629629629629,0.24605678233438485
元学习全候选,0.9629629629629629,0.2468354430379747
元学习全候选,0.9629629629629629,0.24761904761904763
元学习全候选,0.9629629629629629,0.2484076433121019
元学习全候选,0.9629629629629629,0.24920127795527156
元学习全候选,0.9629629629629629,0.25
元学习全候选,0.9629629629629629,0.2508038585209003
元学习全候选,0.9629629629629629,0.25161290322580643
元学习全候选,0.9629629629629629,0.2524271844660194
元学习全候选,0.9629629629629629,0.2532467532467532
元学习全候选,0.9629629629629629,0.254071661237785
元学习全候选,0.9629629629629629,0.2549019607843137
元学习全候选,0.9506172839506173,0.25245901639344265
元学习全候选,0.9506172839506173,0.2532894736842105
元学习全候选,0.9506172839506173,0.25412541254125415
元学习全候选,0.9506172839506173,0.25496688741721857
元学习全候选,0.9506172839506173,0.2558139534883721
元学习全候选,0.9506172839506173,0.25666666666666665
元学习全候选,0.9506172839506173,0.25752508361204013
元学习全候选,0.9506172839506173,0.25838926174496646
元学习全候选,0.9506172839506173,0.25925925925925924
元学习全候选,0.9506172839506173,0.26013513513513514
元学习全候选,0.9506172839506173,0.26101694915254237
元学习全候选,0.9506172839506173,0.2619047619047619
元学习全候选,0.9506172839506173,0.2627986348122867
元学习全候选,0.9506172839506173,0.2636986301369863
元学习全候选,0.9506172839506173,0.2646048109965636
元学习全候选,0.9506172839506173,0.2655172413793103
元学习全候选,0.9506172839506173,0.2664359861591695
元学习全候选,0.9506172839506173,0.2673611111111111
元学习全候选,0.9506172839506173,0.2682926829268293
元学习全候选,0.9506172839506173,0.2692307692307692
元学习全候选,0.9506172839506173,0.27017543859649124
元学习全候选,0.9506172839506173,0.2711267605633803
元学习全候选,0.9506172839506173,0.27208480565371024
元学习全候选,0.9506172839506173,0.2730496453900709
元学习全候选,0.9506172839506173,0.27402135231316727
元学习全候选,0.9506172839506173,0.275
元学习全候选,0.9506172839506173,0.27598566308243727
元学习全候选,0.9506172839506173,0.27697841726618705
元学习全候选,0.9506172839506173,0.2779783393501805
元学习全候选,0.9506172839506173,0.27898550724637683
元学习全候选,0.9506172839506173,0.28
元学习全候选,0.9506172839506173,0.28102189781021897
元学习全候选,0.9506172839506173,0.28205128205128205
元学习全候选,0.9506172839506173,0.28308823529411764
元学习全候选,0.9506172839506173,0.28413284132841327
元学习全候选,0.9506172839506173,0.2851851851851852
元学习全候选,0.9506172839506173,0.2862453531598513
元学习全候选,0.9506172839506173,0.2873134328358209
元学习全候选,0.9506172839506173,0.2883895131086142
元学习全候选,0.9506172839506173,0.2894736842105263
元学习全候选,0.9506172839506173,0.29056603773584905
元学习全候选,0.9506172839506173,0.2916666666666667
元学习全候选,0.9506172839506173,0.29277566539923955
元学习全候选,0.9506172839506173,0.29389312977099236
元学习全候选,0.9506172839506173,0.2950191570881226
元学习全候选,0.9506172839506173,0.29615384615384616
元学习全候选,0.9506172839506173,0.2972972972972973
元学习全候选,0.9506172839506173,0.29844961240310075
元学习全候选,0.9506172839506173,0.29961089494163423
元学习全候选,0.9506172839506173,0.30078125
元学习全候选,0.9506172839506173,0.30196078431372547
元学习全候选,0.9506172839506173,0.3031496062992126
元学习全候选,0.9506172839506173,0.30434782608695654
元学习全候选,0.9506172839506173,0.3055555555555556
元学习全候选,0.9382716049382716,0.30278884462151395
元学习全候选,0.9382716049382716,0.304
元学习全候选,0.9382716049382716,0.30522088353413657
元学习全候选,0.9382716049382716,0.3064516129032258
元学习全候选,0.9382716049382716,0.3076923076923077
元学习全候选,0.9382716049382716,0.3089430894308943
元学习全候选,0.9382716049382716,0.31020408163265306
元学习全候选,0.9382716049382716,0.3114754098360656
元学习全候选,0.9382716049382716,0.31275720164609055
元学习全候选,0.9382716049382716,0.3140495867768595
元学习全候选,0.9382716049382716,0.3153526970954357
元学习全候选,0.9382716049382716,0.31666666666666665
元学习全候选,0.9382716049382716,0.3179916317991632
元学习全候选,0.9382716049382716,0.31932773109243695
元学习全候选,0.9382716049382716,0.3206751054852321
元学习全候选,0.9382716049382716,0.3220338983050847
元学习全候选,0.9382716049382716,0.32340425531914896
元学习全候选,0.9382716049382716,0.3247863247863248
元学习全候选,0.9382716049382716,0.3261802575107296
元学习全候选,0.9382716049382716,0.3275862068965517
元学习全候选,0.9382716049382716,0.329004329004329
元学习全候选,0.9382716049382716,0.33043478260869563
元学习全候选,0.9382716049382716,0.3318777292576419
元学习全候选,0.9382716049382716,0.3333333333333333
元学习全候选,0.9382716049382716,0.33480176211453744
元学习全候选,0.9382716049382716,0.336283185840708
元学习全候选,0.9382716049382716,0.3377777777777778
元学习全候选,0.9382716049382716,0.3392857142857143
元学习全候选,0.9382716049382716,0.34080717488789236
元学习全候选,0.9382716049382716,0.34234234234234234
元学习全候选,0.9382716049382716,0.3438914027149321
元学习全候选,0.9382716049382716,0.34545454545454546
元学习全候选,0.9382716049382716,0.3470319634703196
元学习全候选,0.9382716049382716,0.3486238532110092
元学习全候选,0.9382716049382716,0.35023041474654376
元学习全候选,0.9382716049382716,0.35185185185185186
元学习全候选,0.9382716049382716,0.35348837209302325
元学习全候选,0.9382716049382716,0.35514018691588783
元学习全候选,0.9382716049382716,0.3568075117370892
元学习全候选,0.9382716049382716,0.3584905660377358
元学习全候选,0.9259259259259259,0.35545023696682465
元学习全候选,0.9259259259259259,0.35714285714285715
元学习全候选,0.9259259259259259,0.3588516746411483
元学习全候选,0.9259259259259259,0.3605769230769231
元学习全候选,0.9259259259259259,0.36231884057971014
元学习全候选,0.9259259259259259,0.3640776699029126
元学习全候选,0.9259259259259259,0.36585365853658536
元学习全候选,0.9259259259259259,0.36764705882352944
元学习全候选,0.9259259259259259,0.3694581280788177
元学习全候选,0.9259259259259259,0.3712871287128713
元学习全候选,0.9259259259259259,0.373134328358209
元学习全候选,0.9259259259259259,0.375
元学习全候选,0.9259259259259259,0.3768844221105528
元学习全候选,0.9259259259259259,0.3787878787878788
元学习全候选,0.9259259259259259,0.38071065989847713
元学习全候选,0.9259259259259259,0.3826530612244898
元学习全候选,0.9259259259259259,0.38461538461538464
元学习全候选,0.9259259259259259,0.3865979381443299
元学习全候选,0.9259259259259259,0.38860103626943004
元学习全候选,0.9259259259259259,0.390625
元学习全候选,0.9259259259259259,0.39267015706806285
元学习全候选,0.9259259259259259,0.39473684210526316
元学习全候选,0.9259259259259259,0.3968253968253968
元学习全候选,0.9259259259259259,0.39893617021276595
元学习全候选,0.9259259259259259,0.40106951871657753
元学习全候选,0.9259259259259259,0.4032258064516129
元学习全候选,0.9259259259259259,0.40540540540540543
元学习全候选,0.9259259259259259,0.4076086956521739
元学习全候选,0.9259259259259259,0.4098360655737705
元学习全候选,0.9259259259259259,0.41208791208791207
元学习全候选,0.9259259259259259,0.4143646408839779
元学习全候选,0.9259259259259259,0.4166666666666667
元学习全候选,0.9259259259259259,0.41899441340782123
元学习全候选,0.9259259259259259,0.42134831460674155
元学习全候选,0.9259259259259259,0.423728813559322
元学习全候选,0.9259259259259259,0.42613636363636365
元学习全候选,0.9259259259259259,0.42857142857142855
元学习全候选,0.9259259259259259,0.43103448275862066
元学习全候选,0.9259259259259259,0.43352601156069365
元学习全候选,0.9259259259259259,0.436046511627907
元学习全候选,0.9259259259259259,0.43859649122807015
元学习全候选,0.9259259259259259,0.4411764705882353
元学习全候选,0.9259259259259259,0.4437869822485207
元学习全候选,0.9259259259259259,0.44642857142857145
元学习全候选,0.9259259259259259,0.4491017964071856
元学习全候选,0.9259259259259259,0.45180722891566266
元学习全候选,0.9259259259259259,0.45454545454545453
元学习全候选,0.9259259259259259,0.4573170731707317
元学习全候选,0.9259259259259259,0.4601226993865031
元学习全候选,0.9259259259259259,0.46296296296296297
元学习全候选,0.9259259259259259,0.4658385093167702
元学习全候选,0.9135802469135802,0.4625
元学习全候选,0.9135802469135802,0.46540880503144655
元学习全候选,0.9135802469135802,0.46835443037974683
元学习全候选,0.9135802469135802,0.4713375796178344
元学习全候选,0.9135802469135802,0.47435897435897434
元学习全候选,0.9012345679012346,0.47096774193548385
元学习全候选,0.9012345679012346,0.474025974025974
元学习全候选,0.8888888888888888,0.47058823529411764
元学习全候选,0.8888888888888888,0.47368421052631576
元学习全候选,0.8888888888888888,0.4768211920529801
元学习全候选,0.8888888888888888,0.48
元学习全候选,0.8888888888888888,0.48322147651006714
元学习全候选,0.8888888888888888,0.4864864864864865
元学习全候选,0.8888888888888888,0.4897959183673469
元学习全候选,0.8765432098765432,0.4863013698630137
元学习全候选,0.8641975308641975,0.4827586206896552
元学习全候选,0.8518518518518519,0.4791666666666667
元学习全候选,0.8395061728395061,0.4755244755244755
元学习全候选,0.8271604938271605,0.47183098591549294
元学习全候选,0.8271604938271605,0.475177304964539
元学习全候选,0.8271604938271605,0.4785714285714286
元学习全候选,0.8271604938271605,0.48201438848920863
元学习全候选,0.8271604938271605,0.4855072463768116
元学习全候选,0.8271604938271605,0.48905109489051096
元学习全候选,0.8271604938271605,0.49264705882352944
元学习全候选,0.8271604938271605,0.4962962962962963
元学习全候选,0.8148148148148148,0.4925373134328358
元学习全候选,0.8024691358024691,0.48872180451127817
元学习全候选,0.8024691358024691,0.49242424242424243
元学习全候选,0.8024691358024691,0.4961832061068702
元学习全候选,0.8024691358024691,0.5
元学习全候选,0.7901234567901234,0.49612403100775193
元学习全候选,0.7901234567901234,0.5
元学习全候选,0.7901234567901234,0.5039370078740157
元学习全候选,0.7777777777777778,0.5
元学习全候选,0.7777777777777778,0.504
元学习全候选,0.7777777777777778,0.5080645161290323
元学习全候选,0.7777777777777778,0.5121951219512195
元学习全候选,0.7777777777777778,0.5163934426229508
元学习全候选,0.7777777777777778,0.5206611570247934
元学习全候选,0.7654320987654321,0.5166666666666667
元学习全候选,0.7530864197530864,0.5126050420168067
元学习全候选,0.7407407407407407,0.5084745762711864
元学习全候选,0.7407407407407407,0.5128205128205128
元学习全候选,0.7407407407407407,0.5172413793103449
元学习全候选,0.7283950617283951,0.5130434782608696
元学习全候选,0.7160493827160493,0.5087719298245614
元学习全候选,0.7160493827160493,0.5132743362831859
元学习全候选,0.7160493827160493,0.5178571428571429
元学习全候选,0.7037037037037037,0.5135135135135135
元学习全候选,0.7037037037037037,0.5181818181818182
元学习全候选,0.7037037037037037,0.5229357798165137
元学习全候选,0.7037037037037037,0.5277777777777778
元学习全候选,0.7037037037037037,0.5327102803738317
元学习全候选,0.691358024691358,0.5283018867924528
元学习全候选,0.6790123456790124,0.5238095238095238
元学习全候选,0.6790123456790124,0.5288461538461539
元学习全候选,0.6790123456790124,0.5339805825242718
元学习全候选,0.6790123456790124,0.5392156862745098
元学习全候选,0.6790123456790124,0.5445544554455446
元学习全候选,0.6790123456790124,0.55
元学习全候选,0.6790123456790124,0.5555555555555556
元学习全候选,0.6666666666666666,0.5510204081632653
元学习全候选,0.654320987654321,0.5463917525773195
元学习全候选,0.654320987654321,0.5520833333333334
元学习全候选,0.654320987654321,0.5578947368421052
元学习全候选,0.654320987654321,0.5638297872340425
元学习全候选,0.654320987654321,0.5698924731182796
元学习全候选,0.654320987654321,0.5760869565217391
元学习全候选,0.654320987654321,0.5824175824175825
元学习全候选,0.654320987654321,0.5888888888888889
元学习全候选,0.6419753086419753,0.5842696629213483
元学习全候选,0.6419753086419753,0.5909090909090909
元学习全候选,0.6296296296296297,0.5862068965517241
元学习全候选,0.6296296296296297,0.5930232558139535
元学习全候选,0.6296296296296297,0.6
元学习全候选,0.6296296296296297,0.6071428571428571
元学习全候选,0.6172839506172839,0.6024096385542169
元学习全候选,0.6049382716049383,0.5975609756097561
元学习全候选,0.6049382716049383,0.6049382716049383
元学习全候选,0.5925925925925926,0.6
元学习全候选,0.5802469135802469,0.5949367088607594
元学习全候选,0.5679012345679012,0.5897435897435898
元学习全候选,0.5555555555555556,0.5844155844155844
元学习全候选,0.5555555555555556,0.5921052631578947
元学习全候选,0.5432098765432098,0.5866666666666667
元学习全候选,0.5432098765432098,0.5945945945945946
元学习全候选,0.5308641975308642,0.589041095890411
元学习全候选,0.5185185185185185,0.5833333333333334
元学习全候选,0.5061728395061729,0.5774647887323944
元学习全候选,0.5061728395061729,0.5857142857142857
元学习全候选,0.5061728395061729,0.5942028985507246
元学习全候选,0.5061728395061729,0.6029411764705882
元学习全候选,0.5061728395061729,0.6119402985074627
元学习全候选,0.5061728395061729,0.6212121212121212
元学习全候选,0.49382716049382713,0.6153846153846154
元学习全候选,0.48148148148148145,0.609375
元学习全候选,0.4691358024691358,0.6031746031746031
元学习全候选,0.4691358024691358,0.6129032258064516
元学习全候选,0.4567901234567901,0.6065573770491803
元学习全候选,0.4444444444444444,0.6
元学习全候选,0.43209876543209874,0.5932203389830508
元学习全候选,0.41975308641975306,0.5862068965517241
元学习全候选,0.4074074074074074,0.5789473684210527
元学习全候选,0.3950617283950617,0.5714285714285714
元学习全候选,0.38271604938271603,0.5636363636363636
元学习全候选,0.37037037037037035,0.5555555555555556
元学习全候选,0.37037037037037035,0.5660377358490566
元学习全候选,0.37037037037037035,0.5769230769230769
元学习全候选,0.35802469135802467,0.5686274509803921
元学习全候选,0.35802469135802467,0.58
元学习全候选,0.35802469135802467,0.5918367346938775
元学习全候选,0.35802469135802467,0.6041666666666666
元学习全候选,0.35802469135802467,0.6170212765957447
元学习全候选,0.345679012345679,0.6086956521739131
元学习全候选,0.345679012345679,0.6222222222222222
元学习全候选,0.345679012345679,0.6363636363636364
元学习全候选,0.345679012345679,0.6511627906976745
元学习全候选,0.3333333333333333,0.6428571428571429
元学习全候选,0.32098765432098764,0.6341463414634146
元学习全候选,0.32098765432098764,0.65
元学习全候选,0.32098765432098764,0.6666666666666666
元学习全候选,0.32098765432098764,0.6842105263157895
元学习全候选,0.32098765432098764,0.7027027027027027
元学习全候选,0.30864197530864196,0.6944444444444444
元学习全候选,0.30864197530864196,0.7142857142857143
元学习全候选,0.30864197530864196,0.7352941176470589
元学习全候选,0.30864197530864196,0.7575757575757576
元学习全候选,0.30864197530864196,0.78125
元学习全候选,0.30864197530864196,0.8064516129032258
元学习全候选,0.2962962962962963,0.8
元学习全候选,0.2839506172839506,0.7931034482758621
元学习全候选,0.2716049382716049,0.7857142857142857
元学习全候选,0.25925925925925924,0.7777777777777778
元学习全候选,0.24691358024691357,0.7692307692307693
元学习全候选,0.2345679012345679,0.76
元学习全候选,0.2222222222222222,0.75
元学习全候选,0.2222222222222222,0.782608695652174
元学习全候选,0.20987654320987653,0.7727272727272727
元学习全候选,0.20987654320987653,0.8095238095238095
元学习全候选,0.19753086419753085,0.8
元学习全候选,0.18518518518518517,0.7894736842105263
元学习全候选,0.1728395061728395,0.7777777777777778
元学习全候选,0.16049382716049382,0.7647058823529411
元学习全候选,0.14814814814814814,0.75
元学习全候选,0.13580246913580246,0.7333333333333333
元学习全候选,0.13580246913580246,0.7857142857142857
元学习全候选,0.12345679012345678,0.7692307692307693
元学习全候选,0.12345679012345678,0.8333333333333334
元学习全候选,0.12345679012345678,0.9090909090909091
元学习全候选,0.1111111111111111,0.9
元学习全候选,0.09876543209876543,0.8888888888888888
元学习全候选,0.08641975308641975,0.875
元学习全候选,0.07407407407407407,0.8571428571428571
元学习全候选,0.07407407407407407,1.0
元学习全候选,0.06172839506172839,1.0
元学习全候选,0.04938271604938271,1.0
元学习全候选,0.037037037037037035,1.0
元学习全候选,0.024691358024691357,1.0
元学习全候选,0.012345679012345678,1.0
元学习全候选,0.0,1.0
堆叠融合,1.0,0.01346409574468085
堆叠融合,1.0,0.013466334164588529
堆叠融合,1.0,0.013468573328899235
堆叠融合,1.0,0.013470813237984366
堆叠融合,1.0,0.01347305389221557
堆叠融合,1.0,0.013475295291964732
堆叠融合,1.0,0.013477537437603994
堆叠融合,1.0,0.01347978032950574
堆叠融合,1.0,0.01348202396804261
堆叠融合,1.0,0.013484268353587481
堆叠融合,1.0,0.013486513486513486
堆叠融合,1.0,0.013488759367194006
堆叠融合,1.0,0.013491005996002664
堆叠融合,1.0,0.013493253373313344
堆叠融合,1.0,0.013495501499500167
堆叠融合,1.0,0.013497750374937511
堆叠融合,1.0,0.0135
堆叠融合,1.0,0.013502250375062511
堆叠融合,1.0,0.013504501500500166
堆叠融合,1.0,0.013506753376688344
堆叠融合,1.0,0.013509006004002668
堆叠融合,1.0,0.013511259382819015
堆叠融合,1.0,0.013513513513513514
堆叠融合,1.0,0.013515768396462539
堆叠融合,1.0,0.013518024032042724
堆叠融合,1.0,0.013520280420630946
堆叠融合,1.0,0.013522537562604341
堆叠融合,1.0,0.01352479545834029
堆叠融合,1.0,0.013527054108216433
堆叠融合,1.0,0.013529313512610656
堆叠融合,1.0,0.013531573671901102
堆叠融合,1.0,0.013533834586466165
堆叠融合,1.0,0.013536096256684492
堆叠融合,1.0,0.013538358682934983
堆叠融合,1.0,0.01354062186559679
堆叠融合,1.0,0.013542885805049323
堆叠融合,1.0,0.01354515050167224
堆叠融合,1.0,0.013547415955845458
堆叠融合,1.0,0.013549682167949146
堆叠融合,1.0,0.013551949138363727
堆叠融合,1.0,0.01355421686746988
堆叠融合,1.0,0.013556485355648535
堆叠融合,1.0,0.013558754603280885
堆叠融合,1.0,0.013561024610748368
堆叠融合,1.0,0.013563295378432686
堆叠融合,1.0,0.013565566906715794
堆叠融合,1.0,0.013567839195979899
堆叠融合,1.0,0.013570112246607473
堆叠融合,1.0,0.013572386058981234
堆叠融合,1.0,0.013574660633484163
堆叠融合,1.0,0.013576935970499497
堆叠融合,1.0,0.01357921207041073
堆叠融合,1.0,0.01358148893360161
堆叠融合,1.0,0.013583766560456146
堆叠融合,1.0,0.013586044951358605
堆叠融合,1.0,0.013588324106693507
堆叠融合,1.0,0.013590604026845638
堆叠融合,1.0,0.013592884712200033
堆叠融合,1.0,0.013595166163141994
堆叠融合,1.0,0.013597448380057076
堆叠融合,1.0,0.013599731363331095
堆叠融合,1.0,0.013602015113350126
堆叠融合,1.0,0.013604299630500504
堆叠融合,1.0,0.013606584915168822
堆叠融合,1.0,0.013608870967741936
堆叠融合,1.0,0.013611157788606956
堆叠融合,1.0,0.01361344537815126
堆叠融合,1.0,0.01361573373676248
堆叠融合,1.0,0.013618022864828513
堆叠融合,1.0,0.013620312762737515
堆叠融合,1.0,0.013622603430877902
堆叠融合,1.0,0.013624894869638351
堆叠融合,1.0,0.013627187079407806
堆叠融合,1.0,0.013629480060575468
堆叠融合,1.0,0.013631773813530798
堆叠融合,1.0,0.013634068338663525
堆叠融合,1.0,0.013636363636363636
堆叠融合,1.0,0.013638659707021383
堆叠融合,1.0,0.013640956551027282
堆叠融合,1.0,0.013643254168772108
堆叠融合,1.0,0.0136455525606469
堆叠融合,1.0,0.013647851727042965
堆叠融合,1.0,0.013650151668351871
堆叠融合,1.0,0.013652452384965447
堆叠融合,1.0,0.013654753877275792
堆叠融合,1.0,0.013657056145675266
堆叠融合,1.0,0.013659359190556492
堆叠融合,1.0,0.013661663012312362
堆叠融合,1.0,0.013663967611336033
堆叠融合,1.0,0.01366627298802092
堆叠融合,1.0,0.013668579142760715
堆叠融合,1.0,0.013670886075949367
堆叠融合,1.0,0.013673193787981094
堆叠融合,1.0,0.01367550227925038
堆叠融合,1.0,0.013677811550151976
堆叠融合,1.0,0.013680121601080899
堆叠融合,1.0,0.013682432432432433
堆叠融合,1.0,0.013684744044602128
堆叠融合,1.0,0.013687056437985807
堆叠融合,1.0,0.01368936961297955
堆叠融合,1.0,0.013691683569979716
堆叠融合,1.0,0.013693998309382924
堆叠融合,1.0,0.013696313831586067
堆叠融合,1.0,0.0136986301369863
堆叠融合,1.0,0.013700947225981055
堆叠融合,1.0,0.013703265098968026
堆叠融合,1.0,0.013705583756345178
堆叠融合,1.0,0.013707903198510746
堆叠融合,1.0,0.013710223425863236
堆叠融合,1.0,0.013712544438801422
堆叠融合,1.0,0.013714866237724348
堆叠融合,1.0,0.013717188823031329
堆叠融合,1.0,0.013719512195121951
堆叠融合,1.0,0.01372183635439607
堆叠融合,1.0,0.013724161301253812
堆叠融合,1.0,0.013726487036095577
堆叠融合,1.0,0.013728813559322034
堆叠融合,1.0,0.013731140871334124
堆叠融合,1.0,0.013733468972533061
堆叠融合,1.0,0.013735797863320333
堆叠融合,1.0,0.013738127544097693
堆叠融合,1.0,0.013740458015267175
堆叠融合,1.0,0.013742789277231082
堆叠融合,1.0,0.01374512133039199
堆叠融合,1.0,0.01374745417515275
堆叠融合,1.0,0.013749787811916483
堆叠融合,1.0,0.013752122241086587
堆叠融合,1.0,0.013754457463066735
堆叠融合,1.0,0.01375679347826087
堆叠融合,1.0,0.013759130287073212
堆叠融合,1.0,0.013761467889908258
堆叠融合,1.0,0.013763806287170773
堆叠融合,1.0,0.013766145479265806
堆叠融合,1.0,0.013768485466598673
堆叠融合,1.0,0.013770826249574975
堆叠融合,1.0,0.013773167828600578
堆叠融合,1.0,0.013775510204081633
堆叠融合,1.0,0.013777853376424561
堆叠融合,1.0,0.013780197346036067
堆叠融合,1.0,0.013782542113323124
堆叠融合,1.0,0.013784887678692988
堆叠融合,1.0,0.01378723404255319
堆叠融合,1.0,0.013789581205311542
堆叠融合,1.0,0.013791929167376128
堆叠融合,1.0,0.013794277929155314
堆叠融合,1.0,0.013796627491057742
堆叠融合,1.0,0.013798977853492335
堆叠融合,1.0,0.01380132901686829
堆叠融合,1.0,0.013803680981595092
堆叠融合,1.0,0.013806033748082496
堆叠融合,1.0,0.013808387316740538
堆叠融合,1.0,0.01381074168797954
堆叠融合,1.0,0.013813096862210095
堆叠融合,1.0,0.013815452839843085
堆叠融合,1.0,0.013817809621289662
堆叠融合,1.0,0.013820167206961269
堆叠融合,1.0,0.013822525597269625
堆叠融合,1.0,0.013824884792626729
堆叠融合,1.0,0.013827244793444863
堆叠融合,1.0,0.013829605600136588
堆叠融合,1.0,0.013831967213114754
堆叠融合,1.0,0.013834329632792484
堆叠融合,1.0,0.01383669285958319
堆叠融合,1.0,0.013839056893900564
堆叠融合,1.0,0.013841421736158578
堆叠融合,1.0,0.013843787386771491
堆叠融合,1.0,0.013846153846153847
堆叠融合,1.0,0.013848521114720465
堆叠融合,1.0,0.013850889192886457
堆叠融合,1.0,0.013853258081067214
堆叠融合,1.0,0.013855627779678413
堆叠融合,1.0,0.013857998289136014
堆叠融合,1.0,0.013860369609856264
堆叠融合,1.0,0.01386274174225569
堆叠融合,1.0,0.013865114686751112
堆叠融合,1.0,0.01386748844375963
堆叠融合,1.0,0.01386986301369863
堆叠融合,1.0,0.013872238396985785
堆叠融合,1.0,0.013874614594039054
堆叠融合,1.0,0.013876991605276683
堆叠融合,1.0,0.013879369431117203
堆叠融合,1.0,0.013881748071979434
堆叠融合,1.0,0.013884127528282482
堆叠融合,1.0,0.01388650780044574
堆叠融合,1.0,0.013888888888888888
堆叠融合,1.0,0.013891270794031898
堆叠融合,1.0,0.013893653516295026
堆叠融合,1.0,0.013896037056098817
堆叠融合,1.0,0.013898421413864104
堆叠融合,1.0,0.013900806590012013
堆叠融合,1.0,0.013903192584963954
堆叠融合,1.0,0.01390557939914163
堆叠融合,1.0,0.013907967032967032
堆叠融合,1.0,0.013910355486862442
堆叠融合,1.0,0.01391274476125043
堆叠融合,1.0,0.013915134856553856
堆叠融合,1.0,0.013917525773195877
堆叠融合,1.0,0.013919917511599931
堆叠融合,1.0,0.013922310072189756
堆叠融合,1.0,0.013924703455389376
堆叠融合,1.0,0.013927097661623108
堆叠融合,1.0,0.013929492691315564
堆叠融合,1.0,0.01393188854489164
堆叠融合,1.0,0.013934285222776536
堆叠融合,1.0,0.013936682725395734
堆叠融合,1.0,0.013939081053175014
堆叠融合,1.0,0.013941480206540447
堆叠融合,1.0,0.013943880185918403
堆叠融合,1.0,0.013946280991735538
堆叠融合,1.0,0.013948682624418805
堆叠融合,1.0,0.013951085084395453
堆叠融合,1.0,0.013953488372093023
堆叠融合,1.0,0.013955892487939351
堆叠融合,1.0,0.01395829743236257
堆叠融合,1.0,0.013960703205791106
堆叠融合,1.0,0.01396310980865368
堆叠融合,1.0,0.01396551724137931
堆叠融合,1.0,0.01396792550439731
堆叠融合,1.0,0.013970334598137289
堆叠融合,1.0,0.013972744523029153
堆叠融合,1.0,0.013975155279503106
堆叠融合,1.0,0.013977566867989646
堆叠融合,1.0,0.013979979288919572
堆叠融合,1.0,0.013982392542723977
堆叠融合,1.0,0.013984806629834255
堆叠融合,1.0,0.013987221550682093
堆叠融合,1.0,0.013989637305699482
堆叠融合,1.0,0.013992053895318707
堆叠融合,1.0,0.013994471319972357
堆叠融合,1.0,0.013996889580093312
堆叠融合,1.0,0.01399930867611476
堆叠融合,1.0,0.014001728608470182
堆叠融合,1.0,0.014004149377593362
堆叠融合,1.0,0.014006570983918382
堆叠融合,1.0,0.014008993427879627
堆叠融合,1.0,0.01401141670991178
堆叠融合,1.0,0.014013840830449827
堆叠融合,1.0,0.014016265789929053
堆叠融合,1.0,0.014018691588785047
堆叠融合,1.0,0.014021118227453696
堆叠融合,1.0,0.01402354570637119
堆叠融合,1.0,0.014025974025974027
堆叠融合,1.0,0.014028403186698995
堆叠融合,1.0,0.014030833188983198
堆叠融合,1.0,0.014033264033264034
堆叠融合,1.0,0.014035695719979206
堆叠融合,1.0,0.014038128249566724
堆叠融合,1.0,0.014040561622464899
堆叠融合,1.0,0.014042995839112345
堆叠融合,1.0,0.01404543089994798
堆叠融合,1.0,0.01404786680541103
堆叠融合,1.0,0.014050303555941024
堆叠融合,1.0,0.014052741151977794
堆叠融合,1.0,0.014055179593961478
堆叠融合,1.0,0.014057618882332524
堆叠融合,1.0,0.014060059017531679
堆叠融合,1.0,0.0140625
堆叠融合,1.0,0.01406494183017885
堆叠融合,1.0,0.0140673845085099
堆叠融合,1.0,0.014069828035435123
堆叠融合,1.0,0.014072272411396804
堆叠融合,1.0,0.014074717636837533
堆叠融合,1.0,0.014077163712200209
堆叠融合,1.0,0.014079610637928038
堆叠融合,1.0,0.014082058414464534
堆叠融合,1.0,0.014084507042253521
堆叠融合,1.0,0.01408695652173913
堆叠融合,1.0,0.014089406853365802
堆叠融合,1.0,0.014091858037578288
堆叠融合,1.0,0.014094310074821646
堆叠融合,1.0,0.014096762965541246
堆叠融合,1.0,0.014099216710182768
堆叠融合,1.0,0.014101671309192201
堆叠融合,1.0,0.014104126763015845
堆叠融合,1.0,0.014106583072100314
堆叠融合,1.0,0.014109040236892528
堆叠融合,1.0,0.014111498257839722
堆叠融合,1.0,0.014113957135389441
堆叠融合,1.0,0.014116416869989544
堆叠融合,1.0,0.0141188774620882
堆叠融合,1.0,0.014121338912133892
堆叠融合,1.0,0.014123801220575414
堆叠融合,1.0,0.014126264387861876
堆叠融合,1.0,0.0141287284144427
堆叠融合,1.0,0.014131193300767621
堆叠融合,1.0,0.014133659047286687
堆叠融合,1.0,0.014136125654450262
堆叠融合,1.0,0.014138593122709025
堆叠融合,1.0,0.014141061452513967
堆叠融合,1.0,0.014143530644316397
堆叠融合,1.0,0.014146000698567935
堆叠融合,1.0,0.014148471615720524
堆叠融合,1.0,0.014150943396226415
堆叠融合,1.0,0.014153416040538179
堆叠融合,1.0,0.014155889549108703
堆叠融合,1.0,0.01415836392239119
堆叠融合,1.0,0.014160839160839161
堆叠融合,1.0,0.014163315264906452
堆叠融合,1.0,0.01416579223504722
堆叠融合,1.0,0.014168270071715935
堆叠融合,1.0,0.01417074877536739
堆叠融合,1.0,0.014173228346456693
堆叠融合,1.0,0.014175708785439271
堆叠融合,1.0,0.014178190092770873
堆叠融合,1.0,0.014180672268907563
堆叠融合,1.0,0.014183155314305727
堆叠融合,1.0,0.014185639229422066
堆叠融合,1.0,0.01418812401471361
堆叠融合,1.0,0.014190609670637701
堆叠融合,1.0,0.014193096197652006
堆叠融合,1.0,0.014195583596214511
堆叠融合,1.0,0.014198071866783523
堆叠融合,1.0,0.014200561009817671
堆叠融合,1.0,0.014203051025775907
堆叠融合,1.0,0.014205541915117503
堆叠融合,1.0,0.014208033678302052
堆叠融合,1.0,0.014210526315789474
堆叠融合,1.0,0.014213019828040007
堆叠融合,1.0,0.014215514215514216
堆叠融合,1.0,0.014218009478672985
堆叠融合,1.0,0.014220505617977528
堆叠融合,1.0,0.014223002633889377
堆叠融合,1.0,0.01422550052687039
堆叠融合,1.0,0.01422799929738275
堆叠融合,1.0,0.014230498945888967
堆叠融合,1.0,0.014232999472851872
堆叠融合,1.0,0.014235500878734621
堆叠融合,1.0,0.014238003164000703
堆叠融合,1.0,0.014240506329113924
堆叠融合,1.0,0.014243010374538422
堆叠融合,1.0,0.014245515300738656
堆叠融合,1.0,0.01424802110817942
堆叠融合,1.0,0.014250527797325828
堆叠融合,1.0,0.014253035368643321
堆叠融合,1.0,0.014255543822597676
堆叠融合,1.0,0.01425805315965499
堆叠融合,1.0,0.01426056338028169
堆叠融合,1.0,0.014263074484944533
堆叠融合,1.0,0.014265586474110602
堆叠融合,1.0,0.014268099348247314
堆叠融合,1.0,0.01427061310782241
堆叠融合,1.0,0.014273127753303964
堆叠融合,1.0,0.01427564328516038
堆叠融合,1.0,0.014278159703860392
堆叠融合,1.0,0.014280677009873061
堆叠融合,1.0,0.014283195203667784
堆叠融合,1.0,0.014285714285714285
堆叠融合,1.0,0.014288234256482625
堆叠融合,1.0,0.01429075511644319
堆叠融合,1.0,0.014293276866066702
堆叠融合,1.0,0.014295799505824214
堆叠融合,1.0,0.014298323036187114
堆叠融合,1.0,0.014300847457627119
堆叠融合,1.0,0.01430337277061628
堆叠融合,1.0,0.014305898975626986
堆叠融合,1.0,0.014308426073131956
堆叠融合,1.0,0.01431095406360424
堆叠融合,1.0,0.014313482947517229
堆叠融合,1.0,0.014316012725344645
堆叠融合,1.0,0.014318543397560545
堆叠融合,1.0,0.014321074964639321
堆叠融合,1.0,0.014323607427055704
堆叠融合,1.0,0.014326140785284755
堆叠融合,1.0,0.014328675039801874
堆叠融合,1.0,0.014331210191082803
堆叠融合,1.0,0.01433374623960361
堆叠融合,1.0,0.014336283185840707
堆叠融合,1.0,0.014338821030270845
堆叠融合,1.0,0.014341359773371105
堆叠融合,1.0,0.014343899415618913
堆叠融合,1.0,0.014346439957492029
堆叠融合,1.0,0.014348981399468556
堆叠融合,1.0,0.014351523742026931
堆叠融合,1.0,0.014354066985645933
堆叠融合,1.0,0.01435661113080468
堆叠融合,1.0,0.014359156177982627
堆叠融合,1.0,0.014361702127659574
堆叠融合,1.0,0.014364248980315658
堆叠融合,1.0,0.014366796736431358
堆叠融合,1.0,0.014369345396487493
堆叠融合,1.0,0.014371894960965224
堆叠融合,1.0,0.014374445430346052
堆叠融合,1.0,0.01437699680511182
堆叠融合,1.0,0.014379549085744719
堆叠融合,1.0,0.014382102272727272
堆叠融合,1.0,0.014384656366542355
堆叠融合,1.0,0.014387211367673179
堆叠融合,1.0,0.014389767276603304
堆叠融合,1.0,0.014392324093816631
堆叠融合,1.0,0.014394881819797405
堆叠融合,1.0,0.014397440455030218
堆叠融合,1.0,0.0144
堆叠融合,1.0,0.014402560455192033
堆叠融合,1.0,0.014405121821091944
堆叠融合,1.0,0.0144076840981857
堆叠融合,1.0,0.014410247286959615
堆叠融合,1.0,0.014412811387900355
堆叠融合,1.0,0.014415376401494928
堆叠融合,1.0,0.014417942328230687
堆叠融合,1.0,0.014420509168595335
堆叠融合,1.0,0.014423076923076924
堆叠融合,1.0,0.014425645592163847
堆叠融合,1.0,0.014428215176344851
堆叠融合,1.0,0.014430785676109033
堆叠融合,1.0,0.01443335709194583
堆叠融合,1.0,0.014435929424345037
堆叠融合,1.0,0.014438502673796792
堆叠融合,1.0,0.014441076840791585
堆叠融合,1.0,0.014443651925820257
堆叠融合,1.0,0.014446227929373997
堆叠融合,1.0,0.014448804851944346
堆叠融合,1.0,0.014451382694023194
堆叠融合,1.0,0.014453961456102784
堆叠融合,1.0,0.01445654113867571
堆叠融合,1.0,0.014459121742234916
堆叠融合,1.0,0.0144617032672737
堆叠融合,1.0,0.014464285714285714
堆叠融合,1.0,0.014466869083764959
堆叠融合,1.0,0.014469453376205787
堆叠融合,1.0,0.014472038592102911
堆叠融合,1.0,0.014474624731951394
堆叠融合,1.0,0.014477211796246649
堆叠融合,1.0,0.014479799785484448
堆叠融合,1.0,0.014482388700160916
堆叠融合,1.0,0.014484978540772532
堆叠融合,1.0,0.014487569307816132
堆叠融合,1.0,0.014490161001788909
堆叠融合,1.0,0.014492753623188406
堆叠融合,1.0,0.014495347172512527
堆叠融合,1.0,0.01449794165025953
堆叠融合,1.0,0.014500537056928034
堆叠融合,1.0,0.01450313339301701
堆叠融合,1.0,0.014505730659025788
堆叠融合,1.0,0.014508328855454057
堆叠融合,1.0,0.014510927982801862
堆叠融合,1.0,0.014513528041569612
堆叠融合,1.0,0.014516129032258065
堆叠融合,1.0,0.014518730955368346
堆叠融合,1.0,0.014521333811401936
堆叠融合,1.0,0.014523937600860678
堆叠融合,1.0,0.014526542324246772
堆叠融合,1.0,0.014529147982062781
堆叠融合,1.0,0.014531754574811625
堆叠融合,1.0,0.01453436210299659
堆叠融合,1.0,0.01453697056712132
堆叠融合,1.0,0.014539579967689823
堆叠融合,1.0,0.014542190305206463
堆叠融合,1.0,0.014544801580175975
堆叠融合,1.0,0.014547413793103448
堆叠融合,1.0,0.014550026944494341
堆叠融合,1.0,0.014552641034854473
堆叠融合,1.0,0.014555256064690027
堆叠融合,1.0,0.014557872034507549
堆叠融合,1.0,0.01456048894481395
堆叠融合,1.0,0.014563106796116505
堆叠融合,1.0,0.014565725588922855
堆叠融合,1.0,0.014568345323741008
堆叠融合,1.0,0.01457096600107933
堆叠融合,1.0,0.014573587621446563
堆叠融合,1.0,0.014576210185351808
堆叠融合,1.0,0.014578833693304536
堆叠融合,1.0,0.014581458145814581
堆叠融合,1.0,0.01458408354339215
堆叠融合,1.0,0.014586709886547812
堆叠融合,1.0,0.014589337175792506
堆叠融合,1.0,0.014591965411637544
堆叠融合,1.0,0.014594594594594595
堆叠融合,1.0,0.014597224725175707
堆叠融合,1.0,0.014599855803893294
堆叠融合,1.0,0.014602487831260141
堆叠融合,1.0,0.014605120807789397
堆叠融合,1.0,0.01460775473399459
堆叠融合,1.0,0.01461038961038961
堆叠融合,1.0,0.014613025437488724
堆叠融合,1.0,0.014615662215806569
堆叠融合,1.0,0.014618299945858148
堆叠融合,1.0,0.014620938628158844
堆叠融合,1.0,0.01462357826322441
堆叠融合,1.0,0.014626218851570965
堆叠融合,1.0,0.014628860393715009
堆叠融合,1.0,0.01463150289017341
堆叠融合,1.0,0.014634146341463415
堆叠融合,1.0,0.014636790748102639
堆叠融合,1.0,0.014639436110609073
堆叠融合,1.0,0.014642082429501085
堆叠融合,1.0,0.014644729705297415
堆叠融合,1.0,0.014647377938517179
堆叠融合,1.0,0.01465002712967987
堆叠融合,1.0,0.014652677279305354
堆叠融合,1.0,0.014655328387913877
堆叠融合,1.0,0.014657980456026058
堆叠融合,1.0,0.014660633484162897
堆叠融合,1.0,0.014663287472845763
堆叠融合,1.0,0.014665942422596416
堆叠融合,1.0,0.01466859833393698
堆叠融合,1.0,0.014671255207389966
堆叠融合,1.0,0.014673913043478261
堆叠融合,1.0,0.014676571842725132
堆叠融合,1.0,0.014679231605654222
堆叠融合,1.0,0.01468189233278956
堆叠融合,1.0,0.014684554024655547
堆叠融合,1.0,0.014687216681776971
堆叠融合,1.0,0.014689880304679
堆叠融合,1.0,0.014692544893887176
堆叠融合,1.0,0.01469521044992743
堆叠融合,1.0,0.014697876973326075
堆叠融合,1.0,0.0147005444646098
堆叠融合,1.0,0.01470321292430568
堆叠融合,1.0,0.014705882352941176
堆叠融合,1.0,0.014708552751044126
堆叠融合,1.0,0.014711224119142753
堆叠融合,1.0,0.014713896457765668
堆叠融合,1.0,0.01471656976744186
堆叠融合,1.0,0.01471924404870071
堆叠融合,1.0,0.014721919302071973
堆叠融合,1.0,0.014724595528085803
堆叠融合,1.0,0.014727272727272728
堆叠融合,1.0,0.014729950900163666
堆叠融合,1.0,0.014732630047289924
堆叠融合,1.0,0.014735310169183191
堆叠融合,1.0,0.014737991266375546
堆叠融合,1.0,0.014740673339399454
堆叠融合,1.0,0.014743356388787768
堆叠融合,1.0,0.01474604041507373
堆叠融合,1.0,0.014748725418790968
堆叠融合,1.0,0.014751411400473502
堆叠融合,1.0,0.014754098360655738
堆叠融合,1.0,0.014756786299872472
堆叠融合,1.0,0.014759475218658892
堆叠融合,1.0,0.014762165117550574
堆叠融合,1.0,0.014764855997083486
堆叠融合,1.0,0.014767547857793984
堆叠融合,1.0,0.01477024070021882
堆叠融合,1.0,0.01477293452489513
堆叠融合,1.0,0.014775629332360452
堆叠融合,1.0,0.014778325123152709
堆叠融合,1.0,0.014781021897810219
堆叠融合,1.0,0.014783719656871691
堆叠融合,1.0,0.014786418400876232
堆叠融合,1.0,0.014789118130363337
堆叠融合,1.0,0.0147918188458729
堆叠融合,1.0,0.014794520547945205
堆叠融合,1.0,0.014797223237120936
堆叠融合,1.0,0.014799926913941166
堆叠融合,1.0,0.014802631578947368
堆叠融合,1.0,0.01480533723268141
堆叠融合,1.0,0.014808043875685557
堆叠融合,1.0,0.014810751508502468
堆叠融合,1.0,0.0148134601316752
堆叠融合,1.0,0.014816169745747211
堆叠融合,1.0,0.014818880351262349
堆叠融合,1.0,0.014821591948764867
堆叠融合,1.0,0.014824304538799415
堆叠融合,1.0,0.014827018121911038
堆叠融合,1.0,0.014829732698645185
堆叠融合,1.0,0.014832448269547702
堆叠融合,1.0,0.014835164835164835
堆叠融合,1.0,0.014837882396043231
堆叠融合,1.0,0.014840600952729937
堆叠融合,1.0,0.014843320505772403
堆叠融合,1.0,0.014846041055718476
堆叠融合,1.0,0.014848762603116407
堆叠融合,1.0,0.01485148514851485
堆叠融合,1.0,0.014854208692462864
堆叠融合,1.0,0.014856933235509904
堆叠融合,1.0,0.014859658778205834
堆叠融合,1.0,0.014862385321100917
堆叠融合,1.0,0.014865112864745825
堆叠融合,1.0,0.01486784140969163
堆叠融合,1.0,0.01487057095648981
堆叠融合,1.0,0.01487330150569225
堆叠融合,1.0,0.01487603305785124
堆叠融合,1.0,0.014878765613519472
堆叠融合,1.0,0.014881499173250046
堆叠融合,1.0,0.014884233737596472
堆叠融合,1.0,0.014886969307112663
堆叠融合,1.0,0.01488970588235294
堆叠融合,1.0,0.014892443463872035
堆叠融合,1.0,0.014895182052225083
堆叠融合,1.0,0.014897921647967629
堆叠融合,1.0,0.014900662251655629
堆叠融合,1.0,0.014903403863845446
堆叠融合,1.0,0.014906146485093854
堆叠融合,1.0,0.014908890115958034
堆叠融合,1.0,0.014911634756995583
堆叠融合,1.0,0.0149143804087645
堆叠融合,1.0,0.014917127071823204
堆叠融合,1.0,0.01491987474673052
堆叠融合,1.0,0.01492262343404569
堆叠融合,1.0,0.014925373134328358
堆叠融合,1.0,0.014928123848138592
堆叠融合,1.0,0.014930875576036867
堆叠融合,1.0,0.014933628318584071
堆叠融合,1.0,0.014936382076341508
堆叠融合,1.0,0.014939136849870896
堆叠融合,1.0,0.014941892639734366
堆叠融合,1.0,0.014944649446494465
堆叠融合,1.0,0.014947407270714154
堆叠融合,1.0,0.014950166112956811
堆叠融合,1.0,0.01495292597378623
堆叠融合,1.0,0.014955686853766617
堆叠融合,1.0,0.014958448753462604
堆叠融合,1.0,0.014961211673439232
堆叠融合,1.0,0.014963975614261962
堆叠融合,1.0,0.014966740576496674
堆叠融合,1.0,0.014969506560709665
堆叠融合,1.0,0.014972273567467652
堆叠融合,1.0,0.014975041597337771
堆叠融合,1.0,0.014977810650887574
堆叠融合,1.0,0.014980580728685038
堆叠融合,1.0,0.014983351831298557
堆叠融合,1.0,0.014986123959296948
堆叠融合,1.0,0.014988897113249446
堆叠融合,1.0,0.014991671293725709
堆叠融合,1.0,0.014994446501295817
堆叠融合,1.0,0.014997222736530272
堆叠融合,1.0,0.015
堆叠融合,1.0,0.015002778292276347
堆叠融合,1.0,0.015005557613931086
堆叠融合,1.0,0.01500833796553641
堆叠融合,1.0,0.015011119347664937
堆叠融合,1.0,0.015013901760889712
堆叠融合,1.0,0.015016685205784204
堆叠融合,1.0,0.015019469682922306
堆叠融合,1.0,0.015022255192878338
堆叠融合,1.0,0.015025041736227046
堆叠融合,1.0,0.015027829313543599
堆叠融合,1.0,0.0150306179254036
堆叠融合,1.0,0.015033407572383074
堆叠融合,1.0,0.015036198255058475
堆叠融合,1.0,0.015038989974006683
堆叠融合,1.0,0.015041782729805013
堆叠融合,1.0,0.015044576523031204
堆叠融合,1.0,0.015047371354263421
堆叠融合,1.0,0.015050167224080268
堆叠融合,1.0,0.01505296413306077
堆叠融合,1.0,0.015055762081784387
堆叠融合,1.0,0.01505856107083101
堆叠融合,1.0,0.015061361100780959
堆叠融合,1.0,0.01506416217221499
堆叠融合,1.0,0.015066964285714286
堆叠融合,1.0,0.015069767441860464
堆叠融合,1.0,0.015072571641235578
堆叠融合,1.0,0.01507537688442211
堆叠融合,1.0,0.015078183172002978
堆叠融合,1.0,0.015080990504561534
堆叠融合,1.0,0.015083798882681564
堆叠融合,1.0,0.01508660830694729
堆叠融合,1.0,0.015089418777943368
堆叠融合,1.0,0.01509223029625489
堆叠融合,1.0,0.015095042862467387
堆叠融合,1.0,0.015097856477166821
堆叠融合,1.0,0.015100671140939598
堆叠融合,1.0,0.015103486854372553
堆叠融合,1.0,0.015106303618052964
堆叠融合,1.0,0.01510912143256855
堆叠融合,1.0,0.015111940298507463
堆叠融合,1.0,0.015114760216458294
堆叠融合,1.0,0.015117581187010079
堆叠融合,1.0,0.015120403210752286
堆叠融合,1.0,0.015123226288274831
堆叠融合,1.0,0.015126050420168067
堆叠融合,1.0,0.015128875607022786
堆叠融合,1.0,0.015131701849430227
堆叠融合,1.0,0.015134529147982063
堆叠融合,1.0,0.015137357503270417
堆叠融合,1.0,0.01514018691588785
堆叠融合,1.0,0.01514301738642737
堆叠融合,1.0,0.015145848915482424
堆叠融合,1.0,0.015148681503646904
堆叠融合,1.0,0.015151515151515152
堆叠融合,1.0,0.015154349859681946
堆叠融合,1.0,0.015157185628742515
堆叠融合,1.0,0.015160022459292532
堆叠融合,1.0,0.015162860351928117
堆叠融合,1.0,0.015165699307245834
堆叠融合,1.0,0.015168539325842697
堆叠融合,1.0,0.015171380408316164
堆叠融合,1.0,0.015174222555264143
堆叠融合,1.0,0.01517706576728499
堆叠融合,1.0,0.015179910044977511
堆叠融合,1.0,0.015182755388940957
堆叠融合,1.0,0.015185601799775027
堆叠融合,1.0,0.01518844927807988
堆叠融合,1.0,0.015191297824456114
堆叠融合,1.0,0.015194147439504783
堆叠融合,1.0,0.015196998123827393
堆叠融合,1.0,0.015199849878025896
堆叠融合,1.0,0.015202702702702704
堆叠融合,1.0,0.015205556598460672
堆叠融合,1.0,0.015208411565903118
堆叠融合,1.0,0.015211267605633802
堆叠融合,1.0,0.01521412471825695
堆叠融合,1.0,0.015216982904377232
堆叠融合,1.0,0.015219842164599774
堆叠融合,1.0,0.015222702499530163
堆叠融合,1.0,0.015225563909774436
堆叠融合,1.0,0.015228426395939087
堆叠融合,1.0,0.015231289958631064
堆叠融合,1.0,0.015234154598457776
堆叠融合,1.0,0.015237020316027089
堆叠融合,1.0,0.015239887111947318
堆叠融合,1.0,0.015242754986827249
堆叠融合,1.0,0.015245623941276116
堆叠融合,1.0,0.015248493975903615
堆叠融合,1.0,0.015251365091319902
堆叠融合,1.0,0.015254237288135594
堆叠融合,1.0,0.015257110566961763
堆叠融合,1.0,0.015259984928409947
堆叠融合,1.0,0.015262860373092142
堆叠融合,1.0,0.015265736901620806
堆叠融合,1.0,0.015268614514608859
堆叠融合,1.0,0.015271493212669683
堆叠融合,1.0,0.015274372996417122
堆叠融合,1.0,0.015277253866465485
堆叠融合,1.0,0.015280135823429542
堆叠融合,1.0,0.015283018867924528
堆叠融合,1.0,0.015285903000566144
堆叠融合,1.0,0.015288788221970554
堆叠融合,1.0,0.015291674532754389
堆叠融合,1.0,0.015294561933534742
堆叠融合,1.0,0.01529745042492918
堆叠融合,1.0,0.015300340007555724
堆叠融合,1.0,0.015303230682032874
堆叠融合,1.0,0.015306122448979591
堆叠融合,1.0,0.015309015309015309
堆叠融合,1.0,0.015311909262759925
堆叠融合,1.0,0.015314804310833806
堆叠融合,1.0,0.015317700453857792
堆叠融合,1.0,0.015320597692453187
堆叠融合,1.0,0.01532349602724177
堆叠融合,1.0,0.01532639545884579
堆叠融合,1.0,0.015329295987887964
堆叠融合,1.0,0.015332197614991482
堆叠融合,1.0,0.015335100340780007
堆叠融合,1.0,0.015338004165877675
堆叠融合,1.0,0.01534090909090909
堆叠融合,1.0,0.015343815116499336
堆叠融合,1.0,0.015346722243273967
堆叠融合,1.0,0.015349630471859011
堆叠融合,1.0,0.01535253980288097
堆叠融合,1.0,0.015355450236966824
堆叠融合,1.0,0.015358361774744027
堆叠融合,1.0,0.015361274416840508
堆叠融合,1.0,0.015364188163884674
堆叠融合,1.0,0.015367103016505406
堆叠融合,1.0,0.015370018975332068
堆叠融合,1.0,0.015372936040994496
堆叠融合,1.0,0.015375854214123007
堆叠融合,1.0,0.015378773495348396
堆叠融合,1.0,0.015381693885301938
堆叠融合,1.0,0.015384615384615385
堆叠融合,1.0,0.015387537993920973
堆叠融合,1.0,0.015390461713851415
堆叠融合,1.0,0.01539338654503991
堆叠融合,1.0,0.01539631248812013
堆叠融合,1.0,0.015399239543726236
堆叠融合,1.0,0.01540216771249287
堆叠融合,1.0,0.015405096995055155
堆叠融合,1.0,0.015408027392048697
堆叠融合,1.0,0.015410958904109588
堆叠融合,1.0,0.015413891531874405
堆叠融合,1.0,0.015416825275980206
堆叠融合,1.0,0.015419760137064534
堆叠融合,1.0,0.015422696115765423
堆叠融合,1.0,0.015425633212721387
堆叠融合,1.0,0.015428571428571429
堆叠融合,1.0,0.015431510763955039
堆叠融合,1.0,0.015434451219512195
堆叠融合,1.0,0.015437392795883362
堆叠融合,1.0,0.015440335493709493
堆叠融合,1.0,0.01544327931363203
堆叠融合,1.0,0.015446224256292907
堆叠融合,1.0,0.015449170322334541
堆叠融合,1.0,0.015452117512399848
堆叠融合,1.0,0.015455065827132226
堆叠融合,1.0,0.015458015267175572
堆叠融合,1.0,0.01546096583317427
堆叠融合,1.0,0.015463917525773196
堆叠融合,1.0,0.01546687034561772
堆叠融合,1.0,0.015469824293353706
堆叠融合,1.0,0.015472779369627506
堆叠融合,1.0,0.015475735575085976
堆叠融合,1.0,0.015478692910376457
堆叠融合,1.0,0.01548165137614679
堆叠融合,1.0,0.015484610973045307
堆叠融合,1.0,0.015487571701720841
堆叠融合,1.0,0.01549053356282272
堆叠融合,1.0,0.015493496557000766
堆叠融合,1.0,0.0154964606849053
堆叠融合,1.0,0.015499425947187142
堆叠融合,1.0,0.015502392344497608
堆叠融合,1.0,0.015505359877488514
堆叠融合,1.0,0.015508328546812177
堆叠融合,1.0,0.015511298353121409
堆叠融合,1.0,0.015514269297069528
堆叠融合,1.0,0.015517241379310345
堆叠融合,1.0,0.01552021460049818
堆叠融合,1.0,0.01552318896128785
堆叠融合,1.0,0.015526164462334674
堆叠融合,1.0,0.015529141104294479
堆叠融合,1.0,0.015532118887823586
堆叠融合,1.0,0.015535097813578827
堆叠融合,1.0,0.015538077882217532
堆叠融合,1.0,0.015541059094397545
堆叠融合,1.0,0.015544041450777202
堆叠融合,1.0,0.015547024952015355
堆叠融合,1.0,0.015550009598771357
堆叠融合,1.0,0.01555299539170507
堆叠融合,1.0,0.015555982331476858
堆叠融合,1.0,0.0155589704187476
堆叠融合,1.0,0.015561959654178675
堆叠融合,1.0,0.015564950038431976
堆叠融合,1.0,0.015567941572169902
堆叠融合,1.0,0.015570934256055362
堆叠融合,1.0,0.015573928090751778
堆叠融合,1.0,0.015576923076923077
堆叠融合,1.0,0.015579919215233698
堆叠融合,1.0,0.015582916506348595
堆叠融合,1.0,0.01558591495093323
堆叠融合,1.0,0.01558891454965358
堆叠融合,1.0,0.015591915303176131
堆叠融合,1.0,0.015594917212167885
堆叠融合,1.0,0.01559792027729636
堆叠融合,1.0,0.015600924499229583
堆叠融合,1.0,0.0156039298786361
堆叠融合,1.0,0.01560693641618497
堆叠融合,1.0,0.01560994411254577
堆叠融合,1.0,0.01561295296838859
堆叠融合,1.0,0.015615962984384037
堆叠融合,1.0,0.015618974161203239
堆叠融合,1.0,0.01562198649951784
堆叠融合,1.0,0.015625
堆叠融合,1.0,0.0156280146633224
堆叠融合,1.0,0.01563103049015824
堆叠融合,1.0,0.01563404748118124
堆叠融合,1.0,0.01563706563706564
堆叠融合,1.0,0.015640084958486195
堆叠融合,1.0,0.015643105446118192
堆叠融合,1.0,0.015646127100637435
堆叠融合,1.0,0.01564914992272025
堆叠融合,1.0,0.01565217391304348
堆叠融合,1.0,0.0156551990722845
堆叠融合,1.0,0.015658225401121207
堆叠融合,1.0,0.015661252900232018
堆叠融合,1.0,0.015664281570295882
堆叠融合,1.0,0.015667311411992263
堆叠融合,1.0,0.01567034242600116
堆叠融合,1.0,0.015673374613003097
堆叠融合,1.0,0.015676407973679116
堆叠融合,1.0,0.0156794425087108
堆叠融合,1.0,0.01568247821878025
堆叠融合,1.0,0.0156855151045701
堆叠融合,1.0,0.01568855316676351
堆叠融合,1.0,0.015691592406044168
堆叠融合,1.0,0.0156946328230963
堆叠融合,1.0,0.015697674418604653
堆叠融合,1.0,0.015700717193254506
堆叠融合,1.0,0.015703761147731678
堆叠融合,1.0,0.015706806282722512
堆叠融合,1.0,0.015709852598913887
堆叠融合,1.0,0.01571290009699321
堆叠融合,1.0,0.01571594877764843
堆叠融合,1.0,0.01571899864156802
堆叠融合,1.0,0.015722049689440992
堆叠融合,1.0,0.0157251019219569
堆叠融合,1.0,0.015728155339805826
堆叠融合,1.0,0.015731209943678385
堆叠融合,1.0,0.015734265734265736
堆叠融合,1.0,0.01573732271225957
堆叠融合,1.0,0.01574038087835212
堆叠融合,1.0,0.01574344023323615
堆叠融合,1.0,0.015746500777604977
堆叠融合,1.0,0.01574956251215244
堆叠融合,1.0,0.01575262543757293
堆叠融合,1.0,0.01575568955456137
堆叠融合,1.0,0.01575875486381323
堆叠融合,1.0,0.01576182136602452
堆叠融合,1.0,0.015764889061891788
堆叠融合,1.0,0.015767957952112128
堆叠融合,1.0,0.015771028037383176
堆叠融合,1.0,0.015774099318403116
堆叠融合,1.0,0.015777171795870668
堆叠融合,1.0,0.015780245470485097
堆叠融合,1.0,0.01578332034294622
堆叠融合,1.0,0.015786396413954396
堆叠融合,1.0,0.015789473684210527
堆叠融合,1.0,0.015792552154416065
堆叠融合,1.0,0.01579563182527301
堆叠融合,1.0,0.01579871269748391
堆叠融合,1.0,0.015801794771751854
堆叠融合,1.0,0.015804878048780488
堆叠融合,1.0,0.015807962529274005
堆叠融合,1.0,0.015811048213937147
堆叠融合,1.0,0.015814135103475204
堆叠融合,1.0,0.015817223198594025
堆叠融合,1.0,0.0158203125
堆叠融合,1.0,0.01582340300840008
堆叠融合,1.0,0.015826494724501757
堆叠融合,1.0,0.015829587649013092
堆叠融合,1.0,0.015832681782642688
堆叠融合,1.0,0.015835777126099706
堆叠融合,1.0,0.01583887368009386
堆叠融合,1.0,0.01584197144533542
堆叠融合,1.0,0.01584507042253521
堆叠融合,1.0,0.01584817061240462
堆叠融合,1.0,0.015851272015655577
堆叠融合,1.0,0.015854374633000587
堆叠融合,1.0,0.015857478465152702
堆叠融合,1.0,0.015860583512825533
堆叠融合,1.0,0.015863689776733254
堆叠融合,1.0,0.015866797257590597
堆叠融合,1.0,0.015869905956112852
堆叠融合,1.0,0.015873015873015872
堆叠融合,1.0,0.015876127009016073
堆叠融合,1.0,0.015879239364830426
堆叠融合,1.0,0.01588235294117647
堆叠融合,1.0,0.015885467738772308
堆叠融合,1.0,0.015888583758336603
堆叠融合,1.0,0.015891701000588582
堆叠融合,1.0,0.015894819466248038
堆叠融合,1.0,0.01589793915603533
堆叠融合,1.0,0.015901060070671377
堆叠融合,1.0,0.015904182210877676
堆叠融合,1.0,0.015907305577376275
堆叠融合,1.0,0.015910430170889805
堆叠融合,1.0,0.015913555992141455
堆叠融合,1.0,0.015916683041854982
堆叠融合,1.0,0.015919811320754717
堆叠融合,1.0,0.01592294082956556
堆叠融合,1.0,0.015926071569012976
堆叠融合,1.0,0.01592920353982301
堆叠融合,1.0,0.015932336742722267
堆叠融合,1.0,0.01593547117843793
堆叠融合,1.0,0.015938606847697757
堆叠融合,1.0,0.015941743751230072
堆叠融合,1.0,0.01594488188976378
堆叠融合,1.0,0.01594802126402835
堆叠融合,1.0,0.01595116187475384
堆叠融合,1.0,0.015954303722670867
堆叠融合,1.0,0.015957446808510637
堆叠融合,1.0,0.015960591133004926
堆叠融合,1.0,0.015963736696886086
堆叠融合,1.0,0.01596688350088705
堆叠融合,1.0,0.015970031545741326
堆叠融合,1.0,0.015973180832183003
堆叠融合,1.0,0.015976331360946745
堆叠融合,1.0,0.015979483132767803
堆叠融合,1.0,0.015982636148382006
堆叠融合,1.0,0.015985790408525755
堆叠融合,1.0,0.015988945913936046
堆叠融合,1.0,0.015992102665350443
堆叠融合,1.0,0.015995260663507108
堆叠融合,1.0,0.015998419909144777
堆叠融合,1.0,0.016001580403002764
堆叠融合,1.0,0.016004742145820983
堆叠融合,1.0,0.016007905138339922
堆叠融合,1.0,0.016011069381300654
堆叠融合,1.0,0.01601423487544484
堆叠融合,1.0,0.016017401621514733
堆叠融合,1.0,0.016020569620253163
堆叠融合,1.0,0.016023738872403562
堆叠融合,1.0,0.016026909378709934
堆叠融合,1.0,0.016030081139916882
堆叠融合,1.0,0.016033254156769598
堆叠融合,1.0,0.01603642843001386
堆叠融合,1.0,0.01603960396039604
堆叠融合,1.0,0.016042780748663103
堆叠融合,1.0,0.016045958795562597
堆叠融合,1.0,0.016049138101842678
堆叠融合,1.0,0.01605231866825208
堆叠融合,1.0,0.016055500495540137
堆叠融合,1.0,0.01605868358445678
堆叠融合,1.0,0.016061867935752528
堆叠融合,1.0,0.0160650535501785
堆叠融合,1.0,0.01606824042848641
堆叠融合,1.0,0.01607142857142857
堆叠融合,1.0,0.01607461797975789
堆叠融合,1.0,0.01607780865422787
堆叠融合,1.0,0.016081000595592615
堆叠融合,1.0,0.01608419380460683
堆叠融合,1.0,0.01608738828202582
堆叠融合,1.0,0.016090584028605484
堆叠融合,1.0,0.016093781045102326
堆叠融合,1.0,0.01609697933227345
堆叠融合,1.0,0.016100178890876567
堆叠融合,1.0,0.01610337972166998
堆叠融合,1.0,0.016106581825412608
堆叠融合,1.0,0.016109785202863963
堆叠融合,1.0,0.016112989854784165
堆叠融合,1.0,0.016116195781933945
堆叠融合,1.0,0.016119402985074627
堆叠融合,1.0,0.016122611464968153
堆叠融合,1.0,0.016125821222377067
堆叠融合,1.0,0.016129032258064516
堆叠融合,1.0,0.016132244572794264
堆叠融合,1.0,0.01613545816733068
堆叠融合,1.0,0.016138673042438732
堆叠融合,1.0,0.016141889198884016
堆叠融合,1.0,0.016145106637432727
堆叠融合,1.0,0.016148325358851676
堆叠融合,1.0,0.016151545363908275
堆叠融合,1.0,0.016154766653370563
堆叠融合,1.0,0.01615798922800718
堆叠融合,1.0,0.01616121308858739
堆叠融合,1.0,0.01616443823588106
堆叠融合,1.0,0.016167664670658683
堆叠融合,1.0,0.016170892393691357
堆叠融合,1.0,0.016174121405750797
堆叠融合,1.0,0.016177351707609346
堆叠融合,1.0,0.016180583300039953
堆叠融合,1.0,0.016183816183816185
堆叠融合,1.0,0.01618705035971223
堆叠融合,1.0,0.016190285828502897
堆叠融合,1.0,0.016193522590963613
堆叠融合,1.0,0.016196760647870425
堆叠融合,1.0,0.0162
堆叠融合,1.0,0.016203240648129627
堆叠融合,1.0,0.016206482593037214
堆叠融合,1.0,0.0162097258355013
堆叠融合,1.0,0.01621297037630104
堆叠融合,1.0,0.016216216216216217
堆叠融合,1.0,0.016219463356027232
堆叠融合,1.0,0.016222711796515122
堆叠融合,1.0,0.01622596153846154
堆叠融合,1.0,0.01622921258264877
堆叠融合,1.0,0.01623246492985972
堆叠融合,1.0,0.016235718580877932
堆叠融合,1.0,0.01623897353648757
堆叠融合,1.0,0.01624222979747343
堆叠融合,1.0,0.016245487364620937
堆叠融合,1.0,0.01624874623871615
堆叠融合,1.0,0.016252006420545747
堆叠融合,1.0,0.01625526791089705
堆叠融合,1.0,0.01625853071055801
堆叠融合,1.0,0.016261794820317206
堆叠融合,1.0,0.016265060240963854
堆叠融合,1.0,0.016268326973287808
堆叠融合,1.0,0.01627159501807955
堆叠融合,1.0,0.0162748643761302
堆叠融合,1.0,0.01627813504823151
堆叠融合,1.0,0.01628140703517588
堆叠融合,1.0,0.016284680337756333
堆叠融合,1.0,0.016287954956766538
堆叠融合,1.0,0.016291230893000806
堆叠融合,1.0,0.016294508147254073
堆叠融合,1.0,0.016297786720321932
堆叠融合,1.0,0.016301066613000605
堆叠融合,1.0,0.016304347826086956
堆叠融合,1.0,0.016307630360378498
堆叠融合,1.0,0.01631091421667338
堆叠融合,1.0,0.016314199395770394
堆叠融合,1.0,0.016317485898468976
堆叠融合,1.0,0.016320773725569213
堆叠融合,1.0,0.016324062877871828
堆叠融合,1.0,0.01632735335617819
堆叠融合,1.0,0.016330645161290323
堆叠融合,1.0,0.016333938294010888
堆叠融合,1.0,0.0163372327551432
堆叠融合,1.0,0.016340528545491225
堆叠融合,1.0,0.016343825665859565
堆叠融合,1.0,0.016347124117053483
堆叠融合,1.0,0.016350423899878886
堆叠融合,1.0,0.01635372501514234
堆叠融合,1.0,0.01635702746365105
堆叠融合,1.0,0.016360331246212886
堆叠融合,1.0,0.016363636363636365
堆叠融合,1.0,0.016366942816730654
堆叠融合,1.0,0.016370250606305578
堆叠融合,1.0,0.01637355973317162
堆叠融合,1.0,0.016376870198139912
堆叠融合,1.0,0.016380182002022244
堆叠融合,1.0,0.016383495145631068
堆叠融合,1.0,0.016386809629779488
堆叠融合,1.0,0.016390125455281263
堆叠融合,1.0,0.01639344262295082
堆叠融合,1.0,0.01639676113360324
堆叠融合,1.0,0.01640008098805426
堆叠融合,1.0,0.016403402187120292
堆叠融合,1.0,0.016406724731618392
堆叠融合,1.0,0.016410048622366287
堆叠融合,1.0,0.01641337386018237
堆叠融合,1.0,0.016416700445885692
堆叠融合,1.0,0.016420028380295965
堆叠融合,1.0,0.016423357664233577
堆叠融合,1.0,0.01642668829851957
堆叠融合,1.0,0.01643002028397566
堆叠融合,1.0,0.016433353621424222
堆叠融合,1.0,0.016436688311688312
堆叠融合,1.0,0.016440024355591637
堆叠融合,1.0,0.016443361753958587
堆叠融合,1.0,0.016446700507614213
堆叠融合,1.0,0.01645004061738424
堆叠融合,1.0,0.016453382084095063
堆叠融合,1.0,0.01645672490857375
堆叠融合,1.0,0.01646006909164804
堆叠融合,1.0,0.016463414634146342
堆叠融合,1.0,0.016466761536897745
堆叠融合,1.0,0.016470109800732005
堆叠融合,1.0,0.01647345942647956
堆叠融合,1.0,0.01647681041497152
堆叠融合,1.0,0.016480162767039674
堆叠融合,1.0,0.016483516483516484
堆叠融合,1.0,0.01648687156523509
堆叠融合,1.0,0.016490228013029316
堆叠融合,1.0,0.016493585827733658
堆叠融合,1.0,0.0164969450101833
堆叠融合,1.0,0.016500305561214096
堆叠融合,1.0,0.01650366748166259
堆叠融合,1.0,0.016507030772366007
堆叠融合,1.0,0.016510395434162252
堆叠融合,1.0,0.01651376146788991
堆叠融合,1.0,0.016517128874388255
堆叠融合,1.0,0.016520497654497247
堆叠融合,1.0,0.016523867809057527
堆叠融合,1.0,0.016527239338910427
堆叠融合,1.0,0.01653061224489796
堆叠融合,1.0,0.01653398652786283
堆叠融合,1.0,0.016537362188648427
堆叠融合,1.0,0.016540739228098837
堆叠融合,1.0,0.016544117647058824
堆叠融合,1.0,0.016547497446373852
堆叠融合,1.0,0.01655087862689007
堆叠融合,1.0,0.01655426118945432
堆叠融合,1.0,0.016557645134914145
堆叠融合,1.0,0.016561030464117766
堆叠融合,1.0,0.016564417177914112
堆叠融合,1.0,0.01656780527715279
堆叠融合,1.0,0.016571194762684125
堆叠融合,1.0,0.016574585635359115
堆叠融合,1.0,0.016577977896029474
堆叠融合,1.0,0.016581371545547594
堆叠融合,1.0,0.016584766584766583
堆叠融合,1.0,0.01658816301454024
堆叠融合,1.0,0.016591560835723065
堆叠融合,1.0,0.016594960049170254
堆叠融合,1.0,0.016598360655737703
堆叠融合,1.0,0.016601762656282024
堆叠融合,1.0,0.016605166051660517
堆叠融合,1.0,0.016608570842731187
堆叠融合,1.0,0.016611977030352748
堆叠融合,1.0,0.016615384615384615
堆叠融合,1.0,0.01661879359868691
堆叠融合,1.0,0.01662220398112046
堆叠融合,1.0,0.0166256157635468
堆叠融合,1.0,0.016629028946828165
堆叠融合,1.0,0.016632443531827516
堆叠融合,1.0,0.0166358595194085
堆叠融合,1.0,0.016639276910435496
堆叠融合,1.0,0.016642695705773577
堆叠融合,1.0,0.016646115906288533
堆叠融合,1.0,0.016649537512846865
堆叠融合,1.0,0.01665296052631579
堆叠融合,1.0,0.016656384947563233
堆叠融合,1.0,0.016659810777457835
堆叠融合,1.0,0.016663238016868958
堆叠融合,1.0,0.016666666666666666
堆叠融合,1.0,0.016670096727721753
堆叠融合,1.0,0.016673528200905723
堆叠融合,1.0,0.016676961087090797
堆叠融合,1.0,0.016680395387149917
堆叠融合,1.0,0.016683831101956745
堆叠融合,1.0,0.01668726823238566
堆叠融合,1.0,0.016690706779311767
堆叠融合,1.0,0.01669414674361088
堆叠融合,1.0,0.016697588126159554
堆叠融合,1.0,0.01670103092783505
堆叠融合,1.0,0.016704475149515365
堆叠融合,1.0,0.01670792079207921
堆叠融合,1.0,0.016711367856406024
堆叠融合,1.0,0.01671481634337598
堆叠融合,1.0,0.01671826625386997
堆叠融合,1.0,0.016721717588769613
堆叠融合,1.0,0.016725170348957256
堆叠融合,1.0,0.016728624535315983
堆叠融合,1.0,0.0167320801487296
堆叠融合,1.0,0.016735537190082646
堆叠融合,1.0,0.016738995660260384
堆叠融合,1.0,0.016742455560148823
堆叠融合,1.0,0.01674591689063469
堆叠融合,1.0,0.016749379652605458
堆叠融合,1.0,0.016752843846949327
堆叠融合,1.0,0.016756309474555232
堆叠融合,1.0,0.01675977653631285
堆叠融合,1.0,0.01676324503311258
堆叠融合,1.0,0.01676671496584558
堆叠融合,1.0,0.016770186335403725
堆叠融合,1.0,0.016773659142679642
堆叠融合,1.0,0.016777133388566696
堆叠融合,1.0,0.01678060907395898
堆叠融合,1.0,0.016784086199751348
堆叠融合,1.0,0.016787564766839378
堆叠融合,1.0,0.016791044776119403
堆叠融合,1.0,0.016794526228488493
堆叠融合,1.0,0.016798009124844464
堆叠融合,1.0,0.016801493466085875
堆叠融合,1.0,0.016804979253112032
堆叠融合,1.0,0.016808466486822993
堆叠融合,1.0,0.016811955168119553
堆叠融合,1.0,0.01681544529790326
堆叠融合,1.0,0.01681893687707641
堆叠融合,1.0,0.016822429906542057
堆叠融合,1.0,0.016825924387203987
堆叠融合,1.0,0.016829420319966756
堆叠融合,1.0,0.01683291770573566
堆叠融合,1.0,0.016836416545416753
堆叠融合,1.0,0.01683991683991684
堆叠融合,1.0,0.01684341859014348
堆叠融合,1.0,0.01684692179700499
堆叠融合,1.0,0.016850426461410443
堆叠融合,1.0,0.016853932584269662
堆叠融合,1.0,0.016857440166493237
堆叠融合,1.0,0.016860949208992507
堆叠融合,1.0,0.016864459712679577
堆叠融合,1.0,0.016867971678467306
堆叠融合,1.0,0.01687148510726932
堆叠融合,1.0,0.016875
堆叠融合,1.0,0.016878516357574494
堆叠融合,1.0,0.016882034180908712
堆叠融合,1.0,0.016885553470919325
堆叠融合,1.0,0.01688907422852377
堆叠融合,1.0,0.016892596454640252
堆叠融合,1.0,0.016896120150187734
堆叠融合,1.0,0.016899645316085957
堆叠融合,1.0,0.016903171953255424
堆叠融合,1.0,0.016906700062617408
堆叠融合,1.0,0.016910229645093946
堆叠融合,1.0,0.01691376070160785
堆叠融合,1.0,0.016917293233082706
堆叠融合,1.0,0.016920827240442866
堆叠融合,1.0,0.016924362724613454
堆叠融合,1.0,0.016927899686520375
堆叠融合,1.0,0.0169314381270903
堆叠融合,1.0,0.01693497804725068
堆叠融合,1.0,0.016938519447929738
堆叠融合,1.0,0.016942062330056473
堆叠融合,1.0,0.016945606694560668
堆叠融合,1.0,0.01694915254237288
堆叠融合,1.0,0.016952699874424444
堆叠融合,1.0,0.01695624869164748
堆叠融合,1.0,0.016959798994974875
堆叠融合,1.0,0.016963350785340316
堆叠融合,1.0,0.01696690406367826
堆叠融合,1.0,0.01697045883092395
堆叠融合,1.0,0.01697401508801341
堆叠融合,1.0,0.016977572835883463
堆叠融合,1.0,0.016981132075471698
堆叠融合,1.0,0.016984692807716504
堆叠融合,1.0,0.016988255033557047
堆叠融合,1.0,0.016991818753933293
堆叠融合,1.0,0.016995383969785983
堆叠融合,1.0,0.016998950682056663
堆叠融合,1.0,0.01700251889168766
堆叠融合,1.0,0.017006088599622087
堆叠融合,1.0,0.017009659806803863
堆叠融合,1.0,0.017013232514177693
堆叠融合,1.0,0.017016806722689074
堆叠融合,1.0,0.017020382433284305
堆叠融合,1.0,0.017023959646910468
堆叠融合,1.0,0.01702753836451545
堆叠融合,1.0,0.01703111858704794
堆叠融合,1.0,0.017034700315457414
堆叠融合,1.0,0.01703828355069415
堆叠融合,1.0,0.017041868293709236
堆叠融合,1.0,0.017045454545454544
堆叠融合,1.0,0.017049042306882763
堆叠融合,1.0,0.017052631578947368
堆叠融合,1.0,0.017056222362602652
堆叠融合,1.0,0.017059814658803706
堆叠融合,1.0,0.017063408468506427
堆叠融合,1.0,0.01706700379266751
堆叠融合,1.0,0.017070600632244467
堆叠融合,1.0,0.017074198988195614
堆叠融合,1.0,0.017077798861480076
堆叠融合,1.0,0.017081400253057783
堆叠融合,1.0,0.017085003163889476
堆叠融合,1.0,0.01708860759493671
堆叠融合,1.0,0.01709221354716185
堆叠融合,1.0,0.01709582102152807
堆叠融合,1.0,0.017099430018999367
堆叠融合,1.0,0.01710304054054054
堆叠融合,1.0,0.017106652587117212
堆叠融合,1.0,0.017110266159695818
堆叠融合,1.0,0.01711388125924361
堆叠融合,1.0,0.017117497886728655
堆叠融合,1.0,0.017121116043119847
堆叠融合,1.0,0.017124735729386893
堆叠融合,1.0,0.017128356946500316
堆叠融合,1.0,0.01713197969543147
堆叠融合,1.0,0.01713560397715253
堆叠融合,1.0,0.01713922979263648
堆叠融合,1.0,0.017142857142857144
堆叠融合,1.0,0.01714648602878916
堆叠融合,1.0,0.017150116451408005
堆叠融合,1.0,0.017153748411689963
堆叠融合,1.0,0.017157381910612158
堆叠融合,1.0,0.017161016949152542
堆叠融合,1.0,0.017164653528289893
堆叠融合,1.0,0.017168291649003815
堆叠融合,1.0,0.017171931312274753
堆叠融合,1.0,0.01717557251908397
堆叠融合,1.0,0.017179215270413575
堆叠融合,1.0,0.0171828595672465
堆叠融合,1.0,0.01718650541056652
堆叠融合,1.0,0.017190152801358233
堆叠融合,1.0,0.01719380174060709
堆叠融合,1.0,0.017197452229299363
堆叠融合,1.0,0.01720110426842217
堆叠融合,1.0,0.017204757858963467
堆叠融合,1.0,0.017208413001912046
堆叠融合,1.0,0.017212069698257542
堆叠融合,1.0,0.017215727948990435
堆叠融合,1.0,0.01721938775510204
堆叠融合,1.0,0.01722304911758452
堆叠融合,1.0,0.01722671203743088
堆叠融合,1.0,0.01723037651563497
堆叠融合,1.0,0.01723404255319149
堆叠融合,1.0,0.01723771015109598
堆叠融合,1.0,0.017241379310344827
堆叠融合,1.0,0.01724505003193528
堆叠融合,1.0,0.017248722316865417
堆叠融合,1.0,0.017252396166134186
堆叠融合,1.0,0.017256071580741373
堆叠融合,1.0,0.01725974856168762
堆叠融合,1.0,0.017263427109974423
堆叠融合,1.0,0.017267107226604135
堆叠融合,1.0,0.017270788912579958
堆叠融合,1.0,0.01727447216890595
堆叠融合,1.0,0.01727815699658703
堆叠融合,1.0,0.017281843396628974
堆叠融合,1.0,0.017285531370038413
堆叠融合,1.0,0.01728922091782284
堆叠融合,1.0,0.017292912040990607
堆叠融合,1.0,0.01729660474055093
堆叠融合,1.0,0.017300299017513884
堆叠融合,1.0,0.01730399487289041
堆叠融合,1.0,0.01730769230769231
堆叠融合,1.0,0.01731139132293225
堆叠融合,1.0,0.01731509191962377
堆叠融合,1.0,0.01731879409878127
堆叠融合,1.0,0.017322497861420018
堆叠融合,1.0,0.01732620320855615
堆叠融合,1.0,0.017329910141206675
堆叠融合,1.0,0.01733361866038947
堆叠融合,1.0,0.017337328767123288
堆叠融合,1.0,0.017341040462427744
堆叠融合,1.0,0.01734475374732334
堆叠融合,1.0,0.01734846862283144
堆叠融合,1.0,0.017352185089974295
堆叠融合,1.0,0.017355903149775018
堆叠融合,1.0,0.017359622803257608
堆叠融合,1.0,0.017363344051446947
堆叠融合,1.0,0.017367066895368783
堆叠融合,1.0,0.017370791336049754
堆叠融合,1.0,0.017374517374517374
堆叠融合,1.0,0.017378245011800044
堆叠融合,1.0,0.01738197424892704
堆叠融合,1.0,0.017385705086928525
堆叠融合,1.0,0.01738943752683555
堆叠融合,1.0,0.017393171569680052
堆叠融合,1.0,0.017396907216494846
堆叠融合,1.0,0.01740064446831364
堆叠融合,1.0,0.017404383326171037
堆叠融合,1.0,0.017408123791102514
堆叠融合,1.0,0.017411865864144453
堆叠融合,1.0,0.017415609546334122
堆叠融合,1.0,0.017419354838709676
堆叠融合,1.0,0.017423101742310175
堆叠融合,1.0,0.017426850258175558
堆叠融合,1.0,0.017430600387346677
堆叠融合,1.0,0.01743435213086526
堆叠融合,1.0,0.01743810548977395
堆叠融合,1.0,0.01744186046511628
堆叠融合,1.0,0.01744561705793668
堆叠融合,1.0,0.017449375269280483
堆叠融合,1.0,0.017453135100193924
堆叠融合,1.0,0.017456896551724138
堆叠融合,1.0,0.017460659624919165
堆叠融合,1.0,0.017464424320827943
堆叠融合,1.0,0.017468190640500324
堆叠融合,1.0,0.017471958584987058
堆叠融合,1.0,0.017475728155339806
堆叠融合,1.0,0.017479499352611134
堆叠融合,1.0,0.01748327217785452
堆叠融合,1.0,0.017487046632124352
堆叠融合,1.0,0.017490822716475923
堆叠融合,1.0,0.01749460043196544
堆叠融合,1.0,0.017498379779650033
堆叠融合,1.0,0.017502160760587727
堆叠融合,1.0,0.017505943375837475
堆叠融合,1.0,0.017509727626459144
堆叠融合,1.0,0.017513513513513514
堆叠融合,1.0,0.017517301038062285
堆叠融合,1.0,0.01752109020116807
堆叠融合,1.0,0.01752488100389442
堆叠融合,1.0,0.017528673447305777
堆叠融合,1.0,0.01753246753246753
堆叠融合,1.0,0.017536263260445984
堆叠融合,1.0,0.017540060632308358
堆叠融合,1.0,0.017543859649122806
堆叠融合,1.0,0.017547660311958407
堆叠融合,1.0,0.01755146262188516
堆叠融合,1.0,0.017555266579973992
堆叠融合,1.0,0.01755907218729677
堆叠融合,1.0,0.01756287944492628
堆叠融合,1.0,0.01756668835393624
堆叠融合,1.0,0.0175704989154013
堆叠融合,1.0,0.01757431113039705
堆叠融合,1.0,0.017578125
堆叠融合,1.0,0.017581940525287606
堆叠融合,1.0,0.017585757707338254
堆叠融合,1.0,0.01758957654723127
堆叠融合,1.0,0.017593397046046916
堆叠融合,1.0,0.017597219204866392
堆叠融合,1.0,0.017601043024771838
堆叠融合,1.0,0.01760486850684634
堆叠融合,1.0,0.017608695652173913
堆叠融合,1.0,0.01761252446183953
堆叠融合,1.0,0.0176163549369291
堆叠融合,1.0,0.017620187078529477
堆叠融合,1.0,0.01762402088772846
堆叠融合,1.0,0.0176278563656148
堆叠融合,1.0,0.017631693513278188
堆叠融合,1.0,0.017635532331809273
堆叠融合,1.0,0.017639372822299652
堆叠融合,1.0,0.017643214985841864
堆叠融合,1.0,0.01764705882352941
堆叠融合,1.0,0.017650904336456743
堆叠融合,1.0,0.017654751525719267
堆叠融合,1.0,0.01765860039241334
堆叠融合,1.0,0.017662450937636284
堆叠融合,1.0,0.01766630316248637
堆叠融合,1.0,0.01767015706806283
堆叠融合,1.0,0.01767401265546585
堆叠融合,1.0,0.017677869925796594
堆叠融合,1.0,0.01768172888015717
堆叠融合,1.0,0.017685589519650654
堆叠融合,1.0,0.017689451845381086
堆叠融合,1.0,0.017693315858453473
堆叠融合,1.0,0.017697181559973782
堆叠融合,1.0,0.017701048951048952
堆叠融合,1.0,0.017704918032786884
堆叠融合,1.0,0.01770878880629646
堆叠融合,1.0,0.017712661272687513
堆叠融合,1.0,0.017716535433070866
堆叠融合,1.0,0.0177204112885583
堆叠融合,1.0,0.017724288840262583
堆叠融合,1.0,0.01772816808929744
堆叠融合,1.0,0.017732049036777584
堆叠融合,1.0,0.0177359316838187
堆叠融合,1.0,0.017739816031537452
堆叠融合,1.0,0.017743702081051478
堆叠融合,1.0,0.017747589833479405
堆叠融合,1.0,0.01775147928994083
堆叠融合,1.0,0.017755370451556333
堆叠融合,1.0,0.01775926331944749
堆叠融合,1.0,0.017763157894736842
堆叠融合,1.0,0.017767054178547927
堆叠融合,1.0,0.017770952172005264
堆叠融合,1.0,0.017774851876234364
堆叠融合,1.0,0.01777875329236172
堆叠融合,1.0,0.01778265642151482
堆叠融合,1.0,0.017786561264822136
堆叠融合,1.0,0.017790467823413134
堆叠融合,1.0,0.017794376098418278
堆叠融合,1.0,0.017798286090969017
堆叠融合,1.0,0.017802197802197803
堆叠融合,1.0,0.017806111233238074
堆叠融合,1.0,0.017810026385224276
堆叠融合,1.0,0.01781394325929184
堆叠融合,1.0,0.01781786185657721
堆叠融合,1.0,0.01782178217821782
堆叠融合,1.0,0.017825704225352113
堆叠融合,1.0,0.017829627999119524
堆叠融合,1.0,0.0178335535006605
堆叠融合,1.0,0.017837480731116493
堆叠融合,1.0,0.017841409691629957
堆叠融合,1.0,0.01784534038334435
堆叠融合,1.0,0.017849272807404143
堆叠融合,1.0,0.017853206964954817
堆叠融合,1.0,0.017857142857142856
堆叠融合,1.0,0.017861080485115765
堆叠融合,1.0,0.017865019850022056
堆叠融合,1.0,0.01786896095301125
堆叠融合,1.0,0.01787290379523389
堆叠融合,1.0,0.017876848377841537
堆叠融合,1.0,0.017880794701986755
堆叠融合,1.0,0.01788474276882314
堆叠融合,1.0,0.0178886925795053
堆叠融合,1.0,0.017892644135188866
堆叠融合,1.0,0.017896597437030492
堆叠融合,1.0,0.017900552486187844
堆叠融合,1.0,0.01790450928381963
堆叠融合,1.0,0.017908467831085562
堆叠融合,1.0,0.017912428129146396
堆叠融合,1.0,0.017916390179163903
堆叠融合,1.0,0.017920353982300886
堆叠融合,1.0,0.01792431953972118
堆叠融合,1.0,0.017928286852589643
堆叠融合,1.0,0.017932255922072173
堆叠融合,1.0,0.017936226749335694
堆叠融合,1.0,0.017940199335548173
堆叠融合,1.0,0.0179441736818786
堆叠融合,1.0,0.01794814978949701
堆叠融合,1.0,0.01795212765957447
堆叠融合,1.0,0.017956107293283084
堆叠融合,1.0,0.01796008869179601
堆叠融合,1.0,0.017964071856287425
堆叠融合,1.0,0.017968056787932566
堆叠融合,1.0,0.0179720434879077
堆叠融合,1.0,0.017976031957390146
堆叠融合,1.0,0.01798002219755827
堆叠融合,1.0,0.017984014209591476
堆叠融合,1.0,0.01798800799467022
堆叠融合,1.0,0.01799200355397601
堆叠融合,1.0,0.017996000888691403
堆叠融合,1.0,0.018
堆叠融合,1.0,0.018004000889086463
堆叠融合,1.0,0.018008003557136505
堆叠融合,1.0,0.01801200800533689
堆叠融合,1.0,0.018016014234875446
堆叠融合,1.0,0.018020022246941044
堆叠融合,1.0,0.018024032042723633
堆叠融合,1.0,0.0180280436234142
堆叠融合,1.0,0.018032056990204808
堆叠融合,1.0,0.018036072144288578
堆叠融合,1.0,0.01804008908685969
堆叠融合,1.0,0.01804410781911339
堆叠融合,1.0,0.01804812834224599
堆叠融合,1.0,0.01805215065745487
堆叠融合,1.0,0.018056174765938474
堆叠融合,1.0,0.018060200668896322
堆叠融合,1.0,0.01806422836752899
堆叠融合,1.0,0.018068257863038145
堆叠融合,1.0,0.018072289156626505
堆叠融合,1.0,0.01807632224949788
堆叠融合,1.0,0.018080357142857145
堆叠融合,1.0,0.01808439383791025
堆叠融合,1.0,0.018088432335864227
堆叠融合,1.0,0.018092472637927185
堆叠融合,1.0,0.018096514745308313
堆叠融合,1.0,0.018100558659217877
堆叠融合,1.0,0.018104604380867233
堆叠融合,1.0,0.018108651911468814
堆叠融合,1.0,0.018112701252236137
堆叠融合,1.0,0.018116752404383808
堆叠融合,1.0,0.018120805369127517
堆叠融合,1.0,0.018124860147684045
堆叠融合,1.0,0.01812891674127126
堆叠融合,1.0,0.018132975151108125
堆叠融合,1.0,0.018137035378414688
堆叠融合,1.0,0.018141097424412094
堆叠融合,1.0,0.018145161290322582
堆叠融合,1.0,0.01814922697736948
堆叠融合,1.0,0.01815329448677723
堆叠融合,1.0,0.01815736381977135
堆叠融合,1.0,0.018161434977578474
堆叠融合,1.0,0.01816550796142633
堆叠融合,1.0,0.01816958277254374
堆叠融合,1.0,0.018173659412160648
堆叠融合,1.0,0.018177737881508078
堆叠融合,1.0,0.01818181818181818
堆叠融合,1.0,0.018185900314324203
堆叠融合,1.0,0.018189984280260498
堆叠融合,1.0,0.018194070080862535
堆叠融合,1.0,0.018198157717366884
堆叠融合,1.0,0.018202247191011236
堆叠融合,1.0,0.01820633850303439
堆叠融合,1.0,0.01821043165467626
堆叠融合,1.0,0.018214526647177872
堆叠融合,1.0,0.018218623481781375
堆叠融合,1.0,0.018222722159730035
堆叠融合,1.0,0.018226822682268228
堆叠融合,1.0,0.01823092505064146
堆叠融合,1.0,0.018235029266096353
堆叠融合,1.0,0.018239135329880658
堆叠融合,1.0,0.018243243243243244
堆叠融合,1.0,0.018247353007434106
堆叠融合,1.0,0.01825146462370437
堆叠融合,1.0,0.018255578093306288
堆叠融合,1.0,0.01825969341749324
堆叠融合,1.0,0.01826381059751973
堆叠融合,1.0,0.018267929634641408
堆叠融合,1.0,0.018272050530115047
堆叠融合,1.0,0.018276173285198555
堆叠融合,1.0,0.01828029790115098
堆叠融合,1.0,0.018284424379232507
堆叠融合,1.0,0.018288552720704447
堆叠融合,1.0,0.018292682926829267
堆叠融合,1.0,0.018296814998870568
堆叠融合,1.0,0.018300948938093087
堆叠融合,1.0,0.01830508474576271
堆叠融合,1.0,0.018309222423146473
堆叠融合,1.0,0.018313361971512548
堆叠融合,1.0,0.018317503392130258
堆叠融合,1.0,0.018321646686270076
堆叠融合,1.0,0.01832579185520362
堆叠融合,1.0,0.018329938900203666
堆叠融合,1.0,0.01833408782254414
堆叠融合,1.0,0.018338238623500112
堆叠融合,1.0,0.018342391304347828
堆叠融合,1.0,0.018346545866364666
堆叠融合,1.0,0.01835070231082918
堆叠融合,1.0,0.018354860639021073
堆叠融合,1.0,0.018359020852221214
堆叠融合,1.0,0.01836318295171163
堆叠融合,1.0,0.018367346938775512
堆叠融合,1.0,0.01837151281469721
堆叠融合,1.0,0.01837568058076225
堆叠融合,1.0,0.018379850238257316
堆叠融合,1.0,0.01838402178847027
堆叠融合,1.0,0.018388195232690124
堆叠融合,1.0,0.018392370572207085
堆叠融合,1.0,0.018396547808312513
堆叠融合,1.0,0.018400726942298953
堆叠融合,1.0,0.018404907975460124
堆叠融合,1.0,0.01840909090909091
堆叠融合,1.0,0.018413275744487385
堆叠融合,1.0,0.018417462482946793
堆叠融合,1.0,0.018421651125767567
堆叠融合,1.0,0.018425841674249318
堆叠融合,1.0,0.018430034129692834
堆叠融合,1.0,0.018434228493400092
堆叠融合,1.0,0.018438424766674254
堆叠融合,1.0,0.018442622950819672
堆叠融合,1.0,0.018446823047141882
堆叠融合,1.0,0.01845102505694761
堆叠融合,1.0,0.01845522898154477
堆叠融合,1.0,0.01845943482224248
堆叠融合,1.0,0.018463642580351037
堆叠融合,1.0,0.018467852257181942
堆叠融合,1.0,0.018472063854047892
堆叠融合,1.0,0.018476277372262775
堆叠融合,1.0,0.018480492813141684
堆叠融合,1.0,0.018484710178000914
堆叠融合,1.0,0.018488929468157955
堆叠融合,1.0,0.018493150684931507
堆叠融合,1.0,0.01849737382964147
堆叠融合,1.0,0.018501598903608953
堆叠融合,1.0,0.018505825908156272
堆叠融合,1.0,0.01851005484460695
堆叠融合,1.0,0.018514285714285716
堆叠融合,1.0,0.018518518518518517
堆叠融合,1.0,0.018522753258632518
堆叠融合,1.0,0.018526989935956084
堆叠融合,1.0,0.018531228551818806
堆叠融合,1.0,0.018535469107551487
堆叠融合,1.0,0.018539711604486152
堆叠融合,1.0,0.018543956043956044
堆叠融合,1.0,0.018548202427295626
堆叠融合,1.0,0.018552450755840586
堆叠融合,1.0,0.018556701030927835
堆叠融合,1.0,0.01856095325389551
堆叠融合,1.0,0.01856520742608297
堆叠融合,1.0,0.018569463548830812
堆叠融合,1.0,0.01857372162348085
堆叠融合,1.0,0.018577981651376148
堆叠融合,1.0,0.018582243633860976
堆叠融合,1.0,0.018586507572280864
堆叠融合,1.0,0.018590773467982557
堆叠融合,1.0,0.01859504132231405
堆叠融合,1.0,0.01859931113662457
堆叠融合,1.0,0.018603582912264584
堆叠融合,1.0,0.018607856650585803
堆叠融合,1.0,0.018612132352941176
堆叠融合,1.0,0.0186164100206849
堆叠融合,1.0,0.018620689655172412
堆叠融合,1.0,0.018624971257760404
堆叠融合,1.0,0.018629254829806808
堆叠融合,1.0,0.018633540372670808
堆叠融合,1.0,0.01863782788771284
堆叠融合,1.0,0.018642117376294592
堆叠融合,1.0,0.018646408839779006
堆叠融合,1.0,0.01865070227953028
堆叠融合,1.0,0.018654997696913863
堆叠融合,1.0,0.018659295093296474
堆叠融合,1.0,0.018663594470046084
堆叠融合,1.0,0.01866789582853192
堆叠融合,1.0,0.01867219917012448
堆叠融合,1.0,0.018676504496195526
堆叠融合,1.0,0.01868081180811808
堆叠融合,1.0,0.018685121107266434
堆叠融合,1.0,0.01868943239501615
堆叠融合,1.0,0.018693745672744056
堆叠融合,1.0,0.018698060941828253
堆叠融合,1.0,0.018702378203648118
堆叠融合,1.0,0.018706697459584296
堆叠融合,1.0,0.018711018711018712
堆叠融合,1.0,0.018715341959334567
堆叠融合,1.0,0.01871966720591634
堆叠融合,1.0,0.01872399445214979
堆叠融合,1.0,0.018728323699421966
堆叠融合,1.0,0.018732654949121186
堆叠融合,1.0,0.018736988202637056
堆叠融合,1.0,0.018741323461360482
堆叠融合,1.0,0.018745660726683638
堆叠融合,1.0,0.01875
堆叠融合,1.0,0.01875434128270433
堆叠融合,1.0,0.01875868457619268
堆叠融合,1.0,0.018763029881862403
堆叠融合,1.0,0.018767377201112143
堆叠融合,1.0,0.018771726535341832
堆叠融合,1.0,0.018776077885952713
堆叠融合,1.0,0.01878043125434732
堆叠融合,1.0,0.0187847866419295
堆叠融合,1.0,0.018789144050104383
堆叠融合,1.0,0.01879350348027842
堆叠融合,1.0,0.018797864933859366
堆叠融合,1.0,0.018802228412256268
堆叠融合,1.0,0.0188065939168795
堆叠融合,1.0,0.018810961449140733
堆叠融合,1.0,0.018815331010452963
堆叠融合,1.0,0.018819702602230485
堆叠融合,1.0,0.018824076225888914
堆叠融合,1.0,0.01882845188284519
堆叠融合,1.0,0.018832829574517554
堆叠融合,1.0,0.018837209302325582
堆叠融合,1.0,0.01884159106769016
堆叠融合,1.0,0.018845974872033502
堆叠融合,1.0,0.01885036071677915
堆叠融合,1.0,0.018854748603351956
堆叠融合,1.0,0.018859138533178114
堆叠融合,1.0,0.01886353050768514
堆叠融合,1.0,0.018867924528301886
堆叠融合,1.0,0.018872320596458526
堆叠融合,1.0,0.018876718713586576
堆叠融合,1.0,0.01888111888111888
堆叠融合,1.0,0.018885521100489626
堆叠融合,1.0,0.018889925373134327
堆叠融合,1.0,0.018894331700489854
堆叠融合,1.0,0.0188987400839944
堆叠融合,1.0,0.018903150525087516
堆叠融合,1.0,0.018907563025210083
堆叠融合,1.0,0.018911977585804342
堆叠融合,1.0,0.018916394208313873
堆叠融合,1.0,0.0189208128941836
堆叠融合,1.0,0.018925233644859814
堆叠融合,1.0,0.018929656461790137
堆叠融合,1.0,0.018934081346423562
堆叠融合,1.0,0.01893850830021043
堆叠融合,1.0,0.01894293732460243
堆叠融合,1.0,0.018947368421052633
堆叠融合,1.0,0.018951801591015442
堆叠融合,1.0,0.018956236835946643
堆叠融合,1.0,0.018960674157303372
堆叠融合,1.0,0.018965113556544136
堆叠融合,1.0,0.018969555035128805
堆叠融合,1.0,0.018973998594518624
堆叠融合,1.0,0.018978444236176194
堆叠融合,1.0,0.018982891961565503
堆叠融合,1.0,0.0189873417721519
堆叠融合,1.0,0.01899179366940211
堆叠融合,1.0,0.01899624765478424
堆叠融合,1.0,0.019000703729767768
堆叠融合,1.0,0.019005161895823557
堆叠融合,1.0,0.019009622154423846
堆叠融合,1.0,0.019014084507042252
堆叠融合,1.0,0.019018548955153793
堆叠融合,1.0,0.01902301550023485
堆叠融合,1.0,0.019027484143763214
堆叠融合,1.0,0.019031954887218046
堆叠融合,1.0,0.019036427732079905
堆叠融合,1.0,0.01904090267983075
堆叠融合,1.0,0.019045379731953915
堆叠融合,1.0,0.01904985888993415
堆叠融合,1.0,0.019054340155257588
堆叠融合,1.0,0.019058823529411763
堆叠融合,1.0,0.01906330901388562
堆叠融合,1.0,0.019067796610169493
堆叠融合,1.0,0.019072286319755122
堆叠融合,1.0,0.019076778144135657
堆叠融合,1.0,0.019081272084805655
堆叠融合,1.0,0.019085768143261076
堆叠融合,1.0,0.019090266320999295
堆叠融合,1.0,0.019094766619519095
堆叠融合,1.0,0.01909926904032068
堆叠融合,1.0,0.01910377358490566
堆叠融合,1.0,0.01910828025477707
堆叠融合,1.0,0.019112789051439358
堆叠融合,1.0,0.019117299976398393
堆叠融合,1.0,0.019121813031161474
堆叠融合,1.0,0.01912632821723731
堆叠融合,1.0,0.019130845536136042
堆叠融合,1.0,0.01913536498936924
堆叠融合,1.0,0.019139886578449904
堆叠融合,1.0,0.01914441030489246
堆叠融合,1.0,0.019148936170212766
堆叠融合,1.0,0.019153464175928114
堆叠融合,1.0,0.019157994323557238
堆叠融合,1.0,0.0191625266146203
堆叠融合,1.0,0.019167061050638902
堆叠融合,1.0,0.019171597633136094
堆叠融合,1.0,0.019176136363636364
堆叠融合,1.0,0.01918067724366564
堆叠融合,1.0,0.019185220274751304
堆叠融合,1.0,0.019189765458422176
堆叠融合,1.0,0.01919431279620853
堆叠融合,1.0,0.019198862289642096
堆叠融合,1.0,0.019203413940256046
堆叠融合,1.0,0.01920796774958501
堆叠融合,1.0,0.019212523719165084
堆叠融合,1.0,0.019217081850533807
堆叠融合,1.0,0.019221642145230186
堆叠融合,1.0,0.019226204604794683
堆叠融合,1.0,0.019230769230769232
堆叠融合,1.0,0.019235336024697222
堆叠融合,1.0,0.019239904988123516
堆叠融合,1.0,0.01924447612259444
堆叠融合,1.0,0.019249049429657796
堆叠融合,1.0,0.019253624910862847
堆叠融合,1.0,0.01925820256776034
堆叠融合,1.0,0.019262782401902497
堆叠融合,1.0,0.019267364414843006
堆叠融合,1.0,0.019271948608137045
堆叠融合,1.0,0.019276534983341267
堆叠融合,1.0,0.019281123542013806
堆叠融合,1.0,0.019285714285714285
堆叠融合,1.0,0.01929030721600381
堆叠融合,1.0,0.019294902334444974
堆叠融合,1.0,0.01929949964260186
堆叠融合,1.0,0.019304099142040038
堆叠融合,1.0,0.019308700834326578
堆叠融合,1.0,0.019313304721030045
堆叠融合,1.0,0.019317910803720487
堆叠融合,1.0,0.019322519083969467
堆叠融合,1.0,0.019327129563350035
堆叠融合,1.0,0.019331742243436756
堆叠融合,1.0,0.01933635712580568
堆叠融合,1.0,0.019340974212034383
堆叠融合,1.0,0.019345593503701936
堆叠融合,1.0,0.019350215002388916
堆叠融合,1.0,0.01935483870967742
堆叠融合,1.0,0.019359464627151053
堆叠融合,1.0,0.019364092756394932
堆叠融合,1.0,0.019368723098995694
堆叠融合,1.0,0.019373355656541497
堆叠融合,1.0,0.019377990430622008
堆叠融合,1.0,0.019382627422828428
堆叠融合,1.0,0.019387266634753472
堆叠融合,1.0,0.019391908067991383
堆叠融合,1.0,0.01939655172413793
堆叠融合,1.0,0.019401197604790418
堆叠融合,1.0,0.019405845711547676
堆叠融合,1.0,0.019410496046010063
堆叠融合,1.0,0.019415148609779484
堆叠融合,1.0,0.01941980340445936
堆叠融合,1.0,0.019424460431654675
堆叠融合,1.0,0.019429119692971935
堆叠融合,1.0,0.019433781190019195
堆叠融合,1.0,0.019438444924406047
堆叠融合,1.0,0.01944311089774364
堆叠融合,1.0,0.019447779111644657
堆叠融合,1.0,0.019452449567723344
堆叠融合,1.0,0.019457122267595484
堆叠融合,1.0,0.019461797212878423
堆叠融合,1.0,0.01946647440519106
堆叠融合,1.0,0.019471153846153846
堆叠融合,1.0,0.019475835537388797
堆叠融合,1.0,0.01948051948051948
堆叠融合,1.0,0.019485205677171036
堆叠融合,1.0,0.019489894128970165
堆叠融合,1.0,0.019494584837545126
堆叠融合,1.0,0.019499277804525757
堆叠融合,1.0,0.019503973031543463
堆叠融合,1.0,0.019508670520231215
堆叠融合,1.0,0.019513370272223562
堆叠融合,1.0,0.019518072289156627
堆叠融合,1.0,0.019522776572668113
堆叠融合,1.0,0.0195274831243973
堆叠融合,1.0,0.019532191945985048
堆叠融合,1.0,0.019536903039073805
堆叠融合,1.0,0.0195416164053076
堆叠融合,1.0,0.019546332046332045
堆叠融合,1.0,0.01955104996379435
堆叠融合,1.0,0.019555770159343313
堆叠融合,1.0,0.019560492634629317
堆叠融合,1.0,0.01956521739130435
堆叠融合,1.0,0.019569944431021984
堆叠融合,1.0,0.019574673755437408
堆叠融合,1.0,0.019579405366207395
堆叠融合,1.0,0.01958413926499033
堆叠融合,1.0,0.019588875453446192
堆叠融合,1.0,0.019593613933236574
堆叠融合,1.0,0.019598354706024678
堆叠融合,1.0,0.019603097773475315
堆叠融合,1.0,0.0196078431372549
堆叠融合,1.0,0.019612590799031476
堆叠融合,1.0,0.01961734076047469
堆叠融合,1.0,0.019622093023255814
堆叠融合,1.0,0.019626847589047734
堆叠融合,1.0,0.019631604459524964
堆叠融合,1.0,0.019636363636363636
堆叠融合,1.0,0.019641125121241512
堆叠融合,1.0,0.019645888915837982
堆叠融合,1.0,0.019650655021834062
堆叠融合,1.0,0.0196554234409124
堆叠融合,1.0,0.01966019417475728
堆叠融合,1.0,0.019664967225054626
堆叠融合,1.0,0.019669742593491985
堆叠融合,1.0,0.019674520281758562
堆叠融合,1.0,0.01967930029154519
堆叠融合,1.0,0.01968408262454435
堆叠融合,1.0,0.01968886728245017
堆叠融合,1.0,0.019693654266958426
堆叠融合,1.0,0.019698443579766536
堆叠融合,1.0,0.019703235222573584
堆叠融合,1.0,0.01970802919708029
堆叠融合,1.0,0.019712825504989047
堆叠融合,1.0,0.019717624148003893
堆叠融合,1.0,0.019722425127830533
堆叠融合,1.0,0.019727228446176328
堆叠融合,1.0,0.019732034104750305
堆叠融合,1.0,0.019736842105263157
堆叠融合,1.0,0.019741652449427247
堆叠融合,1.0,0.019746465138956608
堆叠融合,1.0,0.019751280175566936
堆叠融合,1.0,0.01975609756097561
堆叠融合,1.0,0.019760917296901683
堆叠融合,1.0,0.019765739385065886
堆叠融合,1.0,0.019770563827190626
堆叠融合,1.0,0.019775390625
堆叠融合,1.0,0.01978021978021978
堆叠融合,1.0,0.01978505129457743
堆叠融合,1.0,0.0197898851698021
堆叠融合,1.0,0.019794721407624633
堆叠融合,1.0,0.01979956000977756
堆叠融合,1.0,0.01980440097799511
堆叠融合,1.0,0.019809244314013204
堆叠融合,1.0,0.01981409001956947
堆叠融合,1.0,0.01981893809640323
堆叠融合,1.0,0.019823788546255508
堆叠融合,1.0,0.019828641370869034
堆叠融合,1.0,0.019833496571988248
堆叠融合,1.0,0.019838354151359296
堆叠融合,1.0,0.019843214110730034
堆叠融合,1.0,0.019848076451850036
堆叠融合,1.0,0.019852941176470587
堆叠融合,1.0,0.019857808286344692
堆叠融合,1.0,0.019862677783227072
堆叠融合,1.0,0.019867549668874173
堆叠融合,1.0,0.01987242394504416
堆叠融合,1.0,0.01987730061349693
堆叠融合,1.0,0.019882179675994108
堆叠融合,1.0,0.01988706113429904
堆叠融合,1.0,0.019891944990176817
堆叠融合,1.0,0.01989683124539425
堆叠融合,1.0,0.019901719901719902
堆叠融合,1.0,0.01990661096092406
堆叠融合,1.0,0.01991150442477876
堆叠融合,1.0,0.01991640029505778
堆叠融合,1.0,0.019921298573536646
堆叠融合,1.0,0.01992619926199262
堆叠融合,1.0,0.019931102362204724
堆叠融合,1.0,0.01993600787595373
堆叠融合,1.0,0.019940915805022157
堆叠融合,1.0,0.019945826151194286
堆叠融合,1.0,0.019950738916256157
堆叠融合,1.0,0.019955654101995565
堆叠融合,1.0,0.01996057171020207
堆叠融合,1.0,0.019965491742666996
堆叠融合,1.0,0.019970414201183433
堆叠融合,1.0,0.01997533908754624
堆叠融合,1.0,0.019980266403552046
堆叠融合,1.0,0.01998519615099926
堆叠融合,1.0,0.019990128331688055
堆叠融合,1.0,0.01999506294742039
堆叠融合,1.0,0.02
堆叠融合,1.0,0.0200049394912324
堆叠融合,1.0,0.0200098814229249
堆叠融合,1.0,0.02001482579688658
堆叠融合,1.0,0.020019772614928325
堆叠融合,1.0,0.020024721878862794
堆叠融合,1.0,0.020029673590504452
堆叠融合,1.0,0.020034627751669552
堆叠融合,1.0,0.02003958436417615
堆叠融合,1.0,0.0200445434298441
堆叠融合,1.0,0.02004950495049505
堆叠融合,1.0,0.020054468927952464
堆叠融合,1.0,0.020059435364041606
堆叠融合,1.0,0.020064404260589547
堆叠融合,1.0,0.020069375619425175
堆叠融合,1.0,0.020074349442379184
堆叠融合,1.0,0.020079325731284084
堆叠融合,1.0,0.020084304487974214
堆叠融合,1.0,0.020089285714285716
堆叠融合,1.0,0.02009426941205656
堆叠融合,1.0,0.02009925558312655
堆叠融合,1.0,0.020104244229337303
堆叠融合,1.0,0.020109235352532274
堆叠融合,1.0,0.02011422895455674
堆叠融合,1.0,0.020119225037257823
堆叠融合,1.0,0.020124223602484472
堆叠融合,1.0,0.020129224652087475
堆叠融合,1.0,0.020134228187919462
堆叠融合,1.0,0.02013923421183491
堆叠融合,1.0,0.020144242725690126
堆叠融合,1.0,0.020149253731343283
堆叠融合,1.0,0.02015426723065439
堆叠融合,1.0,0.020159283225485315
堆叠融合,1.0,0.020164301717699777
堆叠融合,1.0,0.020169322709163346
堆叠融合,1.0,0.02017434620174346
堆叠融合,1.0,0.020179372197309416
堆叠融合,1.0,0.02018440069773237
堆叠融合,1.0,0.020189431704885345
堆叠融合,1.0,0.02019446522064323
堆叠融合,1.0,0.020199501246882794
堆叠融合,1.0,0.020204539785482666
堆叠融合,1.0,0.020209580838323353
堆叠融合,1.0,0.020214624407287246
堆叠融合,1.0,0.020219670494258612
堆叠融合,1.0,0.020224719101123594
堆叠融合,1.0,0.020229770229770228
堆叠融合,1.0,0.020234823882088433
堆叠融合,1.0,0.020239880059970013
堆叠融合,1.0,0.02024493876530867
堆叠融合,1.0,0.02025
堆叠融合,1.0,0.020255063765941484
堆叠融合,1.0,0.020260130065032515
堆叠融合,1.0,0.020265198899174382
堆叠融合,1.0,0.02027027027027027
堆叠融合,1.0,0.020275344180225283
堆叠融合,1.0,0.02028042063094642
堆叠融合,1.0,0.0202854996243426
堆叠融合,1.0,0.02029058116232465
堆叠融合,1.0,0.020295665246805313
堆叠融合,1.0,0.02030075187969925
堆叠融合,1.0,0.02030584106292304
堆叠融合,1.0,0.020310932798395187
堆叠融合,1.0,0.020316027088036117
堆叠融合,1.0,0.020321123933768188
堆叠融合,1.0,0.020326223337515683
堆叠融合,1.0,0.02033132530120482
堆叠融合,1.0,0.020336429826763747
堆叠融合,1.0,0.020341536916122553
堆叠融合,1.0,0.020346646571213264
堆叠融合,1.0,0.02035175879396985
堆叠融合,1.0,0.020356873586328223
堆叠融合,1.0,0.020361990950226245
堆叠融合,1.0,0.02036711088760372
堆叠融合,1.0,0.020372233400402416
堆叠融合,1.0,0.020377358490566037
堆叠融合,1.0,0.02038248616004026
堆叠融合,1.0,0.020387616410772715
堆叠融合,1.0,0.02039274924471299
堆叠融合,1.0,0.020397884663812642
堆叠融合,1.0,0.020403022670025188
堆叠融合,1.0,0.02040816326530612
堆叠融合,1.0,0.020413306451612902
堆叠融合,1.0,0.020418452230904965
堆叠融合,1.0,0.02042360060514372
堆叠融合,1.0,0.02042875157629256
堆叠融合,1.0,0.020433905146316853
堆叠融合,1.0,0.02043906131718395
堆叠融合,1.0,0.0204442200908632
堆叠融合,1.0,0.020449381469325928
堆叠融合,1.0,0.020454545454545454
堆叠融合,1.0,0.020459712048497097
堆叠融合,1.0,0.020464881253158162
堆叠融合,1.0,0.02047005307050796
堆叠融合,1.0,0.020475227502527806
堆叠融合,1.0,0.020480404551201013
堆叠融合,1.0,0.0204855842185129
堆叠融合,1.0,0.0204907665064508
堆叠融合,1.0,0.020495951417004048
堆叠融合,1.0,0.02050113895216401
堆叠融合,1.0,0.02050632911392405
堆叠融合,1.0,0.020511521904279566
堆叠融合,1.0,0.020516717325227963
堆叠融合,1.0,0.020521915378768685
堆叠融合,1.0,0.020527116066903193
堆叠融合,1.0,0.02053231939163498
堆叠融合,1.0,0.020537525354969575
堆叠融合,1.0,0.02054273395891453
堆叠融合,1.0,0.02054794520547945
堆叠融合,1.0,0.02055315909667597
堆叠融合,1.0,0.020558375634517765
堆叠融合,1.0,0.020563594821020565
堆叠融合,1.0,0.020568816658202132
堆叠融合,1.0,0.020574041148082298
堆叠融合,1.0,0.020579268292682928
堆叠融合,1.0,0.020584498094027955
堆叠融合,1.0,0.020589730554143367
堆叠融合,1.0,0.020594965675057208
堆叠融合,1.0,0.020600203458799593
堆叠融合,1.0,0.020605443907402696
堆叠融合,1.0,0.020610687022900764
堆叠融合,1.0,0.02061593280733011
堆叠融合,1.0,0.020621181262729125
堆叠融合,1.0,0.020626432391138275
堆叠融合,1.0,0.020631686194600103
堆叠融合,1.0,0.020636942675159236
堆叠融合,1.0,0.020642201834862386
堆叠融合,1.0,0.02064746367575835
堆叠融合,1.0,0.02065272819989801
堆叠融合,1.0,0.020657995409334353
堆叠融合,1.0,0.02066326530612245
堆叠融合,1.0,0.02066853789231947
堆叠融合,1.0,0.020673813169984685
堆叠融合,1.0,0.020679091141179475
堆叠融合,1.0,0.020684371807967315
堆叠融合,1.0,0.020689655172413793
堆叠融合,1.0,0.020694941236586613
堆叠融合,1.0,0.020700230002555584
堆叠融合,1.0,0.020705521472392636
堆叠融合,1.0,0.020710815648171822
堆叠融合,1.0,0.02071611253196931
堆叠融合,1.0,0.02072141212586339
堆叠融合,1.0,0.020726714431934492
堆叠融合,1.0,0.020732019452265164
堆叠融合,1.0,0.020737327188940093
堆叠融合,1.0,0.020742637644046096
堆叠融合,1.0,0.02074795081967213
堆叠融合,1.0,0.0207532667179093
堆叠融合,1.0,0.020758585340850847
堆叠融合,1.0,0.020763906690592155
堆叠融合,1.0,0.02076923076923077
堆叠融合,1.0,0.020774557578866377
堆叠融合,1.0,0.02077988712160082
堆叠融合,1.0,0.020785219399538105
堆叠融合,1.0,0.020790554414784394
堆叠融合,1.0,0.02079589216944801
堆叠融合,1.0,0.020801232665639446
堆叠融合,1.0,0.02080657590547136
堆叠融合,1.0,0.02081192189105858
堆叠融合,1.0,0.02081727062451812
堆叠融合,1.0,0.02082262210796915
堆叠融合,1.0,0.02082797634353304
堆叠融合,1.0,0.020833333333333332
堆叠融合,1.0,0.020838693079495756
堆叠融合,1.0,0.020844055584148223
堆叠融合,1.0,0.02084942084942085
堆叠融合,1.0,0.02085478887744593
堆叠融合,1.0,0.02086015967035797
堆叠融合,1.0,0.020865533230293665
堆叠融合,1.0,0.020870909559391908
堆叠融合,1.0,0.020876288659793813
堆叠融合,1.0,0.02088167053364269
堆叠融合,1.0,0.020887055183084063
堆叠融合,1.0,0.02089244261026567
堆叠融合,1.0,0.02089783281733746
堆叠融合,1.0,0.02090322580645161
堆叠融合,1.0,0.020908621579762518
堆叠融合,1.0,0.020914020139426802
堆叠融合,1.0,0.020919421487603305
堆叠融合,1.0,0.020924825626453113
堆叠融合,1.0,0.020930232558139535
堆叠融合,1.0,0.02093564228482812
堆叠融合,1.0,0.02094105480868666
堆叠融合,1.0,0.02094647013188518
堆叠融合,1.0,0.020951888256595965
堆叠融合,1.0,0.02095730918499353
堆叠融合,1.0,0.02096273291925466
堆叠融合,1.0,0.020968159461558375
堆叠融合,1.0,0.020973588814085967
堆叠融合,1.0,0.02097902097902098
堆叠融合,1.0,0.02098445595854922
堆叠融合,1.0,0.020989893754858772
堆叠融合,1.0,0.020995334370139968
堆叠融合,1.0,0.02100077780658543
堆叠融合,1.0,0.021006224066390043
堆叠融合,1.0,0.021011673151750974
堆叠融合,1.0,0.02101712506486767
堆叠融合,1.0,0.021022579807941862
堆叠融合,1.0,0.02102803738317757
堆叠融合,1.0,0.021033497792781096
堆叠融合,1.0,0.021038961038961038
堆叠融合,1.0,0.021044427123928292
堆叠融合,1.0,0.02104989604989605
堆叠融合,1.0,0.021055367819079802
堆叠融合,1.0,0.02106084243369735
堆叠融合,1.0,0.021066319895968792
堆叠融合,1.0,0.021071800208116546
堆叠融合,1.0,0.02107728337236534
堆叠融合,1.0,0.021082769390942217
堆叠融合,1.0,0.02108825826607654
堆叠融合,1.0,0.02109375
堆叠融合,1.0,0.021099244594946602
堆叠融合,1.0,0.021104742053152683
堆叠融合,1.0,0.02111024237685692
堆叠融合,1.0,0.02111574556830031
堆叠融合,1.0,0.021121251629726206
堆叠融合,1.0,0.02112676056338028
堆叠融合,1.0,0.021132272371510566
堆叠融合,1.0,0.021137787056367433
堆叠融合,1.0,0.021143304620203602
堆叠融合,1.0,0.02114882506527415
堆叠融合,1.0,0.021154348393836512
堆叠融合,1.0,0.02115987460815047
堆叠融合,1.0,0.021165403710478183
堆叠融合,1.0,0.021170935703084162
堆叠融合,1.0,0.021176470588235293
堆叠融合,1.0,0.021182008368200837
堆叠融合,1.0,0.02118754904525242
堆叠融合,1.0,0.02119309262166405
堆叠融合,1.0,0.02119863909971212
堆叠融合,1.0,0.021204188481675393
堆叠融合,1.0,0.021209740769835034
堆叠融合,1.0,0.021215295966474593
堆叠融合,1.0,0.02122085407388001
堆叠融合,1.0,0.02122641509433962
堆叠融合,1.0,0.021231979030144166
堆叠融合,1.0,0.021237545883586787
堆叠融合,1.0,0.021243115656963022
堆叠融合,1.0,0.02124868835257083
堆叠融合,1.0,0.021254263972710574
堆叠融合,1.0,0.02125984251968504
堆叠融合,1.0,0.021265423995799424
堆叠融合,1.0,0.021271008403361345
堆叠融合,1.0,0.02127659574468085
堆叠融合,1.0,0.021282186022070416
堆叠融合,1.0,0.02128777923784494
堆叠融合,1.0,0.021293375394321766
堆叠融合,1.0,0.021298974493820667
堆叠融合,1.0,0.021304576538663862
堆叠融合,1.0,0.021310181531176007
堆叠融合,1.0,0.02131578947368421
堆叠融合,1.0,0.02132140036851803
堆叠融合,1.0,0.02132701421800948
堆叠融合,1.0,0.02133263102449302
堆叠融合,1.0,0.021338250790305584
堆叠融合,1.0,0.021343873517786563
堆叠融合,1.0,0.021349499209277808
堆叠融合,1.0,0.02135512786712365
堆叠融合,1.0,0.021360759493670885
堆叠融合,1.0,0.021366394091268795
堆叠融合,1.0,0.021372031662269128
堆叠融合,1.0,0.021377672209026127
堆叠融合,1.0,0.021383315733896516
堆叠融合,1.0,0.021388962239239504
堆叠融合,1.0,0.021394611727416798
堆叠融合,1.0,0.021400264200792603
堆叠融合,1.0,0.021405919661733615
堆叠融合,1.0,0.02141157811260904
堆叠融合,1.0,0.02141723955579059
堆叠融合,1.0,0.021422903993652473
堆叠融合,1.0,0.02142857142857143
堆叠融合,1.0,0.0214342418629267
堆叠融合,1.0,0.021439915299100054
堆叠融合,1.0,0.021445591739475776
堆叠融合,1.0,0.021451271186440676
堆叠融合,1.0,0.021456953642384105
堆叠融合,1.0,0.021462639109697933
堆叠融合,1.0,0.02146832759077657
堆叠融合,1.0,0.021474019088016966
堆叠融合,1.0,0.021479713603818614
堆叠融合,1.0,0.021485411140583555
堆叠融合,1.0,0.02149111170071637
堆叠融合,1.0,0.021496815286624203
堆叠融合,1.0,0.02150252190071675
堆叠融合,1.0,0.021508231545406268
堆叠融合,1.0,0.02151394422310757
堆叠融合,1.0,0.021519659936238045
堆叠融合,1.0,0.021525378687217645
堆叠融合,1.0,0.0215311004784689
堆叠融合,1.0,0.02153682531241691
堆叠融合,1.0,0.02154255319148936
堆叠融合,1.0,0.02154828411811652
堆叠融合,1.0,0.02155401809473124
堆叠融合,1.0,0.021559755123768964
堆叠融合,1.0,0.02156549520766773
堆叠融合,1.0,0.021571238348868177
堆叠融合,1.0,0.021576984549813532
堆叠融合,1.0,0.02158273381294964
堆叠融合,1.0,0.021588486140724946
堆叠融合,1.0,0.02159424153559051
堆叠融合,1.0,0.0216
堆叠融合,1.0,0.02160576153640971
堆叠融合,1.0,0.02161152614727855
堆叠融合,1.0,0.021617293835068056
堆叠融合,1.0,0.021623064602242392
堆叠融合,1.0,0.021628838451268357
堆叠融合,1.0,0.021634615384615384
堆叠融合,1.0,0.021640395404755545
堆叠融合,1.0,0.02164617851416355
堆叠融合,1.0,0.02165196471531676
堆叠融合,1.0,0.021657754010695186
堆叠融合,1.0,0.02166354640278149
堆叠融合,1.0,0.021669341894060994
堆叠融合,1.0,0.021675140487021675
堆叠融合,1.0,0.021680942184154176
堆叠融合,1.0,0.021686746987951807
堆叠融合,1.0,0.02169255490091055
堆叠融合,1.0,0.021698365925529064
堆叠融合,1.0,0.021704180064308683
堆叠融合,1.0,0.021709997319753416
堆叠融合,1.0,0.021715817694369973
堆叠融合,1.0,0.02172164119066774
堆叠融合,1.0,0.021727467811158797
堆叠融合,1.0,0.021733297558357928
堆叠融合,1.0,0.021739130434782608
堆叠融合,1.0,0.02174496644295302
堆叠融合,1.0,0.021750805585392052
堆叠融合,1.0,0.021756647864625302
堆叠融合,1.0,0.021762493283181087
堆叠融合,1.0,0.021768341843590434
堆叠融合,1.0,0.021774193548387097
堆叠融合,1.0,0.021780048400107554
堆叠融合,1.0,0.021785906401291015
堆叠融合,1.0,0.021791767554479417
堆叠融合,1.0,0.021797631862217438
堆叠融合,1.0,0.02180349932705249
堆叠融合,1.0,0.021809369951534735
堆叠融合,1.0,0.021815243738217076
堆叠融合,1.0,0.021821120689655173
堆叠融合,1.0,0.021827000808407437
堆叠融合,1.0,0.02183288409703504
堆叠融合,1.0,0.021838770558101916
堆叠融合,1.0,0.021844660194174758
堆叠融合,1.0,0.02185055300782304
堆叠融合,1.0,0.021856449001618997
堆叠融合,1.0,0.02186234817813765
堆叠融合,1.0,0.021868250539956804
堆叠融合,1.0,0.021874156089657034
堆叠融合,1.0,0.02188006482982172
堆叠融合,1.0,0.021885976763037017
堆叠融合,1.0,0.02189189189189189
堆叠融合,1.0,0.021897810218978103
堆叠融合,1.0,0.021903731746890212
堆叠融合,1.0,0.021909656478225587
堆叠融合,1.0,0.021915584415584416
堆叠融合,1.0,0.02192151556156969
堆叠融合,1.0,0.02192744991878722
堆叠融合,1.0,0.021933387489845652
堆叠融合,1.0,0.021939328277356448
堆叠融合,1.0,0.021945272283933892
堆叠融合,1.0,0.02195121951219512
堆叠融合,1.0,0.021957169964760097
堆叠融合,1.0,0.021963123644251625
堆叠融合,1.0,0.021969080553295363
堆叠融合,1.0,0.021975040694519804
堆叠融合,1.0,0.02198100407055631
堆叠融合,1.0,0.021986970684039087
堆叠融合,1.0,0.021992940537605213
堆叠融合,1.0,0.021998913633894623
堆叠融合,1.0,0.022004889975550123
堆叠融合,1.0,0.022010869565217393
堆叠融合,1.0,0.022016852405544986
堆叠融合,1.0,0.02202283849918434
堆叠融合,1.0,0.022028827848789775
堆叠融合,1.0,0.0220348204570185
堆叠融合,1.0,0.022040816326530613
堆叠融合,1.0,0.022046815459989114
堆叠融合,1.0,0.022052817860059897
堆叠融合,1.0,0.022058823529411766
堆叠融合,1.0,0.022064832470716427
堆叠融合,1.0,0.0220708446866485
堆叠融合,1.0,0.022076860179885527
堆叠融合,1.0,0.02208287895310796
堆叠融合,1.0,0.02208890100899918
堆叠融合,1.0,0.0220949263502455
堆叠融合,1.0,0.022100954979536153
堆叠融合,1.0,0.02210698689956332
堆叠融合,1.0,0.022113022113022112
堆叠融合,1.0,0.022119060622610594
堆叠融合,1.0,0.02212510243102977
堆叠融合,1.0,0.022131147540983605
堆叠融合,1.0,0.02213719595517901
堆叠融合,1.0,0.02214324767632586
堆叠融合,1.0,0.022149302707136997
堆叠融合,1.0,0.022155361050328226
堆叠融合,1.0,0.02216142270861833
堆叠融合,1.0,0.022167487684729065
堆叠融合,1.0,0.02217355598138516
堆叠融合,1.0,0.02217962760131435
堆叠融合,1.0,0.02218570254724733
堆叠融合,1.0,0.02219178082191781
堆叠融合,1.0,0.022197862428062484
堆叠融合,1.0,0.022203947368421052
堆叠融合,1.0,0.02221003564573622
堆叠融合,1.0,0.022216127262753703
堆叠融合,1.0,0.022222222222222223
堆叠融合,1.0,0.022228320526893525
堆叠融合,1.0,0.022234422179522373
堆叠融合,1.0,0.022240527182866558
堆叠融合,1.0,0.0222466355396869
堆叠融合,1.0,0.022252747252747253
堆叠融合,1.0,0.02225886232481451
堆叠融合,1.0,0.022264980758658605
堆叠融合,1.0,0.022271102557052516
堆叠融合,1.0,0.022277227722772276
堆叠融合,1.0,0.022283356258596974
堆叠融合,1.0,0.02228948816730875
堆叠融合,1.0,0.022295623451692816
堆叠融合,1.0,0.022301762114537445
堆叠融合,1.0,0.022307904158633984
堆叠融合,1.0,0.02231404958677686
堆叠融合,1.0,0.02232019840176357
堆叠融合,1.0,0.022326350606394707
堆叠融合,1.0,0.022332506203473945
堆叠融合,1.0,0.022338665195808054
堆叠融合,1.0,0.022344827586206897
堆叠融合,1.0,0.022350993377483443
堆叠融合,1.0,0.02235716257245377
堆叠融合,1.0,0.02236333517393705
堆叠融合,1.0,0.02236951118475559
堆叠融合,1.0,0.022375690607734807
堆叠融合,1.0,0.02238187344570323
堆叠融合,1.0,0.022388059701492536
堆叠融合,1.0,0.022394249377937516
堆叠融合,1.0,0.022400442477876106
堆叠融合,1.0,0.022406639004149378
堆叠融合,1.0,0.02241283895960155
堆叠融合,1.0,0.02241904234707999
堆叠融合,1.0,0.022425249169435217
堆叠融合,1.0,0.02243145942952091
堆叠融合,1.0,0.022437673130193906
堆叠融合,1.0,0.022443890274314215
堆叠融合,1.0,0.02245011086474501
堆叠融合,1.0,0.022456334904352646
堆叠融合,1.0,0.022462562396006656
堆叠融合,1.0,0.02246879334257975
堆叠融合,1.0,0.022475027746947835
堆叠融合,1.0,0.022481265611990008
堆叠融合,1.0,0.022487506940588563
堆叠融合,1.0,0.02249375173562899
堆叠融合,1.0,0.0225
堆叠融合,1.0,0.0225062517365935
堆叠融合,1.0,0.022512506948304613
堆叠融合,1.0,0.022518765638031693
堆叠融合,1.0,0.022525027808676306
堆叠融合,1.0,0.022531293463143254
堆叠融合,1.0,0.022537562604340568
堆叠融合,1.0,0.022543835235179516
堆叠融合,1.0,0.02255011135857461
堆叠融合,1.0,0.022556390977443608
堆叠融合,1.0,0.02256267409470752
堆叠融合,1.0,0.02256896071329061
堆叠融合,1.0,0.0225752508361204
堆叠融合,1.0,0.022581544466127684
堆叠融合,1.0,0.022587841606246516
堆叠融合,1.0,0.022594142259414227
堆叠融合,1.0,0.022600446428571428
堆叠融合,1.0,0.022606754116662017
堆叠融合,1.0,0.022613065326633167
堆叠融合,1.0,0.022619380061435355
堆叠融合,1.0,0.022625698324022347
堆叠融合,1.0,0.022632020117351215
堆叠融合,1.0,0.022638345444382337
堆叠融合,1.0,0.022644674308079395
堆叠融合,1.0,0.022651006711409395
堆叠融合,1.0,0.022657342657342656
堆叠融合,1.0,0.022663682148852827
堆叠融合,1.0,0.022670025188916875
堆叠融合,1.0,0.02267637178051512
堆叠融合,1.0,0.022682721926631195
堆叠融合,1.0,0.0226890756302521
堆叠融合,1.0,0.02269543289436817
堆叠融合,1.0,0.022701793721973094
堆叠融合,1.0,0.022708158116063918
堆叠融合,1.0,0.022714526079641053
堆叠融合,1.0,0.022720897615708276
堆叠融合,1.0,0.022727272727272728
堆叠融合,1.0,0.022733651417344933
堆叠融合,1.0,0.022740033688938798
堆叠融合,1.0,0.02274641954507161
堆叠融合,1.0,0.022752808988764046
堆叠融合,1.0,0.02275920202304018
堆叠融合,1.0,0.022765598650927487
堆叠融合,1.0,0.022771998875456844
堆叠融合,1.0,0.022778402699662543
堆叠融合,1.0,0.02278481012658228
堆叠融合,1.0,0.022791221159257174
堆叠融合,1.0,0.022797635800731776
堆叠融合,1.0,0.022804054054054054
堆叠融合,1.0,0.022810475922275416
堆叠融合,1.0,0.022816901408450704
堆叠融合,1.0,0.02282333051563821
堆叠融合,1.0,0.022829763246899663
堆叠融合,1.0,0.022836199605300252
堆叠融合,1.0,0.02284263959390863
堆叠融合,1.0,0.022849083215796897
堆叠融合,1.0,0.022855530474040632
堆叠融合,1.0,0.02286198137171888
堆叠融合,1.0,0.022868435911914172
堆叠融合,1.0,0.02287489409771251
堆叠融合,1.0,0.02288135593220339
堆叠融合,1.0,0.022887821418479795
堆叠融合,1.0,0.022894290559638215
堆叠融合,1.0,0.022900763358778626
堆叠融合,1.0,0.022907239819004523
堆叠融合,1.0,0.022913719943422915
堆叠融合,1.0,0.022920203735144314
堆叠融合,1.0,0.022926691197282762
堆叠融合,1.0,0.022933182332955833
堆叠融合,1.0,0.022939677145284623
堆叠融合,1.0,0.02294617563739377
堆叠融合,1.0,0.02295267781241145
堆叠融合,1.0,0.02295918367346939
堆叠融合,1.0,0.022965693223702864
堆叠融合,1.0,0.02297220646625071
堆叠融合,1.0,0.02297872340425532
堆叠融合,1.0,0.022985244040862655
堆叠融合,1.0,0.022991768379222254
堆叠融合,1.0,0.022998296422487224
堆叠融合,1.0,0.023004828173814256
堆叠融合,1.0,0.023011363636363635
堆叠融合,1.0,0.023017902813299233
堆叠融合,1.0,0.023024445707788516
堆叠融合,1.0,0.02303099232300256
堆叠融合,1.0,0.02303754266211604
堆叠融合,1.0,0.023044096728307255
堆叠融合,1.0,0.02305065452475811
堆叠融合,1.0,0.02305721605465414
堆叠融合,1.0,0.02306378132118451
堆叠融合,1.0,0.02307035032754201
堆叠融合,1.0,0.023076923076923078
堆叠融合,1.0,0.023083499572527786
堆叠融合,1.0,0.023090079817559863
堆叠融合,1.0,0.023096663815226688
堆叠融合,1.0,0.023103251568739304
堆叠融合,1.0,0.02310984308131241
堆叠融合,1.0,0.023116438356164382
堆叠融合,1.0,0.02312303739651727
堆叠融合,1.0,0.023129640205596803
堆叠融合,1.0,0.02313624678663239
堆叠融合,1.0,0.023142857142857142
堆叠融合,1.0,0.02314947127750786
堆叠融合,1.0,0.023156089193825044
堆叠融合,1.0,0.023162710895052903
堆叠融合,1.0,0.02316933638443936
堆叠融合,1.0,0.02317596566523605
堆叠融合,1.0,0.02318259874069834
堆叠融合,1.0,0.023189235614085313
堆叠融合,1.0,0.023195876288659795
堆叠融合,1.0,0.02320252076768834
堆叠融合,1.0,0.023209169054441262
堆叠融合,1.0,0.023215821152192607
堆叠融合,1.0,0.023222477064220183
堆叠融合,1.0,0.023229136793805564
堆叠融合,1.0,0.02323580034423408
堆叠融合,1.0,0.023242467718794835
堆叠融合,1.0,0.02324913892078071
堆叠融合,1.0,0.023255813953488372
堆叠融合,1.0,0.023262492820218264
堆叠融合,1.0,0.023269175524274634
堆叠融合,1.0,0.02327586206896552
堆叠融合,1.0,0.02328255245760276
堆叠融合,1.0,0.023289246693502012
堆叠融合,1.0,0.023295944779982744
堆叠融合,1.0,0.02330264672036824
堆叠融合,1.0,0.02330935251798561
堆叠融合,1.0,0.023316062176165803
堆叠融合,1.0,0.023322775698243592
堆叠融合,1.0,0.023329493087557603
堆叠融合,1.0,0.023336214347450302
堆叠融合,1.0,0.02334293948126801
堆叠融合,1.0,0.02334966849236091
堆叠融合,1.0,0.023356401384083045
堆叠融合,1.0,0.023363138159792327
堆叠融合,1.0,0.02336987882285055
堆叠融合,1.0,0.023376623376623377
堆叠融合,1.0,0.02338337182448037
堆叠融合,1.0,0.023390124169794975
堆叠融合,1.0,0.02339688041594454
堆叠融合,1.0,0.023403640566310314
堆叠融合,1.0,0.023410404624277455
堆叠融合,1.0,0.023417172593235037
堆叠融合,1.0,0.023423944476576055
堆叠融合,1.0,0.023430720277697426
堆叠融合,1.0,0.0234375
堆叠融合,1.0,0.023444283646888567
堆叠融合,1.0,0.023451071221771858
堆叠融合,1.0,0.023457862728062554
堆叠融合,1.0,0.02346465816917729
堆叠融合,1.0,0.023471457548536655
堆叠融合,1.0,0.023478260869565216
堆叠融合,1.0,0.023485068135691504
堆叠融合,1.0,0.02349187935034803
堆叠融合,1.0,0.02349869451697128
堆叠融合,1.0,0.023505513639001743
堆叠融合,1.0,0.02351233671988389
堆叠融合,1.0,0.023519163763066203
堆叠融合,1.0,0.023525994772001162
堆叠融合,1.0,0.023532829750145264
堆叠融合,1.0,0.023539668700959023
堆叠融合,1.0,0.023546511627906976
堆叠融合,1.0,0.02355335853445769
堆叠融合,1.0,0.02356020942408377
堆叠融合,1.0,0.023567064300261856
堆叠融合,1.0,0.02357392316647264
堆叠融合,1.0,0.023580786026200874
堆叠融合,1.0,0.023587652882935354
堆叠融合,1.0,0.02359452374016895
堆叠融合,1.0,0.0236013986013986
堆叠融合,1.0,0.023608277470125328
堆叠融合,1.0,0.02361516034985423
堆叠融合,1.0,0.023622047244094488
堆叠融合,1.0,0.023628938156359393
堆叠融合,1.0,0.023635833090166328
堆叠融合,1.0,0.023642732049036778
堆叠融合,1.0,0.02364963503649635
堆叠融合,1.0,0.023656542056074766
堆叠融合,1.0,0.02366345311130587
堆叠融合,1.0,0.023670368205727644
堆叠融合,1.0,0.023677287342882197
堆叠融合,1.0,0.02368421052631579
堆叠融合,1.0,0.023691137759578824
堆叠融合,1.0,0.023698069046225862
堆叠融合,1.0,0.02370500438981563
堆叠融合,1.0,0.023711943793911006
堆叠融合,1.0,0.023718887262079064
堆叠融合,1.0,0.023725834797891036
堆叠融合,1.0,0.023732786404922355
堆叠融合,1.0,0.023739742086752638
堆叠融合,1.0,0.023746701846965697
堆叠融合,1.0,0.02375366568914956
堆叠融合,1.0,0.02376063361689645
堆叠融合,1.0,0.023767605633802816
堆叠融合,1.0,0.023774581743469327
堆叠融合,1.0,0.02378156194950088
堆叠融合,1.0,0.02378854625550661
堆叠融合,1.0,0.02379553466509988
堆叠融合,1.0,0.023802527181898327
堆叠融合,1.0,0.023809523809523808
堆叠融合,1.0,0.02381652455160247
堆叠融合,1.0,0.023823529411764705
堆叠融合,1.0,0.02383053839364519
堆叠融合,1.0,0.023837551500882872
堆叠融合,1.0,0.02384456873712099
堆叠融合,1.0,0.023851590106007067
堆叠融合,1.0,0.02385861561119293
堆叠融合,1.0,0.023865645256334708
堆叠融合,1.0,0.023872679045092837
堆叠融合,1.0,0.023879716981132077
堆叠融合,1.0,0.0238867590681215
堆叠融合,1.0,0.023893805309734513
堆叠融合,1.0,0.023900855709648863
堆叠融合,1.0,0.023907910271546637
堆叠融合,1.0,0.023914968999114262
堆叠融合,1.0,0.023922031896042528
堆叠融合,1.0,0.023929098966026588
堆叠融合,1.0,0.023936170212765957
堆叠融合,1.0,0.023943245639964528
堆叠融合,1.0,0.023950325251330572
堆叠融合,1.0,0.023957409050576754
堆叠融合,1.0,0.02396449704142012
堆叠融合,1.0,0.023971589227582125
堆叠融合,1.0,0.023978685612788632
堆叠融合,1.0,0.023985786200769913
堆叠融合,1.0,0.023992890995260665
堆叠融合,1.0,0.024
堆叠融合,1.0,0.024007113218731477
堆叠融合,1.0,0.024014230655203084
堆叠融合,1.0,0.02402135231316726
堆叠融合,1.0,0.024028478196380897
堆叠融合,1.0,0.024035608308605343
堆叠融合,1.0,0.02404274265360641
堆叠融合,1.0,0.024049881235154395
堆叠融合,1.0,0.024057024057024055
堆叠融合,1.0,0.02406417112299465
堆叠融合,1.0,0.024071322436849927
堆叠融合,1.0,0.024078478002378122
堆叠融合,1.0,0.02408563782337199
堆叠融合,1.0,0.024092801903628794
堆叠融合,1.0,0.024099970246950313
堆叠融合,1.0,0.024107142857142858
堆叠融合,1.0,0.024114319738017267
堆叠融合,1.0,0.024121500893388922
堆叠融合,1.0,0.024128686327077747
堆叠融合,1.0,0.024135876042908223
堆叠融合,1.0,0.024143070044709388
堆叠融合,1.0,0.024150268336314847
堆叠融合,1.0,0.02415747092156278
堆叠融合,1.0,0.02416467780429594
堆叠融合,1.0,0.024171888988361683
堆叠融合,1.0,0.02417910447761194
堆叠融合,1.0,0.024186324275903254
堆叠融合,1.0,0.024193548387096774
堆叠融合,1.0,0.02420077681505826
堆叠融合,1.0,0.0242080095636581
堆叠融合,1.0,0.0242152466367713
堆叠融合,1.0,0.024222488038277513
堆叠融合,1.0,0.024229733772061023
堆叠融合,1.0,0.02423698384201077
堆叠融合,1.0,0.024244238252020354
堆叠融合,1.0,0.024251497005988023
堆叠融合,1.0,0.02425876010781671
堆叠融合,1.0,0.024266027561414022
堆叠融合,1.0,0.02427329937069224
堆叠融合,1.0,0.024280575539568347
堆叠融合,1.0,0.024287856071964018
堆叠融合,1.0,0.02429514097180564
堆叠融合,1.0,0.024302430243024302
堆叠融合,1.0,0.024309723889555823
堆叠融合,1.0,0.02431702191534074
堆叠融合,1.0,0.024324324324324326
堆叠融合,1.0,0.024331631120456592
堆叠融合,1.0,0.024338942307692308
堆叠融合,1.0,0.024346257889990983
堆叠融合,1.0,0.0243535778713169
堆叠融合,1.0,0.024360902255639097
堆叠融合,1.0,0.024368231046931407
堆叠融合,1.0,0.024375564249172435
堆叠融合,1.0,0.024382901866345574
堆叠融合,1.0,0.024390243902439025
堆叠融合,1.0,0.024397590361445783
堆叠融合,1.0,0.024404941247363664
堆叠融合,1.0,0.024412296564195298
堆叠融合,1.0,0.024419656315948148
堆叠融合,1.0,0.0244270205066345
堆叠融合,1.0,0.024434389140271493
堆叠融合,1.0,0.02444176222088111
堆叠融合,1.0,0.02444913975249019
堆叠融合,1.0,0.024456521739130436
堆叠融合,1.0,0.02446390818483842
堆叠融合,1.0,0.02447129909365559
堆叠融合,1.0,0.024478694469628286
堆叠融合,1.0,0.02448609431680774
堆叠融合,1.0,0.024493498639250075
堆叠融合,1.0,0.024500907441016333
堆叠融合,1.0,0.024508320726172466
堆叠融合,1.0,0.024515738498789345
堆叠融合,1.0,0.02452316076294278
堆叠融合,1.0,0.024530587522713507
堆叠融合,1.0,0.024538018782187216
堆叠融合,1.0,0.024545454545454544
堆叠融合,1.0,0.024552894816611093
堆叠融合,1.0,0.024560339599757428
堆叠融合,1.0,0.02456778889899909
堆叠融合,1.0,0.0245752427184466
堆叠融合,1.0,0.024582701062215478
堆叠融合,1.0,0.02459016393442623
堆叠融合,1.0,0.02459763133920437
堆叠融合,1.0,0.024605103280680437
堆叠融合,1.0,0.024612579762989972
堆叠融合,1.0,0.024620060790273558
堆叠融合,1.0,0.0246275463666768
堆叠融合,1.0,0.024635036496350366
堆叠融合,1.0,0.024642531183449955
堆叠融合,1.0,0.024650030432136337
堆叠融合,1.0,0.024657534246575342
堆叠融合,1.0,0.02466504263093788
堆叠融合,1.0,0.024672555589399937
堆叠融合,1.0,0.024680073126142597
堆叠融合,1.0,0.024687595245352027
堆叠融合,1.0,0.024695121951219513
堆叠融合,1.0,0.024702653247941447
堆叠融合,1.0,0.02471018913971934
堆叠融合,1.0,0.02471772963075984
堆叠融合,1.0,0.024725274725274724
堆叠融合,1.0,0.024732824427480916
堆叠融合,1.0,0.02474037874160049
堆叠融合,1.0,0.02474793767186068
堆叠融合,1.0,0.024755501222493887
堆叠融合,1.0,0.024763069397737696
堆叠融合,1.0,0.024770642201834864
堆叠融合,1.0,0.024778219639033344
堆叠融合,1.0,0.02478580171358629
堆叠融合,1.0,0.024793388429752067
堆叠融合,1.0,0.024800979791794242
堆叠融合,1.0,0.024808575803981624
堆叠融合,1.0,0.024816176470588234
堆叠融合,1.0,0.02482378179589335
堆叠融合,1.0,0.024831391784181485
堆叠融合,1.0,0.02483900643974241
堆叠融合,1.0,0.024846625766871164
堆叠融合,1.0,0.024854249769868057
堆叠融合,1.0,0.024861878453038673
堆叠融合,1.0,0.02486951182069389
堆叠融合,1.0,0.024877149877149878
堆叠融合,1.0,0.02488479262672811
堆叠融合,1.0,0.02489244007375538
堆叠融合,1.0,0.02490009222256379
堆叠融合,1.0,0.024907749077490774
堆叠融合,1.0,0.024915410642879113
堆叠融合,1.0,0.024923076923076923
堆叠融合,1.0,0.024930747922437674
堆叠融合,1.0,0.024938423645320198
堆叠融合,1.0,0.024946104096088696
堆叠融合,1.0,0.024953789279112754
堆叠融合,1.0,0.024961479198767334
堆叠融合,1.0,0.0249691738594328
堆叠融合,1.0,0.02497687326549491
堆叠融合,1.0,0.02498457742134485
堆叠融合,1.0,0.024992286331379204
堆叠融合,1.0,0.025
堆叠融合,1.0,0.025007718431614697
堆叠融合,1.0,0.025015441630636195
堆叠融合,1.0,0.025023169601482854
堆叠融合,1.0,0.025030902348578493
堆叠融合,1.0,0.025038639876352395
堆叠融合,1.0,0.02504638218923933
堆叠融合,1.0,0.025054129291679553
堆叠融合,1.0,0.025061881188118813
堆叠融合,1.0,0.025069637883008356
堆叠融合,1.0,0.025077399380804954
堆叠融合,1.0,0.025085165685970887
堆叠融合,1.0,0.02509293680297398
堆叠融合,1.0,0.025100712736287573
堆叠融合,1.0,0.025108493490390578
堆叠融合,1.0,0.025116279069767444
堆叠融合,1.0,0.02512406947890819
堆叠融合,1.0,0.025131864722308408
堆叠融合,1.0,0.025139664804469275
堆叠融合,1.0,0.025147469729897547
堆叠融合,1.0,0.02515527950310559
堆叠融合,1.0,0.02516309412861137
堆叠融合,1.0,0.02517091361093847
堆叠融合,1.0,0.0251787379546161
堆叠融合,1.0,0.025186567164179104
堆叠融合,1.0,0.025194401244167962
堆叠融合,1.0,0.02520224019912881
堆叠融合,1.0,0.025210084033613446
堆叠融合,1.0,0.025217932752179328
堆叠融合,1.0,0.025225786359389598
堆叠融合,1.0,0.025233644859813085
堆叠融合,1.0,0.025241508258024306
堆叠融合,1.0,0.02524937655860349
堆叠融合,1.0,0.025257249766136577
堆叠融合,1.0,0.025265127885215222
堆叠融合,1.0,0.02527301092043682
堆叠融合,1.0,0.025280898876404494
堆叠融合,1.0,0.025288791757727132
堆叠融合,1.0,0.025296689569019364
堆叠融合,1.0,0.02530459231490159
堆叠融合,1.0,0.0253125
堆叠融合,1.0,0.025320412628946545
堆叠融合,1.0,0.025328330206378986
堆叠融合,1.0,0.025336252736940883
堆叠融合,1.0,0.025344180225281603
堆叠融合,1.0,0.02535211267605634
堆叠融合,1.0,0.025360050093926112
堆叠融合,1.0,0.025367992483557783
堆叠融合,1.0,0.02537593984962406
堆叠融合,1.0,0.02538389219680351
堆叠融合,1.0,0.025391849529780564
堆叠融合,1.0,0.02539981185324553
堆叠融合,1.0,0.025407779171894605
堆叠融合,1.0,0.02541575149042987
堆叠融合,1.0,0.025423728813559324
堆叠融合,1.0,0.02543171114599686
堆叠融合,1.0,0.02543969849246231
堆叠融合,1.0,0.02544769085768143
堆叠融合,1.0,0.02545568824638592
堆叠融合,1.0,0.025463690663313422
堆叠融合,1.0,0.02547169811320755
堆叠融合,1.0,0.025479710600817867
堆叠融合,1.0,0.025487728130899938
堆叠融合,1.0,0.025495750708215296
堆叠融合,1.0,0.025503778337531487
堆叠融合,1.0,0.025511811023622048
堆叠融合,1.0,0.02551984877126654
堆叠融合,1.0,0.02552789158525055
堆叠融合,1.0,0.0255359394703657
堆叠融合,1.0,0.02554399243140965
堆叠融合,1.0,0.02555205047318612
堆叠融合,1.0,0.02556011360050489
堆叠融合,1.0,0.02556818181818182
堆叠融合,1.0,0.02557625513103884
堆叠融合,1.0,0.025584333543903978
堆叠融合,1.0,0.025592417061611375
堆叠融合,1.0,0.025600505689001265
堆叠融合,1.0,0.025608599430920014
堆叠融合,1.0,0.025616698292220113
堆叠融合,1.0,0.025624802277760202
堆叠融合,1.0,0.025632911392405065
堆叠融合,1.0,0.02564102564102564
堆叠融合,1.0,0.02564914502849905
堆叠融合,1.0,0.025657269559708585
堆叠融合,1.0,0.025665399239543727
堆叠融合,1.0,0.02567353407290016
堆叠融合,1.0,0.02568167406467977
堆叠融合,1.0,0.025689819219790674
堆叠融合,1.0,0.02569796954314721
堆叠融合,1.0,0.025706125039669948
堆叠融合,1.0,0.025714285714285714
堆叠融合,1.0,0.025722451571927596
堆叠融合,1.0,0.02573062261753494
堆叠融合,1.0,0.025738798856053385
堆叠融合,1.0,0.02574698029243484
堆叠融合,1.0,0.02575516693163752
堆叠融合,1.0,0.025763358778625955
堆叠融合,1.0,0.025771555838370982
堆叠融合,1.0,0.025779758115849778
堆叠融合,1.0,0.025787965616045846
堆叠融合,1.0,0.025796178343949046
堆叠融合,1.0,0.02580439630455559
堆叠融合,1.0,0.02581261950286807
堆叠融合,1.0,0.025820847943895442
堆叠融合,1.0,0.025829081632653062
堆叠融合,1.0,0.02583732057416268
堆叠融合,1.0,0.025845564773452456
堆叠融合,1.0,0.025853814235556973
堆叠融合,1.0,0.02586206896551724
堆叠融合,1.0,0.02587032896838071
堆叠融合,1.0,0.02587859424920128
堆叠融合,1.0,0.02588686481303931
堆叠融合,1.0,0.02589514066496164
堆叠融合,1.0,0.025903421810041575
堆叠融合,1.0,0.025911708253358926
堆叠融合,1.0,0.02592
堆叠融合,1.0,0.025928297055057618
堆叠融合,1.0,0.025936599423631124
堆叠融合,1.0,0.025944907110826393
堆叠融合,1.0,0.025953220121755848
堆叠融合,1.0,0.025961538461538463
堆叠融合,1.0,0.025969862135299775
堆叠融合,1.0,0.025978191148171906
堆叠融合,1.0,0.02598652550529355
堆叠融合,1.0,0.025994865211810013
堆叠融合,1.0,0.026003210272873195
堆叠融合,1.0,0.02601156069364162
堆叠融合,1.0,0.026019916479280435
堆叠融合,1.0,0.02602827763496144
堆叠融合,1.0,0.026036644165863067
堆叠融合,1.0,0.026045016077170417
堆叠融合,1.0,0.026053393374075265
堆叠融合,1.0,0.026061776061776062
堆叠融合,1.0,0.026070164145477952
堆叠融合,1.0,0.02607855763039279
堆叠融合,1.0,0.02608695652173913
堆叠融合,1.0,0.02609536082474227
堆叠融合,1.0,0.026103770544634225
堆叠融合,1.0,0.02611218568665377
堆叠融合,1.0,0.026120606256046435
堆叠融合,1.0,0.026129032258064518
堆叠融合,1.0,0.026137463697967087
堆叠融合,1.0,0.026145900581020013
堆叠融合,1.0,0.026154342912495965
堆叠融合,1.0,0.02616279069767442
堆叠融合,1.0,0.02617124394184168
堆叠融合,1.0,0.026179702650290886
堆叠融合,1.0,0.026188166828322017
堆叠融合,1.0,0.026196636481241913
堆叠融合,1.0,0.026205111614364285
堆叠融合,1.0,0.02621359223300971
堆叠融合,1.0,0.026222078342505666
堆叠融合,1.0,0.026230569948186528
堆叠融合,1.0,0.026239067055393587
堆叠融合,1.0,0.02624756966947505
堆叠融合,1.0,0.02625607779578606
堆叠融合,1.0,0.026264591439688716
堆叠融合,1.0,0.02627311060655206
堆叠融合,1.0,0.02628163530175211
堆叠融合,1.0,0.02629016553067186
堆叠融合,1.0,0.026298701298701297
堆叠融合,1.0,0.026307242611237416
堆叠融合,1.0,0.02631578947368421
堆叠融合,1.0,0.026324341891452715
堆叠融合,1.0,0.02633289986996099
堆叠融合,1.0,0.026341463414634145
堆叠融合,1.0,0.026350032530904358
堆叠融合,1.0,0.026358607224210868
堆叠融合,1.0,0.0263671875
堆叠融合,1.0,0.02637577336372517
堆叠融合,1.0,0.026384364820846905
堆叠融合,1.0,0.026392961876832845
堆叠融合,1.0,0.026401564537157758
堆叠融合,1.0,0.026410172807303553
堆叠融合,1.0,0.026418786692759294
堆叠融合,1.0,0.026427406199021206
堆叠融合,1.0,0.02643603133159269
堆叠融合,1.0,0.02644466209598433
堆叠融合,1.0,0.026453298497713912
堆叠融合,1.0,0.026461940542306436
堆叠融合,1.0,0.026470588235294117
堆叠融合,1.0,0.02647924158221641
堆叠融合,1.0,0.026487900588620012
堆叠融合,1.0,0.02649656526005888
堆叠融合,1.0,0.02650523560209424
堆叠融合,1.0,0.026513911620294598
堆叠融合,1.0,0.026522593320235755
堆叠融合,1.0,0.02653128070750082
堆叠融合,1.0,0.02653997378768021
堆叠融合,1.0,0.02654867256637168
堆叠融合,1.0,0.026557377049180327
堆叠融合,1.0,0.026566087241718595
堆叠融合,1.0,0.0265748031496063
堆叠融合,1.0,0.026583524778470626
堆叠融合,1.0,0.02659225213394616
堆叠融合,1.0,0.026600985221674877
堆叠融合,1.0,0.026609724047306178
堆叠融合,1.0,0.026618468616496877
堆叠融合,1.0,0.026627218934911243
堆叠融合,1.0,0.02663597500822098
堆叠融合,1.0,0.026644736842105263
堆叠融合,1.0,0.02665350444225074
堆叠融合,1.0,0.026662277814351546
堆叠融合,1.0,0.02667105696410932
堆叠融合,1.0,0.0266798418972332
堆叠融合,1.0,0.026688632619439868
堆叠融合,1.0,0.026697429136453527
堆叠融合,1.0,0.026706231454005934
堆叠融合,1.0,0.02671503957783641
堆叠融合,1.0,0.026723853513691852
堆叠融合,1.0,0.026732673267326732
堆叠融合,1.0,0.026741498844503137
堆叠融合,1.0,0.026750330250990752
堆叠融合,1.0,0.026759167492566897
堆叠融合,1.0,0.026768010575016522
堆叠融合,1.0,0.026776859504132233
堆叠融合,1.0,0.026785714285714284
堆叠融合,1.0,0.026794574925570625
堆叠融合,1.0,0.026803441429516878
堆叠融合,1.0,0.026812313803376366
堆叠融合,1.0,0.02682119205298013
堆叠融合,1.0,0.026830076184166943
堆叠融合,1.0,0.0268389662027833
堆叠融合,1.0,0.02684786211468346
堆叠融合,1.0,0.026856763925729443
堆叠融合,1.0,0.026865671641791045
堆叠融合,1.0,0.02687458526874585
堆叠融合,1.0,0.026883504812479257
堆叠融合,1.0,0.026892430278884463
堆叠融合,1.0,0.026901361673862503
堆叠融合,1.0,0.026910299003322258
堆叠融合,1.0,0.026919242273180457
堆叠融合,1.0,0.0269281914893617
堆叠融合,1.0,0.02693714665779847
堆叠融合,1.0,0.02694610778443114
堆叠融合,1.0,0.02695507487520799
堆叠融合,1.0,0.02696404793608522
堆叠融合,1.0,0.026973026973026972
堆叠融合,1.0,0.02698201199200533
堆叠融合,1.0,0.026991002999000334
堆叠融合,1.0,0.027
堆叠融合,1.0,0.027009003001000332
堆叠融合,1.0,0.027018012008005337
堆叠融合,1.0,0.02702702702702703
堆叠融合,1.0,0.02703604806408545
堆叠融合,1.0,0.027045075125208682
堆叠融合,1.0,0.027054108216432865
堆叠融合,1.0,0.027063147343802205
堆叠融合,1.0,0.027072192513368985
堆叠融合,1.0,0.02708124373119358
堆叠融合,1.0,0.02709030100334448
堆叠融合,1.0,0.027099364335898293
堆叠融合,1.0,0.02710843373493976
堆叠融合,1.0,0.02711750920656177
堆叠融合,1.0,0.02712659075686537
堆叠融合,1.0,0.027135678391959798
堆叠融合,1.0,0.027144772117962467
堆叠融合,1.0,0.027153871940998994
堆叠融合,1.0,0.02716297786720322
堆叠融合,1.0,0.02717208990271721
堆叠融合,1.0,0.027181208053691275
堆叠融合,1.0,0.027190332326283987
堆叠融合,1.0,0.02719946272666219
堆叠融合,1.0,0.02720859926100101
堆叠融合,1.0,0.02721774193548387
堆叠融合,1.0,0.02722689075630252
堆叠融合,1.0,0.027236045729657026
堆叠融合,1.0,0.027245206861755803
堆叠融合,1.0,0.02725437415881561
堆叠融合,1.0,0.027263547627061596
堆叠融合,1.0,0.02727272727272727
堆叠融合,1.0,0.027281913102054564
堆叠融合,1.0,0.0272911051212938
堆叠融合,1.0,0.027300303336703743
堆叠融合,1.0,0.027309507754551585
堆叠融合,1.0,0.027318718381112984
堆叠融合,1.0,0.027327935222672066
堆叠融合,1.0,0.02733715828552143
堆叠融合,1.0,0.027346387575962187
堆叠融合,1.0,0.02735562310030395
堆叠融合,1.0,0.027364864864864866
堆叠融合,1.0,0.027374112875971614
堆叠融合,1.0,0.02738336713995943
堆叠融合,1.0,0.027392627663172135
堆叠融合,1.0,0.02740189445196211
堆叠融合,1.0,0.027411167512690356
堆叠融合,1.0,0.02742044685172647
堆叠融合,1.0,0.027429732475448696
堆叠融合,1.0,0.027439024390243903
堆叠融合,1.0,0.027448322602507624
堆叠融合,1.0,0.02745762711864407
堆叠融合,1.0,0.027466937945066123
堆叠融合,1.0,0.027476255088195387
堆叠融合,1.0,0.027485578554462164
堆叠融合,1.0,0.0274949083503055
堆叠融合,1.0,0.027504244482173174
堆叠融合,1.0,0.02751358695652174
堆叠融合,1.0,0.027522935779816515
堆叠融合,1.0,0.027532290958531613
堆叠融合,1.0,0.02754165249914995
堆叠融合,1.0,0.027551020408163266
堆叠融合,1.0,0.027560394692072134
堆叠融合,1.0,0.027569775357385976
堆叠融合,1.0,0.027579162410623085
堆叠融合,1.0,0.027588555858310628
堆叠融合,1.0,0.02759795570698467
堆叠融合,1.0,0.027607361963190184
堆叠融合,1.0,0.027616774633481077
堆叠融合,1.0,0.02762619372442019
堆叠融合,1.0,0.027635619242579325
堆叠融合,1.0,0.02764505119453925
堆叠融合,1.0,0.027654489586889725
堆叠融合,1.0,0.027663934426229508
堆叠融合,1.0,0.02767338571916638
堆叠融合,1.0,0.027682843472317156
堆叠融合,1.0,0.027692307692307693
堆叠融合,1.0,0.027701778385772913
堆叠融合,1.0,0.027711255559356825
堆叠融合,1.0,0.027720739219712527
堆叠融合,1.0,0.027730229373502224
堆叠融合,1.0,0.02773972602739726
堆叠融合,1.0,0.02774922918807811
堆叠融合,1.0,0.027758738862234407
堆叠融合,1.0,0.027768255056564963
堆叠融合,1.0,0.027777777777777776
堆叠融合,1.0,0.027787307032590053
堆叠融合,1.0,0.027796842827728208
堆叠融合,1.0,0.027806385169927908
堆叠融合,1.0,0.027815934065934064
堆叠融合,1.0,0.02782548952250086
堆叠融合,1.0,0.027835051546391754
堆叠融合,1.0,0.027844620144379512
堆叠融合,1.0,0.027854195323246216
堆叠融合,1.0,0.02786377708978328
堆叠融合,1.0,0.027873365450791467
堆叠融合,1.0,0.027882960413080894
堆叠融合,1.0,0.027892561983471075
堆叠融合,1.0,0.027902170168790905
堆叠融合,1.0,0.027911784975878703
堆叠融合,1.0,0.027921406411582212
堆叠融合,1.0,0.02793103448275862
堆叠融合,1.0,0.027940669196274578
堆叠融合,1.0,0.027950310559006212
堆叠融合,1.0,0.027959958577839145
堆叠融合,1.0,0.02796961325966851
堆叠融合,1.0,0.027979274611398965
堆叠融合,1.0,0.027988942639944715
堆叠融合,1.0,0.02799861735222952
堆叠融合,1.0,0.028008298755186723
堆叠融合,1.0,0.028017986855759253
堆叠融合,1.0,0.028027681660899653
堆叠融合,1.0,0.028037383177570093
堆叠融合,1.0,0.02804709141274238
堆叠融合,1.0,0.02805680637339799
堆叠融合,1.0,0.028066528066528068
堆叠融合,1.0,0.028076256499133447
堆叠融合,1.0,0.02808599167822469
堆叠融合,1.0,0.02809573361082206
堆叠融合,1.0,0.028105482303955587
堆叠融合,1.0,0.028115237764665048
堆叠融合,1.0,0.028125
堆叠融合,1.0,0.0281347690170198
堆叠融合,1.0,0.028144544822793608
堆叠融合,1.0,0.028154327424400417
堆叠融合,1.0,0.028164116828929067
堆叠融合,1.0,0.02817391304347826
堆叠融合,1.0,0.028183716075156576
堆叠融合,1.0,0.028193525931082493
堆叠融合,1.0,0.028203342618384402
堆叠融合,1.0,0.02821316614420063
堆叠融合,1.0,0.028222996515679444
堆叠融合,1.0,0.028232833739979087
堆叠融合,1.0,0.028242677824267783
堆叠融合,1.0,0.02825252877572375
堆叠融合,1.0,0.028262386601535242
堆叠融合,1.0,0.028272251308900525
堆叠融合,1.0,0.028282122905027934
堆叠融合,1.0,0.02829200139713587
堆叠融合,1.0,0.02830188679245283
堆叠融合,1.0,0.028311779098217405
堆叠融合,1.0,0.028321678321678322
堆叠融合,1.0,0.02833158447009444
堆叠融合,1.0,0.02834149755073478
堆叠融合,1.0,0.028351417570878543
堆叠融合,1.0,0.028361344537815126
堆叠融合,1.0,0.028371278458844133
堆叠融合,1.0,0.028381219341275403
堆叠融合,1.0,0.028391167192429023
堆叠融合,1.0,0.028401122019635343
堆叠融合,1.0,0.028411083830235006
堆叠融合,1.0,0.028421052631578948
堆叠融合,1.0,0.028431028431028432
堆叠融合,1.0,0.028441011235955056
堆叠融合,1.0,0.02845100105374078
堆叠融合,1.0,0.028460997891777935
堆叠融合,1.0,0.028471001757469243
堆叠融合,1.0,0.028481012658227847
堆叠融合,1.0,0.028491030601477313
堆叠融合,1.0,0.028501055594651655
堆叠融合,1.0,0.028511087645195353
堆叠融合,1.0,0.02852112676056338
堆叠融合,1.0,0.028531172948221203
堆叠融合,1.0,0.02854122621564482
堆叠融合,1.0,0.02855128657032076
堆叠融合,1.0,0.028561354019746122
堆叠融合,1.0,0.02857142857142857
堆叠融合,1.0,0.02858151023288638
堆叠融合,1.0,0.028591599011648428
堆叠融合,1.0,0.028601694915254237
堆叠融合,1.0,0.028611797951253973
堆叠融合,1.0,0.02862190812720848
堆叠融合,1.0,0.02863202545068929
堆叠融合,1.0,0.028642149929278642
堆叠融合,1.0,0.02865228157056951
堆叠融合,1.0,0.028662420382165606
堆叠融合,1.0,0.028672566371681415
堆叠融合,1.0,0.02868271954674221
堆叠融合,1.0,0.028692879914984058
堆叠融合,1.0,0.028703047484053862
堆叠融合,1.0,0.02871322226160936
堆叠融合,1.0,0.02872340425531915
堆叠融合,1.0,0.028733593472862716
堆叠融合,1.0,0.028743789921930447
堆叠融合,1.0,0.02875399361022364
堆叠融合,1.0,0.028764204545454544
堆叠融合,1.0,0.028774422735346358
堆叠融合,1.0,0.028784648187633263
堆叠融合,1.0,0.028794880910060435
堆叠融合,1.0,0.028805120910384067
堆叠融合,1.0,0.0288153681963714
堆叠融合,1.0,0.02882562277580071
堆叠融合,1.0,0.028835884656461374
堆叠融合,1.0,0.028846153846153848
堆叠融合,1.0,0.028856430352689703
堆叠融合,1.0,0.02886671418389166
堆叠融合,1.0,0.028877005347593583
堆叠融合,1.0,0.028887303851640515
堆叠融合,1.0,0.02889760970388869
堆叠融合,1.0,0.028907922912205567
堆叠融合,1.0,0.028918243484469832
堆叠融合,1.0,0.02892857142857143
堆叠融合,1.0,0.028938906752411574
堆叠融合,1.0,0.028949249463902788
堆叠融合,1.0,0.028959599570968896
堆叠融合,1.0,0.028969957081545063
堆叠融合,1.0,0.028980322003577818
堆叠融合,1.0,0.028990694345025055
堆叠融合,1.0,0.02900107411385607
堆叠融合,1.0,0.029011461318051577
堆叠融合,1.0,0.029021855965603725
堆叠融合,1.0,0.02903225806451613
堆叠融合,1.0,0.029042667622803872
堆叠融合,1.0,0.029053084648493543
堆叠融合,1.0,0.02906350914962325
堆叠融合,1.0,0.02907394113424264
堆叠融合,1.0,0.029084380610412925
堆叠融合,1.0,0.029094827586206896
堆叠融合,1.0,0.029105282069708947
堆叠融合,1.0,0.029115744069015098
堆叠融合,1.0,0.02912621359223301
堆叠融合,1.0,0.029136690647482016
堆叠融合,1.0,0.029147175242893127
堆叠融合,1.0,0.029157667386609073
堆叠融合,1.0,0.0291681670867843
堆叠融合,1.0,0.029178674351585013
堆叠融合,1.0,0.02918918918918919
堆叠融合,1.0,0.029199711607786588
堆叠融合,1.0,0.029210241615578794
堆叠融合,1.0,0.02922077922077922
堆叠融合,1.0,0.029231324431613137
堆叠融合,1.0,0.02924187725631769
堆叠融合,1.0,0.02925243770314193
堆叠融合,1.0,0.02926300578034682
堆叠融合,1.0,0.029273581496205278
堆叠融合,1.0,0.02928416485900217
堆叠融合,1.0,0.029294755877034357
堆叠融合,1.0,0.02930535455861071
堆叠融合,1.0,0.029315960912052116
堆叠融合,1.0,0.029326574945691526
堆叠融合,1.0,0.02933719666787396
堆叠融合,1.0,0.029347826086956522
堆叠融合,1.0,0.029358463211308444
堆叠融合,1.0,0.029369108049311095
堆叠融合,1.0,0.029379760609358
堆叠融合,1.0,0.02939042089985486
堆叠融合,1.0,0.0294010889292196
堆叠融合,1.0,0.029411764705882353
堆叠融合,1.0,0.029422448238285506
堆叠融合,1.0,0.02943313953488372
堆叠融合,1.0,0.029443838604143947
堆叠融合,1.0,0.029454545454545455
堆叠融合,1.0,0.029465260094579847
堆叠融合,1.0,0.02947598253275109
堆叠融合,1.0,0.029486712777575537
堆叠融合,1.0,0.029497450837581936
堆叠融合,1.0,0.029508196721311476
堆叠融合,1.0,0.029518950437317785
堆叠融合,1.0,0.02952971199416697
堆叠融合,1.0,0.02954048140043764
堆叠融合,1.0,0.029551258664720904
堆叠融合,1.0,0.029562043795620437
堆叠融合,1.0,0.029572836801752465
堆叠融合,1.0,0.0295836376917458
堆叠融合,1.0,0.02959444647424187
堆叠融合,1.0,0.029605263157894735
堆叠融合,1.0,0.029616087751371114
堆叠融合,1.0,0.0296269202633504
堆叠融合,1.0,0.029637760702524697
堆叠融合,1.0,0.02964860907759883
堆叠融合,1.0,0.02965946539729037
堆叠融合,1.0,0.02967032967032967
堆叠融合,1.0,0.029681201905459875
堆叠融合,1.0,0.02969208211143695
堆叠融合,1.0,0.0297029702970297
堆叠融合,1.0,0.02971386647101981
堆叠融合,1.0,0.029724770642201834
堆叠融合,1.0,0.02973568281938326
堆叠融合,1.0,0.0297466030113845
堆叠融合,1.0,0.029757531227038943
堆叠融合,1.0,0.029768467475192944
堆叠融合,1.0,0.02977941176470588
堆叠融合,1.0,0.029790364104450167
堆叠融合,1.0,0.029801324503311258
堆叠融合,1.0,0.02981229297018771
堆叠融合,1.0,0.029823269513991165
堆叠融合,1.0,0.02983425414364641
堆叠融合,1.0,0.02984524686809138
堆叠融合,1.0,0.029856247696277184
堆叠融合,1.0,0.029867256637168143
堆叠融合,1.0,0.029878273699741793
堆叠融合,1.0,0.02988929889298893
堆叠融合,1.0,0.029900332225913623
堆叠融合,1.0,0.029911373707533235
堆叠融合,1.0,0.029922423346878464
堆叠融合,1.0,0.02993348115299335
堆叠融合,1.0,0.029944547134935304
堆叠融合,1.0,0.029955621301775148
堆叠融合,1.0,0.029966703662597113
堆叠融合,1.0,0.02997779422649889
堆叠融合,1.0,0.029988893002591634
堆叠融合,1.0,0.03
堆叠融合,1.0,0.03001111522786217
堆叠融合,1.0,0.030022238695329873
堆叠融合,1.0,0.030033370411568408
堆叠融合,1.0,0.030044510385756677
堆叠融合,1.0,0.030055658627087197
堆叠融合,1.0,0.030066815144766147
堆叠融合,1.0,0.030077979948013367
堆叠融合,1.0,0.030089153046062408
堆叠融合,1.0,0.030100334448160536
堆叠融合,1.0,0.030111524163568774
堆叠融合,1.0,0.030122722201561918
堆叠融合,1.0,0.030133928571428572
堆叠融合,1.0,0.030145143282471157
堆叠融合,1.0,0.030156366344005956
堆叠融合,1.0,0.030167597765363128
堆叠融合,1.0,0.030178837555886736
堆叠融合,1.0,0.030190085724934774
堆叠融合,1.0,0.030201342281879196
堆叠融合,1.0,0.03021260723610593
堆叠融合,1.0,0.030223880597014925
堆叠融合,1.0,0.030235162374020158
堆叠融合,1.0,0.030246452576549662
堆叠融合,1.0,0.030257751214045572
堆叠融合,1.0,0.030269058295964126
堆叠融合,1.0,0.0302803738317757
堆叠融合,1.0,0.03029169783096485
堆叠融合,1.0,0.030303030303030304
堆叠融合,1.0,0.03031437125748503
堆叠融合,1.0,0.030325720703856234
堆叠融合,1.0,0.030337078651685393
堆叠融合,1.0,0.030348445110528286
堆叠融合,1.0,0.030359820089955022
堆叠融合,1.0,0.030371203599550055
堆叠融合,1.0,0.030382595648912228
堆叠融合,1.0,0.030393996247654785
堆叠融合,1.0,0.030405405405405407
堆叠融合,1.0,0.030416823131806235
堆叠融合,1.0,0.0304282494365139
堆叠融合,1.0,0.030439684329199548
堆叠融合,1.0,0.03045112781954887
堆叠融合,1.0,0.030462579917262127
堆叠融合,1.0,0.030474040632054177
堆叠融合,1.0,0.030485509973654498
堆叠融合,1.0,0.03049698795180723
堆叠融合,1.0,0.030508474576271188
堆叠融合,1.0,0.030519969856819894
堆叠融合,1.0,0.030531473803241612
堆叠融合,1.0,0.030542986425339366
堆叠融合,1.0,0.03055450773293097
堆叠融合,1.0,0.030566037735849056
堆叠融合,1.0,0.030577576443941108
堆叠融合,1.0,0.030589123867069485
堆叠融合,1.0,0.03060068001511145
堆叠融合,1.0,0.030612244897959183
堆叠融合,1.0,0.03062381852551985
堆叠融合,1.0,0.030635400907715583
堆叠融合,1.0,0.03064699205448354
堆叠融合,1.0,0.030658591975775928
堆叠融合,1.0,0.030670200681560015
堆叠融合,1.0,0.03068181818181818
堆叠融合,1.0,0.030693444486547934
堆叠融合,1.0,0.03070507960576194
堆叠融合,1.0,0.030716723549488054
堆叠融合,1.0,0.030728376327769348
堆叠融合,1.0,0.030740037950664136
堆叠融合,1.0,0.030751708428246014
堆叠融合,1.0,0.030763387770603876
堆叠融合,1.0,0.030775075987841946
堆叠融合,1.0,0.03078677309007982
堆叠融合,1.0,0.030798479087452472
堆叠融合,1.0,0.03081019399011031
堆叠融合,1.0,0.030821917808219176
堆叠融合,1.0,0.030833650551960412
堆叠融合,1.0,0.030845392231530846
堆叠融合,1.0,0.030857142857142857
堆叠融合,1.0,0.03086890243902439
堆叠融合,1.0,0.030880670987418986
堆叠融合,1.0,0.030892448512585814
堆叠融合,1.0,0.030904235024799696
堆叠融合,1.0,0.030916030534351144
堆叠融合,1.0,0.030927835051546393
堆叠融合,1.0,0.030939648586707412
堆叠融合,1.0,0.030951471150171952
堆叠融合,1.0,0.03096330275229358
堆叠融合,1.0,0.030975143403441683
堆叠融合,1.0,0.03098699311400153
堆叠融合,1.0,0.030998851894374284
堆叠融合,1.0,0.031010719754977028
堆叠融合,1.0,0.031022596706242817
堆叠融合,1.0,0.03103448275862069
堆叠融合,1.0,0.0310463779225757
堆叠融合,1.0,0.031058282208588958
堆叠融合,1.0,0.031070195627157654
堆叠融合,1.0,0.03108211818879509
堆叠融合,1.0,0.03109404990403071
堆叠融合,1.0,0.03110599078341014
堆叠融合,1.0,0.0311179408374952
堆叠融合,1.0,0.03112990007686395
堆叠融合,1.0,0.031141868512110725
堆叠融合,1.0,0.031153846153846153
堆叠融合,1.0,0.03116583301269719
堆叠融合,1.0,0.03117782909930716
堆叠融合,1.0,0.03118983442433577
堆叠融合,1.0,0.031201848998459167
堆叠融合,1.0,0.03121387283236994
堆叠融合,1.0,0.03122590593677718
堆叠融合,1.0,0.031237948322406478
堆叠融合,1.0,0.03125
堆叠融合,1.0,0.03126206098031648
堆叠融合,1.0,0.03127413127413128
堆叠融合,1.0,0.031286210892236384
堆叠融合,1.0,0.0312982998454405
堆叠融合,1.0,0.031310398144569
堆叠融合,1.0,0.031322505800464036
堆叠融合,1.0,0.031334622823984526
堆叠融合,1.0,0.03134674922600619
堆叠融合,1.0,0.0313588850174216
堆叠融合,1.0,0.0313710302091402
堆叠融合,1.0,0.031383184812088336
堆叠融合,1.0,0.031395348837209305
堆叠融合,1.0,0.031407522295463355
堆叠融合,1.0,0.031419705197827774
堆叠融合,1.0,0.03143189755529686
堆叠融合,1.0,0.031444099378881984
堆叠融合,1.0,0.03145631067961165
堆叠融合,1.0,0.03146853146853147
堆叠融合,1.0,0.03148076175670424
堆叠融合,1.0,0.031493001555209954
堆叠融合,1.0,0.03150525087514586
堆叠融合,1.0,0.03151750972762646
堆叠融合,1.0,0.031529778123783575
堆叠融合,1.0,0.03154205607476635
堆叠融合,1.0,0.031554343591741335
堆叠融合,1.0,0.03156664068589244
堆叠融合,1.0,0.031578947368421054
堆叠融合,1.0,0.03159126365054602
堆叠融合,1.0,0.03160358954350371
堆叠融合,1.0,0.03161592505854801
堆叠融合,1.0,0.03162827020695041
堆叠融合,1.0,0.031640625
堆叠融合,1.0,0.031652989449003514
堆叠融合,1.0,0.031665363565285376
堆叠融合,1.0,0.03167774736018772
堆叠融合,1.0,0.03169014084507042
堆叠融合,1.0,0.031702544031311154
堆叠融合,1.0,0.031714956930305405
堆叠融合,1.0,0.03172737955346651
堆叠融合,1.0,0.031739811912225704
堆叠融合,1.0,0.031752254018032146
堆叠融合,1.0,0.03176470588235294
堆叠融合,1.0,0.031777167516673206
堆叠融合,1.0,0.031789638932496075
堆叠融合,1.0,0.03180212014134275
堆叠融合,1.0,0.03181461115475255
堆叠融合,1.0,0.03182711198428291
堆叠融合,1.0,0.031839622641509434
堆叠融合,1.0,0.03185214313802595
堆叠融合,1.0,0.031864673485444535
堆叠融合,1.0,0.031877213695395513
堆叠融合,1.0,0.03188976377952756
堆叠融合,1.0,0.03190232374950768
堆叠融合,1.0,0.031914893617021274
堆叠融合,1.0,0.03192747339377217
堆叠融合,1.0,0.03194006309148265
堆叠融合,1.0,0.03195266272189349
堆叠融合,1.0,0.03196527229676401
堆叠融合,1.0,0.03197789182787209
堆叠融合,1.0,0.031990521327014215
堆叠融合,1.0,0.03200316080600553
堆叠融合,1.0,0.032015810276679844
堆叠融合,1.0,0.03202846975088968
堆叠融合,1.0,0.032041139240506326
堆叠融合,1.0,0.03205381875741987
堆叠融合,1.0,0.032066508313539195
堆叠融合,1.0,0.03207920792079208
堆叠融合,1.0,0.032091917591125195
堆叠融合,1.0,0.03210463733650416
堆叠融合,1.0,0.03211736716891356
堆叠融合,1.0,0.032130107100357
堆叠融合,1.0,0.03214285714285714
堆叠融合,1.0,0.03215561730845574
堆叠融合,1.0,0.03216838760921366
堆叠融合,1.0,0.03218116805721097
堆叠融合,1.0,0.0321939586645469
堆叠融合,1.0,0.03220675944333996
堆叠融合,1.0,0.032219570405727926
堆叠融合,1.0,0.03223239156386789
堆叠融合,1.0,0.032245222929936306
堆叠融合,1.0,0.03225806451612903
堆叠融合,1.0,0.03227091633466136
堆叠融合,1.0,0.03228377839776803
堆叠融合,1.0,0.03229665071770335
堆叠融合,1.0,0.03230953330674113
堆叠融合,1.0,0.03232242617717478
堆叠融合,1.0,0.032335329341317366
堆叠融合,1.0,0.032348242811501594
堆叠融合,1.0,0.032361166600079906
堆叠融合,1.0,0.03237410071942446
堆叠融合,1.0,0.032387045181927226
堆叠融合,1.0,0.0324
堆叠融合,1.0,0.03241296518607443
堆叠融合,1.0,0.03242594075260208
堆叠融合,1.0,0.032438926712054464
堆叠融合,1.0,0.03245192307692308
堆叠融合,1.0,0.03246492985971944
堆叠融合,1.0,0.03247794707297514
堆叠融合,1.0,0.032490974729241874
堆叠融合,1.0,0.032504012841091494
堆叠融合,1.0,0.03251706142111602
堆叠融合,1.0,0.03253012048192771
堆叠融合,1.0,0.0325431900361591
堆叠融合,1.0,0.03255627009646302
堆叠融合,1.0,0.032569360675512665
堆叠融合,1.0,0.03258246178600161
堆叠融合,1.0,0.032595573440643864
堆叠融合,1.0,0.03260869565217391
堆叠融合,1.0,0.03262182843334676
堆叠融合,1.0,0.03263497179693795
堆叠融合,1.0,0.032648125755743655
堆叠融合,1.0,0.032661290322580645
堆叠融合,1.0,0.0326744655102864
堆叠融合,1.0,0.03268765133171913
堆叠融合,1.0,0.03270084779975777
堆叠融合,1.0,0.0327140549273021
堆叠融合,1.0,0.03272727272727273
堆叠融合,1.0,0.032740501212611156
堆叠融合,1.0,0.032753740396279825
堆叠融合,1.0,0.032766990291262135
堆叠融合,1.0,0.032780250910562525
堆叠融合,1.0,0.03279352226720648
堆叠融合,1.0,0.032806804374240585
堆叠融合,1.0,0.032820097244732574
堆叠融合,1.0,0.032833400891771385
堆叠融合,1.0,0.032846715328467155
堆叠融合,1.0,0.03286004056795132
堆叠融合,1.0,0.032873376623376624
堆叠融合,1.0,0.03288672350791717
堆叠融合,1.0,0.03290008123476848
堆叠融合,1.0,0.0329134498171475
堆叠融合,1.0,0.032926829268292684
堆叠融合,1.0,0.03294021960146401
堆叠融合,1.0,0.03295362082994304
堆叠融合,1.0,0.03296703296703297
堆叠融合,1.0,0.03298045602605863
堆叠融合,1.0,0.0329938900203666
堆叠融合,1.0,0.03300733496332518
堆叠融合,1.0,0.033020790868324504
堆叠融合,1.0,0.03303425774877651
堆叠融合,1.0,0.033047735618115054
堆叠融合,1.0,0.03306122448979592
堆叠融合,1.0,0.03307472437729685
堆叠融合,1.0,0.03308823529411765
堆叠融合,1.0,0.03310175725378014
堆叠融合,1.0,0.03311529026982829
堆叠融合,1.0,0.033128834355828224
堆叠融合,1.0,0.03314238952536825
堆叠融合,1.0,0.03315595579205895
堆叠融合,1.0,0.033169533169533166
堆叠融合,1.0,0.03318312167144613
堆叠融合,1.0,0.033196721311475406
堆叠融合,1.0,0.033210332103321034
堆叠融合,1.0,0.033223954060705496
堆叠融合,1.0,0.03323758719737382
堆叠融合,1.0,0.0332512315270936
堆叠融合,1.0,0.03326488706365503
堆叠融合,1.0,0.03327855382087099
堆叠融合,1.0,0.03329223181257707
堆叠融合,1.0,0.03330592105263158
堆叠融合,1.0,0.03331962155491567
堆叠融合,1.0,0.03333333333333333
堆叠融合,1.0,0.033347056401811445
堆叠融合,1.0,0.033360790774299834
堆叠融合,1.0,0.03337453646477132
堆叠融合,1.0,0.03338829348722176
堆叠融合,1.0,0.0334020618556701
堆叠融合,1.0,0.03341584158415842
堆叠融合,1.0,0.03342963268675196
堆叠融合,1.0,0.03344343517753923
堆叠融合,1.0,0.03345724907063197
堆叠融合,1.0,0.03347107438016529
堆叠融合,1.0,0.033484911120297646
堆叠融合,1.0,0.033498759305210915
堆叠融合,1.0,0.033512618949110465
堆叠融合,1.0,0.03352649006622516
堆叠融合,1.0,0.03354037267080745
堆叠融合,1.0,0.03355426677713339
堆叠融合,1.0,0.033568172399502695
堆叠融合,1.0,0.033582089552238806
堆叠融合,1.0,0.03359601824968893
堆叠融合,1.0,0.033609958506224065
堆叠融合,1.0,0.033623910336239106
堆叠融合,1.0,0.03363787375415282
堆叠融合,1.0,0.03365184877440797
堆叠融合,1.0,0.03366583541147132
堆叠融合,1.0,0.03367983367983368
堆叠融合,1.0,0.03369384359400998
堆叠融合,1.0,0.033707865168539325
堆叠融合,1.0,0.033721898417985015
堆叠融合,1.0,0.03373594335693461
堆叠融合,1.0,0.03375
堆叠融合,1.0,0.033764068361817424
堆叠融合,1.0,0.03377814845704754
堆叠融合,1.0,0.03379224030037547
堆叠融合,1.0,0.03380634390651085
堆叠融合,1.0,0.03382045929018789
堆叠融合,1.0,0.03383458646616541
堆叠融合,1.0,0.03384872544922691
堆叠融合,1.0,0.0338628762541806
堆叠融合,1.0,0.033877038895859475
堆叠融合,1.0,0.033891213389121336
堆叠融合,1.0,0.03390539974884889
堆叠融合,1.0,0.03391959798994975
堆叠融合,1.0,0.03393380812735652
堆叠融合,1.0,0.03394803017602682
堆叠融合,1.0,0.033962264150943396
堆叠融合,1.0,0.033976510067114093
堆叠融合,1.0,0.03399076793957197
堆叠融合,1.0,0.03400503778337532
堆叠融合,1.0,0.034019319613607726
堆叠融合,1.0,0.03403361344537815
堆叠融合,1.0,0.034047919293820936
堆叠融合,1.0,0.03406223717409588
堆叠融合,1.0,0.0340765671013883
堆叠融合,1.0,0.03409090909090909
堆叠融合,1.0,0.034105263157894736
堆叠融合,1.0,0.03411962931760741
堆叠融合,1.0,0.03413400758533502
堆叠融合,1.0,0.03414839797639123
堆叠融合,1.0,0.034162800506115566
堆叠融合,1.0,0.03417721518987342
堆叠融合,1.0,0.03419164204305614
堆叠融合,1.0,0.03420608108108108
堆叠融合,1.0,0.034220532319391636
堆叠融合,1.0,0.03423499577345731
堆叠融合,1.0,0.034249471458773786
堆叠融合,1.0,0.03426395939086294
堆叠融合,1.0,0.03427845958527296
堆叠融合,1.0,0.03429297205757832
堆叠融合,1.0,0.03430749682337993
堆叠融合,1.0,0.034322033898305085
堆叠融合,1.0,0.03433658329800763
堆叠融合,1.0,0.03435114503816794
堆叠融合,1.0,0.034365719134493
堆叠融合,1.0,0.03438030560271647
堆叠融合,1.0,0.034394904458598725
堆叠融合,1.0,0.034409515717926935
堆叠融合,1.0,0.034424139396515084
堆叠融合,1.0,0.03443877551020408
堆叠融合,1.0,0.03445342407486176
堆叠融合,1.0,0.03446808510638298
堆叠融合,1.0,0.034482758620689655
堆叠融合,1.0,0.034497444633730834
堆叠融合,1.0,0.034512143161482746
堆叠融合,1.0,0.034526854219948847
堆叠融合,1.0,0.034541577825159916
堆叠融合,1.0,0.03455631399317406
堆叠融合,1.0,0.034571062740076826
堆叠融合,1.0,0.034585824081981215
堆叠融合,1.0,0.03460059803502777
堆叠融合,1.0,0.03461538461538462
堆叠融合,1.0,0.03463018383924754
堆叠融合,1.0,0.034644995722840036
堆叠融合,1.0,0.03465982028241335
堆叠融合,1.0,0.034674657534246575
堆叠融合,1.0,0.03468950749464668
堆叠融合,1.0,0.03470437017994859
堆叠融合,1.0,0.034719245606515216
堆叠融合,1.0,0.034734133790737566
堆叠融合,1.0,0.03474903474903475
堆叠融合,1.0,0.03476394849785408
堆叠融合,1.0,0.0347788750536711
堆叠融合,1.0,0.03479381443298969
堆叠融合,1.0,0.034808766652342074
堆叠融合,1.0,0.034823731728288905
堆叠融合,1.0,0.03483870967741935
堆叠融合,1.0,0.034853700516351116
堆叠融合,1.0,0.03486870426173052
堆叠融合,1.0,0.03488372093023256
堆叠融合,1.0,0.034898750538560966
堆叠融合,1.0,0.034913793103448276
堆叠融合,1.0,0.03492884864165589
堆叠融合,1.0,0.034943917169974116
堆叠融合,1.0,0.03495899870522227
堆叠融合,1.0,0.034974093264248704
堆叠融合,1.0,0.03498920086393088
堆叠融合,1.0,0.035004321521175455
堆叠融合,1.0,0.03501945525291829
堆叠融合,1.0,0.03503460207612457
堆叠融合,1.0,0.03504976200778884
堆叠融合,1.0,0.03506493506493506
堆叠融合,1.0,0.035080121264616716
堆叠融合,1.0,0.03509532062391681
堆叠融合,1.0,0.035110533159947985
堆叠融合,1.0,0.03512575888985256
堆叠融合,1.0,0.0351409978308026
堆叠融合,1.0,0.03515625
堆叠融合,1.0,0.03517151541467651
堆叠融合,1.0,0.03518679409209383
堆叠融合,1.0,0.035202086049543675
堆叠融合,1.0,0.035217391304347825
堆叠融合,1.0,0.0352327098738582
堆叠融合,1.0,0.03524804177545692
堆叠融合,1.0,0.035263387026556375
堆叠融合,1.0,0.035278745644599305
堆叠融合,1.0,0.03529411764705882
堆叠融合,1.0,0.03530950305143853
堆叠融合,1.0,0.03532490187527257
堆叠融合,1.0,0.03534031413612566
堆叠融合,1.0,0.03535573985159319
堆叠融合,1.0,0.03537117903930131
堆叠融合,1.0,0.035386631716906945
堆叠融合,1.0,0.035402097902097904
堆叠融合,1.0,0.03541757761259292
堆叠融合,1.0,0.03543307086614173
堆叠融合,1.0,0.035448577680525166
堆叠融合,1.0,0.03546409807355517
堆叠融合,1.0,0.035479632063074903
堆叠融合,1.0,0.03549517966695881
堆叠融合,1.0,0.03551074090311267
堆叠融合,1.0,0.035526315789473684
堆叠融合,1.0,0.03554190434401053
堆叠融合,1.0,0.03555750658472344
堆叠融合,1.0,0.03557312252964427
堆叠融合,1.0,0.035588752196836555
堆叠融合,1.0,0.03560439560439561
堆叠融合,1.0,0.03562005277044855
堆叠融合,1.0,0.03563572371315442
堆叠融合,1.0,0.035651408450704226
堆叠融合,1.0,0.035667107001321
堆叠融合,1.0,0.035682819383259914
堆叠融合,1.0,0.035698545614808286
堆叠融合,1.0,0.03571428571428571
堆叠融合,1.0,0.03573003970004411
堆叠融合,1.0,0.03574580759046778
堆叠融合,1.0,0.03576158940397351
堆叠融合,1.0,0.0357773851590106
堆叠融合,1.0,0.035793194874060984
堆叠融合,1.0,0.03580901856763926
堆叠融合,1.0,0.03582485625829279
堆叠融合,1.0,0.03584070796460177
堆叠融合,1.0,0.035856573705179286
堆叠融合,1.0,0.03587245349867139
堆叠融合,1.0,0.0358883473637572
堆叠融合,1.0,0.03590425531914894
堆叠融合,1.0,0.03592017738359202
堆叠融合,1.0,0.03593611357586513
堆叠融合,1.0,0.03595206391478029
堆叠融合,1.0,0.03596802841918295
堆叠融合,1.0,0.03598400710795202
堆叠融合,1.0,0.036
堆叠融合,1.0,0.03601600711427301
堆叠融合,1.0,0.03603202846975089
堆叠融合,1.0,0.036048064085447265
堆叠融合,1.0,0.036064113980409616
堆叠融合,1.0,0.03608017817371938
堆叠融合,1.0,0.03609625668449198
堆叠融合,1.0,0.03611234953187695
堆叠融合,1.0,0.03612845673505798
堆叠融合,1.0,0.03614457831325301
堆叠融合,1.0,0.03616071428571429
堆叠融合,1.0,0.036176864671728454
堆叠融合,1.0,0.036193029490616625
堆叠融合,1.0,0.03620920876173447
堆叠融合,1.0,0.03622540250447227
堆叠融合,1.0,0.036241610738255034
堆叠融合,1.0,0.03625783348254252
堆叠融合,1.0,0.036274070756829375
堆叠融合,1.0,0.036290322580645164
堆叠融合,1.0,0.03630658897355446
堆叠融合,1.0,0.03632286995515695
堆叠融合,1.0,0.03633916554508748
堆叠融合,1.0,0.036355475763016155
堆叠融合,1.0,0.03637180062864841
堆叠融合,1.0,0.03638814016172507
堆叠融合,1.0,0.03640449438202247
堆叠融合,1.0,0.03642086330935252
堆叠融合,1.0,0.03643724696356275
堆叠融合,1.0,0.036453645364536456
堆叠融合,1.0,0.036470058532192706
堆叠融合,1.0,0.03648648648648649
堆叠融合,1.0,0.03650292924740874
堆叠融合,1.0,0.03651938683498648
堆叠融合,1.0,0.036535859269282815
堆叠融合,1.0,0.03655234657039711
堆叠融合,1.0,0.036568848758465014
堆叠融合,1.0,0.036585365853658534
堆叠融合,1.0,0.036601897876186174
堆叠融合,1.0,0.036618444846292945
堆叠融合,1.0,0.036635006784260515
堆叠融合,1.0,0.03665158371040724
堆叠融合,1.0,0.03666817564508828
堆叠融合,1.0,0.036684782608695655
堆叠融合,1.0,0.03670140462165836
堆叠融合,1.0,0.03671804170444243
堆叠融合,1.0,0.036734693877551024
堆叠融合,1.0,0.0367513611615245
堆叠融合,1.0,0.03676804357694054
堆叠融合,1.0,0.03678474114441417
堆叠融合,1.0,0.03680145388459791
堆叠融合,1.0,0.03681818181818182
堆叠融合,1.0,0.036834924965893585
堆叠融合,1.0,0.036851683348498636
堆叠融合,1.0,0.036868456986800184
堆叠融合,1.0,0.036885245901639344
堆叠融合,1.0,0.03690205011389522
堆叠融合,1.0,0.03691886964448496
堆叠融合,1.0,0.036935704514363885
堆叠融合,1.0,0.03695255474452555
堆叠融合,1.0,0.03696942035600183
堆叠融合,1.0,0.036986301369863014
堆叠融合,1.0,0.037003197807217905
堆叠融合,1.0,0.0370201096892139
堆叠融合,1.0,0.037037037037037035
堆叠融合,1.0,0.03705397987191217
堆叠融合,1.0,0.037070938215102975
堆叠融合,1.0,0.03708791208791209
堆叠融合,1.0,0.03710490151168117
堆叠融合,1.0,0.03712190650779102
堆叠融合,1.0,0.037138927097661624
堆叠融合,1.0,0.037155963302752296
堆叠融合,1.0,0.03717301514456173
堆叠融合,1.0,0.0371900826446281
堆叠融合,1.0,0.03720716582452917
堆叠融合,1.0,0.03722426470588235
堆叠融合,1.0,0.037241379310344824
堆叠融合,1.0,0.037258509659613616
堆叠融合,1.0,0.03727565577542568
堆叠融合,1.0,0.03729281767955801
堆叠融合,1.0,0.037309995393827726
堆叠融合,1.0,0.03732718894009217
堆叠融合,1.0,0.03734439834024896
堆叠融合,1.0,0.03736162361623616
堆叠融合,1.0,0.0373788647900323
堆叠融合,1.0,0.037396121883656507
堆叠融合,1.0,0.03741339491916859
堆叠融合,1.0,0.03743068391866913
堆叠融合,1.0,0.03744798890429958
堆叠融合,1.0,0.03746530989824237
堆叠融合,1.0,0.037482646922720964
堆叠融合,1.0,0.0375
堆叠融合,1.0,0.03751736915238536
堆叠融合,1.0,0.037534754402224285
堆叠融合,1.0,0.037552155771905425
堆叠融合,1.0,0.037569573283859
堆叠融合,1.0,0.03758700696055684
堆叠融合,1.0,0.037604456824512536
堆叠融合,1.0,0.037621922898281465
堆叠融合,1.0,0.03763940520446097
堆叠融合,1.0,0.03765690376569038
堆叠融合,1.0,0.037674418604651164
堆叠融合,1.0,0.037691949744067005
堆叠融合,1.0,0.03770949720670391
堆叠融合,1.0,0.03772706101537028
堆叠融合,1.0,0.03774464119291705
堆叠融合,1.0,0.03776223776223776
堆叠融合,1.0,0.037779850746268655
堆叠融合,1.0,0.0377974801679888
堆叠融合,1.0,0.037815126050420166
堆叠融合,1.0,0.037832788416627745
堆叠融合,1.0,0.03785046728971963
堆叠融合,1.0,0.037868162692847124
堆叠融合,1.0,0.03788587464920486
堆叠融合,1.0,0.037903603182030884
堆叠融合,1.0,0.037921348314606744
堆叠融合,1.0,0.03793911007025761
堆叠融合,1.0,0.03795688847235239
堆叠融合,1.0,0.0379746835443038
堆叠融合,1.0,0.03799249530956848
堆叠融合,1.0,0.038010323791647115
堆叠融合,1.0,0.038028169014084505
堆叠融合,1.0,0.0380460310004697
堆叠融合,1.0,0.03806390977443609
堆叠融合,1.0,0.0380818053596615
堆叠融合,1.0,0.0380997177798683
堆叠融合,1.0,0.03811764705882353
堆叠融合,1.0,0.038135593220338986
堆叠融合,1.0,0.038153556288271315
堆叠融合,1.0,0.03817153628652215
堆叠融合,1.0,0.03818953323903819
堆叠融合,1.0,0.03820754716981132
堆叠融合,1.0,0.038225578102878716
堆叠融合,1.0,0.03824362606232295
堆叠融合,1.0,0.038261691072272085
堆叠融合,1.0,0.03827977315689981
堆叠融合,1.0,0.03829787234042553
堆叠融合,1.0,0.038315988647114475
堆叠融合,1.0,0.038334122101277804
堆叠融合,1.0,0.03835227272727273
堆叠融合,1.0,0.03837044054950261
堆叠融合,1.0,0.03838862559241706
堆叠融合,1.0,0.03840682788051209
堆叠融合,1.0,0.03842504743833017
堆叠融合,1.0,0.03844328429046037
堆叠融合,1.0,0.038461538461538464
堆叠融合,1.0,0.03847980997624703
堆叠融合,1.0,0.03849809885931559
堆叠融合,1.0,0.03851640513552068
堆叠融合,1.0,0.03853472882968601
堆叠融合,1.0,0.038553069966682535
堆叠融合,1.0,0.03857142857142857
堆叠融合,1.0,0.03858980466888995
堆叠融合,1.0,0.038608198284080075
堆叠融合,1.0,0.03862660944206009
堆叠融合,1.0,0.03864503816793893
堆叠融合,1.0,0.03866348448687351
堆叠融合,1.0,0.03868194842406877
堆叠融合,1.0,0.03870043000477783
堆叠融合,1.0,0.038718929254302106
堆叠融合,1.0,0.03873744619799139
堆叠融合,1.0,0.038755980861244016
堆叠融合,1.0,0.038774533269506944
堆叠融合,1.0,0.03879310344827586
堆叠融合,1.0,0.03881169142309535
堆叠融合,1.0,0.03883029721955897
堆叠融合,1.0,0.03884892086330935
堆叠融合,1.0,0.03886756238003839
堆叠融合,1.0,0.03888622179548728
堆叠融合,1.0,0.03890489913544669
堆叠融合,1.0,0.038923594425756845
堆叠融合,1.0,0.03894230769230769
堆叠融合,1.0,0.03896103896103896
堆叠融合,1.0,0.03897978825794033
堆叠融合,1.0,0.038998555609051515
堆叠融合,1.0,0.03901734104046243
堆叠融合,1.0,0.03903614457831325
堆叠融合,1.0,0.0390549662487946
堆叠融合,1.0,0.03907380607814761
堆叠融合,1.0,0.03909266409266409
堆叠融合,1.0,0.039111540318686626
堆叠融合,1.0,0.0391304347826087
堆叠融合,1.0,0.039149347510874816
堆叠融合,1.0,0.03916827852998066
堆叠融合,1.0,0.03918722786647315
堆叠融合,1.0,0.03920619554695063
堆叠融合,1.0,0.03922518159806295
堆叠融合,1.0,0.03924418604651163
堆叠融合,1.0,0.03926320891904993
堆叠融合,1.0,0.039282250242483024
堆叠融合,1.0,0.039301310043668124
堆叠融合,1.0,0.03932038834951456
堆叠融合,1.0,0.03933948518698397
堆叠融合,1.0,0.03935860058309038
堆叠融合,1.0,0.03937773456490034
堆叠融合,1.0,0.03939688715953307
堆叠融合,1.0,0.03941605839416058
堆叠融合,1.0,0.03943524829600779
堆叠融合,1.0,0.039454456892352656
堆叠融合,1.0,0.039473684210526314
堆叠融合,1.0,0.039492930277913216
堆叠融合,1.0,0.03951219512195122
堆叠融合,1.0,0.03953147877013177
堆叠融合,1.0,0.03955078125
堆叠融合,1.0,0.03957010258915486
堆叠融合,1.0,0.039589442815249266
堆叠融合,1.0,0.03960880195599022
堆叠融合,1.0,0.03962818003913894
堆叠融合,1.0,0.039647577092511016
堆叠融合,1.0,0.039666993143976495
堆叠融合,1.0,0.03968642822146007
堆叠融合,1.0,0.039705882352941174
堆叠融合,1.0,0.039725355566454144
堆叠融合,1.0,0.03974484789008832
堆叠融合,1.0,0.039764359351988215
堆叠融合,1.0,0.039783889980353634
堆叠融合,1.0,0.039803439803439804
堆叠融合,1.0,0.03982300884955752
堆叠融合,1.0,0.03984259714707329
堆叠融合,1.0,0.03986220472440945
堆叠融合,1.0,0.03988183161004431
堆叠融合,1.0,0.039901477832512314
堆叠融合,1.0,0.03992114342040414
堆叠融合,1.0,0.03994082840236687
堆叠融合,1.0,0.03996053280710409
堆叠融合,1.0,0.03998025666337611
堆叠融合,1.0,0.04
堆叠融合,1.0,0.0400197628458498
堆叠融合,1.0,0.04003954522985665
堆叠融合,1.0,0.040059347181008904
堆叠融合,1.0,0.0400791687283523
堆叠融合,1.0,0.0400990099009901
堆叠融合,1.0,0.04011887072808321
堆叠融合,1.0,0.04013875123885035
堆叠融合,1.0,0.04015865146256817
堆叠融合,1.0,0.04017857142857143
堆叠融合,1.0,0.0401985111662531
堆叠融合,1.0,0.04021847070506455
堆叠融合,1.0,0.040238450074515646
堆叠融合,1.0,0.04025844930417495
堆叠融合,1.0,0.04027846842366982
堆叠融合,1.0,0.04029850746268657
堆叠融合,1.0,0.04031856645097063
堆叠融合,1.0,0.04033864541832669
堆叠融合,1.0,0.04035874439461883
堆叠融合,1.0,0.04037886340977069
堆叠融合,1.0,0.04039900249376559
堆叠融合,1.0,0.040419161676646706
堆叠融合,1.0,0.040439340988517224
堆叠融合,1.0,0.040459540459540456
堆叠融合,1.0,0.04047976011994003
堆叠融合,1.0,0.0405
堆叠融合,1.0,0.04052026013006503
堆叠融合,1.0,0.04054054054054054
堆叠融合,1.0,0.04056084126189284
堆叠融合,1.0,0.0405811623246493
堆叠融合,1.0,0.0406015037593985
堆叠融合,1.0,0.040621865596790374
堆叠融合,1.0,0.040642247867536375
堆叠融合,1.0,0.04066265060240964
堆叠融合,1.0,0.040683073832245106
堆叠融合,1.0,0.0407035175879397
堆叠融合,1.0,0.04072398190045249
堆叠融合,1.0,0.04074446680080483
堆叠融合,1.0,0.04076497232008052
堆叠融合,1.0,0.04078549848942598
堆叠融合,1.0,0.040806045340050376
堆叠融合,1.0,0.040826612903225805
堆叠融合,1.0,0.04084720121028744
堆叠融合,1.0,0.040867810292633706
堆叠融合,1.0,0.0408884401817264
堆叠融合,1.0,0.04090909090909091
堆叠融合,1.0,0.040929762506316324
堆叠融合,1.0,0.04095045500505561
堆叠融合,1.0,0.0409711684370258
堆叠融合,1.0,0.040991902834008095
堆叠融合,1.0,0.0410126582278481
堆叠融合,1.0,0.041033434650455926
堆叠融合,1.0,0.041054232133806386
堆叠融合,1.0,0.04107505070993915
堆叠融合,1.0,0.0410958904109589
堆叠融合,1.0,0.04111675126903553
堆叠融合,1.0,0.041137633316404264
堆叠融合,1.0,0.041158536585365856
堆叠融合,1.0,0.041179461108286734
堆叠融合,1.0,0.041200406917599186
堆叠融合,1.0,0.04122137404580153
堆叠融合,1.0,0.04124236252545825
堆叠融合,1.0,0.041263372389200206
堆叠融合,1.0,0.04128440366972477
堆叠融合,1.0,0.04130545639979602
堆叠融合,1.0,0.0413265306122449
堆叠融合,1.0,0.04134762633996937
堆叠融合,1.0,0.04136874361593463
堆叠融合,1.0,0.041389882473173226
堆叠融合,1.0,0.04141104294478527
堆叠融合,1.0,0.04143222506393862
堆叠融合,1.0,0.041453428863868984
堆叠融合,1.0,0.041474654377880185
堆叠融合,1.0,0.04149590163934426
堆叠融合,1.0,0.041517170681701694
堆叠融合,1.0,0.04153846153846154
堆叠融合,1.0,0.04155977424320164
堆叠融合,1.0,0.04158110882956879
堆叠融合,1.0,0.04160246533127889
堆叠融合,1.0,0.04162384378211716
堆叠融合,1.0,0.0416452442159383
堆叠融合,1.0,0.041666666666666664
堆叠融合,1.0,0.041688111168296446
堆叠融合,1.0,0.04170957775489186
堆叠融合,1.0,0.04173106646058733
堆叠融合,1.0,0.041752577319587626
堆叠融合,1.0,0.04177411036616813
堆叠融合,1.0,0.04179566563467492
堆叠融合,1.0,0.041817243159525036
堆叠融合,1.0,0.04183884297520661
堆叠融合,1.0,0.04186046511627907
堆叠融合,1.0,0.04188210961737332
堆叠融合,1.0,0.04190377651319193
堆叠融合,1.0,0.04192546583850932
堆叠融合,1.0,0.04194717762817193
堆叠融合,1.0,0.04196891191709844
堆叠融合,1.0,0.041990668740279936
堆叠融合,1.0,0.042012448132780086
堆叠融合,1.0,0.04203425012973534
堆叠融合,1.0,0.04205607476635514
堆叠融合,1.0,0.042077922077922075
堆叠融合,1.0,0.0420997920997921
堆叠融合,1.0,0.0421216848673947
堆叠融合,1.0,0.04214360041623309
堆叠融合,1.0,0.042165538781884435
堆叠融合,1.0,0.0421875
堆叠融合,1.0,0.042209484106305366
堆叠融合,1.0,0.04223149113660062
堆叠融合,1.0,0.04225352112676056
堆叠融合,1.0,0.042275574112734866
堆叠融合,1.0,0.0422976501305483
堆叠融合,1.0,0.04231974921630094
堆叠融合,1.0,0.042341871406168324
堆叠融合,1.0,0.04236401673640167
堆叠融合,1.0,0.0423861852433281
堆叠融合,1.0,0.042408376963350786
堆叠融合,1.0,0.04243059193294919
堆叠融合,0.9876543209876543,0.041928721174004195
堆叠融合,0.9876543209876543,0.04195070791819612
堆叠融合,0.9876543209876543,0.04197271773347324
堆叠融合,0.9876543209876543,0.04199475065616798
堆叠融合,0.9876543209876543,0.04201680672268908
堆叠融合,0.9876543209876543,0.04203888596952181
堆叠融合,0.9876543209876543,0.04206098843322818
堆叠融合,0.9876543209876543,0.04208311415044713
堆叠融合,0.9876543209876543,0.042105263157894736
堆叠融合,0.9876543209876543,0.042127435492364404
堆叠融合,0.9876543209876543,0.04214963119072708
堆叠融合,0.9876543209876543,0.04217185028993147
堆叠融合,0.9876543209876543,0.04219409282700422
堆叠融合,0.9876543209876543,0.04221635883905013
堆叠融合,0.9876543209876543,0.042238648363252376
堆叠融合,0.9876543209876543,0.04226096143687269
堆叠融合,0.9876543209876543,0.042283298097251586
堆叠融合,0.9876543209876543,0.04230565838180857
堆叠融合,0.9876543209876543,0.042328042328042326
堆叠融合,0.9876543209876543,0.04235044997353097
堆叠融合,0.9876543209876543,0.0423728813559322
堆叠融合,0.9876543209876543,0.04239533651298357
堆叠融合,0.9876543209876543,0.042417815482502653
堆叠融合,0.9876543209876543,0.042440318302387266
堆叠融合,0.9876543209876543,0.04246284501061571
堆叠融合,0.9876543209876543,0.04248539564524695
堆叠融合,0.9876543209876543,0.04250797024442083
堆叠融合,0.9876543209876543,0.04253056884635832
堆叠融合,0.9876543209876543,0.0425531914893617
堆叠融合,0.9876543209876543,0.04257583821181479
堆叠融合,0.9876543209876543,0.042598509052183174
堆叠融合,0.9876543209876543,0.042621204049014386
堆叠融合,0.9876543209876543,0.042643923240938165
堆叠融合,0.9876543209876543,0.042666666666666665
堆叠融合,0.9876543209876543,0.042689434364994665
堆叠融合,0.9876543209876543,0.04271222637479979
堆叠融合,0.9876543209876543,0.042735042735042736
堆叠融合,0.9876543209876543,0.04275788348476751
堆叠融合,0.9876543209876543,0.0427807486631016
堆叠融合,0.9876543209876543,0.042803638309256285
堆叠融合,0.9876543209876543,0.042826552462526764
堆叠融合,0.9876543209876543,0.04284949116229245
堆叠融合,0.9876543209876543,0.04287245444801715
堆叠融合,0.9876543209876543,0.04289544235924933
堆叠融合,0.9876543209876543,0.04291845493562232
堆叠融合,0.9876543209876543,0.04294149221685454
堆叠融合,0.9876543209876543,0.04296455424274973
堆叠融合,0.9876543209876543,0.042987641053197204
堆叠融合,0.9876543209876543,0.043010752688172046
堆叠融合,0.9876543209876543,0.04303388918773534
堆叠融合,0.9876543209876543,0.04305705059203445
堆叠融合,0.9876543209876543,0.043080236941303175
堆叠融合,0.9876543209876543,0.04310344827586207
堆叠融合,0.9876543209876543,0.0431266846361186
堆叠融合,0.9876543209876543,0.043149946062567425
堆叠融合,0.9876543209876543,0.04317323259579061
堆叠融合,0.9876543209876543,0.04319654427645788
堆叠融合,0.9876543209876543,0.04321988114532685
堆叠融合,0.9876543209876543,0.043243243243243246
堆叠融合,0.9876543209876543,0.04326663061114116
堆叠融合,0.9876543209876543,0.04329004329004329
堆叠融合,0.9876543209876543,0.04331348132106118
堆叠融合,0.9876543209876543,0.04333694474539545
堆叠融合,0.9876543209876543,0.04336043360433604
堆叠融合,0.9876543209876543,0.04338394793926247
堆叠融合,0.9876543209876543,0.04340748779164406
堆叠融合,0.9876543209876543,0.04343105320304017
堆叠融合,0.9876543209876543,0.04345464421510049
堆叠融合,0.9876543209876543,0.043478260869565216
堆叠融合,0.9876543209876543,0.043501903208265365
堆叠融合,0.9876543209876543,0.04352557127312296
堆叠融合,0.9876543209876543,0.043549265106151334
堆叠融合,0.9876543209876543,0.04357298474945534
堆叠融合,0.9876543209876543,0.043596730245231606
堆叠融合,0.9876543209876543,0.04362050163576881
堆叠融合,0.9876543209876543,0.0436442989634479
堆叠融合,0.9876543209876543,0.043668122270742356
堆叠融合,0.9876543209876543,0.04369197160021846
堆叠融合,0.9876543209876543,0.04371584699453552
堆叠融合,0.9876543209876543,0.04373974849644614
堆叠融合,0.9876543209876543,0.0437636761487965
堆叠融合,0.9876543209876543,0.043787629994526546
堆叠融合,0.9876543209876543,0.04381161007667032
堆叠融合,0.9876543209876543,0.043835616438356165
堆叠融合,0.9876543209876543,0.043859649122807015
堆叠融合,0.9876543209876543,0.04388370817334065
堆叠融合,0.9876543209876543,0.043907793633369926
堆叠融合,0.9876543209876543,0.043931905546403076
堆叠融合,0.9876543209876543,0.04395604395604396
堆叠融合,0.9876543209876543,0.0439802089059923
堆叠融合,0.9876543209876543,0.04400440044004401
堆叠融合,0.9876543209876543,0.04402861860209136
堆叠融合,0.9876543209876543,0.04405286343612335
堆叠融合,0.9876543209876543,0.0440771349862259
堆叠融合,0.9876543209876543,0.044101433296582136
堆叠融合,0.9876543209876543,0.0441257584114727
堆叠融合,0.9876543209876543,0.04415011037527594
堆叠融合,0.9876543209876543,0.04417448923246825
堆叠融合,0.9876543209876543,0.04419889502762431
堆叠融合,0.9876543209876543,0.04422332780541736
堆叠融合,0.9876543209876543,0.04424778761061947
堆叠融合,0.9876543209876543,0.04427227448810182
堆叠融合,0.9876543209876543,0.044296788482835
堆叠融合,0.9876543209876543,0.0443213296398892
堆叠融合,0.9876543209876543,0.04434589800443459
堆叠融合,0.9876543209876543,0.044370493621741544
堆叠融合,0.9876543209876543,0.04439511653718091
堆叠融合,0.9876543209876543,0.04441976679622432
堆叠融合,0.9876543209876543,0.044444444444444446
堆叠融合,0.9876543209876543,0.04446914952751529
堆叠融合,0.9876543209876543,0.04449388209121246
堆叠融合,0.9876543209876543,0.044518642181413465
堆叠融合,0.9876543209876543,0.044543429844097995
堆叠融合,0.9876543209876543,0.04456824512534819
堆叠融合,0.9876543209876543,0.044593088071348944
堆叠融合,0.9876543209876543,0.044617958728388175
堆叠融合,0.9876543209876543,0.044642857142857144
堆叠融合,0.9876543209876543,0.0446677833612507
堆叠融合,0.9876543209876543,0.0446927374301676
堆叠融合,0.9876543209876543,0.044717719396310786
堆叠融合,0.9876543209876543,0.0447427293064877
堆叠融合,0.9876543209876543,0.04476776720761052
堆叠融合,0.9876543209876543,0.04479283314669653
堆叠融合,0.9876543209876543,0.04481792717086835
堆叠融合,0.9876543209876543,0.04484304932735426
堆叠融合,0.9876543209876543,0.044868199663488505
堆叠融合,0.9876543209876543,0.04489337822671156
堆叠融合,0.9876543209876543,0.044918585064570464
堆叠融合,0.9876543209876543,0.0449438202247191
堆叠融合,0.9876543209876543,0.044969083754918496
堆叠融合,0.9876543209876543,0.04499437570303712
堆叠融合,0.9876543209876543,0.04501969611705121
堆叠融合,0.9876543209876543,0.04504504504504504
堆叠融合,0.9876543209876543,0.04507042253521127
堆叠融合,0.9876543209876543,0.04509582863585118
堆叠融合,0.9876543209876543,0.04512126339537507
堆叠融合,0.9876543209876543,0.045146726862302484
堆叠融合,0.9876543209876543,0.04517221908526256
堆叠融合,0.9876543209876543,0.04519774011299435
堆叠融合,0.9876543209876543,0.04522328999434709
堆叠融合,0.9876543209876543,0.04524886877828054
堆叠融合,0.9876543209876543,0.045274476513865305
堆叠融合,0.9876543209876543,0.045300113250283124
堆叠融合,0.9876543209876543,0.0453257790368272
堆叠融合,0.9876543209876543,0.045351473922902494
堆叠融合,0.9876543209876543,0.04537719795802609
堆叠融合,0.9876543209876543,0.04540295119182747
堆叠融合,0.9876543209876543,0.045428733674048836
堆叠融合,0.9876543209876543,0.045454545454545456
堆叠融合,0.9876543209876543,0.04548038658328596
堆叠融合,0.9876543209876543,0.04550625711035267
堆叠融合,0.9876543209876543,0.045532157085941945
堆叠融合,0.9876543209876543,0.04555808656036447
堆叠融合,0.9876543209876543,0.045584045584045586
堆叠融合,0.9876543209876543,0.04561003420752566
堆叠融合,0.9876543209876543,0.045636052481460354
堆叠融合,0.9876543209876543,0.045662100456621
堆叠融合,0.9876543209876543,0.045688178183894916
堆叠融合,0.9876543209876543,0.045714285714285714
堆叠融合,0.9876543209876543,0.045740423098913664
堆叠融合,0.9876543209876543,0.04576659038901602
堆叠融合,0.9876543209876543,0.04579278763594734
堆叠融合,0.9876543209876543,0.045819014891179836
堆叠融合,0.9876543209876543,0.045845272206303724
堆叠融合,0.9876543209876543,0.045871559633027525
堆叠融合,0.9876543209876543,0.04589787722317843
堆叠融合,0.9876543209876543,0.045924225028702644
堆叠融合,0.9876543209876543,0.04595060310166571
堆叠融合,0.9876543209876543,0.04597701149425287
堆叠融合,0.9876543209876543,0.04600345025876941
堆叠融合,0.9876543209876543,0.04602991944764097
堆叠融合,0.9876543209876543,0.04605641911341393
堆叠融合,0.9876543209876543,0.04608294930875576
堆叠融合,0.9876543209876543,0.04610951008645533
堆叠融合,0.9876543209876543,0.0461361014994233
堆叠融合,0.9876543209876543,0.04616272360069244
堆叠融合,0.9876543209876543,0.046189376443418015
堆叠融合,0.9876543209876543,0.046216060080878106
堆叠融合,0.9876543209876543,0.046242774566473986
堆叠融合,0.9876543209876543,0.04626951995373048
堆叠融合,0.9876543209876543,0.046296296296296294
堆叠融合,0.9876543209876543,0.04632310364794441
堆叠融合,0.9876543209876543,0.046349942062572425
堆叠融合,0.9876543209876543,0.0463768115942029
堆叠融合,0.9876543209876543,0.04640371229698376
堆叠融合,0.9876543209876543,0.046430644225188625
堆叠融合,0.9876543209876543,0.04645760743321719
堆叠融合,0.9876543209876543,0.046484601975595584
堆叠融合,0.9876543209876543,0.046511627906976744
堆叠融合,0.9876543209876543,0.04653868528214078
堆叠融合,0.9876543209876543,0.046565774155995346
堆叠融合,0.9876543209876543,0.046592894583576
堆叠融合,0.9876543209876543,0.046620046620046623
堆叠融合,0.9876543209876543,0.04664723032069971
堆叠融合,0.9876543209876543,0.046674445740956826
堆叠融合,0.9876543209876543,0.046701692936368944
堆叠融合,0.9876543209876543,0.04672897196261682
堆叠融合,0.9876543209876543,0.046756282875511396
堆叠融合,0.9876543209876543,0.04678362573099415
堆叠融合,0.9876543209876543,0.046811000585137506
堆叠融合,0.9876543209876543,0.0468384074941452
堆叠融合,0.9876543209876543,0.04686584651435267
堆叠融合,0.9876543209876543,0.04689331770222743
堆叠融合,0.9876543209876543,0.0469208211143695
堆叠融合,0.9876543209876543,0.046948356807511735
堆叠融合,0.9876543209876543,0.046975924838520255
堆叠融合,0.9876543209876543,0.04700352526439483
堆叠融合,0.9876543209876543,0.047031158142269255
堆叠融合,0.9876543209876543,0.047058823529411764
堆叠融合,0.9876543209876543,0.047086521483225424
堆叠融合,0.9876543209876543,0.04711425206124853
堆叠融合,0.9876543209876543,0.04714201532115498
堆叠融合,0.9876543209876543,0.04716981132075472
堆叠融合,0.9876543209876543,0.0471976401179941
堆叠融合,0.9876543209876543,0.047225501770956316
堆叠融合,0.9876543209876543,0.04725339633786178
堆叠融合,0.9876543209876543,0.04728132387706856
堆叠融合,0.9876543209876543,0.04730928444707274
堆叠融合,0.9876543209876543,0.047337278106508875
堆叠融合,0.9876543209876543,0.047365304914150384
堆叠融合,0.9876543209876543,0.04739336492890995
堆叠融合,0.9876543209876543,0.04742145820983995
堆叠融合,0.9876543209876543,0.04744958481613286
堆叠融合,0.9876543209876543,0.04747774480712166
堆叠融合,0.9876543209876543,0.047505938242280284
堆叠融合,0.9876543209876543,0.047534165181224004
堆叠融合,0.9876543209876543,0.04756242568370987
堆叠融合,0.9876543209876543,0.04759071980963712
堆叠融合,0.9876543209876543,0.047619047619047616
堆叠融合,0.9876543209876543,0.047647409172126266
堆叠融合,0.9876543209876543,0.04767580452920143
堆叠融合,0.9876543209876543,0.04770423375074538
堆叠融合,0.9876543209876543,0.0477326968973747
堆叠融合,0.9876543209876543,0.04776119402985075
堆叠融合,0.9876543209876543,0.04778972520908005
堆叠融合,0.9876543209876543,0.04781829049611477
堆叠融合,0.9876543209876543,0.04784688995215311
堆叠融合,0.9876543209876543,0.047875523638539794
堆叠融合,0.9876543209876543,0.04790419161676647
堆叠融合,0.9876543209876543,0.04793289394847214
堆叠融合,0.9876543209876543,0.047961630695443645
堆叠融合,0.9876543209876543,0.04799040191961608
堆叠融合,0.9876543209876543,0.04801920768307323
堆叠融合,0.9876543209876543,0.04804804804804805
堆叠融合,0.9876543209876543,0.04807692307692308
堆叠融合,0.9876543209876543,0.04810583283223091
堆叠融合,0.9876543209876543,0.048134777376654635
堆叠融合,0.9876543209876543,0.048163756773028296
堆叠融合,0.9876543209876543,0.04819277108433735
堆叠融合,0.9876543209876543,0.04822182037371911
堆叠融合,0.9876543209876543,0.04825090470446321
堆叠融合,0.9876543209876543,0.04828002414001207
堆叠融合,0.9876543209876543,0.04830917874396135
堆叠融合,0.9876543209876543,0.04833836858006042
堆叠融合,0.9876543209876543,0.04836759371221282
堆叠融合,0.9876543209876543,0.04839685420447671
堆叠融合,0.9876543209876543,0.048426150121065374
堆叠融合,0.9876543209876543,0.04845548152634767
堆叠融合,0.9876543209876543,0.048484848484848485
堆叠融合,0.9876543209876543,0.04851425106124924
堆叠融合,0.9876543209876543,0.04854368932038835
堆叠融合,0.9876543209876543,0.048573163327261686
堆叠融合,0.9876543209876543,0.04860267314702309
堆叠融合,0.9876543209876543,0.0486322188449848
堆叠融合,0.9876543209876543,0.04866180048661801
堆叠融合,0.9876543209876543,0.048691418137553254
堆叠融合,0.9876543209876543,0.048721071863580996
堆叠融合,0.9876543209876543,0.04875076173065204
堆叠融合,0.9876543209876543,0.04878048780487805
堆叠融合,0.9876543209876543,0.048810250152532035
堆叠融合,0.9876543209876543,0.04884004884004884
堆叠融合,0.9876543209876543,0.04886988393402566
堆叠融合,0.9876543209876543,0.0488997555012225
堆叠融合,0.9876543209876543,0.04892966360856269
堆叠融合,0.9876543209876543,0.04895960832313342
堆叠融合,0.9876543209876543,0.04898958971218616
堆叠融合,0.9876543209876543,0.049019607843137254
堆叠融合,0.9876543209876543,0.049049662783568364
堆叠融合,0.9876543209876543,0.049079754601226995
堆叠融合,0.9876543209876543,0.04910988336402701
堆叠融合,0.9876543209876543,0.04914004914004914
堆叠融合,0.9753086419753086,0.04855562384757222
堆叠融合,0.9753086419753086,0.04858548585485855
堆叠融合,0.9753086419753086,0.048615384615384616
堆叠融合,0.9753086419753086,0.04864532019704434
堆叠融合,0.9753086419753086,0.04867529266789895
堆叠融合,0.9753086419753086,0.04870530209617756
堆叠融合,0.9753086419753086,0.048735348550277606
堆叠融合,0.9753086419753086,0.04876543209876543
堆叠融合,0.9753086419753086,0.04879555281037678
堆叠融合,0.9753086419753086,0.04882571075401731
堆叠融合,0.9753086419753086,0.04885590599876314
堆叠融合,0.9753086419753086,0.04888613861386139
堆叠融合,0.9753086419753086,0.04891640866873065
堆叠融合,0.9753086419753086,0.04894671623296159
堆叠融合,0.9753086419753086,0.048977061376317424
堆叠融合,0.9753086419753086,0.04900744416873449
堆叠融合,0.9753086419753086,0.04903786468032278
堆叠融合,0.9753086419753086,0.04906832298136646
堆叠融合,0.9753086419753086,0.049098819142324425
堆叠融合,0.9753086419753086,0.049129353233830844
堆叠融合,0.9753086419753086,0.049159925326695705
堆叠融合,0.9753086419753086,0.04919053549190536
堆叠融合,0.9753086419753086,0.049221183800623056
堆叠融合,0.9753086419753086,0.049251870324189526
堆叠融合,0.9753086419753086,0.049282595134123516
堆叠融合,0.9753086419753086,0.04931335830212235
堆叠融合,0.9753086419753086,0.04934415990006246
堆叠融合,0.9753086419753086,0.049375
堆叠融合,0.9753086419753086,0.04940587867417136
堆叠融合,0.9753086419753086,0.04943679599499374
堆叠融合,0.9753086419753086,0.049467752035065746
堆叠融合,0.9753086419753086,0.04949874686716792
堆叠融合,0.9753086419753086,0.049529780564263326
堆叠融合,0.9753086419753086,0.04956085319949812
堆叠融合,0.9753086419753086,0.04959196484620213
堆叠融合,0.9753086419753086,0.04962311557788945
堆叠融合,0.9753086419753086,0.049654305468258955
堆叠融合,0.9753086419753086,0.04968553459119497
堆叠融合,0.9753086419753086,0.04971680302076778
堆叠融合,0.9753086419753086,0.04974811083123426
堆叠融合,0.9753086419753086,0.04977945809703844
堆叠融合,0.9753086419753086,0.04981084489281211
堆叠融合,0.9753086419753086,0.049842271293375394
堆叠融合,0.9753086419753086,0.049873737373737376
堆叠融合,0.9753086419753086,0.04990524320909665
堆叠融合,0.9753086419753086,0.04993678887484197
堆叠融合,0.9753086419753086,0.04996837444655281
堆叠融合,0.9753086419753086,0.05
堆叠融合,0.9753086419753086,0.050031665611146296
堆叠融合,0.9753086419753086,0.050063371356147024
堆叠融合,0.9753086419753086,0.05009511731135067
堆叠融合,0.9753086419753086,0.05012690355329949
堆叠融合,0.9753086419753086,0.05015873015873016
堆叠融合,0.9753086419753086,0.05019059720457433
堆叠融合,0.9753086419753086,0.050222504767959315
堆叠融合,0.9753086419753086,0.05025445292620865
堆叠融合,0.9753086419753086,0.05028644175684278
堆叠融合,0.9753086419753086,0.05031847133757962
堆叠融合,0.9753086419753086,0.05035054174633524
堆叠融合,0.9753086419753086,0.05038265306122449
堆叠融合,0.9753086419753086,0.05041480536056158
堆叠融合,0.9753086419753086,0.05044699872286079
堆叠融合,0.9753086419753086,0.05047923322683706
堆叠融合,0.9753086419753086,0.05051150895140665
堆叠融合,0.9753086419753086,0.05054382597568778
堆叠融合,0.9753086419753086,0.05057618437900128
堆叠融合,0.9753086419753086,0.05060858424087124
堆叠融合,0.9753086419753086,0.05064102564102564
堆叠融合,0.9753086419753086,0.05067350865939705
堆叠融合,0.9753086419753086,0.050706033376123234
堆叠融合,0.9753086419753086,0.05073859987154785
堆叠融合,0.9753086419753086,0.05077120822622108
堆叠融合,0.9753086419753086,0.05080385852090032
堆叠融合,0.9753086419753086,0.05083655083655084
堆叠融合,0.9753086419753086,0.050869285254346426
堆叠融合,0.9753086419753086,0.0509020618556701
堆叠融合,0.9753086419753086,0.050934880722114766
堆叠融合,0.9753086419753086,0.05096774193548387
堆叠融合,0.9753086419753086,0.051000645577792124
堆叠融合,0.9753086419753086,0.05103359173126615
堆叠融合,0.9753086419753086,0.05106658047834518
堆叠融合,0.9753086419753086,0.05109961190168176
堆叠融合,0.9753086419753086,0.0511326860841424
堆叠融合,0.9753086419753086,0.05116580310880829
堆叠融合,0.9753086419753086,0.05119896305897602
堆叠融合,0.9753086419753086,0.051232166018158234
堆叠融合,0.9753086419753086,0.05126541207008436
堆叠融合,0.9753086419753086,0.0512987012987013
堆叠融合,0.9753086419753086,0.051332033788174136
堆叠融合,0.9753086419753086,0.05136540962288687
堆叠融合,0.9753086419753086,0.05139882888744307
堆叠融合,0.9753086419753086,0.051432291666666664
堆叠融合,0.9753086419753086,0.051465798045602605
堆叠融合,0.9753086419753086,0.051499348109517604
堆叠融合,0.9753086419753086,0.051532941943900845
堆叠融合,0.9753086419753086,0.05156657963446475
堆叠融合,0.9753086419753086,0.051600261267145654
堆叠融合,0.9753086419753086,0.05163398692810457
堆叠融合,0.9753086419753086,0.051667756703727925
堆叠融合,0.9753086419753086,0.05170157068062827
堆叠融合,0.9753086419753086,0.051735428945645055
堆叠融合,0.9753086419753086,0.051769331585845346
堆叠融合,0.9753086419753086,0.05180327868852459
堆叠融合,0.9753086419753086,0.05183727034120735
堆叠融合,0.9753086419753086,0.051871306631648066
堆叠融合,0.9753086419753086,0.0519053876478318
堆叠融合,0.9753086419753086,0.05193951347797501
堆叠融合,0.9753086419753086,0.05197368421052632
堆叠融合,0.9753086419753086,0.05200789993416721
堆叠融合,0.9753086419753086,0.05204216073781291
堆叠融合,0.9753086419753086,0.05207646671061305
堆叠融合,0.9753086419753086,0.052110817941952506
堆叠融合,0.9753086419753086,0.05214521452145215
堆叠融合,0.9753086419753086,0.05217965653896962
堆叠融合,0.9753086419753086,0.05221414408460013
堆叠融合,0.9753086419753086,0.052248677248677246
堆叠融合,0.9753086419753086,0.05228325612177366
堆叠融合,0.9753086419753086,0.05231788079470199
堆叠融合,0.9753086419753086,0.052352551358515576
堆叠融合,0.9753086419753086,0.05238726790450928
堆叠融合,0.9753086419753086,0.05242203052422031
堆叠融合,0.9753086419753086,0.05245683930942895
堆叠融合,0.9753086419753086,0.05249169435215947
堆叠融合,0.9753086419753086,0.052526595744680854
堆叠融合,0.9753086419753086,0.05256154357950765
堆叠融合,0.9753086419753086,0.0525965379494008
堆叠融合,0.9753086419753086,0.05263157894736842
堆叠融合,0.9753086419753086,0.05266666666666667
堆叠融合,0.9753086419753086,0.052701801200800535
堆叠融合,0.9753086419753086,0.0527369826435247
堆叠融合,0.9753086419753086,0.052772211088844355
堆叠融合,0.9753086419753086,0.052807486631016046
堆叠融合,0.9753086419753086,0.05284280936454849
堆叠融合,0.9753086419753086,0.05287817938420348
堆叠融合,0.9753086419753086,0.05291359678499665
堆叠融合,0.9753086419753086,0.05294906166219839
堆叠融合,0.9753086419753086,0.05298457411133468
堆叠融合,0.9753086419753086,0.053020134228187916
堆叠融合,0.9753086419753086,0.05305574210879785
堆叠融合,0.9753086419753086,0.05309139784946237
堆叠融合,0.9753086419753086,0.0531271015467384
堆叠融合,0.9753086419753086,0.0531628532974428
堆叠融合,0.9753086419753086,0.0531986531986532
堆叠融合,0.9753086419753086,0.05323450134770889
堆叠融合,0.9753086419753086,0.053270397842211735
堆叠融合,0.9753086419753086,0.053306342780026994
堆叠融合,0.9753086419753086,0.053342336259284265
堆叠融合,0.9753086419753086,0.05337837837837838
堆叠融合,0.9753086419753086,0.05341446923597025
堆叠融合,0.9753086419753086,0.05345060893098782
堆叠融合,0.9753086419753086,0.05348679756262695
堆叠融合,0.9753086419753086,0.0535230352303523
堆叠融合,0.9753086419753086,0.05355932203389831
堆叠融合,0.9753086419753086,0.05359565807327001
堆叠融合,0.9753086419753086,0.05363204344874406
堆叠融合,0.9753086419753086,0.05366847826086957
堆叠融合,0.9753086419753086,0.053704962610469066
堆叠融合,0.9753086419753086,0.05374149659863946
堆叠融合,0.9753086419753086,0.053778080326752895
堆叠融合,0.9753086419753086,0.05381471389645776
堆叠融合,0.9753086419753086,0.05385139740967962
堆叠融合,0.9753086419753086,0.0538881309686221
堆叠融合,0.9753086419753086,0.05392491467576792
堆叠融合,0.9753086419753086,0.05396174863387978
堆叠融合,0.9753086419753086,0.053998632946001365
堆叠融合,0.9753086419753086,0.054035567715458276
堆叠融合,0.9753086419753086,0.054072553045859
堆叠融合,0.9753086419753086,0.05410958904109589
堆叠融合,0.9753086419753086,0.05414667580534613
堆叠融合,0.9753086419753086,0.0541838134430727
堆叠融合,0.9753086419753086,0.05422100205902539
堆叠融合,0.9753086419753086,0.05425824175824176
堆叠融合,0.9753086419753086,0.05429553264604811
堆叠融合,0.9753086419753086,0.054332874828060526
堆叠融合,0.9753086419753086,0.05437026841018582
堆叠融合,0.9753086419753086,0.05440771349862259
堆叠融合,0.9753086419753086,0.05444521019986216
堆叠融合,0.9753086419753086,0.05448275862068966
堆叠融合,0.9753086419753086,0.05452035886818495
堆叠融合,0.9753086419753086,0.054558011049723756
堆叠融合,0.9753086419753086,0.05459571527297857
堆叠融合,0.9753086419753086,0.05463347164591978
堆叠融合,0.9753086419753086,0.05467128027681661
堆叠融合,0.9753086419753086,0.054709141274238225
堆叠融合,0.9753086419753086,0.05474705474705475
堆叠融合,0.9753086419753086,0.054785020804438284
堆叠融合,0.9753086419753086,0.054823039555863984
堆叠融合,0.9753086419753086,0.05486111111111111
堆叠融合,0.9753086419753086,0.05489923558026407
堆叠融合,0.9753086419753086,0.05493741307371349
堆叠融合,0.9753086419753086,0.054975643702157274
堆叠融合,0.9753086419753086,0.05501392757660167
堆叠融合,0.9753086419753086,0.05505226480836237
堆叠融合,0.9753086419753086,0.05509065550906555
堆叠融合,0.9753086419753086,0.05512909979064899
堆叠融合,0.9753086419753086,0.055167597765363126
堆叠融合,0.9753086419753086,0.05520614954577219
堆叠融合,0.9753086419753086,0.05524475524475524
堆叠融合,0.9753086419753086,0.055283414975507345
堆叠融合,0.9753086419753086,0.055322128851540614
堆叠融合,0.9753086419753086,0.05536089698668535
堆叠融合,0.9753086419753086,0.05539971949509116
堆叠融合,0.9753086419753086,0.05543859649122807
堆叠融合,0.9753086419753086,0.05547752808988764
堆叠融合,0.9753086419753086,0.05551651440618412
堆叠融合,0.9753086419753086,0.05555555555555555
堆叠融合,0.9753086419753086,0.055594651653764954
堆叠融合,0.9753086419753086,0.05563380281690141
堆叠融合,0.9753086419753086,0.05567300916138125
堆叠融合,0.9753086419753086,0.05571227080394922
堆叠融合,0.9753086419753086,0.05575158786167961
堆叠融合,0.9753086419753086,0.0557909604519774
堆叠融合,0.9753086419753086,0.0558303886925795
堆叠融合,0.9753086419753086,0.05586987270155587
堆叠融合,0.9753086419753086,0.055909412597310686
堆叠融合,0.9753086419753086,0.05594900849858357
堆叠融合,0.9753086419753086,0.05598866052445074
堆叠融合,0.9753086419753086,0.05602836879432624
堆叠融合,0.9753086419753086,0.056068133427963095
堆叠融合,0.9753086419753086,0.056107954545454544
堆叠融合,0.9753086419753086,0.05614783226723525
堆叠融合,0.9753086419753086,0.0561877667140825
堆叠融合,0.9753086419753086,0.056227758007117434
堆叠融合,0.9753086419753086,0.05626780626780627
堆叠融合,0.9753086419753086,0.05630791161796151
堆叠融合,0.9753086419753086,0.056348074179743225
堆叠融合,0.9753086419753086,0.05638829407566024
堆叠融合,0.9753086419753086,0.056428571428571425
堆叠融合,0.9753086419753086,0.056468906361686916
堆叠融合,0.9753086419753086,0.056509298998569386
堆叠融合,0.9753086419753086,0.05654974946313529
堆叠融合,0.9753086419753086,0.05659025787965616
堆叠融合,0.9753086419753086,0.056630824372759854
堆叠融合,0.9753086419753086,0.05667144906743185
堆叠融合,0.9753086419753086,0.05671213208901651
堆叠融合,0.9753086419753086,0.05675287356321839
堆叠融合,0.9753086419753086,0.056793673616103525
堆叠融合,0.9753086419753086,0.05683453237410072
堆叠融合,0.9753086419753086,0.05687544996400288
堆叠融合,0.9753086419753086,0.0569164265129683
堆叠融合,0.9753086419753086,0.05695746214852199
堆叠融合,0.9753086419753086,0.056998556998557
堆叠融合,0.9753086419753086,0.05703971119133574
堆叠融合,0.9753086419753086,0.05708092485549133
堆叠融合,0.9753086419753086,0.05712219812002892
堆叠融合,0.9753086419753086,0.057163531114327065
堆叠融合,0.9753086419753086,0.05720492396813903
堆叠融合,0.9753086419753086,0.0572463768115942
堆叠融合,0.9753086419753086,0.05728788977519942
堆叠融合,0.9753086419753086,0.057329462989840346
堆叠融合,0.9753086419753086,0.05737109658678286
堆叠融合,0.9753086419753086,0.057412790697674417
堆叠融合,0.9753086419753086,0.05745454545454545
堆叠融合,0.9753086419753086,0.05749636098981077
堆叠融合,0.9753086419753086,0.05753823743627094
堆叠融合,0.9753086419753086,0.0575801749271137
堆叠融合,0.9753086419753086,0.05762217359591539
堆叠融合,0.9753086419753086,0.05766423357664233
堆叠融合,0.9753086419753086,0.0577063550036523
堆叠融合,0.9753086419753086,0.0577485380116959
堆叠融合,0.9753086419753086,0.05779078273591807
堆叠融合,0.9753086419753086,0.057833089311859445
堆叠融合,0.9753086419753086,0.05787545787545788
堆叠融合,0.9753086419753086,0.05791788856304985
堆叠融合,0.9753086419753086,0.05796038151137197
堆叠融合,0.9753086419753086,0.05800293685756241
堆叠融合,0.9753086419753086,0.05804555473916238
堆叠融合,0.9753086419753086,0.05808823529411765
堆叠融合,0.9753086419753086,0.058130978660779986
堆叠融合,0.9753086419753086,0.05817378497790869
堆叠融合,0.9753086419753086,0.05821665438467207
堆叠融合,0.9753086419753086,0.05825958702064897
堆叠融合,0.9753086419753086,0.05830258302583026
堆叠融合,0.9753086419753086,0.058345642540620385
堆叠融合,0.9753086419753086,0.058388765705838876
堆叠融合,0.9753086419753086,0.058431952662721894
堆叠融合,0.9753086419753086,0.05847520355292376
堆叠融合,0.9753086419753086,0.05851851851851852
堆叠融合,0.9753086419753086,0.05856189770200148
堆叠融合,0.9753086419753086,0.0586053412462908
堆叠融合,0.9753086419753086,0.05864884929472903
堆叠融合,0.9753086419753086,0.058692421991084695
堆叠融合,0.9753086419753086,0.058736059479553904
堆叠融合,0.9753086419753086,0.058779761904761904
堆叠融合,0.9753086419753086,0.058823529411764705
堆叠融合,0.9753086419753086,0.05886736214605067
堆叠融合,0.9753086419753086,0.05891126025354213
堆叠融合,0.9753086419753086,0.05895522388059701
堆叠融合,0.9753086419753086,0.05899925317401045
堆叠融合,0.9753086419753086,0.05904334828101644
堆叠融合,0.9753086419753086,0.059087509349289455
堆叠融合,0.9753086419753086,0.05913173652694611
堆叠融合,0.9753086419753086,0.05917602996254682
堆叠融合,0.9753086419753086,0.05922038980509745
堆叠融合,0.9753086419753086,0.05926481620405101
堆叠融合,0.9753086419753086,0.05930930930930931
堆叠融合,0.9753086419753086,0.059353869271224644
堆叠融合,0.9753086419753086,0.059398496240601506
堆叠融合,0.9753086419753086,0.059443190368698266
堆叠融合,0.9753086419753086,0.05948795180722891
堆叠融合,0.9753086419753086,0.059532780708364735
堆叠融合,0.9753086419753086,0.05957767722473605
堆叠融合,0.9753086419753086,0.059622641509433964
堆叠融合,0.9753086419753086,0.05966767371601209
堆叠融合,0.9753086419753086,0.05971277399848828
堆叠融合,0.9753086419753086,0.059757942511346446
堆叠融合,0.9753086419753086,0.05980317940953823
堆叠融合,0.9753086419753086,0.059848484848484845
堆叠融合,0.9753086419753086,0.05989385898407885
堆叠融合,0.9753086419753086,0.05993930197268589
堆叠融合,0.9753086419753086,0.05998481397114654
堆叠融合,0.9753086419753086,0.06003039513677812
堆叠融合,0.9753086419753086,0.06007604562737642
堆叠融合,0.9753086419753086,0.06012176560121765
堆叠融合,0.9753086419753086,0.060167555217060166
堆叠融合,0.9753086419753086,0.06021341463414634
堆叠融合,0.9753086419753086,0.060259344012204424
堆叠融合,0.9753086419753086,0.06030534351145038
堆叠融合,0.9753086419753086,0.060351413292589765
堆叠融合,0.9753086419753086,0.06039755351681957
堆叠融合,0.9753086419753086,0.060443764345830146
堆叠融合,0.9753086419753086,0.06049004594180704
堆叠融合,0.9753086419753086,0.06053639846743295
堆叠融合,0.9753086419753086,0.06058282208588957
堆叠融合,0.9753086419753086,0.060629316960859554
堆叠融合,0.9753086419753086,0.060675883256528416
堆叠融合,0.9753086419753086,0.06072252113758647
堆叠融合,0.9753086419753086,0.06076923076923077
堆叠融合,0.9753086419753086,0.06081601231716705
堆叠融合,0.9753086419753086,0.06086286594761171
堆叠融合,0.9753086419753086,0.06090979182729375
堆叠融合,0.9753086419753086,0.06095679012345679
堆叠融合,0.9753086419753086,0.061003861003861
堆叠融合,0.9753086419753086,0.061051004636785165
堆叠融合,0.9753086419753086,0.06109822119102862
堆叠融合,0.9753086419753086,0.06114551083591331
堆叠融合,0.9753086419753086,0.061192873741285826
堆叠融合,0.9753086419753086,0.06124031007751938
堆叠融合,0.9753086419753086,0.0612878200155159
堆叠融合,0.9753086419753086,0.06133540372670807
堆叠融合,0.9753086419753086,0.061383061383061384
堆叠融合,0.9753086419753086,0.061430793157076204
堆叠融合,0.9753086419753086,0.06147859922178988
堆叠融合,0.9753086419753086,0.061526479750778816
堆叠融合,0.9753086419753086,0.06157443491816056
堆叠融合,0.9753086419753086,0.06162246489859594
堆叠融合,0.9753086419753086,0.06167056986729118
堆叠融合,0.9753086419753086,0.06171875
堆叠融合,0.9753086419753086,0.0617670054730258
堆叠融合,0.9753086419753086,0.061815336463223784
堆叠融合,0.9753086419753086,0.06186374314800313
堆叠融合,0.9753086419753086,0.06191222570532915
堆叠融合,0.9753086419753086,0.06196078431372549
堆叠融合,0.9753086419753086,0.06200941915227629
堆叠融合,0.9753086419753086,0.062058130400628436
堆叠融合,0.9753086419753086,0.06210691823899371
堆叠融合,0.9753086419753086,0.06215578284815106
堆叠融合,0.9753086419753086,0.06220472440944882
堆叠融合,0.9753086419753086,0.062253743104806934
堆叠融合,0.9753086419753086,0.062302839116719244
堆叠融合,0.9753086419753086,0.062352012628255724
堆叠融合,0.9753086419753086,0.06240126382306477
堆叠融合,0.9753086419753086,0.062450592885375494
堆叠融合,0.9753086419753086,0.0625
堆叠融合,0.9753086419753086,0.0625494853523357
堆叠融合,0.9753086419753086,0.06259904912836767
堆叠融合,0.9753086419753086,0.0626486915146709
堆叠融合,0.9753086419753086,0.0626984126984127
堆叠融合,0.9753086419753086,0.06274821286735505
堆叠融合,0.9753086419753086,0.06279809220985691
堆叠融合,0.9753086419753086,0.06284805091487669
堆叠融合,0.9753086419753086,0.06289808917197452
堆叠融合,0.9753086419753086,0.06294820717131475
堆叠融合,0.9753086419753086,0.06299840510366826
堆叠融合,0.9753086419753086,0.06304868316041501
堆叠融合,0.9753086419753086,0.06309904153354633
堆叠融合,0.9753086419753086,0.06314948041566747
堆叠融合,0.9753086419753086,0.0632
堆叠融合,0.9753086419753086,0.0632506004803843
堆叠融合,0.9753086419753086,0.06330128205128205
堆叠融合,0.9753086419753086,0.06335204490777867
堆叠融合,0.9753086419753086,0.06340288924558588
堆叠融合,0.9753086419753086,0.06345381526104418
堆叠融合,0.9753086419753086,0.0635048231511254
堆叠融合,0.9753086419753086,0.06355591311343524
堆叠融合,0.9753086419753086,0.06360708534621579
堆叠融合,0.9753086419753086,0.06365834004834811
堆叠融合,0.9753086419753086,0.06370967741935483
堆叠融合,0.9753086419753086,0.06376109765940274
堆叠融合,0.9753086419753086,0.06381260096930533
堆叠融合,0.9753086419753086,0.06386418755052546
堆叠融合,0.9753086419753086,0.063915857605178
堆叠融合,0.9753086419753086,0.06396761133603239
堆叠融合,0.9753086419753086,0.0640194489465154
堆叠融合,0.9753086419753086,0.0640713706407137
堆叠融合,0.9753086419753086,0.06412337662337662
堆叠融合,0.9753086419753086,0.06417546709991877
堆叠融合,0.9753086419753086,0.06422764227642276
堆叠融合,0.9753086419753086,0.06427990235964198
堆叠融合,0.9753086419753086,0.06433224755700326
堆叠融合,0.9753086419753086,0.06438467807660962
堆叠融合,0.9753086419753086,0.06443719412724307
堆叠融合,0.9753086419753086,0.06448979591836734
堆叠融合,0.9753086419753086,0.06454248366013073
堆叠融合,0.9629629629629629,0.06377759607522486
堆叠融合,0.9629629629629629,0.06382978723404255
堆叠融合,0.9629629629629629,0.06388206388206388
堆叠融合,0.9629629629629629,0.06393442622950819
堆叠融合,0.9629629629629629,0.06398687448728466
堆叠融合,0.9629629629629629,0.06403940886699508
堆叠融合,0.9629629629629629,0.06409202958093672
堆叠融合,0.9629629629629629,0.06414473684210527
堆叠融合,0.9629629629629629,0.06419753086419754
堆叠融合,0.9629629629629629,0.0642504118616145
堆叠融合,0.9629629629629629,0.06430338004946413
堆叠融合,0.9629629629629629,0.06435643564356436
堆叠融合,0.9629629629629629,0.06440957886044592
堆叠融合,0.9629629629629629,0.06446280991735537
堆叠融合,0.9629629629629629,0.06451612903225806
堆叠融合,0.9629629629629629,0.06456953642384106
堆叠融合,0.9629629629629629,0.06462303231151616
堆叠融合,0.9629629629629629,0.06467661691542288
堆叠融合,0.9629629629629629,0.06473029045643154
堆叠融合,0.9629629629629629,0.06478405315614617
堆叠融合,0.9629629629629629,0.06483790523690773
堆叠融合,0.9629629629629629,0.064891846921797
堆叠融合,0.9629629629629629,0.0649458784346378
堆叠融合,0.9629629629629629,0.065
堆叠融合,0.9629629629629629,0.06505421184320268
堆叠融合,0.9629629629629629,0.0651085141903172
堆叠融合,0.9629629629629629,0.06516290726817042
堆叠融合,0.9629629629629629,0.06521739130434782
堆叠融合,0.9629629629629629,0.06527196652719665
堆叠融合,0.9629629629629629,0.06532663316582915
堆叠融合,0.9629629629629629,0.06538139145012574
堆叠融合,0.9629629629629629,0.06543624161073826
堆叠融合,0.9629629629629629,0.0654911838790932
堆叠融合,0.9629629629629629,0.06554621848739496
堆叠融合,0.9629629629629629,0.0656013456686291
堆叠融合,0.9629629629629629,0.06565656565656566
堆叠融合,0.9629629629629629,0.06571187868576242
堆叠融合,0.9629629629629629,0.0657672849915683
堆叠融合,0.9629629629629629,0.06582278481012659
堆叠融合,0.9629629629629629,0.06587837837837837
堆叠融合,0.9629629629629629,0.06593406593406594
堆叠融合,0.9629629629629629,0.06598984771573604
堆叠融合,0.9629629629629629,0.06604572396274344
堆叠融合,0.9629629629629629,0.06610169491525424
堆叠融合,0.9629629629629629,0.06615776081424936
堆叠融合,0.9629629629629629,0.06621392190152801
堆叠融合,0.9629629629629629,0.06627017841971113
堆叠融合,0.9629629629629629,0.0663265306122449
堆叠融合,0.9629629629629629,0.06638297872340425
堆叠融合,0.9629629629629629,0.06643952299829642
堆叠融合,0.9629629629629629,0.06649616368286446
堆叠融合,0.9629629629629629,0.06655290102389079
堆叠融合,0.9629629629629629,0.06660973526900085
堆叠融合,0.9629629629629629,0.06666666666666667
堆叠融合,0.9629629629629629,0.06672369546621043
堆叠融合,0.9629629629629629,0.06678082191780822
堆叠融合,0.9629629629629629,0.06683804627249357
堆叠融合,0.9629629629629629,0.06689536878216124
堆叠融合,0.9629629629629629,0.06695278969957082
堆叠融合,0.9629629629629629,0.06701030927835051
堆叠融合,0.9629629629629629,0.06706792777300086
堆叠融合,0.9629629629629629,0.06712564543889846
堆叠融合,0.9629629629629629,0.06718346253229975
堆叠融合,0.9629629629629629,0.06724137931034482
堆叠融合,0.9629629629629629,0.06729939603106126
堆叠融合,0.9629629629629629,0.06735751295336788
堆叠融合,0.9629629629629629,0.06741573033707865
堆叠融合,0.9629629629629629,0.06747404844290658
堆叠融合,0.9629629629629629,0.06753246753246753
堆叠融合,0.9629629629629629,0.06759098786828423
堆叠融合,0.9629629629629629,0.06764960971379011
堆叠融合,0.9629629629629629,0.06770833333333333
堆叠融合,0.9629629629629629,0.0677671589921807
堆叠融合,0.9629629629629629,0.06782608695652174
堆叠融合,0.9629629629629629,0.06788511749347259
堆叠融合,0.9629629629629629,0.06794425087108014
堆叠融合,0.9629629629629629,0.06800348735832606
堆叠融合,0.9629629629629629,0.06806282722513089
堆叠融合,0.9629629629629629,0.06812227074235808
堆叠融合,0.9629629629629629,0.06818181818181818
堆叠融合,0.9629629629629629,0.06824146981627296
堆叠融合,0.9629629629629629,0.06830122591943957
堆叠融合,0.9629629629629629,0.06836108676599474
堆叠融合,0.9629629629629629,0.06842105263157895
堆叠融合,0.9629629629629629,0.0684811237928007
堆叠融合,0.9629629629629629,0.06854130052724078
堆叠融合,0.9629629629629629,0.06860158311345646
堆叠融合,0.9629629629629629,0.06866197183098592
堆叠融合,0.9629629629629629,0.06872246696035242
堆叠融合,0.9629629629629629,0.06878306878306878
堆叠融合,0.9629629629629629,0.06884377758164166
堆叠融合,0.9629629629629629,0.06890459363957598
堆叠融合,0.9629629629629629,0.06896551724137931
堆叠融合,0.9629629629629629,0.06902654867256637
堆叠融合,0.9629629629629629,0.06908768821966342
堆叠融合,0.9629629629629629,0.06914893617021277
堆叠融合,0.9629629629629629,0.06921029281277728
堆叠融合,0.9629629629629629,0.06927175843694494
堆叠融合,0.9629629629629629,0.06933333333333333
堆叠融合,0.9629629629629629,0.0693950177935943
堆叠融合,0.9629629629629629,0.06945681211041853
堆叠融合,0.9629629629629629,0.06951871657754011
堆叠融合,0.9629629629629629,0.0695807314897413
堆叠融合,0.9629629629629629,0.06964285714285715
堆叠融合,0.9629629629629629,0.06970509383378017
堆叠融合,0.9629629629629629,0.06976744186046512
堆叠融合,0.9629629629629629,0.06982990152193375
堆叠融合,0.9629629629629629,0.06989247311827956
堆叠融合,0.9629629629629629,0.06995515695067264
堆叠融合,0.9629629629629629,0.07001795332136446
堆叠融合,0.9629629629629629,0.07008086253369272
堆叠融合,0.9629629629629629,0.07014388489208633
堆叠融合,0.9629629629629629,0.0702070207020702
堆叠融合,0.9629629629629629,0.07027027027027027
堆叠融合,0.9629629629629629,0.0703336339044184
堆叠融合,0.9629629629629629,0.0703971119133574
堆叠融合,0.9629629629629629,0.07046070460704607
堆叠融合,0.9629629629629629,0.0705244122965642
堆叠融合,0.9629629629629629,0.07058823529411765
堆叠融合,0.9629629629629629,0.07065217391304347
堆叠融合,0.9629629629629629,0.07071622846781506
堆叠融合,0.9629629629629629,0.07078039927404718
堆叠融合,0.9629629629629629,0.07084468664850137
堆叠融合,0.9629629629629629,0.07090909090909091
堆叠融合,0.9629629629629629,0.07097361237488627
堆叠融合,0.9629629629629629,0.07103825136612021
堆叠融合,0.9629629629629629,0.07110300820419325
堆叠融合,0.9629629629629629,0.07116788321167883
堆叠融合,0.9629629629629629,0.07123287671232877
堆叠融合,0.9629629629629629,0.0712979890310786
堆叠融合,0.9629629629629629,0.07136322049405307
堆叠融合,0.9629629629629629,0.07142857142857142
堆叠融合,0.9629629629629629,0.07149404216315307
堆叠融合,0.9629629629629629,0.07155963302752294
堆叠融合,0.9629629629629629,0.07162534435261708
堆叠融合,0.9629629629629629,0.07169117647058823
堆叠融合,0.9629629629629629,0.07175712971481141
堆叠融合,0.9629629629629629,0.0718232044198895
堆叠融合,0.9629629629629629,0.07188940092165899
堆叠融合,0.9629629629629629,0.07195571955719557
堆叠融合,0.9629629629629629,0.07202216066481995
堆叠融合,0.9629629629629629,0.07208872458410351
堆叠融合,0.9629629629629629,0.07215541165587419
堆叠融合,0.9629629629629629,0.07222222222222222
堆叠融合,0.9629629629629629,0.07228915662650602
堆叠融合,0.9629629629629629,0.07235621521335807
堆叠融合,0.9629629629629629,0.07242339832869081
堆叠融合,0.9629629629629629,0.0724907063197026
堆叠融合,0.9629629629629629,0.07255813953488371
堆叠融合,0.9629629629629629,0.07262569832402235
堆叠融合,0.9629629629629629,0.07269338303821063
堆叠融合,0.9629629629629629,0.07276119402985075
堆叠融合,0.9629629629629629,0.07282913165266107
堆叠融合,0.9629629629629629,0.07289719626168224
堆叠融合,0.9629629629629629,0.07296538821328344
堆叠融合,0.9629629629629629,0.07303370786516854
堆叠融合,0.9629629629629629,0.07310215557638237
堆叠融合,0.9629629629629629,0.07317073170731707
堆叠融合,0.9629629629629629,0.07323943661971831
堆叠融合,0.9629629629629629,0.07330827067669173
堆叠融合,0.9629629629629629,0.07337723424270931
堆叠融合,0.9629629629629629,0.07344632768361582
堆叠融合,0.9629629629629629,0.07351555136663525
堆叠融合,0.9629629629629629,0.07358490566037736
堆叠融合,0.9629629629629629,0.07365439093484419
堆叠融合,0.9629629629629629,0.07372400756143667
堆叠融合,0.9629629629629629,0.07379375591296121
堆叠融合,0.9629629629629629,0.07386363636363637
堆叠融合,0.9629629629629629,0.07393364928909953
堆叠融合,0.9629629629629629,0.07400379506641366
堆叠融合,0.9629629629629629,0.07407407407407407
堆叠融合,0.9629629629629629,0.0741444866920152
堆叠融合,0.9629629629629629,0.07421503330161751
堆叠融合,0.9629629629629629,0.07428571428571429
堆叠融合,0.9629629629629629,0.07435653002859867
堆叠融合,0.9629629629629629,0.07442748091603053
堆叠融合,0.9629629629629629,0.07449856733524356
堆叠融合,0.9629629629629629,0.0745697896749522
堆叠融合,0.9629629629629629,0.07464114832535886
堆叠融合,0.9629629629629629,0.07471264367816093
堆叠融合,0.9629629629629629,0.07478427612655801
堆叠融合,0.9629629629629629,0.07485604606525911
堆叠融合,0.9506172839506173,0.07396733909702209
堆叠融合,0.9506172839506173,0.07403846153846154
堆叠融合,0.9506172839506173,0.0741097208854668
堆叠融合,0.9506172839506173,0.07418111753371869
堆叠融合,0.9506172839506173,0.0742526518804243
堆叠融合,0.9506172839506173,0.07432432432432433
堆叠融合,0.9506172839506173,0.07439613526570048
堆叠融合,0.9506172839506173,0.07446808510638298
堆叠融合,0.9506172839506173,0.07454017424975799
堆叠融合,0.9506172839506173,0.07461240310077519
堆叠融合,0.9506172839506173,0.07468477206595538
堆叠融合,0.9506172839506173,0.07475728155339806
堆叠融合,0.9506172839506173,0.07482993197278912
堆叠融合,0.9506172839506173,0.07490272373540856
堆叠融合,0.9506172839506173,0.07497565725413827
堆叠融合,0.9506172839506173,0.07504873294346978
堆叠融合,0.9506172839506173,0.07512195121951219
堆叠融合,0.9506172839506173,0.0751953125
堆叠融合,0.9506172839506173,0.07526881720430108
堆叠融合,0.9506172839506173,0.07534246575342465
堆叠融合,0.9506172839506173,0.07541625857002938
堆叠融合,0.9506172839506173,0.07549019607843137
堆叠融合,0.9506172839506173,0.07556427870461237
堆叠融合,0.9506172839506173,0.0756385068762279
堆叠融合,0.9506172839506173,0.07571288102261553
堆叠融合,0.9506172839506173,0.07578740157480315
堆叠融合,0.9506172839506173,0.07586206896551724
堆叠融合,0.9506172839506173,0.07593688362919132
堆叠融合,0.9506172839506173,0.07601184600197433
堆叠融合,0.9506172839506173,0.07608695652173914
堆叠融合,0.9382716049382716,0.0751730959446093
堆叠融合,0.9382716049382716,0.07524752475247524
堆叠融合,0.9382716049382716,0.0753221010901883
堆叠融合,0.9382716049382716,0.07539682539682539
堆叠融合,0.9382716049382716,0.07547169811320754
堆叠融合,0.9382716049382716,0.07554671968190854
堆叠融合,0.9382716049382716,0.07562189054726368
堆叠融合,0.9382716049382716,0.07569721115537849
堆叠融合,0.9382716049382716,0.07577268195413758
堆叠融合,0.9382716049382716,0.07584830339321358
堆叠融合,0.9382716049382716,0.07592407592407592
堆叠融合,0.9382716049382716,0.076
堆叠融合,0.9382716049382716,0.07607607607607608
堆叠融合,0.9382716049382716,0.07615230460921844
堆叠融合,0.9382716049382716,0.07622868605817452
堆叠融合,0.9382716049382716,0.07630522088353414
堆叠融合,0.9382716049382716,0.0763819095477387
堆叠融合,0.9382716049382716,0.07645875251509054
堆叠融合,0.9382716049382716,0.07653575025176233
堆叠融合,0.9382716049382716,0.07661290322580645
堆叠融合,0.9382716049382716,0.07669021190716448
堆叠融合,0.9382716049382716,0.07676767676767676
堆叠融合,0.9382716049382716,0.07684529828109202
堆叠融合,0.9382716049382716,0.07692307692307693
堆叠融合,0.9382716049382716,0.07700101317122594
堆叠融合,0.9382716049382716,0.07707910750507099
堆叠融合,0.9382716049382716,0.07715736040609138
堆叠融合,0.9382716049382716,0.07723577235772358
堆叠融合,0.9382716049382716,0.07731434384537131
堆叠融合,0.9382716049382716,0.07739307535641547
堆叠融合,0.9382716049382716,0.07747196738022426
堆叠融合,0.9382716049382716,0.07755102040816327
堆叠融合,0.9382716049382716,0.07763023493360573
堆叠融合,0.9382716049382716,0.07770961145194274
堆叠融合,0.9382716049382716,0.07778915046059365
堆叠融合,0.9382716049382716,0.0778688524590164
堆叠融合,0.9382716049382716,0.07794871794871795
堆叠融合,0.9382716049382716,0.07802874743326489
堆叠融合,0.9382716049382716,0.07810894141829394
堆叠融合,0.9382716049382716,0.07818930041152264
堆叠融合,0.9382716049382716,0.07826982492276004
堆叠融合,0.9382716049382716,0.07835051546391752
堆叠融合,0.9259259259259259,0.07739938080495357
堆叠融合,0.9259259259259259,0.07747933884297521
堆叠融合,0.9259259259259259,0.07755946225439504
堆叠融合,0.9259259259259259,0.07763975155279502
堆叠融合,0.9259259259259259,0.07772020725388601
堆叠融合,0.9259259259259259,0.07780082987551867
堆叠融合,0.9259259259259259,0.0778816199376947
堆叠融合,0.9259259259259259,0.07796257796257797
堆叠融合,0.9259259259259259,0.07804370447450572
堆叠融合,0.9259259259259259,0.078125
堆叠融合,0.9259259259259259,0.07820646506777894
堆叠融合,0.9259259259259259,0.07828810020876827
堆叠融合,0.9259259259259259,0.07836990595611286
堆叠融合,0.9259259259259259,0.07845188284518828
堆叠融合,0.9259259259259259,0.07853403141361257
堆叠融合,0.9259259259259259,0.07861635220125786
堆叠融合,0.9259259259259259,0.07869884575026233
堆叠融合,0.9259259259259259,0.07878151260504201
堆叠融合,0.9259259259259259,0.07886435331230283
堆叠融合,0.9259259259259259,0.07894736842105263
堆叠融合,0.9259259259259259,0.07903055848261328
堆叠融合,0.9259259259259259,0.07911392405063292
堆叠融合,0.9259259259259259,0.0791974656810982
堆叠融合,0.9259259259259259,0.07928118393234672
堆叠融合,0.9259259259259259,0.07936507936507936
堆叠融合,0.9259259259259259,0.07944915254237288
堆叠融合,0.9259259259259259,0.07953340402969247
堆叠融合,0.9259259259259259,0.07961783439490445
堆叠融合,0.9259259259259259,0.07970244420828905
堆叠融合,0.9259259259259259,0.0797872340425532
堆叠融合,0.9259259259259259,0.07987220447284345
堆叠融合,0.9259259259259259,0.07995735607675906
堆叠融合,0.9259259259259259,0.08004268943436499
堆叠融合,0.9259259259259259,0.08012820512820513
堆叠融合,0.9259259259259259,0.08021390374331551
堆叠融合,0.9259259259259259,0.08029978586723768
堆叠融合,0.9259259259259259,0.08038585209003216
堆叠融合,0.9259259259259259,0.08047210300429185
堆叠融合,0.9259259259259259,0.08055853920515575
堆叠融合,0.9259259259259259,0.08064516129032258
堆叠融合,0.9259259259259259,0.08073196986006459
堆叠融合,0.9259259259259259,0.08081896551724138
堆叠融合,0.9259259259259259,0.08090614886731391
堆叠融合,0.9259259259259259,0.08099352051835854
堆叠融合,0.9259259259259259,0.08108108108108109
堆叠融合,0.9259259259259259,0.08116883116883117
堆叠融合,0.9259259259259259,0.08125677139761647
堆叠融合,0.9259259259259259,0.08134490238611713
堆叠融合,0.9259259259259259,0.08143322475570032
堆叠融合,0.9259259259259259,0.08152173913043478
堆叠融合,0.9259259259259259,0.08161044613710555
堆叠融合,0.9259259259259259,0.08169934640522876
堆叠融合,0.9259259259259259,0.08178844056706652
堆叠融合,0.9259259259259259,0.08187772925764192
堆叠融合,0.9259259259259259,0.08196721311475409
堆叠融合,0.9259259259259259,0.08205689277899343
堆叠融合,0.9259259259259259,0.08214676889375684
堆叠融合,0.9259259259259259,0.08223684210526316
堆叠融合,0.9259259259259259,0.08232711306256861
堆叠融合,0.9259259259259259,0.08241758241758242
堆叠融合,0.9259259259259259,0.08250825082508251
堆叠融合,0.9259259259259259,0.08259911894273128
堆叠融合,0.9259259259259259,0.08269018743109151
堆叠融合,0.9259259259259259,0.08278145695364239
堆叠融合,0.9259259259259259,0.08287292817679558
堆叠融合,0.9259259259259259,0.08296460176991151
堆叠融合,0.9259259259259259,0.08305647840531562
堆叠融合,0.9259259259259259,0.08314855875831485
堆叠融合,0.9259259259259259,0.08324084350721421
堆叠融合,0.9259259259259259,0.08333333333333333
堆叠融合,0.9259259259259259,0.08342602892102335
堆叠融合,0.9259259259259259,0.08351893095768374
堆叠融合,0.9259259259259259,0.08361204013377926
堆叠融合,0.9259259259259259,0.08370535714285714
堆叠融合,0.9135802469135802,0.08268156424581005
堆叠融合,0.9135802469135802,0.08277404921700224
堆叠融合,0.9135802469135802,0.08286674132138858
堆叠融合,0.9135802469135802,0.08295964125560538
堆叠融合,0.9135802469135802,0.08305274971941638
堆叠融合,0.9135802469135802,0.08314606741573034
堆叠融合,0.9135802469135802,0.08323959505061868
堆叠融合,0.9135802469135802,0.08333333333333333
堆叠融合,0.9135802469135802,0.0834272829763247
堆叠融合,0.9135802469135802,0.0835214446952596
堆叠融合,0.9135802469135802,0.08361581920903954
堆叠融合,0.9135802469135802,0.083710407239819
堆叠融合,0.9135802469135802,0.08380520951302378
堆叠融合,0.9135802469135802,0.08390022675736962
堆叠融合,0.9135802469135802,0.08399545970488081
堆叠融合,0.9135802469135802,0.08409090909090909
堆叠融合,0.9135802469135802,0.08418657565415244
堆叠融合,0.9135802469135802,0.08428246013667426
堆叠融合,0.9135802469135802,0.08437856328392246
堆叠融合,0.9135802469135802,0.08447488584474885
堆叠融合,0.9135802469135802,0.08457142857142858
堆叠融合,0.9135802469135802,0.08466819221967964
堆叠融合,0.9135802469135802,0.08476517754868271
堆叠融合,0.9135802469135802,0.08486238532110092
堆叠融合,0.9135802469135802,0.08495981630309989
堆叠融合,0.9135802469135802,0.08505747126436781
堆叠融合,0.9135802469135802,0.08515535097813579
堆叠融合,0.9135802469135802,0.08525345622119816
堆叠融合,0.9135802469135802,0.0853517877739331
堆叠融合,0.9135802469135802,0.08545034642032333
堆叠融合,0.9135802469135802,0.08554913294797688
堆叠融合,0.9135802469135802,0.08564814814814815
堆叠融合,0.9135802469135802,0.08574739281575898
堆叠融合,0.9135802469135802,0.08584686774941995
堆叠融合,0.9135802469135802,0.0859465737514518
堆叠融合,0.9135802469135802,0.08604651162790698
堆叠融合,0.9135802469135802,0.08614668218859138
堆叠融合,0.9135802469135802,0.08624708624708624
堆叠融合,0.9135802469135802,0.08634772462077013
堆叠融合,0.9135802469135802,0.08644859813084112
堆叠融合,0.9135802469135802,0.08654970760233918
堆叠融合,0.9135802469135802,0.08665105386416862
堆叠融合,0.9135802469135802,0.08675263774912075
堆叠融合,0.9135802469135802,0.08685446009389672
堆叠融合,0.9135802469135802,0.08695652173913043
堆叠融合,0.9135802469135802,0.08705882352941176
堆叠融合,0.9135802469135802,0.08716136631330977
堆叠融合,0.9135802469135802,0.08726415094339622
堆叠融合,0.9135802469135802,0.08736717827626919
堆叠融合,0.9135802469135802,0.08747044917257683
堆叠融合,0.9135802469135802,0.08757396449704143
堆叠融合,0.9135802469135802,0.08767772511848342
堆叠融合,0.9135802469135802,0.08778173190984578
堆叠融合,0.9135802469135802,0.08788598574821853
堆叠融合,0.9135802469135802,0.08799048751486326
堆叠融合,0.9135802469135802,0.0880952380952381
堆叠融合,0.9135802469135802,0.08820023837902265
堆叠融合,0.9135802469135802,0.0883054892601432
堆叠融合,0.9135802469135802,0.0884109916367981
堆叠融合,0.9135802469135802,0.08851674641148326
堆叠融合,0.9135802469135802,0.08862275449101796
堆叠融合,0.9135802469135802,0.08872901678657075
堆叠融合,0.9135802469135802,0.08883553421368548
堆叠融合,0.9135802469135802,0.0889423076923077
堆叠融合,0.9135802469135802,0.08904933814681107
堆叠融合,0.9135802469135802,0.0891566265060241
堆叠融合,0.9135802469135802,0.08926417370325694
堆叠融合,0.9135802469135802,0.0893719806763285
堆叠融合,0.9135802469135802,0.08948004836759371
堆叠融合,0.9135802469135802,0.08958837772397095
堆叠融合,0.9135802469135802,0.08969696969696969
堆叠融合,0.9135802469135802,0.08980582524271845
堆叠融合,0.9135802469135802,0.0899149453219927
堆叠融合,0.9135802469135802,0.09002433090024331
堆叠融合,0.9135802469135802,0.09013398294762484
堆叠融合,0.9135802469135802,0.09024390243902439
堆叠融合,0.9135802469135802,0.09035409035409035
堆叠融合,0.9135802469135802,0.09046454767726161
堆叠融合,0.9135802469135802,0.09057527539779682
堆叠融合,0.9135802469135802,0.09068627450980392
堆叠融合,0.9135802469135802,0.09079754601226994
堆叠融合,0.9135802469135802,0.09090909090909091
堆叠融合,0.9135802469135802,0.0910209102091021
堆叠融合,0.9135802469135802,0.09113300492610837
堆叠融合,0.9135802469135802,0.09124537607891492
堆叠融合,0.9135802469135802,0.09135802469135802
堆叠融合,0.9135802469135802,0.09147095179233622
堆叠融合,0.9135802469135802,0.09158415841584158
堆叠融合,0.9135802469135802,0.09169764560099132
堆叠融合,0.9135802469135802,0.09181141439205956
堆叠融合,0.9135802469135802,0.09192546583850932
堆叠融合,0.9135802469135802,0.09203980099502487
堆叠融合,0.9135802469135802,0.0921544209215442
堆叠融合,0.9135802469135802,0.09226932668329177
堆叠融合,0.9135802469135802,0.09238451935081149
堆叠融合,0.9135802469135802,0.0925
堆叠融合,0.9135802469135802,0.09261576971214018
堆叠融合,0.9135802469135802,0.09273182957393483
堆叠融合,0.9135802469135802,0.09284818067754078
堆叠融合,0.9135802469135802,0.09296482412060302
堆叠融合,0.9135802469135802,0.0930817610062893
堆叠融合,0.9135802469135802,0.09319899244332494
堆叠融合,0.9135802469135802,0.09331651954602774
堆叠融合,0.9135802469135802,0.09343434343434344
堆叠融合,0.9135802469135802,0.09355246523388117
堆叠融合,0.9135802469135802,0.09367088607594937
堆叠融合,0.9135802469135802,0.09378960709759189
堆叠融合,0.9135802469135802,0.09390862944162437
堆叠融合,0.9135802469135802,0.0940279542566709
堆叠融合,0.9135802469135802,0.09414758269720101
堆叠融合,0.9135802469135802,0.09426751592356689
堆叠融合,0.9135802469135802,0.09438775510204081
堆叠融合,0.9012345679012346,0.09323116219667944
堆叠融合,0.9012345679012346,0.09335038363171355
堆叠融合,0.9012345679012346,0.09346991037131883
堆叠融合,0.9012345679012346,0.09358974358974359
堆叠融合,0.9012345679012346,0.09370988446726572
堆叠融合,0.9012345679012346,0.09383033419023136
堆叠融合,0.9012345679012346,0.09395109395109395
堆叠融合,0.9012345679012346,0.09407216494845361
堆叠融合,0.9012345679012346,0.09419354838709677
堆叠融合,0.9012345679012346,0.09431524547803617
堆叠融合,0.9012345679012346,0.0944372574385511
堆叠融合,0.9012345679012346,0.09455958549222798
堆叠融合,0.9012345679012346,0.0946822308690013
堆叠融合,0.9012345679012346,0.09480519480519481
堆叠融合,0.9012345679012346,0.09492847854356307
堆叠融合,0.9012345679012346,0.09505208333333333
堆叠融合,0.9012345679012346,0.09517601043024772
堆叠融合,0.9012345679012346,0.09530026109660575
堆叠融合,0.9012345679012346,0.09542483660130718
堆叠融合,0.9012345679012346,0.09554973821989529
堆叠融合,0.9012345679012346,0.09567496723460026
堆叠融合,0.9012345679012346,0.09580052493438321
堆叠融合,0.9012345679012346,0.09592641261498029
堆叠融合,0.9012345679012346,0.09605263157894736
堆叠融合,0.9012345679012346,0.09617918313570488
堆叠融合,0.9012345679012346,0.09630606860158311
堆叠融合,0.9012345679012346,0.0964332892998679
堆叠融合,0.9012345679012346,0.09656084656084656
堆叠融合,0.9012345679012346,0.09668874172185431
堆叠融合,0.9012345679012346,0.09681697612732096
堆叠融合,0.9012345679012346,0.09694555112881806
堆叠融合,0.9012345679012346,0.09707446808510638
堆叠融合,0.9012345679012346,0.09720372836218376
堆叠融合,0.9012345679012346,0.09733333333333333
堆叠融合,0.9012345679012346,0.09746328437917223
堆叠融合,0.9012345679012346,0.09759358288770054
堆叠融合,0.9012345679012346,0.09772423025435073
堆叠融合,0.9012345679012346,0.09785522788203753
堆叠融合,0.9012345679012346,0.09798657718120805
堆叠融合,0.9012345679012346,0.09811827956989247
堆叠融合,0.9012345679012346,0.09825033647375504
堆叠融合,0.9012345679012346,0.09838274932614555
堆叠融合,0.9012345679012346,0.09851551956815115
堆叠融合,0.9012345679012346,0.09864864864864865
堆叠融合,0.9012345679012346,0.09878213802435724
堆叠融合,0.9012345679012346,0.0989159891598916
堆叠融合,0.9012345679012346,0.09905020352781546
堆叠融合,0.9012345679012346,0.09918478260869565
堆叠融合,0.9012345679012346,0.09931972789115646
堆叠融合,0.9012345679012346,0.0994550408719346
堆叠融合,0.9012345679012346,0.09959072305593451
堆叠融合,0.9012345679012346,0.09972677595628415
堆叠融合,0.9012345679012346,0.09986320109439124
堆叠融合,0.9012345679012346,0.1
堆叠融合,0.9012345679012346,0.10013717421124829
堆叠融合,0.9012345679012346,0.10027472527472528
堆叠融合,0.9012345679012346,0.10041265474552957
堆叠融合,0.9012345679012346,0.10055096418732783
堆叠融合,0.9012345679012346,0.1006896551724138
堆叠融合,0.9012345679012346,0.10082872928176796
堆叠融合,0.9012345679012346,0.10096818810511757
堆叠融合,0.9012345679012346,0.10110803324099724
堆叠融合,0.9012345679012346,0.10124826629680998
堆叠融合,0.9012345679012346,0.10138888888888889
堆叠融合,0.9012345679012346,0.10152990264255911
堆叠融合,0.9012345679012346,0.10167130919220056
堆叠融合,0.9012345679012346,0.10181311018131102
堆叠融合,0.9012345679012346,0.10195530726256984
堆叠融合,0.9012345679012346,0.1020979020979021
堆叠融合,0.9012345679012346,0.10224089635854341
堆叠融合,0.9012345679012346,0.10238429172510519
堆叠融合,0.9012345679012346,0.10252808988764045
堆叠融合,0.9012345679012346,0.10267229254571027
堆叠融合,0.9012345679012346,0.1028169014084507
堆叠融合,0.9012345679012346,0.10296191819464035
堆叠融合,0.9012345679012346,0.10310734463276836
堆叠融合,0.9012345679012346,0.10325318246110325
堆叠融合,0.9012345679012346,0.10339943342776203
堆叠融合,0.9012345679012346,0.10354609929078014
堆叠融合,0.9012345679012346,0.10369318181818182
堆叠融合,0.9012345679012346,0.10384068278805121
堆叠融合,0.8888888888888888,0.10256410256410256
堆叠融合,0.8888888888888888,0.10271041369472182
堆叠融合,0.8888888888888888,0.10285714285714286
堆叠融合,0.8888888888888888,0.10300429184549356
堆叠融合,0.8888888888888888,0.10315186246418338
堆叠融合,0.8888888888888888,0.10329985652797705
堆叠融合,0.8888888888888888,0.10344827586206896
堆叠融合,0.8888888888888888,0.10359712230215827
堆叠融合,0.8888888888888888,0.1037463976945245
堆叠融合,0.8888888888888888,0.1038961038961039
堆叠融合,0.8888888888888888,0.10404624277456648
堆叠融合,0.8888888888888888,0.10419681620839363
堆叠融合,0.8888888888888888,0.10434782608695652
堆叠融合,0.8888888888888888,0.10449927431059507
堆叠融合,0.8888888888888888,0.10465116279069768
堆叠融合,0.8888888888888888,0.10480349344978165
堆叠融合,0.8888888888888888,0.10495626822157435
堆叠融合,0.8888888888888888,0.10510948905109489
堆叠融合,0.8888888888888888,0.10526315789473684
堆叠融合,0.8888888888888888,0.1054172767203514
堆叠融合,0.8888888888888888,0.10557184750733138
堆叠融合,0.8888888888888888,0.10572687224669604
堆叠融合,0.8888888888888888,0.10588235294117647
堆叠融合,0.8888888888888888,0.10603829160530191
堆叠融合,0.8888888888888888,0.10619469026548672
堆叠融合,0.8888888888888888,0.10635155096011817
堆叠融合,0.8888888888888888,0.10650887573964497
堆叠融合,0.8888888888888888,0.10666666666666667
堆叠融合,0.8888888888888888,0.10682492581602374
堆叠融合,0.8888888888888888,0.10698365527488855
堆叠融合,0.8888888888888888,0.10714285714285714
堆叠融合,0.8888888888888888,0.10730253353204174
堆叠融合,0.8888888888888888,0.10746268656716418
堆叠融合,0.8888888888888888,0.10762331838565023
堆叠融合,0.8888888888888888,0.10778443113772455
堆叠融合,0.8888888888888888,0.10794602698650675
堆叠融合,0.8888888888888888,0.10810810810810811
堆叠融合,0.8888888888888888,0.10827067669172932
堆叠融合,0.8888888888888888,0.10843373493975904
堆叠融合,0.8888888888888888,0.1085972850678733
堆叠融合,0.8888888888888888,0.10876132930513595
堆叠融合,0.8888888888888888,0.10892586989409984
堆叠融合,0.8888888888888888,0.10909090909090909
堆叠融合,0.8888888888888888,0.10925644916540213
堆叠融合,0.8888888888888888,0.1094224924012158
堆叠融合,0.8888888888888888,0.1095890410958904
堆叠融合,0.8888888888888888,0.10975609756097561
堆叠融合,0.8888888888888888,0.1099236641221374
堆叠融合,0.8888888888888888,0.11009174311926606
堆叠融合,0.8888888888888888,0.11026033690658499
堆叠融合,0.8888888888888888,0.11042944785276074
堆叠融合,0.8888888888888888,0.11059907834101383
堆叠融合,0.8888888888888888,0.11076923076923077
堆叠融合,0.8888888888888888,0.11093990755007704
堆叠融合,0.8888888888888888,0.1111111111111111
堆叠融合,0.8888888888888888,0.11128284389489954
堆叠融合,0.8765432098765432,0.10990712074303406
堆叠融合,0.8765432098765432,0.11007751937984496
堆叠融合,0.8765432098765432,0.11024844720496894
堆叠融合,0.8765432098765432,0.1104199066874028
堆叠融合,0.8765432098765432,0.11059190031152648
堆叠融合,0.8765432098765432,0.11076443057722309
堆叠融合,0.8765432098765432,0.1109375
堆叠融合,0.8765432098765432,0.1111111111111111
堆叠融合,0.8765432098765432,0.11128526645768025
堆叠融合,0.8765432098765432,0.11145996860282574
堆叠融合,0.8765432098765432,0.11163522012578617
堆叠融合,0.8765432098765432,0.11181102362204724
堆叠融合,0.8765432098765432,0.11198738170347003
堆叠融合,0.8765432098765432,0.11216429699842022
堆叠融合,0.8765432098765432,0.11234177215189874
堆叠融合,0.8765432098765432,0.11251980982567353
堆叠融合,0.8765432098765432,0.1126984126984127
堆叠融合,0.8765432098765432,0.11287758346581876
堆叠融合,0.8765432098765432,0.11305732484076433
堆叠融合,0.8765432098765432,0.11323763955342903
堆叠融合,0.8765432098765432,0.1134185303514377
堆叠融合,0.8765432098765432,0.1136
堆叠融合,0.8641975308641975,0.11217948717948718
堆叠融合,0.8641975308641975,0.11235955056179775
堆叠融合,0.8641975308641975,0.11254019292604502
堆叠融合,0.8641975308641975,0.11272141706924316
堆叠融合,0.8641975308641975,0.11290322580645161
堆叠融合,0.8641975308641975,0.11308562197092084
堆叠融合,0.8641975308641975,0.11326860841423948
堆叠融合,0.8641975308641975,0.11345218800648298
堆叠融合,0.8641975308641975,0.11363636363636363
堆叠融合,0.8641975308641975,0.11382113821138211
堆叠融合,0.8641975308641975,0.11400651465798045
堆叠融合,0.8641975308641975,0.11419249592169657
堆叠融合,0.8641975308641975,0.11437908496732026
堆叠融合,0.8641975308641975,0.11456628477905073
堆叠融合,0.8641975308641975,0.11475409836065574
堆叠融合,0.8641975308641975,0.11494252873563218
堆叠融合,0.8641975308641975,0.11513157894736842
堆叠融合,0.8641975308641975,0.11532125205930807
堆叠融合,0.8641975308641975,0.11551155115511551
堆叠融合,0.8641975308641975,0.11570247933884298
堆叠融合,0.8641975308641975,0.11589403973509933
堆叠融合,0.8641975308641975,0.11608623548922056
堆叠融合,0.8641975308641975,0.11627906976744186
堆叠融合,0.8641975308641975,0.11647254575707154
堆叠融合,0.8641975308641975,0.11666666666666667
堆叠融合,0.8641975308641975,0.11686143572621036
堆叠融合,0.8641975308641975,0.11705685618729098
堆叠融合,0.8641975308641975,0.11725293132328309
堆叠融合,0.8641975308641975,0.1174496644295302
堆叠融合,0.8641975308641975,0.11764705882352941
堆叠融合,0.8641975308641975,0.11784511784511785
堆叠融合,0.8641975308641975,0.11804384485666104
堆叠融合,0.8641975308641975,0.11824324324324324
堆叠融合,0.8641975308641975,0.11844331641285956
堆叠融合,0.8641975308641975,0.11864406779661017
堆叠融合,0.8641975308641975,0.11884550084889643
堆叠融合,0.8641975308641975,0.11904761904761904
堆叠融合,0.8641975308641975,0.11925042589437819
堆叠融合,0.8641975308641975,0.11945392491467577
堆叠融合,0.8641975308641975,0.11965811965811966
堆叠融合,0.8641975308641975,0.11986301369863013
堆叠融合,0.8641975308641975,0.12006861063464837
堆叠融合,0.8641975308641975,0.12027491408934708
堆叠融合,0.8641975308641975,0.12048192771084337
堆叠融合,0.8641975308641975,0.1206896551724138
堆叠融合,0.8641975308641975,0.12089810017271158
堆叠融合,0.8641975308641975,0.12110726643598616
堆叠融合,0.8641975308641975,0.12131715771230503
堆叠融合,0.8641975308641975,0.12152777777777778
堆叠融合,0.8641975308641975,0.12173913043478261
堆叠融合,0.8641975308641975,0.12195121951219512
堆叠融合,0.8641975308641975,0.12216404886561955
堆叠融合,0.8641975308641975,0.12237762237762238
堆叠融合,0.8641975308641975,0.12259194395796848
堆叠融合,0.8641975308641975,0.12280701754385964
堆叠融合,0.8641975308641975,0.12302284710017575
堆叠融合,0.8641975308641975,0.12323943661971831
堆叠融合,0.8641975308641975,0.12345679012345678
堆叠融合,0.8641975308641975,0.12367491166077739
堆叠融合,0.8641975308641975,0.12389380530973451
堆叠融合,0.8641975308641975,0.12411347517730496
堆叠融合,0.8641975308641975,0.12433392539964476
堆叠融合,0.8641975308641975,0.12455516014234876
堆叠融合,0.8641975308641975,0.12477718360071301
堆叠融合,0.8641975308641975,0.125
堆叠融合,0.8641975308641975,0.1252236135957066
堆叠融合,0.8641975308641975,0.12544802867383512
堆叠融合,0.8641975308641975,0.12567324955116696
堆叠融合,0.8641975308641975,0.12589928057553956
堆叠融合,0.8641975308641975,0.12612612612612611
堆叠融合,0.8641975308641975,0.1263537906137184
堆叠融合,0.8641975308641975,0.12658227848101267
堆叠融合,0.8518518518518519,0.125
堆叠融合,0.8518518518518519,0.12522686025408347
堆叠融合,0.8518518518518519,0.12545454545454546
堆叠融合,0.8518518518518519,0.12568306010928962
堆叠融合,0.8518518518518519,0.1259124087591241
堆叠融合,0.8518518518518519,0.12614259597806216
堆叠融合,0.8518518518518519,0.12637362637362637
堆叠融合,0.8518518518518519,0.12660550458715597
堆叠融合,0.8518518518518519,0.12683823529411764
堆叠融合,0.8518518518518519,0.1270718232044199
堆叠融合,0.8518518518518519,0.12730627306273062
堆叠融合,0.8518518518518519,0.12754158964879853
堆叠融合,0.8518518518518519,0.12777777777777777
堆叠融合,0.8518518518518519,0.1280148423005566
堆叠融合,0.8518518518518519,0.12825278810408922
堆叠融合,0.8518518518518519,0.12849162011173185
堆叠融合,0.8518518518518519,0.1287313432835821
堆叠融合,0.8518518518518519,0.12897196261682242
堆叠融合,0.8518518518518519,0.12921348314606743
堆叠融合,0.8518518518518519,0.1294559099437148
堆叠融合,0.8518518518518519,0.12969924812030076
堆叠融合,0.8518518518518519,0.12994350282485875
堆叠融合,0.8518518518518519,0.13018867924528302
堆叠融合,0.8518518518518519,0.13043478260869565
堆叠融合,0.8518518518518519,0.13068181818181818
堆叠融合,0.8518518518518519,0.13092979127134724
堆叠融合,0.8395061728395061,0.12927756653992395
堆叠融合,0.8395061728395061,0.1295238095238095
堆叠融合,0.8395061728395061,0.1297709923664122
堆叠融合,0.8395061728395061,0.13001912045889102
堆叠融合,0.8395061728395061,0.13026819923371646
堆叠融合,0.8395061728395061,0.13051823416506717
堆叠融合,0.8395061728395061,0.13076923076923078
堆叠融合,0.8395061728395061,0.13102119460500963
堆叠融合,0.8395061728395061,0.13127413127413126
堆叠融合,0.8395061728395061,0.13152804642166344
堆叠融合,0.8395061728395061,0.13178294573643412
堆叠融合,0.8395061728395061,0.13203883495145632
堆叠融合,0.8395061728395061,0.13229571984435798
堆叠融合,0.8395061728395061,0.13255360623781676
堆叠融合,0.8395061728395061,0.1328125
堆叠融合,0.8395061728395061,0.13307240704500978
堆叠融合,0.8395061728395061,0.13333333333333333
堆叠融合,0.8395061728395061,0.13359528487229863
堆叠融合,0.8395061728395061,0.13385826771653545
堆叠融合,0.8395061728395061,0.1341222879684418
堆叠融合,0.8395061728395061,0.13438735177865613
堆叠融合,0.8395061728395061,0.13465346534653466
堆叠融合,0.8395061728395061,0.1349206349206349
堆叠融合,0.8395061728395061,0.13518886679920478
堆叠融合,0.8395061728395061,0.13545816733067728
堆叠融合,0.8395061728395061,0.13572854291417166
堆叠融合,0.8395061728395061,0.136
堆叠融合,0.8395061728395061,0.13627254509018036
堆叠融合,0.8395061728395061,0.13654618473895583
堆叠融合,0.8395061728395061,0.13682092555331993
堆叠融合,0.8395061728395061,0.13709677419354838
堆叠融合,0.8395061728395061,0.13737373737373737
堆叠融合,0.8395061728395061,0.13765182186234817
堆叠融合,0.8395061728395061,0.13793103448275862
堆叠融合,0.8395061728395061,0.13821138211382114
堆叠融合,0.8395061728395061,0.1384928716904277
堆叠融合,0.8395061728395061,0.13877551020408163
堆叠融合,0.8395061728395061,0.1390593047034765
堆叠融合,0.8395061728395061,0.13934426229508196
堆叠融合,0.8395061728395061,0.13963039014373715
堆叠融合,0.8395061728395061,0.13991769547325103
堆叠融合,0.8395061728395061,0.1402061855670103
堆叠融合,0.8395061728395061,0.14049586776859505
堆叠融合,0.8395061728395061,0.14078674948240166
堆叠融合,0.8395061728395061,0.14107883817427386
堆叠融合,0.8395061728395061,0.14137214137214138
堆叠融合,0.8395061728395061,0.14166666666666666
堆叠融合,0.8395061728395061,0.1419624217118998
堆叠融合,0.8395061728395061,0.14225941422594143
堆叠融合,0.8395061728395061,0.14255765199161424
堆叠融合,0.8395061728395061,0.14285714285714285
堆叠融合,0.8395061728395061,0.1431578947368421
堆叠融合,0.8395061728395061,0.14345991561181434
堆叠融合,0.8395061728395061,0.14376321353065538
堆叠融合,0.8395061728395061,0.1440677966101695
堆叠融合,0.8395061728395061,0.14437367303609341
堆叠融合,0.8395061728395061,0.14468085106382977
堆叠融合,0.8395061728395061,0.14498933901918976
堆叠融合,0.8395061728395061,0.1452991452991453
堆叠融合,0.8395061728395061,0.145610278372591
堆叠融合,0.8395061728395061,0.1459227467811159
堆叠融合,0.8395061728395061,0.14623655913978495
堆叠融合,0.8395061728395061,0.14655172413793102
堆叠融合,0.8395061728395061,0.1468682505399568
堆叠融合,0.8395061728395061,0.1471861471861472
堆叠融合,0.8395061728395061,0.1475054229934924
堆叠融合,0.8395061728395061,0.14782608695652175
堆叠融合,0.8395061728395061,0.14814814814814814
堆叠融合,0.8395061728395061,0.14847161572052403
堆叠融合,0.8395061728395061,0.1487964989059081
堆叠融合,0.8395061728395061,0.14912280701754385
堆叠融合,0.8395061728395061,0.14945054945054945
堆叠融合,0.8395061728395061,0.14977973568281938
堆叠融合,0.8395061728395061,0.15011037527593818
堆叠融合,0.8395061728395061,0.1504424778761062
堆叠融合,0.8395061728395061,0.15077605321507762
堆叠融合,0.8395061728395061,0.1511111111111111
堆叠融合,0.8395061728395061,0.1514476614699332
堆叠融合,0.8395061728395061,0.15178571428571427
堆叠融合,0.8271604938271605,0.14988814317673377
堆叠融合,0.8271604938271605,0.15022421524663676
堆叠融合,0.8271604938271605,0.15056179775280898
堆叠融合,0.8271604938271605,0.15090090090090091
堆叠融合,0.8271604938271605,0.15124153498871332
堆叠融合,0.8271604938271605,0.1515837104072398
堆叠融合,0.8271604938271605,0.15192743764172337
堆叠融合,0.8271604938271605,0.15227272727272728
堆叠融合,0.8271604938271605,0.15261958997722094
堆叠融合,0.8271604938271605,0.15296803652968036
堆叠融合,0.8271604938271605,0.15331807780320367
堆叠融合,0.8271604938271605,0.1536697247706422
堆叠融合,0.8148148148148148,0.15172413793103448
堆叠融合,0.8148148148148148,0.15207373271889402
堆叠融合,0.8148148148148148,0.15242494226327943
堆叠融合,0.8148148148148148,0.1527777777777778
堆叠融合,0.8148148148148148,0.1531322505800464
堆叠融合,0.8148148148148148,0.15348837209302327
堆叠融合,0.8148148148148148,0.15384615384615385
堆叠融合,0.8148148148148148,0.1542056074766355
堆叠融合,0.8148148148148148,0.15456674473067916
堆叠融合,0.8148148148148148,0.15492957746478872
堆叠融合,0.8148148148148148,0.15529411764705883
堆叠融合,0.8148148148148148,0.15566037735849056
堆叠融合,0.8148148148148148,0.15602836879432624
堆叠融合,0.8148148148148148,0.15639810426540285
堆叠融合,0.8148148148148148,0.15676959619952494
堆叠融合,0.8148148148148148,0.15714285714285714
堆叠融合,0.8148148148148148,0.1575178997613365
堆叠融合,0.8148148148148148,0.15789473684210525
堆叠融合,0.8148148148148148,0.15827338129496402
堆叠融合,0.8148148148148148,0.15865384615384615
堆叠融合,0.8148148148148148,0.15903614457831325
堆叠融合,0.8148148148148148,0.15942028985507245
堆叠融合,0.8148148148148148,0.15980629539951574
堆叠融合,0.8148148148148148,0.16019417475728157
堆叠融合,0.8148148148148148,0.16058394160583941
堆叠融合,0.8148148148148148,0.16097560975609757
堆叠融合,0.8148148148148148,0.16136919315403422
堆叠融合,0.8148148148148148,0.16176470588235295
堆叠融合,0.8148148148148148,0.16216216216216217
堆叠融合,0.8148148148148148,0.1625615763546798
堆叠融合,0.8148148148148148,0.16296296296296298
堆叠融合,0.8148148148148148,0.16336633663366337
堆叠融合,0.8148148148148148,0.16377171215880892
堆叠融合,0.8148148148148148,0.16417910447761194
堆叠融合,0.8148148148148148,0.16458852867830423
堆叠融合,0.8148148148148148,0.165
堆叠融合,0.8148148148148148,0.16541353383458646
堆叠融合,0.8148148148148148,0.1658291457286432
堆叠融合,0.8148148148148148,0.16624685138539042
堆叠融合,0.8148148148148148,0.16666666666666666
堆叠融合,0.8148148148148148,0.1670886075949367
堆叠融合,0.8148148148148148,0.16751269035532995
堆叠融合,0.8148148148148148,0.16793893129770993
堆叠融合,0.8148148148148148,0.1683673469387755
堆叠融合,0.8148148148148148,0.16879795396419436
堆叠融合,0.8148148148148148,0.16923076923076924
堆叠融合,0.8148148148148148,0.16966580976863754
堆叠融合,0.8148148148148148,0.17010309278350516
堆叠融合,0.8148148148148148,0.17054263565891473
堆叠融合,0.8148148148148148,0.17098445595854922
堆叠融合,0.8148148148148148,0.17142857142857143
堆叠融合,0.8148148148148148,0.171875
堆叠融合,0.8148148148148148,0.17232375979112272
堆叠融合,0.8148148148148148,0.17277486910994763
堆叠融合,0.8148148148148148,0.1732283464566929
堆叠融合,0.8024691358024691,0.17105263157894737
堆叠融合,0.8024691358024691,0.17150395778364116
堆叠融合,0.8024691358024691,0.17195767195767195
堆叠融合,0.8024691358024691,0.1724137931034483
堆叠融合,0.8024691358024691,0.17287234042553193
堆叠融合,0.8024691358024691,0.17333333333333334
堆叠融合,0.8024691358024691,0.17379679144385027
堆叠融合,0.8024691358024691,0.1742627345844504
堆叠融合,0.8024691358024691,0.17473118279569894
堆叠融合,0.8024691358024691,0.1752021563342318
堆叠融合,0.8024691358024691,0.17567567567567569
堆叠融合,0.8024691358024691,0.17615176151761516
堆叠融合,0.8024691358024691,0.1766304347826087
堆叠融合,0.8024691358024691,0.1771117166212534
堆叠融合,0.8024691358024691,0.17759562841530055
堆叠融合,0.8024691358024691,0.1780821917808219
堆叠融合,0.8024691358024691,0.17857142857142858
堆叠融合,0.8024691358024691,0.1790633608815427
堆叠融合,0.8024691358024691,0.17955801104972377
堆叠融合,0.8024691358024691,0.18005540166204986
堆叠融合,0.8024691358024691,0.18055555555555555
堆叠融合,0.8024691358024691,0.181058495821727
堆叠融合,0.8024691358024691,0.18156424581005587
堆叠融合,0.8024691358024691,0.18207282913165265
堆叠融合,0.8024691358024691,0.18258426966292135
堆叠融合,0.8024691358024691,0.18309859154929578
堆叠融合,0.8024691358024691,0.18361581920903955
堆叠融合,0.8024691358024691,0.18413597733711048
堆叠融合,0.8024691358024691,0.1846590909090909
堆叠融合,0.8024691358024691,0.18518518518518517
堆叠融合,0.8024691358024691,0.18571428571428572
堆叠融合,0.8024691358024691,0.18624641833810887
堆叠融合,0.8024691358024691,0.1867816091954023
堆叠融合,0.8024691358024691,0.1873198847262248
堆叠融合,0.8024691358024691,0.18786127167630057
堆叠融合,0.8024691358024691,0.18840579710144928
堆叠融合,0.8024691358024691,0.18895348837209303
堆叠融合,0.8024691358024691,0.18950437317784258
堆叠融合,0.8024691358024691,0.19005847953216373
堆叠融合,0.8024691358024691,0.1906158357771261
堆叠融合,0.8024691358024691,0.19117647058823528
堆叠融合,0.8024691358024691,0.19174041297935104
堆叠融合,0.8024691358024691,0.19230769230769232
堆叠融合,0.8024691358024691,0.19287833827893175
堆叠融合,0.8024691358024691,0.19345238095238096
堆叠融合,0.8024691358024691,0.19402985074626866
堆叠融合,0.8024691358024691,0.19461077844311378
堆叠融合,0.8024691358024691,0.19519519519519518
堆叠融合,0.8024691358024691,0.19578313253012047
堆叠融合,0.8024691358024691,0.19637462235649547
堆叠融合,0.8024691358024691,0.19696969696969696
堆叠融合,0.8024691358024691,0.19756838905775076
堆叠融合,0.8024691358024691,0.19817073170731708
堆叠融合,0.8024691358024691,0.19877675840978593
堆叠融合,0.8024691358024691,0.19938650306748465
堆叠融合,0.8024691358024691,0.2
堆叠融合,0.8024691358024691,0.2006172839506173
堆叠融合,0.8024691358024691,0.20123839009287925
堆叠融合,0.8024691358024691,0.20186335403726707
堆叠融合,0.8024691358024691,0.20249221183800623
堆叠融合,0.8024691358024691,0.203125
堆叠融合,0.8024691358024691,0.20376175548589343
堆叠融合,0.8024691358024691,0.20440251572327045
堆叠融合,0.8024691358024691,0.20504731861198738
堆叠融合,0.8024691358024691,0.20569620253164558
堆叠融合,0.8024691358024691,0.20634920634920634
堆叠融合,0.8024691358024691,0.2070063694267516
堆叠融合,0.8024691358024691,0.20766773162939298
堆叠融合,0.8024691358024691,0.20833333333333334
堆叠融合,0.8024691358024691,0.2090032154340836
堆叠融合,0.8024691358024691,0.20967741935483872
堆叠融合,0.8024691358024691,0.21035598705501618
堆叠融合,0.8024691358024691,0.21103896103896103
堆叠融合,0.8024691358024691,0.21172638436482086
堆叠融合,0.8024691358024691,0.21241830065359477
堆叠融合,0.8024691358024691,0.21311475409836064
堆叠融合,0.8024691358024691,0.2138157894736842
堆叠融合,0.8024691358024691,0.2145214521452145
堆叠融合,0.8024691358024691,0.2152317880794702
堆叠融合,0.8024691358024691,0.2159468438538206
堆叠融合,0.8024691358024691,0.21666666666666667
堆叠融合,0.8024691358024691,0.21739130434782608
堆叠融合,0.8024691358024691,0.2181208053691275
堆叠融合,0.8024691358024691,0.21885521885521886
堆叠融合,0.8024691358024691,0.2195945945945946
堆叠融合,0.8024691358024691,0.22033898305084745
堆叠融合,0.8024691358024691,0.22108843537414966
堆叠融合,0.8024691358024691,0.22184300341296928
堆叠融合,0.7901234567901234,0.2191780821917808
堆叠融合,0.7901234567901234,0.21993127147766323
堆叠融合,0.7901234567901234,0.2206896551724138
堆叠融合,0.7901234567901234,0.22145328719723184
堆叠融合,0.7901234567901234,0.2222222222222222
堆叠融合,0.7901234567901234,0.2229965156794425
堆叠融合,0.7901234567901234,0.22377622377622378
堆叠融合,0.7901234567901234,0.22456140350877193
堆叠融合,0.7901234567901234,0.22535211267605634
堆叠融合,0.7901234567901234,0.22614840989399293
堆叠融合,0.7901234567901234,0.22695035460992907
堆叠融合,0.7777777777777778,0.22419928825622776
堆叠融合,0.7777777777777778,0.225
堆叠融合,0.7777777777777778,0.22580645161290322
堆叠融合,0.7777777777777778,0.22661870503597123
堆叠融合,0.7777777777777778,0.22743682310469315
堆叠融合,0.7654320987654321,0.2246376811594203
堆叠融合,0.7654320987654321,0.22545454545454546
堆叠融合,0.7654320987654321,0.22627737226277372
堆叠融合,0.7654320987654321,0.2271062271062271
堆叠融合,0.7654320987654321,0.22794117647058823
堆叠融合,0.7654320987654321,0.22878228782287824
堆叠融合,0.7654320987654321,0.22962962962962963
堆叠融合,0.7530864197530864,0.22676579925650558
堆叠融合,0.7530864197530864,0.22761194029850745
堆叠融合,0.7530864197530864,0.22846441947565543
堆叠融合,0.7530864197530864,0.22932330827067668
堆叠融合,0.7530864197530864,0.23018867924528302
堆叠融合,0.7530864197530864,0.23106060606060605
堆叠融合,0.7530864197530864,0.23193916349809887
堆叠融合,0.7530864197530864,0.23282442748091603
堆叠融合,0.7530864197530864,0.23371647509578544
堆叠融合,0.7530864197530864,0.23461538461538461
堆叠融合,0.7530864197530864,0.23552123552123552
堆叠融合,0.7530864197530864,0.2364341085271318
堆叠融合,0.7530864197530864,0.23735408560311283
堆叠融合,0.7530864197530864,0.23828125
堆叠融合,0.7530864197530864,0.23921568627450981
堆叠融合,0.7530864197530864,0.24015748031496062
堆叠融合,0.7530864197530864,0.24110671936758893
堆叠融合,0.7530864197530864,0.24206349206349206
堆叠融合,0.7530864197530864,0.24302788844621515
堆叠融合,0.7530864197530864,0.244
堆叠融合,0.7407407407407407,0.24096385542168675
堆叠融合,0.7407407407407407,0.24193548387096775
堆叠融合,0.7407407407407407,0.242914979757085
堆叠融合,0.7407407407407407,0.24390243902439024
堆叠融合,0.7407407407407407,0.24489795918367346
堆叠融合,0.7407407407407407,0.2459016393442623
堆叠融合,0.7407407407407407,0.24691358024691357
堆叠融合,0.7407407407407407,0.24793388429752067
堆叠融合,0.7407407407407407,0.24896265560165975
堆叠融合,0.7407407407407407,0.25
堆叠融合,0.7407407407407407,0.2510460251046025
堆叠融合,0.7407407407407407,0.25210084033613445
堆叠融合,0.7407407407407407,0.25316455696202533
堆叠融合,0.7407407407407407,0.2542372881355932
堆叠融合,0.7283950617283951,0.251063829787234
堆叠融合,0.7283950617283951,0.25213675213675213
堆叠融合,0.7283950617283951,0.2532188841201717
堆叠融合,0.7283950617283951,0.2543103448275862
堆叠融合,0.7283950617283951,0.2554112554112554
堆叠融合,0.7283950617283951,0.2565217391304348
堆叠融合,0.7283950617283951,0.2576419213973799
堆叠融合,0.7283950617283951,0.25877192982456143
堆叠融合,0.7283950617283951,0.2599118942731278
堆叠融合,0.7283950617283951,0.2610619469026549
堆叠融合,0.7283950617283951,0.26222222222222225
堆叠融合,0.7283950617283951,0.26339285714285715
堆叠融合,0.7283950617283951,0.2645739910313901
堆叠融合,0.7283950617283951,0.26576576576576577
堆叠融合,0.7283950617283951,0.2669683257918552
堆叠融合,0.7283950617283951,0.2681818181818182
堆叠融合,0.7160493827160493,0.2648401826484018
堆叠融合,0.7160493827160493,0.26605504587155965
堆叠融合,0.7160493827160493,0.2672811059907834
堆叠融合,0.7160493827160493,0.26851851851851855
堆叠融合,0.7160493827160493,0.26976744186046514
堆叠融合,0.7160493827160493,0.27102803738317754
堆叠融合,0.7160493827160493,0.27230046948356806
堆叠融合,0.7160493827160493,0.27358490566037735
堆叠融合,0.7160493827160493,0.27488151658767773
堆叠融合,0.7160493827160493,0.2761904761904762
堆叠融合,0.7160493827160493,0.27751196172248804
堆叠融合,0.7037037037037037,0.27403846153846156
堆叠融合,0.7037037037037037,0.2753623188405797
堆叠融合,0.7037037037037037,0.2766990291262136
堆叠融合,0.7037037037037037,0.2780487804878049
堆叠融合,0.7037037037037037,0.27941176470588236
堆叠融合,0.691358024691358,0.27586206896551724
堆叠融合,0.691358024691358,0.27722772277227725
堆叠融合,0.691358024691358,0.27860696517412936
堆叠融合,0.691358024691358,0.28
堆叠融合,0.691358024691358,0.2814070351758794
堆叠融合,0.691358024691358,0.2828282828282828
堆叠融合,0.691358024691358,0.28426395939086296
堆叠融合,0.691358024691358,0.2857142857142857
堆叠融合,0.691358024691358,0.28717948717948716
堆叠融合,0.691358024691358,0.28865979381443296
堆叠融合,0.691358024691358,0.29015544041450775
堆叠融合,0.691358024691358,0.2916666666666667
堆叠融合,0.691358024691358,0.2931937172774869
堆叠融合,0.691358024691358,0.29473684210526313
堆叠融合,0.6790123456790124,0.291005291005291
堆叠融合,0.6790123456790124,0.2925531914893617
堆叠融合,0.6790123456790124,0.29411764705882354
堆叠融合,0.6666666666666666,0.2903225806451613
堆叠融合,0.6666666666666666,0.2918918918918919
堆叠融合,0.6666666666666666,0.29347826086956524
堆叠融合,0.6666666666666666,0.29508196721311475
堆叠融合,0.6666666666666666,0.2967032967032967
堆叠融合,0.6666666666666666,0.2983425414364641
堆叠融合,0.6666666666666666,0.3
堆叠融合,0.6666666666666666,0.3016759776536313
堆叠融合,0.6666666666666666,0.30337078651685395
堆叠融合,0.6666666666666666,0.3050847457627119
堆叠融合,0.6666666666666666,0.3068181818181818
堆叠融合,0.6666666666666666,0.30857142857142855
堆叠融合,0.6666666666666666,0.3103448275862069
堆叠融合,0.6666666666666666,0.31213872832369943
堆叠融合,0.6666666666666666,0.313953488372093
堆叠融合,0.654320987654321,0.30994152046783624
堆叠融合,0.654320987654321,0.31176470588235294
堆叠融合,0.654320987654321,0.3136094674556213
堆叠融合,0.654320987654321,0.31547619047619047
堆叠融合,0.654320987654321,0.31736526946107785
堆叠融合,0.654320987654321,0.3192771084337349
堆叠融合,0.654320987654321,0.3212121212121212
堆叠融合,0.6419753086419753,0.3170731707317073
堆叠融合,0.6419753086419753,0.31901840490797545
堆叠融合,0.6419753086419753,0.32098765432098764
堆叠融合,0.6419753086419753,0.32298136645962733
堆叠融合,0.6419753086419753,0.325
堆叠融合,0.6419753086419753,0.3270440251572327
堆叠融合,0.6419753086419753,0.3291139240506329
堆叠融合,0.6296296296296297,0.3248407643312102
堆叠融合,0.6296296296296297,0.3269230769230769
堆叠融合,0.6296296296296297,0.32903225806451614
堆叠融合,0.6296296296296297,0.33116883116883117
堆叠融合,0.6296296296296297,0.3333333333333333
堆叠融合,0.6296296296296297,0.3355263157894737
堆叠融合,0.6296296296296297,0.33774834437086093
堆叠融合,0.6296296296296297,0.34
堆叠融合,0.6296296296296297,0.3422818791946309
堆叠融合,0.6296296296296297,0.34459459459459457
堆叠融合,0.6296296296296297,0.3469387755102041
堆叠融合,0.6296296296296297,0.3493150684931507
堆叠融合,0.6296296296296297,0.35172413793103446
堆叠融合,0.6296296296296297,0.3541666666666667
堆叠融合,0.6296296296296297,0.35664335664335667
堆叠融合,0.6296296296296297,0.3591549295774648
堆叠融合,0.6296296296296297,0.3617021276595745
堆叠融合,0.6296296296296297,0.36428571428571427
堆叠融合,0.6296296296296297,0.3669064748201439
堆叠融合,0.6296296296296297,0.3695652173913043
堆叠融合,0.6296296296296297,0.3722627737226277
堆叠融合,0.6296296296296297,0.375
堆叠融合,0.6296296296296297,0.37777777777777777
堆叠融合,0.6296296296296297,0.3805970149253731
堆叠融合,0.6296296296296297,0.38345864661654133
堆叠融合,0.6296296296296297,0.38636363636363635
堆叠融合,0.6296296296296297,0.3893129770992366
堆叠融合,0.6296296296296297,0.3923076923076923
堆叠融合,0.6296296296296297,0.3953488372093023
堆叠融合,0.6296296296296297,0.3984375
堆叠融合,0.6296296296296297,0.4015748031496063
堆叠融合,0.6296296296296297,0.40476190476190477
堆叠融合,0.6296296296296297,0.408
堆叠融合,0.6296296296296297,0.4112903225806452
堆叠融合,0.6296296296296297,0.4146341463414634
堆叠融合,0.6296296296296297,0.4180327868852459
堆叠融合,0.6296296296296297,0.4214876033057851
堆叠融合,0.6296296296296297,0.425
堆叠融合,0.6296296296296297,0.42857142857142855
堆叠融合,0.6172839506172839,0.423728813559322
堆叠融合,0.6172839506172839,0.42735042735042733
堆叠融合,0.6172839506172839,0.43103448275862066
堆叠融合,0.6049382716049383,0.4260869565217391
堆叠融合,0.5925925925925926,0.42105263157894735
堆叠融合,0.5925925925925926,0.4247787610619469
堆叠融合,0.5925925925925926,0.42857142857142855
堆叠融合,0.5802469135802469,0.42342342342342343
堆叠融合,0.5679012345679012,0.41818181818181815
堆叠融合,0.5679012345679012,0.42201834862385323
堆叠融合,0.5679012345679012,0.42592592592592593
堆叠融合,0.5679012345679012,0.42990654205607476
堆叠融合,0.5679012345679012,0.4339622641509434
堆叠融合,0.5679012345679012,0.4380952380952381
堆叠融合,0.5555555555555556,0.4326923076923077
堆叠融合,0.5432098765432098,0.42718446601941745
堆叠融合,0.5308641975308642,0.4215686274509804
堆叠融合,0.5308641975308642,0.42574257425742573
堆叠融合,0.5308641975308642,0.43
堆叠融合,0.5308641975308642,0.43434343434343436
堆叠融合,0.5308641975308642,0.4387755102040816
堆叠融合,0.5185185185185185,0.4329896907216495
堆叠融合,0.5061728395061729,0.4270833333333333
堆叠融合,0.5061728395061729,0.43157894736842106
堆叠融合,0.5061728395061729,0.43617021276595747
堆叠融合,0.5061728395061729,0.44086021505376344
堆叠融合,0.5061728395061729,0.44565217391304346
堆叠融合,0.49382716049382713,0.43956043956043955
堆叠融合,0.49382716049382713,0.4444444444444444
堆叠融合,0.49382716049382713,0.449438202247191
堆叠融合,0.49382716049382713,0.45454545454545453
堆叠融合,0.49382716049382713,0.45977011494252873
堆叠融合,0.49382716049382713,0.46511627906976744
堆叠融合,0.48148148148148145,0.4588235294117647
堆叠融合,0.4691358024691358,0.4523809523809524
堆叠融合,0.4691358024691358,0.4578313253012048
堆叠融合,0.4691358024691358,0.4634146341463415
堆叠融合,0.4691358024691358,0.4691358024691358
堆叠融合,0.4691358024691358,0.475
堆叠融合,0.4691358024691358,0.4810126582278481
堆叠融合,0.4691358024691358,0.48717948717948717
堆叠融合,0.4567901234567901,0.4805194805194805
堆叠融合,0.4567901234567901,0.4868421052631579
堆叠融合,0.4444444444444444,0.48
堆叠融合,0.4444444444444444,0.4864864864864865
堆叠融合,0.4444444444444444,0.4931506849315068
堆叠融合,0.4444444444444444,0.5
堆叠融合,0.4444444444444444,0.5070422535211268
堆叠融合,0.4444444444444444,0.5142857142857142
堆叠融合,0.4444444444444444,0.5217391304347826
堆叠融合,0.43209876543209874,0.5147058823529411
堆叠融合,0.41975308641975306,0.5074626865671642
堆叠融合,0.41975308641975306,0.5151515151515151
堆叠融合,0.41975308641975306,0.5230769230769231
堆叠融合,0.41975308641975306,0.53125
堆叠融合,0.4074074074074074,0.5238095238095238
堆叠融合,0.4074074074074074,0.532258064516129
堆叠融合,0.4074074074074074,0.5409836065573771
堆叠融合,0.4074074074074074,0.55
堆叠融合,0.4074074074074074,0.559322033898305
堆叠融合,0.4074074074074074,0.5689655172413793
堆叠融合,0.4074074074074074,0.5789473684210527
堆叠融合,0.3950617283950617,0.5714285714285714
堆叠融合,0.3950617283950617,0.5818181818181818
堆叠融合,0.38271604938271603,0.5740740740740741
堆叠融合,0.38271604938271603,0.5849056603773585
堆叠融合,0.37037037037037035,0.5769230769230769
堆叠融合,0.37037037037037035,0.5882352941176471
堆叠融合,0.35802469135802467,0.58
堆叠融合,0.35802469135802467,0.5918367346938775
堆叠融合,0.35802469135802467,0.6041666666666666
堆叠融合,0.345679012345679,0.5957446808510638
堆叠融合,0.345679012345679,0.6086956521739131
堆叠融合,0.345679012345679,0.6222222222222222
堆叠融合,0.345679012345679,0.6363636363636364
堆叠融合,0.345679012345679,0.6511627906976745
堆叠融合,0.3333333333333333,0.6428571428571429
堆叠融合,0.32098765432098764,0.6341463414634146
堆叠融合,0.30864197530864196,0.625
堆叠融合,0.2962962962962963,0.6153846153846154
堆叠融合,0.2962962962962963,0.631578947368421
堆叠融合,0.2962962962962963,0.6486486486486487
堆叠融合,0.2962962962962963,0.6666666666666666
堆叠融合,0.2839506172839506,0.6571428571428571
堆叠融合,0.2839506172839506,0.6764705882352942
堆叠融合,0.2716049382716049,0.6666666666666666
堆叠融合,0.2716049382716049,0.6875
堆叠融合,0.2716049382716049,0.7096774193548387
堆叠融合,0.25925925925925924,0.7
堆叠融合,0.25925925925925924,0.7241379310344828
堆叠融合,0.25925925925925924,0.75
堆叠融合,0.24691358024691357,0.7407407407407407
堆叠融合,0.24691358024691357,0.7692307692307693
堆叠融合,0.2345679012345679,0.76
堆叠融合,0.2345679012345679,0.7916666666666666
堆叠融合,0.2222222222222222,0.782608695652174
堆叠融合,0.2222222222222222,0.8181818181818182
堆叠融合,0.20987654320987653,0.8095238095238095
堆叠融合,0.20987654320987653,0.85
堆叠融合,0.19753086419753085,0.8421052631578947
堆叠融合,0.19753086419753085,0.8888888888888888
堆叠融合,0.18518518518518517,0.8823529411764706
堆叠融合,0.18518518518518517,0.9375
堆叠融合,0.1728395061728395,0.9333333333333333
堆叠融合,0.1728395061728395,1.0
堆叠融合,0.16049382716049382,1.0
堆叠融合,0.14814814814814814,1.0
堆叠融合,0.13580246913580246,1.0
堆叠融合,0.12345679012345678,1.0
堆叠融合,0.1111111111111111,1.0
堆叠融合,0.09876543209876543,1.0
堆叠融合,0.08641975308641975,1.0
堆叠融合,0.07407407407407407,1.0
堆叠融合,0.06172839506172839,1.0
堆叠融合,0.04938271604938271,1.0
堆叠融合,0.037037037037037035,1.0
堆叠融合,0.024691358024691357,1.0
堆叠融合,0.012345679012345678,1.0
堆叠融合,0.0,1.0
GRU 混合,1.0,0.01346409574468085
GRU 混合,1.0,0.013466334164588529
GRU 混合,1.0,0.013468573328899235
GRU 混合,1.0,0.013470813237984366
GRU 混合,1.0,0.01347305389221557
GRU 混合,1.0,0.013475295291964732
GRU 混合,1.0,0.013477537437603994
GRU 混合,1.0,0.01347978032950574
GRU 混合,1.0,0.01348202396804261
GRU 混合,1.0,0.013484268353587481
GRU 混合,1.0,0.013486513486513486
GRU 混合,1.0,0.013488759367194006
GRU 混合,1.0,0.013491005996002664
GRU 混合,1.0,0.013493253373313344
GRU 混合,1.0,0.013495501499500167
GRU 混合,1.0,0.013497750374937511
GRU 混合,1.0,0.0135
GRU 混合,1.0,0.013502250375062511
GRU 混合,1.0,0.013504501500500166
GRU 混合,1.0,0.013506753376688344
GRU 混合,1.0,0.013509006004002668
GRU 混合,1.0,0.013511259382819015
GRU 混合,1.0,0.013513513513513514
GRU 混合,1.0,0.013515768396462539
GRU 混合,1.0,0.013518024032042724
GRU 混合,1.0,0.013520280420630946
GRU 混合,1.0,0.013522537562604341
GRU 混合,1.0,0.01352479545834029
GRU 混合,1.0,0.013527054108216433
GRU 混合,1.0,0.013529313512610656
GRU 混合,1.0,0.013531573671901102
GRU 混合,1.0,0.013533834586466165
GRU 混合,1.0,0.013536096256684492
GRU 混合,1.0,0.013538358682934983
GRU 混合,1.0,0.01354062186559679
GRU 混合,1.0,0.013542885805049323
GRU 混合,1.0,0.01354515050167224
GRU 混合,1.0,0.013547415955845458
GRU 混合,1.0,0.013549682167949146
GRU 混合,1.0,0.013551949138363727
GRU 混合,1.0,0.01355421686746988
GRU 混合,1.0,0.013556485355648535
GRU 混合,1.0,0.013558754603280885
GRU 混合,1.0,0.013561024610748368
GRU 混合,1.0,0.013563295378432686
GRU 混合,1.0,0.013565566906715794
GRU 混合,1.0,0.013567839195979899
GRU 混合,1.0,0.013570112246607473
GRU 混合,1.0,0.013572386058981234
GRU 混合,1.0,0.013574660633484163
GRU 混合,1.0,0.013576935970499497
GRU 混合,1.0,0.01357921207041073
GRU 混合,1.0,0.01358148893360161
GRU 混合,1.0,0.013583766560456146
GRU 混合,1.0,0.013586044951358605
GRU 混合,1.0,0.013588324106693507
GRU 混合,1.0,0.013590604026845638
GRU 混合,1.0,0.013592884712200033
GRU 混合,1.0,0.013595166163141994
GRU 混合,1.0,0.013597448380057076
GRU 混合,1.0,0.013599731363331095
GRU 混合,1.0,0.013602015113350126
GRU 混合,1.0,0.013604299630500504
GRU 混合,1.0,0.013606584915168822
GRU 混合,1.0,0.013608870967741936
GRU 混合,1.0,0.013611157788606956
GRU 混合,1.0,0.01361344537815126
GRU 混合,1.0,0.01361573373676248
GRU 混合,1.0,0.013618022864828513
GRU 混合,1.0,0.013620312762737515
GRU 混合,1.0,0.013622603430877902
GRU 混合,1.0,0.013624894869638351
GRU 混合,1.0,0.013627187079407806
GRU 混合,1.0,0.013629480060575468
GRU 混合,1.0,0.013631773813530798
GRU 混合,1.0,0.013634068338663525
GRU 混合,1.0,0.013636363636363636
GRU 混合,1.0,0.013638659707021383
GRU 混合,1.0,0.013640956551027282
GRU 混合,1.0,0.013643254168772108
GRU 混合,1.0,0.0136455525606469
GRU 混合,1.0,0.013647851727042965
GRU 混合,1.0,0.013650151668351871
GRU 混合,1.0,0.013652452384965447
GRU 混合,1.0,0.013654753877275792
GRU 混合,1.0,0.013657056145675266
GRU 混合,1.0,0.013659359190556492
GRU 混合,1.0,0.013661663012312362
GRU 混合,1.0,0.013663967611336033
GRU 混合,1.0,0.01366627298802092
GRU 混合,1.0,0.013668579142760715
GRU 混合,1.0,0.013670886075949367
GRU 混合,1.0,0.013673193787981094
GRU 混合,1.0,0.01367550227925038
GRU 混合,1.0,0.013677811550151976
GRU 混合,1.0,0.013680121601080899
GRU 混合,1.0,0.013682432432432433
GRU 混合,1.0,0.013684744044602128
GRU 混合,1.0,0.013687056437985807
GRU 混合,1.0,0.01368936961297955
GRU 混合,1.0,0.013691683569979716
GRU 混合,1.0,0.013693998309382924
GRU 混合,1.0,0.013696313831586067
GRU 混合,1.0,0.0136986301369863
GRU 混合,1.0,0.013700947225981055
GRU 混合,1.0,0.013703265098968026
GRU 混合,1.0,0.013705583756345178
GRU 混合,1.0,0.013707903198510746
GRU 混合,1.0,0.013710223425863236
GRU 混合,1.0,0.013712544438801422
GRU 混合,1.0,0.013714866237724348
GRU 混合,1.0,0.013717188823031329
GRU 混合,1.0,0.013719512195121951
GRU 混合,1.0,0.01372183635439607
GRU 混合,1.0,0.013724161301253812
GRU 混合,1.0,0.013726487036095577
GRU 混合,1.0,0.013728813559322034
GRU 混合,1.0,0.013731140871334124
GRU 混合,1.0,0.013733468972533061
GRU 混合,1.0,0.013735797863320333
GRU 混合,1.0,0.013738127544097693
GRU 混合,1.0,0.013740458015267175
GRU 混合,1.0,0.013742789277231082
GRU 混合,1.0,0.01374512133039199
GRU 混合,1.0,0.01374745417515275
GRU 混合,1.0,0.013749787811916483
GRU 混合,1.0,0.013752122241086587
GRU 混合,1.0,0.013754457463066735
GRU 混合,1.0,0.01375679347826087
GRU 混合,1.0,0.013759130287073212
GRU 混合,1.0,0.013761467889908258
GRU 混合,1.0,0.013763806287170773
GRU 混合,1.0,0.013766145479265806
GRU 混合,1.0,0.013768485466598673
GRU 混合,1.0,0.013770826249574975
GRU 混合,1.0,0.013773167828600578
GRU 混合,1.0,0.013775510204081633
GRU 混合,1.0,0.013777853376424561
GRU 混合,1.0,0.013780197346036067
GRU 混合,1.0,0.013782542113323124
GRU 混合,1.0,0.013784887678692988
GRU 混合,1.0,0.01378723404255319
GRU 混合,1.0,0.013789581205311542
GRU 混合,1.0,0.013791929167376128
GRU 混合,1.0,0.013794277929155314
GRU 混合,1.0,0.013796627491057742
GRU 混合,1.0,0.013798977853492335
GRU 混合,1.0,0.01380132901686829
GRU 混合,1.0,0.013803680981595092
GRU 混合,1.0,0.013806033748082496
GRU 混合,1.0,0.013808387316740538
GRU 混合,1.0,0.01381074168797954
GRU 混合,1.0,0.013813096862210095
GRU 混合,1.0,0.013815452839843085
GRU 混合,1.0,0.013817809621289662
GRU 混合,1.0,0.013820167206961269
GRU 混合,1.0,0.013822525597269625
GRU 混合,1.0,0.013824884792626729
GRU 混合,1.0,0.013827244793444863
GRU 混合,1.0,0.013829605600136588
GRU 混合,1.0,0.013831967213114754
GRU 混合,1.0,0.013834329632792484
GRU 混合,1.0,0.01383669285958319
GRU 混合,1.0,0.013839056893900564
GRU 混合,1.0,0.013841421736158578
GRU 混合,1.0,0.013843787386771491
GRU 混合,1.0,0.013846153846153847
GRU 混合,1.0,0.013848521114720465
GRU 混合,1.0,0.013850889192886457
GRU 混合,1.0,0.013853258081067214
GRU 混合,1.0,0.013855627779678413
GRU 混合,1.0,0.013857998289136014
GRU 混合,1.0,0.013860369609856264
GRU 混合,1.0,0.01386274174225569
GRU 混合,1.0,0.013865114686751112
GRU 混合,1.0,0.01386748844375963
GRU 混合,1.0,0.01386986301369863
GRU 混合,1.0,0.013872238396985785
GRU 混合,1.0,0.013874614594039054
GRU 混合,1.0,0.013876991605276683
GRU 混合,1.0,0.013879369431117203
GRU 混合,1.0,0.013881748071979434
GRU 混合,1.0,0.013884127528282482
GRU 混合,1.0,0.01388650780044574
GRU 混合,1.0,0.013888888888888888
GRU 混合,1.0,0.013891270794031898
GRU 混合,1.0,0.013893653516295026
GRU 混合,1.0,0.013896037056098817
GRU 混合,1.0,0.013898421413864104
GRU 混合,1.0,0.013900806590012013
GRU 混合,1.0,0.013903192584963954
GRU 混合,1.0,0.01390557939914163
GRU 混合,1.0,0.013907967032967032
GRU 混合,1.0,0.013910355486862442
GRU 混合,1.0,0.01391274476125043
GRU 混合,1.0,0.013915134856553856
GRU 混合,1.0,0.013917525773195877
GRU 混合,1.0,0.013919917511599931
GRU 混合,1.0,0.013922310072189756
GRU 混合,1.0,0.013924703455389376
GRU 混合,1.0,0.013927097661623108
GRU 混合,1.0,0.013929492691315564
GRU 混合,1.0,0.01393188854489164
GRU 混合,1.0,0.013934285222776536
GRU 混合,1.0,0.013936682725395734
GRU 混合,1.0,0.013939081053175014
GRU 混合,1.0,0.013941480206540447
GRU 混合,1.0,0.013943880185918403
GRU 混合,1.0,0.013946280991735538
GRU 混合,1.0,0.013948682624418805
GRU 混合,1.0,0.013951085084395453
GRU 混合,1.0,0.013953488372093023
GRU 混合,1.0,0.013955892487939351
GRU 混合,1.0,0.01395829743236257
GRU 混合,1.0,0.013960703205791106
GRU 混合,1.0,0.01396310980865368
GRU 混合,1.0,0.01396551724137931
GRU 混合,1.0,0.01396792550439731
GRU 混合,1.0,0.013970334598137289
GRU 混合,1.0,0.013972744523029153
GRU 混合,1.0,0.013975155279503106
GRU 混合,1.0,0.013977566867989646
GRU 混合,1.0,0.013979979288919572
GRU 混合,1.0,0.013982392542723977
GRU 混合,1.0,0.013984806629834255
GRU 混合,1.0,0.013987221550682093
GRU 混合,1.0,0.013989637305699482
GRU 混合,1.0,0.013992053895318707
GRU 混合,1.0,0.013994471319972357
GRU 混合,1.0,0.013996889580093312
GRU 混合,1.0,0.01399930867611476
GRU 混合,1.0,0.014001728608470182
GRU 混合,1.0,0.014004149377593362
GRU 混合,1.0,0.014006570983918382
GRU 混合,1.0,0.014008993427879627
GRU 混合,1.0,0.01401141670991178
GRU 混合,1.0,0.014013840830449827
GRU 混合,1.0,0.014016265789929053
GRU 混合,1.0,0.014018691588785047
GRU 混合,1.0,0.014021118227453696
GRU 混合,1.0,0.01402354570637119
GRU 混合,1.0,0.014025974025974027
GRU 混合,1.0,0.014028403186698995
GRU 混合,1.0,0.014030833188983198
GRU 混合,1.0,0.014033264033264034
GRU 混合,1.0,0.014035695719979206
GRU 混合,1.0,0.014038128249566724
GRU 混合,1.0,0.014040561622464899
GRU 混合,1.0,0.014042995839112345
GRU 混合,1.0,0.01404543089994798
GRU 混合,1.0,0.01404786680541103
GRU 混合,1.0,0.014050303555941024
GRU 混合,1.0,0.014052741151977794
GRU 混合,1.0,0.014055179593961478
GRU 混合,1.0,0.014057618882332524
GRU 混合,1.0,0.014060059017531679
GRU 混合,1.0,0.0140625
GRU 混合,1.0,0.01406494183017885
GRU 混合,1.0,0.0140673845085099
GRU 混合,1.0,0.014069828035435123
GRU 混合,1.0,0.014072272411396804
GRU 混合,1.0,0.014074717636837533
GRU 混合,1.0,0.014077163712200209
GRU 混合,1.0,0.014079610637928038
GRU 混合,1.0,0.014082058414464534
GRU 混合,1.0,0.014084507042253521
GRU 混合,1.0,0.01408695652173913
GRU 混合,1.0,0.014089406853365802
GRU 混合,1.0,0.014091858037578288
GRU 混合,1.0,0.014094310074821646
GRU 混合,1.0,0.014096762965541246
GRU 混合,1.0,0.014099216710182768
GRU 混合,1.0,0.014101671309192201
GRU 混合,1.0,0.014104126763015845
GRU 混合,1.0,0.014106583072100314
GRU 混合,1.0,0.014109040236892528
GRU 混合,1.0,0.014111498257839722
GRU 混合,1.0,0.014113957135389441
GRU 混合,1.0,0.014116416869989544
GRU 混合,1.0,0.0141188774620882
GRU 混合,1.0,0.014121338912133892
GRU 混合,1.0,0.014123801220575414
GRU 混合,1.0,0.014126264387861876
GRU 混合,1.0,0.0141287284144427
GRU 混合,1.0,0.014131193300767621
GRU 混合,1.0,0.014133659047286687
GRU 混合,1.0,0.014136125654450262
GRU 混合,1.0,0.014138593122709025
GRU 混合,1.0,0.014141061452513967
GRU 混合,1.0,0.014143530644316397
GRU 混合,1.0,0.014146000698567935
GRU 混合,1.0,0.014148471615720524
GRU 混合,1.0,0.014150943396226415
GRU 混合,1.0,0.014153416040538179
GRU 混合,1.0,0.014155889549108703
GRU 混合,1.0,0.01415836392239119
GRU 混合,1.0,0.014160839160839161
GRU 混合,1.0,0.014163315264906452
GRU 混合,1.0,0.01416579223504722
GRU 混合,1.0,0.014168270071715935
GRU 混合,1.0,0.01417074877536739
GRU 混合,1.0,0.014173228346456693
GRU 混合,1.0,0.014175708785439271
GRU 混合,1.0,0.014178190092770873
GRU 混合,1.0,0.014180672268907563
GRU 混合,1.0,0.014183155314305727
GRU 混合,1.0,0.014185639229422066
GRU 混合,1.0,0.01418812401471361
GRU 混合,1.0,0.014190609670637701
GRU 混合,1.0,0.014193096197652006
GRU 混合,1.0,0.014195583596214511
GRU 混合,1.0,0.014198071866783523
GRU 混合,1.0,0.014200561009817671
GRU 混合,1.0,0.014203051025775907
GRU 混合,1.0,0.014205541915117503
GRU 混合,1.0,0.014208033678302052
GRU 混合,1.0,0.014210526315789474
GRU 混合,1.0,0.014213019828040007
GRU 混合,1.0,0.014215514215514216
GRU 混合,1.0,0.014218009478672985
GRU 混合,1.0,0.014220505617977528
GRU 混合,1.0,0.014223002633889377
GRU 混合,1.0,0.01422550052687039
GRU 混合,1.0,0.01422799929738275
GRU 混合,1.0,0.014230498945888967
GRU 混合,1.0,0.014232999472851872
GRU 混合,1.0,0.014235500878734621
GRU 混合,1.0,0.014238003164000703
GRU 混合,1.0,0.014240506329113924
GRU 混合,1.0,0.014243010374538422
GRU 混合,1.0,0.014245515300738656
GRU 混合,1.0,0.01424802110817942
GRU 混合,1.0,0.014250527797325828
GRU 混合,1.0,0.014253035368643321
GRU 混合,1.0,0.014255543822597676
GRU 混合,1.0,0.01425805315965499
GRU 混合,1.0,0.01426056338028169
GRU 混合,1.0,0.014263074484944533
GRU 混合,1.0,0.014265586474110602
GRU 混合,1.0,0.014268099348247314
GRU 混合,1.0,0.01427061310782241
GRU 混合,1.0,0.014273127753303964
GRU 混合,1.0,0.01427564328516038
GRU 混合,1.0,0.014278159703860392
GRU 混合,1.0,0.014280677009873061
GRU 混合,1.0,0.014283195203667784
GRU 混合,1.0,0.014285714285714285
GRU 混合,1.0,0.014288234256482625
GRU 混合,1.0,0.01429075511644319
GRU 混合,1.0,0.014293276866066702
GRU 混合,1.0,0.014295799505824214
GRU 混合,1.0,0.014298323036187114
GRU 混合,1.0,0.014300847457627119
GRU 混合,1.0,0.01430337277061628
GRU 混合,1.0,0.014305898975626986
GRU 混合,1.0,0.014308426073131956
GRU 混合,1.0,0.01431095406360424
GRU 混合,1.0,0.014313482947517229
GRU 混合,1.0,0.014316012725344645
GRU 混合,1.0,0.014318543397560545
GRU 混合,1.0,0.014321074964639321
GRU 混合,1.0,0.014323607427055704
GRU 混合,1.0,0.014326140785284755
GRU 混合,1.0,0.014328675039801874
GRU 混合,1.0,0.014331210191082803
GRU 混合,1.0,0.01433374623960361
GRU 混合,1.0,0.014336283185840707
GRU 混合,1.0,0.014338821030270845
GRU 混合,1.0,0.014341359773371105
GRU 混合,1.0,0.014343899415618913
GRU 混合,1.0,0.014346439957492029
GRU 混合,1.0,0.014348981399468556
GRU 混合,1.0,0.014351523742026931
GRU 混合,1.0,0.014354066985645933
GRU 混合,1.0,0.01435661113080468
GRU 混合,1.0,0.014359156177982627
GRU 混合,1.0,0.014361702127659574
GRU 混合,1.0,0.014364248980315658
GRU 混合,1.0,0.014366796736431358
GRU 混合,1.0,0.014369345396487493
GRU 混合,1.0,0.014371894960965224
GRU 混合,1.0,0.014374445430346052
GRU 混合,1.0,0.01437699680511182
GRU 混合,1.0,0.014379549085744719
GRU 混合,1.0,0.014382102272727272
GRU 混合,1.0,0.014384656366542355
GRU 混合,1.0,0.014387211367673179
GRU 混合,1.0,0.014389767276603304
GRU 混合,1.0,0.014392324093816631
GRU 混合,1.0,0.014394881819797405
GRU 混合,1.0,0.014397440455030218
GRU 混合,1.0,0.0144
GRU 混合,1.0,0.014402560455192033
GRU 混合,1.0,0.014405121821091944
GRU 混合,1.0,0.0144076840981857
GRU 混合,1.0,0.014410247286959615
GRU 混合,1.0,0.014412811387900355
GRU 混合,1.0,0.014415376401494928
GRU 混合,1.0,0.014417942328230687
GRU 混合,1.0,0.014420509168595335
GRU 混合,1.0,0.014423076923076924
GRU 混合,1.0,0.014425645592163847
GRU 混合,1.0,0.014428215176344851
GRU 混合,1.0,0.014430785676109033
GRU 混合,1.0,0.01443335709194583
GRU 混合,1.0,0.014435929424345037
GRU 混合,1.0,0.014438502673796792
GRU 混合,1.0,0.014441076840791585
GRU 混合,1.0,0.014443651925820257
GRU 混合,1.0,0.014446227929373997
GRU 混合,1.0,0.014448804851944346
GRU 混合,1.0,0.014451382694023194
GRU 混合,1.0,0.014453961456102784
GRU 混合,1.0,0.01445654113867571
GRU 混合,1.0,0.014459121742234916
GRU 混合,1.0,0.0144617032672737
GRU 混合,1.0,0.014464285714285714
GRU 混合,1.0,0.014466869083764959
GRU 混合,1.0,0.014469453376205787
GRU 混合,1.0,0.014472038592102911
GRU 混合,1.0,0.014474624731951394
GRU 混合,1.0,0.014477211796246649
GRU 混合,1.0,0.014479799785484448
GRU 混合,1.0,0.014482388700160916
GRU 混合,1.0,0.014484978540772532
GRU 混合,1.0,0.014487569307816132
GRU 混合,1.0,0.014490161001788909
GRU 混合,1.0,0.014492753623188406
GRU 混合,1.0,0.014495347172512527
GRU 混合,1.0,0.01449794165025953
GRU 混合,1.0,0.014500537056928034
GRU 混合,1.0,0.01450313339301701
GRU 混合,1.0,0.014505730659025788
GRU 混合,1.0,0.014508328855454057
GRU 混合,1.0,0.014510927982801862
GRU 混合,1.0,0.014513528041569612
GRU 混合,1.0,0.014516129032258065
GRU 混合,1.0,0.014518730955368346
GRU 混合,1.0,0.014521333811401936
GRU 混合,1.0,0.014523937600860678
GRU 混合,1.0,0.014526542324246772
GRU 混合,1.0,0.014529147982062781
GRU 混合,1.0,0.014531754574811625
GRU 混合,1.0,0.01453436210299659
GRU 混合,1.0,0.01453697056712132
GRU 混合,1.0,0.014539579967689823
GRU 混合,1.0,0.014542190305206463
GRU 混合,1.0,0.014544801580175975
GRU 混合,1.0,0.014547413793103448
GRU 混合,1.0,0.014550026944494341
GRU 混合,1.0,0.014552641034854473
GRU 混合,1.0,0.014555256064690027
GRU 混合,1.0,0.014557872034507549
GRU 混合,1.0,0.01456048894481395
GRU 混合,1.0,0.014563106796116505
GRU 混合,1.0,0.014565725588922855
GRU 混合,1.0,0.014568345323741008
GRU 混合,1.0,0.01457096600107933
GRU 混合,1.0,0.014573587621446563
GRU 混合,1.0,0.014576210185351808
GRU 混合,1.0,0.014578833693304536
GRU 混合,1.0,0.014581458145814581
GRU 混合,1.0,0.01458408354339215
GRU 混合,1.0,0.014586709886547812
GRU 混合,1.0,0.014589337175792506
GRU 混合,1.0,0.014591965411637544
GRU 混合,1.0,0.014594594594594595
GRU 混合,1.0,0.014597224725175707
GRU 混合,1.0,0.014599855803893294
GRU 混合,1.0,0.014602487831260141
GRU 混合,1.0,0.014605120807789397
GRU 混合,1.0,0.01460775473399459
GRU 混合,1.0,0.01461038961038961
GRU 混合,1.0,0.014613025437488724
GRU 混合,1.0,0.014615662215806569
GRU 混合,1.0,0.014618299945858148
GRU 混合,1.0,0.014620938628158844
GRU 混合,1.0,0.01462357826322441
GRU 混合,1.0,0.014626218851570965
GRU 混合,1.0,0.014628860393715009
GRU 混合,1.0,0.01463150289017341
GRU 混合,1.0,0.014634146341463415
GRU 混合,1.0,0.014636790748102639
GRU 混合,1.0,0.014639436110609073
GRU 混合,1.0,0.014642082429501085
GRU 混合,1.0,0.014644729705297415
GRU 混合,1.0,0.014647377938517179
GRU 混合,1.0,0.01465002712967987
GRU 混合,1.0,0.014652677279305354
GRU 混合,1.0,0.014655328387913877
GRU 混合,1.0,0.014657980456026058
GRU 混合,1.0,0.014660633484162897
GRU 混合,1.0,0.014663287472845763
GRU 混合,1.0,0.014665942422596416
GRU 混合,1.0,0.01466859833393698
GRU 混合,1.0,0.014671255207389966
GRU 混合,1.0,0.014673913043478261
GRU 混合,1.0,0.014676571842725132
GRU 混合,1.0,0.014679231605654222
GRU 混合,1.0,0.01468189233278956
GRU 混合,1.0,0.014684554024655547
GRU 混合,1.0,0.014687216681776971
GRU 混合,1.0,0.014689880304679
GRU 混合,1.0,0.014692544893887176
GRU 混合,1.0,0.01469521044992743
GRU 混合,1.0,0.014697876973326075
GRU 混合,1.0,0.0147005444646098
GRU 混合,1.0,0.01470321292430568
GRU 混合,1.0,0.014705882352941176
GRU 混合,1.0,0.014708552751044126
GRU 混合,1.0,0.014711224119142753
GRU 混合,1.0,0.014713896457765668
GRU 混合,1.0,0.01471656976744186
GRU 混合,1.0,0.01471924404870071
GRU 混合,1.0,0.014721919302071973
GRU 混合,1.0,0.014724595528085803
GRU 混合,1.0,0.014727272727272728
GRU 混合,1.0,0.014729950900163666
GRU 混合,1.0,0.014732630047289924
GRU 混合,1.0,0.014735310169183191
GRU 混合,1.0,0.014737991266375546
GRU 混合,1.0,0.014740673339399454
GRU 混合,1.0,0.014743356388787768
GRU 混合,1.0,0.01474604041507373
GRU 混合,1.0,0.014748725418790968
GRU 混合,1.0,0.014751411400473502
GRU 混合,1.0,0.014754098360655738
GRU 混合,1.0,0.014756786299872472
GRU 混合,1.0,0.014759475218658892
GRU 混合,1.0,0.014762165117550574
GRU 混合,1.0,0.014764855997083486
GRU 混合,1.0,0.014767547857793984
GRU 混合,1.0,0.01477024070021882
GRU 混合,1.0,0.01477293452489513
GRU 混合,1.0,0.014775629332360452
GRU 混合,1.0,0.014778325123152709
GRU 混合,1.0,0.014781021897810219
GRU 混合,1.0,0.014783719656871691
GRU 混合,1.0,0.014786418400876232
GRU 混合,1.0,0.014789118130363337
GRU 混合,1.0,0.0147918188458729
GRU 混合,1.0,0.014794520547945205
GRU 混合,1.0,0.014797223237120936
GRU 混合,1.0,0.014799926913941166
GRU 混合,1.0,0.014802631578947368
GRU 混合,1.0,0.01480533723268141
GRU 混合,1.0,0.014808043875685557
GRU 混合,1.0,0.014810751508502468
GRU 混合,1.0,0.0148134601316752
GRU 混合,1.0,0.014816169745747211
GRU 混合,1.0,0.014818880351262349
GRU 混合,1.0,0.014821591948764867
GRU 混合,1.0,0.014824304538799415
GRU 混合,1.0,0.014827018121911038
GRU 混合,1.0,0.014829732698645185
GRU 混合,1.0,0.014832448269547702
GRU 混合,1.0,0.014835164835164835
GRU 混合,1.0,0.014837882396043231
GRU 混合,1.0,0.014840600952729937
GRU 混合,1.0,0.014843320505772403
GRU 混合,1.0,0.014846041055718476
GRU 混合,1.0,0.014848762603116407
GRU 混合,1.0,0.01485148514851485
GRU 混合,1.0,0.014854208692462864
GRU 混合,1.0,0.014856933235509904
GRU 混合,1.0,0.014859658778205834
GRU 混合,1.0,0.014862385321100917
GRU 混合,1.0,0.014865112864745825
GRU 混合,1.0,0.01486784140969163
GRU 混合,1.0,0.01487057095648981
GRU 混合,1.0,0.01487330150569225
GRU 混合,1.0,0.01487603305785124
GRU 混合,1.0,0.014878765613519472
GRU 混合,1.0,0.014881499173250046
GRU 混合,1.0,0.014884233737596472
GRU 混合,1.0,0.014886969307112663
GRU 混合,1.0,0.01488970588235294
GRU 混合,1.0,0.014892443463872035
GRU 混合,1.0,0.014895182052225083
GRU 混合,1.0,0.014897921647967629
GRU 混合,1.0,0.014900662251655629
GRU 混合,1.0,0.014903403863845446
GRU 混合,1.0,0.014906146485093854
GRU 混合,1.0,0.014908890115958034
GRU 混合,1.0,0.014911634756995583
GRU 混合,1.0,0.0149143804087645
GRU 混合,1.0,0.014917127071823204
GRU 混合,1.0,0.01491987474673052
GRU 混合,1.0,0.01492262343404569
GRU 混合,1.0,0.014925373134328358
GRU 混合,1.0,0.014928123848138592
GRU 混合,1.0,0.014930875576036867
GRU 混合,1.0,0.014933628318584071
GRU 混合,1.0,0.014936382076341508
GRU 混合,1.0,0.014939136849870896
GRU 混合,1.0,0.014941892639734366
GRU 混合,1.0,0.014944649446494465
GRU 混合,1.0,0.014947407270714154
GRU 混合,1.0,0.014950166112956811
GRU 混合,1.0,0.01495292597378623
GRU 混合,1.0,0.014955686853766617
GRU 混合,1.0,0.014958448753462604
GRU 混合,1.0,0.014961211673439232
GRU 混合,1.0,0.014963975614261962
GRU 混合,1.0,0.014966740576496674
GRU 混合,1.0,0.014969506560709665
GRU 混合,1.0,0.014972273567467652
GRU 混合,1.0,0.014975041597337771
GRU 混合,1.0,0.014977810650887574
GRU 混合,1.0,0.014980580728685038
GRU 混合,1.0,0.014983351831298557
GRU 混合,1.0,0.014986123959296948
GRU 混合,1.0,0.014988897113249446
GRU 混合,1.0,0.014991671293725709
GRU 混合,1.0,0.014994446501295817
GRU 混合,1.0,0.014997222736530272
GRU 混合,1.0,0.015
GRU 混合,1.0,0.015002778292276347
GRU 混合,1.0,0.015005557613931086
GRU 混合,1.0,0.01500833796553641
GRU 混合,1.0,0.015011119347664937
GRU 混合,1.0,0.015013901760889712
GRU 混合,1.0,0.015016685205784204
GRU 混合,1.0,0.015019469682922306
GRU 混合,1.0,0.015022255192878338
GRU 混合,1.0,0.015025041736227046
GRU 混合,1.0,0.015027829313543599
GRU 混合,1.0,0.0150306179254036
GRU 混合,1.0,0.015033407572383074
GRU 混合,1.0,0.015036198255058475
GRU 混合,1.0,0.015038989974006683
GRU 混合,1.0,0.015041782729805013
GRU 混合,1.0,0.015044576523031204
GRU 混合,1.0,0.015047371354263421
GRU 混合,1.0,0.015050167224080268
GRU 混合,1.0,0.01505296413306077
GRU 混合,1.0,0.015055762081784387
GRU 混合,1.0,0.01505856107083101
GRU 混合,1.0,0.015061361100780959
GRU 混合,1.0,0.01506416217221499
GRU 混合,1.0,0.015066964285714286
GRU 混合,1.0,0.015069767441860464
GRU 混合,1.0,0.015072571641235578
GRU 混合,1.0,0.01507537688442211
GRU 混合,1.0,0.015078183172002978
GRU 混合,1.0,0.015080990504561534
GRU 混合,1.0,0.015083798882681564
GRU 混合,1.0,0.01508660830694729
GRU 混合,1.0,0.015089418777943368
GRU 混合,1.0,0.01509223029625489
GRU 混合,1.0,0.015095042862467387
GRU 混合,1.0,0.015097856477166821
GRU 混合,1.0,0.015100671140939598
GRU 混合,1.0,0.015103486854372553
GRU 混合,1.0,0.015106303618052964
GRU 混合,1.0,0.01510912143256855
GRU 混合,1.0,0.015111940298507463
GRU 混合,1.0,0.015114760216458294
GRU 混合,1.0,0.015117581187010079
GRU 混合,1.0,0.015120403210752286
GRU 混合,1.0,0.015123226288274831
GRU 混合,1.0,0.015126050420168067
GRU 混合,1.0,0.015128875607022786
GRU 混合,1.0,0.015131701849430227
GRU 混合,1.0,0.015134529147982063
GRU 混合,1.0,0.015137357503270417
GRU 混合,1.0,0.01514018691588785
GRU 混合,1.0,0.01514301738642737
GRU 混合,1.0,0.015145848915482424
GRU 混合,1.0,0.015148681503646904
GRU 混合,1.0,0.015151515151515152
GRU 混合,1.0,0.015154349859681946
GRU 混合,1.0,0.015157185628742515
GRU 混合,1.0,0.015160022459292532
GRU 混合,1.0,0.015162860351928117
GRU 混合,1.0,0.015165699307245834
GRU 混合,1.0,0.015168539325842697
GRU 混合,1.0,0.015171380408316164
GRU 混合,1.0,0.015174222555264143
GRU 混合,1.0,0.01517706576728499
GRU 混合,1.0,0.015179910044977511
GRU 混合,1.0,0.015182755388940957
GRU 混合,1.0,0.015185601799775027
GRU 混合,1.0,0.01518844927807988
GRU 混合,1.0,0.015191297824456114
GRU 混合,1.0,0.015194147439504783
GRU 混合,1.0,0.015196998123827393
GRU 混合,1.0,0.015199849878025896
GRU 混合,1.0,0.015202702702702704
GRU 混合,1.0,0.015205556598460672
GRU 混合,1.0,0.015208411565903118
GRU 混合,1.0,0.015211267605633802
GRU 混合,1.0,0.01521412471825695
GRU 混合,1.0,0.015216982904377232
GRU 混合,1.0,0.015219842164599774
GRU 混合,1.0,0.015222702499530163
GRU 混合,1.0,0.015225563909774436
GRU 混合,1.0,0.015228426395939087
GRU 混合,1.0,0.015231289958631064
GRU 混合,1.0,0.015234154598457776
GRU 混合,1.0,0.015237020316027089
GRU 混合,1.0,0.015239887111947318
GRU 混合,1.0,0.015242754986827249
GRU 混合,1.0,0.015245623941276116
GRU 混合,1.0,0.015248493975903615
GRU 混合,1.0,0.015251365091319902
GRU 混合,1.0,0.015254237288135594
GRU 混合,1.0,0.015257110566961763
GRU 混合,1.0,0.015259984928409947
GRU 混合,1.0,0.015262860373092142
GRU 混合,1.0,0.015265736901620806
GRU 混合,1.0,0.015268614514608859
GRU 混合,1.0,0.015271493212669683
GRU 混合,1.0,0.015274372996417122
GRU 混合,1.0,0.015277253866465485
GRU 混合,1.0,0.015280135823429542
GRU 混合,1.0,0.015283018867924528
GRU 混合,1.0,0.015285903000566144
GRU 混合,1.0,0.015288788221970554
GRU 混合,1.0,0.015291674532754389
GRU 混合,1.0,0.015294561933534742
GRU 混合,1.0,0.01529745042492918
GRU 混合,1.0,0.015300340007555724
GRU 混合,1.0,0.015303230682032874
GRU 混合,1.0,0.015306122448979591
GRU 混合,1.0,0.015309015309015309
GRU 混合,1.0,0.015311909262759925
GRU 混合,1.0,0.015314804310833806
GRU 混合,1.0,0.015317700453857792
GRU 混合,1.0,0.015320597692453187
GRU 混合,1.0,0.01532349602724177
GRU 混合,1.0,0.01532639545884579
GRU 混合,1.0,0.015329295987887964
GRU 混合,1.0,0.015332197614991482
GRU 混合,1.0,0.015335100340780007
GRU 混合,1.0,0.015338004165877675
GRU 混合,1.0,0.01534090909090909
GRU 混合,1.0,0.015343815116499336
GRU 混合,1.0,0.015346722243273967
GRU 混合,1.0,0.015349630471859011
GRU 混合,1.0,0.01535253980288097
GRU 混合,1.0,0.015355450236966824
GRU 混合,1.0,0.015358361774744027
GRU 混合,1.0,0.015361274416840508
GRU 混合,1.0,0.015364188163884674
GRU 混合,1.0,0.015367103016505406
GRU 混合,1.0,0.015370018975332068
GRU 混合,1.0,0.015372936040994496
GRU 混合,1.0,0.015375854214123007
GRU 混合,1.0,0.015378773495348396
GRU 混合,1.0,0.015381693885301938
GRU 混合,1.0,0.015384615384615385
GRU 混合,1.0,0.015387537993920973
GRU 混合,1.0,0.015390461713851415
GRU 混合,1.0,0.01539338654503991
GRU 混合,1.0,0.01539631248812013
GRU 混合,1.0,0.015399239543726236
GRU 混合,1.0,0.01540216771249287
GRU 混合,1.0,0.015405096995055155
GRU 混合,1.0,0.015408027392048697
GRU 混合,1.0,0.015410958904109588
GRU 混合,1.0,0.015413891531874405
GRU 混合,1.0,0.015416825275980206
GRU 混合,1.0,0.015419760137064534
GRU 混合,1.0,0.015422696115765423
GRU 混合,1.0,0.015425633212721387
GRU 混合,1.0,0.015428571428571429
GRU 混合,1.0,0.015431510763955039
GRU 混合,1.0,0.015434451219512195
GRU 混合,1.0,0.015437392795883362
GRU 混合,1.0,0.015440335493709493
GRU 混合,1.0,0.01544327931363203
GRU 混合,1.0,0.015446224256292907
GRU 混合,1.0,0.015449170322334541
GRU 混合,1.0,0.015452117512399848
GRU 混合,1.0,0.015455065827132226
GRU 混合,1.0,0.015458015267175572
GRU 混合,1.0,0.01546096583317427
GRU 混合,1.0,0.015463917525773196
GRU 混合,1.0,0.01546687034561772
GRU 混合,1.0,0.015469824293353706
GRU 混合,1.0,0.015472779369627506
GRU 混合,1.0,0.015475735575085976
GRU 混合,1.0,0.015478692910376457
GRU 混合,1.0,0.01548165137614679
GRU 混合,1.0,0.015484610973045307
GRU 混合,1.0,0.015487571701720841
GRU 混合,1.0,0.01549053356282272
GRU 混合,1.0,0.015493496557000766
GRU 混合,1.0,0.0154964606849053
GRU 混合,1.0,0.015499425947187142
GRU 混合,1.0,0.015502392344497608
GRU 混合,1.0,0.015505359877488514
GRU 混合,1.0,0.015508328546812177
GRU 混合,1.0,0.015511298353121409
GRU 混合,1.0,0.015514269297069528
GRU 混合,1.0,0.015517241379310345
GRU 混合,1.0,0.01552021460049818
GRU 混合,1.0,0.01552318896128785
GRU 混合,1.0,0.015526164462334674
GRU 混合,1.0,0.015529141104294479
GRU 混合,1.0,0.015532118887823586
GRU 混合,1.0,0.015535097813578827
GRU 混合,1.0,0.015538077882217532
GRU 混合,1.0,0.015541059094397545
GRU 混合,1.0,0.015544041450777202
GRU 混合,1.0,0.015547024952015355
GRU 混合,1.0,0.015550009598771357
GRU 混合,1.0,0.01555299539170507
GRU 混合,1.0,0.015555982331476858
GRU 混合,1.0,0.0155589704187476
GRU 混合,1.0,0.015561959654178675
GRU 混合,1.0,0.015564950038431976
GRU 混合,1.0,0.015567941572169902
GRU 混合,1.0,0.015570934256055362
GRU 混合,1.0,0.015573928090751778
GRU 混合,1.0,0.015576923076923077
GRU 混合,1.0,0.015579919215233698
GRU 混合,1.0,0.015582916506348595
GRU 混合,1.0,0.01558591495093323
GRU 混合,1.0,0.01558891454965358
GRU 混合,1.0,0.015591915303176131
GRU 混合,1.0,0.015594917212167885
GRU 混合,1.0,0.01559792027729636
GRU 混合,1.0,0.015600924499229583
GRU 混合,1.0,0.0156039298786361
GRU 混合,1.0,0.01560693641618497
GRU 混合,1.0,0.01560994411254577
GRU 混合,1.0,0.01561295296838859
GRU 混合,1.0,0.015615962984384037
GRU 混合,1.0,0.015618974161203239
GRU 混合,1.0,0.01562198649951784
GRU 混合,1.0,0.015625
GRU 混合,1.0,0.0156280146633224
GRU 混合,1.0,0.01563103049015824
GRU 混合,1.0,0.01563404748118124
GRU 混合,1.0,0.01563706563706564
GRU 混合,1.0,0.015640084958486195
GRU 混合,1.0,0.015643105446118192
GRU 混合,1.0,0.015646127100637435
GRU 混合,1.0,0.01564914992272025
GRU 混合,1.0,0.01565217391304348
GRU 混合,1.0,0.0156551990722845
GRU 混合,1.0,0.015658225401121207
GRU 混合,1.0,0.015661252900232018
GRU 混合,1.0,0.015664281570295882
GRU 混合,1.0,0.015667311411992263
GRU 混合,1.0,0.01567034242600116
GRU 混合,1.0,0.015673374613003097
GRU 混合,1.0,0.015676407973679116
GRU 混合,1.0,0.0156794425087108
GRU 混合,1.0,0.01568247821878025
GRU 混合,1.0,0.0156855151045701
GRU 混合,1.0,0.01568855316676351
GRU 混合,1.0,0.015691592406044168
GRU 混合,1.0,0.0156946328230963
GRU 混合,1.0,0.015697674418604653
GRU 混合,1.0,0.015700717193254506
GRU 混合,1.0,0.015703761147731678
GRU 混合,1.0,0.015706806282722512
GRU 混合,1.0,0.015709852598913887
GRU 混合,1.0,0.01571290009699321
GRU 混合,1.0,0.01571594877764843
GRU 混合,1.0,0.01571899864156802
GRU 混合,1.0,0.015722049689440992
GRU 混合,1.0,0.0157251019219569
GRU 混合,1.0,0.015728155339805826
GRU 混合,1.0,0.015731209943678385
GRU 混合,1.0,0.015734265734265736
GRU 混合,1.0,0.01573732271225957
GRU 混合,1.0,0.01574038087835212
GRU 混合,1.0,0.01574344023323615
GRU 混合,1.0,0.015746500777604977
GRU 混合,1.0,0.01574956251215244
GRU 混合,1.0,0.01575262543757293
GRU 混合,1.0,0.01575568955456137
GRU 混合,1.0,0.01575875486381323
GRU 混合,1.0,0.01576182136602452
GRU 混合,1.0,0.015764889061891788
GRU 混合,1.0,0.015767957952112128
GRU 混合,1.0,0.015771028037383176
GRU 混合,1.0,0.015774099318403116
GRU 混合,1.0,0.015777171795870668
GRU 混合,1.0,0.015780245470485097
GRU 混合,1.0,0.01578332034294622
GRU 混合,1.0,0.015786396413954396
GRU 混合,1.0,0.015789473684210527
GRU 混合,1.0,0.015792552154416065
GRU 混合,1.0,0.01579563182527301
GRU 混合,1.0,0.01579871269748391
GRU 混合,1.0,0.015801794771751854
GRU 混合,1.0,0.015804878048780488
GRU 混合,1.0,0.015807962529274005
GRU 混合,1.0,0.015811048213937147
GRU 混合,1.0,0.015814135103475204
GRU 混合,1.0,0.015817223198594025
GRU 混合,1.0,0.0158203125
GRU 混合,1.0,0.01582340300840008
GRU 混合,1.0,0.015826494724501757
GRU 混合,1.0,0.015829587649013092
GRU 混合,1.0,0.015832681782642688
GRU 混合,1.0,0.015835777126099706
GRU 混合,1.0,0.01583887368009386
GRU 混合,1.0,0.01584197144533542
GRU 混合,1.0,0.01584507042253521
GRU 混合,1.0,0.01584817061240462
GRU 混合,1.0,0.015851272015655577
GRU 混合,1.0,0.015854374633000587
GRU 混合,1.0,0.015857478465152702
GRU 混合,1.0,0.015860583512825533
GRU 混合,1.0,0.015863689776733254
GRU 混合,1.0,0.015866797257590597
GRU 混合,1.0,0.015869905956112852
GRU 混合,1.0,0.015873015873015872
GRU 混合,1.0,0.015876127009016073
GRU 混合,1.0,0.015879239364830426
GRU 混合,1.0,0.01588235294117647
GRU 混合,1.0,0.015885467738772308
GRU 混合,1.0,0.015888583758336603
GRU 混合,1.0,0.015891701000588582
GRU 混合,1.0,0.015894819466248038
GRU 混合,1.0,0.01589793915603533
GRU 混合,1.0,0.015901060070671377
GRU 混合,1.0,0.015904182210877676
GRU 混合,1.0,0.015907305577376275
GRU 混合,1.0,0.015910430170889805
GRU 混合,1.0,0.015913555992141455
GRU 混合,1.0,0.015916683041854982
GRU 混合,1.0,0.015919811320754717
GRU 混合,1.0,0.01592294082956556
GRU 混合,1.0,0.015926071569012976
GRU 混合,1.0,0.01592920353982301
GRU 混合,1.0,0.015932336742722267
GRU 混合,1.0,0.01593547117843793
GRU 混合,1.0,0.015938606847697757
GRU 混合,1.0,0.015941743751230072
GRU 混合,1.0,0.01594488188976378
GRU 混合,1.0,0.01594802126402835
GRU 混合,1.0,0.01595116187475384
GRU 混合,1.0,0.015954303722670867
GRU 混合,1.0,0.015957446808510637
GRU 混合,1.0,0.015960591133004926
GRU 混合,1.0,0.015963736696886086
GRU 混合,1.0,0.01596688350088705
GRU 混合,1.0,0.015970031545741326
GRU 混合,1.0,0.015973180832183003
GRU 混合,1.0,0.015976331360946745
GRU 混合,1.0,0.015979483132767803
GRU 混合,1.0,0.015982636148382006
GRU 混合,1.0,0.015985790408525755
GRU 混合,1.0,0.015988945913936046
GRU 混合,1.0,0.015992102665350443
GRU 混合,1.0,0.015995260663507108
GRU 混合,1.0,0.015998419909144777
GRU 混合,1.0,0.016001580403002764
GRU 混合,1.0,0.016004742145820983
GRU 混合,1.0,0.016007905138339922
GRU 混合,1.0,0.016011069381300654
GRU 混合,1.0,0.01601423487544484
GRU 混合,1.0,0.016017401621514733
GRU 混合,1.0,0.016020569620253163
GRU 混合,1.0,0.016023738872403562
GRU 混合,1.0,0.016026909378709934
GRU 混合,1.0,0.016030081139916882
GRU 混合,1.0,0.016033254156769598
GRU 混合,1.0,0.01603642843001386
GRU 混合,1.0,0.01603960396039604
GRU 混合,1.0,0.016042780748663103
GRU 混合,1.0,0.016045958795562597
GRU 混合,1.0,0.016049138101842678
GRU 混合,1.0,0.01605231866825208
GRU 混合,1.0,0.016055500495540137
GRU 混合,1.0,0.01605868358445678
GRU 混合,1.0,0.016061867935752528
GRU 混合,1.0,0.0160650535501785
GRU 混合,1.0,0.01606824042848641
GRU 混合,1.0,0.01607142857142857
GRU 混合,1.0,0.01607461797975789
GRU 混合,1.0,0.01607780865422787
GRU 混合,1.0,0.016081000595592615
GRU 混合,1.0,0.01608419380460683
GRU 混合,1.0,0.01608738828202582
GRU 混合,1.0,0.016090584028605484
GRU 混合,1.0,0.016093781045102326
GRU 混合,1.0,0.01609697933227345
GRU 混合,1.0,0.016100178890876567
GRU 混合,1.0,0.01610337972166998
GRU 混合,1.0,0.016106581825412608
GRU 混合,1.0,0.016109785202863963
GRU 混合,1.0,0.016112989854784165
GRU 混合,1.0,0.016116195781933945
GRU 混合,1.0,0.016119402985074627
GRU 混合,1.0,0.016122611464968153
GRU 混合,1.0,0.016125821222377067
GRU 混合,1.0,0.016129032258064516
GRU 混合,1.0,0.016132244572794264
GRU 混合,1.0,0.01613545816733068
GRU 混合,1.0,0.016138673042438732
GRU 混合,1.0,0.016141889198884016
GRU 混合,1.0,0.016145106637432727
GRU 混合,1.0,0.016148325358851676
GRU 混合,1.0,0.016151545363908275
GRU 混合,1.0,0.016154766653370563
GRU 混合,1.0,0.01615798922800718
GRU 混合,1.0,0.01616121308858739
GRU 混合,1.0,0.01616443823588106
GRU 混合,1.0,0.016167664670658683
GRU 混合,1.0,0.016170892393691357
GRU 混合,1.0,0.016174121405750797
GRU 混合,1.0,0.016177351707609346
GRU 混合,1.0,0.016180583300039953
GRU 混合,1.0,0.016183816183816185
GRU 混合,1.0,0.01618705035971223
GRU 混合,1.0,0.016190285828502897
GRU 混合,1.0,0.016193522590963613
GRU 混合,1.0,0.016196760647870425
GRU 混合,1.0,0.0162
GRU 混合,1.0,0.016203240648129627
GRU 混合,1.0,0.016206482593037214
GRU 混合,1.0,0.0162097258355013
GRU 混合,1.0,0.01621297037630104
GRU 混合,1.0,0.016216216216216217
GRU 混合,1.0,0.016219463356027232
GRU 混合,1.0,0.016222711796515122
GRU 混合,1.0,0.01622596153846154
GRU 混合,1.0,0.01622921258264877
GRU 混合,1.0,0.01623246492985972
GRU 混合,1.0,0.016235718580877932
GRU 混合,1.0,0.01623897353648757
GRU 混合,1.0,0.01624222979747343
GRU 混合,1.0,0.016245487364620937
GRU 混合,1.0,0.01624874623871615
GRU 混合,1.0,0.016252006420545747
GRU 混合,1.0,0.01625526791089705
GRU 混合,1.0,0.01625853071055801
GRU 混合,1.0,0.016261794820317206
GRU 混合,1.0,0.016265060240963854
GRU 混合,1.0,0.016268326973287808
GRU 混合,1.0,0.01627159501807955
GRU 混合,1.0,0.0162748643761302
GRU 混合,1.0,0.01627813504823151
GRU 混合,1.0,0.01628140703517588
GRU 混合,1.0,0.016284680337756333
GRU 混合,1.0,0.016287954956766538
GRU 混合,1.0,0.016291230893000806
GRU 混合,1.0,0.016294508147254073
GRU 混合,1.0,0.016297786720321932
GRU 混合,1.0,0.016301066613000605
GRU 混合,1.0,0.016304347826086956
GRU 混合,1.0,0.016307630360378498
GRU 混合,1.0,0.01631091421667338
GRU 混合,1.0,0.016314199395770394
GRU 混合,1.0,0.016317485898468976
GRU 混合,1.0,0.016320773725569213
GRU 混合,1.0,0.016324062877871828
GRU 混合,1.0,0.01632735335617819
GRU 混合,1.0,0.016330645161290323
GRU 混合,1.0,0.016333938294010888
GRU 混合,1.0,0.0163372327551432
GRU 混合,1.0,0.016340528545491225
GRU 混合,1.0,0.016343825665859565
GRU 混合,1.0,0.016347124117053483
GRU 混合,1.0,0.016350423899878886
GRU 混合,1.0,0.01635372501514234
GRU 混合,1.0,0.01635702746365105
GRU 混合,1.0,0.016360331246212886
GRU 混合,1.0,0.016363636363636365
GRU 混合,1.0,0.016366942816730654
GRU 混合,1.0,0.016370250606305578
GRU 混合,1.0,0.01637355973317162
GRU 混合,1.0,0.016376870198139912
GRU 混合,1.0,0.016380182002022244
GRU 混合,1.0,0.016383495145631068
GRU 混合,1.0,0.016386809629779488
GRU 混合,1.0,0.016390125455281263
GRU 混合,1.0,0.01639344262295082
GRU 混合,1.0,0.01639676113360324
GRU 混合,1.0,0.01640008098805426
GRU 混合,1.0,0.016403402187120292
GRU 混合,1.0,0.016406724731618392
GRU 混合,1.0,0.016410048622366287
GRU 混合,1.0,0.01641337386018237
GRU 混合,1.0,0.016416700445885692
GRU 混合,1.0,0.016420028380295965
GRU 混合,1.0,0.016423357664233577
GRU 混合,1.0,0.01642668829851957
GRU 混合,1.0,0.01643002028397566
GRU 混合,1.0,0.016433353621424222
GRU 混合,1.0,0.016436688311688312
GRU 混合,1.0,0.016440024355591637
GRU 混合,1.0,0.016443361753958587
GRU 混合,1.0,0.016446700507614213
GRU 混合,1.0,0.01645004061738424
GRU 混合,1.0,0.016453382084095063
GRU 混合,1.0,0.01645672490857375
GRU 混合,1.0,0.01646006909164804
GRU 混合,1.0,0.016463414634146342
GRU 混合,1.0,0.016466761536897745
GRU 混合,1.0,0.016470109800732005
GRU 混合,1.0,0.01647345942647956
GRU 混合,1.0,0.01647681041497152
GRU 混合,1.0,0.016480162767039674
GRU 混合,1.0,0.016483516483516484
GRU 混合,1.0,0.01648687156523509
GRU 混合,1.0,0.016490228013029316
GRU 混合,1.0,0.016493585827733658
GRU 混合,1.0,0.0164969450101833
GRU 混合,1.0,0.016500305561214096
GRU 混合,1.0,0.01650366748166259
GRU 混合,1.0,0.016507030772366007
GRU 混合,1.0,0.016510395434162252
GRU 混合,1.0,0.01651376146788991
GRU 混合,1.0,0.016517128874388255
GRU 混合,1.0,0.016520497654497247
GRU 混合,1.0,0.016523867809057527
GRU 混合,1.0,0.016527239338910427
GRU 混合,1.0,0.01653061224489796
GRU 混合,1.0,0.01653398652786283
GRU 混合,1.0,0.016537362188648427
GRU 混合,1.0,0.016540739228098837
GRU 混合,1.0,0.016544117647058824
GRU 混合,1.0,0.016547497446373852
GRU 混合,1.0,0.01655087862689007
GRU 混合,1.0,0.01655426118945432
GRU 混合,1.0,0.016557645134914145
GRU 混合,1.0,0.016561030464117766
GRU 混合,1.0,0.016564417177914112
GRU 混合,1.0,0.01656780527715279
GRU 混合,1.0,0.016571194762684125
GRU 混合,1.0,0.016574585635359115
GRU 混合,1.0,0.016577977896029474
GRU 混合,1.0,0.016581371545547594
GRU 混合,1.0,0.016584766584766583
GRU 混合,1.0,0.01658816301454024
GRU 混合,1.0,0.016591560835723065
GRU 混合,1.0,0.016594960049170254
GRU 混合,1.0,0.016598360655737703
GRU 混合,1.0,0.016601762656282024
GRU 混合,1.0,0.016605166051660517
GRU 混合,1.0,0.016608570842731187
GRU 混合,1.0,0.016611977030352748
GRU 混合,1.0,0.016615384615384615
GRU 混合,1.0,0.01661879359868691
GRU 混合,1.0,0.01662220398112046
GRU 混合,1.0,0.0166256157635468
GRU 混合,1.0,0.016629028946828165
GRU 混合,1.0,0.016632443531827516
GRU 混合,1.0,0.0166358595194085
GRU 混合,1.0,0.016639276910435496
GRU 混合,1.0,0.016642695705773577
GRU 混合,1.0,0.016646115906288533
GRU 混合,1.0,0.016649537512846865
GRU 混合,1.0,0.01665296052631579
GRU 混合,1.0,0.016656384947563233
GRU 混合,1.0,0.016659810777457835
GRU 混合,1.0,0.016663238016868958
GRU 混合,1.0,0.016666666666666666
GRU 混合,1.0,0.016670096727721753
GRU 混合,1.0,0.016673528200905723
GRU 混合,1.0,0.016676961087090797
GRU 混合,1.0,0.016680395387149917
GRU 混合,1.0,0.016683831101956745
GRU 混合,1.0,0.01668726823238566
GRU 混合,1.0,0.016690706779311767
GRU 混合,1.0,0.01669414674361088
GRU 混合,1.0,0.016697588126159554
GRU 混合,1.0,0.01670103092783505
GRU 混合,1.0,0.016704475149515365
GRU 混合,1.0,0.01670792079207921
GRU 混合,1.0,0.016711367856406024
GRU 混合,1.0,0.01671481634337598
GRU 混合,1.0,0.01671826625386997
GRU 混合,1.0,0.016721717588769613
GRU 混合,1.0,0.016725170348957256
GRU 混合,1.0,0.016728624535315983
GRU 混合,1.0,0.0167320801487296
GRU 混合,1.0,0.016735537190082646
GRU 混合,1.0,0.016738995660260384
GRU 混合,1.0,0.016742455560148823
GRU 混合,1.0,0.01674591689063469
GRU 混合,1.0,0.016749379652605458
GRU 混合,1.0,0.016752843846949327
GRU 混合,1.0,0.016756309474555232
GRU 混合,1.0,0.01675977653631285
GRU 混合,1.0,0.01676324503311258
GRU 混合,1.0,0.01676671496584558
GRU 混合,1.0,0.016770186335403725
GRU 混合,1.0,0.016773659142679642
GRU 混合,1.0,0.016777133388566696
GRU 混合,1.0,0.01678060907395898
GRU 混合,1.0,0.016784086199751348
GRU 混合,1.0,0.016787564766839378
GRU 混合,1.0,0.016791044776119403
GRU 混合,1.0,0.016794526228488493
GRU 混合,1.0,0.016798009124844464
GRU 混合,1.0,0.016801493466085875
GRU 混合,1.0,0.016804979253112032
GRU 混合,1.0,0.016808466486822993
GRU 混合,1.0,0.016811955168119553
GRU 混合,1.0,0.01681544529790326
GRU 混合,1.0,0.01681893687707641
GRU 混合,1.0,0.016822429906542057
GRU 混合,1.0,0.016825924387203987
GRU 混合,1.0,0.016829420319966756
GRU 混合,1.0,0.01683291770573566
GRU 混合,1.0,0.016836416545416753
GRU 混合,1.0,0.01683991683991684
GRU 混合,1.0,0.01684341859014348
GRU 混合,1.0,0.01684692179700499
GRU 混合,1.0,0.016850426461410443
GRU 混合,1.0,0.016853932584269662
GRU 混合,1.0,0.016857440166493237
GRU 混合,1.0,0.016860949208992507
GRU 混合,1.0,0.016864459712679577
GRU 混合,1.0,0.016867971678467306
GRU 混合,1.0,0.01687148510726932
GRU 混合,1.0,0.016875
GRU 混合,1.0,0.016878516357574494
GRU 混合,1.0,0.016882034180908712
GRU 混合,1.0,0.016885553470919325
GRU 混合,1.0,0.01688907422852377
GRU 混合,1.0,0.016892596454640252
GRU 混合,1.0,0.016896120150187734
GRU 混合,1.0,0.016899645316085957
GRU 混合,1.0,0.016903171953255424
GRU 混合,1.0,0.016906700062617408
GRU 混合,1.0,0.016910229645093946
GRU 混合,1.0,0.01691376070160785
GRU 混合,1.0,0.016917293233082706
GRU 混合,1.0,0.016920827240442866
GRU 混合,1.0,0.016924362724613454
GRU 混合,1.0,0.016927899686520375
GRU 混合,1.0,0.0169314381270903
GRU 混合,1.0,0.01693497804725068
GRU 混合,1.0,0.016938519447929738
GRU 混合,1.0,0.016942062330056473
GRU 混合,1.0,0.016945606694560668
GRU 混合,1.0,0.01694915254237288
GRU 混合,1.0,0.016952699874424444
GRU 混合,1.0,0.01695624869164748
GRU 混合,1.0,0.016959798994974875
GRU 混合,1.0,0.016963350785340316
GRU 混合,1.0,0.01696690406367826
GRU 混合,1.0,0.01697045883092395
GRU 混合,1.0,0.01697401508801341
GRU 混合,1.0,0.016977572835883463
GRU 混合,1.0,0.016981132075471698
GRU 混合,1.0,0.016984692807716504
GRU 混合,1.0,0.016988255033557047
GRU 混合,1.0,0.016991818753933293
GRU 混合,1.0,0.016995383969785983
GRU 混合,1.0,0.016998950682056663
GRU 混合,1.0,0.01700251889168766
GRU 混合,1.0,0.017006088599622087
GRU 混合,1.0,0.017009659806803863
GRU 混合,1.0,0.017013232514177693
GRU 混合,1.0,0.017016806722689074
GRU 混合,1.0,0.017020382433284305
GRU 混合,1.0,0.017023959646910468
GRU 混合,1.0,0.01702753836451545
GRU 混合,1.0,0.01703111858704794
GRU 混合,1.0,0.017034700315457414
GRU 混合,1.0,0.01703828355069415
GRU 混合,1.0,0.017041868293709236
GRU 混合,1.0,0.017045454545454544
GRU 混合,1.0,0.017049042306882763
GRU 混合,1.0,0.017052631578947368
GRU 混合,1.0,0.017056222362602652
GRU 混合,1.0,0.017059814658803706
GRU 混合,1.0,0.017063408468506427
GRU 混合,1.0,0.01706700379266751
GRU 混合,1.0,0.017070600632244467
GRU 混合,1.0,0.017074198988195614
GRU 混合,1.0,0.017077798861480076
GRU 混合,1.0,0.017081400253057783
GRU 混合,1.0,0.017085003163889476
GRU 混合,1.0,0.01708860759493671
GRU 混合,1.0,0.01709221354716185
GRU 混合,1.0,0.01709582102152807
GRU 混合,1.0,0.017099430018999367
GRU 混合,1.0,0.01710304054054054
GRU 混合,1.0,0.017106652587117212
GRU 混合,1.0,0.017110266159695818
GRU 混合,1.0,0.01711388125924361
GRU 混合,1.0,0.017117497886728655
GRU 混合,1.0,0.017121116043119847
GRU 混合,1.0,0.017124735729386893
GRU 混合,1.0,0.017128356946500316
GRU 混合,1.0,0.01713197969543147
GRU 混合,1.0,0.01713560397715253
GRU 混合,1.0,0.01713922979263648
GRU 混合,1.0,0.017142857142857144
GRU 混合,1.0,0.01714648602878916
GRU 混合,1.0,0.017150116451408005
GRU 混合,1.0,0.017153748411689963
GRU 混合,1.0,0.017157381910612158
GRU 混合,1.0,0.017161016949152542
GRU 混合,1.0,0.017164653528289893
GRU 混合,1.0,0.017168291649003815
GRU 混合,1.0,0.017171931312274753
GRU 混合,1.0,0.01717557251908397
GRU 混合,1.0,0.017179215270413575
GRU 混合,1.0,0.0171828595672465
GRU 混合,1.0,0.01718650541056652
GRU 混合,1.0,0.017190152801358233
GRU 混合,1.0,0.01719380174060709
GRU 混合,1.0,0.017197452229299363
GRU 混合,1.0,0.01720110426842217
GRU 混合,1.0,0.017204757858963467
GRU 混合,1.0,0.017208413001912046
GRU 混合,1.0,0.017212069698257542
GRU 混合,1.0,0.017215727948990435
GRU 混合,1.0,0.01721938775510204
GRU 混合,1.0,0.01722304911758452
GRU 混合,1.0,0.01722671203743088
GRU 混合,1.0,0.01723037651563497
GRU 混合,1.0,0.01723404255319149
GRU 混合,1.0,0.01723771015109598
GRU 混合,1.0,0.017241379310344827
GRU 混合,1.0,0.01724505003193528
GRU 混合,1.0,0.017248722316865417
GRU 混合,1.0,0.017252396166134186
GRU 混合,1.0,0.017256071580741373
GRU 混合,1.0,0.01725974856168762
GRU 混合,1.0,0.017263427109974423
GRU 混合,1.0,0.017267107226604135
GRU 混合,1.0,0.017270788912579958
GRU 混合,1.0,0.01727447216890595
GRU 混合,1.0,0.01727815699658703
GRU 混合,1.0,0.017281843396628974
GRU 混合,1.0,0.017285531370038413
GRU 混合,1.0,0.01728922091782284
GRU 混合,1.0,0.017292912040990607
GRU 混合,1.0,0.01729660474055093
GRU 混合,1.0,0.017300299017513884
GRU 混合,1.0,0.01730399487289041
GRU 混合,1.0,0.01730769230769231
GRU 混合,1.0,0.01731139132293225
GRU 混合,1.0,0.01731509191962377
GRU 混合,1.0,0.01731879409878127
GRU 混合,1.0,0.017322497861420018
GRU 混合,1.0,0.01732620320855615
GRU 混合,1.0,0.017329910141206675
GRU 混合,1.0,0.01733361866038947
GRU 混合,1.0,0.017337328767123288
GRU 混合,1.0,0.017341040462427744
GRU 混合,1.0,0.01734475374732334
GRU 混合,1.0,0.01734846862283144
GRU 混合,1.0,0.017352185089974295
GRU 混合,1.0,0.017355903149775018
GRU 混合,1.0,0.017359622803257608
GRU 混合,1.0,0.017363344051446947
GRU 混合,1.0,0.017367066895368783
GRU 混合,1.0,0.017370791336049754
GRU 混合,1.0,0.017374517374517374
GRU 混合,1.0,0.017378245011800044
GRU 混合,1.0,0.01738197424892704
GRU 混合,1.0,0.017385705086928525
GRU 混合,1.0,0.01738943752683555
GRU 混合,1.0,0.017393171569680052
GRU 混合,1.0,0.017396907216494846
GRU 混合,1.0,0.01740064446831364
GRU 混合,1.0,0.017404383326171037
GRU 混合,1.0,0.017408123791102514
GRU 混合,1.0,0.017411865864144453
GRU 混合,1.0,0.017415609546334122
GRU 混合,1.0,0.017419354838709676
GRU 混合,1.0,0.017423101742310175
GRU 混合,1.0,0.017426850258175558
GRU 混合,1.0,0.017430600387346677
GRU 混合,1.0,0.01743435213086526
GRU 混合,1.0,0.01743810548977395
GRU 混合,1.0,0.01744186046511628
GRU 混合,1.0,0.01744561705793668
GRU 混合,1.0,0.017449375269280483
GRU 混合,1.0,0.017453135100193924
GRU 混合,1.0,0.017456896551724138
GRU 混合,1.0,0.017460659624919165
GRU 混合,1.0,0.017464424320827943
GRU 混合,1.0,0.017468190640500324
GRU 混合,1.0,0.017471958584987058
GRU 混合,1.0,0.017475728155339806
GRU 混合,1.0,0.017479499352611134
GRU 混合,1.0,0.01748327217785452
GRU 混合,1.0,0.017487046632124352
GRU 混合,1.0,0.017490822716475923
GRU 混合,1.0,0.01749460043196544
GRU 混合,1.0,0.017498379779650033
GRU 混合,1.0,0.017502160760587727
GRU 混合,1.0,0.017505943375837475
GRU 混合,1.0,0.017509727626459144
GRU 混合,1.0,0.017513513513513514
GRU 混合,1.0,0.017517301038062285
GRU 混合,1.0,0.01752109020116807
GRU 混合,1.0,0.01752488100389442
GRU 混合,1.0,0.017528673447305777
GRU 混合,1.0,0.01753246753246753
GRU 混合,1.0,0.017536263260445984
GRU 混合,1.0,0.017540060632308358
GRU 混合,1.0,0.017543859649122806
GRU 混合,1.0,0.017547660311958407
GRU 混合,1.0,0.01755146262188516
GRU 混合,1.0,0.017555266579973992
GRU 混合,1.0,0.01755907218729677
GRU 混合,1.0,0.01756287944492628
GRU 混合,1.0,0.01756668835393624
GRU 混合,1.0,0.0175704989154013
GRU 混合,1.0,0.01757431113039705
GRU 混合,1.0,0.017578125
GRU 混合,1.0,0.017581940525287606
GRU 混合,1.0,0.017585757707338254
GRU 混合,1.0,0.01758957654723127
GRU 混合,1.0,0.017593397046046916
GRU 混合,1.0,0.017597219204866392
GRU 混合,1.0,0.017601043024771838
GRU 混合,1.0,0.01760486850684634
GRU 混合,1.0,0.017608695652173913
GRU 混合,1.0,0.01761252446183953
GRU 混合,1.0,0.0176163549369291
GRU 混合,1.0,0.017620187078529477
GRU 混合,1.0,0.01762402088772846
GRU 混合,1.0,0.0176278563656148
GRU 混合,1.0,0.017631693513278188
GRU 混合,1.0,0.017635532331809273
GRU 混合,1.0,0.017639372822299652
GRU 混合,1.0,0.017643214985841864
GRU 混合,1.0,0.01764705882352941
GRU 混合,1.0,0.017650904336456743
GRU 混合,1.0,0.017654751525719267
GRU 混合,1.0,0.01765860039241334
GRU 混合,1.0,0.017662450937636284
GRU 混合,1.0,0.01766630316248637
GRU 混合,1.0,0.01767015706806283
GRU 混合,1.0,0.01767401265546585
GRU 混合,1.0,0.017677869925796594
GRU 混合,1.0,0.01768172888015717
GRU 混合,1.0,0.017685589519650654
GRU 混合,1.0,0.017689451845381086
GRU 混合,1.0,0.017693315858453473
GRU 混合,1.0,0.017697181559973782
GRU 混合,1.0,0.017701048951048952
GRU 混合,1.0,0.017704918032786884
GRU 混合,1.0,0.01770878880629646
GRU 混合,1.0,0.017712661272687513
GRU 混合,1.0,0.017716535433070866
GRU 混合,1.0,0.0177204112885583
GRU 混合,1.0,0.017724288840262583
GRU 混合,1.0,0.01772816808929744
GRU 混合,1.0,0.017732049036777584
GRU 混合,1.0,0.0177359316838187
GRU 混合,1.0,0.017739816031537452
GRU 混合,1.0,0.017743702081051478
GRU 混合,1.0,0.017747589833479405
GRU 混合,1.0,0.01775147928994083
GRU 混合,1.0,0.017755370451556333
GRU 混合,1.0,0.01775926331944749
GRU 混合,1.0,0.017763157894736842
GRU 混合,1.0,0.017767054178547927
GRU 混合,1.0,0.017770952172005264
GRU 混合,1.0,0.017774851876234364
GRU 混合,1.0,0.01777875329236172
GRU 混合,1.0,0.01778265642151482
GRU 混合,1.0,0.017786561264822136
GRU 混合,1.0,0.017790467823413134
GRU 混合,1.0,0.017794376098418278
GRU 混合,1.0,0.017798286090969017
GRU 混合,1.0,0.017802197802197803
GRU 混合,1.0,0.017806111233238074
GRU 混合,1.0,0.017810026385224276
GRU 混合,1.0,0.01781394325929184
GRU 混合,1.0,0.01781786185657721
GRU 混合,1.0,0.01782178217821782
GRU 混合,1.0,0.017825704225352113
GRU 混合,1.0,0.017829627999119524
GRU 混合,1.0,0.0178335535006605
GRU 混合,1.0,0.017837480731116493
GRU 混合,1.0,0.017841409691629957
GRU 混合,1.0,0.01784534038334435
GRU 混合,1.0,0.017849272807404143
GRU 混合,1.0,0.017853206964954817
GRU 混合,1.0,0.017857142857142856
GRU 混合,1.0,0.017861080485115765
GRU 混合,1.0,0.017865019850022056
GRU 混合,1.0,0.01786896095301125
GRU 混合,1.0,0.01787290379523389
GRU 混合,1.0,0.017876848377841537
GRU 混合,1.0,0.017880794701986755
GRU 混合,1.0,0.01788474276882314
GRU 混合,1.0,0.0178886925795053
GRU 混合,1.0,0.017892644135188866
GRU 混合,1.0,0.017896597437030492
GRU 混合,1.0,0.017900552486187844
GRU 混合,1.0,0.01790450928381963
GRU 混合,1.0,0.017908467831085562
GRU 混合,1.0,0.017912428129146396
GRU 混合,1.0,0.017916390179163903
GRU 混合,1.0,0.017920353982300886
GRU 混合,1.0,0.01792431953972118
GRU 混合,1.0,0.017928286852589643
GRU 混合,1.0,0.017932255922072173
GRU 混合,1.0,0.017936226749335694
GRU 混合,1.0,0.017940199335548173
GRU 混合,1.0,0.0179441736818786
GRU 混合,1.0,0.01794814978949701
GRU 混合,1.0,0.01795212765957447
GRU 混合,1.0,0.017956107293283084
GRU 混合,1.0,0.01796008869179601
GRU 混合,1.0,0.017964071856287425
GRU 混合,1.0,0.017968056787932566
GRU 混合,1.0,0.0179720434879077
GRU 混合,1.0,0.017976031957390146
GRU 混合,1.0,0.01798002219755827
GRU 混合,1.0,0.017984014209591476
GRU 混合,1.0,0.01798800799467022
GRU 混合,1.0,0.01799200355397601
GRU 混合,1.0,0.017996000888691403
GRU 混合,1.0,0.018
GRU 混合,1.0,0.018004000889086463
GRU 混合,1.0,0.018008003557136505
GRU 混合,1.0,0.01801200800533689
GRU 混合,1.0,0.018016014234875446
GRU 混合,1.0,0.018020022246941044
GRU 混合,1.0,0.018024032042723633
GRU 混合,1.0,0.0180280436234142
GRU 混合,1.0,0.018032056990204808
GRU 混合,1.0,0.018036072144288578
GRU 混合,1.0,0.01804008908685969
GRU 混合,1.0,0.01804410781911339
GRU 混合,1.0,0.01804812834224599
GRU 混合,1.0,0.01805215065745487
GRU 混合,1.0,0.018056174765938474
GRU 混合,1.0,0.018060200668896322
GRU 混合,1.0,0.01806422836752899
GRU 混合,1.0,0.018068257863038145
GRU 混合,1.0,0.018072289156626505
GRU 混合,1.0,0.01807632224949788
GRU 混合,1.0,0.018080357142857145
GRU 混合,1.0,0.01808439383791025
GRU 混合,1.0,0.018088432335864227
GRU 混合,1.0,0.018092472637927185
GRU 混合,1.0,0.018096514745308313
GRU 混合,1.0,0.018100558659217877
GRU 混合,1.0,0.018104604380867233
GRU 混合,1.0,0.018108651911468814
GRU 混合,1.0,0.018112701252236137
GRU 混合,1.0,0.018116752404383808
GRU 混合,1.0,0.018120805369127517
GRU 混合,1.0,0.018124860147684045
GRU 混合,1.0,0.01812891674127126
GRU 混合,1.0,0.018132975151108125
GRU 混合,1.0,0.018137035378414688
GRU 混合,1.0,0.018141097424412094
GRU 混合,1.0,0.018145161290322582
GRU 混合,1.0,0.01814922697736948
GRU 混合,1.0,0.01815329448677723
GRU 混合,1.0,0.01815736381977135
GRU 混合,1.0,0.018161434977578474
GRU 混合,1.0,0.01816550796142633
GRU 混合,1.0,0.01816958277254374
GRU 混合,1.0,0.018173659412160648
GRU 混合,1.0,0.018177737881508078
GRU 混合,1.0,0.01818181818181818
GRU 混合,1.0,0.018185900314324203
GRU 混合,1.0,0.018189984280260498
GRU 混合,1.0,0.018194070080862535
GRU 混合,1.0,0.018198157717366884
GRU 混合,1.0,0.018202247191011236
GRU 混合,1.0,0.01820633850303439
GRU 混合,1.0,0.01821043165467626
GRU 混合,1.0,0.018214526647177872
GRU 混合,1.0,0.018218623481781375
GRU 混合,1.0,0.018222722159730035
GRU 混合,1.0,0.018226822682268228
GRU 混合,1.0,0.01823092505064146
GRU 混合,1.0,0.018235029266096353
GRU 混合,1.0,0.018239135329880658
GRU 混合,1.0,0.018243243243243244
GRU 混合,1.0,0.018247353007434106
GRU 混合,1.0,0.01825146462370437
GRU 混合,1.0,0.018255578093306288
GRU 混合,1.0,0.01825969341749324
GRU 混合,1.0,0.01826381059751973
GRU 混合,1.0,0.018267929634641408
GRU 混合,1.0,0.018272050530115047
GRU 混合,1.0,0.018276173285198555
GRU 混合,1.0,0.01828029790115098
GRU 混合,1.0,0.018284424379232507
GRU 混合,1.0,0.018288552720704447
GRU 混合,1.0,0.018292682926829267
GRU 混合,1.0,0.018296814998870568
GRU 混合,1.0,0.018300948938093087
GRU 混合,1.0,0.01830508474576271
GRU 混合,1.0,0.018309222423146473
GRU 混合,1.0,0.018313361971512548
GRU 混合,1.0,0.018317503392130258
GRU 混合,1.0,0.018321646686270076
GRU 混合,1.0,0.01832579185520362
GRU 混合,1.0,0.018329938900203666
GRU 混合,1.0,0.01833408782254414
GRU 混合,1.0,0.018338238623500112
GRU 混合,1.0,0.018342391304347828
GRU 混合,1.0,0.018346545866364666
GRU 混合,1.0,0.01835070231082918
GRU 混合,1.0,0.018354860639021073
GRU 混合,1.0,0.018359020852221214
GRU 混合,1.0,0.01836318295171163
GRU 混合,1.0,0.018367346938775512
GRU 混合,1.0,0.01837151281469721
GRU 混合,1.0,0.01837568058076225
GRU 混合,1.0,0.018379850238257316
GRU 混合,1.0,0.01838402178847027
GRU 混合,1.0,0.018388195232690124
GRU 混合,1.0,0.018392370572207085
GRU 混合,1.0,0.018396547808312513
GRU 混合,1.0,0.018400726942298953
GRU 混合,1.0,0.018404907975460124
GRU 混合,1.0,0.01840909090909091
GRU 混合,1.0,0.018413275744487385
GRU 混合,1.0,0.018417462482946793
GRU 混合,1.0,0.018421651125767567
GRU 混合,1.0,0.018425841674249318
GRU 混合,1.0,0.018430034129692834
GRU 混合,1.0,0.018434228493400092
GRU 混合,1.0,0.018438424766674254
GRU 混合,1.0,0.018442622950819672
GRU 混合,1.0,0.018446823047141882
GRU 混合,1.0,0.01845102505694761
GRU 混合,1.0,0.01845522898154477
GRU 混合,1.0,0.01845943482224248
GRU 混合,1.0,0.018463642580351037
GRU 混合,1.0,0.018467852257181942
GRU 混合,1.0,0.018472063854047892
GRU 混合,1.0,0.018476277372262775
GRU 混合,1.0,0.018480492813141684
GRU 混合,1.0,0.018484710178000914
GRU 混合,1.0,0.018488929468157955
GRU 混合,1.0,0.018493150684931507
GRU 混合,1.0,0.01849737382964147
GRU 混合,1.0,0.018501598903608953
GRU 混合,1.0,0.018505825908156272
GRU 混合,1.0,0.01851005484460695
GRU 混合,1.0,0.018514285714285716
GRU 混合,1.0,0.018518518518518517
GRU 混合,1.0,0.018522753258632518
GRU 混合,1.0,0.018526989935956084
GRU 混合,1.0,0.018531228551818806
GRU 混合,1.0,0.018535469107551487
GRU 混合,1.0,0.018539711604486152
GRU 混合,1.0,0.018543956043956044
GRU 混合,1.0,0.018548202427295626
GRU 混合,1.0,0.018552450755840586
GRU 混合,1.0,0.018556701030927835
GRU 混合,1.0,0.01856095325389551
GRU 混合,1.0,0.01856520742608297
GRU 混合,1.0,0.018569463548830812
GRU 混合,1.0,0.01857372162348085
GRU 混合,1.0,0.018577981651376148
GRU 混合,1.0,0.018582243633860976
GRU 混合,1.0,0.018586507572280864
GRU 混合,1.0,0.018590773467982557
GRU 混合,1.0,0.01859504132231405
GRU 混合,1.0,0.01859931113662457
GRU 混合,1.0,0.018603582912264584
GRU 混合,1.0,0.018607856650585803
GRU 混合,1.0,0.018612132352941176
GRU 混合,1.0,0.0186164100206849
GRU 混合,1.0,0.018620689655172412
GRU 混合,1.0,0.018624971257760404
GRU 混合,1.0,0.018629254829806808
GRU 混合,1.0,0.018633540372670808
GRU 混合,1.0,0.01863782788771284
GRU 混合,1.0,0.018642117376294592
GRU 混合,1.0,0.018646408839779006
GRU 混合,1.0,0.01865070227953028
GRU 混合,1.0,0.018654997696913863
GRU 混合,1.0,0.018659295093296474
GRU 混合,1.0,0.018663594470046084
GRU 混合,1.0,0.01866789582853192
GRU 混合,1.0,0.01867219917012448
GRU 混合,1.0,0.018676504496195526
GRU 混合,1.0,0.01868081180811808
GRU 混合,1.0,0.018685121107266434
GRU 混合,1.0,0.01868943239501615
GRU 混合,1.0,0.018693745672744056
GRU 混合,1.0,0.018698060941828253
GRU 混合,1.0,0.018702378203648118
GRU 混合,1.0,0.018706697459584296
GRU 混合,1.0,0.018711018711018712
GRU 混合,1.0,0.018715341959334567
GRU 混合,1.0,0.01871966720591634
GRU 混合,1.0,0.01872399445214979
GRU 混合,1.0,0.018728323699421966
GRU 混合,1.0,0.018732654949121186
GRU 混合,1.0,0.018736988202637056
GRU 混合,1.0,0.018741323461360482
GRU 混合,1.0,0.018745660726683638
GRU 混合,1.0,0.01875
GRU 混合,1.0,0.01875434128270433
GRU 混合,1.0,0.01875868457619268
GRU 混合,1.0,0.018763029881862403
GRU 混合,1.0,0.018767377201112143
GRU 混合,1.0,0.018771726535341832
GRU 混合,1.0,0.018776077885952713
GRU 混合,1.0,0.01878043125434732
GRU 混合,1.0,0.0187847866419295
GRU 混合,1.0,0.018789144050104383
GRU 混合,1.0,0.01879350348027842
GRU 混合,1.0,0.018797864933859366
GRU 混合,1.0,0.018802228412256268
GRU 混合,1.0,0.0188065939168795
GRU 混合,1.0,0.018810961449140733
GRU 混合,1.0,0.018815331010452963
GRU 混合,1.0,0.018819702602230485
GRU 混合,1.0,0.018824076225888914
GRU 混合,1.0,0.01882845188284519
GRU 混合,1.0,0.018832829574517554
GRU 混合,1.0,0.018837209302325582
GRU 混合,1.0,0.01884159106769016
GRU 混合,1.0,0.018845974872033502
GRU 混合,1.0,0.01885036071677915
GRU 混合,1.0,0.018854748603351956
GRU 混合,1.0,0.018859138533178114
GRU 混合,1.0,0.01886353050768514
GRU 混合,1.0,0.018867924528301886
GRU 混合,1.0,0.018872320596458526
GRU 混合,1.0,0.018876718713586576
GRU 混合,1.0,0.01888111888111888
GRU 混合,1.0,0.018885521100489626
GRU 混合,1.0,0.018889925373134327
GRU 混合,1.0,0.018894331700489854
GRU 混合,1.0,0.0188987400839944
GRU 混合,1.0,0.018903150525087516
GRU 混合,1.0,0.018907563025210083
GRU 混合,1.0,0.018911977585804342
GRU 混合,1.0,0.018916394208313873
GRU 混合,1.0,0.0189208128941836
GRU 混合,1.0,0.018925233644859814
GRU 混合,1.0,0.018929656461790137
GRU 混合,1.0,0.018934081346423562
GRU 混合,1.0,0.01893850830021043
GRU 混合,1.0,0.01894293732460243
GRU 混合,1.0,0.018947368421052633
GRU 混合,1.0,0.018951801591015442
GRU 混合,1.0,0.018956236835946643
GRU 混合,1.0,0.018960674157303372
GRU 混合,1.0,0.018965113556544136
GRU 混合,1.0,0.018969555035128805
GRU 混合,1.0,0.018973998594518624
GRU 混合,1.0,0.018978444236176194
GRU 混合,1.0,0.018982891961565503
GRU 混合,1.0,0.0189873417721519
GRU 混合,1.0,0.01899179366940211
GRU 混合,1.0,0.01899624765478424
GRU 混合,1.0,0.019000703729767768
GRU 混合,1.0,0.019005161895823557
GRU 混合,1.0,0.019009622154423846
GRU 混合,1.0,0.019014084507042252
GRU 混合,1.0,0.019018548955153793
GRU 混合,1.0,0.01902301550023485
GRU 混合,1.0,0.019027484143763214
GRU 混合,1.0,0.019031954887218046
GRU 混合,1.0,0.019036427732079905
GRU 混合,1.0,0.01904090267983075
GRU 混合,1.0,0.019045379731953915
GRU 混合,1.0,0.01904985888993415
GRU 混合,1.0,0.019054340155257588
GRU 混合,1.0,0.019058823529411763
GRU 混合,1.0,0.01906330901388562
GRU 混合,1.0,0.019067796610169493
GRU 混合,1.0,0.019072286319755122
GRU 混合,1.0,0.019076778144135657
GRU 混合,1.0,0.019081272084805655
GRU 混合,1.0,0.019085768143261076
GRU 混合,1.0,0.019090266320999295
GRU 混合,1.0,0.019094766619519095
GRU 混合,1.0,0.01909926904032068
GRU 混合,1.0,0.01910377358490566
GRU 混合,1.0,0.01910828025477707
GRU 混合,1.0,0.019112789051439358
GRU 混合,1.0,0.019117299976398393
GRU 混合,1.0,0.019121813031161474
GRU 混合,1.0,0.01912632821723731
GRU 混合,1.0,0.019130845536136042
GRU 混合,1.0,0.01913536498936924
GRU 混合,1.0,0.019139886578449904
GRU 混合,1.0,0.01914441030489246
GRU 混合,1.0,0.019148936170212766
GRU 混合,1.0,0.019153464175928114
GRU 混合,1.0,0.019157994323557238
GRU 混合,1.0,0.0191625266146203
GRU 混合,1.0,0.019167061050638902
GRU 混合,1.0,0.019171597633136094
GRU 混合,1.0,0.019176136363636364
GRU 混合,1.0,0.01918067724366564
GRU 混合,1.0,0.019185220274751304
GRU 混合,1.0,0.019189765458422176
GRU 混合,1.0,0.01919431279620853
GRU 混合,1.0,0.019198862289642096
GRU 混合,1.0,0.019203413940256046
GRU 混合,1.0,0.01920796774958501
GRU 混合,1.0,0.019212523719165084
GRU 混合,1.0,0.019217081850533807
GRU 混合,1.0,0.019221642145230186
GRU 混合,1.0,0.019226204604794683
GRU 混合,1.0,0.019230769230769232
GRU 混合,1.0,0.019235336024697222
GRU 混合,1.0,0.019239904988123516
GRU 混合,1.0,0.01924447612259444
GRU 混合,1.0,0.019249049429657796
GRU 混合,1.0,0.019253624910862847
GRU 混合,1.0,0.01925820256776034
GRU 混合,1.0,0.019262782401902497
GRU 混合,1.0,0.019267364414843006
GRU 混合,1.0,0.019271948608137045
GRU 混合,1.0,0.019276534983341267
GRU 混合,1.0,0.019281123542013806
GRU 混合,1.0,0.019285714285714285
GRU 混合,1.0,0.01929030721600381
GRU 混合,1.0,0.019294902334444974
GRU 混合,1.0,0.01929949964260186
GRU 混合,1.0,0.019304099142040038
GRU 混合,1.0,0.019308700834326578
GRU 混合,1.0,0.019313304721030045
GRU 混合,1.0,0.019317910803720487
GRU 混合,1.0,0.019322519083969467
GRU 混合,1.0,0.019327129563350035
GRU 混合,1.0,0.019331742243436756
GRU 混合,1.0,0.01933635712580568
GRU 混合,1.0,0.019340974212034383
GRU 混合,1.0,0.019345593503701936
GRU 混合,1.0,0.019350215002388916
GRU 混合,1.0,0.01935483870967742
GRU 混合,1.0,0.019359464627151053
GRU 混合,1.0,0.019364092756394932
GRU 混合,1.0,0.019368723098995694
GRU 混合,1.0,0.019373355656541497
GRU 混合,1.0,0.019377990430622008
GRU 混合,1.0,0.019382627422828428
GRU 混合,1.0,0.019387266634753472
GRU 混合,1.0,0.019391908067991383
GRU 混合,1.0,0.01939655172413793
GRU 混合,1.0,0.019401197604790418
GRU 混合,1.0,0.019405845711547676
GRU 混合,1.0,0.019410496046010063
GRU 混合,1.0,0.019415148609779484
GRU 混合,1.0,0.01941980340445936
GRU 混合,1.0,0.019424460431654675
GRU 混合,1.0,0.019429119692971935
GRU 混合,1.0,0.019433781190019195
GRU 混合,1.0,0.019438444924406047
GRU 混合,1.0,0.01944311089774364
GRU 混合,1.0,0.019447779111644657
GRU 混合,1.0,0.019452449567723344
GRU 混合,1.0,0.019457122267595484
GRU 混合,1.0,0.019461797212878423
GRU 混合,1.0,0.01946647440519106
GRU 混合,1.0,0.019471153846153846
GRU 混合,1.0,0.019475835537388797
GRU 混合,1.0,0.01948051948051948
GRU 混合,1.0,0.019485205677171036
GRU 混合,1.0,0.019489894128970165
GRU 混合,1.0,0.019494584837545126
GRU 混合,1.0,0.019499277804525757
GRU 混合,1.0,0.019503973031543463
GRU 混合,1.0,0.019508670520231215
GRU 混合,1.0,0.019513370272223562
GRU 混合,1.0,0.019518072289156627
GRU 混合,1.0,0.019522776572668113
GRU 混合,1.0,0.0195274831243973
GRU 混合,1.0,0.019532191945985048
GRU 混合,1.0,0.019536903039073805
GRU 混合,1.0,0.0195416164053076
GRU 混合,1.0,0.019546332046332045
GRU 混合,1.0,0.01955104996379435
GRU 混合,1.0,0.019555770159343313
GRU 混合,1.0,0.019560492634629317
GRU 混合,1.0,0.01956521739130435
GRU 混合,1.0,0.019569944431021984
GRU 混合,1.0,0.019574673755437408
GRU 混合,1.0,0.019579405366207395
GRU 混合,1.0,0.01958413926499033
GRU 混合,1.0,0.019588875453446192
GRU 混合,1.0,0.019593613933236574
GRU 混合,1.0,0.019598354706024678
GRU 混合,1.0,0.019603097773475315
GRU 混合,1.0,0.0196078431372549
GRU 混合,1.0,0.019612590799031476
GRU 混合,1.0,0.01961734076047469
GRU 混合,1.0,0.019622093023255814
GRU 混合,1.0,0.019626847589047734
GRU 混合,1.0,0.019631604459524964
GRU 混合,1.0,0.019636363636363636
GRU 混合,1.0,0.019641125121241512
GRU 混合,1.0,0.019645888915837982
GRU 混合,1.0,0.019650655021834062
GRU 混合,1.0,0.0196554234409124
GRU 混合,1.0,0.01966019417475728
GRU 混合,1.0,0.019664967225054626
GRU 混合,1.0,0.019669742593491985
GRU 混合,1.0,0.019674520281758562
GRU 混合,1.0,0.01967930029154519
GRU 混合,1.0,0.01968408262454435
GRU 混合,1.0,0.01968886728245017
GRU 混合,1.0,0.019693654266958426
GRU 混合,1.0,0.019698443579766536
GRU 混合,1.0,0.019703235222573584
GRU 混合,1.0,0.01970802919708029
GRU 混合,1.0,0.019712825504989047
GRU 混合,1.0,0.019717624148003893
GRU 混合,1.0,0.019722425127830533
GRU 混合,1.0,0.019727228446176328
GRU 混合,1.0,0.019732034104750305
GRU 混合,1.0,0.019736842105263157
GRU 混合,1.0,0.019741652449427247
GRU 混合,1.0,0.019746465138956608
GRU 混合,1.0,0.019751280175566936
GRU 混合,1.0,0.01975609756097561
GRU 混合,1.0,0.019760917296901683
GRU 混合,1.0,0.019765739385065886
GRU 混合,1.0,0.019770563827190626
GRU 混合,1.0,0.019775390625
GRU 混合,1.0,0.01978021978021978
GRU 混合,1.0,0.01978505129457743
GRU 混合,1.0,0.0197898851698021
GRU 混合,1.0,0.019794721407624633
GRU 混合,1.0,0.01979956000977756
GRU 混合,1.0,0.01980440097799511
GRU 混合,1.0,0.019809244314013204
GRU 混合,1.0,0.01981409001956947
GRU 混合,1.0,0.01981893809640323
GRU 混合,1.0,0.019823788546255508
GRU 混合,1.0,0.019828641370869034
GRU 混合,1.0,0.019833496571988248
GRU 混合,1.0,0.019838354151359296
GRU 混合,1.0,0.019843214110730034
GRU 混合,1.0,0.019848076451850036
GRU 混合,1.0,0.019852941176470587
GRU 混合,1.0,0.019857808286344692
GRU 混合,1.0,0.019862677783227072
GRU 混合,1.0,0.019867549668874173
GRU 混合,1.0,0.01987242394504416
GRU 混合,1.0,0.01987730061349693
GRU 混合,1.0,0.019882179675994108
GRU 混合,1.0,0.01988706113429904
GRU 混合,1.0,0.019891944990176817
GRU 混合,1.0,0.01989683124539425
GRU 混合,1.0,0.019901719901719902
GRU 混合,1.0,0.01990661096092406
GRU 混合,1.0,0.01991150442477876
GRU 混合,1.0,0.01991640029505778
GRU 混合,1.0,0.019921298573536646
GRU 混合,1.0,0.01992619926199262
GRU 混合,1.0,0.019931102362204724
GRU 混合,1.0,0.01993600787595373
GRU 混合,1.0,0.019940915805022157
GRU 混合,1.0,0.019945826151194286
GRU 混合,1.0,0.019950738916256157
GRU 混合,1.0,0.019955654101995565
GRU 混合,1.0,0.01996057171020207
GRU 混合,1.0,0.019965491742666996
GRU 混合,1.0,0.019970414201183433
GRU 混合,1.0,0.01997533908754624
GRU 混合,1.0,0.019980266403552046
GRU 混合,1.0,0.01998519615099926
GRU 混合,1.0,0.019990128331688055
GRU 混合,1.0,0.01999506294742039
GRU 混合,1.0,0.02
GRU 混合,1.0,0.0200049394912324
GRU 混合,1.0,0.0200098814229249
GRU 混合,1.0,0.02001482579688658
GRU 混合,1.0,0.020019772614928325
GRU 混合,1.0,0.020024721878862794
GRU 混合,1.0,0.020029673590504452
GRU 混合,1.0,0.020034627751669552
GRU 混合,1.0,0.02003958436417615
GRU 混合,1.0,0.0200445434298441
GRU 混合,1.0,0.02004950495049505
GRU 混合,1.0,0.020054468927952464
GRU 混合,1.0,0.020059435364041606
GRU 混合,1.0,0.020064404260589547
GRU 混合,1.0,0.020069375619425175
GRU 混合,1.0,0.020074349442379184
GRU 混合,1.0,0.020079325731284084
GRU 混合,1.0,0.020084304487974214
GRU 混合,1.0,0.020089285714285716
GRU 混合,1.0,0.02009426941205656
GRU 混合,1.0,0.02009925558312655
GRU 混合,1.0,0.020104244229337303
GRU 混合,1.0,0.020109235352532274
GRU 混合,1.0,0.02011422895455674
GRU 混合,1.0,0.020119225037257823
GRU 混合,1.0,0.020124223602484472
GRU 混合,1.0,0.020129224652087475
GRU 混合,1.0,0.020134228187919462
GRU 混合,1.0,0.02013923421183491
GRU 混合,1.0,0.020144242725690126
GRU 混合,1.0,0.020149253731343283
GRU 混合,1.0,0.02015426723065439
GRU 混合,1.0,0.020159283225485315
GRU 混合,1.0,0.020164301717699777
GRU 混合,1.0,0.020169322709163346
GRU 混合,1.0,0.02017434620174346
GRU 混合,1.0,0.020179372197309416
GRU 混合,1.0,0.02018440069773237
GRU 混合,1.0,0.020189431704885345
GRU 混合,1.0,0.02019446522064323
GRU 混合,1.0,0.020199501246882794
GRU 混合,1.0,0.020204539785482666
GRU 混合,1.0,0.020209580838323353
GRU 混合,1.0,0.020214624407287246
GRU 混合,1.0,0.020219670494258612
GRU 混合,1.0,0.020224719101123594
GRU 混合,1.0,0.020229770229770228
GRU 混合,1.0,0.020234823882088433
GRU 混合,1.0,0.020239880059970013
GRU 混合,1.0,0.02024493876530867
GRU 混合,1.0,0.02025
GRU 混合,1.0,0.020255063765941484
GRU 混合,1.0,0.020260130065032515
GRU 混合,1.0,0.020265198899174382
GRU 混合,1.0,0.02027027027027027
GRU 混合,1.0,0.020275344180225283
GRU 混合,1.0,0.02028042063094642
GRU 混合,1.0,0.0202854996243426
GRU 混合,1.0,0.02029058116232465
GRU 混合,1.0,0.020295665246805313
GRU 混合,1.0,0.02030075187969925
GRU 混合,1.0,0.02030584106292304
GRU 混合,1.0,0.020310932798395187
GRU 混合,1.0,0.020316027088036117
GRU 混合,1.0,0.020321123933768188
GRU 混合,1.0,0.020326223337515683
GRU 混合,1.0,0.02033132530120482
GRU 混合,1.0,0.020336429826763747
GRU 混合,1.0,0.020341536916122553
GRU 混合,1.0,0.020346646571213264
GRU 混合,1.0,0.02035175879396985
GRU 混合,1.0,0.020356873586328223
GRU 混合,1.0,0.020361990950226245
GRU 混合,1.0,0.02036711088760372
GRU 混合,1.0,0.020372233400402416
GRU 混合,1.0,0.020377358490566037
GRU 混合,1.0,0.02038248616004026
GRU 混合,1.0,0.020387616410772715
GRU 混合,1.0,0.02039274924471299
GRU 混合,1.0,0.020397884663812642
GRU 混合,1.0,0.020403022670025188
GRU 混合,1.0,0.02040816326530612
GRU 混合,1.0,0.020413306451612902
GRU 混合,1.0,0.020418452230904965
GRU 混合,1.0,0.02042360060514372
GRU 混合,1.0,0.02042875157629256
GRU 混合,1.0,0.020433905146316853
GRU 混合,1.0,0.02043906131718395
GRU 混合,1.0,0.0204442200908632
GRU 混合,1.0,0.020449381469325928
GRU 混合,1.0,0.020454545454545454
GRU 混合,1.0,0.020459712048497097
GRU 混合,1.0,0.020464881253158162
GRU 混合,1.0,0.02047005307050796
GRU 混合,1.0,0.020475227502527806
GRU 混合,1.0,0.020480404551201013
GRU 混合,1.0,0.0204855842185129
GRU 混合,1.0,0.0204907665064508
GRU 混合,1.0,0.020495951417004048
GRU 混合,1.0,0.02050113895216401
GRU 混合,1.0,0.02050632911392405
GRU 混合,1.0,0.020511521904279566
GRU 混合,1.0,0.020516717325227963
GRU 混合,1.0,0.020521915378768685
GRU 混合,1.0,0.020527116066903193
GRU 混合,1.0,0.02053231939163498
GRU 混合,1.0,0.020537525354969575
GRU 混合,1.0,0.02054273395891453
GRU 混合,1.0,0.02054794520547945
GRU 混合,1.0,0.02055315909667597
GRU 混合,1.0,0.020558375634517765
GRU 混合,1.0,0.020563594821020565
GRU 混合,1.0,0.020568816658202132
GRU 混合,1.0,0.020574041148082298
GRU 混合,1.0,0.020579268292682928
GRU 混合,1.0,0.020584498094027955
GRU 混合,1.0,0.020589730554143367
GRU 混合,1.0,0.020594965675057208
GRU 混合,1.0,0.020600203458799593
GRU 混合,1.0,0.020605443907402696
GRU 混合,1.0,0.020610687022900764
GRU 混合,1.0,0.02061593280733011
GRU 混合,1.0,0.020621181262729125
GRU 混合,1.0,0.020626432391138275
GRU 混合,1.0,0.020631686194600103
GRU 混合,1.0,0.020636942675159236
GRU 混合,1.0,0.020642201834862386
GRU 混合,1.0,0.02064746367575835
GRU 混合,1.0,0.02065272819989801
GRU 混合,1.0,0.020657995409334353
GRU 混合,1.0,0.02066326530612245
GRU 混合,1.0,0.02066853789231947
GRU 混合,1.0,0.020673813169984685
GRU 混合,1.0,0.020679091141179475
GRU 混合,1.0,0.020684371807967315
GRU 混合,1.0,0.020689655172413793
GRU 混合,1.0,0.020694941236586613
GRU 混合,1.0,0.020700230002555584
GRU 混合,1.0,0.020705521472392636
GRU 混合,1.0,0.020710815648171822
GRU 混合,1.0,0.02071611253196931
GRU 混合,1.0,0.02072141212586339
GRU 混合,1.0,0.020726714431934492
GRU 混合,1.0,0.020732019452265164
GRU 混合,1.0,0.020737327188940093
GRU 混合,1.0,0.020742637644046096
GRU 混合,1.0,0.02074795081967213
GRU 混合,1.0,0.0207532667179093
GRU 混合,1.0,0.020758585340850847
GRU 混合,1.0,0.020763906690592155
GRU 混合,1.0,0.02076923076923077
GRU 混合,1.0,0.020774557578866377
GRU 混合,1.0,0.02077988712160082
GRU 混合,1.0,0.020785219399538105
GRU 混合,1.0,0.020790554414784394
GRU 混合,1.0,0.02079589216944801
GRU 混合,1.0,0.020801232665639446
GRU 混合,1.0,0.02080657590547136
GRU 混合,1.0,0.02081192189105858
GRU 混合,1.0,0.02081727062451812
GRU 混合,1.0,0.02082262210796915
GRU 混合,1.0,0.02082797634353304
GRU 混合,1.0,0.020833333333333332
GRU 混合,1.0,0.020838693079495756
GRU 混合,1.0,0.020844055584148223
GRU 混合,1.0,0.02084942084942085
GRU 混合,1.0,0.02085478887744593
GRU 混合,1.0,0.02086015967035797
GRU 混合,1.0,0.020865533230293665
GRU 混合,1.0,0.020870909559391908
GRU 混合,1.0,0.020876288659793813
GRU 混合,1.0,0.02088167053364269
GRU 混合,1.0,0.020887055183084063
GRU 混合,1.0,0.02089244261026567
GRU 混合,1.0,0.02089783281733746
GRU 混合,1.0,0.02090322580645161
GRU 混合,1.0,0.020908621579762518
GRU 混合,1.0,0.020914020139426802
GRU 混合,1.0,0.020919421487603305
GRU 混合,1.0,0.020924825626453113
GRU 混合,1.0,0.020930232558139535
GRU 混合,1.0,0.02093564228482812
GRU 混合,1.0,0.02094105480868666
GRU 混合,1.0,0.02094647013188518
GRU 混合,1.0,0.020951888256595965
GRU 混合,1.0,0.02095730918499353
GRU 混合,1.0,0.02096273291925466
GRU 混合,1.0,0.020968159461558375
GRU 混合,1.0,0.020973588814085967
GRU 混合,1.0,0.02097902097902098
GRU 混合,1.0,0.02098445595854922
GRU 混合,1.0,0.020989893754858772
GRU 混合,1.0,0.020995334370139968
GRU 混合,1.0,0.02100077780658543
GRU 混合,1.0,0.021006224066390043
GRU 混合,1.0,0.021011673151750974
GRU 混合,1.0,0.02101712506486767
GRU 混合,1.0,0.021022579807941862
GRU 混合,1.0,0.02102803738317757
GRU 混合,1.0,0.021033497792781096
GRU 混合,1.0,0.021038961038961038
GRU 混合,1.0,0.021044427123928292
GRU 混合,1.0,0.02104989604989605
GRU 混合,1.0,0.021055367819079802
GRU 混合,1.0,0.02106084243369735
GRU 混合,1.0,0.021066319895968792
GRU 混合,1.0,0.021071800208116546
GRU 混合,1.0,0.02107728337236534
GRU 混合,1.0,0.021082769390942217
GRU 混合,1.0,0.02108825826607654
GRU 混合,1.0,0.02109375
GRU 混合,1.0,0.021099244594946602
GRU 混合,1.0,0.021104742053152683
GRU 混合,1.0,0.02111024237685692
GRU 混合,1.0,0.02111574556830031
GRU 混合,1.0,0.021121251629726206
GRU 混合,1.0,0.02112676056338028
GRU 混合,1.0,0.021132272371510566
GRU 混合,1.0,0.021137787056367433
GRU 混合,1.0,0.021143304620203602
GRU 混合,1.0,0.02114882506527415
GRU 混合,1.0,0.021154348393836512
GRU 混合,1.0,0.02115987460815047
GRU 混合,1.0,0.021165403710478183
GRU 混合,1.0,0.021170935703084162
GRU 混合,1.0,0.021176470588235293
GRU 混合,1.0,0.021182008368200837
GRU 混合,1.0,0.02118754904525242
GRU 混合,1.0,0.02119309262166405
GRU 混合,1.0,0.02119863909971212
GRU 混合,1.0,0.021204188481675393
GRU 混合,1.0,0.021209740769835034
GRU 混合,1.0,0.021215295966474593
GRU 混合,1.0,0.02122085407388001
GRU 混合,1.0,0.02122641509433962
GRU 混合,1.0,0.021231979030144166
GRU 混合,1.0,0.021237545883586787
GRU 混合,1.0,0.021243115656963022
GRU 混合,1.0,0.02124868835257083
GRU 混合,1.0,0.021254263972710574
GRU 混合,1.0,0.02125984251968504
GRU 混合,1.0,0.021265423995799424
GRU 混合,1.0,0.021271008403361345
GRU 混合,1.0,0.02127659574468085
GRU 混合,1.0,0.021282186022070416
GRU 混合,1.0,0.02128777923784494
GRU 混合,1.0,0.021293375394321766
GRU 混合,1.0,0.021298974493820667
GRU 混合,1.0,0.021304576538663862
GRU 混合,1.0,0.021310181531176007
GRU 混合,1.0,0.02131578947368421
GRU 混合,1.0,0.02132140036851803
GRU 混合,1.0,0.02132701421800948
GRU 混合,1.0,0.02133263102449302
GRU 混合,1.0,0.021338250790305584
GRU 混合,1.0,0.021343873517786563
GRU 混合,1.0,0.021349499209277808
GRU 混合,1.0,0.02135512786712365
GRU 混合,1.0,0.021360759493670885
GRU 混合,1.0,0.021366394091268795
GRU 混合,1.0,0.021372031662269128
GRU 混合,1.0,0.021377672209026127
GRU 混合,1.0,0.021383315733896516
GRU 混合,1.0,0.021388962239239504
GRU 混合,1.0,0.021394611727416798
GRU 混合,1.0,0.021400264200792603
GRU 混合,1.0,0.021405919661733615
GRU 混合,1.0,0.02141157811260904
GRU 混合,1.0,0.02141723955579059
GRU 混合,1.0,0.021422903993652473
GRU 混合,1.0,0.02142857142857143
GRU 混合,1.0,0.0214342418629267
GRU 混合,1.0,0.021439915299100054
GRU 混合,1.0,0.021445591739475776
GRU 混合,1.0,0.021451271186440676
GRU 混合,1.0,0.021456953642384105
GRU 混合,1.0,0.021462639109697933
GRU 混合,1.0,0.02146832759077657
GRU 混合,1.0,0.021474019088016966
GRU 混合,1.0,0.021479713603818614
GRU 混合,1.0,0.021485411140583555
GRU 混合,1.0,0.02149111170071637
GRU 混合,1.0,0.021496815286624203
GRU 混合,1.0,0.02150252190071675
GRU 混合,1.0,0.021508231545406268
GRU 混合,1.0,0.02151394422310757
GRU 混合,1.0,0.021519659936238045
GRU 混合,1.0,0.021525378687217645
GRU 混合,1.0,0.0215311004784689
GRU 混合,1.0,0.02153682531241691
GRU 混合,1.0,0.02154255319148936
GRU 混合,1.0,0.02154828411811652
GRU 混合,1.0,0.02155401809473124
GRU 混合,1.0,0.021559755123768964
GRU 混合,1.0,0.02156549520766773
GRU 混合,1.0,0.021571238348868177
GRU 混合,1.0,0.021576984549813532
GRU 混合,1.0,0.02158273381294964
GRU 混合,1.0,0.021588486140724946
GRU 混合,1.0,0.02159424153559051
GRU 混合,1.0,0.0216
GRU 混合,1.0,0.02160576153640971
GRU 混合,1.0,0.02161152614727855
GRU 混合,1.0,0.021617293835068056
GRU 混合,1.0,0.021623064602242392
GRU 混合,1.0,0.021628838451268357
GRU 混合,1.0,0.021634615384615384
GRU 混合,1.0,0.021640395404755545
GRU 混合,1.0,0.02164617851416355
GRU 混合,1.0,0.02165196471531676
GRU 混合,1.0,0.021657754010695186
GRU 混合,1.0,0.02166354640278149
GRU 混合,1.0,0.021669341894060994
GRU 混合,1.0,0.021675140487021675
GRU 混合,1.0,0.021680942184154176
GRU 混合,1.0,0.021686746987951807
GRU 混合,1.0,0.02169255490091055
GRU 混合,1.0,0.021698365925529064
GRU 混合,1.0,0.021704180064308683
GRU 混合,1.0,0.021709997319753416
GRU 混合,1.0,0.021715817694369973
GRU 混合,1.0,0.02172164119066774
GRU 混合,1.0,0.021727467811158797
GRU 混合,1.0,0.021733297558357928
GRU 混合,1.0,0.021739130434782608
GRU 混合,1.0,0.02174496644295302
GRU 混合,1.0,0.021750805585392052
GRU 混合,1.0,0.021756647864625302
GRU 混合,1.0,0.021762493283181087
GRU 混合,1.0,0.021768341843590434
GRU 混合,1.0,0.021774193548387097
GRU 混合,1.0,0.021780048400107554
GRU 混合,1.0,0.021785906401291015
GRU 混合,1.0,0.021791767554479417
GRU 混合,1.0,0.021797631862217438
GRU 混合,1.0,0.02180349932705249
GRU 混合,1.0,0.021809369951534735
GRU 混合,1.0,0.021815243738217076
GRU 混合,1.0,0.021821120689655173
GRU 混合,1.0,0.021827000808407437
GRU 混合,1.0,0.02183288409703504
GRU 混合,1.0,0.021838770558101916
GRU 混合,1.0,0.021844660194174758
GRU 混合,1.0,0.02185055300782304
GRU 混合,1.0,0.021856449001618997
GRU 混合,1.0,0.02186234817813765
GRU 混合,1.0,0.021868250539956804
GRU 混合,1.0,0.021874156089657034
GRU 混合,1.0,0.02188006482982172
GRU 混合,1.0,0.021885976763037017
GRU 混合,1.0,0.02189189189189189
GRU 混合,1.0,0.021897810218978103
GRU 混合,1.0,0.021903731746890212
GRU 混合,1.0,0.021909656478225587
GRU 混合,1.0,0.021915584415584416
GRU 混合,1.0,0.02192151556156969
GRU 混合,1.0,0.02192744991878722
GRU 混合,1.0,0.021933387489845652
GRU 混合,1.0,0.021939328277356448
GRU 混合,1.0,0.021945272283933892
GRU 混合,1.0,0.02195121951219512
GRU 混合,1.0,0.021957169964760097
GRU 混合,1.0,0.021963123644251625
GRU 混合,1.0,0.021969080553295363
GRU 混合,1.0,0.021975040694519804
GRU 混合,1.0,0.02198100407055631
GRU 混合,1.0,0.021986970684039087
GRU 混合,1.0,0.021992940537605213
GRU 混合,1.0,0.021998913633894623
GRU 混合,1.0,0.022004889975550123
GRU 混合,1.0,0.022010869565217393
GRU 混合,1.0,0.022016852405544986
GRU 混合,1.0,0.02202283849918434
GRU 混合,1.0,0.022028827848789775
GRU 混合,1.0,0.0220348204570185
GRU 混合,1.0,0.022040816326530613
GRU 混合,1.0,0.022046815459989114
GRU 混合,1.0,0.022052817860059897
GRU 混合,1.0,0.022058823529411766
GRU 混合,1.0,0.022064832470716427
GRU 混合,1.0,0.0220708446866485
GRU 混合,1.0,0.022076860179885527
GRU 混合,1.0,0.02208287895310796
GRU 混合,1.0,0.02208890100899918
GRU 混合,1.0,0.0220949263502455
GRU 混合,1.0,0.022100954979536153
GRU 混合,1.0,0.02210698689956332
GRU 混合,1.0,0.022113022113022112
GRU 混合,1.0,0.022119060622610594
GRU 混合,1.0,0.02212510243102977
GRU 混合,1.0,0.022131147540983605
GRU 混合,1.0,0.02213719595517901
GRU 混合,1.0,0.02214324767632586
GRU 混合,1.0,0.022149302707136997
GRU 混合,1.0,0.022155361050328226
GRU 混合,1.0,0.02216142270861833
GRU 混合,1.0,0.022167487684729065
GRU 混合,1.0,0.02217355598138516
GRU 混合,1.0,0.02217962760131435
GRU 混合,1.0,0.02218570254724733
GRU 混合,1.0,0.02219178082191781
GRU 混合,1.0,0.022197862428062484
GRU 混合,1.0,0.022203947368421052
GRU 混合,1.0,0.02221003564573622
GRU 混合,1.0,0.022216127262753703
GRU 混合,1.0,0.022222222222222223
GRU 混合,1.0,0.022228320526893525
GRU 混合,1.0,0.022234422179522373
GRU 混合,1.0,0.022240527182866558
GRU 混合,1.0,0.0222466355396869
GRU 混合,1.0,0.022252747252747253
GRU 混合,1.0,0.02225886232481451
GRU 混合,1.0,0.022264980758658605
GRU 混合,1.0,0.022271102557052516
GRU 混合,1.0,0.022277227722772276
GRU 混合,1.0,0.022283356258596974
GRU 混合,1.0,0.02228948816730875
GRU 混合,1.0,0.022295623451692816
GRU 混合,1.0,0.022301762114537445
GRU 混合,1.0,0.022307904158633984
GRU 混合,1.0,0.02231404958677686
GRU 混合,1.0,0.02232019840176357
GRU 混合,1.0,0.022326350606394707
GRU 混合,1.0,0.022332506203473945
GRU 混合,1.0,0.022338665195808054
GRU 混合,1.0,0.022344827586206897
GRU 混合,1.0,0.022350993377483443
GRU 混合,1.0,0.02235716257245377
GRU 混合,1.0,0.02236333517393705
GRU 混合,1.0,0.02236951118475559
GRU 混合,1.0,0.022375690607734807
GRU 混合,1.0,0.02238187344570323
GRU 混合,1.0,0.022388059701492536
GRU 混合,1.0,0.022394249377937516
GRU 混合,1.0,0.022400442477876106
GRU 混合,1.0,0.022406639004149378
GRU 混合,1.0,0.02241283895960155
GRU 混合,1.0,0.02241904234707999
GRU 混合,1.0,0.022425249169435217
GRU 混合,1.0,0.02243145942952091
GRU 混合,1.0,0.022437673130193906
GRU 混合,1.0,0.022443890274314215
GRU 混合,1.0,0.02245011086474501
GRU 混合,1.0,0.022456334904352646
GRU 混合,1.0,0.022462562396006656
GRU 混合,1.0,0.02246879334257975
GRU 混合,1.0,0.022475027746947835
GRU 混合,1.0,0.022481265611990008
GRU 混合,1.0,0.022487506940588563
GRU 混合,1.0,0.02249375173562899
GRU 混合,1.0,0.0225
GRU 混合,1.0,0.0225062517365935
GRU 混合,1.0,0.022512506948304613
GRU 混合,1.0,0.022518765638031693
GRU 混合,1.0,0.022525027808676306
GRU 混合,1.0,0.022531293463143254
GRU 混合,1.0,0.022537562604340568
GRU 混合,1.0,0.022543835235179516
GRU 混合,1.0,0.02255011135857461
GRU 混合,1.0,0.022556390977443608
GRU 混合,1.0,0.02256267409470752
GRU 混合,1.0,0.02256896071329061
GRU 混合,1.0,0.0225752508361204
GRU 混合,1.0,0.022581544466127684
GRU 混合,1.0,0.022587841606246516
GRU 混合,1.0,0.022594142259414227
GRU 混合,1.0,0.022600446428571428
GRU 混合,1.0,0.022606754116662017
GRU 混合,1.0,0.022613065326633167
GRU 混合,1.0,0.022619380061435355
GRU 混合,1.0,0.022625698324022347
GRU 混合,1.0,0.022632020117351215
GRU 混合,1.0,0.022638345444382337
GRU 混合,1.0,0.022644674308079395
GRU 混合,1.0,0.022651006711409395
GRU 混合,1.0,0.022657342657342656
GRU 混合,1.0,0.022663682148852827
GRU 混合,1.0,0.022670025188916875
GRU 混合,1.0,0.02267637178051512
GRU 混合,1.0,0.022682721926631195
GRU 混合,1.0,0.0226890756302521
GRU 混合,1.0,0.02269543289436817
GRU 混合,1.0,0.022701793721973094
GRU 混合,1.0,0.022708158116063918
GRU 混合,1.0,0.022714526079641053
GRU 混合,1.0,0.022720897615708276
GRU 混合,1.0,0.022727272727272728
GRU 混合,1.0,0.022733651417344933
GRU 混合,1.0,0.022740033688938798
GRU 混合,1.0,0.02274641954507161
GRU 混合,1.0,0.022752808988764046
GRU 混合,1.0,0.02275920202304018
GRU 混合,1.0,0.022765598650927487
GRU 混合,1.0,0.022771998875456844
GRU 混合,1.0,0.022778402699662543
GRU 混合,1.0,0.02278481012658228
GRU 混合,1.0,0.022791221159257174
GRU 混合,1.0,0.022797635800731776
GRU 混合,1.0,0.022804054054054054
GRU 混合,1.0,0.022810475922275416
GRU 混合,1.0,0.022816901408450704
GRU 混合,1.0,0.02282333051563821
GRU 混合,1.0,0.022829763246899663
GRU 混合,1.0,0.022836199605300252
GRU 混合,1.0,0.02284263959390863
GRU 混合,1.0,0.022849083215796897
GRU 混合,1.0,0.022855530474040632
GRU 混合,1.0,0.02286198137171888
GRU 混合,1.0,0.022868435911914172
GRU 混合,1.0,0.02287489409771251
GRU 混合,1.0,0.02288135593220339
GRU 混合,1.0,0.022887821418479795
GRU 混合,1.0,0.022894290559638215
GRU 混合,1.0,0.022900763358778626
GRU 混合,1.0,0.022907239819004523
GRU 混合,1.0,0.022913719943422915
GRU 混合,1.0,0.022920203735144314
GRU 混合,1.0,0.022926691197282762
GRU 混合,1.0,0.022933182332955833
GRU 混合,1.0,0.022939677145284623
GRU 混合,1.0,0.02294617563739377
GRU 混合,1.0,0.02295267781241145
GRU 混合,1.0,0.02295918367346939
GRU 混合,1.0,0.022965693223702864
GRU 混合,1.0,0.02297220646625071
GRU 混合,1.0,0.02297872340425532
GRU 混合,1.0,0.022985244040862655
GRU 混合,1.0,0.022991768379222254
GRU 混合,1.0,0.022998296422487224
GRU 混合,1.0,0.023004828173814256
GRU 混合,1.0,0.023011363636363635
GRU 混合,1.0,0.023017902813299233
GRU 混合,1.0,0.023024445707788516
GRU 混合,1.0,0.02303099232300256
GRU 混合,1.0,0.02303754266211604
GRU 混合,1.0,0.023044096728307255
GRU 混合,1.0,0.02305065452475811
GRU 混合,1.0,0.02305721605465414
GRU 混合,1.0,0.02306378132118451
GRU 混合,1.0,0.02307035032754201
GRU 混合,1.0,0.023076923076923078
GRU 混合,1.0,0.023083499572527786
GRU 混合,1.0,0.023090079817559863
GRU 混合,1.0,0.023096663815226688
GRU 混合,1.0,0.023103251568739304
GRU 混合,1.0,0.02310984308131241
GRU 混合,1.0,0.023116438356164382
GRU 混合,1.0,0.02312303739651727
GRU 混合,1.0,0.023129640205596803
GRU 混合,1.0,0.02313624678663239
GRU 混合,1.0,0.023142857142857142
GRU 混合,1.0,0.02314947127750786
GRU 混合,1.0,0.023156089193825044
GRU 混合,1.0,0.023162710895052903
GRU 混合,1.0,0.02316933638443936
GRU 混合,1.0,0.02317596566523605
GRU 混合,1.0,0.02318259874069834
GRU 混合,1.0,0.023189235614085313
GRU 混合,1.0,0.023195876288659795
GRU 混合,1.0,0.02320252076768834
GRU 混合,1.0,0.023209169054441262
GRU 混合,1.0,0.023215821152192607
GRU 混合,1.0,0.023222477064220183
GRU 混合,1.0,0.023229136793805564
GRU 混合,1.0,0.02323580034423408
GRU 混合,1.0,0.023242467718794835
GRU 混合,1.0,0.02324913892078071
GRU 混合,1.0,0.023255813953488372
GRU 混合,1.0,0.023262492820218264
GRU 混合,1.0,0.023269175524274634
GRU 混合,1.0,0.02327586206896552
GRU 混合,1.0,0.02328255245760276
GRU 混合,1.0,0.023289246693502012
GRU 混合,1.0,0.023295944779982744
GRU 混合,1.0,0.02330264672036824
GRU 混合,1.0,0.02330935251798561
GRU 混合,1.0,0.023316062176165803
GRU 混合,1.0,0.023322775698243592
GRU 混合,1.0,0.023329493087557603
GRU 混合,1.0,0.023336214347450302
GRU 混合,1.0,0.02334293948126801
GRU 混合,1.0,0.02334966849236091
GRU 混合,1.0,0.023356401384083045
GRU 混合,1.0,0.023363138159792327
GRU 混合,1.0,0.02336987882285055
GRU 混合,1.0,0.023376623376623377
GRU 混合,1.0,0.02338337182448037
GRU 混合,1.0,0.023390124169794975
GRU 混合,1.0,0.02339688041594454
GRU 混合,1.0,0.023403640566310314
GRU 混合,1.0,0.023410404624277455
GRU 混合,1.0,0.023417172593235037
GRU 混合,1.0,0.023423944476576055
GRU 混合,1.0,0.023430720277697426
GRU 混合,1.0,0.0234375
GRU 混合,1.0,0.023444283646888567
GRU 混合,1.0,0.023451071221771858
GRU 混合,1.0,0.023457862728062554
GRU 混合,1.0,0.02346465816917729
GRU 混合,1.0,0.023471457548536655
GRU 混合,1.0,0.023478260869565216
GRU 混合,1.0,0.023485068135691504
GRU 混合,1.0,0.02349187935034803
GRU 混合,1.0,0.02349869451697128
GRU 混合,1.0,0.023505513639001743
GRU 混合,1.0,0.02351233671988389
GRU 混合,1.0,0.023519163763066203
GRU 混合,1.0,0.023525994772001162
GRU 混合,1.0,0.023532829750145264
GRU 混合,1.0,0.023539668700959023
GRU 混合,1.0,0.023546511627906976
GRU 混合,1.0,0.02355335853445769
GRU 混合,1.0,0.02356020942408377
GRU 混合,1.0,0.023567064300261856
GRU 混合,1.0,0.02357392316647264
GRU 混合,1.0,0.023580786026200874
GRU 混合,1.0,0.023587652882935354
GRU 混合,1.0,0.02359452374016895
GRU 混合,1.0,0.0236013986013986
GRU 混合,1.0,0.023608277470125328
GRU 混合,1.0,0.02361516034985423
GRU 混合,1.0,0.023622047244094488
GRU 混合,1.0,0.023628938156359393
GRU 混合,1.0,0.023635833090166328
GRU 混合,1.0,0.023642732049036778
GRU 混合,1.0,0.02364963503649635
GRU 混合,1.0,0.023656542056074766
GRU 混合,1.0,0.02366345311130587
GRU 混合,1.0,0.023670368205727644
GRU 混合,1.0,0.023677287342882197
GRU 混合,1.0,0.02368421052631579
GRU 混合,1.0,0.023691137759578824
GRU 混合,1.0,0.023698069046225862
GRU 混合,1.0,0.02370500438981563
GRU 混合,1.0,0.023711943793911006
GRU 混合,1.0,0.023718887262079064
GRU 混合,1.0,0.023725834797891036
GRU 混合,1.0,0.023732786404922355
GRU 混合,1.0,0.023739742086752638
GRU 混合,1.0,0.023746701846965697
GRU 混合,1.0,0.02375366568914956
GRU 混合,1.0,0.02376063361689645
GRU 混合,1.0,0.023767605633802816
GRU 混合,1.0,0.023774581743469327
GRU 混合,1.0,0.02378156194950088
GRU 混合,1.0,0.02378854625550661
GRU 混合,1.0,0.02379553466509988
GRU 混合,1.0,0.023802527181898327
GRU 混合,1.0,0.023809523809523808
GRU 混合,1.0,0.02381652455160247
GRU 混合,1.0,0.023823529411764705
GRU 混合,1.0,0.02383053839364519
GRU 混合,1.0,0.023837551500882872
GRU 混合,1.0,0.02384456873712099
GRU 混合,1.0,0.023851590106007067
GRU 混合,1.0,0.02385861561119293
GRU 混合,1.0,0.023865645256334708
GRU 混合,1.0,0.023872679045092837
GRU 混合,1.0,0.023879716981132077
GRU 混合,1.0,0.0238867590681215
GRU 混合,1.0,0.023893805309734513
GRU 混合,1.0,0.023900855709648863
GRU 混合,1.0,0.023907910271546637
GRU 混合,1.0,0.023914968999114262
GRU 混合,1.0,0.023922031896042528
GRU 混合,1.0,0.023929098966026588
GRU 混合,1.0,0.023936170212765957
GRU 混合,1.0,0.023943245639964528
GRU 混合,1.0,0.023950325251330572
GRU 混合,1.0,0.023957409050576754
GRU 混合,1.0,0.02396449704142012
GRU 混合,1.0,0.023971589227582125
GRU 混合,1.0,0.023978685612788632
GRU 混合,1.0,0.023985786200769913
GRU 混合,1.0,0.023992890995260665
GRU 混合,1.0,0.024
GRU 混合,1.0,0.024007113218731477
GRU 混合,1.0,0.024014230655203084
GRU 混合,1.0,0.02402135231316726
GRU 混合,1.0,0.024028478196380897
GRU 混合,1.0,0.024035608308605343
GRU 混合,1.0,0.02404274265360641
GRU 混合,1.0,0.024049881235154395
GRU 混合,1.0,0.024057024057024055
GRU 混合,1.0,0.02406417112299465
GRU 混合,1.0,0.024071322436849927
GRU 混合,1.0,0.024078478002378122
GRU 混合,1.0,0.02408563782337199
GRU 混合,1.0,0.024092801903628794
GRU 混合,1.0,0.024099970246950313
GRU 混合,1.0,0.024107142857142858
GRU 混合,1.0,0.024114319738017267
GRU 混合,1.0,0.024121500893388922
GRU 混合,1.0,0.024128686327077747
GRU 混合,1.0,0.024135876042908223
GRU 混合,1.0,0.024143070044709388
GRU 混合,1.0,0.024150268336314847
GRU 混合,1.0,0.02415747092156278
GRU 混合,1.0,0.02416467780429594
GRU 混合,1.0,0.024171888988361683
GRU 混合,1.0,0.02417910447761194
GRU 混合,1.0,0.024186324275903254
GRU 混合,1.0,0.024193548387096774
GRU 混合,1.0,0.02420077681505826
GRU 混合,1.0,0.0242080095636581
GRU 混合,1.0,0.0242152466367713
GRU 混合,1.0,0.024222488038277513
GRU 混合,1.0,0.024229733772061023
GRU 混合,1.0,0.02423698384201077
GRU 混合,1.0,0.024244238252020354
GRU 混合,1.0,0.024251497005988023
GRU 混合,1.0,0.02425876010781671
GRU 混合,1.0,0.024266027561414022
GRU 混合,1.0,0.02427329937069224
GRU 混合,1.0,0.024280575539568347
GRU 混合,1.0,0.024287856071964018
GRU 混合,1.0,0.02429514097180564
GRU 混合,1.0,0.024302430243024302
GRU 混合,1.0,0.024309723889555823
GRU 混合,1.0,0.02431702191534074
GRU 混合,1.0,0.024324324324324326
GRU 混合,1.0,0.024331631120456592
GRU 混合,1.0,0.024338942307692308
GRU 混合,1.0,0.024346257889990983
GRU 混合,1.0,0.0243535778713169
GRU 混合,1.0,0.024360902255639097
GRU 混合,1.0,0.024368231046931407
GRU 混合,1.0,0.024375564249172435
GRU 混合,1.0,0.024382901866345574
GRU 混合,1.0,0.024390243902439025
GRU 混合,1.0,0.024397590361445783
GRU 混合,1.0,0.024404941247363664
GRU 混合,1.0,0.024412296564195298
GRU 混合,1.0,0.024419656315948148
GRU 混合,1.0,0.0244270205066345
GRU 混合,1.0,0.024434389140271493
GRU 混合,1.0,0.02444176222088111
GRU 混合,1.0,0.02444913975249019
GRU 混合,1.0,0.024456521739130436
GRU 混合,1.0,0.02446390818483842
GRU 混合,1.0,0.02447129909365559
GRU 混合,1.0,0.024478694469628286
GRU 混合,1.0,0.02448609431680774
GRU 混合,1.0,0.024493498639250075
GRU 混合,1.0,0.024500907441016333
GRU 混合,1.0,0.024508320726172466
GRU 混合,1.0,0.024515738498789345
GRU 混合,1.0,0.02452316076294278
GRU 混合,1.0,0.024530587522713507
GRU 混合,1.0,0.024538018782187216
GRU 混合,1.0,0.024545454545454544
GRU 混合,1.0,0.024552894816611093
GRU 混合,1.0,0.024560339599757428
GRU 混合,1.0,0.02456778889899909
GRU 混合,1.0,0.0245752427184466
GRU 混合,1.0,0.024582701062215478
GRU 混合,1.0,0.02459016393442623
GRU 混合,1.0,0.02459763133920437
GRU 混合,1.0,0.024605103280680437
GRU 混合,1.0,0.024612579762989972
GRU 混合,1.0,0.024620060790273558
GRU 混合,1.0,0.0246275463666768
GRU 混合,1.0,0.024635036496350366
GRU 混合,1.0,0.024642531183449955
GRU 混合,1.0,0.024650030432136337
GRU 混合,1.0,0.024657534246575342
GRU 混合,1.0,0.02466504263093788
GRU 混合,1.0,0.024672555589399937
GRU 混合,1.0,0.024680073126142597
GRU 混合,1.0,0.024687595245352027
GRU 混合,1.0,0.024695121951219513
GRU 混合,1.0,0.024702653247941447
GRU 混合,1.0,0.02471018913971934
GRU 混合,1.0,0.02471772963075984
GRU 混合,1.0,0.024725274725274724
GRU 混合,1.0,0.024732824427480916
GRU 混合,1.0,0.02474037874160049
GRU 混合,1.0,0.02474793767186068
GRU 混合,1.0,0.024755501222493887
GRU 混合,1.0,0.024763069397737696
GRU 混合,1.0,0.024770642201834864
GRU 混合,1.0,0.024778219639033344
GRU 混合,1.0,0.02478580171358629
GRU 混合,1.0,0.024793388429752067
GRU 混合,1.0,0.024800979791794242
GRU 混合,1.0,0.024808575803981624
GRU 混合,1.0,0.024816176470588234
GRU 混合,1.0,0.02482378179589335
GRU 混合,1.0,0.024831391784181485
GRU 混合,1.0,0.02483900643974241
GRU 混合,1.0,0.024846625766871164
GRU 混合,1.0,0.024854249769868057
GRU 混合,1.0,0.024861878453038673
GRU 混合,1.0,0.02486951182069389
GRU 混合,1.0,0.024877149877149878
GRU 混合,1.0,0.02488479262672811
GRU 混合,1.0,0.02489244007375538
GRU 混合,1.0,0.02490009222256379
GRU 混合,1.0,0.024907749077490774
GRU 混合,1.0,0.024915410642879113
GRU 混合,1.0,0.024923076923076923
GRU 混合,1.0,0.024930747922437674
GRU 混合,1.0,0.024938423645320198
GRU 混合,1.0,0.024946104096088696
GRU 混合,1.0,0.024953789279112754
GRU 混合,1.0,0.024961479198767334
GRU 混合,1.0,0.0249691738594328
GRU 混合,1.0,0.02497687326549491
GRU 混合,1.0,0.02498457742134485
GRU 混合,1.0,0.024992286331379204
GRU 混合,1.0,0.025
GRU 混合,1.0,0.025007718431614697
GRU 混合,1.0,0.025015441630636195
GRU 混合,1.0,0.025023169601482854
GRU 混合,1.0,0.025030902348578493
GRU 混合,1.0,0.025038639876352395
GRU 混合,1.0,0.02504638218923933
GRU 混合,1.0,0.025054129291679553
GRU 混合,1.0,0.025061881188118813
GRU 混合,1.0,0.025069637883008356
GRU 混合,1.0,0.025077399380804954
GRU 混合,1.0,0.025085165685970887
GRU 混合,1.0,0.02509293680297398
GRU 混合,1.0,0.025100712736287573
GRU 混合,1.0,0.025108493490390578
GRU 混合,1.0,0.025116279069767444
GRU 混合,1.0,0.02512406947890819
GRU 混合,1.0,0.025131864722308408
GRU 混合,1.0,0.025139664804469275
GRU 混合,1.0,0.025147469729897547
GRU 混合,1.0,0.02515527950310559
GRU 混合,1.0,0.02516309412861137
GRU 混合,1.0,0.02517091361093847
GRU 混合,1.0,0.0251787379546161
GRU 混合,1.0,0.025186567164179104
GRU 混合,1.0,0.025194401244167962
GRU 混合,1.0,0.02520224019912881
GRU 混合,1.0,0.025210084033613446
GRU 混合,1.0,0.025217932752179328
GRU 混合,1.0,0.025225786359389598
GRU 混合,1.0,0.025233644859813085
GRU 混合,1.0,0.025241508258024306
GRU 混合,1.0,0.02524937655860349
GRU 混合,1.0,0.025257249766136577
GRU 混合,1.0,0.025265127885215222
GRU 混合,1.0,0.02527301092043682
GRU 混合,1.0,0.025280898876404494
GRU 混合,1.0,0.025288791757727132
GRU 混合,1.0,0.025296689569019364
GRU 混合,1.0,0.02530459231490159
GRU 混合,1.0,0.0253125
GRU 混合,1.0,0.025320412628946545
GRU 混合,1.0,0.025328330206378986
GRU 混合,1.0,0.025336252736940883
GRU 混合,1.0,0.025344180225281603
GRU 混合,1.0,0.02535211267605634
GRU 混合,1.0,0.025360050093926112
GRU 混合,1.0,0.025367992483557783
GRU 混合,1.0,0.02537593984962406
GRU 混合,1.0,0.02538389219680351
GRU 混合,1.0,0.025391849529780564
GRU 混合,1.0,0.02539981185324553
GRU 混合,1.0,0.025407779171894605
GRU 混合,1.0,0.02541575149042987
GRU 混合,1.0,0.025423728813559324
GRU 混合,1.0,0.02543171114599686
GRU 混合,1.0,0.02543969849246231
GRU 混合,1.0,0.02544769085768143
GRU 混合,1.0,0.02545568824638592
GRU 混合,1.0,0.025463690663313422
GRU 混合,1.0,0.02547169811320755
GRU 混合,1.0,0.025479710600817867
GRU 混合,1.0,0.025487728130899938
GRU 混合,1.0,0.025495750708215296
GRU 混合,1.0,0.025503778337531487
GRU 混合,1.0,0.025511811023622048
GRU 混合,1.0,0.02551984877126654
GRU 混合,1.0,0.02552789158525055
GRU 混合,1.0,0.0255359394703657
GRU 混合,1.0,0.02554399243140965
GRU 混合,1.0,0.02555205047318612
GRU 混合,1.0,0.02556011360050489
GRU 混合,1.0,0.02556818181818182
GRU 混合,1.0,0.02557625513103884
GRU 混合,1.0,0.025584333543903978
GRU 混合,1.0,0.025592417061611375
GRU 混合,1.0,0.025600505689001265
GRU 混合,1.0,0.025608599430920014
GRU 混合,1.0,0.025616698292220113
GRU 混合,1.0,0.025624802277760202
GRU 混合,1.0,0.025632911392405065
GRU 混合,1.0,0.02564102564102564
GRU 混合,1.0,0.02564914502849905
GRU 混合,1.0,0.025657269559708585
GRU 混合,1.0,0.025665399239543727
GRU 混合,1.0,0.02567353407290016
GRU 混合,1.0,0.02568167406467977
GRU 混合,1.0,0.025689819219790674
GRU 混合,1.0,0.02569796954314721
GRU 混合,1.0,0.025706125039669948
GRU 混合,1.0,0.025714285714285714
GRU 混合,1.0,0.025722451571927596
GRU 混合,1.0,0.02573062261753494
GRU 混合,1.0,0.025738798856053385
GRU 混合,1.0,0.02574698029243484
GRU 混合,1.0,0.02575516693163752
GRU 混合,1.0,0.025763358778625955
GRU 混合,1.0,0.025771555838370982
GRU 混合,1.0,0.025779758115849778
GRU 混合,1.0,0.025787965616045846
GRU 混合,1.0,0.025796178343949046
GRU 混合,1.0,0.02580439630455559
GRU 混合,1.0,0.02581261950286807
GRU 混合,1.0,0.025820847943895442
GRU 混合,1.0,0.025829081632653062
GRU 混合,1.0,0.02583732057416268
GRU 混合,1.0,0.025845564773452456
GRU 混合,1.0,0.025853814235556973
GRU 混合,1.0,0.02586206896551724
GRU 混合,1.0,0.02587032896838071
GRU 混合,1.0,0.02587859424920128
GRU 混合,1.0,0.02588686481303931
GRU 混合,1.0,0.02589514066496164
GRU 混合,1.0,0.025903421810041575
GRU 混合,1.0,0.025911708253358926
GRU 混合,1.0,0.02592
GRU 混合,1.0,0.025928297055057618
GRU 混合,1.0,0.025936599423631124
GRU 混合,1.0,0.025944907110826393
GRU 混合,1.0,0.025953220121755848
GRU 混合,1.0,0.025961538461538463
GRU 混合,1.0,0.025969862135299775
GRU 混合,1.0,0.025978191148171906
GRU 混合,1.0,0.02598652550529355
GRU 混合,1.0,0.025994865211810013
GRU 混合,1.0,0.026003210272873195
GRU 混合,1.0,0.02601156069364162
GRU 混合,1.0,0.026019916479280435
GRU 混合,1.0,0.02602827763496144
GRU 混合,1.0,0.026036644165863067
GRU 混合,1.0,0.026045016077170417
GRU 混合,1.0,0.026053393374075265
GRU 混合,1.0,0.026061776061776062
GRU 混合,1.0,0.026070164145477952
GRU 混合,1.0,0.02607855763039279
GRU 混合,1.0,0.02608695652173913
GRU 混合,1.0,0.02609536082474227
GRU 混合,1.0,0.026103770544634225
GRU 混合,1.0,0.02611218568665377
GRU 混合,1.0,0.026120606256046435
GRU 混合,1.0,0.026129032258064518
GRU 混合,1.0,0.026137463697967087
GRU 混合,1.0,0.026145900581020013
GRU 混合,1.0,0.026154342912495965
GRU 混合,1.0,0.02616279069767442
GRU 混合,1.0,0.02617124394184168
GRU 混合,1.0,0.026179702650290886
GRU 混合,1.0,0.026188166828322017
GRU 混合,1.0,0.026196636481241913
GRU 混合,1.0,0.026205111614364285
GRU 混合,1.0,0.02621359223300971
GRU 混合,1.0,0.026222078342505666
GRU 混合,1.0,0.026230569948186528
GRU 混合,1.0,0.026239067055393587
GRU 混合,1.0,0.02624756966947505
GRU 混合,1.0,0.02625607779578606
GRU 混合,1.0,0.026264591439688716
GRU 混合,1.0,0.02627311060655206
GRU 混合,1.0,0.02628163530175211
GRU 混合,1.0,0.02629016553067186
GRU 混合,1.0,0.026298701298701297
GRU 混合,1.0,0.026307242611237416
GRU 混合,1.0,0.02631578947368421
GRU 混合,1.0,0.026324341891452715
GRU 混合,1.0,0.02633289986996099
GRU 混合,1.0,0.026341463414634145
GRU 混合,1.0,0.026350032530904358
GRU 混合,1.0,0.026358607224210868
GRU 混合,1.0,0.0263671875
GRU 混合,1.0,0.02637577336372517
GRU 混合,1.0,0.026384364820846905
GRU 混合,1.0,0.026392961876832845
GRU 混合,1.0,0.026401564537157758
GRU 混合,1.0,0.026410172807303553
GRU 混合,1.0,0.026418786692759294
GRU 混合,1.0,0.026427406199021206
GRU 混合,1.0,0.02643603133159269
GRU 混合,1.0,0.02644466209598433
GRU 混合,1.0,0.026453298497713912
GRU 混合,1.0,0.026461940542306436
GRU 混合,1.0,0.026470588235294117
GRU 混合,1.0,0.02647924158221641
GRU 混合,1.0,0.026487900588620012
GRU 混合,1.0,0.02649656526005888
GRU 混合,1.0,0.02650523560209424
GRU 混合,1.0,0.026513911620294598
GRU 混合,1.0,0.026522593320235755
GRU 混合,1.0,0.02653128070750082
GRU 混合,1.0,0.02653997378768021
GRU 混合,1.0,0.02654867256637168
GRU 混合,1.0,0.026557377049180327
GRU 混合,1.0,0.026566087241718595
GRU 混合,1.0,0.0265748031496063
GRU 混合,1.0,0.026583524778470626
GRU 混合,1.0,0.02659225213394616
GRU 混合,1.0,0.026600985221674877
GRU 混合,1.0,0.026609724047306178
GRU 混合,1.0,0.026618468616496877
GRU 混合,1.0,0.026627218934911243
GRU 混合,1.0,0.02663597500822098
GRU 混合,1.0,0.026644736842105263
GRU 混合,1.0,0.02665350444225074
GRU 混合,1.0,0.026662277814351546
GRU 混合,1.0,0.02667105696410932
GRU 混合,1.0,0.0266798418972332
GRU 混合,1.0,0.026688632619439868
GRU 混合,1.0,0.026697429136453527
GRU 混合,1.0,0.026706231454005934
GRU 混合,1.0,0.02671503957783641
GRU 混合,1.0,0.026723853513691852
GRU 混合,1.0,0.026732673267326732
GRU 混合,1.0,0.026741498844503137
GRU 混合,1.0,0.026750330250990752
GRU 混合,1.0,0.026759167492566897
GRU 混合,1.0,0.026768010575016522
GRU 混合,1.0,0.026776859504132233
GRU 混合,1.0,0.026785714285714284
GRU 混合,1.0,0.026794574925570625
GRU 混合,1.0,0.026803441429516878
GRU 混合,1.0,0.026812313803376366
GRU 混合,1.0,0.02682119205298013
GRU 混合,1.0,0.026830076184166943
GRU 混合,1.0,0.0268389662027833
GRU 混合,1.0,0.02684786211468346
GRU 混合,1.0,0.026856763925729443
GRU 混合,1.0,0.026865671641791045
GRU 混合,1.0,0.02687458526874585
GRU 混合,1.0,0.026883504812479257
GRU 混合,1.0,0.026892430278884463
GRU 混合,1.0,0.026901361673862503
GRU 混合,1.0,0.026910299003322258
GRU 混合,1.0,0.026919242273180457
GRU 混合,1.0,0.0269281914893617
GRU 混合,1.0,0.02693714665779847
GRU 混合,1.0,0.02694610778443114
GRU 混合,1.0,0.02695507487520799
GRU 混合,1.0,0.02696404793608522
GRU 混合,1.0,0.026973026973026972
GRU 混合,1.0,0.02698201199200533
GRU 混合,1.0,0.026991002999000334
GRU 混合,1.0,0.027
GRU 混合,1.0,0.027009003001000332
GRU 混合,1.0,0.027018012008005337
GRU 混合,1.0,0.02702702702702703
GRU 混合,1.0,0.02703604806408545
GRU 混合,1.0,0.027045075125208682
GRU 混合,1.0,0.027054108216432865
GRU 混合,1.0,0.027063147343802205
GRU 混合,1.0,0.027072192513368985
GRU 混合,1.0,0.02708124373119358
GRU 混合,1.0,0.02709030100334448
GRU 混合,1.0,0.027099364335898293
GRU 混合,1.0,0.02710843373493976
GRU 混合,1.0,0.02711750920656177
GRU 混合,1.0,0.02712659075686537
GRU 混合,1.0,0.027135678391959798
GRU 混合,1.0,0.027144772117962467
GRU 混合,1.0,0.027153871940998994
GRU 混合,1.0,0.02716297786720322
GRU 混合,1.0,0.02717208990271721
GRU 混合,1.0,0.027181208053691275
GRU 混合,1.0,0.027190332326283987
GRU 混合,1.0,0.02719946272666219
GRU 混合,1.0,0.02720859926100101
GRU 混合,1.0,0.02721774193548387
GRU 混合,1.0,0.02722689075630252
GRU 混合,1.0,0.027236045729657026
GRU 混合,1.0,0.027245206861755803
GRU 混合,1.0,0.02725437415881561
GRU 混合,1.0,0.027263547627061596
GRU 混合,1.0,0.02727272727272727
GRU 混合,1.0,0.027281913102054564
GRU 混合,1.0,0.0272911051212938
GRU 混合,1.0,0.027300303336703743
GRU 混合,1.0,0.027309507754551585
GRU 混合,1.0,0.027318718381112984
GRU 混合,1.0,0.027327935222672066
GRU 混合,1.0,0.02733715828552143
GRU 混合,1.0,0.027346387575962187
GRU 混合,1.0,0.02735562310030395
GRU 混合,1.0,0.027364864864864866
GRU 混合,1.0,0.027374112875971614
GRU 混合,1.0,0.02738336713995943
GRU 混合,1.0,0.027392627663172135
GRU 混合,1.0,0.02740189445196211
GRU 混合,1.0,0.027411167512690356
GRU 混合,1.0,0.02742044685172647
GRU 混合,1.0,0.027429732475448696
GRU 混合,1.0,0.027439024390243903
GRU 混合,1.0,0.027448322602507624
GRU 混合,1.0,0.02745762711864407
GRU 混合,1.0,0.027466937945066123
GRU 混合,1.0,0.027476255088195387
GRU 混合,1.0,0.027485578554462164
GRU 混合,1.0,0.0274949083503055
GRU 混合,1.0,0.027504244482173174
GRU 混合,1.0,0.02751358695652174
GRU 混合,1.0,0.027522935779816515
GRU 混合,1.0,0.027532290958531613
GRU 混合,1.0,0.02754165249914995
GRU 混合,1.0,0.027551020408163266
GRU 混合,1.0,0.027560394692072134
GRU 混合,1.0,0.027569775357385976
GRU 混合,1.0,0.027579162410623085
GRU 混合,1.0,0.027588555858310628
GRU 混合,1.0,0.02759795570698467
GRU 混合,1.0,0.027607361963190184
GRU 混合,1.0,0.027616774633481077
GRU 混合,1.0,0.02762619372442019
GRU 混合,1.0,0.027635619242579325
GRU 混合,1.0,0.02764505119453925
GRU 混合,1.0,0.027654489586889725
GRU 混合,1.0,0.027663934426229508
GRU 混合,1.0,0.02767338571916638
GRU 混合,1.0,0.027682843472317156
GRU 混合,1.0,0.027692307692307693
GRU 混合,1.0,0.027701778385772913
GRU 混合,1.0,0.027711255559356825
GRU 混合,1.0,0.027720739219712527
GRU 混合,1.0,0.027730229373502224
GRU 混合,1.0,0.02773972602739726
GRU 混合,1.0,0.02774922918807811
GRU 混合,1.0,0.027758738862234407
GRU 混合,1.0,0.027768255056564963
GRU 混合,1.0,0.027777777777777776
GRU 混合,1.0,0.027787307032590053
GRU 混合,1.0,0.027796842827728208
GRU 混合,1.0,0.027806385169927908
GRU 混合,1.0,0.027815934065934064
GRU 混合,1.0,0.02782548952250086
GRU 混合,1.0,0.027835051546391754
GRU 混合,1.0,0.027844620144379512
GRU 混合,1.0,0.027854195323246216
GRU 混合,1.0,0.02786377708978328
GRU 混合,1.0,0.027873365450791467
GRU 混合,1.0,0.027882960413080894
GRU 混合,1.0,0.027892561983471075
GRU 混合,1.0,0.027902170168790905
GRU 混合,1.0,0.027911784975878703
GRU 混合,1.0,0.027921406411582212
GRU 混合,1.0,0.02793103448275862
GRU 混合,1.0,0.027940669196274578
GRU 混合,1.0,0.027950310559006212
GRU 混合,1.0,0.027959958577839145
GRU 混合,1.0,0.02796961325966851
GRU 混合,1.0,0.027979274611398965
GRU 混合,1.0,0.027988942639944715
GRU 混合,1.0,0.02799861735222952
GRU 混合,1.0,0.028008298755186723
GRU 混合,1.0,0.028017986855759253
GRU 混合,1.0,0.028027681660899653
GRU 混合,1.0,0.028037383177570093
GRU 混合,1.0,0.02804709141274238
GRU 混合,1.0,0.02805680637339799
GRU 混合,1.0,0.028066528066528068
GRU 混合,1.0,0.028076256499133447
GRU 混合,1.0,0.02808599167822469
GRU 混合,1.0,0.02809573361082206
GRU 混合,1.0,0.028105482303955587
GRU 混合,1.0,0.028115237764665048
GRU 混合,1.0,0.028125
GRU 混合,1.0,0.0281347690170198
GRU 混合,1.0,0.028144544822793608
GRU 混合,1.0,0.028154327424400417
GRU 混合,1.0,0.028164116828929067
GRU 混合,1.0,0.02817391304347826
GRU 混合,1.0,0.028183716075156576
GRU 混合,1.0,0.028193525931082493
GRU 混合,1.0,0.028203342618384402
GRU 混合,1.0,0.02821316614420063
GRU 混合,1.0,0.028222996515679444
GRU 混合,1.0,0.028232833739979087
GRU 混合,1.0,0.028242677824267783
GRU 混合,1.0,0.02825252877572375
GRU 混合,1.0,0.028262386601535242
GRU 混合,1.0,0.028272251308900525
GRU 混合,1.0,0.028282122905027934
GRU 混合,1.0,0.02829200139713587
GRU 混合,1.0,0.02830188679245283
GRU 混合,1.0,0.028311779098217405
GRU 混合,1.0,0.028321678321678322
GRU 混合,1.0,0.02833158447009444
GRU 混合,1.0,0.02834149755073478
GRU 混合,1.0,0.028351417570878543
GRU 混合,1.0,0.028361344537815126
GRU 混合,1.0,0.028371278458844133
GRU 混合,1.0,0.028381219341275403
GRU 混合,1.0,0.028391167192429023
GRU 混合,1.0,0.028401122019635343
GRU 混合,1.0,0.028411083830235006
GRU 混合,1.0,0.028421052631578948
GRU 混合,1.0,0.028431028431028432
GRU 混合,1.0,0.028441011235955056
GRU 混合,1.0,0.02845100105374078
GRU 混合,1.0,0.028460997891777935
GRU 混合,1.0,0.028471001757469243
GRU 混合,1.0,0.028481012658227847
GRU 混合,1.0,0.028491030601477313
GRU 混合,1.0,0.028501055594651655
GRU 混合,1.0,0.028511087645195353
GRU 混合,1.0,0.02852112676056338
GRU 混合,1.0,0.028531172948221203
GRU 混合,1.0,0.02854122621564482
GRU 混合,1.0,0.02855128657032076
GRU 混合,1.0,0.028561354019746122
GRU 混合,1.0,0.02857142857142857
GRU 混合,1.0,0.02858151023288638
GRU 混合,1.0,0.028591599011648428
GRU 混合,1.0,0.028601694915254237
GRU 混合,1.0,0.028611797951253973
GRU 混合,1.0,0.02862190812720848
GRU 混合,1.0,0.02863202545068929
GRU 混合,1.0,0.028642149929278642
GRU 混合,1.0,0.02865228157056951
GRU 混合,1.0,0.028662420382165606
GRU 混合,1.0,0.028672566371681415
GRU 混合,1.0,0.02868271954674221
GRU 混合,1.0,0.028692879914984058
GRU 混合,1.0,0.028703047484053862
GRU 混合,1.0,0.02871322226160936
GRU 混合,1.0,0.02872340425531915
GRU 混合,1.0,0.028733593472862716
GRU 混合,1.0,0.028743789921930447
GRU 混合,1.0,0.02875399361022364
GRU 混合,1.0,0.028764204545454544
GRU 混合,1.0,0.028774422735346358
GRU 混合,1.0,0.028784648187633263
GRU 混合,1.0,0.028794880910060435
GRU 混合,1.0,0.028805120910384067
GRU 混合,1.0,0.0288153681963714
GRU 混合,1.0,0.02882562277580071
GRU 混合,1.0,0.028835884656461374
GRU 混合,1.0,0.028846153846153848
GRU 混合,1.0,0.028856430352689703
GRU 混合,1.0,0.02886671418389166
GRU 混合,1.0,0.028877005347593583
GRU 混合,1.0,0.028887303851640515
GRU 混合,1.0,0.02889760970388869
GRU 混合,1.0,0.028907922912205567
GRU 混合,1.0,0.028918243484469832
GRU 混合,1.0,0.02892857142857143
GRU 混合,1.0,0.028938906752411574
GRU 混合,1.0,0.028949249463902788
GRU 混合,1.0,0.028959599570968896
GRU 混合,1.0,0.028969957081545063
GRU 混合,1.0,0.028980322003577818
GRU 混合,1.0,0.028990694345025055
GRU 混合,1.0,0.02900107411385607
GRU 混合,1.0,0.029011461318051577
GRU 混合,1.0,0.029021855965603725
GRU 混合,1.0,0.02903225806451613
GRU 混合,1.0,0.029042667622803872
GRU 混合,1.0,0.029053084648493543
GRU 混合,1.0,0.02906350914962325
GRU 混合,1.0,0.02907394113424264
GRU 混合,1.0,0.029084380610412925
GRU 混合,1.0,0.029094827586206896
GRU 混合,1.0,0.029105282069708947
GRU 混合,1.0,0.029115744069015098
GRU 混合,1.0,0.02912621359223301
GRU 混合,1.0,0.029136690647482016
GRU 混合,1.0,0.029147175242893127
GRU 混合,1.0,0.029157667386609073
GRU 混合,1.0,0.0291681670867843
GRU 混合,1.0,0.029178674351585013
GRU 混合,1.0,0.02918918918918919
GRU 混合,1.0,0.029199711607786588
GRU 混合,1.0,0.029210241615578794
GRU 混合,1.0,0.02922077922077922
GRU 混合,1.0,0.029231324431613137
GRU 混合,1.0,0.02924187725631769
GRU 混合,1.0,0.02925243770314193
GRU 混合,1.0,0.02926300578034682
GRU 混合,1.0,0.029273581496205278
GRU 混合,1.0,0.02928416485900217
GRU 混合,1.0,0.029294755877034357
GRU 混合,1.0,0.02930535455861071
GRU 混合,1.0,0.029315960912052116
GRU 混合,1.0,0.029326574945691526
GRU 混合,1.0,0.02933719666787396
GRU 混合,1.0,0.029347826086956522
GRU 混合,1.0,0.029358463211308444
GRU 混合,1.0,0.029369108049311095
GRU 混合,1.0,0.029379760609358
GRU 混合,1.0,0.02939042089985486
GRU 混合,1.0,0.0294010889292196
GRU 混合,1.0,0.029411764705882353
GRU 混合,1.0,0.029422448238285506
GRU 混合,1.0,0.02943313953488372
GRU 混合,1.0,0.029443838604143947
GRU 混合,1.0,0.029454545454545455
GRU 混合,1.0,0.029465260094579847
GRU 混合,1.0,0.02947598253275109
GRU 混合,1.0,0.029486712777575537
GRU 混合,1.0,0.029497450837581936
GRU 混合,1.0,0.029508196721311476
GRU 混合,1.0,0.029518950437317785
GRU 混合,1.0,0.02952971199416697
GRU 混合,1.0,0.02954048140043764
GRU 混合,1.0,0.029551258664720904
GRU 混合,1.0,0.029562043795620437
GRU 混合,1.0,0.029572836801752465
GRU 混合,1.0,0.0295836376917458
GRU 混合,1.0,0.02959444647424187
GRU 混合,1.0,0.029605263157894735
GRU 混合,1.0,0.029616087751371114
GRU 混合,1.0,0.0296269202633504
GRU 混合,1.0,0.029637760702524697
GRU 混合,1.0,0.02964860907759883
GRU 混合,1.0,0.02965946539729037
GRU 混合,1.0,0.02967032967032967
GRU 混合,1.0,0.029681201905459875
GRU 混合,1.0,0.02969208211143695
GRU 混合,1.0,0.0297029702970297
GRU 混合,1.0,0.02971386647101981
GRU 混合,1.0,0.029724770642201834
GRU 混合,1.0,0.02973568281938326
GRU 混合,1.0,0.0297466030113845
GRU 混合,1.0,0.029757531227038943
GRU 混合,1.0,0.029768467475192944
GRU 混合,1.0,0.02977941176470588
GRU 混合,1.0,0.029790364104450167
GRU 混合,1.0,0.029801324503311258
GRU 混合,1.0,0.02981229297018771
GRU 混合,1.0,0.029823269513991165
GRU 混合,1.0,0.02983425414364641
GRU 混合,1.0,0.02984524686809138
GRU 混合,1.0,0.029856247696277184
GRU 混合,1.0,0.029867256637168143
GRU 混合,1.0,0.029878273699741793
GRU 混合,1.0,0.02988929889298893
GRU 混合,1.0,0.029900332225913623
GRU 混合,1.0,0.029911373707533235
GRU 混合,1.0,0.029922423346878464
GRU 混合,1.0,0.02993348115299335
GRU 混合,1.0,0.029944547134935304
GRU 混合,1.0,0.029955621301775148
GRU 混合,1.0,0.029966703662597113
GRU 混合,1.0,0.02997779422649889
GRU 混合,1.0,0.029988893002591634
GRU 混合,1.0,0.03
GRU 混合,1.0,0.03001111522786217
GRU 混合,1.0,0.030022238695329873
GRU 混合,1.0,0.030033370411568408
GRU 混合,1.0,0.030044510385756677
GRU 混合,1.0,0.030055658627087197
GRU 混合,1.0,0.030066815144766147
GRU 混合,1.0,0.030077979948013367
GRU 混合,1.0,0.030089153046062408
GRU 混合,1.0,0.030100334448160536
GRU 混合,1.0,0.030111524163568774
GRU 混合,1.0,0.030122722201561918
GRU 混合,1.0,0.030133928571428572
GRU 混合,1.0,0.030145143282471157
GRU 混合,1.0,0.030156366344005956
GRU 混合,1.0,0.030167597765363128
GRU 混合,1.0,0.030178837555886736
GRU 混合,1.0,0.030190085724934774
GRU 混合,1.0,0.030201342281879196
GRU 混合,1.0,0.03021260723610593
GRU 混合,1.0,0.030223880597014925
GRU 混合,1.0,0.030235162374020158
GRU 混合,1.0,0.030246452576549662
GRU 混合,1.0,0.030257751214045572
GRU 混合,1.0,0.030269058295964126
GRU 混合,1.0,0.0302803738317757
GRU 混合,1.0,0.03029169783096485
GRU 混合,1.0,0.030303030303030304
GRU 混合,1.0,0.03031437125748503
GRU 混合,1.0,0.030325720703856234
GRU 混合,1.0,0.030337078651685393
GRU 混合,1.0,0.030348445110528286
GRU 混合,1.0,0.030359820089955022
GRU 混合,1.0,0.030371203599550055
GRU 混合,1.0,0.030382595648912228
GRU 混合,1.0,0.030393996247654785
GRU 混合,1.0,0.030405405405405407
GRU 混合,1.0,0.030416823131806235
GRU 混合,1.0,0.0304282494365139
GRU 混合,1.0,0.030439684329199548
GRU 混合,1.0,0.03045112781954887
GRU 混合,1.0,0.030462579917262127
GRU 混合,1.0,0.030474040632054177
GRU 混合,1.0,0.030485509973654498
GRU 混合,1.0,0.03049698795180723
GRU 混合,1.0,0.030508474576271188
GRU 混合,1.0,0.030519969856819894
GRU 混合,1.0,0.030531473803241612
GRU 混合,1.0,0.030542986425339366
GRU 混合,1.0,0.03055450773293097
GRU 混合,1.0,0.030566037735849056
GRU 混合,1.0,0.030577576443941108
GRU 混合,1.0,0.030589123867069485
GRU 混合,1.0,0.03060068001511145
GRU 混合,1.0,0.030612244897959183
GRU 混合,1.0,0.03062381852551985
GRU 混合,1.0,0.030635400907715583
GRU 混合,1.0,0.03064699205448354
GRU 混合,1.0,0.030658591975775928
GRU 混合,1.0,0.030670200681560015
GRU 混合,1.0,0.03068181818181818
GRU 混合,1.0,0.030693444486547934
GRU 混合,1.0,0.03070507960576194
GRU 混合,1.0,0.030716723549488054
GRU 混合,1.0,0.030728376327769348
GRU 混合,1.0,0.030740037950664136
GRU 混合,1.0,0.030751708428246014
GRU 混合,1.0,0.030763387770603876
GRU 混合,1.0,0.030775075987841946
GRU 混合,1.0,0.03078677309007982
GRU 混合,1.0,0.030798479087452472
GRU 混合,1.0,0.03081019399011031
GRU 混合,1.0,0.030821917808219176
GRU 混合,1.0,0.030833650551960412
GRU 混合,1.0,0.030845392231530846
GRU 混合,1.0,0.030857142857142857
GRU 混合,1.0,0.03086890243902439
GRU 混合,1.0,0.030880670987418986
GRU 混合,1.0,0.030892448512585814
GRU 混合,1.0,0.030904235024799696
GRU 混合,1.0,0.030916030534351144
GRU 混合,1.0,0.030927835051546393
GRU 混合,1.0,0.030939648586707412
GRU 混合,1.0,0.030951471150171952
GRU 混合,1.0,0.03096330275229358
GRU 混合,1.0,0.030975143403441683
GRU 混合,1.0,0.03098699311400153
GRU 混合,1.0,0.030998851894374284
GRU 混合,1.0,0.031010719754977028
GRU 混合,1.0,0.031022596706242817
GRU 混合,1.0,0.03103448275862069
GRU 混合,1.0,0.0310463779225757
GRU 混合,1.0,0.031058282208588958
GRU 混合,1.0,0.031070195627157654
GRU 混合,1.0,0.03108211818879509
GRU 混合,1.0,0.03109404990403071
GRU 混合,1.0,0.03110599078341014
GRU 混合,1.0,0.0311179408374952
GRU 混合,1.0,0.03112990007686395
GRU 混合,1.0,0.031141868512110725
GRU 混合,1.0,0.031153846153846153
GRU 混合,1.0,0.03116583301269719
GRU 混合,1.0,0.03117782909930716
GRU 混合,1.0,0.03118983442433577
GRU 混合,1.0,0.031201848998459167
GRU 混合,1.0,0.03121387283236994
GRU 混合,1.0,0.03122590593677718
GRU 混合,1.0,0.031237948322406478
GRU 混合,1.0,0.03125
GRU 混合,1.0,0.03126206098031648
GRU 混合,1.0,0.03127413127413128
GRU 混合,1.0,0.031286210892236384
GRU 混合,1.0,0.0312982998454405
GRU 混合,1.0,0.031310398144569
GRU 混合,1.0,0.031322505800464036
GRU 混合,1.0,0.031334622823984526
GRU 混合,1.0,0.03134674922600619
GRU 混合,1.0,0.0313588850174216
GRU 混合,1.0,0.0313710302091402
GRU 混合,1.0,0.031383184812088336
GRU 混合,1.0,0.031395348837209305
GRU 混合,1.0,0.031407522295463355
GRU 混合,1.0,0.031419705197827774
GRU 混合,1.0,0.03143189755529686
GRU 混合,1.0,0.031444099378881984
GRU 混合,1.0,0.03145631067961165
GRU 混合,1.0,0.03146853146853147
GRU 混合,1.0,0.03148076175670424
GRU 混合,1.0,0.031493001555209954
GRU 混合,1.0,0.03150525087514586
GRU 混合,1.0,0.03151750972762646
GRU 混合,1.0,0.031529778123783575
GRU 混合,1.0,0.03154205607476635
GRU 混合,1.0,0.031554343591741335
GRU 混合,1.0,0.03156664068589244
GRU 混合,1.0,0.031578947368421054
GRU 混合,1.0,0.03159126365054602
GRU 混合,1.0,0.03160358954350371
GRU 混合,1.0,0.03161592505854801
GRU 混合,1.0,0.03162827020695041
GRU 混合,1.0,0.031640625
GRU 混合,1.0,0.031652989449003514
GRU 混合,1.0,0.031665363565285376
GRU 混合,1.0,0.03167774736018772
GRU 混合,1.0,0.03169014084507042
GRU 混合,1.0,0.031702544031311154
GRU 混合,1.0,0.031714956930305405
GRU 混合,1.0,0.03172737955346651
GRU 混合,1.0,0.031739811912225704
GRU 混合,1.0,0.031752254018032146
GRU 混合,1.0,0.03176470588235294
GRU 混合,1.0,0.031777167516673206
GRU 混合,1.0,0.031789638932496075
GRU 混合,1.0,0.03180212014134275
GRU 混合,1.0,0.03181461115475255
GRU 混合,1.0,0.03182711198428291
GRU 混合,1.0,0.031839622641509434
GRU 混合,1.0,0.03185214313802595
GRU 混合,1.0,0.031864673485444535
GRU 混合,1.0,0.031877213695395513
GRU 混合,1.0,0.03188976377952756
GRU 混合,1.0,0.03190232374950768
GRU 混合,1.0,0.031914893617021274
GRU 混合,1.0,0.03192747339377217
GRU 混合,1.0,0.03194006309148265
GRU 混合,1.0,0.03195266272189349
GRU 混合,1.0,0.03196527229676401
GRU 混合,1.0,0.03197789182787209
GRU 混合,1.0,0.031990521327014215
GRU 混合,1.0,0.03200316080600553
GRU 混合,1.0,0.032015810276679844
GRU 混合,1.0,0.03202846975088968
GRU 混合,1.0,0.032041139240506326
GRU 混合,1.0,0.03205381875741987
GRU 混合,1.0,0.032066508313539195
GRU 混合,1.0,0.03207920792079208
GRU 混合,1.0,0.032091917591125195
GRU 混合,1.0,0.03210463733650416
GRU 混合,1.0,0.03211736716891356
GRU 混合,1.0,0.032130107100357
GRU 混合,1.0,0.03214285714285714
GRU 混合,1.0,0.03215561730845574
GRU 混合,1.0,0.03216838760921366
GRU 混合,1.0,0.03218116805721097
GRU 混合,1.0,0.0321939586645469
GRU 混合,1.0,0.03220675944333996
GRU 混合,1.0,0.032219570405727926
GRU 混合,1.0,0.03223239156386789
GRU 混合,1.0,0.032245222929936306
GRU 混合,1.0,0.03225806451612903
GRU 混合,1.0,0.03227091633466136
GRU 混合,1.0,0.03228377839776803
GRU 混合,1.0,0.03229665071770335
GRU 混合,1.0,0.03230953330674113
GRU 混合,1.0,0.03232242617717478
GRU 混合,1.0,0.032335329341317366
GRU 混合,1.0,0.032348242811501594
GRU 混合,1.0,0.032361166600079906
GRU 混合,1.0,0.03237410071942446
GRU 混合,1.0,0.032387045181927226
GRU 混合,1.0,0.0324
GRU 混合,1.0,0.03241296518607443
GRU 混合,1.0,0.03242594075260208
GRU 混合,1.0,0.032438926712054464
GRU 混合,1.0,0.03245192307692308
GRU 混合,1.0,0.03246492985971944
GRU 混合,1.0,0.03247794707297514
GRU 混合,1.0,0.032490974729241874
GRU 混合,1.0,0.032504012841091494
GRU 混合,1.0,0.03251706142111602
GRU 混合,1.0,0.03253012048192771
GRU 混合,1.0,0.0325431900361591
GRU 混合,1.0,0.03255627009646302
GRU 混合,1.0,0.032569360675512665
GRU 混合,1.0,0.03258246178600161
GRU 混合,1.0,0.032595573440643864
GRU 混合,1.0,0.03260869565217391
GRU 混合,1.0,0.03262182843334676
GRU 混合,1.0,0.03263497179693795
GRU 混合,1.0,0.032648125755743655
GRU 混合,1.0,0.032661290322580645
GRU 混合,1.0,0.0326744655102864
GRU 混合,1.0,0.03268765133171913
GRU 混合,1.0,0.03270084779975777
GRU 混合,1.0,0.0327140549273021
GRU 混合,0.9876543209876543,0.03232323232323232
GRU 混合,0.9876543209876543,0.03233629749393695
GRU 混合,0.9876543209876543,0.03234937323089365
GRU 混合,0.9876543209876543,0.032362459546925564
GRU 混合,0.9876543209876543,0.03237555645487657
GRU 混合,0.9876543209876543,0.032388663967611336
GRU 混合,0.9876543209876543,0.03240178209801539
GRU 混合,0.9876543209876543,0.03241491085899514
GRU 混合,0.9876543209876543,0.032428050263477906
GRU 混合,0.9876543209876543,0.032441200324412
GRU 混合,0.9876543209876543,0.032454361054766734
GRU 混合,0.9876543209876543,0.032467532467532464
GRU 混合,0.9876543209876543,0.032480714575720666
GRU 混合,0.9876543209876543,0.03249390739236393
GRU 混合,0.9876543209876543,0.03250711093051605
GRU 混合,0.9876543209876543,0.032520325203252036
GRU 混合,0.9876543209876543,0.032533550223668155
GRU 混合,0.9876543209876543,0.03254678600488202
GRU 混合,0.9876543209876543,0.03256003256003256
GRU 混合,0.9876543209876543,0.03257328990228013
GRU 混合,0.9876543209876543,0.032586558044806514
GRU 混合,0.9876543209876543,0.032599837000814993
GRU 混合,0.9876543209876543,0.03261312678353037
GRU 混合,0.9876543209876543,0.03262642740619902
GRU 混合,0.9876543209876543,0.032639738882088945
GRU 混合,0.9876543209876543,0.0326530612244898
GRU 混合,0.9876543209876543,0.032666394446712946
GRU 混合,0.9876543209876543,0.032679738562091505
GRU 混合,0.9876543209876543,0.032693093583980384
GRU 混合,0.9876543209876543,0.032706459525756335
GRU 混合,0.9876543209876543,0.032719836400818
GRU 混合,0.9876543209876543,0.03273322422258593
GRU 混合,0.9876543209876543,0.03274662300450266
GRU 混合,0.9876543209876543,0.03276003276003276
GRU 混合,0.9876543209876543,0.03277345350266284
GRU 混合,0.9876543209876543,0.03278688524590164
GRU 混合,0.9876543209876543,0.03280032800328003
GRU 混合,0.9876543209876543,0.03281378178835111
GRU 混合,0.9876543209876543,0.03282724661469019
GRU 混合,0.9876543209876543,0.03284072249589491
GRU 混合,0.9876543209876543,0.03285420944558522
GRU 混合,0.9876543209876543,0.03286770747740345
GRU 混合,0.9876543209876543,0.032881216605014384
GRU 混合,0.9876543209876543,0.03289473684210526
GRU 混合,0.9876543209876543,0.03290826820238585
GRU 混合,0.9876543209876543,0.03292181069958848
GRU 混合,0.9876543209876543,0.03293536434746809
GRU 混合,0.9876543209876543,0.032948929159802305
GRU 混合,0.9876543209876543,0.03296250515039143
GRU 混合,0.9876543209876543,0.03297609233305853
GRU 混合,0.9876543209876543,0.032989690721649485
GRU 混合,0.9876543209876543,0.033003300330033
GRU 混合,0.9876543209876543,0.0330169211721007
GRU 混合,0.9876543209876543,0.03303055326176713
GRU 混合,0.9876543209876543,0.033044196612969846
GRU 混合,0.9876543209876543,0.03305785123966942
GRU 混合,0.9876543209876543,0.03307151715584952
GRU 混合,0.9876543209876543,0.033085194375516956
GRU 混合,0.9876543209876543,0.033098882912701695
GRU 混合,0.9876543209876543,0.033112582781456956
GRU 混合,0.9876543209876543,0.033126293995859216
GRU 混合,0.9876543209876543,0.033140016570008285
GRU 混合,0.9876543209876543,0.03315375051802735
GRU 混合,0.9876543209876543,0.03316749585406302
GRU 混合,0.9876543209876543,0.03318125259228536
GRU 混合,0.9876543209876543,0.03319502074688797
GRU 混合,0.9876543209876543,0.033208800332088007
GRU 混合,0.9876543209876543,0.03322259136212625
GRU 混合,0.9876543209876543,0.033236393851267136
GRU 混合,0.9876543209876543,0.03325020781379884
GRU 混合,0.9876543209876543,0.033264033264033266
GRU 混合,0.9876543209876543,0.033277870216306155
GRU 混合,0.9876543209876543,0.033291718684977115
GRU 混合,0.9876543209876543,0.03330557868442964
GRU 混合,0.9876543209876543,0.03331945022907122
GRU 混合,0.9876543209876543,0.03333333333333333
GRU 混合,0.9876543209876543,0.03334722801167153
GRU 混合,0.9876543209876543,0.03336113427856547
GRU 混合,0.9876543209876543,0.033375052148518984
GRU 混合,0.9876543209876543,0.0333889816360601
GRU 混合,0.9876543209876543,0.033402922755741124
GRU 混合,0.9876543209876543,0.03341687552213868
GRU 混合,0.9876543209876543,0.03343083994985374
GRU 混合,0.9876543209876543,0.033444816053511704
GRU 混合,0.9876543209876543,0.033458803847762446
GRU 混合,0.9876543209876543,0.03347280334728033
GRU 混合,0.9876543209876543,0.033486814566764334
GRU 混合,0.9876543209876543,0.03350083752093802
GRU 混合,0.9876543209876543,0.033514872224549644
GRU 混合,0.9876543209876543,0.03352891869237217
GRU 混合,0.9876543209876543,0.033542976939203356
GRU 混合,0.9876543209876543,0.03355704697986577
GRU 混合,0.9876543209876543,0.03357112882920688
GRU 混合,0.9876543209876543,0.033585222502099076
GRU 混合,0.9876543209876543,0.03359932801343973
GRU 混合,0.9876543209876543,0.03361344537815126
GRU 混合,0.9876543209876543,0.03362757461118117
GRU 混合,0.9876543209876543,0.0336417157275021
GRU 混合,0.9876543209876543,0.033655868742111905
GRU 混合,0.9876543209876543,0.03367003367003367
GRU 混合,0.9876543209876543,0.03368421052631579
GRU 混合,0.9876543209876543,0.03369839932603201
GRU 混合,0.9876543209876543,0.0337126000842815
GRU 混合,0.9876543209876543,0.03372681281618887
GRU 混合,0.9876543209876543,0.03374103753690426
GRU 混合,0.9876543209876543,0.03375527426160337
GRU 混合,0.9876543209876543,0.03376952300548755
GRU 混合,0.9876543209876543,0.033783783783783786
GRU 混合,0.9876543209876543,0.03379805661174482
GRU 混合,0.9876543209876543,0.0338123415046492
GRU 混合,0.9876543209876543,0.03382663847780127
GRU 混合,0.9876543209876543,0.0338409475465313
GRU 混合,0.9876543209876543,0.033855268726195514
GRU 混合,0.9876543209876543,0.03386960203217612
GRU 混合,0.9876543209876543,0.0338839474798814
GRU 混合,0.9876543209876543,0.03389830508474576
GRU 混合,0.9876543209876543,0.03391267486222976
GRU 混合,0.9876543209876543,0.033927056827820185
GRU 混合,0.9876543209876543,0.03394145099703012
GRU 混合,0.9876543209876543,0.03395585738539898
GRU 混合,0.9876543209876543,0.03397027600849257
GRU 混合,0.9876543209876543,0.033984706881903144
GRU 混合,0.9876543209876543,0.033999150021249466
GRU 混合,0.9876543209876543,0.034013605442176874
GRU 混合,0.9876543209876543,0.034028073160357296
GRU 混合,0.9876543209876543,0.03404255319148936
GRU 混合,0.9876543209876543,0.034057045551298425
GRU 混合,0.9876543209876543,0.034071550255536626
GRU 混合,0.9876543209876543,0.034086067319982954
GRU 混合,0.9876543209876543,0.03410059676044331
GRU 混合,0.9876543209876543,0.03411513859275053
GRU 混合,0.9876543209876543,0.034129692832764506
GRU 混合,0.9876543209876543,0.034144259496372176
GRU 混合,0.9876543209876543,0.034158838599487616
GRU 混合,0.9876543209876543,0.03417343015805212
GRU 混合,0.9876543209876543,0.03418803418803419
GRU 混合,0.9876543209876543,0.034202650705429674
GRU 混合,0.9876543209876543,0.03421727972626176
GRU 混合,0.9876543209876543,0.03423192126658109
GRU 混合,0.9876543209876543,0.03424657534246575
GRU 混合,0.9876543209876543,0.034261241970021415
GRU 混合,0.9876543209876543,0.03427592116538132
GRU 混合,0.9876543209876543,0.03429061294470639
GRU 混合,0.9876543209876543,0.03430531732418525
GRU 混合,0.9876543209876543,0.03432003432003432
GRU 混合,0.9876543209876543,0.034334763948497854
GRU 混合,0.9876543209876543,0.034349506225848
GRU 混合,0.9876543209876543,0.03436426116838488
GRU 混合,0.9876543209876543,0.034379028792436615
GRU 混合,0.9876543209876543,0.034393809114359415
GRU 混合,0.9876543209876543,0.034408602150537634
GRU 混合,0.9876543209876543,0.03442340791738382
GRU 混合,0.9876543209876543,0.034438226431338786
GRU 混合,0.9876543209876543,0.034453057708871665
GRU 混合,0.9876543209876543,0.034467901766479965
GRU 混合,0.9876543209876543,0.034482758620689655
GRU 混合,0.9876543209876543,0.03449762828805519
GRU 混合,0.9876543209876543,0.03451251078515962
GRU 混合,0.9876543209876543,0.03452740612861459
GRU 混合,0.9876543209876543,0.03454231433506045
GRU 混合,0.9876543209876543,0.03455723542116631
GRU 混合,0.9876543209876543,0.03457216940363008
GRU 混合,0.9876543209876543,0.03458711629917856
GRU 混合,0.9876543209876543,0.03460207612456748
GRU 混合,0.9876543209876543,0.03461704889658156
GRU 混合,0.9876543209876543,0.03463203463203463
GRU 混合,0.9876543209876543,0.0346470333477696
GRU 混合,0.9876543209876543,0.03466204506065858
GRU 混合,0.9876543209876543,0.034677069787602946
GRU 混合,0.9876543209876543,0.03469210754553339
GRU 混合,0.9876543209876543,0.03470715835140998
GRU 混合,0.9876543209876543,0.034722222222222224
GRU 混合,0.9876543209876543,0.03473729917498915
GRU 混合,0.9876543209876543,0.03475238922675934
GRU 混合,0.9876543209876543,0.034767492394611035
GRU 混合,0.9876543209876543,0.034782608695652174
GRU 混合,0.9876543209876543,0.034797738147020446
GRU 混合,0.9876543209876543,0.034812880765883375
GRU 混合,0.9876543209876543,0.0348280365694384
GRU 混合,0.9876543209876543,0.03484320557491289
GRU 混合,0.9876543209876543,0.034858387799564274
GRU 混合,0.9876543209876543,0.03487358326068003
GRU 混合,0.9876543209876543,0.03488879197557784
GRU 混合,0.9876543209876543,0.034904013961605584
GRU 混合,0.9876543209876543,0.034919249236141425
GRU 混合,0.9876543209876543,0.034934497816593885
GRU 混合,0.9876543209876543,0.03494975972040192
GRU 混合,0.9876543209876543,0.03496503496503497
GRU 混合,0.9876543209876543,0.034980323567993
GRU 混合,0.9876543209876543,0.03499562554680665
GRU 混合,0.9876543209876543,0.0350109409190372
GRU 混合,0.9876543209876543,0.03502626970227671
GRU 混合,0.9876543209876543,0.03504161191414805
GRU 混合,0.9876543209876543,0.035056967572304996
GRU 混合,0.9876543209876543,0.035072336694432264
GRU 混合,0.9876543209876543,0.03508771929824561
GRU 混合,0.9876543209876543,0.035103115401491886
GRU 混合,0.9876543209876543,0.03511852502194908
GRU 混合,0.9876543209876543,0.03513394817742644
GRU 混合,0.9876543209876543,0.0351493848857645
GRU 混合,0.9876543209876543,0.035164835164835165
GRU 混合,0.9876543209876543,0.03518029903254178
GRU 混合,0.9876543209876543,0.03519577650681918
GRU 混合,0.9876543209876543,0.035211267605633804
GRU 混合,0.9876543209876543,0.03522677234698371
GRU 混合,0.9876543209876543,0.03524229074889868
GRU 混合,0.9876543209876543,0.03525782282944028
GRU 混合,0.9876543209876543,0.03527336860670194
GRU 混合,0.9876543209876543,0.035288928098809
GRU 混合,0.9876543209876543,0.0353045013239188
GRU 混合,0.9876543209876543,0.03532008830022075
GRU 混合,0.9876543209876543,0.0353356890459364
GRU 混合,0.9876543209876543,0.03535130357931949
GRU 混合,0.9876543209876543,0.03536693191865606
GRU 混合,0.9876543209876543,0.03538257408226449
GRU 混合,0.9876543209876543,0.035398230088495575
GRU 混合,0.9876543209876543,0.035413899955732624
GRU 混合,0.9876543209876543,0.0354295837023915
GRU 混合,0.9876543209876543,0.03544528134692069
GRU 混合,0.9876543209876543,0.03546099290780142
GRU 混合,0.9876543209876543,0.03547671840354767
GRU 混合,0.9876543209876543,0.0354924578527063
GRU 混合,0.9876543209876543,0.03550821127385708
GRU 混合,0.9876543209876543,0.035523978685612786
GRU 混合,0.9876543209876543,0.03553976010661928
GRU 混合,0.9876543209876543,0.035555555555555556
GRU 混合,0.9876543209876543,0.035571365051133834
GRU 混合,0.9876543209876543,0.03558718861209965
GRU 混合,0.9876543209876543,0.035603026257231864
GRU 混合,0.9876543209876543,0.03561887800534283
GRU 混合,0.9876543209876543,0.035634743875278395
GRU 混合,0.9876543209876543,0.035650623885918005
GRU 混合,0.9876543209876543,0.03566651805617477
GRU 混合,0.9876543209876543,0.03568242640499554
GRU 混合,0.9876543209876543,0.035698348951361
GRU 混合,0.9876543209876543,0.03571428571428571
GRU 混合,0.9876543209876543,0.03573023671281822
GRU 混合,0.9876543209876543,0.035746201966041107
GRU 混合,0.9876543209876543,0.035762181493071074
GRU 混合,0.9876543209876543,0.03577817531305903
GRU 混合,0.9876543209876543,0.035794183445190156
GRU 混合,0.9876543209876543,0.03581020590868397
GRU 混合,0.9876543209876543,0.035826242722794444
GRU 混合,0.9876543209876543,0.035842293906810034
GRU 混合,0.9876543209876543,0.03585835948005379
GRU 混合,0.9876543209876543,0.03587443946188341
GRU 混合,0.9876543209876543,0.03589053387169134
GRU 混合,0.9876543209876543,0.03590664272890485
GRU 混合,0.9876543209876543,0.03592276605298608
GRU 混合,0.9876543209876543,0.03593890386343217
GRU 混合,0.9876543209876543,0.035955056179775284
GRU 混合,0.9876543209876543,0.03597122302158273
GRU 混合,0.9876543209876543,0.03598740440845704
GRU 混合,0.9876543209876543,0.036003600360036005
GRU 混合,0.9876543209876543,0.03601981089599279
GRU 混合,0.9876543209876543,0.036036036036036036
GRU 混合,0.9876543209876543,0.03605227579990987
GRU 混合,0.9876543209876543,0.03606853020739405
GRU 混合,0.9876543209876543,0.03608479927830401
GRU 混合,0.9876543209876543,0.036101083032490974
GRU 混合,0.9876543209876543,0.03611738148984198
GRU 混合,0.9876543209876543,0.036133694670280034
GRU 混合,0.9876543209876543,0.03615002259376412
GRU 混合,0.9876543209876543,0.03616636528028933
GRU 混合,0.9876543209876543,0.03618272274988693
GRU 混合,0.9876543209876543,0.03619909502262444
GRU 混合,0.9876543209876543,0.0362154821186057
GRU 混合,0.9876543209876543,0.036231884057971016
GRU 混合,0.9876543209876543,0.03624830086089714
GRU 混合,0.9876543209876543,0.03626473254759746
GRU 混合,0.9876543209876543,0.036281179138321996
GRU 混合,0.9876543209876543,0.036297640653357534
GRU 混合,0.9876543209876543,0.03631411711302769
GRU 混合,0.9876543209876543,0.03633060853769301
GRU 混合,0.9876543209876543,0.03634711494775102
GRU 混合,0.9876543209876543,0.03636363636363636
GRU 混合,0.9876543209876543,0.03638017280582083
GRU 混合,0.9876543209876543,0.036396724294813464
GRU 混合,0.9876543209876543,0.03641329085116067
GRU 混合,0.9876543209876543,0.03642987249544627
GRU 混合,0.9876543209876543,0.03644646924829157
GRU 混合,0.9876543209876543,0.03646308113035551
GRU 混合,0.9876543209876543,0.0364797081623347
GRU 混合,0.9876543209876543,0.0364963503649635
GRU 混合,0.9876543209876543,0.03651300775901415
GRU 混合,0.9876543209876543,0.0365296803652968
GRU 混合,0.9876543209876543,0.03654636820465966
GRU 混合,0.9876543209876543,0.03656307129798903
GRU 混合,0.9876543209876543,0.03657978966620942
GRU 混合,0.9876543209876543,0.036596523330283626
GRU 混合,0.9876543209876543,0.036613272311212815
GRU 混合,0.9876543209876543,0.03663003663003663
GRU 混合,0.9876543209876543,0.03664681630783326
GRU 混合,0.9876543209876543,0.03666361136571952
GRU 混合,0.9876543209876543,0.036680421824850984
GRU 混合,0.9876543209876543,0.03669724770642202
GRU 混合,0.9876543209876543,0.036714089031665904
GRU 混合,0.9876543209876543,0.03673094582185491
GRU 混合,0.9876543209876543,0.03674781809830041
GRU 混合,0.9876543209876543,0.03676470588235294
GRU 混合,0.9876543209876543,0.0367816091954023
GRU 混合,0.9876543209876543,0.03679852805887764
GRU 混合,0.9876543209876543,0.03681546249424758
GRU 混合,0.9876543209876543,0.03683241252302026
GRU 混合,0.9876543209876543,0.036849378166743434
GRU 混合,0.9876543209876543,0.03686635944700461
GRU 混合,0.9876543209876543,0.036883356385431075
GRU 混合,0.9876543209876543,0.03690036900369004
GRU 混合,0.9876543209876543,0.03691739732348869
GRU 混合,0.9876543209876543,0.03693444136657433
GRU 混合,0.9876543209876543,0.03695150115473441
GRU 混合,0.9876543209876543,0.036968576709796676
GRU 混合,0.9876543209876543,0.03698566805362922
GRU 混合,0.9876543209876543,0.03700277520814061
GRU 混合,0.9876543209876543,0.03701989819527996
GRU 混合,0.9876543209876543,0.037037037037037035
GRU 混合,0.9876543209876543,0.037054191755442334
GRU 混合,0.9876543209876543,0.03707136237256719
GRU 混合,0.9876543209876543,0.03708854891052388
GRU 混合,0.9876543209876543,0.03710575139146568
GRU 混合,0.9876543209876543,0.037122969837587005
GRU 混合,0.9876543209876543,0.03714020427112349
GRU 混合,0.9876543209876543,0.03715745471435207
GRU 混合,0.9876543209876543,0.03717472118959108
GRU 混合,0.9876543209876543,0.037192003719200374
GRU 混合,0.9876543209876543,0.037209302325581395
GRU 混合,0.9876543209876543,0.03722661703117729
GRU 混合,0.9876543209876543,0.037243947858473
GRU 混合,0.9876543209876543,0.037261294829995344
GRU 混合,0.9876543209876543,0.03727865796831314
GRU 混合,0.9876543209876543,0.037296037296037296
GRU 混合,0.9876543209876543,0.03731343283582089
GRU 混合,0.9876543209876543,0.03733084461035931
GRU 混合,0.9876543209876543,0.03734827264239029
GRU 混合,0.9876543209876543,0.03736571695469407
GRU 混合,0.9876543209876543,0.037383177570093455
GRU 混合,0.9876543209876543,0.03740065451145395
GRU 混合,0.9876543209876543,0.037418147801683815
GRU 混合,0.9876543209876543,0.03743565746373421
GRU 混合,0.9876543209876543,0.03745318352059925
GRU 混合,0.9876543209876543,0.03747072599531616
GRU 混合,0.9876543209876543,0.03748828491096532
GRU 混合,0.9876543209876543,0.03750586029067042
GRU 混合,0.9876543209876543,0.0375234521575985
GRU 混合,0.9876543209876543,0.03754106053496011
GRU 混合,0.9876543209876543,0.03755868544600939
GRU 混合,0.9876543209876543,0.03757632691404415
GRU 混合,0.9876543209876543,0.03759398496240601
GRU 混合,0.9876543209876543,0.037611659614480486
GRU 混合,0.9876543209876543,0.03762935089369708
GRU 混合,0.9876543209876543,0.03764705882352941
GRU 混合,0.9876543209876543,0.03766478342749529
GRU 混合,0.9876543209876543,0.037682524729156855
GRU 混合,0.9876543209876543,0.03770028275212064
GRU 混合,0.9876543209876543,0.03771805752003772
GRU 混合,0.9876543209876543,0.03773584905660377
GRU 混合,0.9876543209876543,0.037753657385559226
GRU 混合,0.9876543209876543,0.03777148253068933
GRU 混合,0.9876543209876543,0.03778932451582428
GRU 混合,0.9876543209876543,0.03780718336483932
GRU 混合,0.9876543209876543,0.037825059101654845
GRU 混合,0.9876543209876543,0.03784295175023652
GRU 混合,0.9876543209876543,0.03786086133459536
GRU 混合,0.9876543209876543,0.03787878787878788
GRU 混合,0.9876543209876543,0.037896731406916156
GRU 混合,0.9876543209876543,0.037914691943127965
GRU 混合,0.9876543209876543,0.03793266951161688
GRU 混合,0.9876543209876543,0.03795066413662239
GRU 混合,0.9876543209876543,0.037968675842429994
GRU 混合,0.9876543209876543,0.03798670465337132
GRU 混合,0.9876543209876543,0.03800475059382423
GRU 混合,0.9876543209876543,0.03802281368821293
GRU 混合,0.9876543209876543,0.038040893961008085
GRU 混合,0.9876543209876543,0.038058991436726926
GRU 混合,0.9876543209876543,0.03807710613993336
GRU 混合,0.9876543209876543,0.0380952380952381
GRU 混合,0.9876543209876543,0.038113387327298714
GRU 混合,0.9876543209876543,0.03813155386081983
GRU 混合,0.9876543209876543,0.03814973772055317
GRU 混合,0.9876543209876543,0.03816793893129771
GRU 混合,0.9876543209876543,0.03818615751789976
GRU 混合,0.9876543209876543,0.038204393505253106
GRU 混合,0.9876543209876543,0.038222646918299095
GRU 混合,0.9876543209876543,0.03824091778202677
GRU 混合,0.9876543209876543,0.03825920612147298
GRU 混合,0.9876543209876543,0.03827751196172249
GRU 混合,0.9876543209876543,0.03829583532790809
GRU 混合,0.9753086419753086,0.037835249042145594
GRU 混合,0.9753086419753086,0.03785337805462386
GRU 混合,0.9753086419753086,0.03787152444870566
GRU 混合,0.9753086419753086,0.03788968824940048
GRU 混合,0.9753086419753086,0.03790786948176583
GRU 混合,0.9753086419753086,0.037926068170907344
GRU 混合,0.9753086419753086,0.037944284341978864
GRU 混合,0.9753086419753086,0.037962518020182606
GRU 混合,0.9753086419753086,0.03798076923076923
GRU 混合,0.9753086419753086,0.037999037999038
GRU 混合,0.9753086419753086,0.03801732435033686
GRU 混合,0.9753086419753086,0.03803562831006259
GRU 混合,0.9753086419753086,0.038053949903660886
GRU 混合,0.9753086419753086,0.038072289156626506
GRU 混合,0.9753086419753086,0.038090646094503376
GRU 混合,0.9753086419753086,0.038109020742884706
GRU 混合,0.9753086419753086,0.03812741312741313
GRU 混合,0.9753086419753086,0.038145823273780785
GRU 混合,0.9753086419753086,0.03816425120772947
GRU 混合,0.9753086419753086,0.03818269695505075
GRU 混合,0.9753086419753086,0.03820116054158607
GRU 混合,0.9753086419753086,0.0382196419932269
GRU 混合,0.9753086419753086,0.03823814133591481
GRU 混合,0.9753086419753086,0.038256658595641646
GRU 混合,0.9753086419753086,0.03827519379844961
GRU 混合,0.9753086419753086,0.03829374697043141
GRU 混合,0.9753086419753086,0.03831231813773036
GRU 混合,0.9753086419753086,0.038330907326540514
GRU 混合,0.9753086419753086,0.0383495145631068
GRU 混合,0.9753086419753086,0.03836813987372511
GRU 混合,0.9753086419753086,0.038386783284742466
GRU 混合,0.9753086419753086,0.038405444822557123
GRU 混合,0.9753086419753086,0.03842412451361868
GRU 混合,0.9753086419753086,0.03844282238442823
GRU 混合,0.9753086419753086,0.038461538461538464
GRU 混合,0.9753086419753086,0.038480272771553824
GRU 混合,0.9753086419753086,0.0384990253411306
GRU 混合,0.9753086419753086,0.03851779619697709
GRU 混合,0.9753086419753086,0.03853658536585366
GRU 混合,0.9753086419753086,0.038555392874572963
GRU 混合,0.9753086419753086,0.03857421875
GRU 混合,0.9753086419753086,0.03859306301905227
GRU 混合,0.9753086419753086,0.0386119257086999
GRU 混合,0.9753086419753086,0.03863080684596577
GRU 混合,0.9753086419753086,0.038649706457925634
GRU 混合,0.9753086419753086,0.03866862457170827
GRU 混合,0.9753086419753086,0.03868756121449559
GRU 混合,0.9753086419753086,0.03870651641352278
GRU 混合,0.9753086419753086,0.03872549019607843
GRU 混合,0.9753086419753086,0.03874448258950466
GRU 混合,0.9753086419753086,0.03876349362119725
GRU 混合,0.9753086419753086,0.038782523318605794
GRU 混合,0.9753086419753086,0.03880157170923379
GRU 混合,0.9753086419753086,0.03882063882063882
GRU 混合,0.9753086419753086,0.03883972468043265
GRU 混合,0.9753086419753086,0.03885882931628136
GRU 混合,0.9753086419753086,0.03887795275590551
GRU 混合,0.9753086419753086,0.038897095027080254
GRU 混合,0.9753086419753086,0.03891625615763547
GRU 混合,0.9753086419753086,0.03893543617545589
GRU 混合,0.9753086419753086,0.03895463510848126
GRU 混合,0.9753086419753086,0.038973852984706465
GRU 混合,0.9753086419753086,0.03899308983218164
GRU 混合,0.9753086419753086,0.03901234567901234
GRU 混合,0.9753086419753086,0.03903162055335968
GRU 混合,0.9753086419753086,0.03905091448344043
GRU 混合,0.9753086419753086,0.0390702274975272
GRU 混合,0.9753086419753086,0.03908955962394854
GRU 混合,0.9753086419753086,0.03910891089108911
GRU 混合,0.9753086419753086,0.0391282813273898
GRU 混合,0.9753086419753086,0.03914767096134787
GRU 混合,0.9753086419753086,0.039167079821517105
GRU 混合,0.9753086419753086,0.039186507936507936
GRU 混合,0.9753086419753086,0.039205955334987594
GRU 混合,0.9753086419753086,0.03922542204568024
GRU 混合,0.9753086419753086,0.039244908097367116
GRU 混合,0.9753086419753086,0.03926441351888668
GRU 混合,0.9753086419753086,0.03928393833913476
GRU 混合,0.9753086419753086,0.039303482587064675
GRU 混合,0.9753086419753086,0.039323046291687404
GRU 混合,0.9753086419753086,0.03934262948207171
GRU 混合,0.9753086419753086,0.0393622321873443
GRU 混合,0.9753086419753086,0.03938185443668993
GRU 混合,0.9753086419753086,0.03940149625935162
GRU 混合,0.9753086419753086,0.03942115768463074
GRU 混合,0.9753086419753086,0.03944083874188717
GRU 混合,0.9753086419753086,0.039460539460539464
GRU 混合,0.9753086419753086,0.03948025987006497
GRU 混合,0.9753086419753086,0.0395
GRU 混合,0.9753086419753086,0.03951975987993997
GRU 混合,0.9753086419753086,0.03953953953953954
GRU 混合,0.9753086419753086,0.039559339008512766
GRU 混合,0.9753086419753086,0.039579158316633264
GRU 混合,0.9753086419753086,0.039598997493734335
GRU 混合,0.9753086419753086,0.03961885656970913
GRU 混合,0.9753086419753086,0.03963873557451079
GRU 混合,0.9753086419753086,0.03965863453815261
GRU 混合,0.9753086419753086,0.03967855349070819
GRU 混合,0.9753086419753086,0.03969849246231156
GRU 混合,0.9753086419753086,0.03971845148315736
GRU 混合,0.9753086419753086,0.039738430583501
GRU 混合,0.9753086419753086,0.03975842979365878
GRU 混合,0.9753086419753086,0.039778449144008056
GRU 混合,0.9753086419753086,0.039798488664987405
GRU 混合,0.9753086419753086,0.039818548387096774
GRU 混合,0.9753086419753086,0.03983862834089763
GRU 混合,0.9753086419753086,0.03985872855701312
GRU 混合,0.9753086419753086,0.039878849066128215
GRU 混合,0.9753086419753086,0.0398989898989899
GRU 混合,0.9753086419753086,0.03991915108640728
GRU 混合,0.9753086419753086,0.03993933265925177
GRU 混合,0.9753086419753086,0.03995953464845726
GRU 混合,0.9753086419753086,0.039979757085020245
GRU 混合,0.9753086419753086,0.04
GRU 混合,0.9753086419753086,0.04002026342451875
GRU 混合,0.9753086419753086,0.04004054738976178
GRU 混合,0.9753086419753086,0.04006085192697769
GRU 混合,0.9753086419753086,0.040081177067478435
GRU 混合,0.9753086419753086,0.04010152284263959
GRU 混合,0.9753086419753086,0.04012188928390046
GRU 混合,0.9753086419753086,0.04014227642276423
GRU 混合,0.9753086419753086,0.04016268429079817
GRU 混合,0.9753086419753086,0.04018311291963377
GRU 混合,0.9753086419753086,0.04020356234096692
GRU 混合,0.9753086419753086,0.040224032586558045
GRU 混合,0.9753086419753086,0.040244523688232295
GRU 混合,0.9753086419753086,0.040265035677879715
GRU 混合,0.9753086419753086,0.04028556858745538
GRU 混合,0.9753086419753086,0.04030612244897959
GRU 混合,0.9753086419753086,0.04032669729453803
GRU 混合,0.9753086419753086,0.04034729315628192
GRU 混合,0.9753086419753086,0.0403679100664282
GRU 混合,0.9753086419753086,0.040388548057259714
GRU 混合,0.9753086419753086,0.04040920716112532
GRU 混合,0.9753086419753086,0.040429887410440124
GRU 混合,0.9753086419753086,0.04045058883768561
GRU 混合,0.9753086419753086,0.04047131147540984
GRU 混合,0.9753086419753086,0.040492055356227574
GRU 混合,0.9753086419753086,0.04051282051282051
GRU 混合,0.9753086419753086,0.040533606977937404
GRU 混合,0.9753086419753086,0.04055441478439425
GRU 混合,0.9753086419753086,0.040575243965074476
GRU 混合,0.9753086419753086,0.040596094552929084
GRU 混合,0.9753086419753086,0.04061696658097686
GRU 混合,0.9753086419753086,0.04063786008230453
GRU 混合,0.9753086419753086,0.040658775090066906
GRU 混合,0.9753086419753086,0.040679711637487126
GRU 混合,0.9753086419753086,0.04070066975785677
GRU 混合,0.9753086419753086,0.040721649484536084
GRU 混合,0.9753086419753086,0.0407426508509541
GRU 混合,0.9753086419753086,0.04076367389060888
GRU 混合,0.9753086419753086,0.04078471863706763
GRU 混合,0.9753086419753086,0.040805785123966945
GRU 混合,0.9753086419753086,0.04082687338501292
GRU 混合,0.9753086419753086,0.040847983453981385
GRU 混合,0.9753086419753086,0.04086911536471805
GRU 混合,0.9753086419753086,0.04089026915113872
GRU 混合,0.9753086419753086,0.04091144484722942
GRU 混合,0.9753086419753086,0.04093264248704663
GRU 混合,0.9753086419753086,0.04095386210471747
GRU 混合,0.9753086419753086,0.040975103734439834
GRU 混合,0.9753086419753086,0.04099636741048261
GRU 混合,0.9753086419753086,0.04101765316718588
GRU 混合,0.9753086419753086,0.04103896103896104
GRU 混合,0.9753086419753086,0.04106029106029106
GRU 混合,0.9753086419753086,0.041081643265730626
GRU 混合,0.9753086419753086,0.041103017689906346
GRU 混合,0.9753086419753086,0.04112441436751692
GRU 混合,0.9753086419753086,0.04114583333333333
GRU 混合,0.9753086419753086,0.04116727462219906
GRU 混合,0.9753086419753086,0.04118873826903024
GRU 混合,0.9753086419753086,0.04121022430881586
GRU 混合,0.9753086419753086,0.04123173277661795
GRU 混合,0.9753086419753086,0.0412532637075718
GRU 混合,0.9753086419753086,0.041274817136886105
GRU 混合,0.9753086419753086,0.041296393099843176
GRU 混合,0.9753086419753086,0.04131799163179916
GRU 混合,0.9753086419753086,0.041339612768184195
GRU 混合,0.9753086419753086,0.041361256544502616
GRU 混合,0.9753086419753086,0.04138292299633316
GRU 混合,0.9753086419753086,0.04140461215932914
GRU 混合,0.9753086419753086,0.041426324069218666
GRU 混合,0.9753086419753086,0.041448058761804824
GRU 混合,0.9753086419753086,0.04146981627296588
GRU 混合,0.9753086419753086,0.04149159663865546
GRU 混合,0.9753086419753086,0.04151339989490278
GRU 混合,0.9753086419753086,0.04153522607781283
GRU 混合,0.9753086419753086,0.041557075223566546
GRU 混合,0.9753086419753086,0.041578947368421056
GRU 混合,0.9753086419753086,0.04160084254870985
GRU 混合,0.9753086419753086,0.04162276080084299
GRU 混合,0.9753086419753086,0.04164470216130733
GRU 混合,0.9753086419753086,0.041666666666666664
GRU 混合,0.9753086419753086,0.041688654353562005
GRU 混合,0.9753086419753086,0.04171066525871172
GRU 混合,0.9629629629629629,0.04120443740095087
GRU 混合,0.9629629629629629,0.0412262156448203
GRU 混合,0.9629629629629629,0.041248016922263354
GRU 混合,0.9629629629629629,0.04126984126984127
GRU 混合,0.9629629629629629,0.04129168872419269
GRU 混合,0.9629629629629629,0.0413135593220339
GRU 混合,0.9629629629629629,0.04133545310015898
GRU 混合,0.9629629629629629,0.041357370095440084
GRU 混合,0.9629629629629629,0.041379310344827586
GRU 混合,0.9629629629629629,0.041401273885350316
GRU 混合,0.9629629629629629,0.04142326075411577
GRU 混合,0.9629629629629629,0.04144527098831031
GRU 混合,0.9629629629629629,0.04146730462519936
GRU 混合,0.9629629629629629,0.04148936170212766
GRU 混合,0.9629629629629629,0.041511442256519426
GRU 混合,0.9629629629629629,0.04153354632587859
GRU 混合,0.9629629629629629,0.04155567394778902
GRU 混合,0.9629629629629629,0.04157782515991471
GRU 混合,0.9629629629629629,0.0416
GRU 混合,0.9629629629629629,0.0416221985058698
GRU 混合,0.9629629629629629,0.04164442071542979
GRU 混合,0.9629629629629629,0.041666666666666664
GRU 混合,0.9629629629629629,0.04168893639764832
GRU 混合,0.9629629629629629,0.04171122994652406
GRU 混合,0.9629629629629629,0.04173354735152488
GRU 混合,0.9629629629629629,0.0417558886509636
GRU 混合,0.9629629629629629,0.04177825388323514
GRU 混合,0.9629629629629629,0.04180064308681672
GRU 混合,0.9629629629629629,0.0418230563002681
GRU 混合,0.9629629629629629,0.04184549356223176
GRU 混合,0.9629629629629629,0.04186795491143317
GRU 混合,0.9629629629629629,0.04189044038668099
GRU 混合,0.9629629629629629,0.04191295002686728
GRU 混合,0.9629629629629629,0.041935483870967745
GRU 混合,0.9629629629629629,0.04195804195804196
GRU 混合,0.9629629629629629,0.04198062432723358
GRU 混合,0.9629629629629629,0.0420032310177706
GRU 混合,0.9629629629629629,0.04202586206896552
GRU 混合,0.9629629629629629,0.042048517520215635
GRU 混合,0.9629629629629629,0.042071197411003236
GRU 混合,0.9629629629629629,0.042093901780895844
GRU 混合,0.9629629629629629,0.042116630669546434
GRU 混合,0.9629629629629629,0.04213938411669368
GRU 混合,0.9629629629629629,0.04216216216216216
GRU 混合,0.9629629629629629,0.04218496484586263
GRU 混合,0.9629629629629629,0.04220779220779221
GRU 混合,0.9629629629629629,0.04223064428803465
GRU 混合,0.9629629629629629,0.04225352112676056
GRU 混合,0.9629629629629629,0.04227642276422764
GRU 混合,0.9629629629629629,0.04229934924078091
GRU 混合,0.9629629629629629,0.042322300596852956
GRU 混合,0.9629629629629629,0.04234527687296417
GRU 混合,0.9629629629629629,0.042368278109722976
GRU 混合,0.9629629629629629,0.042391304347826085
GRU 混合,0.9629629629629629,0.04241435562805873
GRU 混合,0.9629629629629629,0.042437431991294884
GRU 混合,0.9629629629629629,0.04246053347849755
GRU 混合,0.9629629629629629,0.042483660130718956
GRU 混合,0.9629629629629629,0.04250681198910082
GRU 混合,0.9629629629629629,0.04252998909487459
GRU 混合,0.9629629629629629,0.0425531914893617
GRU 混合,0.9629629629629629,0.0425764192139738
GRU 混合,0.9629629629629629,0.042599672310213
GRU 混合,0.9629629629629629,0.04262295081967213
GRU 混合,0.9629629629629629,0.04264625478403499
GRU 混合,0.9629629629629629,0.04266958424507659
GRU 混合,0.9629629629629629,0.042692939244663386
GRU 混合,0.9629629629629629,0.04271631982475356
GRU 混合,0.9629629629629629,0.042739726027397264
GRU 混合,0.9629629629629629,0.04276315789473684
GRU 混合,0.9629629629629629,0.04278661546900713
GRU 混合,0.9629629629629629,0.042810098792535674
GRU 混合,0.9629629629629629,0.042833607907743
GRU 混合,0.9629629629629629,0.04285714285714286
GRU 混合,0.9629629629629629,0.04288070368334249
GRU 混合,0.9629629629629629,0.0429042904290429
GRU 混合,0.9629629629629629,0.04292790313703908
GRU 混合,0.9629629629629629,0.042951541850220265
GRU 混合,0.9629629629629629,0.04297520661157025
GRU 混合,0.9629629629629629,0.04299889746416759
GRU 混合,0.9629629629629629,0.04302261445118588
GRU 混合,0.9629629629629629,0.04304635761589404
GRU 混合,0.9629629629629629,0.04307012700165654
GRU 混合,0.9629629629629629,0.0430939226519337
GRU 混合,0.9629629629629629,0.04311774461028192
GRU 混合,0.9629629629629629,0.04314159292035398
GRU 混合,0.9629629629629629,0.04316546762589928
GRU 混合,0.9629629629629629,0.04318936877076412
GRU 混合,0.9629629629629629,0.043213296398891966
GRU 混合,0.9629629629629629,0.043237250554323724
GRU 混合,0.9629629629629629,0.04326123128119801
GRU 混合,0.9629629629629629,0.04328523862375139
GRU 混合,0.9629629629629629,0.043309272626318715
GRU 混合,0.9629629629629629,0.043333333333333335
GRU 混合,0.9629629629629629,0.0433574207893274
GRU 混合,0.9629629629629629,0.04338153503893215
GRU 混合,0.9629629629629629,0.04340567612687813
GRU 混合,0.9629629629629629,0.043429844097995544
GRU 混合,0.9629629629629629,0.043454038997214485
GRU 混合,0.9629629629629629,0.043478260869565216
GRU 混合,0.9629629629629629,0.04350250976017847
GRU 混合,0.9629629629629629,0.04352678571428571
GRU 混合,0.9629629629629629,0.04355108877721943
GRU 混合,0.9629629629629629,0.04357541899441341
GRU 混合,0.9629629629629629,0.043599776411403016
GRU 混合,0.9629629629629629,0.0436241610738255
GRU 混合,0.9629629629629629,0.04364857302742026
GRU 混合,0.9629629629629629,0.043673012318029114
GRU 混合,0.9629629629629629,0.043697478991596636
GRU 混合,0.9629629629629629,0.043721973094170405
GRU 混合,0.9629629629629629,0.04374649467190129
GRU 混合,0.9629629629629629,0.04377104377104377
GRU 混合,0.9629629629629629,0.043795620437956206
GRU 混合,0.9629629629629629,0.043820224719101124
GRU 混合,0.9629629629629629,0.04384485666104553
GRU 混合,0.9629629629629629,0.043869516310461196
GRU 混合,0.9629629629629629,0.04389420371412493
GRU 混合,0.9629629629629629,0.04391891891891892
GRU 混合,0.9629629629629629,0.043943661971830986
GRU 混合,0.9629629629629629,0.043968432919954906
GRU 混合,0.9629629629629629,0.043993231810490696
GRU 混合,0.9629629629629629,0.04401805869074492
GRU 混合,0.9629629629629629,0.044042913608131
GRU 混合,0.9629629629629629,0.04406779661016949
GRU 混合,0.9629629629629629,0.04409270774448841
GRU 混合,0.9629629629629629,0.04411764705882353
GRU 混合,0.9629629629629629,0.044142614601018676
GRU 混合,0.9629629629629629,0.044167610419026046
GRU 混合,0.9629629629629629,0.04419263456090652
GRU 混合,0.9629629629629629,0.04421768707482993
GRU 混合,0.9629629629629629,0.04424276800907544
GRU 混合,0.9629629629629629,0.04426787741203178
GRU 混合,0.9629629629629629,0.044293015332197615
GRU 混合,0.9629629629629629,0.04431818181818182
GRU 混合,0.9629629629629629,0.04434337691870381
GRU 混合,0.9629629629629629,0.04436860068259386
GRU 混合,0.9629629629629629,0.0443938531587934
GRU 混合,0.9629629629629629,0.04441913439635535
GRU 混合,0.9629629629629629,0.044444444444444446
GRU 混合,0.9629629629629629,0.04446978335233751
GRU 混合,0.9629629629629629,0.04449515116942385
GRU 混合,0.9629629629629629,0.04452054794520548
GRU 混合,0.9629629629629629,0.04454597372929754
GRU 混合,0.9629629629629629,0.044571428571428574
GRU 混合,0.9629629629629629,0.044596912521440824
GRU 混合,0.9629629629629629,0.04462242562929062
GRU 混合,0.9629629629629629,0.044647967945048654
GRU 混合,0.9629629629629629,0.044673539518900345
GRU 混合,0.9629629629629629,0.04469914040114613
GRU 混合,0.9629629629629629,0.04472477064220184
GRU 混合,0.9629629629629629,0.04475043029259897
GRU 混合,0.9629629629629629,0.04477611940298507
GRU 混合,0.9629629629629629,0.04480183802412407
GRU 混合,0.9629629629629629,0.04482758620689655
GRU 混合,0.9629629629629629,0.044853364002300174
GRU 混合,0.9629629629629629,0.04487917146144994
GRU 混合,0.9629629629629629,0.044905008635578586
GRU 混合,0.9629629629629629,0.044930875576036866
GRU 混合,0.9629629629629629,0.044956772334293946
GRU 混合,0.9629629629629629,0.04498269896193772
GRU 混合,0.9629629629629629,0.04500865551067513
GRU 混合,0.9629629629629629,0.04503464203233257
GRU 混合,0.9629629629629629,0.045060658578856154
GRU 混合,0.9629629629629629,0.04508670520231214
GRU 混合,0.9629629629629629,0.045112781954887216
GRU 混合,0.9629629629629629,0.04513888888888889
GRU 混合,0.9629629629629629,0.0451650260567458
GRU 混合,0.9629629629629629,0.04519119351100811
GRU 混合,0.9629629629629629,0.04521739130434783
GRU 混合,0.9629629629629629,0.04524361948955916
GRU 混合,0.9629629629629629,0.04526987811955891
GRU 混合,0.9629629629629629,0.04529616724738676
GRU 混合,0.9629629629629629,0.0453224869262057
GRU 混合,0.9629629629629629,0.04534883720930233
GRU 混合,0.9629629629629629,0.04537521815008726
GRU 混合,0.9629629629629629,0.04540162980209546
GRU 混合,0.9629629629629629,0.045428072218986607
GRU 混合,0.9629629629629629,0.045454545454545456
GRU 混合,0.9629629629629629,0.045481049562682216
GRU 混合,0.9629629629629629,0.045507584597432905
GRU 混合,0.9629629629629629,0.04553415061295972
GRU 混合,0.9629629629629629,0.0455607476635514
GRU 混合,0.9629629629629629,0.04558737580362361
GRU 混合,0.9629629629629629,0.0456140350877193
GRU 混合,0.9629629629629629,0.04564072557050907
GRU 混合,0.9629629629629629,0.04566744730679157
GRU 混合,0.9629629629629629,0.04569420035149385
GRU 混合,0.9629629629629629,0.04572098475967175
GRU 混合,0.9629629629629629,0.04574780058651026
GRU 混合,0.9629629629629629,0.045774647887323945
GRU 混合,0.9629629629629629,0.04580152671755725
GRU 混合,0.9629629629629629,0.045828437132784956
GRU 混合,0.9629629629629629,0.04585537918871252
GRU 混合,0.9629629629629629,0.04588235294117647
GRU 混合,0.9629629629629629,0.04590935844614479
GRU 混合,0.9629629629629629,0.045936395759717315
GRU 混合,0.9629629629629629,0.04596346493812611
GRU 混合,0.9629629629629629,0.045990566037735846
GRU 混合,0.9629629629629629,0.04601769911504425
GRU 混合,0.9629629629629629,0.04604486422668241
GRU 混合,0.9629629629629629,0.04607206142941524
GRU 混合,0.9629629629629629,0.04609929078014184
GRU 混合,0.9629629629629629,0.046126552335895916
GRU 混合,0.9629629629629629,0.046153846153846156
GRU 混合,0.9629629629629629,0.046181172291296625
GRU 混合,0.9629629629629629,0.0462085308056872
GRU 混合,0.9629629629629629,0.046235921754593956
GRU 混合,0.9629629629629629,0.046263345195729534
GRU 混合,0.9629629629629629,0.04629080118694362
GRU 混合,0.9629629629629629,0.04631828978622328
GRU 混合,0.9629629629629629,0.04634581105169341
GRU 混合,0.9629629629629629,0.04637336504161712
GRU 混合,0.9629629629629629,0.04640095181439619
GRU 混合,0.9629629629629629,0.04642857142857143
GRU 混合,0.9629629629629629,0.04645622394282311
GRU 混合,0.9629629629629629,0.04648390941597139
GRU 混合,0.9629629629629629,0.046511627906976744
GRU 混合,0.9629629629629629,0.046539379474940336
GRU 混合,0.9629629629629629,0.046567164179104475
GRU 混合,0.9629629629629629,0.04659498207885305
GRU 混合,0.9629629629629629,0.04662283323371189
GRU 混合,0.9629629629629629,0.04665071770334928
GRU 混合,0.9629629629629629,0.0466786355475763
GRU 混合,0.9629629629629629,0.046706586826347304
GRU 混合,0.9629629629629629,0.046734571599760334
GRU 混合,0.9629629629629629,0.046762589928057555
GRU 混合,0.9629629629629629,0.046790641871625675
GRU 混合,0.9629629629629629,0.0468187274909964
GRU 混合,0.9629629629629629,0.04684684684684685
GRU 混合,0.9629629629629629,0.046875
GRU 混合,0.9629629629629629,0.04690318701142514
GRU 混合,0.9629629629629629,0.04693140794223827
GRU 混合,0.9629629629629629,0.04695966285370259
GRU 混合,0.9629629629629629,0.046987951807228916
GRU 混合,0.9629629629629629,0.04701627486437613
GRU 混合,0.9629629629629629,0.047044632086851626
GRU 混合,0.9629629629629629,0.04707302353651177
GRU 混合,0.9629629629629629,0.04710144927536232
GRU 混合,0.9629629629629629,0.047129909365558914
GRU 混合,0.9629629629629629,0.0471584038694075
GRU 混合,0.9629629629629629,0.047186932849364795
GRU 混合,0.9629629629629629,0.04721549636803874
GRU 混合,0.9506172839506173,0.04663840096910963
GRU 混合,0.9506172839506173,0.04666666666666667
GRU 混合,0.9506172839506173,0.046694966646452396
GRU 混合,0.9506172839506173,0.046723300970873786
GRU 混合,0.9506172839506173,0.046751669702489375
GRU 混合,0.9506172839506173,0.04678007290400972
GRU 混合,0.9506172839506173,0.04680851063829787
GRU 混合,0.9506172839506173,0.04683698296836983
GRU 混合,0.9506172839506173,0.04686548995739501
GRU 混合,0.9506172839506173,0.04689403166869671
GRU 混合,0.9506172839506173,0.04692260816575259
GRU 混合,0.9506172839506173,0.04695121951219512
GRU 混合,0.9506172839506173,0.04697986577181208
GRU 混合,0.9506172839506173,0.04700854700854701
GRU 混合,0.9506172839506173,0.047037263286499695
GRU 混合,0.9506172839506173,0.04706601466992665
GRU 混合,0.9506172839506173,0.04709480122324159
GRU 混合,0.9506172839506173,0.047123623011015914
GRU 混合,0.9506172839506173,0.04715248009797918
GRU 混合,0.9506172839506173,0.04718137254901961
GRU 混合,0.9506172839506173,0.04721030042918455
GRU 混合,0.9506172839506173,0.04723926380368098
GRU 混合,0.9506172839506173,0.047268262737875995
GRU 混合,0.9506172839506173,0.0472972972972973
GRU 混合,0.9382716049382716,0.04671173939766441
GRU 混合,0.9382716049382716,0.046740467404674045
GRU 混合,0.9382716049382716,0.04676923076923077
GRU 混合,0.9382716049382716,0.046798029556650245
GRU 混合,0.9382716049382716,0.04682686383240912
GRU 混合,0.9382716049382716,0.0468557336621455
GRU 混合,0.9382716049382716,0.04688463911165947
GRU 混合,0.9382716049382716,0.04691358024691358
GRU 混合,0.9382716049382716,0.04694255713403336
GRU 混合,0.9382716049382716,0.04697156983930779
GRU 混合,0.9382716049382716,0.04700061842918986
GRU 混合,0.9382716049382716,0.04702970297029703
GRU 混合,0.9382716049382716,0.047058823529411764
GRU 混合,0.9382716049382716,0.04708798017348203
GRU 混合,0.9382716049382716,0.047117172969621826
GRU 混合,0.9382716049382716,0.04714640198511166
GRU 混合,0.9382716049382716,0.04717566728739913
GRU 混合,0.9382716049382716,0.04720496894409938
GRU 混合,0.9382716049382716,0.04723430702299565
GRU 混合,0.9382716049382716,0.0472636815920398
GRU 混合,0.9382716049382716,0.04729309271935283
GRU 混合,0.9382716049382716,0.047322540473225407
GRU 混合,0.9382716049382716,0.04735202492211838
GRU 混合,0.9382716049382716,0.04738154613466334
GRU 混合,0.9382716049382716,0.047411104179663134
GRU 混合,0.9382716049382716,0.04744069912609238
GRU 混合,0.9382716049382716,0.047470331043098064
GRU 混合,0.9382716049382716,0.0475
GRU 混合,0.9382716049382716,0.047529706066291436
GRU 混合,0.9382716049382716,0.04755944931163955
GRU 混合,0.9382716049382716,0.047589229805886035
GRU 混合,0.9382716049382716,0.047619047619047616
GRU 混合,0.9382716049382716,0.04764890282131661
GRU 混合,0.9382716049382716,0.04767879548306148
GRU 混合,0.9382716049382716,0.04770872567482737
GRU 混合,0.9382716049382716,0.04773869346733668
GRU 混合,0.9382716049382716,0.04776869893148963
GRU 混合,0.9382716049382716,0.04779874213836478
GRU 混合,0.9382716049382716,0.04782882315921964
GRU 混合,0.9382716049382716,0.04785894206549118
GRU 混合,0.9382716049382716,0.04788909892879647
GRU 混合,0.9382716049382716,0.04791929382093316
GRU 混合,0.9382716049382716,0.04794952681388013
GRU 混合,0.9382716049382716,0.047979797979797977
GRU 混合,0.9382716049382716,0.04801010739102969
GRU 混合,0.9382716049382716,0.04804045512010114
GRU 混合,0.9382716049382716,0.0480708412397217
GRU 混合,0.9382716049382716,0.04810126582278481
GRU 混合,0.9382716049382716,0.048131728942368585
GRU 混合,0.9382716049382716,0.048162230671736375
GRU 混合,0.9382716049382716,0.04819277108433735
GRU 混合,0.9382716049382716,0.048223350253807105
GRU 混合,0.9382716049382716,0.04825396825396826
GRU 混合,0.9382716049382716,0.048284625158831
GRU 混合,0.9382716049382716,0.04831532104259377
GRU 混合,0.9382716049382716,0.04834605597964377
GRU 混合,0.9382716049382716,0.0483768300445576
GRU 混合,0.9382716049382716,0.048407643312101914
GRU 混合,0.9382716049382716,0.04843849585723391
GRU 混合,0.9382716049382716,0.04846938775510204
GRU 混合,0.9382716049382716,0.048500319081046586
GRU 混合,0.9382716049382716,0.04853128991060025
GRU 混合,0.9382716049382716,0.04856230031948882
GRU 混合,0.9382716049382716,0.04859335038363171
GRU 混合,0.9382716049382716,0.04862444017914268
GRU 混合,0.9382716049382716,0.04865556978233035
GRU 混合,0.9382716049382716,0.04868673926969891
GRU 混合,0.9382716049382716,0.04871794871794872
GRU 混合,0.9382716049382716,0.048749198203976905
GRU 混合,0.9382716049382716,0.04878048780487805
GRU 混合,0.9382716049382716,0.048811817597944764
GRU 混合,0.9382716049382716,0.04884318766066838
GRU 混合,0.9382716049382716,0.04887459807073955
GRU 混合,0.9382716049382716,0.0489060489060489
GRU 混合,0.9382716049382716,0.0489375402446877
GRU 混合,0.9382716049382716,0.04896907216494845
GRU 混合,0.9382716049382716,0.049000644745325596
GRU 混合,0.9382716049382716,0.04903225806451613
GRU 混合,0.9382716049382716,0.04906391220142027
GRU 混合,0.9382716049382716,0.04909560723514212
GRU 混合,0.9382716049382716,0.0491273432449903
GRU 混合,0.9382716049382716,0.04915912031047866
GRU 混合,0.9382716049382716,0.04919093851132686
GRU 混合,0.9382716049382716,0.04922279792746114
GRU 混合,0.9382716049382716,0.0492546986390149
GRU 混合,0.9382716049382716,0.04928664072632944
GRU 混合,0.9382716049382716,0.04931862426995458
GRU 混合,0.9382716049382716,0.04935064935064935
GRU 混合,0.9382716049382716,0.04938271604938271
GRU 混合,0.9382716049382716,0.0494148244473342
GRU 混合,0.9382716049382716,0.0494469746258946
GRU 混合,0.9382716049382716,0.049479166666666664
GRU 混合,0.9382716049382716,0.049511400651465795
GRU 混合,0.9382716049382716,0.04954367666232073
GRU 混合,0.9382716049382716,0.04957599478147423
GRU 混合,0.9382716049382716,0.04960835509138381
GRU 混合,0.9382716049382716,0.049640757674722404
GRU 混合,0.9382716049382716,0.04967320261437908
GRU 混合,0.9382716049382716,0.04970568999345978
GRU 混合,0.9382716049382716,0.049738219895287955
GRU 混合,0.9382716049382716,0.04977079240340537
GRU 混合,0.9382716049382716,0.04980340760157274
GRU 混合,0.9382716049382716,0.049836065573770495
GRU 混合,0.9382716049382716,0.049868766404199474
GRU 混合,0.9382716049382716,0.04990151017728168
GRU 混合,0.9382716049382716,0.04993429697766097
GRU 混合,0.9382716049382716,0.049967126890203814
GRU 混合,0.9382716049382716,0.05
GRU 混合,0.9382716049382716,0.050032916392363395
GRU 混合,0.9382716049382716,0.05006587615283267
GRU 混合,0.9382716049382716,0.05009887936717205
GRU 混合,0.9382716049382716,0.05013192612137203
GRU 混合,0.9382716049382716,0.050165016501650166
GRU 混合,0.9382716049382716,0.05019815059445178
GRU 混合,0.9382716049382716,0.05023132848645076
GRU 混合,0.9382716049382716,0.05026455026455026
GRU 混合,0.9382716049382716,0.05029781601588352
GRU 混合,0.9382716049382716,0.05033112582781457
GRU 混合,0.9382716049382716,0.05036447978793903
GRU 混合,0.9382716049382716,0.050397877984084884
GRU 混合,0.9382716049382716,0.050431320504313204
GRU 混合,0.9382716049382716,0.05046480743691899
GRU 混合,0.9382716049382716,0.0504983388704319
GRU 混合,0.9382716049382716,0.05053191489361702
GRU 混合,0.9382716049382716,0.05056553559547571
GRU 混合,0.9382716049382716,0.05059920106524634
GRU 混合,0.9382716049382716,0.05063291139240506
GRU 混合,0.9382716049382716,0.050666666666666665
GRU 混合,0.9382716049382716,0.050700466977985324
GRU 混合,0.9382716049382716,0.050734312416555405
GRU 混合,0.9382716049382716,0.05076820307281229
GRU 混合,0.9382716049382716,0.05080213903743316
GRU 混合,0.9382716049382716,0.050836120401337795
GRU 混合,0.9382716049382716,0.050870147255689425
GRU 混合,0.9382716049382716,0.050904219691895514
GRU 混合,0.9382716049382716,0.05093833780160858
GRU 混合,0.9382716049382716,0.05097250167672703
GRU 混合,0.9382716049382716,0.05100671140939597
GRU 混合,0.9382716049382716,0.05104096709200806
GRU 混合,0.9382716049382716,0.051075268817204304
GRU 混合,0.9382716049382716,0.05110961667787491
GRU 混合,0.9382716049382716,0.05114401076716016
GRU 混合,0.9382716049382716,0.05117845117845118
GRU 混合,0.9382716049382716,0.05121293800539083
GRU 混合,0.9382716049382716,0.05124747134187458
GRU 混合,0.9382716049382716,0.05128205128205128
GRU 混合,0.9382716049382716,0.05131667792032411
GRU 混合,0.9382716049382716,0.051351351351351354
GRU 混合,0.9382716049382716,0.05138607167004733
GRU 混合,0.9382716049382716,0.05142083897158322
GRU 混合,0.9382716049382716,0.05145565335138795
GRU 混合,0.9382716049382716,0.051490514905149054
GRU 混合,0.9382716049382716,0.05152542372881356
GRU 混合,0.9382716049382716,0.051560379918588875
GRU 混合,0.9382716049382716,0.051595383570943655
GRU 混合,0.9382716049382716,0.051630434782608696
GRU 混合,0.9382716049382716,0.05166553365057784
GRU 混合,0.9382716049382716,0.05170068027210884
GRU 混合,0.9382716049382716,0.051735874744724304
GRU 混合,0.9382716049382716,0.051771117166212535
GRU 混合,0.9382716049382716,0.051806407634628494
GRU 混合,0.9382716049382716,0.05184174624829468
GRU 混合,0.9382716049382716,0.05187713310580205
GRU 混合,0.9382716049382716,0.05191256830601093
GRU 混合,0.9382716049382716,0.05194805194805195
GRU 混合,0.9382716049382716,0.05198358413132695
GRU 混合,0.9382716049382716,0.05201916495550993
GRU 混合,0.9382716049382716,0.052054794520547946
GRU 混合,0.9382716049382716,0.0520904729266621
GRU 混合,0.9382716049382716,0.05212620027434842
GRU 混合,0.9382716049382716,0.05216197666437886
GRU 混合,0.9382716049382716,0.0521978021978022
GRU 混合,0.9382716049382716,0.05223367697594502
GRU 混合,0.9382716049382716,0.052269601100412656
GRU 混合,0.9382716049382716,0.05230557467309016
GRU 混合,0.9382716049382716,0.05234159779614325
GRU 混合,0.9382716049382716,0.052377670572019294
GRU 混合,0.9382716049382716,0.05241379310344828
GRU 混合,0.9382716049382716,0.05244996549344375
GRU 混合,0.9382716049382716,0.052486187845303865
GRU 混合,0.9382716049382716,0.0525224602626123
GRU 混合,0.9382716049382716,0.05255878284923928
GRU 混合,0.9382716049382716,0.05259515570934256
GRU 混合,0.9382716049382716,0.05263157894736842
GRU 混合,0.9382716049382716,0.05266805266805267
GRU 混合,0.9382716049382716,0.052704576976421634
GRU 混合,0.9382716049382716,0.0527411519777932
GRU 混合,0.9382716049382716,0.05277777777777778
GRU 混合,0.9382716049382716,0.05281445448227936
GRU 混合,0.9382716049382716,0.05285118219749652
GRU 混合,0.9382716049382716,0.05288796102992345
GRU 混合,0.9382716049382716,0.052924791086350974
GRU 混合,0.9382716049382716,0.0529616724738676
GRU 混合,0.9382716049382716,0.05299860529986053
GRU 混合,0.9382716049382716,0.05303558967201675
GRU 混合,0.9382716049382716,0.05307262569832402
GRU 混合,0.9382716049382716,0.053109713487071976
GRU 混合,0.9382716049382716,0.05314685314685315
GRU 混合,0.9382716049382716,0.05318404478656403
GRU 混合,0.9382716049382716,0.05322128851540616
GRU 混合,0.9382716049382716,0.053258584442887176
GRU 混合,0.9382716049382716,0.05329593267882188
GRU 混合,0.9382716049382716,0.05333333333333334
GRU 混合,0.9382716049382716,0.05337078651685393
GRU 混合,0.9382716049382716,0.05340829234012649
GRU 混合,0.9382716049382716,0.053445850914205346
GRU 混合,0.9382716049382716,0.05348346235045742
GRU 混合,0.9382716049382716,0.05352112676056338
GRU 混合,0.9382716049382716,0.053558844256518676
GRU 混合,0.9382716049382716,0.0535966149506347
GRU 混合,0.9382716049382716,0.053634438955539876
GRU 混合,0.9382716049382716,0.05367231638418079
GRU 混合,0.9382716049382716,0.05371024734982332
GRU 混合,0.9382716049382716,0.05374823196605375
GRU 混合,0.9382716049382716,0.0537862703467799
GRU 混合,0.9382716049382716,0.053824362606232294
GRU 混合,0.9382716049382716,0.05386250885896527
GRU 混合,0.9382716049382716,0.05390070921985816
GRU 混合,0.9382716049382716,0.0539389638041164
GRU 混合,0.9382716049382716,0.05397727272727273
GRU 混合,0.9382716049382716,0.05401563610518834
GRU 混合,0.9382716049382716,0.05405405405405406
GRU 混合,0.9259259259259259,0.05338078291814947
GRU 混合,0.9259259259259259,0.053418803418803416
GRU 混合,0.9259259259259259,0.05345687811831789
GRU 混合,0.9259259259259259,0.05349500713266762
GRU 混合,0.9259259259259259,0.05353319057815846
GRU 混合,0.9259259259259259,0.05357142857142857
GRU 混合,0.9259259259259259,0.053609721229449604
GRU 混合,0.9259259259259259,0.0536480686695279
GRU 混合,0.9259259259259259,0.05368647100930565
GRU 混合,0.9259259259259259,0.053724928366762174
GRU 混合,0.9259259259259259,0.053763440860215055
GRU 混合,0.9259259259259259,0.05380200860832138
GRU 混合,0.9259259259259259,0.05384063173007897
GRU 混合,0.9259259259259259,0.05387931034482758
GRU 混合,0.9259259259259259,0.05391804457225018
GRU 混合,0.9259259259259259,0.0539568345323741
GRU 混合,0.9259259259259259,0.05399568034557235
GRU 混合,0.9259259259259259,0.05403458213256484
GRU 混合,0.9259259259259259,0.05407354001441961
GRU 混合,0.9259259259259259,0.05411255411255411
GRU 混合,0.9259259259259259,0.05415162454873646
GRU 混合,0.9259259259259259,0.054190751445086706
GRU 混合,0.9259259259259259,0.05422993492407809
GRU 混合,0.9259259259259259,0.05426917510853835
GRU 混合,0.9259259259259259,0.05430847212165098
GRU 混合,0.9259259259259259,0.05434782608695652
GRU 混合,0.9259259259259259,0.05438723712835388
GRU 混合,0.9259259259259259,0.054426705370101594
GRU 混合,0.9259259259259259,0.054466230936819175
GRU 混合,0.9259259259259259,0.05450581395348837
GRU 混合,0.9259259259259259,0.05454545454545454
GRU 混合,0.9259259259259259,0.05458515283842795
GRU 混合,0.9259259259259259,0.05462490895848507
GRU 混合,0.9259259259259259,0.05466472303206997
GRU 混合,0.9259259259259259,0.05470459518599562
GRU 混合,0.9259259259259259,0.05474452554744526
GRU 混合,0.9259259259259259,0.0547845142439737
GRU 混合,0.9259259259259259,0.05482456140350877
GRU 混合,0.9259259259259259,0.0548646671543526
GRU 混合,0.9259259259259259,0.05490483162518302
GRU 混合,0.9259259259259259,0.054945054945054944
GRU 混合,0.9259259259259259,0.05498533724340176
GRU 混合,0.9259259259259259,0.055025678650036686
GRU 混合,0.9259259259259259,0.05506607929515418
GRU 混合,0.9259259259259259,0.055106539309331376
GRU 混合,0.9259259259259259,0.05514705882352941
GRU 混合,0.9259259259259259,0.05518763796909492
GRU 混合,0.9259259259259259,0.05522827687776141
GRU 混合,0.9259259259259259,0.0552689756816507
GRU 混合,0.9259259259259259,0.05530973451327434
GRU 混合,0.9259259259259259,0.055350553505535055
GRU 混合,0.9259259259259259,0.055391432791728215
GRU 混合,0.9259259259259259,0.05543237250554324
GRU 混合,0.9259259259259259,0.05547337278106509
GRU 混合,0.9259259259259259,0.05551443375277572
GRU 混合,0.9259259259259259,0.05555555555555555
GRU 混合,0.9259259259259259,0.05559673832468495
GRU 混合,0.9259259259259259,0.055637982195845696
GRU 混合,0.9259259259259259,0.0556792873051225
GRU 混合,0.9259259259259259,0.05572065378900446
GRU 混合,0.9259259259259259,0.055762081784386616
GRU 混合,0.9259259259259259,0.05580357142857143
GRU 混合,0.9259259259259259,0.05584512285927029
GRU 混合,0.9259259259259259,0.05588673621460507
GRU 混合,0.9259259259259259,0.05592841163310962
GRU 混合,0.9259259259259259,0.055970149253731345
GRU 混合,0.9259259259259259,0.05601194921583271
GRU 混合,0.9259259259259259,0.05605381165919283
GRU 混合,0.9259259259259259,0.05609573672400898
GRU 混合,0.9259259259259259,0.0561377245508982
GRU 混合,0.9259259259259259,0.056179775280898875
GRU 混合,0.9259259259259259,0.05622188905547226
GRU 混合,0.9259259259259259,0.056264066016504126
GRU 混合,0.9259259259259259,0.05630630630630631
GRU 混合,0.9259259259259259,0.056348610067618335
GRU 混合,0.9259259259259259,0.05639097744360902
GRU 混合,0.9259259259259259,0.056433408577878104
GRU 混合,0.9259259259259259,0.05647590361445783
GRU 混合,0.9259259259259259,0.05651846269781462
GRU 混合,0.9259259259259259,0.05656108597285068
GRU 混合,0.9259259259259259,0.05660377358490566
GRU 混合,0.9259259259259259,0.05664652567975831
GRU 混合,0.9259259259259259,0.05668934240362812
GRU 混合,0.9259259259259259,0.056732223903177004
GRU 混合,0.9259259259259259,0.05677517032551098
GRU 混合,0.9259259259259259,0.056818181818181816
GRU 混合,0.9259259259259259,0.05686125852918878
GRU 混合,0.9259259259259259,0.05690440060698027
GRU 混合,0.9259259259259259,0.05694760820045558
GRU 混合,0.9259259259259259,0.056990881458966566
GRU 混合,0.9259259259259259,0.057034220532319393
GRU 混合,0.9259259259259259,0.05707762557077625
GRU 混合,0.9259259259259259,0.05712109672505712
GRU 混合,0.9259259259259259,0.057164634146341466
GRU 混合,0.9259259259259259,0.057208237986270026
GRU 混合,0.9259259259259259,0.05725190839694656
GRU 混合,0.9259259259259259,0.057295645530939646
GRU 混合,0.9259259259259259,0.05733944954128441
GRU 混合,0.9259259259259259,0.057383320581484314
GRU 混合,0.9259259259259259,0.05742725880551302
GRU 混合,0.9259259259259259,0.05747126436781609
GRU 混合,0.9259259259259259,0.057515337423312884
GRU 混合,0.9259259259259259,0.05755947812739831
GRU 混合,0.9259259259259259,0.0576036866359447
GRU 混合,0.9259259259259259,0.05764796310530361
GRU 混合,0.9259259259259259,0.057692307692307696
GRU 混合,0.9259259259259259,0.057736720554272515
GRU 混合,0.9259259259259259,0.05778120184899846
GRU 混合,0.9259259259259259,0.05782575173477255
GRU 混合,0.9259259259259259,0.05787037037037037
GRU 混合,0.9259259259259259,0.05791505791505792
GRU 混合,0.9259259259259259,0.05795981452859351
GRU 混合,0.9259259259259259,0.058004640371229696
GRU 混合,0.9259259259259259,0.05804953560371517
GRU 混合,0.9259259259259259,0.05809450038729667
GRU 混合,0.9259259259259259,0.05813953488372093
GRU 混合,0.9259259259259259,0.05818463925523662
GRU 混合,0.9259259259259259,0.05822981366459627
GRU 混合,0.9259259259259259,0.05827505827505827
GRU 混合,0.9259259259259259,0.0583203732503888
GRU 混合,0.9259259259259259,0.058365758754863814
GRU 混合,0.9259259259259259,0.05841121495327103
GRU 混合,0.9259259259259259,0.05845674201091192
GRU 混合,0.9259259259259259,0.05850234009360374
GRU 混合,0.9259259259259259,0.0585480093676815
GRU 混合,0.9259259259259259,0.05859375
GRU 混合,0.9259259259259259,0.058639562157935886
GRU 混合,0.9259259259259259,0.05868544600938967
GRU 混合,0.9259259259259259,0.058731401722787784
GRU 混合,0.9259259259259259,0.05877742946708464
GRU 混合,0.9259259259259259,0.058823529411764705
GRU 混合,0.9259259259259259,0.05886970172684458
GRU 混合,0.9259259259259259,0.0589159465828751
GRU 混合,0.9259259259259259,0.0589622641509434
GRU 混合,0.9259259259259259,0.059008654602675056
GRU 混合,0.9259259259259259,0.05905511811023622
GRU 混合,0.9259259259259259,0.0591016548463357
GRU 混合,0.9259259259259259,0.05914826498422713
GRU 混合,0.9259259259259259,0.05919494869771113
GRU 混合,0.9259259259259259,0.05924170616113744
GRU 混合,0.9259259259259259,0.05928853754940711
GRU 混合,0.9259259259259259,0.05933544303797468
GRU 混合,0.9259259259259259,0.05938242280285035
GRU 混合,0.9259259259259259,0.059429477020602216
GRU 混合,0.9259259259259259,0.05947660586835844
GRU 混合,0.9259259259259259,0.05952380952380952
GRU 混合,0.9259259259259259,0.059571088165210485
GRU 混合,0.9259259259259259,0.05961844197138315
GRU 混合,0.9259259259259259,0.059665871121718374
GRU 混合,0.9259259259259259,0.059713375796178345
GRU 混合,0.9259259259259259,0.05976095617529881
GRU 混合,0.9259259259259259,0.05980861244019139
GRU 混合,0.9259259259259259,0.05985634477254589
GRU 混合,0.9259259259259259,0.05990415335463259
GRU 混合,0.9259259259259259,0.05995203836930456
GRU 混合,0.9259259259259259,0.06
GRU 混合,0.9259259259259259,0.0600480384307446
GRU 混合,0.9259259259259259,0.06009615384615385
GRU 混合,0.9259259259259259,0.060144346431435444
GRU 混合,0.9259259259259259,0.06019261637239166
GRU 混合,0.9259259259259259,0.060240963855421686
GRU 混合,0.9259259259259259,0.06028938906752412
GRU 混合,0.9259259259259259,0.06033789219629927
GRU 混合,0.9259259259259259,0.06038647342995169
GRU 混合,0.9259259259259259,0.060435132957292505
GRU 混合,0.9259259259259259,0.06048387096774194
GRU 混合,0.9259259259259259,0.06053268765133172
GRU 混合,0.9259259259259259,0.06058158319870759
GRU 混合,0.9259259259259259,0.060630557801131774
GRU 混合,0.9259259259259259,0.06067961165048544
GRU 混合,0.9259259259259259,0.06072874493927125
GRU 混合,0.9259259259259259,0.060777957860615885
GRU 混合,0.9259259259259259,0.06082725060827251
GRU 混合,0.9259259259259259,0.060876623376623376
GRU 混合,0.9259259259259259,0.060926076360682375
GRU 混合,0.9259259259259259,0.06097560975609756
GRU 混合,0.9259259259259259,0.061025223759153785
GRU 混合,0.9259259259259259,0.061074918566775244
GRU 混合,0.9259259259259259,0.061124694376528114
GRU 混合,0.9259259259259259,0.061174551386623165
GRU 混合,0.9259259259259259,0.061224489795918366
GRU 混合,0.9259259259259259,0.061274509803921566
GRU 混合,0.9259259259259259,0.06132461161079313
GRU 混合,0.9259259259259259,0.06137479541734861
GRU 混合,0.9259259259259259,0.06142506142506143
GRU 混合,0.9259259259259259,0.06147540983606557
GRU 混合,0.9259259259259259,0.06152584085315833
GRU 混合,0.9259259259259259,0.06157635467980296
GRU 混合,0.9259259259259259,0.06162695152013147
GRU 混合,0.9259259259259259,0.061677631578947366
GRU 混合,0.9259259259259259,0.06172839506172839
GRU 混合,0.9259259259259259,0.06177924217462932
GRU 混合,0.9259259259259259,0.06183017312448475
GRU 混合,0.9259259259259259,0.06188118811881188
GRU 混合,0.9259259259259259,0.061932287365813375
GRU 混合,0.9259259259259259,0.06198347107438017
GRU 混合,0.9259259259259259,0.062034739454094295
GRU 混合,0.9259259259259259,0.062086092715231786
GRU 混合,0.9259259259259259,0.06213753106876554
GRU 混合,0.9259259259259259,0.06218905472636816
GRU 混合,0.9259259259259259,0.06224066390041494
GRU 混合,0.9259259259259259,0.06229235880398671
GRU 混合,0.9259259259259259,0.06234413965087282
GRU 混合,0.9259259259259259,0.06239600665557404
GRU 混合,0.9259259259259259,0.06244796003330558
GRU 混合,0.9259259259259259,0.0625
GRU 混合,0.9259259259259259,0.06255212677231026
GRU 混合,0.9259259259259259,0.06260434056761269
GRU 混合,0.9259259259259259,0.06265664160401002
GRU 混合,0.9259259259259259,0.06270903010033445
GRU 混合,0.9259259259259259,0.06276150627615062
GRU 混合,0.9259259259259259,0.06281407035175879
GRU 混合,0.9259259259259259,0.06286672254819782
GRU 混合,0.9259259259259259,0.06291946308724833
GRU 混合,0.9259259259259259,0.06297229219143577
GRU 混合,0.9259259259259259,0.06302521008403361
GRU 混合,0.9259259259259259,0.06307821698906645
GRU 混合,0.9259259259259259,0.06313131313131314
GRU 混合,0.9259259259259259,0.06318449873631002
GRU 混合,0.9259259259259259,0.06323777403035413
GRU 混合,0.9259259259259259,0.06329113924050633
GRU 混合,0.9259259259259259,0.0633445945945946
GRU 混合,0.9259259259259259,0.06339814032121724
GRU 混合,0.9259259259259259,0.06345177664974619
GRU 混合,0.9259259259259259,0.06350550381033022
GRU 混合,0.9259259259259259,0.0635593220338983
GRU 混合,0.9259259259259259,0.06361323155216285
GRU 混合,0.9259259259259259,0.0636672325976231
GRU 混合,0.9259259259259259,0.0637213254035684
GRU 混合,0.9259259259259259,0.06377551020408163
GRU 混合,0.9259259259259259,0.06382978723404255
GRU 混合,0.9259259259259259,0.06388415672913117
GRU 混合,0.9259259259259259,0.0639386189258312
GRU 混合,0.9259259259259259,0.06399317406143344
GRU 混合,0.9259259259259259,0.06404782237403928
GRU 混合,0.9259259259259259,0.0641025641025641
GRU 混合,0.9259259259259259,0.0641573994867408
GRU 混合,0.9259259259259259,0.0642123287671233
GRU 混合,0.9259259259259259,0.06426735218508997
GRU 混合,0.9259259259259259,0.06432246998284734
GRU 混合,0.9259259259259259,0.06437768240343347
GRU 混合,0.9259259259259259,0.06443298969072164
GRU 混合,0.9259259259259259,0.0644883920894239
GRU 混合,0.9259259259259259,0.06454388984509467
GRU 混合,0.9259259259259259,0.06459948320413436
GRU 混合,0.9259259259259259,0.06465517241379311
GRU 混合,0.9259259259259259,0.06471095772217429
GRU 混合,0.9259259259259259,0.06476683937823834
GRU 混合,0.9259259259259259,0.06482281763180639
GRU 混合,0.9259259259259259,0.06487889273356401
GRU 混合,0.9259259259259259,0.06493506493506493
GRU 混合,0.9259259259259259,0.06499133448873484
GRU 混合,0.9259259259259259,0.06504770164787511
GRU 混合,0.9259259259259259,0.06510416666666667
GRU 混合,0.9259259259259259,0.06516072980017376
GRU 混合,0.9259259259259259,0.06521739130434782
GRU 混合,0.9259259259259259,0.06527415143603134
GRU 混合,0.9259259259259259,0.06533101045296168
GRU 混合,0.9259259259259259,0.06538796861377506
GRU 混合,0.9259259259259259,0.06544502617801047
GRU 混合,0.9259259259259259,0.06550218340611354
GRU 混合,0.9259259259259259,0.06555944055944056
GRU 混合,0.9259259259259259,0.06561679790026247
GRU 混合,0.9259259259259259,0.06567425569176882
GRU 混合,0.9259259259259259,0.06573181419807186
GRU 混合,0.9259259259259259,0.06578947368421052
GRU 混合,0.9259259259259259,0.06584723441615452
GRU 混合,0.9259259259259259,0.06590509666080843
GRU 混合,0.9259259259259259,0.06596306068601583
GRU 混合,0.9259259259259259,0.06602112676056338
GRU 混合,0.9259259259259259,0.06607929515418502
GRU 混合,0.9259259259259259,0.06613756613756613
GRU 混合,0.9259259259259259,0.06619593998234775
GRU 混合,0.9259259259259259,0.06625441696113074
GRU 混合,0.9259259259259259,0.06631299734748011
GRU 混合,0.9259259259259259,0.06637168141592921
GRU 混合,0.9259259259259259,0.06643046944198405
GRU 混合,0.9259259259259259,0.06648936170212766
GRU 混合,0.9259259259259259,0.06654835847382432
GRU 混合,0.9259259259259259,0.06660746003552398
GRU 混合,0.9259259259259259,0.06666666666666667
GRU 混合,0.9259259259259259,0.06672597864768683
GRU 混合,0.9259259259259259,0.06678539626001781
GRU 混合,0.9259259259259259,0.06684491978609626
GRU 混合,0.9259259259259259,0.06690454950936664
GRU 混合,0.9259259259259259,0.06696428571428571
GRU 混合,0.9259259259259259,0.06702412868632708
GRU 混合,0.9259259259259259,0.06708407871198568
GRU 混合,0.9259259259259259,0.06714413607878246
GRU 混合,0.9259259259259259,0.06720430107526881
GRU 混合,0.9259259259259259,0.06726457399103139
GRU 混合,0.9259259259259259,0.06732495511669659
GRU 混合,0.9259259259259259,0.0673854447439353
GRU 混合,0.9259259259259259,0.06744604316546762
GRU 混合,0.9259259259259259,0.0675067506750675
GRU 混合,0.9259259259259259,0.06756756756756757
GRU 混合,0.9259259259259259,0.06762849413886383
GRU 混合,0.9259259259259259,0.06768953068592058
GRU 混合,0.9259259259259259,0.06775067750677506
GRU 混合,0.9259259259259259,0.06781193490054249
GRU 混合,0.9259259259259259,0.06787330316742081
GRU 混合,0.9259259259259259,0.06793478260869565
GRU 混合,0.9259259259259259,0.06799637352674524
GRU 混合,0.9259259259259259,0.06805807622504537
GRU 混合,0.9259259259259259,0.0681198910081744
GRU 混合,0.9259259259259259,0.06818181818181818
GRU 混合,0.9259259259259259,0.06824385805277525
GRU 混合,0.9259259259259259,0.06830601092896176
GRU 混合,0.9259259259259259,0.06836827711941659
GRU 混合,0.9259259259259259,0.06843065693430657
GRU 混合,0.9259259259259259,0.0684931506849315
GRU 混合,0.9259259259259259,0.06855575868372943
GRU 混合,0.9259259259259259,0.0686184812442818
GRU 混合,0.9135802469135802,0.06776556776556776
GRU 混合,0.9135802469135802,0.06782768102658111
GRU 混合,0.9012345679012346,0.06697247706422019
GRU 混合,0.9012345679012346,0.06703397612488522
GRU 混合,0.9012345679012346,0.06709558823529412
GRU 混合,0.9012345679012346,0.0671573137074517
GRU 混合,0.9012345679012346,0.06721915285451197
GRU 混合,0.9012345679012346,0.06728110599078341
GRU 混合,0.9012345679012346,0.06734317343173432
GRU 混合,0.9012345679012346,0.06740535549399815
GRU 混合,0.9012345679012346,0.06746765249537892
GRU 混合,0.9012345679012346,0.06753006475485661
GRU 混合,0.9012345679012346,0.06759259259259259
GRU 混合,0.9012345679012346,0.06765523632993513
GRU 混合,0.9012345679012346,0.06771799628942486
GRU 混合,0.9012345679012346,0.06778087279480037
GRU 混合,0.9012345679012346,0.06784386617100371
GRU 混合,0.9012345679012346,0.06790697674418604
GRU 混合,0.9012345679012346,0.06797020484171322
GRU 混合,0.9012345679012346,0.06803355079217148
GRU 混合,0.9012345679012346,0.06809701492537314
GRU 混合,0.9012345679012346,0.06816059757236227
GRU 混合,0.9012345679012346,0.06822429906542056
GRU 混合,0.9012345679012346,0.06828811973807297
GRU 混合,0.9012345679012346,0.06835205992509363
GRU 混合,0.9012345679012346,0.06841611996251172
GRU 混合,0.9012345679012346,0.06848030018761726
GRU 混合,0.9012345679012346,0.06854460093896714
GRU 混合,0.9012345679012346,0.06860902255639098
GRU 混合,0.9012345679012346,0.06867356538099718
GRU 混合,0.9012345679012346,0.0687382297551789
GRU 混合,0.9012345679012346,0.06880301602262016
GRU 混合,0.9012345679012346,0.06886792452830189
GRU 混合,0.9012345679012346,0.06893295561850803
GRU 混合,0.9012345679012346,0.06899810964083176
GRU 混合,0.9012345679012346,0.06906338694418164
GRU 混合,0.9012345679012346,0.06912878787878787
GRU 混合,0.9012345679012346,0.06919431279620854
GRU 混合,0.9012345679012346,0.06925996204933586
GRU 混合,0.9012345679012346,0.06932573599240266
GRU 混合,0.9012345679012346,0.06939163498098859
GRU 混合,0.9012345679012346,0.06945765937202664
GRU 混合,0.9012345679012346,0.06952380952380953
GRU 混合,0.9012345679012346,0.06959008579599618
GRU 混合,0.9012345679012346,0.06965648854961833
GRU 混合,0.9012345679012346,0.06972301814708691
GRU 混合,0.9012345679012346,0.06978967495219886
GRU 混合,0.9012345679012346,0.06985645933014355
GRU 混合,0.9012345679012346,0.06992337164750957
GRU 混合,0.9012345679012346,0.06999041227229147
GRU 混合,0.9012345679012346,0.07005758157389635
GRU 混合,0.9012345679012346,0.07012487992315082
GRU 混合,0.9012345679012346,0.07019230769230769
GRU 混合,0.9012345679012346,0.07025986525505294
GRU 混合,0.9012345679012346,0.07032755298651253
GRU 混合,0.9012345679012346,0.0703953712632594
GRU 混合,0.9012345679012346,0.07046332046332046
GRU 混合,0.9012345679012346,0.07053140096618357
GRU 混合,0.9012345679012346,0.07059961315280464
GRU 混合,0.9012345679012346,0.07066795740561471
GRU 混合,0.9012345679012346,0.07073643410852713
GRU 混合,0.9012345679012346,0.07080504364694472
GRU 混合,0.9012345679012346,0.070873786407767
GRU 混合,0.9012345679012346,0.07094266277939747
GRU 混合,0.9012345679012346,0.07101167315175097
GRU 混合,0.9012345679012346,0.07108081791626096
GRU 混合,0.9012345679012346,0.07115009746588694
GRU 混合,0.9012345679012346,0.07121951219512195
GRU 混合,0.9012345679012346,0.0712890625
GRU 混合,0.9012345679012346,0.07135874877810362
GRU 混合,0.9012345679012346,0.07142857142857142
GRU 混合,0.9012345679012346,0.07149853085210578
GRU 混合,0.9012345679012346,0.07156862745098039
GRU 混合,0.9012345679012346,0.07163886162904809
GRU 混合,0.9012345679012346,0.07170923379174853
GRU 混合,0.9012345679012346,0.07177974434611603
GRU 混合,0.9012345679012346,0.0718503937007874
GRU 混合,0.9012345679012346,0.07192118226600985
GRU 混合,0.9012345679012346,0.07199211045364892
GRU 混合,0.9012345679012346,0.07206317867719644
GRU 混合,0.9012345679012346,0.07213438735177866
GRU 混合,0.9012345679012346,0.0722057368941642
GRU 混合,0.9012345679012346,0.07227722772277227
GRU 混合,0.9012345679012346,0.07234886025768088
GRU 混合,0.9012345679012346,0.07242063492063493
GRU 混合,0.9012345679012346,0.07249255213505462
GRU 混合,0.9012345679012346,0.07256461232604373
GRU 混合,0.9012345679012346,0.07263681592039802
GRU 混合,0.9012345679012346,0.07270916334661355
GRU 混合,0.9012345679012346,0.07278165503489531
GRU 混合,0.9012345679012346,0.07285429141716566
GRU 混合,0.9012345679012346,0.07292707292707293
GRU 混合,0.9012345679012346,0.073
GRU 混合,0.9012345679012346,0.07307307307307308
GRU 混合,0.9012345679012346,0.07314629258517034
GRU 混合,0.9012345679012346,0.0732196589769308
GRU 混合,0.9012345679012346,0.07329317269076305
GRU 混合,0.9012345679012346,0.07336683417085427
GRU 混合,0.9012345679012346,0.07344064386317907
GRU 混合,0.9012345679012346,0.07351460221550855
GRU 混合,0.9012345679012346,0.07358870967741936
GRU 混合,0.9012345679012346,0.07366296670030273
GRU 混合,0.9012345679012346,0.07373737373737374
GRU 混合,0.9012345679012346,0.07381193124368049
GRU 混合,0.9012345679012346,0.07388663967611336
GRU 混合,0.9012345679012346,0.07396149949341439
GRU 混合,0.9012345679012346,0.07403651115618662
GRU 混合,0.9012345679012346,0.07411167512690356
GRU 混合,0.9012345679012346,0.0741869918699187
GRU 混合,0.9012345679012346,0.07426246185147507
GRU 混合,0.9012345679012346,0.07433808553971487
GRU 混合,0.9012345679012346,0.0744138634046891
GRU 混合,0.9012345679012346,0.07448979591836735
GRU 混合,0.9012345679012346,0.0745658835546476
GRU 混合,0.9012345679012346,0.07464212678936605
GRU 混合,0.9012345679012346,0.07471852610030706
GRU 混合,0.9012345679012346,0.07479508196721311
GRU 混合,0.9012345679012346,0.07487179487179488
GRU 混合,0.9012345679012346,0.07494866529774127
GRU 混合,0.9012345679012346,0.0750256937307297
GRU 混合,0.9012345679012346,0.07510288065843622
GRU 混合,0.9012345679012346,0.07518022657054584
GRU 混合,0.9012345679012346,0.07525773195876288
GRU 混合,0.9012345679012346,0.07533539731682147
GRU 混合,0.9012345679012346,0.07541322314049587
GRU 混合,0.9012345679012346,0.07549120992761117
GRU 混合,0.9012345679012346,0.07556935817805382
GRU 混合,0.9012345679012346,0.07564766839378238
GRU 混合,0.9012345679012346,0.07572614107883817
GRU 混合,0.9012345679012346,0.07580477673935618
GRU 混合,0.9012345679012346,0.07588357588357589
GRU 混合,0.9012345679012346,0.07596253902185224
GRU 混合,0.9012345679012346,0.07604166666666666
GRU 混合,0.9012345679012346,0.07612095933263817
GRU 混合,0.9012345679012346,0.07620041753653445
GRU 混合,0.9012345679012346,0.07628004179728318
GRU 混合,0.9012345679012346,0.07635983263598327
GRU 混合,0.9012345679012346,0.07643979057591622
GRU 混合,0.9012345679012346,0.07651991614255765
GRU 混合,0.9012345679012346,0.07660020986358866
GRU 混合,0.9012345679012346,0.07668067226890757
GRU 混合,0.9012345679012346,0.07676130389064142
GRU 混合,0.9012345679012346,0.07684210526315789
GRU 混合,0.9012345679012346,0.07692307692307693
GRU 混合,0.9012345679012346,0.0770042194092827
GRU 混合,0.9012345679012346,0.07708553326293559
GRU 混合,0.9012345679012346,0.07716701902748414
GRU 混合,0.9012345679012346,0.07724867724867725
GRU 混合,0.9012345679012346,0.07733050847457627
GRU 混合,0.9012345679012346,0.07741251325556733
GRU 混合,0.9012345679012346,0.07749469214437367
GRU 混合,0.9012345679012346,0.077577045696068
GRU 混合,0.9012345679012346,0.07765957446808511
GRU 混合,0.9012345679012346,0.0777422790202343
GRU 混合,0.9012345679012346,0.07782515991471216
GRU 混合,0.9012345679012346,0.07790821771611527
GRU 混合,0.9012345679012346,0.07799145299145299
GRU 混合,0.8888888888888888,0.07700534759358289
GRU 混合,0.8888888888888888,0.07708779443254818
GRU 混合,0.8888888888888888,0.07717041800643087
GRU 混合,0.8888888888888888,0.07725321888412018
GRU 混合,0.8888888888888888,0.07733619763694952
GRU 混合,0.8888888888888888,0.07741935483870968
GRU 混合,0.8888888888888888,0.077502691065662
GRU 混合,0.8888888888888888,0.07758620689655173
GRU 混合,0.8888888888888888,0.07766990291262135
GRU 混合,0.8888888888888888,0.07775377969762419
GRU 混合,0.8888888888888888,0.07783783783783783
GRU 混合,0.8888888888888888,0.07792207792207792
GRU 混合,0.8888888888888888,0.0780065005417118
GRU 混合,0.8888888888888888,0.07809110629067245
GRU 混合,0.8888888888888888,0.0781758957654723
GRU 混合,0.8888888888888888,0.0782608695652174
GRU 混合,0.8888888888888888,0.07834602829162132
GRU 混合,0.8888888888888888,0.0784313725490196
GRU 混合,0.8888888888888888,0.07851690294438386
GRU 混合,0.8888888888888888,0.07860262008733625
GRU 混合,0.8888888888888888,0.07868852459016394
GRU 混合,0.8888888888888888,0.0787746170678337
GRU 混合,0.8888888888888888,0.07886089813800658
GRU 混合,0.8888888888888888,0.07894736842105263
GRU 混合,0.8888888888888888,0.07903402854006586
GRU 混合,0.8888888888888888,0.07912087912087912
GRU 混合,0.8888888888888888,0.07920792079207921
GRU 混合,0.8888888888888888,0.07929515418502203
GRU 混合,0.8888888888888888,0.07938257993384785
GRU 混合,0.8888888888888888,0.07947019867549669
GRU 混合,0.8888888888888888,0.07955801104972375
GRU 混合,0.8888888888888888,0.07964601769911504
GRU 混合,0.8888888888888888,0.07973421926910298
GRU 混合,0.8888888888888888,0.07982261640798226
GRU 混合,0.8888888888888888,0.07991120976692564
GRU 混合,0.8888888888888888,0.08
GRU 混合,0.8888888888888888,0.08008898776418243
GRU 混合,0.8888888888888888,0.0801781737193764
GRU 混合,0.8888888888888888,0.0802675585284281
GRU 混合,0.8888888888888888,0.08035714285714286
GRU 混合,0.8888888888888888,0.08044692737430167
GRU 混合,0.8888888888888888,0.08053691275167785
GRU 混合,0.8888888888888888,0.08062709966405375
GRU 混合,0.8888888888888888,0.08071748878923767
GRU 混合,0.8888888888888888,0.08080808080808081
GRU 混合,0.8888888888888888,0.08089887640449438
GRU 混合,0.8888888888888888,0.08098987626546682
GRU 混合,0.8888888888888888,0.08108108108108109
GRU 混合,0.8888888888888888,0.08117249154453213
GRU 混合,0.8888888888888888,0.08126410835214447
GRU 混合,0.8888888888888888,0.08135593220338982
GRU 混合,0.8888888888888888,0.08144796380090498
GRU 混合,0.8888888888888888,0.08154020385050963
GRU 混合,0.8888888888888888,0.08163265306122448
GRU 混合,0.8888888888888888,0.08172531214528944
GRU 混合,0.8888888888888888,0.08181818181818182
GRU 混合,0.8888888888888888,0.08191126279863481
GRU 混合,0.8888888888888888,0.08200455580865604
GRU 混合,0.8888888888888888,0.08209806157354618
GRU 混合,0.8888888888888888,0.0821917808219178
GRU 混合,0.8888888888888888,0.08228571428571428
GRU 混合,0.8888888888888888,0.08237986270022883
GRU 混合,0.8888888888888888,0.08247422680412371
GRU 混合,0.8888888888888888,0.08256880733944955
GRU 混合,0.8888888888888888,0.08266360505166476
GRU 混合,0.8888888888888888,0.08275862068965517
GRU 混合,0.8888888888888888,0.08285385500575373
GRU 混合,0.8888888888888888,0.08294930875576037
GRU 混合,0.8888888888888888,0.08304498269896193
GRU 混合,0.8888888888888888,0.08314087759815242
GRU 混合,0.8888888888888888,0.08323699421965318
GRU 混合,0.8888888888888888,0.08333333333333333
GRU 混合,0.8888888888888888,0.08342989571263036
GRU 混合,0.8888888888888888,0.08352668213457076
GRU 混合,0.8888888888888888,0.08362369337979095
GRU 混合,0.8888888888888888,0.08372093023255814
GRU 混合,0.8765432098765432,0.08265424912689173
GRU 混合,0.8765432098765432,0.08275058275058275
GRU 混合,0.8765432098765432,0.08284714119019837
GRU 混合,0.8765432098765432,0.08294392523364486
GRU 混合,0.8765432098765432,0.08304093567251462
GRU 混合,0.8765432098765432,0.08313817330210772
GRU 混合,0.8765432098765432,0.08323563892145369
GRU 混合,0.8765432098765432,0.08333333333333333
GRU 混合,0.8765432098765432,0.08343125734430082
GRU 混合,0.8765432098765432,0.08352941176470588
GRU 混合,0.8765432098765432,0.08362779740871613
GRU 混合,0.8765432098765432,0.08372641509433962
GRU 混合,0.8765432098765432,0.08382526564344746
GRU 混合,0.8765432098765432,0.08392434988179669
GRU 混合,0.8765432098765432,0.08402366863905325
GRU 混合,0.8765432098765432,0.08412322274881516
GRU 混合,0.8765432098765432,0.08422301304863583
GRU 混合,0.8765432098765432,0.08432304038004751
GRU 混合,0.8765432098765432,0.08442330558858502
GRU 混合,0.8641975308641975,0.08333333333333333
GRU 混合,0.8641975308641975,0.08343265792610251
GRU 混合,0.8641975308641975,0.08353221957040573
GRU 混合,0.8641975308641975,0.08363201911589008
GRU 混合,0.8641975308641975,0.08373205741626795
GRU 混合,0.8641975308641975,0.08383233532934131
GRU 混合,0.8641975308641975,0.08393285371702638
GRU 混合,0.8641975308641975,0.08403361344537816
GRU 混合,0.8641975308641975,0.08413461538461539
GRU 混合,0.8641975308641975,0.0842358604091456
GRU 混合,0.8641975308641975,0.08433734939759036
GRU 混合,0.8641975308641975,0.08443908323281062
GRU 混合,0.8641975308641975,0.08454106280193237
GRU 混合,0.8641975308641975,0.08464328899637243
GRU 混合,0.8641975308641975,0.0847457627118644
GRU 混合,0.8641975308641975,0.08484848484848485
GRU 混合,0.8641975308641975,0.08495145631067962
GRU 混合,0.8641975308641975,0.0850546780072904
GRU 混合,0.8641975308641975,0.0851581508515815
GRU 混合,0.8641975308641975,0.08526187576126674
GRU 混合,0.8641975308641975,0.08536585365853659
GRU 混合,0.8641975308641975,0.08547008547008547
GRU 混合,0.8641975308641975,0.08557457212713937
GRU 混合,0.8641975308641975,0.08567931456548347
GRU 混合,0.8641975308641975,0.0857843137254902
GRU 混合,0.8641975308641975,0.08588957055214724
GRU 混合,0.8641975308641975,0.085995085995086
GRU 混合,0.8641975308641975,0.08610086100861009
GRU 混合,0.8641975308641975,0.08620689655172414
GRU 混合,0.8641975308641975,0.08631319358816276
GRU 混合,0.8641975308641975,0.08641975308641975
GRU 混合,0.8641975308641975,0.0865265760197775
GRU 混合,0.8641975308641975,0.08663366336633663
GRU 混合,0.8641975308641975,0.08674101610904585
GRU 混合,0.8641975308641975,0.08684863523573201
GRU 混合,0.8641975308641975,0.08695652173913043
GRU 混合,0.8641975308641975,0.08706467661691543
GRU 混合,0.8641975308641975,0.08717310087173101
GRU 混合,0.8641975308641975,0.08728179551122195
GRU 混合,0.8641975308641975,0.08739076154806492
GRU 混合,0.8641975308641975,0.0875
GRU 混合,0.8641975308641975,0.08760951188986232
GRU 混合,0.8641975308641975,0.08771929824561403
GRU 混合,0.8641975308641975,0.08782936010037641
GRU 混合,0.8641975308641975,0.08793969849246232
GRU 混合,0.8641975308641975,0.0880503144654088
GRU 混合,0.8641975308641975,0.08816120906801007
GRU 混合,0.8641975308641975,0.08827238335435057
GRU 混合,0.8641975308641975,0.08838383838383838
GRU 混合,0.8641975308641975,0.08849557522123894
GRU 混合,0.8641975308641975,0.08860759493670886
GRU 混合,0.8641975308641975,0.08871989860583017
GRU 混合,0.8641975308641975,0.08883248730964467
GRU 混合,0.8641975308641975,0.08894536213468869
GRU 混合,0.8641975308641975,0.089058524173028
GRU 混合,0.8641975308641975,0.08917197452229299
GRU 混合,0.8641975308641975,0.08928571428571429
GRU 混合,0.8641975308641975,0.08939974457215837
GRU 混合,0.8641975308641975,0.08951406649616368
GRU 混合,0.8641975308641975,0.08962868117797695
GRU 混合,0.8641975308641975,0.08974358974358974
GRU 混合,0.8641975308641975,0.08985879332477535
GRU 混合,0.8641975308641975,0.08997429305912596
GRU 混合,0.8641975308641975,0.09009009009009009
GRU 混合,0.8641975308641975,0.09020618556701031
GRU 混合,0.8641975308641975,0.09032258064516129
GRU 混合,0.8641975308641975,0.09043927648578812
GRU 混合,0.8641975308641975,0.09055627425614489
GRU 混合,0.8641975308641975,0.09067357512953368
GRU 混合,0.8641975308641975,0.0907911802853437
GRU 混合,0.8641975308641975,0.09090909090909091
GRU 混合,0.8641975308641975,0.09102730819245773
GRU 混合,0.8641975308641975,0.09114583333333333
GRU 混合,0.8641975308641975,0.09126466753585398
GRU 混合,0.8641975308641975,0.09138381201044386
GRU 混合,0.8641975308641975,0.0915032679738562
GRU 混合,0.8641975308641975,0.09162303664921466
GRU 混合,0.8641975308641975,0.09174311926605505
GRU 混合,0.8641975308641975,0.09186351706036745
GRU 混合,0.8641975308641975,0.09198423127463863
GRU 混合,0.8641975308641975,0.09210526315789473
GRU 混合,0.8641975308641975,0.0922266139657444
GRU 混合,0.8641975308641975,0.09234828496042216
GRU 混合,0.8641975308641975,0.09247027741083223
GRU 混合,0.8641975308641975,0.09259259259259259
GRU 混合,0.8641975308641975,0.09271523178807947
GRU 混合,0.8641975308641975,0.09283819628647215
GRU 混合,0.8641975308641975,0.09296148738379814
GRU 混合,0.8641975308641975,0.09308510638297872
GRU 混合,0.8641975308641975,0.09320905459387484
GRU 混合,0.8641975308641975,0.09333333333333334
GRU 混合,0.8641975308641975,0.09345794392523364
GRU 混合,0.8641975308641975,0.09358288770053476
GRU 混合,0.8641975308641975,0.09370816599732262
GRU 混合,0.8641975308641975,0.0938337801608579
GRU 混合,0.8641975308641975,0.09395973154362416
GRU 混合,0.8641975308641975,0.09408602150537634
GRU 混合,0.8641975308641975,0.09421265141318977
GRU 混合,0.8641975308641975,0.09433962264150944
GRU 混合,0.8641975308641975,0.09446693657219973
GRU 混合,0.8641975308641975,0.0945945945945946
GRU 混合,0.8641975308641975,0.09472259810554803
GRU 混合,0.8641975308641975,0.0948509485094851
GRU 混合,0.8641975308641975,0.09497964721845319
GRU 混合,0.8641975308641975,0.09510869565217392
GRU 混合,0.8641975308641975,0.09523809523809523
GRU 混合,0.8641975308641975,0.09536784741144415
GRU 混合,0.8641975308641975,0.09549795361527967
GRU 混合,0.8641975308641975,0.09562841530054644
GRU 混合,0.8641975308641975,0.09575923392612859
GRU 混合,0.8641975308641975,0.0958904109589041
GRU 混合,0.8641975308641975,0.09602194787379972
GRU 混合,0.8641975308641975,0.09615384615384616
GRU 混合,0.8641975308641975,0.09628610729023383
GRU 混合,0.8641975308641975,0.09641873278236915
GRU 混合,0.8641975308641975,0.09655172413793103
GRU 混合,0.8641975308641975,0.09668508287292818
GRU 混合,0.8641975308641975,0.09681881051175657
GRU 混合,0.8641975308641975,0.09695290858725762
GRU 混合,0.8641975308641975,0.0970873786407767
GRU 混合,0.8641975308641975,0.09722222222222222
GRU 混合,0.8641975308641975,0.09735744089012517
GRU 混合,0.8641975308641975,0.09749303621169916
GRU 混合,0.8641975308641975,0.09762900976290098
GRU 混合,0.8641975308641975,0.09776536312849161
GRU 混合,0.8641975308641975,0.0979020979020979
GRU 混合,0.8641975308641975,0.09803921568627451
GRU 混合,0.8641975308641975,0.09817671809256662
GRU 混合,0.8641975308641975,0.09831460674157304
GRU 混合,0.8641975308641975,0.09845288326300984
GRU 混合,0.8641975308641975,0.09859154929577464
GRU 混合,0.8641975308641975,0.09873060648801128
GRU 混合,0.8641975308641975,0.09887005649717515
GRU 混合,0.8641975308641975,0.09900990099009901
GRU 混合,0.8518518518518519,0.09773371104815864
GRU 混合,0.8518518518518519,0.09787234042553192
GRU 混合,0.8518518518518519,0.09801136363636363
GRU 混合,0.8518518518518519,0.09815078236130868
GRU 混合,0.8518518518518519,0.09829059829059829
GRU 混合,0.8518518518518519,0.09843081312410841
GRU 混合,0.8518518518518519,0.09857142857142857
GRU 混合,0.8518518518518519,0.09871244635193133
GRU 混合,0.8518518518518519,0.0988538681948424
GRU 混合,0.8518518518518519,0.09899569583931134
GRU 混合,0.8518518518518519,0.09913793103448276
GRU 混合,0.8518518518518519,0.09928057553956834
GRU 混合,0.8518518518518519,0.0994236311239193
GRU 混合,0.8518518518518519,0.09956709956709957
GRU 混合,0.8518518518518519,0.09971098265895954
GRU 混合,0.8518518518518519,0.09985528219971057
GRU 混合,0.8518518518518519,0.1
GRU 混合,0.8518518518518519,0.10014513788098693
GRU 混合,0.8518518518518519,0.1002906976744186
GRU 混合,0.8518518518518519,0.10043668122270742
GRU 混合,0.8518518518518519,0.10058309037900874
GRU 混合,0.8518518518518519,0.10072992700729927
GRU 混合,0.8518518518518519,0.10087719298245613
GRU 混合,0.8518518518518519,0.10102489019033675
GRU 混合,0.8518518518518519,0.10117302052785923
GRU 混合,0.8518518518518519,0.1013215859030837
GRU 混合,0.8518518518518519,0.10147058823529412
GRU 混合,0.8518518518518519,0.101620029455081
GRU 混合,0.8518518518518519,0.10176991150442478
GRU 混合,0.8518518518518519,0.1019202363367799
GRU 混合,0.8518518518518519,0.10207100591715976
GRU 混合,0.8518518518518519,0.10222222222222223
GRU 混合,0.8518518518518519,0.10237388724035608
GRU 混合,0.8518518518518519,0.1025260029717682
GRU 混合,0.8518518518518519,0.10267857142857142
GRU 混合,0.8518518518518519,0.10283159463487332
GRU 混合,0.8518518518518519,0.10298507462686567
GRU 混合,0.8518518518518519,0.1031390134529148
GRU 混合,0.8518518518518519,0.10329341317365269
GRU 混合,0.8518518518518519,0.10344827586206896
GRU 混合,0.8518518518518519,0.1036036036036036
GRU 混合,0.8518518518518519,0.1037593984962406
GRU 混合,0.8518518518518519,0.10391566265060241
GRU 混合,0.8518518518518519,0.10407239819004525
GRU 混合,0.8518518518518519,0.1042296072507553
GRU 混合,0.8518518518518519,0.1043872919818457
GRU 混合,0.8518518518518519,0.10454545454545454
GRU 混合,0.8518518518518519,0.1047040971168437
GRU 混合,0.8518518518518519,0.10486322188449848
GRU 混合,0.8518518518518519,0.1050228310502283
GRU 混合,0.8518518518518519,0.10518292682926829
GRU 混合,0.8518518518518519,0.10534351145038168
GRU 混合,0.8395061728395061,0.10397553516819572
GRU 混合,0.8395061728395061,0.10413476263399694
GRU 混合,0.8395061728395061,0.10429447852760736
GRU 混合,0.8395061728395061,0.10445468509984639
GRU 混合,0.8395061728395061,0.10461538461538461
GRU 混合,0.8271604938271605,0.10323574730354391
GRU 混合,0.8271604938271605,0.10339506172839506
GRU 混合,0.8271604938271605,0.1035548686244204
GRU 混合,0.8271604938271605,0.10371517027863777
GRU 混合,0.8271604938271605,0.10387596899224806
GRU 混合,0.8271604938271605,0.10403726708074534
GRU 混合,0.8271604938271605,0.104199066874028
GRU 混合,0.8271604938271605,0.1043613707165109
GRU 混合,0.8271604938271605,0.10452418096723869
GRU 混合,0.8271604938271605,0.1046875
GRU 混合,0.8271604938271605,0.10485133020344288
GRU 混合,0.8271604938271605,0.10501567398119123
GRU 混合,0.8271604938271605,0.10518053375196232
GRU 混合,0.8271604938271605,0.10534591194968554
GRU 混合,0.8271604938271605,0.10551181102362205
GRU 混合,0.8271604938271605,0.1056782334384858
GRU 混合,0.8271604938271605,0.10584518167456557
GRU 混合,0.8271604938271605,0.1060126582278481
GRU 混合,0.8271604938271605,0.10618066561014262
GRU 混合,0.8271604938271605,0.10634920634920635
GRU 混合,0.8148148148148148,0.10492845786963434
GRU 混合,0.8148148148148148,0.10509554140127389
GRU 混合,0.8148148148148148,0.10526315789473684
GRU 混合,0.8148148148148148,0.10543130990415335
GRU 混合,0.8148148148148148,0.1056
GRU 混合,0.8148148148148148,0.10576923076923077
GRU 混合,0.8148148148148148,0.10593900481540931
GRU 混合,0.8148148148148148,0.10610932475884244
GRU 混合,0.8148148148148148,0.10628019323671498
GRU 混合,0.8148148148148148,0.1064516129032258
GRU 混合,0.8148148148148148,0.10662358642972536
GRU 混合,0.8148148148148148,0.10679611650485436
GRU 混合,0.8148148148148148,0.10696920583468396
GRU 混合,0.8148148148148148,0.10714285714285714
GRU 混合,0.8024691358024691,0.10569105691056911
GRU 混合,0.8024691358024691,0.10586319218241043
GRU 混合,0.8024691358024691,0.10603588907014681
GRU 混合,0.8024691358024691,0.10620915032679738
GRU 混合,0.8024691358024691,0.10638297872340426
GRU 混合,0.8024691358024691,0.10655737704918032
GRU 混合,0.8024691358024691,0.10673234811165845
GRU 混合,0.8024691358024691,0.1069078947368421
GRU 混合,0.8024691358024691,0.1070840197693575
GRU 混合,0.8024691358024691,0.10726072607260725
GRU 混合,0.8024691358024691,0.10743801652892562
GRU 混合,0.8024691358024691,0.1076158940397351
GRU 混合,0.8024691358024691,0.1077943615257048
GRU 混合,0.8024691358024691,0.1079734219269103
GRU 混合,0.8024691358024691,0.10815307820299501
GRU 混合,0.8024691358024691,0.10833333333333334
GRU 混合,0.8024691358024691,0.10851419031719532
GRU 混合,0.8024691358024691,0.10869565217391304
GRU 混合,0.8024691358024691,0.10887772194304858
GRU 混合,0.8024691358024691,0.10906040268456375
GRU 混合,0.8024691358024691,0.1092436974789916
GRU 混合,0.8024691358024691,0.10942760942760943
GRU 混合,0.8024691358024691,0.10961214165261383
GRU 混合,0.8024691358024691,0.1097972972972973
GRU 混合,0.8024691358024691,0.10998307952622674
GRU 混合,0.8024691358024691,0.11016949152542373
GRU 混合,0.8024691358024691,0.11035653650254669
GRU 混合,0.8024691358024691,0.11054421768707483
GRU 混合,0.8024691358024691,0.11073253833049404
GRU 混合,0.8024691358024691,0.11092150170648464
GRU 混合,0.8024691358024691,0.1111111111111111
GRU 混合,0.8024691358024691,0.1113013698630137
GRU 混合,0.8024691358024691,0.11149228130360206
GRU 混合,0.8024691358024691,0.11168384879725086
GRU 混合,0.8024691358024691,0.11187607573149742
GRU 混合,0.8024691358024691,0.11206896551724138
GRU 混合,0.8024691358024691,0.11226252158894647
GRU 混合,0.8024691358024691,0.11245674740484429
GRU 混合,0.8024691358024691,0.11265164644714037
GRU 混合,0.8024691358024691,0.11284722222222222
GRU 混合,0.8024691358024691,0.11304347826086956
GRU 混合,0.8024691358024691,0.1132404181184669
GRU 混合,0.8024691358024691,0.11343804537521815
GRU 混合,0.8024691358024691,0.11363636363636363
GRU 混合,0.8024691358024691,0.1138353765323993
GRU 混合,0.8024691358024691,0.11403508771929824
GRU 混合,0.8024691358024691,0.11423550087873462
GRU 混合,0.8024691358024691,0.11443661971830986
GRU 混合,0.8024691358024691,0.1146384479717813
GRU 混合,0.8024691358024691,0.11484098939929328
GRU 混合,0.8024691358024691,0.11504424778761062
GRU 混合,0.8024691358024691,0.11524822695035461
GRU 混合,0.8024691358024691,0.11545293072824156
GRU 混合,0.8024691358024691,0.11565836298932385
GRU 混合,0.8024691358024691,0.11586452762923351
GRU 混合,0.8024691358024691,0.11607142857142858
GRU 混合,0.8024691358024691,0.11627906976744186
GRU 混合,0.8024691358024691,0.11648745519713262
GRU 混合,0.8024691358024691,0.11669658886894076
GRU 混合,0.8024691358024691,0.11690647482014388
GRU 混合,0.8024691358024691,0.11711711711711711
GRU 混合,0.8024691358024691,0.11732851985559567
GRU 混合,0.8024691358024691,0.11754068716094032
GRU 混合,0.8024691358024691,0.11775362318840579
GRU 混合,0.8024691358024691,0.11796733212341198
GRU 混合,0.8024691358024691,0.11818181818181818
GRU 混合,0.8024691358024691,0.11839708561020036
GRU 混合,0.8024691358024691,0.11861313868613138
GRU 混合,0.8024691358024691,0.11882998171846434
GRU 混合,0.8024691358024691,0.11904761904761904
GRU 混合,0.8024691358024691,0.11926605504587157
GRU 混合,0.8024691358024691,0.11948529411764706
GRU 混合,0.8024691358024691,0.11970534069981584
GRU 混合,0.8024691358024691,0.11992619926199262
GRU 混合,0.8024691358024691,0.12014787430683918
GRU 混合,0.8024691358024691,0.12037037037037036
GRU 混合,0.8024691358024691,0.12059369202226346
GRU 混合,0.8024691358024691,0.120817843866171
GRU 混合,0.8024691358024691,0.12104283054003724
GRU 混合,0.8024691358024691,0.12126865671641791
GRU 混合,0.8024691358024691,0.12149532710280374
GRU 混合,0.8024691358024691,0.12172284644194757
GRU 混合,0.8024691358024691,0.12195121951219512
GRU 混合,0.8024691358024691,0.12218045112781954
GRU 混合,0.8024691358024691,0.1224105461393597
GRU 混合,0.8024691358024691,0.12264150943396226
GRU 混合,0.8024691358024691,0.12287334593572778
GRU 混合,0.8024691358024691,0.12310606060606061
GRU 混合,0.8024691358024691,0.12333965844402277
GRU 混合,0.8024691358024691,0.12357414448669202
GRU 混合,0.8024691358024691,0.12380952380952381
GRU 混合,0.8024691358024691,0.12404580152671756
GRU 混合,0.8024691358024691,0.124282982791587
GRU 混合,0.8024691358024691,0.12452107279693486
GRU 混合,0.8024691358024691,0.12476007677543186
GRU 混合,0.8024691358024691,0.125
GRU 混合,0.8024691358024691,0.1252408477842004
GRU 混合,0.8024691358024691,0.12548262548262548
GRU 混合,0.8024691358024691,0.12572533849129594
GRU 混合,0.8024691358024691,0.12596899224806202
GRU 混合,0.8024691358024691,0.1262135922330097
GRU 混合,0.8024691358024691,0.1264591439688716
GRU 混合,0.8024691358024691,0.1267056530214425
GRU 混合,0.8024691358024691,0.126953125
GRU 混合,0.8024691358024691,0.12720156555772993
GRU 混合,0.8024691358024691,0.12745098039215685
GRU 混合,0.8024691358024691,0.12770137524557956
GRU 混合,0.8024691358024691,0.1279527559055118
GRU 混合,0.8024691358024691,0.1282051282051282
GRU 混合,0.8024691358024691,0.12845849802371542
GRU 混合,0.8024691358024691,0.12871287128712872
GRU 混合,0.8024691358024691,0.12896825396825398
GRU 混合,0.8024691358024691,0.12922465208747516
GRU 混合,0.8024691358024691,0.1294820717131474
GRU 混合,0.8024691358024691,0.12974051896207583
GRU 混合,0.8024691358024691,0.13
GRU 混合,0.8024691358024691,0.13026052104208416
GRU 混合,0.8024691358024691,0.13052208835341367
GRU 混合,0.8024691358024691,0.13078470824949698
GRU 混合,0.8024691358024691,0.1310483870967742
GRU 混合,0.8024691358024691,0.13131313131313133
GRU 混合,0.8024691358024691,0.13157894736842105
GRU 混合,0.8024691358024691,0.13184584178498987
GRU 混合,0.8024691358024691,0.13211382113821138
GRU 混合,0.8024691358024691,0.13238289205702647
GRU 混合,0.8024691358024691,0.1326530612244898
GRU 混合,0.8024691358024691,0.1329243353783231
GRU 混合,0.8024691358024691,0.13319672131147542
GRU 混合,0.8024691358024691,0.13347022587268995
GRU 混合,0.8024691358024691,0.1337448559670782
GRU 混合,0.8024691358024691,0.13402061855670103
GRU 混合,0.8024691358024691,0.13429752066115702
GRU 混合,0.8024691358024691,0.13457556935817805
GRU 混合,0.8024691358024691,0.13485477178423236
GRU 混合,0.8024691358024691,0.13513513513513514
GRU 混合,0.8024691358024691,0.13541666666666666
GRU 混合,0.8024691358024691,0.13569937369519833
GRU 混合,0.8024691358024691,0.13598326359832635
GRU 混合,0.8024691358024691,0.13626834381551362
GRU 混合,0.8024691358024691,0.13655462184873948
GRU 混合,0.8024691358024691,0.1368421052631579
GRU 混合,0.8024691358024691,0.1371308016877637
GRU 混合,0.8024691358024691,0.13742071881606766
GRU 混合,0.8024691358024691,0.13771186440677965
GRU 混合,0.8024691358024691,0.13800424628450106
GRU 混合,0.8024691358024691,0.13829787234042554
GRU 混合,0.7901234567901234,0.13646055437100213
GRU 混合,0.7901234567901234,0.13675213675213677
GRU 混合,0.7901234567901234,0.13704496788008566
GRU 混合,0.7901234567901234,0.13733905579399142
GRU 混合,0.7901234567901234,0.13763440860215054
GRU 混合,0.7901234567901234,0.13793103448275862
GRU 混合,0.7901234567901234,0.13822894168466524
GRU 混合,0.7901234567901234,0.13852813852813853
GRU 混合,0.7901234567901234,0.13882863340563992
GRU 混合,0.7901234567901234,0.1391304347826087
GRU 混合,0.7901234567901234,0.1394335511982571
GRU 混合,0.7901234567901234,0.13973799126637554
GRU 混合,0.7901234567901234,0.1400437636761488
GRU 混合,0.7901234567901234,0.14035087719298245
GRU 混合,0.7901234567901234,0.14065934065934066
GRU 混合,0.7901234567901234,0.14096916299559473
GRU 混合,0.7901234567901234,0.141280353200883
GRU 混合,0.7901234567901234,0.1415929203539823
GRU 混合,0.7901234567901234,0.1419068736141907
GRU 混合,0.7901234567901234,0.14222222222222222
GRU 混合,0.7901234567901234,0.14253897550111358
GRU 混合,0.7901234567901234,0.14285714285714285
GRU 混合,0.7901234567901234,0.14317673378076062
GRU 混合,0.7901234567901234,0.14349775784753363
GRU 混合,0.7901234567901234,0.14382022471910114
GRU 混合,0.7901234567901234,0.14414414414414414
GRU 混合,0.7901234567901234,0.14446952595936793
GRU 混合,0.7901234567901234,0.14479638009049775
GRU 混合,0.7901234567901234,0.14512471655328799
GRU 混合,0.7901234567901234,0.14545454545454545
GRU 混合,0.7901234567901234,0.14578587699316628
GRU 混合,0.7901234567901234,0.1461187214611872
GRU 混合,0.7901234567901234,0.14645308924485126
GRU 混合,0.7901234567901234,0.14678899082568808
GRU 混合,0.7901234567901234,0.1471264367816092
GRU 混合,0.7901234567901234,0.14746543778801843
GRU 混合,0.7901234567901234,0.14780600461893764
GRU 混合,0.7901234567901234,0.14814814814814814
GRU 混合,0.7901234567901234,0.14849187935034802
GRU 混合,0.7901234567901234,0.14883720930232558
GRU 混合,0.7901234567901234,0.14918414918414918
GRU 混合,0.7901234567901234,0.14953271028037382
GRU 混合,0.7901234567901234,0.14988290398126464
GRU 混合,0.7777777777777778,0.14788732394366197
GRU 混合,0.7777777777777778,0.14823529411764705
GRU 混合,0.7777777777777778,0.14858490566037735
GRU 混合,0.7777777777777778,0.14893617021276595
GRU 混合,0.7777777777777778,0.14928909952606634
GRU 混合,0.7777777777777778,0.1496437054631829
GRU 混合,0.7777777777777778,0.15
GRU 混合,0.7777777777777778,0.15035799522673032
GRU 混合,0.7777777777777778,0.1507177033492823
GRU 混合,0.7777777777777778,0.1510791366906475
GRU 混合,0.7777777777777778,0.15144230769230768
GRU 混合,0.7777777777777778,0.15180722891566265
GRU 混合,0.7777777777777778,0.15217391304347827
GRU 混合,0.7777777777777778,0.15254237288135594
GRU 混合,0.7777777777777778,0.1529126213592233
GRU 混合,0.7777777777777778,0.15328467153284672
GRU 混合,0.7777777777777778,0.15365853658536585
GRU 混合,0.7777777777777778,0.15403422982885084
GRU 混合,0.7654320987654321,0.15196078431372548
GRU 混合,0.7654320987654321,0.15233415233415235
GRU 混合,0.7654320987654321,0.15270935960591134
GRU 混合,0.7654320987654321,0.15308641975308643
GRU 混合,0.7654320987654321,0.15346534653465346
GRU 混合,0.7654320987654321,0.15384615384615385
GRU 混合,0.7654320987654321,0.15422885572139303
GRU 混合,0.7654320987654321,0.1546134663341646
GRU 混合,0.7654320987654321,0.155
GRU 混合,0.7654320987654321,0.15538847117794485
GRU 混合,0.7654320987654321,0.15577889447236182
GRU 混合,0.7530864197530864,0.15365239294710328
GRU 混合,0.7530864197530864,0.15404040404040403
GRU 混合,0.7530864197530864,0.15443037974683543
GRU 混合,0.7530864197530864,0.1548223350253807
GRU 混合,0.7530864197530864,0.15521628498727735
GRU 混合,0.7530864197530864,0.1556122448979592
GRU 混合,0.7530864197530864,0.15601023017902813
GRU 混合,0.7530864197530864,0.1564102564102564
GRU 混合,0.7530864197530864,0.15681233933161953
GRU 混合,0.7530864197530864,0.15721649484536082
GRU 混合,0.7530864197530864,0.15762273901808785
GRU 混合,0.7530864197530864,0.15803108808290156
GRU 混合,0.7530864197530864,0.15844155844155844
GRU 混合,0.7530864197530864,0.15885416666666666
GRU 混合,0.7530864197530864,0.15926892950391644
GRU 混合,0.7530864197530864,0.15968586387434555
GRU 混合,0.7530864197530864,0.16010498687664043
GRU 混合,0.7530864197530864,0.16052631578947368
GRU 混合,0.7530864197530864,0.16094986807387862
GRU 混合,0.7530864197530864,0.16137566137566137
GRU 混合,0.7530864197530864,0.16180371352785147
GRU 混合,0.7530864197530864,0.1622340425531915
GRU 混合,0.7530864197530864,0.16266666666666665
GRU 混合,0.7530864197530864,0.16310160427807488
GRU 混合,0.7530864197530864,0.16353887399463807
GRU 混合,0.7530864197530864,0.1639784946236559
GRU 混合,0.7530864197530864,0.16442048517520216
GRU 混合,0.7530864197530864,0.16486486486486487
GRU 混合,0.7530864197530864,0.16531165311653118
GRU 混合,0.7530864197530864,0.16576086956521738
GRU 混合,0.7530864197530864,0.16621253405994552
GRU 混合,0.7530864197530864,0.16666666666666666
GRU 混合,0.7530864197530864,0.16712328767123288
GRU 混合,0.7530864197530864,0.16758241758241757
GRU 混合,0.7530864197530864,0.16804407713498623
GRU 混合,0.7530864197530864,0.1685082872928177
GRU 混合,0.7530864197530864,0.16897506925207756
GRU 混合,0.7407407407407407,0.16666666666666666
GRU 混合,0.7407407407407407,0.1671309192200557
GRU 混合,0.7407407407407407,0.16759776536312848
GRU 混合,0.7407407407407407,0.16806722689075632
GRU 混合,0.7407407407407407,0.16853932584269662
GRU 混合,0.7407407407407407,0.16901408450704225
GRU 混合,0.7407407407407407,0.1694915254237288
GRU 混合,0.7407407407407407,0.16997167138810199
GRU 混合,0.7407407407407407,0.17045454545454544
GRU 混合,0.7407407407407407,0.17094017094017094
GRU 混合,0.7407407407407407,0.17142857142857143
GRU 混合,0.7407407407407407,0.17191977077363896
GRU 混合,0.7407407407407407,0.1724137931034483
GRU 混合,0.7407407407407407,0.1729106628242075
GRU 混合,0.7407407407407407,0.17341040462427745
GRU 混合,0.7407407407407407,0.17391304347826086
GRU 混合,0.7407407407407407,0.1744186046511628
GRU 混合,0.7407407407407407,0.1749271137026239
GRU 混合,0.7407407407407407,0.17543859649122806
GRU 混合,0.7407407407407407,0.17595307917888564
GRU 混合,0.7407407407407407,0.17647058823529413
GRU 混合,0.7407407407407407,0.17699115044247787
GRU 混合,0.7407407407407407,0.17751479289940827
GRU 混合,0.7407407407407407,0.17804154302670624
GRU 混合,0.7407407407407407,0.17857142857142858
GRU 混合,0.7407407407407407,0.1791044776119403
GRU 混合,0.7407407407407407,0.17964071856287425
GRU 混合,0.7407407407407407,0.18018018018018017
GRU 混合,0.7407407407407407,0.18072289156626506
GRU 混合,0.7283950617283951,0.1782477341389728
GRU 混合,0.7283950617283951,0.1787878787878788
GRU 混合,0.7283950617283951,0.17933130699088146
GRU 混合,0.7283950617283951,0.1798780487804878
GRU 混合,0.7283950617283951,0.18042813455657492
GRU 混合,0.7283950617283951,0.18098159509202455
GRU 混合,0.7283950617283951,0.18153846153846154
GRU 混合,0.7283950617283951,0.18209876543209877
GRU 混合,0.7283950617283951,0.1826625386996904
GRU 混合,0.7283950617283951,0.18322981366459629
GRU 混合,0.7283950617283951,0.1838006230529595
GRU 混合,0.7283950617283951,0.184375
GRU 混合,0.7283950617283951,0.18495297805642633
GRU 混合,0.7283950617283951,0.18553459119496854
GRU 混合,0.7283950617283951,0.1861198738170347
GRU 混合,0.7283950617283951,0.18670886075949367
GRU 混合,0.7283950617283951,0.1873015873015873
GRU 混合,0.7283950617283951,0.18789808917197454
GRU 混合,0.7283950617283951,0.18849840255591055
GRU 混合,0.7283950617283951,0.1891025641025641
GRU 混合,0.7283950617283951,0.18971061093247588
GRU 混合,0.7283950617283951,0.19032258064516128
GRU 混合,0.7283950617283951,0.19093851132686085
GRU 混合,0.7283950617283951,0.19155844155844157
GRU 混合,0.7283950617283951,0.19218241042345277
GRU 混合,0.7283950617283951,0.19281045751633988
GRU 混合,0.7283950617283951,0.19344262295081968
GRU 混合,0.7283950617283951,0.19407894736842105
GRU 混合,0.7283950617283951,0.19471947194719472
GRU 混合,0.7283950617283951,0.19536423841059603
GRU 混合,0.7283950617283951,0.19601328903654486
GRU 混合,0.7283950617283951,0.19666666666666666
GRU 混合,0.7283950617283951,0.19732441471571907
GRU 混合,0.7283950617283951,0.19798657718120805
GRU 混合,0.7283950617283951,0.19865319865319866
GRU 混合,0.7283950617283951,0.19932432432432431
GRU 混合,0.7283950617283951,0.2
GRU 混合,0.7283950617283951,0.20068027210884354
GRU 混合,0.7283950617283951,0.20136518771331058
GRU 混合,0.7283950617283951,0.20205479452054795
GRU 混合,0.7283950617283951,0.2027491408934708
GRU 混合,0.7283950617283951,0.20344827586206896
GRU 混合,0.7283950617283951,0.2041522491349481
GRU 混合,0.7283950617283951,0.2048611111111111
GRU 混合,0.7283950617283951,0.20557491289198607
GRU 混合,0.7283950617283951,0.2062937062937063
GRU 混合,0.7283950617283951,0.20701754385964913
GRU 混合,0.7283950617283951,0.20774647887323944
GRU 混合,0.7283950617283951,0.20848056537102475
GRU 混合,0.7283950617283951,0.20921985815602837
GRU 混合,0.7283950617283951,0.2099644128113879
GRU 混合,0.7283950617283951,0.21071428571428572
GRU 混合,0.7283950617283951,0.2114695340501792
GRU 混合,0.7283950617283951,0.21223021582733814
GRU 混合,0.7283950617283951,0.21299638989169675
GRU 混合,0.7283950617283951,0.213768115942029
GRU 混合,0.7283950617283951,0.21454545454545454
GRU 混合,0.7283950617283951,0.21532846715328466
GRU 混合,0.7283950617283951,0.21611721611721613
GRU 混合,0.7283950617283951,0.21691176470588236
GRU 混合,0.7283950617283951,0.2177121771217712
GRU 混合,0.7283950617283951,0.21851851851851853
GRU 混合,0.7283950617283951,0.21933085501858737
GRU 混合,0.7283950617283951,0.22014925373134328
GRU 混合,0.7283950617283951,0.2209737827715356
GRU 混合,0.7283950617283951,0.22180451127819548
GRU 混合,0.7283950617283951,0.22264150943396227
GRU 混合,0.7283950617283951,0.22348484848484848
GRU 混合,0.7283950617283951,0.22433460076045628
GRU 混合,0.7283950617283951,0.22519083969465647
GRU 混合,0.7283950617283951,0.2260536398467433
GRU 混合,0.7283950617283951,0.22692307692307692
GRU 混合,0.7283950617283951,0.2277992277992278
GRU 混合,0.7283950617283951,0.22868217054263565
GRU 混合,0.7283950617283951,0.22957198443579765
GRU 混合,0.7283950617283951,0.23046875
GRU 混合,0.7283950617283951,0.23137254901960785
GRU 混合,0.7283950617283951,0.23228346456692914
GRU 混合,0.7283950617283951,0.233201581027668
GRU 混合,0.7283950617283951,0.23412698412698413
GRU 混合,0.7283950617283951,0.2350597609561753
GRU 混合,0.7283950617283951,0.236
GRU 混合,0.7283950617283951,0.23694779116465864
GRU 混合,0.7283950617283951,0.23790322580645162
GRU 混合,0.7283950617283951,0.2388663967611336
GRU 混合,0.7160493827160493,0.23577235772357724
GRU 混合,0.7160493827160493,0.23673469387755103
GRU 混合,0.7160493827160493,0.23770491803278687
GRU 混合,0.7160493827160493,0.23868312757201646
GRU 混合,0.7160493827160493,0.2396694214876033
GRU 混合,0.7160493827160493,0.24066390041493776
GRU 混合,0.7160493827160493,0.24166666666666667
GRU 混合,0.7160493827160493,0.24267782426778242
GRU 混合,0.7160493827160493,0.24369747899159663
GRU 混合,0.7160493827160493,0.24472573839662448
GRU 混合,0.7160493827160493,0.2457627118644068
GRU 混合,0.7160493827160493,0.24680851063829787
GRU 混合,0.7160493827160493,0.24786324786324787
GRU 混合,0.7160493827160493,0.24892703862660945
GRU 混合,0.7160493827160493,0.25
GRU 混合,0.7160493827160493,0.2510822510822511
GRU 混合,0.7160493827160493,0.25217391304347825
GRU 混合,0.7160493827160493,0.25327510917030566
GRU 混合,0.7160493827160493,0.2543859649122807
GRU 混合,0.7160493827160493,0.2555066079295154
GRU 混合,0.7160493827160493,0.25663716814159293
GRU 混合,0.7160493827160493,0.2577777777777778
GRU 混合,0.7160493827160493,0.25892857142857145
GRU 混合,0.7160493827160493,0.2600896860986547
GRU 混合,0.7160493827160493,0.26126126126126126
GRU 混合,0.7160493827160493,0.26244343891402716
GRU 混合,0.7160493827160493,0.2636363636363636
GRU 混合,0.7160493827160493,0.2648401826484018
GRU 混合,0.7160493827160493,0.26605504587155965
GRU 混合,0.7160493827160493,0.2672811059907834
GRU 混合,0.7160493827160493,0.26851851851851855
GRU 混合,0.7160493827160493,0.26976744186046514
GRU 混合,0.7160493827160493,0.27102803738317754
GRU 混合,0.7160493827160493,0.27230046948356806
GRU 混合,0.7160493827160493,0.27358490566037735
GRU 混合,0.7160493827160493,0.27488151658767773
GRU 混合,0.7160493827160493,0.2761904761904762
GRU 混合,0.7160493827160493,0.27751196172248804
GRU 混合,0.7160493827160493,0.27884615384615385
GRU 混合,0.7160493827160493,0.28019323671497587
GRU 混合,0.7160493827160493,0.2815533980582524
GRU 混合,0.7160493827160493,0.28292682926829266
GRU 混合,0.7160493827160493,0.28431372549019607
GRU 混合,0.7160493827160493,0.2857142857142857
GRU 混合,0.7160493827160493,0.2871287128712871
GRU 混合,0.7160493827160493,0.2885572139303483
GRU 混合,0.7160493827160493,0.29
GRU 混合,0.7160493827160493,0.2914572864321608
GRU 混合,0.7160493827160493,0.29292929292929293
GRU 混合,0.7160493827160493,0.29441624365482233
GRU 混合,0.7160493827160493,0.29591836734693877
GRU 混合,0.7160493827160493,0.29743589743589743
GRU 混合,0.7160493827160493,0.29896907216494845
GRU 混合,0.7160493827160493,0.3005181347150259
GRU 混合,0.7160493827160493,0.3020833333333333
GRU 混合,0.7160493827160493,0.3036649214659686
GRU 混合,0.7160493827160493,0.30526315789473685
GRU 混合,0.7160493827160493,0.30687830687830686
GRU 混合,0.7160493827160493,0.30851063829787234
GRU 混合,0.7160493827160493,0.31016042780748665
GRU 混合,0.7037037037037037,0.3064516129032258
GRU 混合,0.691358024691358,0.3027027027027027
GRU 混合,0.691358024691358,0.30434782608695654
GRU 混合,0.691358024691358,0.30601092896174864
GRU 混合,0.691358024691358,0.3076923076923077
GRU 混合,0.691358024691358,0.30939226519337015
GRU 混合,0.691358024691358,0.3111111111111111
GRU 混合,0.691358024691358,0.3128491620111732
GRU 混合,0.691358024691358,0.3146067415730337
GRU 混合,0.691358024691358,0.3163841807909605
GRU 混合,0.691358024691358,0.3181818181818182
GRU 混合,0.691358024691358,0.32
GRU 混合,0.691358024691358,0.3218390804597701
GRU 混合,0.691358024691358,0.3236994219653179
GRU 混合,0.691358024691358,0.32558139534883723
GRU 混合,0.691358024691358,0.32748538011695905
GRU 混合,0.691358024691358,0.32941176470588235
GRU 混合,0.691358024691358,0.33136094674556216
GRU 混合,0.691358024691358,0.3333333333333333
GRU 混合,0.691358024691358,0.33532934131736525
GRU 混合,0.691358024691358,0.3373493975903614
GRU 混合,0.691358024691358,0.3393939393939394
GRU 混合,0.691358024691358,0.34146341463414637
GRU 混合,0.691358024691358,0.34355828220858897
GRU 混合,0.691358024691358,0.345679012345679
GRU 混合,0.691358024691358,0.34782608695652173
GRU 混合,0.691358024691358,0.35
GRU 混合,0.691358024691358,0.3522012578616352
GRU 混合,0.6790123456790124,0.34810126582278483
GRU 混合,0.6790123456790124,0.3503184713375796
GRU 混合,0.6790123456790124,0.3525641025641026
GRU 混合,0.6790123456790124,0.3548387096774194
GRU 混合,0.6790123456790124,0.35714285714285715
GRU 混合,0.6666666666666666,0.35294117647058826
GRU 混合,0.6666666666666666,0.35526315789473684
GRU 混合,0.6666666666666666,0.3576158940397351
GRU 混合,0.6666666666666666,0.36
GRU 混合,0.6666666666666666,0.3624161073825503
GRU 混合,0.654320987654321,0.3581081081081081
GRU 混合,0.654320987654321,0.36054421768707484
GRU 混合,0.654320987654321,0.363013698630137
GRU 混合,0.654320987654321,0.36551724137931035
GRU 混合,0.654320987654321,0.3680555555555556
GRU 混合,0.654320987654321,0.3706293706293706
GRU 混合,0.654320987654321,0.3732394366197183
GRU 混合,0.654320987654321,0.375886524822695
GRU 混合,0.654320987654321,0.37857142857142856
GRU 混合,0.654320987654321,0.381294964028777
GRU 混合,0.654320987654321,0.38405797101449274
GRU 混合,0.654320987654321,0.38686131386861317
GRU 混合,0.654320987654321,0.3897058823529412
GRU 混合,0.654320987654321,0.3925925925925926
GRU 混合,0.654320987654321,0.39552238805970147
GRU 混合,0.654320987654321,0.39849624060150374
GRU 混合,0.654320987654321,0.4015151515151515
GRU 混合,0.654320987654321,0.40458015267175573
GRU 混合,0.6419753086419753,0.4
GRU 混合,0.6419753086419753,0.40310077519379844
GRU 混合,0.6419753086419753,0.40625
GRU 混合,0.6419753086419753,0.4094488188976378
GRU 混合,0.6419753086419753,0.4126984126984127
GRU 混合,0.6296296296296297,0.408
GRU 混合,0.6296296296296297,0.4112903225806452
GRU 混合,0.6296296296296297,0.4146341463414634
GRU 混合,0.6172839506172839,0.4098360655737705
GRU 混合,0.6172839506172839,0.4132231404958678
GRU 混合,0.6172839506172839,0.4166666666666667
GRU 混合,0.6172839506172839,0.42016806722689076
GRU 混合,0.6172839506172839,0.423728813559322
GRU 混合,0.6172839506172839,0.42735042735042733
GRU 混合,0.6172839506172839,0.43103448275862066
GRU 混合,0.6172839506172839,0.43478260869565216
GRU 混合,0.6172839506172839,0.43859649122807015
GRU 混合,0.6049382716049383,0.4336283185840708
GRU 混合,0.6049382716049383,0.4375
GRU 混合,0.6049382716049383,0.44144144144144143
GRU 混合,0.6049382716049383,0.44545454545454544
GRU 混合,0.6049382716049383,0.44954128440366975
GRU 混合,0.6049382716049383,0.4537037037037037
GRU 混合,0.6049382716049383,0.45794392523364486
GRU 混合,0.5925925925925926,0.4528301886792453
GRU 混合,0.5925925925925926,0.45714285714285713
GRU 混合,0.5925925925925926,0.46153846153846156
GRU 混合,0.5925925925925926,0.46601941747572817
GRU 混合,0.5925925925925926,0.47058823529411764
GRU 混合,0.5925925925925926,0.4752475247524752
GRU 混合,0.5925925925925926,0.48
GRU 混合,0.5925925925925926,0.48484848484848486
GRU 混合,0.5925925925925926,0.4897959183673469
GRU 混合,0.5925925925925926,0.4948453608247423
GRU 混合,0.5925925925925926,0.5
GRU 混合,0.5925925925925926,0.5052631578947369
GRU 混合,0.5802469135802469,0.5
GRU 混合,0.5802469135802469,0.5053763440860215
GRU 混合,0.5802469135802469,0.5108695652173914
GRU 混合,0.5802469135802469,0.5164835164835165
GRU 混合,0.5802469135802469,0.5222222222222223
GRU 混合,0.5679012345679012,0.5168539325842697
GRU 混合,0.5679012345679012,0.5227272727272727
GRU 混合,0.5555555555555556,0.5172413793103449
GRU 混合,0.5555555555555556,0.5232558139534884
GRU 混合,0.5432098765432098,0.5176470588235295
GRU 混合,0.5432098765432098,0.5238095238095238
GRU 混合,0.5308641975308642,0.5180722891566265
GRU 混合,0.5308641975308642,0.524390243902439
GRU 混合,0.5185185185185185,0.5185185185185185
GRU 混合,0.5061728395061729,0.5125
GRU 混合,0.5061728395061729,0.5189873417721519
GRU 混合,0.5061728395061729,0.5256410256410257
GRU 混合,0.49382716049382713,0.5194805194805194
GRU 混合,0.49382716049382713,0.5263157894736842
GRU 混合,0.48148148148148145,0.52
GRU 混合,0.4691358024691358,0.5135135135135135
GRU 混合,0.4691358024691358,0.5205479452054794
GRU 混合,0.4567901234567901,0.5138888888888888
GRU 混合,0.4444444444444444,0.5070422535211268
GRU 混合,0.43209876543209874,0.5
GRU 混合,0.43209876543209874,0.5072463768115942
GRU 混合,0.43209876543209874,0.5147058823529411
GRU 混合,0.41975308641975306,0.5074626865671642
GRU 混合,0.41975308641975306,0.5151515151515151
GRU 混合,0.4074074074074074,0.5076923076923077
GRU 混合,0.4074074074074074,0.515625
GRU 混合,0.3950617283950617,0.5079365079365079
GRU 混合,0.3950617283950617,0.5161290322580645
GRU 混合,0.3950617283950617,0.5245901639344263
GRU 混合,0.3950617283950617,0.5333333333333333
GRU 混合,0.38271604938271603,0.5254237288135594
GRU 混合,0.38271604938271603,0.5344827586206896
GRU 混合,0.38271604938271603,0.543859649122807
GRU 混合,0.38271604938271603,0.5535714285714286
GRU 混合,0.38271604938271603,0.5636363636363636
GRU 混合,0.37037037037037035,0.5555555555555556
GRU 混合,0.37037037037037035,0.5660377358490566
GRU 混合,0.35802469135802467,0.5576923076923077
GRU 混合,0.345679012345679,0.5490196078431373
GRU 混合,0.3333333333333333,0.54
GRU 混合,0.3333333333333333,0.5510204081632653
GRU 混合,0.3333333333333333,0.5625
GRU 混合,0.3333333333333333,0.574468085106383
GRU 混合,0.3333333333333333,0.5869565217391305
GRU 混合,0.32098765432098764,0.5777777777777777
GRU 混合,0.32098765432098764,0.5909090909090909
GRU 混合,0.30864197530864196,0.5813953488372093
GRU 混合,0.2962962962962963,0.5714285714285714
GRU 混合,0.2839506172839506,0.5609756097560976
GRU 混合,0.2839506172839506,0.575
GRU 混合,0.2839506172839506,0.5897435897435898
GRU 混合,0.2839506172839506,0.6052631578947368
GRU 混合,0.2839506172839506,0.6216216216216216
GRU 混合,0.2716049382716049,0.6111111111111112
GRU 混合,0.25925925925925924,0.6
GRU 混合,0.24691358024691357,0.5882352941176471
GRU 混合,0.2345679012345679,0.5757575757575758
GRU 混合,0.2345679012345679,0.59375
GRU 混合,0.2345679012345679,0.6129032258064516
GRU 混合,0.2222222222222222,0.6
GRU 混合,0.2222222222222222,0.6206896551724138
GRU 混合,0.20987654320987653,0.6071428571428571
GRU 混合,0.19753086419753085,0.5925925925925926
GRU 混合,0.19753086419753085,0.6153846153846154
GRU 混合,0.19753086419753085,0.64
GRU 混合,0.19753086419753085,0.6666666666666666
GRU 混合,0.18518518518518517,0.6521739130434783
GRU 混合,0.1728395061728395,0.6363636363636364
GRU 混合,0.1728395061728395,0.6666666666666666
GRU 混合,0.16049382716049382,0.65
GRU 混合,0.16049382716049382,0.6842105263157895
GRU 混合,0.16049382716049382,0.7222222222222222
GRU 混合,0.16049382716049382,0.7647058823529411
GRU 混合,0.16049382716049382,0.8125
GRU 混合,0.14814814814814814,0.8
GRU 混合,0.14814814814814814,0.8571428571428571
GRU 混合,0.14814814814814814,0.9230769230769231
GRU 混合,0.13580246913580246,0.9166666666666666
GRU 混合,0.12345679012345678,0.9090909090909091
GRU 混合,0.1111111111111111,0.9
GRU 混合,0.1111111111111111,1.0
GRU 混合,0.09876543209876543,1.0
GRU 混合,0.08641975308641975,1.0
GRU 混合,0.07407407407407407,1.0
GRU 混合,0.06172839506172839,1.0
GRU 混合,0.04938271604938271,1.0
GRU 混合,0.037037037037037035,1.0
GRU 混合,0.024691358024691357,1.0
GRU 混合,0.012345679012345678,1.0
GRU 混合,0.0,1.0
岭回归,1.0,0.01346409574468085
岭回归,1.0,0.013466334164588529
岭回归,1.0,0.013468573328899235
岭回归,1.0,0.013470813237984366
岭回归,1.0,0.01347305389221557
岭回归,1.0,0.013475295291964732
岭回归,1.0,0.013477537437603994
岭回归,1.0,0.01347978032950574
岭回归,1.0,0.01348202396804261
岭回归,1.0,0.013484268353587481
岭回归,1.0,0.013486513486513486
岭回归,1.0,0.013488759367194006
岭回归,1.0,0.013491005996002664
岭回归,1.0,0.013493253373313344
岭回归,1.0,0.013495501499500167
岭回归,1.0,0.013497750374937511
岭回归,1.0,0.0135
岭回归,1.0,0.013502250375062511
岭回归,1.0,0.013504501500500166
岭回归,1.0,0.013506753376688344
岭回归,1.0,0.013509006004002668
岭回归,1.0,0.013511259382819015
岭回归,1.0,0.013513513513513514
岭回归,1.0,0.013515768396462539
岭回归,1.0,0.013518024032042724
岭回归,1.0,0.013520280420630946
岭回归,1.0,0.013522537562604341
岭回归,1.0,0.01352479545834029
岭回归,1.0,0.013527054108216433
岭回归,1.0,0.013529313512610656
岭回归,1.0,0.013531573671901102
岭回归,1.0,0.013533834586466165
岭回归,1.0,0.013536096256684492
岭回归,1.0,0.013538358682934983
岭回归,1.0,0.01354062186559679
岭回归,1.0,0.013542885805049323
岭回归,1.0,0.01354515050167224
岭回归,1.0,0.013547415955845458
岭回归,1.0,0.013549682167949146
岭回归,1.0,0.013551949138363727
岭回归,1.0,0.01355421686746988
岭回归,1.0,0.013556485355648535
岭回归,1.0,0.013558754603280885
岭回归,1.0,0.013561024610748368
岭回归,1.0,0.013563295378432686
岭回归,1.0,0.013565566906715794
岭回归,1.0,0.013567839195979899
岭回归,1.0,0.013570112246607473
岭回归,1.0,0.013572386058981234
岭回归,1.0,0.013574660633484163
岭回归,1.0,0.013576935970499497
岭回归,1.0,0.01357921207041073
岭回归,1.0,0.01358148893360161
岭回归,1.0,0.013583766560456146
岭回归,1.0,0.013586044951358605
岭回归,1.0,0.013588324106693507
岭回归,1.0,0.013590604026845638
岭回归,1.0,0.013592884712200033
岭回归,1.0,0.013595166163141994
岭回归,1.0,0.013597448380057076
岭回归,1.0,0.013599731363331095
岭回归,1.0,0.013602015113350126
岭回归,1.0,0.013604299630500504
岭回归,1.0,0.013606584915168822
岭回归,1.0,0.013608870967741936
岭回归,1.0,0.013611157788606956
岭回归,1.0,0.01361344537815126
岭回归,1.0,0.01361573373676248
岭回归,1.0,0.013618022864828513
岭回归,1.0,0.013620312762737515
岭回归,1.0,0.013622603430877902
岭回归,1.0,0.013624894869638351
岭回归,1.0,0.013627187079407806
岭回归,1.0,0.013629480060575468
岭回归,1.0,0.013631773813530798
岭回归,1.0,0.013634068338663525
岭回归,1.0,0.013636363636363636
岭回归,1.0,0.013638659707021383
岭回归,1.0,0.013640956551027282
岭回归,1.0,0.013643254168772108
岭回归,1.0,0.0136455525606469
岭回归,1.0,0.013647851727042965
岭回归,1.0,0.013650151668351871
岭回归,1.0,0.013652452384965447
岭回归,1.0,0.013654753877275792
岭回归,1.0,0.013657056145675266
岭回归,1.0,0.013659359190556492
岭回归,1.0,0.013661663012312362
岭回归,1.0,0.013663967611336033
岭回归,1.0,0.01366627298802092
岭回归,1.0,0.013668579142760715
岭回归,1.0,0.013670886075949367
岭回归,1.0,0.013673193787981094
岭回归,1.0,0.01367550227925038
岭回归,1.0,0.013677811550151976
岭回归,1.0,0.013680121601080899
岭回归,1.0,0.013682432432432433
岭回归,1.0,0.013684744044602128
岭回归,1.0,0.013687056437985807
岭回归,1.0,0.01368936961297955
岭回归,1.0,0.013691683569979716
岭回归,1.0,0.013693998309382924
岭回归,1.0,0.013696313831586067
岭回归,1.0,0.0136986301369863
岭回归,1.0,0.013700947225981055
岭回归,1.0,0.013703265098968026
岭回归,1.0,0.013705583756345178
岭回归,1.0,0.013707903198510746
岭回归,1.0,0.013710223425863236
岭回归,1.0,0.013712544438801422
岭回归,1.0,0.013714866237724348
岭回归,1.0,0.013717188823031329
岭回归,1.0,0.013719512195121951
岭回归,1.0,0.01372183635439607
岭回归,1.0,0.013724161301253812
岭回归,1.0,0.013726487036095577
岭回归,1.0,0.013728813559322034
岭回归,1.0,0.013731140871334124
岭回归,1.0,0.013733468972533061
岭回归,1.0,0.013735797863320333
岭回归,1.0,0.013738127544097693
岭回归,1.0,0.013740458015267175
岭回归,1.0,0.013742789277231082
岭回归,1.0,0.01374512133039199
岭回归,1.0,0.01374745417515275
岭回归,1.0,0.013749787811916483
岭回归,1.0,0.013752122241086587
岭回归,1.0,0.013754457463066735
岭回归,1.0,0.01375679347826087
岭回归,1.0,0.013759130287073212
岭回归,1.0,0.013761467889908258
岭回归,1.0,0.013763806287170773
岭回归,1.0,0.013766145479265806
岭回归,1.0,0.013768485466598673
岭回归,1.0,0.013770826249574975
岭回归,1.0,0.013773167828600578
岭回归,1.0,0.013775510204081633
岭回归,1.0,0.013777853376424561
岭回归,1.0,0.013780197346036067
岭回归,1.0,0.013782542113323124
岭回归,1.0,0.013784887678692988
岭回归,1.0,0.01378723404255319
岭回归,1.0,0.013789581205311542
岭回归,1.0,0.013791929167376128
岭回归,1.0,0.013794277929155314
岭回归,1.0,0.013796627491057742
岭回归,1.0,0.013798977853492335
岭回归,1.0,0.01380132901686829
岭回归,1.0,0.013803680981595092
岭回归,1.0,0.013806033748082496
岭回归,1.0,0.013808387316740538
岭回归,1.0,0.01381074168797954
岭回归,1.0,0.013813096862210095
岭回归,1.0,0.013815452839843085
岭回归,1.0,0.013817809621289662
岭回归,1.0,0.013820167206961269
岭回归,1.0,0.013822525597269625
岭回归,1.0,0.013824884792626729
岭回归,1.0,0.013827244793444863
岭回归,1.0,0.013829605600136588
岭回归,1.0,0.013831967213114754
岭回归,1.0,0.013834329632792484
岭回归,1.0,0.01383669285958319
岭回归,1.0,0.013839056893900564
岭回归,1.0,0.013841421736158578
岭回归,1.0,0.013843787386771491
岭回归,1.0,0.013846153846153847
岭回归,1.0,0.013848521114720465
岭回归,1.0,0.013850889192886457
岭回归,1.0,0.013853258081067214
岭回归,1.0,0.013855627779678413
岭回归,1.0,0.013857998289136014
岭回归,1.0,0.013860369609856264
岭回归,1.0,0.01386274174225569
岭回归,1.0,0.013865114686751112
岭回归,1.0,0.01386748844375963
岭回归,1.0,0.01386986301369863
岭回归,1.0,0.013872238396985785
岭回归,1.0,0.013874614594039054
岭回归,1.0,0.013876991605276683
岭回归,1.0,0.013879369431117203
岭回归,1.0,0.013881748071979434
岭回归,1.0,0.013884127528282482
岭回归,1.0,0.01388650780044574
岭回归,1.0,0.013888888888888888
岭回归,1.0,0.013891270794031898
岭回归,1.0,0.013893653516295026
岭回归,1.0,0.013896037056098817
岭回归,1.0,0.013898421413864104
岭回归,1.0,0.013900806590012013
岭回归,1.0,0.013903192584963954
岭回归,1.0,0.01390557939914163
岭回归,1.0,0.013907967032967032
岭回归,1.0,0.013910355486862442
岭回归,1.0,0.01391274476125043
岭回归,1.0,0.013915134856553856
岭回归,1.0,0.013917525773195877
岭回归,1.0,0.013919917511599931
岭回归,1.0,0.013922310072189756
岭回归,1.0,0.013924703455389376
岭回归,1.0,0.013927097661623108
岭回归,1.0,0.013929492691315564
岭回归,1.0,0.01393188854489164
岭回归,1.0,0.013934285222776536
岭回归,1.0,0.013936682725395734
岭回归,1.0,0.013939081053175014
岭回归,1.0,0.013941480206540447
岭回归,1.0,0.013943880185918403
岭回归,1.0,0.013946280991735538
岭回归,1.0,0.013948682624418805
岭回归,1.0,0.013951085084395453
岭回归,1.0,0.013953488372093023
岭回归,1.0,0.013955892487939351
岭回归,1.0,0.01395829743236257
岭回归,1.0,0.013960703205791106
岭回归,1.0,0.01396310980865368
岭回归,1.0,0.01396551724137931
岭回归,1.0,0.01396792550439731
岭回归,1.0,0.013970334598137289
岭回归,1.0,0.013972744523029153
岭回归,1.0,0.013975155279503106
岭回归,1.0,0.013977566867989646
岭回归,1.0,0.013979979288919572
岭回归,1.0,0.013982392542723977
岭回归,1.0,0.013984806629834255
岭回归,1.0,0.013987221550682093
岭回归,1.0,0.013989637305699482
岭回归,1.0,0.013992053895318707
岭回归,1.0,0.013994471319972357
岭回归,1.0,0.013996889580093312
岭回归,1.0,0.01399930867611476
岭回归,1.0,0.014001728608470182
岭回归,1.0,0.014004149377593362
岭回归,1.0,0.014006570983918382
岭回归,1.0,0.014008993427879627
岭回归,1.0,0.01401141670991178
岭回归,1.0,0.014013840830449827
岭回归,1.0,0.014016265789929053
岭回归,1.0,0.014018691588785047
岭回归,1.0,0.014021118227453696
岭回归,1.0,0.01402354570637119
岭回归,1.0,0.014025974025974027
岭回归,1.0,0.014028403186698995
岭回归,1.0,0.014030833188983198
岭回归,1.0,0.014033264033264034
岭回归,1.0,0.014035695719979206
岭回归,1.0,0.014038128249566724
岭回归,1.0,0.014040561622464899
岭回归,1.0,0.014042995839112345
岭回归,1.0,0.01404543089994798
岭回归,1.0,0.01404786680541103
岭回归,1.0,0.014050303555941024
岭回归,1.0,0.014052741151977794
岭回归,1.0,0.014055179593961478
岭回归,1.0,0.014057618882332524
岭回归,1.0,0.014060059017531679
岭回归,1.0,0.0140625
岭回归,1.0,0.01406494183017885
岭回归,1.0,0.0140673845085099
岭回归,1.0,0.014069828035435123
岭回归,1.0,0.014072272411396804
岭回归,1.0,0.014074717636837533
岭回归,1.0,0.014077163712200209
岭回归,1.0,0.014079610637928038
岭回归,1.0,0.014082058414464534
岭回归,1.0,0.014084507042253521
岭回归,1.0,0.01408695652173913
岭回归,1.0,0.014089406853365802
岭回归,1.0,0.014091858037578288
岭回归,1.0,0.014094310074821646
岭回归,1.0,0.014096762965541246
岭回归,1.0,0.014099216710182768
岭回归,1.0,0.014101671309192201
岭回归,1.0,0.014104126763015845
岭回归,1.0,0.014106583072100314
岭回归,1.0,0.014109040236892528
岭回归,1.0,0.014111498257839722
岭回归,1.0,0.014113957135389441
岭回归,1.0,0.014116416869989544
岭回归,1.0,0.0141188774620882
岭回归,1.0,0.014121338912133892
岭回归,1.0,0.014123801220575414
岭回归,1.0,0.014126264387861876
岭回归,1.0,0.0141287284144427
岭回归,1.0,0.014131193300767621
岭回归,1.0,0.014133659047286687
岭回归,1.0,0.014136125654450262
岭回归,1.0,0.014138593122709025
岭回归,1.0,0.014141061452513967
岭回归,1.0,0.014143530644316397
岭回归,1.0,0.014146000698567935
岭回归,1.0,0.014148471615720524
岭回归,1.0,0.014150943396226415
岭回归,1.0,0.014153416040538179
岭回归,1.0,0.014155889549108703
岭回归,1.0,0.01415836392239119
岭回归,1.0,0.014160839160839161
岭回归,1.0,0.014163315264906452
岭回归,1.0,0.01416579223504722
岭回归,1.0,0.014168270071715935
岭回归,1.0,0.01417074877536739
岭回归,1.0,0.014173228346456693
岭回归,1.0,0.014175708785439271
岭回归,1.0,0.014178190092770873
岭回归,1.0,0.014180672268907563
岭回归,1.0,0.014183155314305727
岭回归,1.0,0.014185639229422066
岭回归,1.0,0.01418812401471361
岭回归,1.0,0.014190609670637701
岭回归,1.0,0.014193096197652006
岭回归,1.0,0.014195583596214511
岭回归,1.0,0.014198071866783523
岭回归,1.0,0.014200561009817671
岭回归,1.0,0.014203051025775907
岭回归,1.0,0.014205541915117503
岭回归,1.0,0.014208033678302052
岭回归,1.0,0.014210526315789474
岭回归,1.0,0.014213019828040007
岭回归,1.0,0.014215514215514216
岭回归,1.0,0.014218009478672985
岭回归,1.0,0.014220505617977528
岭回归,1.0,0.014223002633889377
岭回归,1.0,0.01422550052687039
岭回归,1.0,0.01422799929738275
岭回归,1.0,0.014230498945888967
岭回归,1.0,0.014232999472851872
岭回归,1.0,0.014235500878734621
岭回归,1.0,0.014238003164000703
岭回归,1.0,0.014240506329113924
岭回归,1.0,0.014243010374538422
岭回归,1.0,0.014245515300738656
岭回归,1.0,0.01424802110817942
岭回归,1.0,0.014250527797325828
岭回归,1.0,0.014253035368643321
岭回归,1.0,0.014255543822597676
岭回归,1.0,0.01425805315965499
岭回归,1.0,0.01426056338028169
岭回归,1.0,0.014263074484944533
岭回归,1.0,0.014265586474110602
岭回归,1.0,0.014268099348247314
岭回归,1.0,0.01427061310782241
岭回归,1.0,0.014273127753303964
岭回归,1.0,0.01427564328516038
岭回归,1.0,0.014278159703860392
岭回归,1.0,0.014280677009873061
岭回归,1.0,0.014283195203667784
岭回归,1.0,0.014285714285714285
岭回归,1.0,0.014288234256482625
岭回归,1.0,0.01429075511644319
岭回归,1.0,0.014293276866066702
岭回归,1.0,0.014295799505824214
岭回归,1.0,0.014298323036187114
岭回归,1.0,0.014300847457627119
岭回归,1.0,0.01430337277061628
岭回归,1.0,0.014305898975626986
岭回归,1.0,0.014308426073131956
岭回归,1.0,0.01431095406360424
岭回归,1.0,0.014313482947517229
岭回归,1.0,0.014316012725344645
岭回归,1.0,0.014318543397560545
岭回归,1.0,0.014321074964639321
岭回归,1.0,0.014323607427055704
岭回归,1.0,0.014326140785284755
岭回归,1.0,0.014328675039801874
岭回归,1.0,0.014331210191082803
岭回归,1.0,0.01433374623960361
岭回归,1.0,0.014336283185840707
岭回归,1.0,0.014338821030270845
岭回归,1.0,0.014341359773371105
岭回归,1.0,0.014343899415618913
岭回归,1.0,0.014346439957492029
岭回归,1.0,0.014348981399468556
岭回归,1.0,0.014351523742026931
岭回归,1.0,0.014354066985645933
岭回归,1.0,0.01435661113080468
岭回归,1.0,0.014359156177982627
岭回归,1.0,0.014361702127659574
岭回归,1.0,0.014364248980315658
岭回归,1.0,0.014366796736431358
岭回归,1.0,0.014369345396487493
岭回归,1.0,0.014371894960965224
岭回归,1.0,0.014374445430346052
岭回归,1.0,0.01437699680511182
岭回归,1.0,0.014379549085744719
岭回归,1.0,0.014382102272727272
岭回归,1.0,0.014384656366542355
岭回归,1.0,0.014387211367673179
岭回归,1.0,0.014389767276603304
岭回归,1.0,0.014392324093816631
岭回归,1.0,0.014394881819797405
岭回归,1.0,0.014397440455030218
岭回归,1.0,0.0144
岭回归,1.0,0.014402560455192033
岭回归,1.0,0.014405121821091944
岭回归,1.0,0.0144076840981857
岭回归,1.0,0.014410247286959615
岭回归,1.0,0.014412811387900355
岭回归,1.0,0.014415376401494928
岭回归,1.0,0.014417942328230687
岭回归,1.0,0.014420509168595335
岭回归,1.0,0.014423076923076924
岭回归,1.0,0.014425645592163847
岭回归,1.0,0.014428215176344851
岭回归,1.0,0.014430785676109033
岭回归,1.0,0.01443335709194583
岭回归,1.0,0.014435929424345037
岭回归,1.0,0.014438502673796792
岭回归,1.0,0.014441076840791585
岭回归,1.0,0.014443651925820257
岭回归,1.0,0.014446227929373997
岭回归,1.0,0.014448804851944346
岭回归,1.0,0.014451382694023194
岭回归,1.0,0.014453961456102784
岭回归,1.0,0.01445654113867571
岭回归,1.0,0.014459121742234916
岭回归,1.0,0.0144617032672737
岭回归,1.0,0.014464285714285714
岭回归,1.0,0.014466869083764959
岭回归,1.0,0.014469453376205787
岭回归,1.0,0.014472038592102911
岭回归,1.0,0.014474624731951394
岭回归,1.0,0.014477211796246649
岭回归,1.0,0.014479799785484448
岭回归,1.0,0.014482388700160916
岭回归,1.0,0.014484978540772532
岭回归,1.0,0.014487569307816132
岭回归,1.0,0.014490161001788909
岭回归,1.0,0.014492753623188406
岭回归,1.0,0.014495347172512527
岭回归,1.0,0.01449794165025953
岭回归,1.0,0.014500537056928034
岭回归,1.0,0.01450313339301701
岭回归,1.0,0.014505730659025788
岭回归,1.0,0.014508328855454057
岭回归,1.0,0.014510927982801862
岭回归,1.0,0.014513528041569612
岭回归,1.0,0.014516129032258065
岭回归,1.0,0.014518730955368346
岭回归,1.0,0.014521333811401936
岭回归,1.0,0.014523937600860678
岭回归,1.0,0.014526542324246772
岭回归,1.0,0.014529147982062781
岭回归,1.0,0.014531754574811625
岭回归,1.0,0.01453436210299659
岭回归,1.0,0.01453697056712132
岭回归,1.0,0.014539579967689823
岭回归,1.0,0.014542190305206463
岭回归,1.0,0.014544801580175975
岭回归,1.0,0.014547413793103448
岭回归,1.0,0.014550026944494341
岭回归,1.0,0.014552641034854473
岭回归,1.0,0.014555256064690027
岭回归,1.0,0.014557872034507549
岭回归,1.0,0.01456048894481395
岭回归,1.0,0.014563106796116505
岭回归,1.0,0.014565725588922855
岭回归,1.0,0.014568345323741008
岭回归,1.0,0.01457096600107933
岭回归,1.0,0.014573587621446563
岭回归,1.0,0.014576210185351808
岭回归,1.0,0.014578833693304536
岭回归,1.0,0.014581458145814581
岭回归,1.0,0.01458408354339215
岭回归,1.0,0.014586709886547812
岭回归,1.0,0.014589337175792506
岭回归,1.0,0.014591965411637544
岭回归,1.0,0.014594594594594595
岭回归,1.0,0.014597224725175707
岭回归,1.0,0.014599855803893294
岭回归,1.0,0.014602487831260141
岭回归,1.0,0.014605120807789397
岭回归,1.0,0.01460775473399459
岭回归,1.0,0.01461038961038961
岭回归,1.0,0.014613025437488724
岭回归,1.0,0.014615662215806569
岭回归,1.0,0.014618299945858148
岭回归,1.0,0.014620938628158844
岭回归,1.0,0.01462357826322441
岭回归,1.0,0.014626218851570965
岭回归,1.0,0.014628860393715009
岭回归,1.0,0.01463150289017341
岭回归,1.0,0.014634146341463415
岭回归,1.0,0.014636790748102639
岭回归,1.0,0.014639436110609073
岭回归,1.0,0.014642082429501085
岭回归,1.0,0.014644729705297415
岭回归,1.0,0.014647377938517179
岭回归,1.0,0.01465002712967987
岭回归,1.0,0.014652677279305354
岭回归,1.0,0.014655328387913877
岭回归,1.0,0.014657980456026058
岭回归,1.0,0.014660633484162897
岭回归,1.0,0.014663287472845763
岭回归,1.0,0.014665942422596416
岭回归,1.0,0.01466859833393698
岭回归,1.0,0.014671255207389966
岭回归,1.0,0.014673913043478261
岭回归,1.0,0.014676571842725132
岭回归,1.0,0.014679231605654222
岭回归,1.0,0.01468189233278956
岭回归,1.0,0.014684554024655547
岭回归,1.0,0.014687216681776971
岭回归,1.0,0.014689880304679
岭回归,1.0,0.014692544893887176
岭回归,1.0,0.01469521044992743
岭回归,1.0,0.014697876973326075
岭回归,1.0,0.0147005444646098
岭回归,1.0,0.01470321292430568
岭回归,1.0,0.014705882352941176
岭回归,1.0,0.014708552751044126
岭回归,1.0,0.014711224119142753
岭回归,1.0,0.014713896457765668
岭回归,1.0,0.01471656976744186
岭回归,1.0,0.01471924404870071
岭回归,1.0,0.014721919302071973
岭回归,1.0,0.014724595528085803
岭回归,1.0,0.014727272727272728
岭回归,1.0,0.014729950900163666
岭回归,1.0,0.014732630047289924
岭回归,1.0,0.014735310169183191
岭回归,1.0,0.014737991266375546
岭回归,1.0,0.014740673339399454
岭回归,1.0,0.014743356388787768
岭回归,1.0,0.01474604041507373
岭回归,1.0,0.014748725418790968
岭回归,1.0,0.014751411400473502
岭回归,1.0,0.014754098360655738
岭回归,1.0,0.014756786299872472
岭回归,1.0,0.014759475218658892
岭回归,1.0,0.014762165117550574
岭回归,1.0,0.014764855997083486
岭回归,1.0,0.014767547857793984
岭回归,1.0,0.01477024070021882
岭回归,1.0,0.01477293452489513
岭回归,1.0,0.014775629332360452
岭回归,1.0,0.014778325123152709
岭回归,1.0,0.014781021897810219
岭回归,1.0,0.014783719656871691
岭回归,1.0,0.014786418400876232
岭回归,1.0,0.014789118130363337
岭回归,1.0,0.0147918188458729
岭回归,1.0,0.014794520547945205
岭回归,1.0,0.014797223237120936
岭回归,1.0,0.014799926913941166
岭回归,1.0,0.014802631578947368
岭回归,1.0,0.01480533723268141
岭回归,1.0,0.014808043875685557
岭回归,1.0,0.014810751508502468
岭回归,1.0,0.0148134601316752
岭回归,1.0,0.014816169745747211
岭回归,1.0,0.014818880351262349
岭回归,1.0,0.014821591948764867
岭回归,1.0,0.014824304538799415
岭回归,1.0,0.014827018121911038
岭回归,1.0,0.014829732698645185
岭回归,1.0,0.014832448269547702
岭回归,1.0,0.014835164835164835
岭回归,1.0,0.014837882396043231
岭回归,1.0,0.014840600952729937
岭回归,1.0,0.014843320505772403
岭回归,1.0,0.014846041055718476
岭回归,1.0,0.014848762603116407
岭回归,1.0,0.01485148514851485
岭回归,1.0,0.014854208692462864
岭回归,1.0,0.014856933235509904
岭回归,1.0,0.014859658778205834
岭回归,1.0,0.014862385321100917
岭回归,1.0,0.014865112864745825
岭回归,1.0,0.01486784140969163
岭回归,1.0,0.01487057095648981
岭回归,1.0,0.01487330150569225
岭回归,1.0,0.01487603305785124
岭回归,1.0,0.014878765613519472
岭回归,1.0,0.014881499173250046
岭回归,1.0,0.014884233737596472
岭回归,1.0,0.014886969307112663
岭回归,1.0,0.01488970588235294
岭回归,1.0,0.014892443463872035
岭回归,1.0,0.014895182052225083
岭回归,1.0,0.014897921647967629
岭回归,1.0,0.014900662251655629
岭回归,1.0,0.014903403863845446
岭回归,1.0,0.014906146485093854
岭回归,1.0,0.014908890115958034
岭回归,1.0,0.014911634756995583
岭回归,1.0,0.0149143804087645
岭回归,1.0,0.014917127071823204
岭回归,1.0,0.01491987474673052
岭回归,1.0,0.01492262343404569
岭回归,1.0,0.014925373134328358
岭回归,1.0,0.014928123848138592
岭回归,1.0,0.014930875576036867
岭回归,1.0,0.014933628318584071
岭回归,1.0,0.014936382076341508
岭回归,1.0,0.014939136849870896
岭回归,1.0,0.014941892639734366
岭回归,1.0,0.014944649446494465
岭回归,1.0,0.014947407270714154
岭回归,1.0,0.014950166112956811
岭回归,1.0,0.01495292597378623
岭回归,1.0,0.014955686853766617
岭回归,1.0,0.014958448753462604
岭回归,1.0,0.014961211673439232
岭回归,1.0,0.014963975614261962
岭回归,1.0,0.014966740576496674
岭回归,1.0,0.014969506560709665
岭回归,1.0,0.014972273567467652
岭回归,1.0,0.014975041597337771
岭回归,1.0,0.014977810650887574
岭回归,1.0,0.014980580728685038
岭回归,1.0,0.014983351831298557
岭回归,1.0,0.014986123959296948
岭回归,1.0,0.014988897113249446
岭回归,1.0,0.014991671293725709
岭回归,1.0,0.014994446501295817
岭回归,1.0,0.014997222736530272
岭回归,1.0,0.015
岭回归,1.0,0.015002778292276347
岭回归,1.0,0.015005557613931086
岭回归,1.0,0.01500833796553641
岭回归,1.0,0.015011119347664937
岭回归,1.0,0.015013901760889712
岭回归,1.0,0.015016685205784204
岭回归,1.0,0.015019469682922306
岭回归,1.0,0.015022255192878338
岭回归,1.0,0.015025041736227046
岭回归,1.0,0.015027829313543599
岭回归,1.0,0.0150306179254036
岭回归,1.0,0.015033407572383074
岭回归,1.0,0.015036198255058475
岭回归,1.0,0.015038989974006683
岭回归,1.0,0.015041782729805013
岭回归,1.0,0.015044576523031204
岭回归,1.0,0.015047371354263421
岭回归,1.0,0.015050167224080268
岭回归,1.0,0.01505296413306077
岭回归,1.0,0.015055762081784387
岭回归,1.0,0.01505856107083101
岭回归,1.0,0.015061361100780959
岭回归,1.0,0.01506416217221499
岭回归,1.0,0.015066964285714286
岭回归,1.0,0.015069767441860464
岭回归,1.0,0.015072571641235578
岭回归,1.0,0.01507537688442211
岭回归,1.0,0.015078183172002978
岭回归,1.0,0.015080990504561534
岭回归,1.0,0.015083798882681564
岭回归,1.0,0.01508660830694729
岭回归,1.0,0.015089418777943368
岭回归,1.0,0.01509223029625489
岭回归,1.0,0.015095042862467387
岭回归,1.0,0.015097856477166821
岭回归,1.0,0.015100671140939598
岭回归,1.0,0.015103486854372553
岭回归,1.0,0.015106303618052964
岭回归,1.0,0.01510912143256855
岭回归,1.0,0.015111940298507463
岭回归,1.0,0.015114760216458294
岭回归,1.0,0.015117581187010079
岭回归,1.0,0.015120403210752286
岭回归,1.0,0.015123226288274831
岭回归,1.0,0.015126050420168067
岭回归,1.0,0.015128875607022786
岭回归,1.0,0.015131701849430227
岭回归,1.0,0.015134529147982063
岭回归,1.0,0.015137357503270417
岭回归,1.0,0.01514018691588785
岭回归,1.0,0.01514301738642737
岭回归,1.0,0.015145848915482424
岭回归,1.0,0.015148681503646904
岭回归,1.0,0.015151515151515152
岭回归,1.0,0.015154349859681946
岭回归,1.0,0.015157185628742515
岭回归,1.0,0.015160022459292532
岭回归,1.0,0.015162860351928117
岭回归,1.0,0.015165699307245834
岭回归,1.0,0.015168539325842697
岭回归,1.0,0.015171380408316164
岭回归,1.0,0.015174222555264143
岭回归,1.0,0.01517706576728499
岭回归,1.0,0.015179910044977511
岭回归,1.0,0.015182755388940957
岭回归,1.0,0.015185601799775027
岭回归,1.0,0.01518844927807988
岭回归,1.0,0.015191297824456114
岭回归,1.0,0.015194147439504783
岭回归,1.0,0.015196998123827393
岭回归,1.0,0.015199849878025896
岭回归,1.0,0.015202702702702704
岭回归,1.0,0.015205556598460672
岭回归,1.0,0.015208411565903118
岭回归,1.0,0.015211267605633802
岭回归,1.0,0.01521412471825695
岭回归,1.0,0.015216982904377232
岭回归,1.0,0.015219842164599774
岭回归,1.0,0.015222702499530163
岭回归,1.0,0.015225563909774436
岭回归,1.0,0.015228426395939087
岭回归,1.0,0.015231289958631064
岭回归,1.0,0.015234154598457776
岭回归,1.0,0.015237020316027089
岭回归,1.0,0.015239887111947318
岭回归,1.0,0.015242754986827249
岭回归,1.0,0.015245623941276116
岭回归,1.0,0.015248493975903615
岭回归,1.0,0.015251365091319902
岭回归,1.0,0.015254237288135594
岭回归,1.0,0.015257110566961763
岭回归,1.0,0.015259984928409947
岭回归,1.0,0.015262860373092142
岭回归,1.0,0.015265736901620806
岭回归,1.0,0.015268614514608859
岭回归,1.0,0.015271493212669683
岭回归,1.0,0.015274372996417122
岭回归,1.0,0.015277253866465485
岭回归,1.0,0.015280135823429542
岭回归,1.0,0.015283018867924528
岭回归,1.0,0.015285903000566144
岭回归,1.0,0.015288788221970554
岭回归,1.0,0.015291674532754389
岭回归,1.0,0.015294561933534742
岭回归,1.0,0.01529745042492918
岭回归,1.0,0.015300340007555724
岭回归,1.0,0.015303230682032874
岭回归,1.0,0.015306122448979591
岭回归,1.0,0.015309015309015309
岭回归,1.0,0.015311909262759925
岭回归,1.0,0.015314804310833806
岭回归,1.0,0.015317700453857792
岭回归,1.0,0.015320597692453187
岭回归,1.0,0.01532349602724177
岭回归,1.0,0.01532639545884579
岭回归,1.0,0.015329295987887964
岭回归,1.0,0.015332197614991482
岭回归,1.0,0.015335100340780007
岭回归,1.0,0.015338004165877675
岭回归,1.0,0.01534090909090909
岭回归,1.0,0.015343815116499336
岭回归,1.0,0.015346722243273967
岭回归,1.0,0.015349630471859011
岭回归,1.0,0.01535253980288097
岭回归,1.0,0.015355450236966824
岭回归,1.0,0.015358361774744027
岭回归,1.0,0.015361274416840508
岭回归,1.0,0.015364188163884674
岭回归,1.0,0.015367103016505406
岭回归,1.0,0.015370018975332068
岭回归,1.0,0.015372936040994496
岭回归,1.0,0.015375854214123007
岭回归,1.0,0.015378773495348396
岭回归,1.0,0.015381693885301938
岭回归,1.0,0.015384615384615385
岭回归,1.0,0.015387537993920973
岭回归,1.0,0.015390461713851415
岭回归,1.0,0.01539338654503991
岭回归,1.0,0.01539631248812013
岭回归,1.0,0.015399239543726236
岭回归,1.0,0.01540216771249287
岭回归,1.0,0.015405096995055155
岭回归,1.0,0.015408027392048697
岭回归,1.0,0.015410958904109588
岭回归,1.0,0.015413891531874405
岭回归,1.0,0.015416825275980206
岭回归,1.0,0.015419760137064534
岭回归,1.0,0.015422696115765423
岭回归,1.0,0.015425633212721387
岭回归,1.0,0.015428571428571429
岭回归,1.0,0.015431510763955039
岭回归,1.0,0.015434451219512195
岭回归,1.0,0.015437392795883362
岭回归,1.0,0.015440335493709493
岭回归,1.0,0.01544327931363203
岭回归,1.0,0.015446224256292907
岭回归,1.0,0.015449170322334541
岭回归,1.0,0.015452117512399848
岭回归,1.0,0.015455065827132226
岭回归,1.0,0.015458015267175572
岭回归,1.0,0.01546096583317427
岭回归,1.0,0.015463917525773196
岭回归,1.0,0.01546687034561772
岭回归,1.0,0.015469824293353706
岭回归,1.0,0.015472779369627506
岭回归,1.0,0.015475735575085976
岭回归,1.0,0.015478692910376457
岭回归,1.0,0.01548165137614679
岭回归,1.0,0.015484610973045307
岭回归,1.0,0.015487571701720841
岭回归,1.0,0.01549053356282272
岭回归,1.0,0.015493496557000766
岭回归,1.0,0.0154964606849053
岭回归,1.0,0.015499425947187142
岭回归,1.0,0.015502392344497608
岭回归,1.0,0.015505359877488514
岭回归,1.0,0.015508328546812177
岭回归,1.0,0.015511298353121409
岭回归,1.0,0.015514269297069528
岭回归,1.0,0.015517241379310345
岭回归,1.0,0.01552021460049818
岭回归,1.0,0.01552318896128785
岭回归,1.0,0.015526164462334674
岭回归,1.0,0.015529141104294479
岭回归,1.0,0.015532118887823586
岭回归,1.0,0.015535097813578827
岭回归,1.0,0.015538077882217532
岭回归,1.0,0.015541059094397545
岭回归,1.0,0.015544041450777202
岭回归,1.0,0.015547024952015355
岭回归,1.0,0.015550009598771357
岭回归,1.0,0.01555299539170507
岭回归,1.0,0.015555982331476858
岭回归,1.0,0.0155589704187476
岭回归,1.0,0.015561959654178675
岭回归,1.0,0.015564950038431976
岭回归,1.0,0.015567941572169902
岭回归,1.0,0.015570934256055362
岭回归,1.0,0.015573928090751778
岭回归,1.0,0.015576923076923077
岭回归,1.0,0.015579919215233698
岭回归,1.0,0.015582916506348595
岭回归,1.0,0.01558591495093323
岭回归,1.0,0.01558891454965358
岭回归,1.0,0.015591915303176131
岭回归,1.0,0.015594917212167885
岭回归,1.0,0.01559792027729636
岭回归,1.0,0.015600924499229583
岭回归,1.0,0.0156039298786361
岭回归,1.0,0.01560693641618497
岭回归,1.0,0.01560994411254577
岭回归,1.0,0.01561295296838859
岭回归,1.0,0.015615962984384037
岭回归,1.0,0.015618974161203239
岭回归,1.0,0.01562198649951784
岭回归,1.0,0.015625
岭回归,1.0,0.0156280146633224
岭回归,1.0,0.01563103049015824
岭回归,1.0,0.01563404748118124
岭回归,1.0,0.01563706563706564
岭回归,1.0,0.015640084958486195
岭回归,1.0,0.015643105446118192
岭回归,1.0,0.015646127100637435
岭回归,1.0,0.01564914992272025
岭回归,1.0,0.01565217391304348
岭回归,1.0,0.0156551990722845
岭回归,1.0,0.015658225401121207
岭回归,1.0,0.015661252900232018
岭回归,1.0,0.015664281570295882
岭回归,1.0,0.015667311411992263
岭回归,1.0,0.01567034242600116
岭回归,1.0,0.015673374613003097
岭回归,1.0,0.015676407973679116
岭回归,1.0,0.0156794425087108
岭回归,1.0,0.01568247821878025
岭回归,1.0,0.0156855151045701
岭回归,1.0,0.01568855316676351
岭回归,1.0,0.015691592406044168
岭回归,1.0,0.0156946328230963
岭回归,1.0,0.015697674418604653
岭回归,1.0,0.015700717193254506
岭回归,1.0,0.015703761147731678
岭回归,1.0,0.015706806282722512
岭回归,1.0,0.015709852598913887
岭回归,1.0,0.01571290009699321
岭回归,1.0,0.01571594877764843
岭回归,1.0,0.01571899864156802
岭回归,1.0,0.015722049689440992
岭回归,1.0,0.0157251019219569
岭回归,1.0,0.015728155339805826
岭回归,1.0,0.015731209943678385
岭回归,1.0,0.015734265734265736
岭回归,1.0,0.01573732271225957
岭回归,1.0,0.01574038087835212
岭回归,1.0,0.01574344023323615
岭回归,1.0,0.015746500777604977
岭回归,1.0,0.01574956251215244
岭回归,1.0,0.01575262543757293
岭回归,1.0,0.01575568955456137
岭回归,1.0,0.01575875486381323
岭回归,1.0,0.01576182136602452
岭回归,1.0,0.015764889061891788
岭回归,1.0,0.015767957952112128
岭回归,1.0,0.015771028037383176
岭回归,1.0,0.015774099318403116
岭回归,1.0,0.015777171795870668
岭回归,1.0,0.015780245470485097
岭回归,1.0,0.01578332034294622
岭回归,1.0,0.015786396413954396
岭回归,1.0,0.015789473684210527
岭回归,1.0,0.015792552154416065
岭回归,1.0,0.01579563182527301
岭回归,1.0,0.01579871269748391
岭回归,1.0,0.015801794771751854
岭回归,1.0,0.015804878048780488
岭回归,1.0,0.015807962529274005
岭回归,1.0,0.015811048213937147
岭回归,1.0,0.015814135103475204
岭回归,1.0,0.015817223198594025
岭回归,1.0,0.0158203125
岭回归,1.0,0.01582340300840008
岭回归,1.0,0.015826494724501757
岭回归,1.0,0.015829587649013092
岭回归,1.0,0.015832681782642688
岭回归,1.0,0.015835777126099706
岭回归,1.0,0.01583887368009386
岭回归,1.0,0.01584197144533542
岭回归,1.0,0.01584507042253521
岭回归,1.0,0.01584817061240462
岭回归,1.0,0.015851272015655577
岭回归,1.0,0.015854374633000587
岭回归,1.0,0.015857478465152702
岭回归,1.0,0.015860583512825533
岭回归,1.0,0.015863689776733254
岭回归,1.0,0.015866797257590597
岭回归,1.0,0.015869905956112852
岭回归,1.0,0.015873015873015872
岭回归,1.0,0.015876127009016073
岭回归,1.0,0.015879239364830426
岭回归,1.0,0.01588235294117647
岭回归,1.0,0.015885467738772308
岭回归,1.0,0.015888583758336603
岭回归,1.0,0.015891701000588582
岭回归,1.0,0.015894819466248038
岭回归,1.0,0.01589793915603533
岭回归,1.0,0.015901060070671377
岭回归,1.0,0.015904182210877676
岭回归,1.0,0.015907305577376275
岭回归,1.0,0.015910430170889805
岭回归,1.0,0.015913555992141455
岭回归,1.0,0.015916683041854982
岭回归,1.0,0.015919811320754717
岭回归,1.0,0.01592294082956556
岭回归,1.0,0.015926071569012976
岭回归,1.0,0.01592920353982301
岭回归,1.0,0.015932336742722267
岭回归,1.0,0.01593547117843793
岭回归,1.0,0.015938606847697757
岭回归,1.0,0.015941743751230072
岭回归,1.0,0.01594488188976378
岭回归,1.0,0.01594802126402835
岭回归,1.0,0.01595116187475384
岭回归,1.0,0.015954303722670867
岭回归,1.0,0.015957446808510637
岭回归,1.0,0.015960591133004926
岭回归,1.0,0.015963736696886086
岭回归,1.0,0.01596688350088705
岭回归,1.0,0.015970031545741326
岭回归,1.0,0.015973180832183003
岭回归,1.0,0.015976331360946745
岭回归,1.0,0.015979483132767803
岭回归,1.0,0.015982636148382006
岭回归,1.0,0.015985790408525755
岭回归,1.0,0.015988945913936046
岭回归,1.0,0.015992102665350443
岭回归,1.0,0.015995260663507108
岭回归,1.0,0.015998419909144777
岭回归,1.0,0.016001580403002764
岭回归,1.0,0.016004742145820983
岭回归,1.0,0.016007905138339922
岭回归,1.0,0.016011069381300654
岭回归,1.0,0.01601423487544484
岭回归,1.0,0.016017401621514733
岭回归,1.0,0.016020569620253163
岭回归,1.0,0.016023738872403562
岭回归,1.0,0.016026909378709934
岭回归,1.0,0.016030081139916882
岭回归,1.0,0.016033254156769598
岭回归,1.0,0.01603642843001386
岭回归,1.0,0.01603960396039604
岭回归,1.0,0.016042780748663103
岭回归,1.0,0.016045958795562597
岭回归,1.0,0.016049138101842678
岭回归,1.0,0.01605231866825208
岭回归,1.0,0.016055500495540137
岭回归,1.0,0.01605868358445678
岭回归,1.0,0.016061867935752528
岭回归,1.0,0.0160650535501785
岭回归,1.0,0.01606824042848641
岭回归,1.0,0.01607142857142857
岭回归,1.0,0.01607461797975789
岭回归,1.0,0.01607780865422787
岭回归,1.0,0.016081000595592615
岭回归,1.0,0.01608419380460683
岭回归,1.0,0.01608738828202582
岭回归,1.0,0.016090584028605484
岭回归,1.0,0.016093781045102326
岭回归,1.0,0.01609697933227345
岭回归,1.0,0.016100178890876567
岭回归,1.0,0.01610337972166998
岭回归,1.0,0.016106581825412608
岭回归,1.0,0.016109785202863963
岭回归,1.0,0.016112989854784165
岭回归,1.0,0.016116195781933945
岭回归,1.0,0.016119402985074627
岭回归,1.0,0.016122611464968153
岭回归,1.0,0.016125821222377067
岭回归,1.0,0.016129032258064516
岭回归,1.0,0.016132244572794264
岭回归,1.0,0.01613545816733068
岭回归,1.0,0.016138673042438732
岭回归,1.0,0.016141889198884016
岭回归,1.0,0.016145106637432727
岭回归,1.0,0.016148325358851676
岭回归,1.0,0.016151545363908275
岭回归,1.0,0.016154766653370563
岭回归,1.0,0.01615798922800718
岭回归,1.0,0.01616121308858739
岭回归,1.0,0.01616443823588106
岭回归,1.0,0.016167664670658683
岭回归,1.0,0.016170892393691357
岭回归,1.0,0.016174121405750797
岭回归,1.0,0.016177351707609346
岭回归,1.0,0.016180583300039953
岭回归,1.0,0.016183816183816185
岭回归,1.0,0.01618705035971223
岭回归,1.0,0.016190285828502897
岭回归,1.0,0.016193522590963613
岭回归,1.0,0.016196760647870425
岭回归,1.0,0.0162
岭回归,1.0,0.016203240648129627
岭回归,1.0,0.016206482593037214
岭回归,1.0,0.0162097258355013
岭回归,1.0,0.01621297037630104
岭回归,1.0,0.016216216216216217
岭回归,1.0,0.016219463356027232
岭回归,1.0,0.016222711796515122
岭回归,1.0,0.01622596153846154
岭回归,1.0,0.01622921258264877
岭回归,1.0,0.01623246492985972
岭回归,1.0,0.016235718580877932
岭回归,1.0,0.01623897353648757
岭回归,1.0,0.01624222979747343
岭回归,1.0,0.016245487364620937
岭回归,1.0,0.01624874623871615
岭回归,1.0,0.016252006420545747
岭回归,1.0,0.01625526791089705
岭回归,1.0,0.01625853071055801
岭回归,1.0,0.016261794820317206
岭回归,1.0,0.016265060240963854
岭回归,1.0,0.016268326973287808
岭回归,1.0,0.01627159501807955
岭回归,1.0,0.0162748643761302
岭回归,1.0,0.01627813504823151
岭回归,1.0,0.01628140703517588
岭回归,1.0,0.016284680337756333
岭回归,1.0,0.016287954956766538
岭回归,1.0,0.016291230893000806
岭回归,1.0,0.016294508147254073
岭回归,1.0,0.016297786720321932
岭回归,1.0,0.016301066613000605
岭回归,1.0,0.016304347826086956
岭回归,1.0,0.016307630360378498
岭回归,1.0,0.01631091421667338
岭回归,1.0,0.016314199395770394
岭回归,1.0,0.016317485898468976
岭回归,1.0,0.016320773725569213
岭回归,1.0,0.016324062877871828
岭回归,1.0,0.01632735335617819
岭回归,1.0,0.016330645161290323
岭回归,1.0,0.016333938294010888
岭回归,1.0,0.0163372327551432
岭回归,1.0,0.016340528545491225
岭回归,1.0,0.016343825665859565
岭回归,1.0,0.016347124117053483
岭回归,1.0,0.016350423899878886
岭回归,1.0,0.01635372501514234
岭回归,1.0,0.01635702746365105
岭回归,1.0,0.016360331246212886
岭回归,1.0,0.016363636363636365
岭回归,1.0,0.016366942816730654
岭回归,1.0,0.016370250606305578
岭回归,1.0,0.01637355973317162
岭回归,1.0,0.016376870198139912
岭回归,1.0,0.016380182002022244
岭回归,1.0,0.016383495145631068
岭回归,1.0,0.016386809629779488
岭回归,1.0,0.016390125455281263
岭回归,1.0,0.01639344262295082
岭回归,1.0,0.01639676113360324
岭回归,1.0,0.01640008098805426
岭回归,1.0,0.016403402187120292
岭回归,1.0,0.016406724731618392
岭回归,1.0,0.016410048622366287
岭回归,1.0,0.01641337386018237
岭回归,1.0,0.016416700445885692
岭回归,1.0,0.016420028380295965
岭回归,1.0,0.016423357664233577
岭回归,1.0,0.01642668829851957
岭回归,1.0,0.01643002028397566
岭回归,1.0,0.016433353621424222
岭回归,1.0,0.016436688311688312
岭回归,1.0,0.016440024355591637
岭回归,1.0,0.016443361753958587
岭回归,1.0,0.016446700507614213
岭回归,1.0,0.01645004061738424
岭回归,1.0,0.016453382084095063
岭回归,1.0,0.01645672490857375
岭回归,1.0,0.01646006909164804
岭回归,1.0,0.016463414634146342
岭回归,1.0,0.016466761536897745
岭回归,1.0,0.016470109800732005
岭回归,1.0,0.01647345942647956
岭回归,1.0,0.01647681041497152
岭回归,1.0,0.016480162767039674
岭回归,1.0,0.016483516483516484
岭回归,1.0,0.01648687156523509
岭回归,1.0,0.016490228013029316
岭回归,1.0,0.016493585827733658
岭回归,1.0,0.0164969450101833
岭回归,1.0,0.016500305561214096
岭回归,1.0,0.01650366748166259
岭回归,1.0,0.016507030772366007
岭回归,1.0,0.016510395434162252
岭回归,1.0,0.01651376146788991
岭回归,1.0,0.016517128874388255
岭回归,1.0,0.016520497654497247
岭回归,1.0,0.016523867809057527
岭回归,1.0,0.016527239338910427
岭回归,1.0,0.01653061224489796
岭回归,1.0,0.01653398652786283
岭回归,1.0,0.016537362188648427
岭回归,1.0,0.016540739228098837
岭回归,1.0,0.016544117647058824
岭回归,1.0,0.016547497446373852
岭回归,1.0,0.01655087862689007
岭回归,1.0,0.01655426118945432
岭回归,1.0,0.016557645134914145
岭回归,1.0,0.016561030464117766
岭回归,1.0,0.016564417177914112
岭回归,1.0,0.01656780527715279
岭回归,1.0,0.016571194762684125
岭回归,1.0,0.016574585635359115
岭回归,1.0,0.016577977896029474
岭回归,1.0,0.016581371545547594
岭回归,1.0,0.016584766584766583
岭回归,1.0,0.01658816301454024
岭回归,1.0,0.016591560835723065
岭回归,1.0,0.016594960049170254
岭回归,1.0,0.016598360655737703
岭回归,1.0,0.016601762656282024
岭回归,1.0,0.016605166051660517
岭回归,1.0,0.016608570842731187
岭回归,1.0,0.016611977030352748
岭回归,1.0,0.016615384615384615
岭回归,1.0,0.01661879359868691
岭回归,1.0,0.01662220398112046
岭回归,1.0,0.0166256157635468
岭回归,1.0,0.016629028946828165
岭回归,1.0,0.016632443531827516
岭回归,1.0,0.0166358595194085
岭回归,1.0,0.016639276910435496
岭回归,1.0,0.016642695705773577
岭回归,1.0,0.016646115906288533
岭回归,1.0,0.016649537512846865
岭回归,1.0,0.01665296052631579
岭回归,1.0,0.016656384947563233
岭回归,1.0,0.016659810777457835
岭回归,1.0,0.016663238016868958
岭回归,1.0,0.016666666666666666
岭回归,1.0,0.016670096727721753
岭回归,1.0,0.016673528200905723
岭回归,1.0,0.016676961087090797
岭回归,1.0,0.016680395387149917
岭回归,1.0,0.016683831101956745
岭回归,1.0,0.01668726823238566
岭回归,1.0,0.016690706779311767
岭回归,1.0,0.01669414674361088
岭回归,1.0,0.016697588126159554
岭回归,1.0,0.01670103092783505
岭回归,1.0,0.016704475149515365
岭回归,1.0,0.01670792079207921
岭回归,1.0,0.016711367856406024
岭回归,1.0,0.01671481634337598
岭回归,1.0,0.01671826625386997
岭回归,1.0,0.016721717588769613
岭回归,1.0,0.016725170348957256
岭回归,1.0,0.016728624535315983
岭回归,1.0,0.0167320801487296
岭回归,1.0,0.016735537190082646
岭回归,1.0,0.016738995660260384
岭回归,1.0,0.016742455560148823
岭回归,1.0,0.01674591689063469
岭回归,1.0,0.016749379652605458
岭回归,1.0,0.016752843846949327
岭回归,1.0,0.016756309474555232
岭回归,1.0,0.01675977653631285
岭回归,1.0,0.01676324503311258
岭回归,1.0,0.01676671496584558
岭回归,1.0,0.016770186335403725
岭回归,1.0,0.016773659142679642
岭回归,1.0,0.016777133388566696
岭回归,1.0,0.01678060907395898
岭回归,1.0,0.016784086199751348
岭回归,1.0,0.016787564766839378
岭回归,1.0,0.016791044776119403
岭回归,1.0,0.016794526228488493
岭回归,1.0,0.016798009124844464
岭回归,1.0,0.016801493466085875
岭回归,1.0,0.016804979253112032
岭回归,1.0,0.016808466486822993
岭回归,1.0,0.016811955168119553
岭回归,1.0,0.01681544529790326
岭回归,1.0,0.01681893687707641
岭回归,1.0,0.016822429906542057
岭回归,1.0,0.016825924387203987
岭回归,1.0,0.016829420319966756
岭回归,1.0,0.01683291770573566
岭回归,1.0,0.016836416545416753
岭回归,1.0,0.01683991683991684
岭回归,1.0,0.01684341859014348
岭回归,1.0,0.01684692179700499
岭回归,1.0,0.016850426461410443
岭回归,1.0,0.016853932584269662
岭回归,1.0,0.016857440166493237
岭回归,1.0,0.016860949208992507
岭回归,1.0,0.016864459712679577
岭回归,1.0,0.016867971678467306
岭回归,1.0,0.01687148510726932
岭回归,1.0,0.016875
岭回归,1.0,0.016878516357574494
岭回归,1.0,0.016882034180908712
岭回归,1.0,0.016885553470919325
岭回归,1.0,0.01688907422852377
岭回归,1.0,0.016892596454640252
岭回归,1.0,0.016896120150187734
岭回归,1.0,0.016899645316085957
岭回归,1.0,0.016903171953255424
岭回归,1.0,0.016906700062617408
岭回归,1.0,0.016910229645093946
岭回归,1.0,0.01691376070160785
岭回归,1.0,0.016917293233082706
岭回归,1.0,0.016920827240442866
岭回归,1.0,0.016924362724613454
岭回归,1.0,0.016927899686520375
岭回归,1.0,0.0169314381270903
岭回归,1.0,0.01693497804725068
岭回归,1.0,0.016938519447929738
岭回归,1.0,0.016942062330056473
岭回归,1.0,0.016945606694560668
岭回归,1.0,0.01694915254237288
岭回归,1.0,0.016952699874424444
岭回归,1.0,0.01695624869164748
岭回归,1.0,0.016959798994974875
岭回归,1.0,0.016963350785340316
岭回归,1.0,0.01696690406367826
岭回归,1.0,0.01697045883092395
岭回归,1.0,0.01697401508801341
岭回归,1.0,0.016977572835883463
岭回归,1.0,0.016981132075471698
岭回归,1.0,0.016984692807716504
岭回归,1.0,0.016988255033557047
岭回归,1.0,0.016991818753933293
岭回归,1.0,0.016995383969785983
岭回归,1.0,0.016998950682056663
岭回归,1.0,0.01700251889168766
岭回归,1.0,0.017006088599622087
岭回归,1.0,0.017009659806803863
岭回归,1.0,0.017013232514177693
岭回归,1.0,0.017016806722689074
岭回归,1.0,0.017020382433284305
岭回归,1.0,0.017023959646910468
岭回归,1.0,0.01702753836451545
岭回归,1.0,0.01703111858704794
岭回归,1.0,0.017034700315457414
岭回归,1.0,0.01703828355069415
岭回归,1.0,0.017041868293709236
岭回归,1.0,0.017045454545454544
岭回归,1.0,0.017049042306882763
岭回归,1.0,0.017052631578947368
岭回归,1.0,0.017056222362602652
岭回归,1.0,0.017059814658803706
岭回归,1.0,0.017063408468506427
岭回归,1.0,0.01706700379266751
岭回归,1.0,0.017070600632244467
岭回归,1.0,0.017074198988195614
岭回归,1.0,0.017077798861480076
岭回归,1.0,0.017081400253057783
岭回归,1.0,0.017085003163889476
岭回归,1.0,0.01708860759493671
岭回归,1.0,0.01709221354716185
岭回归,1.0,0.01709582102152807
岭回归,1.0,0.017099430018999367
岭回归,1.0,0.01710304054054054
岭回归,1.0,0.017106652587117212
岭回归,1.0,0.017110266159695818
岭回归,1.0,0.01711388125924361
岭回归,1.0,0.017117497886728655
岭回归,1.0,0.017121116043119847
岭回归,1.0,0.017124735729386893
岭回归,1.0,0.017128356946500316
岭回归,1.0,0.01713197969543147
岭回归,1.0,0.01713560397715253
岭回归,1.0,0.01713922979263648
岭回归,1.0,0.017142857142857144
岭回归,1.0,0.01714648602878916
岭回归,1.0,0.017150116451408005
岭回归,1.0,0.017153748411689963
岭回归,1.0,0.017157381910612158
岭回归,1.0,0.017161016949152542
岭回归,1.0,0.017164653528289893
岭回归,1.0,0.017168291649003815
岭回归,1.0,0.017171931312274753
岭回归,1.0,0.01717557251908397
岭回归,1.0,0.017179215270413575
岭回归,1.0,0.0171828595672465
岭回归,1.0,0.01718650541056652
岭回归,1.0,0.017190152801358233
岭回归,1.0,0.01719380174060709
岭回归,1.0,0.017197452229299363
岭回归,1.0,0.01720110426842217
岭回归,1.0,0.017204757858963467
岭回归,1.0,0.017208413001912046
岭回归,1.0,0.017212069698257542
岭回归,1.0,0.017215727948990435
岭回归,1.0,0.01721938775510204
岭回归,1.0,0.01722304911758452
岭回归,1.0,0.01722671203743088
岭回归,1.0,0.01723037651563497
岭回归,1.0,0.01723404255319149
岭回归,1.0,0.01723771015109598
岭回归,1.0,0.017241379310344827
岭回归,1.0,0.01724505003193528
岭回归,1.0,0.017248722316865417
岭回归,1.0,0.017252396166134186
岭回归,1.0,0.017256071580741373
岭回归,1.0,0.01725974856168762
岭回归,1.0,0.017263427109974423
岭回归,1.0,0.017267107226604135
岭回归,1.0,0.017270788912579958
岭回归,1.0,0.01727447216890595
岭回归,1.0,0.01727815699658703
岭回归,1.0,0.017281843396628974
岭回归,1.0,0.017285531370038413
岭回归,1.0,0.01728922091782284
岭回归,1.0,0.017292912040990607
岭回归,1.0,0.01729660474055093
岭回归,1.0,0.017300299017513884
岭回归,1.0,0.01730399487289041
岭回归,1.0,0.01730769230769231
岭回归,1.0,0.01731139132293225
岭回归,1.0,0.01731509191962377
岭回归,1.0,0.01731879409878127
岭回归,1.0,0.017322497861420018
岭回归,1.0,0.01732620320855615
岭回归,1.0,0.017329910141206675
岭回归,1.0,0.01733361866038947
岭回归,1.0,0.017337328767123288
岭回归,1.0,0.017341040462427744
岭回归,1.0,0.01734475374732334
岭回归,1.0,0.01734846862283144
岭回归,1.0,0.017352185089974295
岭回归,1.0,0.017355903149775018
岭回归,1.0,0.017359622803257608
岭回归,1.0,0.017363344051446947
岭回归,1.0,0.017367066895368783
岭回归,1.0,0.017370791336049754
岭回归,1.0,0.017374517374517374
岭回归,1.0,0.017378245011800044
岭回归,1.0,0.01738197424892704
岭回归,1.0,0.017385705086928525
岭回归,1.0,0.01738943752683555
岭回归,1.0,0.017393171569680052
岭回归,1.0,0.017396907216494846
岭回归,1.0,0.01740064446831364
岭回归,1.0,0.017404383326171037
岭回归,1.0,0.017408123791102514
岭回归,1.0,0.017411865864144453
岭回归,1.0,0.017415609546334122
岭回归,1.0,0.017419354838709676
岭回归,1.0,0.017423101742310175
岭回归,1.0,0.017426850258175558
岭回归,1.0,0.017430600387346677
岭回归,1.0,0.01743435213086526
岭回归,1.0,0.01743810548977395
岭回归,1.0,0.01744186046511628
岭回归,1.0,0.01744561705793668
岭回归,1.0,0.017449375269280483
岭回归,1.0,0.017453135100193924
岭回归,1.0,0.017456896551724138
岭回归,1.0,0.017460659624919165
岭回归,1.0,0.017464424320827943
岭回归,1.0,0.017468190640500324
岭回归,1.0,0.017471958584987058
岭回归,1.0,0.017475728155339806
岭回归,1.0,0.017479499352611134
岭回归,1.0,0.01748327217785452
岭回归,1.0,0.017487046632124352
岭回归,1.0,0.017490822716475923
岭回归,1.0,0.01749460043196544
岭回归,1.0,0.017498379779650033
岭回归,1.0,0.017502160760587727
岭回归,1.0,0.017505943375837475
岭回归,1.0,0.017509727626459144
岭回归,1.0,0.017513513513513514
岭回归,1.0,0.017517301038062285
岭回归,1.0,0.01752109020116807
岭回归,1.0,0.01752488100389442
岭回归,1.0,0.017528673447305777
岭回归,1.0,0.01753246753246753
岭回归,1.0,0.017536263260445984
岭回归,1.0,0.017540060632308358
岭回归,1.0,0.017543859649122806
岭回归,1.0,0.017547660311958407
岭回归,1.0,0.01755146262188516
岭回归,1.0,0.017555266579973992
岭回归,1.0,0.01755907218729677
岭回归,1.0,0.01756287944492628
岭回归,1.0,0.01756668835393624
岭回归,1.0,0.0175704989154013
岭回归,1.0,0.01757431113039705
岭回归,1.0,0.017578125
岭回归,1.0,0.017581940525287606
岭回归,1.0,0.017585757707338254
岭回归,1.0,0.01758957654723127
岭回归,1.0,0.017593397046046916
岭回归,1.0,0.017597219204866392
岭回归,1.0,0.017601043024771838
岭回归,1.0,0.01760486850684634
岭回归,1.0,0.017608695652173913
岭回归,1.0,0.01761252446183953
岭回归,1.0,0.0176163549369291
岭回归,1.0,0.017620187078529477
岭回归,1.0,0.01762402088772846
岭回归,1.0,0.0176278563656148
岭回归,1.0,0.017631693513278188
岭回归,1.0,0.017635532331809273
岭回归,1.0,0.017639372822299652
岭回归,1.0,0.017643214985841864
岭回归,1.0,0.01764705882352941
岭回归,1.0,0.017650904336456743
岭回归,1.0,0.017654751525719267
岭回归,1.0,0.01765860039241334
岭回归,1.0,0.017662450937636284
岭回归,1.0,0.01766630316248637
岭回归,1.0,0.01767015706806283
岭回归,1.0,0.01767401265546585
岭回归,1.0,0.017677869925796594
岭回归,1.0,0.01768172888015717
岭回归,1.0,0.017685589519650654
岭回归,1.0,0.017689451845381086
岭回归,1.0,0.017693315858453473
岭回归,1.0,0.017697181559973782
岭回归,1.0,0.017701048951048952
岭回归,1.0,0.017704918032786884
岭回归,1.0,0.01770878880629646
岭回归,1.0,0.017712661272687513
岭回归,1.0,0.017716535433070866
岭回归,1.0,0.0177204112885583
岭回归,1.0,0.017724288840262583
岭回归,1.0,0.01772816808929744
岭回归,1.0,0.017732049036777584
岭回归,1.0,0.0177359316838187
岭回归,1.0,0.017739816031537452
岭回归,1.0,0.017743702081051478
岭回归,1.0,0.017747589833479405
岭回归,1.0,0.01775147928994083
岭回归,1.0,0.017755370451556333
岭回归,1.0,0.01775926331944749
岭回归,1.0,0.017763157894736842
岭回归,1.0,0.017767054178547927
岭回归,1.0,0.017770952172005264
岭回归,1.0,0.017774851876234364
岭回归,1.0,0.01777875329236172
岭回归,1.0,0.01778265642151482
岭回归,1.0,0.017786561264822136
岭回归,1.0,0.017790467823413134
岭回归,1.0,0.017794376098418278
岭回归,1.0,0.017798286090969017
岭回归,1.0,0.017802197802197803
岭回归,1.0,0.017806111233238074
岭回归,1.0,0.017810026385224276
岭回归,1.0,0.01781394325929184
岭回归,1.0,0.01781786185657721
岭回归,1.0,0.01782178217821782
岭回归,1.0,0.017825704225352113
岭回归,1.0,0.017829627999119524
岭回归,1.0,0.0178335535006605
岭回归,1.0,0.017837480731116493
岭回归,1.0,0.017841409691629957
岭回归,1.0,0.01784534038334435
岭回归,1.0,0.017849272807404143
岭回归,1.0,0.017853206964954817
岭回归,1.0,0.017857142857142856
岭回归,1.0,0.017861080485115765
岭回归,1.0,0.017865019850022056
岭回归,1.0,0.01786896095301125
岭回归,1.0,0.01787290379523389
岭回归,1.0,0.017876848377841537
岭回归,1.0,0.017880794701986755
岭回归,1.0,0.01788474276882314
岭回归,1.0,0.0178886925795053
岭回归,1.0,0.017892644135188866
岭回归,1.0,0.017896597437030492
岭回归,1.0,0.017900552486187844
岭回归,1.0,0.01790450928381963
岭回归,1.0,0.017908467831085562
岭回归,1.0,0.017912428129146396
岭回归,1.0,0.017916390179163903
岭回归,1.0,0.017920353982300886
岭回归,1.0,0.01792431953972118
岭回归,1.0,0.017928286852589643
岭回归,1.0,0.017932255922072173
岭回归,1.0,0.017936226749335694
岭回归,1.0,0.017940199335548173
岭回归,1.0,0.0179441736818786
岭回归,1.0,0.01794814978949701
岭回归,1.0,0.01795212765957447
岭回归,1.0,0.017956107293283084
岭回归,1.0,0.01796008869179601
岭回归,1.0,0.017964071856287425
岭回归,1.0,0.017968056787932566
岭回归,1.0,0.0179720434879077
岭回归,1.0,0.017976031957390146
岭回归,1.0,0.01798002219755827
岭回归,1.0,0.017984014209591476
岭回归,1.0,0.01798800799467022
岭回归,1.0,0.01799200355397601
岭回归,1.0,0.017996000888691403
岭回归,1.0,0.018
岭回归,1.0,0.018004000889086463
岭回归,1.0,0.018008003557136505
岭回归,1.0,0.01801200800533689
岭回归,1.0,0.018016014234875446
岭回归,1.0,0.018020022246941044
岭回归,1.0,0.018024032042723633
岭回归,1.0,0.0180280436234142
岭回归,1.0,0.018032056990204808
岭回归,1.0,0.018036072144288578
岭回归,1.0,0.01804008908685969
岭回归,1.0,0.01804410781911339
岭回归,1.0,0.01804812834224599
岭回归,1.0,0.01805215065745487
岭回归,1.0,0.018056174765938474
岭回归,1.0,0.018060200668896322
岭回归,1.0,0.01806422836752899
岭回归,1.0,0.018068257863038145
岭回归,1.0,0.018072289156626505
岭回归,1.0,0.01807632224949788
岭回归,1.0,0.018080357142857145
岭回归,1.0,0.01808439383791025
岭回归,1.0,0.018088432335864227
岭回归,1.0,0.018092472637927185
岭回归,1.0,0.018096514745308313
岭回归,1.0,0.018100558659217877
岭回归,1.0,0.018104604380867233
岭回归,1.0,0.018108651911468814
岭回归,1.0,0.018112701252236137
岭回归,1.0,0.018116752404383808
岭回归,1.0,0.018120805369127517
岭回归,1.0,0.018124860147684045
岭回归,1.0,0.01812891674127126
岭回归,1.0,0.018132975151108125
岭回归,1.0,0.018137035378414688
岭回归,1.0,0.018141097424412094
岭回归,1.0,0.018145161290322582
岭回归,1.0,0.01814922697736948
岭回归,1.0,0.01815329448677723
岭回归,1.0,0.01815736381977135
岭回归,1.0,0.018161434977578474
岭回归,1.0,0.01816550796142633
岭回归,1.0,0.01816958277254374
岭回归,1.0,0.018173659412160648
岭回归,1.0,0.018177737881508078
岭回归,1.0,0.01818181818181818
岭回归,1.0,0.018185900314324203
岭回归,1.0,0.018189984280260498
岭回归,1.0,0.018194070080862535
岭回归,1.0,0.018198157717366884
岭回归,1.0,0.018202247191011236
岭回归,1.0,0.01820633850303439
岭回归,1.0,0.01821043165467626
岭回归,1.0,0.018214526647177872
岭回归,1.0,0.018218623481781375
岭回归,1.0,0.018222722159730035
岭回归,1.0,0.018226822682268228
岭回归,1.0,0.01823092505064146
岭回归,1.0,0.018235029266096353
岭回归,1.0,0.018239135329880658
岭回归,1.0,0.018243243243243244
岭回归,1.0,0.018247353007434106
岭回归,1.0,0.01825146462370437
岭回归,1.0,0.018255578093306288
岭回归,1.0,0.01825969341749324
岭回归,1.0,0.01826381059751973
岭回归,1.0,0.018267929634641408
岭回归,1.0,0.018272050530115047
岭回归,1.0,0.018276173285198555
岭回归,1.0,0.01828029790115098
岭回归,1.0,0.018284424379232507
岭回归,1.0,0.018288552720704447
岭回归,1.0,0.018292682926829267
岭回归,1.0,0.018296814998870568
岭回归,1.0,0.018300948938093087
岭回归,1.0,0.01830508474576271
岭回归,1.0,0.018309222423146473
岭回归,1.0,0.018313361971512548
岭回归,1.0,0.018317503392130258
岭回归,1.0,0.018321646686270076
岭回归,1.0,0.01832579185520362
岭回归,1.0,0.018329938900203666
岭回归,1.0,0.01833408782254414
岭回归,1.0,0.018338238623500112
岭回归,1.0,0.018342391304347828
岭回归,1.0,0.018346545866364666
岭回归,1.0,0.01835070231082918
岭回归,1.0,0.018354860639021073
岭回归,1.0,0.018359020852221214
岭回归,1.0,0.01836318295171163
岭回归,1.0,0.018367346938775512
岭回归,1.0,0.01837151281469721
岭回归,1.0,0.01837568058076225
岭回归,1.0,0.018379850238257316
岭回归,1.0,0.01838402178847027
岭回归,1.0,0.018388195232690124
岭回归,1.0,0.018392370572207085
岭回归,1.0,0.018396547808312513
岭回归,1.0,0.018400726942298953
岭回归,1.0,0.018404907975460124
岭回归,1.0,0.01840909090909091
岭回归,1.0,0.018413275744487385
岭回归,1.0,0.018417462482946793
岭回归,1.0,0.018421651125767567
岭回归,1.0,0.018425841674249318
岭回归,1.0,0.018430034129692834
岭回归,1.0,0.018434228493400092
岭回归,1.0,0.018438424766674254
岭回归,1.0,0.018442622950819672
岭回归,1.0,0.018446823047141882
岭回归,1.0,0.01845102505694761
岭回归,1.0,0.01845522898154477
岭回归,1.0,0.01845943482224248
岭回归,1.0,0.018463642580351037
岭回归,1.0,0.018467852257181942
岭回归,1.0,0.018472063854047892
岭回归,1.0,0.018476277372262775
岭回归,1.0,0.018480492813141684
岭回归,1.0,0.018484710178000914
岭回归,1.0,0.018488929468157955
岭回归,1.0,0.018493150684931507
岭回归,1.0,0.01849737382964147
岭回归,1.0,0.018501598903608953
岭回归,1.0,0.018505825908156272
岭回归,1.0,0.01851005484460695
岭回归,1.0,0.018514285714285716
岭回归,1.0,0.018518518518518517
岭回归,1.0,0.018522753258632518
岭回归,1.0,0.018526989935956084
岭回归,1.0,0.018531228551818806
岭回归,1.0,0.018535469107551487
岭回归,1.0,0.018539711604486152
岭回归,1.0,0.018543956043956044
岭回归,1.0,0.018548202427295626
岭回归,1.0,0.018552450755840586
岭回归,1.0,0.018556701030927835
岭回归,1.0,0.01856095325389551
岭回归,1.0,0.01856520742608297
岭回归,1.0,0.018569463548830812
岭回归,1.0,0.01857372162348085
岭回归,1.0,0.018577981651376148
岭回归,1.0,0.018582243633860976
岭回归,1.0,0.018586507572280864
岭回归,1.0,0.018590773467982557
岭回归,1.0,0.01859504132231405
岭回归,1.0,0.01859931113662457
岭回归,1.0,0.018603582912264584
岭回归,1.0,0.018607856650585803
岭回归,1.0,0.018612132352941176
岭回归,1.0,0.0186164100206849
岭回归,1.0,0.018620689655172412
岭回归,1.0,0.018624971257760404
岭回归,1.0,0.018629254829806808
岭回归,1.0,0.018633540372670808
岭回归,1.0,0.01863782788771284
岭回归,1.0,0.018642117376294592
岭回归,1.0,0.018646408839779006
岭回归,1.0,0.01865070227953028
岭回归,1.0,0.018654997696913863
岭回归,1.0,0.018659295093296474
岭回归,1.0,0.018663594470046084
岭回归,1.0,0.01866789582853192
岭回归,1.0,0.01867219917012448
岭回归,1.0,0.018676504496195526
岭回归,1.0,0.01868081180811808
岭回归,1.0,0.018685121107266434
岭回归,1.0,0.01868943239501615
岭回归,1.0,0.018693745672744056
岭回归,1.0,0.018698060941828253
岭回归,1.0,0.018702378203648118
岭回归,1.0,0.018706697459584296
岭回归,1.0,0.018711018711018712
岭回归,1.0,0.018715341959334567
岭回归,1.0,0.01871966720591634
岭回归,1.0,0.01872399445214979
岭回归,1.0,0.018728323699421966
岭回归,1.0,0.018732654949121186
岭回归,1.0,0.018736988202637056
岭回归,1.0,0.018741323461360482
岭回归,1.0,0.018745660726683638
岭回归,1.0,0.01875
岭回归,1.0,0.01875434128270433
岭回归,1.0,0.01875868457619268
岭回归,1.0,0.018763029881862403
岭回归,1.0,0.018767377201112143
岭回归,1.0,0.018771726535341832
岭回归,1.0,0.018776077885952713
岭回归,1.0,0.01878043125434732
岭回归,1.0,0.0187847866419295
岭回归,1.0,0.018789144050104383
岭回归,1.0,0.01879350348027842
岭回归,1.0,0.018797864933859366
岭回归,1.0,0.018802228412256268
岭回归,1.0,0.0188065939168795
岭回归,1.0,0.018810961449140733
岭回归,1.0,0.018815331010452963
岭回归,1.0,0.018819702602230485
岭回归,1.0,0.018824076225888914
岭回归,1.0,0.01882845188284519
岭回归,1.0,0.018832829574517554
岭回归,1.0,0.018837209302325582
岭回归,1.0,0.01884159106769016
岭回归,1.0,0.018845974872033502
岭回归,1.0,0.01885036071677915
岭回归,1.0,0.018854748603351956
岭回归,1.0,0.018859138533178114
岭回归,1.0,0.01886353050768514
岭回归,1.0,0.018867924528301886
岭回归,1.0,0.018872320596458526
岭回归,1.0,0.018876718713586576
岭回归,1.0,0.01888111888111888
岭回归,1.0,0.018885521100489626
岭回归,1.0,0.018889925373134327
岭回归,1.0,0.018894331700489854
岭回归,1.0,0.0188987400839944
岭回归,1.0,0.018903150525087516
岭回归,1.0,0.018907563025210083
岭回归,1.0,0.018911977585804342
岭回归,1.0,0.018916394208313873
岭回归,1.0,0.0189208128941836
岭回归,1.0,0.018925233644859814
岭回归,1.0,0.018929656461790137
岭回归,1.0,0.018934081346423562
岭回归,1.0,0.01893850830021043
岭回归,1.0,0.01894293732460243
岭回归,1.0,0.018947368421052633
岭回归,1.0,0.018951801591015442
岭回归,1.0,0.018956236835946643
岭回归,1.0,0.018960674157303372
岭回归,1.0,0.018965113556544136
岭回归,1.0,0.018969555035128805
岭回归,1.0,0.018973998594518624
岭回归,1.0,0.018978444236176194
岭回归,1.0,0.018982891961565503
岭回归,1.0,0.0189873417721519
岭回归,1.0,0.01899179366940211
岭回归,1.0,0.01899624765478424
岭回归,1.0,0.019000703729767768
岭回归,1.0,0.019005161895823557
岭回归,1.0,0.019009622154423846
岭回归,1.0,0.019014084507042252
岭回归,1.0,0.019018548955153793
岭回归,1.0,0.01902301550023485
岭回归,1.0,0.019027484143763214
岭回归,1.0,0.019031954887218046
岭回归,1.0,0.019036427732079905
岭回归,1.0,0.01904090267983075
岭回归,1.0,0.019045379731953915
岭回归,1.0,0.01904985888993415
岭回归,1.0,0.019054340155257588
岭回归,1.0,0.019058823529411763
岭回归,1.0,0.01906330901388562
岭回归,1.0,0.019067796610169493
岭回归,1.0,0.019072286319755122
岭回归,1.0,0.019076778144135657
岭回归,1.0,0.019081272084805655
岭回归,1.0,0.019085768143261076
岭回归,1.0,0.019090266320999295
岭回归,1.0,0.019094766619519095
岭回归,1.0,0.01909926904032068
岭回归,1.0,0.01910377358490566
岭回归,1.0,0.01910828025477707
岭回归,1.0,0.019112789051439358
岭回归,1.0,0.019117299976398393
岭回归,1.0,0.019121813031161474
岭回归,1.0,0.01912632821723731
岭回归,1.0,0.019130845536136042
岭回归,1.0,0.01913536498936924
岭回归,1.0,0.019139886578449904
岭回归,1.0,0.01914441030489246
岭回归,1.0,0.019148936170212766
岭回归,1.0,0.019153464175928114
岭回归,1.0,0.019157994323557238
岭回归,1.0,0.0191625266146203
岭回归,1.0,0.019167061050638902
岭回归,1.0,0.019171597633136094
岭回归,1.0,0.019176136363636364
岭回归,1.0,0.01918067724366564
岭回归,1.0,0.019185220274751304
岭回归,1.0,0.019189765458422176
岭回归,1.0,0.01919431279620853
岭回归,1.0,0.019198862289642096
岭回归,1.0,0.019203413940256046
岭回归,1.0,0.01920796774958501
岭回归,1.0,0.019212523719165084
岭回归,1.0,0.019217081850533807
岭回归,1.0,0.019221642145230186
岭回归,1.0,0.019226204604794683
岭回归,1.0,0.019230769230769232
岭回归,1.0,0.019235336024697222
岭回归,1.0,0.019239904988123516
岭回归,1.0,0.01924447612259444
岭回归,1.0,0.019249049429657796
岭回归,1.0,0.019253624910862847
岭回归,1.0,0.01925820256776034
岭回归,1.0,0.019262782401902497
岭回归,1.0,0.019267364414843006
岭回归,1.0,0.019271948608137045
岭回归,1.0,0.019276534983341267
岭回归,1.0,0.019281123542013806
岭回归,1.0,0.019285714285714285
岭回归,1.0,0.01929030721600381
岭回归,1.0,0.019294902334444974
岭回归,1.0,0.01929949964260186
岭回归,1.0,0.019304099142040038
岭回归,1.0,0.019308700834326578
岭回归,1.0,0.019313304721030045
岭回归,1.0,0.019317910803720487
岭回归,1.0,0.019322519083969467
岭回归,1.0,0.019327129563350035
岭回归,1.0,0.019331742243436756
岭回归,1.0,0.01933635712580568
岭回归,1.0,0.019340974212034383
岭回归,1.0,0.019345593503701936
岭回归,1.0,0.019350215002388916
岭回归,1.0,0.01935483870967742
岭回归,1.0,0.019359464627151053
岭回归,1.0,0.019364092756394932
岭回归,1.0,0.019368723098995694
岭回归,1.0,0.019373355656541497
岭回归,1.0,0.019377990430622008
岭回归,1.0,0.019382627422828428
岭回归,1.0,0.019387266634753472
岭回归,1.0,0.019391908067991383
岭回归,1.0,0.01939655172413793
岭回归,1.0,0.019401197604790418
岭回归,1.0,0.019405845711547676
岭回归,1.0,0.019410496046010063
岭回归,1.0,0.019415148609779484
岭回归,1.0,0.01941980340445936
岭回归,1.0,0.019424460431654675
岭回归,1.0,0.019429119692971935
岭回归,1.0,0.019433781190019195
岭回归,1.0,0.019438444924406047
岭回归,1.0,0.01944311089774364
岭回归,1.0,0.019447779111644657
岭回归,1.0,0.019452449567723344
岭回归,1.0,0.019457122267595484
岭回归,1.0,0.019461797212878423
岭回归,1.0,0.01946647440519106
岭回归,1.0,0.019471153846153846
岭回归,1.0,0.019475835537388797
岭回归,1.0,0.01948051948051948
岭回归,1.0,0.019485205677171036
岭回归,1.0,0.019489894128970165
岭回归,1.0,0.019494584837545126
岭回归,1.0,0.019499277804525757
岭回归,1.0,0.019503973031543463
岭回归,1.0,0.019508670520231215
岭回归,1.0,0.019513370272223562
岭回归,1.0,0.019518072289156627
岭回归,1.0,0.019522776572668113
岭回归,1.0,0.0195274831243973
岭回归,1.0,0.019532191945985048
岭回归,1.0,0.019536903039073805
岭回归,1.0,0.0195416164053076
岭回归,1.0,0.019546332046332045
岭回归,1.0,0.01955104996379435
岭回归,1.0,0.019555770159343313
岭回归,1.0,0.019560492634629317
岭回归,1.0,0.01956521739130435
岭回归,1.0,0.019569944431021984
岭回归,1.0,0.019574673755437408
岭回归,1.0,0.019579405366207395
岭回归,1.0,0.01958413926499033
岭回归,1.0,0.019588875453446192
岭回归,1.0,0.019593613933236574
岭回归,1.0,0.019598354706024678
岭回归,1.0,0.019603097773475315
岭回归,1.0,0.0196078431372549
岭回归,1.0,0.019612590799031476
岭回归,1.0,0.01961734076047469
岭回归,1.0,0.019622093023255814
岭回归,1.0,0.019626847589047734
岭回归,1.0,0.019631604459524964
岭回归,1.0,0.019636363636363636
岭回归,1.0,0.019641125121241512
岭回归,1.0,0.019645888915837982
岭回归,1.0,0.019650655021834062
岭回归,1.0,0.0196554234409124
岭回归,1.0,0.01966019417475728
岭回归,1.0,0.019664967225054626
岭回归,1.0,0.019669742593491985
岭回归,1.0,0.019674520281758562
岭回归,1.0,0.01967930029154519
岭回归,1.0,0.01968408262454435
岭回归,1.0,0.01968886728245017
岭回归,1.0,0.019693654266958426
岭回归,1.0,0.019698443579766536
岭回归,1.0,0.019703235222573584
岭回归,1.0,0.01970802919708029
岭回归,1.0,0.019712825504989047
岭回归,1.0,0.019717624148003893
岭回归,1.0,0.019722425127830533
岭回归,1.0,0.019727228446176328
岭回归,1.0,0.019732034104750305
岭回归,1.0,0.019736842105263157
岭回归,1.0,0.019741652449427247
岭回归,1.0,0.019746465138956608
岭回归,1.0,0.019751280175566936
岭回归,1.0,0.01975609756097561
岭回归,1.0,0.019760917296901683
岭回归,1.0,0.019765739385065886
岭回归,1.0,0.019770563827190626
岭回归,1.0,0.019775390625
岭回归,1.0,0.01978021978021978
岭回归,1.0,0.01978505129457743
岭回归,1.0,0.0197898851698021
岭回归,1.0,0.019794721407624633
岭回归,1.0,0.01979956000977756
岭回归,1.0,0.01980440097799511
岭回归,1.0,0.019809244314013204
岭回归,1.0,0.01981409001956947
岭回归,1.0,0.01981893809640323
岭回归,1.0,0.019823788546255508
岭回归,1.0,0.019828641370869034
岭回归,1.0,0.019833496571988248
岭回归,1.0,0.019838354151359296
岭回归,1.0,0.019843214110730034
岭回归,1.0,0.019848076451850036
岭回归,1.0,0.019852941176470587
岭回归,1.0,0.019857808286344692
岭回归,1.0,0.019862677783227072
岭回归,1.0,0.019867549668874173
岭回归,1.0,0.01987242394504416
岭回归,1.0,0.01987730061349693
岭回归,1.0,0.019882179675994108
岭回归,1.0,0.01988706113429904
岭回归,1.0,0.019891944990176817
岭回归,1.0,0.01989683124539425
岭回归,1.0,0.019901719901719902
岭回归,1.0,0.01990661096092406
岭回归,1.0,0.01991150442477876
岭回归,1.0,0.01991640029505778
岭回归,1.0,0.019921298573536646
岭回归,1.0,0.01992619926199262
岭回归,1.0,0.019931102362204724
岭回归,1.0,0.01993600787595373
岭回归,1.0,0.019940915805022157
岭回归,1.0,0.019945826151194286
岭回归,1.0,0.019950738916256157
岭回归,1.0,0.019955654101995565
岭回归,1.0,0.01996057171020207
岭回归,1.0,0.019965491742666996
岭回归,1.0,0.019970414201183433
岭回归,1.0,0.01997533908754624
岭回归,1.0,0.019980266403552046
岭回归,1.0,0.01998519615099926
岭回归,1.0,0.019990128331688055
岭回归,1.0,0.01999506294742039
岭回归,1.0,0.02
岭回归,1.0,0.0200049394912324
岭回归,1.0,0.0200098814229249
岭回归,1.0,0.02001482579688658
岭回归,1.0,0.020019772614928325
岭回归,1.0,0.020024721878862794
岭回归,1.0,0.020029673590504452
岭回归,1.0,0.020034627751669552
岭回归,1.0,0.02003958436417615
岭回归,1.0,0.0200445434298441
岭回归,1.0,0.02004950495049505
岭回归,1.0,0.020054468927952464
岭回归,1.0,0.020059435364041606
岭回归,1.0,0.020064404260589547
岭回归,1.0,0.020069375619425175
岭回归,1.0,0.020074349442379184
岭回归,1.0,0.020079325731284084
岭回归,1.0,0.020084304487974214
岭回归,1.0,0.020089285714285716
岭回归,1.0,0.02009426941205656
岭回归,1.0,0.02009925558312655
岭回归,1.0,0.020104244229337303
岭回归,1.0,0.020109235352532274
岭回归,1.0,0.02011422895455674
岭回归,1.0,0.020119225037257823
岭回归,1.0,0.020124223602484472
岭回归,1.0,0.020129224652087475
岭回归,1.0,0.020134228187919462
岭回归,1.0,0.02013923421183491
岭回归,1.0,0.020144242725690126
岭回归,1.0,0.020149253731343283
岭回归,1.0,0.02015426723065439
岭回归,1.0,0.020159283225485315
岭回归,1.0,0.020164301717699777
岭回归,1.0,0.020169322709163346
岭回归,1.0,0.02017434620174346
岭回归,1.0,0.020179372197309416
岭回归,1.0,0.02018440069773237
岭回归,1.0,0.020189431704885345
岭回归,1.0,0.02019446522064323
岭回归,1.0,0.020199501246882794
岭回归,1.0,0.020204539785482666
岭回归,1.0,0.020209580838323353
岭回归,1.0,0.020214624407287246
岭回归,1.0,0.020219670494258612
岭回归,1.0,0.020224719101123594
岭回归,1.0,0.020229770229770228
岭回归,1.0,0.020234823882088433
岭回归,1.0,0.020239880059970013
岭回归,1.0,0.02024493876530867
岭回归,1.0,0.02025
岭回归,1.0,0.020255063765941484
岭回归,1.0,0.020260130065032515
岭回归,1.0,0.020265198899174382
岭回归,1.0,0.02027027027027027
岭回归,1.0,0.020275344180225283
岭回归,1.0,0.02028042063094642
岭回归,1.0,0.0202854996243426
岭回归,1.0,0.02029058116232465
岭回归,1.0,0.020295665246805313
岭回归,1.0,0.02030075187969925
岭回归,1.0,0.02030584106292304
岭回归,1.0,0.020310932798395187
岭回归,1.0,0.020316027088036117
岭回归,1.0,0.020321123933768188
岭回归,1.0,0.020326223337515683
岭回归,1.0,0.02033132530120482
岭回归,1.0,0.020336429826763747
岭回归,1.0,0.020341536916122553
岭回归,1.0,0.020346646571213264
岭回归,1.0,0.02035175879396985
岭回归,1.0,0.020356873586328223
岭回归,1.0,0.020361990950226245
岭回归,1.0,0.02036711088760372
岭回归,1.0,0.020372233400402416
岭回归,1.0,0.020377358490566037
岭回归,1.0,0.02038248616004026
岭回归,1.0,0.020387616410772715
岭回归,1.0,0.02039274924471299
岭回归,1.0,0.020397884663812642
岭回归,1.0,0.020403022670025188
岭回归,1.0,0.02040816326530612
岭回归,1.0,0.020413306451612902
岭回归,1.0,0.020418452230904965
岭回归,1.0,0.02042360060514372
岭回归,1.0,0.02042875157629256
岭回归,1.0,0.020433905146316853
岭回归,1.0,0.02043906131718395
岭回归,1.0,0.0204442200908632
岭回归,1.0,0.020449381469325928
岭回归,1.0,0.020454545454545454
岭回归,1.0,0.020459712048497097
岭回归,1.0,0.020464881253158162
岭回归,1.0,0.02047005307050796
岭回归,1.0,0.020475227502527806
岭回归,1.0,0.020480404551201013
岭回归,1.0,0.0204855842185129
岭回归,1.0,0.0204907665064508
岭回归,1.0,0.020495951417004048
岭回归,1.0,0.02050113895216401
岭回归,1.0,0.02050632911392405
岭回归,1.0,0.020511521904279566
岭回归,1.0,0.020516717325227963
岭回归,1.0,0.020521915378768685
岭回归,1.0,0.020527116066903193
岭回归,1.0,0.02053231939163498
岭回归,1.0,0.020537525354969575
岭回归,1.0,0.02054273395891453
岭回归,1.0,0.02054794520547945
岭回归,1.0,0.02055315909667597
岭回归,1.0,0.020558375634517765
岭回归,1.0,0.020563594821020565
岭回归,1.0,0.020568816658202132
岭回归,1.0,0.020574041148082298
岭回归,1.0,0.020579268292682928
岭回归,1.0,0.020584498094027955
岭回归,1.0,0.020589730554143367
岭回归,1.0,0.020594965675057208
岭回归,1.0,0.020600203458799593
岭回归,1.0,0.020605443907402696
岭回归,1.0,0.020610687022900764
岭回归,1.0,0.02061593280733011
岭回归,1.0,0.020621181262729125
岭回归,1.0,0.020626432391138275
岭回归,1.0,0.020631686194600103
岭回归,1.0,0.020636942675159236
岭回归,1.0,0.020642201834862386
岭回归,1.0,0.02064746367575835
岭回归,1.0,0.02065272819989801
岭回归,1.0,0.020657995409334353
岭回归,1.0,0.02066326530612245
岭回归,1.0,0.02066853789231947
岭回归,1.0,0.020673813169984685
岭回归,1.0,0.020679091141179475
岭回归,1.0,0.020684371807967315
岭回归,1.0,0.020689655172413793
岭回归,1.0,0.020694941236586613
岭回归,1.0,0.020700230002555584
岭回归,1.0,0.020705521472392636
岭回归,1.0,0.020710815648171822
岭回归,1.0,0.02071611253196931
岭回归,1.0,0.02072141212586339
岭回归,1.0,0.020726714431934492
岭回归,1.0,0.020732019452265164
岭回归,1.0,0.020737327188940093
岭回归,1.0,0.020742637644046096
岭回归,1.0,0.02074795081967213
岭回归,1.0,0.0207532667179093
岭回归,1.0,0.020758585340850847
岭回归,1.0,0.020763906690592155
岭回归,1.0,0.02076923076923077
岭回归,1.0,0.020774557578866377
岭回归,1.0,0.02077988712160082
岭回归,1.0,0.020785219399538105
岭回归,1.0,0.020790554414784394
岭回归,1.0,0.02079589216944801
岭回归,1.0,0.020801232665639446
岭回归,1.0,0.02080657590547136
岭回归,1.0,0.02081192189105858
岭回归,1.0,0.02081727062451812
岭回归,1.0,0.02082262210796915
岭回归,1.0,0.02082797634353304
岭回归,1.0,0.020833333333333332
岭回归,1.0,0.020838693079495756
岭回归,1.0,0.020844055584148223
岭回归,1.0,0.02084942084942085
岭回归,1.0,0.02085478887744593
岭回归,1.0,0.02086015967035797
岭回归,1.0,0.020865533230293665
岭回归,1.0,0.020870909559391908
岭回归,1.0,0.020876288659793813
岭回归,1.0,0.02088167053364269
岭回归,1.0,0.020887055183084063
岭回归,1.0,0.02089244261026567
岭回归,1.0,0.02089783281733746
岭回归,1.0,0.02090322580645161
岭回归,1.0,0.020908621579762518
岭回归,1.0,0.020914020139426802
岭回归,1.0,0.020919421487603305
岭回归,1.0,0.020924825626453113
岭回归,1.0,0.020930232558139535
岭回归,1.0,0.02093564228482812
岭回归,1.0,0.02094105480868666
岭回归,1.0,0.02094647013188518
岭回归,1.0,0.020951888256595965
岭回归,1.0,0.02095730918499353
岭回归,1.0,0.02096273291925466
岭回归,1.0,0.020968159461558375
岭回归,1.0,0.020973588814085967
岭回归,1.0,0.02097902097902098
岭回归,1.0,0.02098445595854922
岭回归,1.0,0.020989893754858772
岭回归,1.0,0.020995334370139968
岭回归,1.0,0.02100077780658543
岭回归,1.0,0.021006224066390043
岭回归,1.0,0.021011673151750974
岭回归,1.0,0.02101712506486767
岭回归,1.0,0.021022579807941862
岭回归,1.0,0.02102803738317757
岭回归,1.0,0.021033497792781096
岭回归,1.0,0.021038961038961038
岭回归,1.0,0.021044427123928292
岭回归,1.0,0.02104989604989605
岭回归,1.0,0.021055367819079802
岭回归,1.0,0.02106084243369735
岭回归,1.0,0.021066319895968792
岭回归,1.0,0.021071800208116546
岭回归,1.0,0.02107728337236534
岭回归,1.0,0.021082769390942217
岭回归,1.0,0.02108825826607654
岭回归,1.0,0.02109375
岭回归,1.0,0.021099244594946602
岭回归,1.0,0.021104742053152683
岭回归,1.0,0.02111024237685692
岭回归,1.0,0.02111574556830031
岭回归,1.0,0.021121251629726206
岭回归,1.0,0.02112676056338028
岭回归,1.0,0.021132272371510566
岭回归,1.0,0.021137787056367433
岭回归,1.0,0.021143304620203602
岭回归,1.0,0.02114882506527415
岭回归,1.0,0.021154348393836512
岭回归,1.0,0.02115987460815047
岭回归,1.0,0.021165403710478183
岭回归,1.0,0.021170935703084162
岭回归,1.0,0.021176470588235293
岭回归,1.0,0.021182008368200837
岭回归,1.0,0.02118754904525242
岭回归,1.0,0.02119309262166405
岭回归,1.0,0.02119863909971212
岭回归,1.0,0.021204188481675393
岭回归,1.0,0.021209740769835034
岭回归,1.0,0.021215295966474593
岭回归,1.0,0.02122085407388001
岭回归,1.0,0.02122641509433962
岭回归,1.0,0.021231979030144166
岭回归,1.0,0.021237545883586787
岭回归,1.0,0.021243115656963022
岭回归,1.0,0.02124868835257083
岭回归,1.0,0.021254263972710574
岭回归,1.0,0.02125984251968504
岭回归,1.0,0.021265423995799424
岭回归,1.0,0.021271008403361345
岭回归,1.0,0.02127659574468085
岭回归,1.0,0.021282186022070416
岭回归,1.0,0.02128777923784494
岭回归,1.0,0.021293375394321766
岭回归,1.0,0.021298974493820667
岭回归,1.0,0.021304576538663862
岭回归,1.0,0.021310181531176007
岭回归,1.0,0.02131578947368421
岭回归,1.0,0.02132140036851803
岭回归,1.0,0.02132701421800948
岭回归,1.0,0.02133263102449302
岭回归,1.0,0.021338250790305584
岭回归,1.0,0.021343873517786563
岭回归,1.0,0.021349499209277808
岭回归,1.0,0.02135512786712365
岭回归,1.0,0.021360759493670885
岭回归,1.0,0.021366394091268795
岭回归,1.0,0.021372031662269128
岭回归,1.0,0.021377672209026127
岭回归,1.0,0.021383315733896516
岭回归,1.0,0.021388962239239504
岭回归,1.0,0.021394611727416798
岭回归,1.0,0.021400264200792603
岭回归,1.0,0.021405919661733615
岭回归,1.0,0.02141157811260904
岭回归,1.0,0.02141723955579059
岭回归,1.0,0.021422903993652473
岭回归,1.0,0.02142857142857143
岭回归,1.0,0.0214342418629267
岭回归,1.0,0.021439915299100054
岭回归,1.0,0.021445591739475776
岭回归,1.0,0.021451271186440676
岭回归,1.0,0.021456953642384105
岭回归,1.0,0.021462639109697933
岭回归,1.0,0.02146832759077657
岭回归,1.0,0.021474019088016966
岭回归,1.0,0.021479713603818614
岭回归,1.0,0.021485411140583555
岭回归,1.0,0.02149111170071637
岭回归,1.0,0.021496815286624203
岭回归,1.0,0.02150252190071675
岭回归,1.0,0.021508231545406268
岭回归,1.0,0.02151394422310757
岭回归,1.0,0.021519659936238045
岭回归,1.0,0.021525378687217645
岭回归,1.0,0.0215311004784689
岭回归,1.0,0.02153682531241691
岭回归,1.0,0.02154255319148936
岭回归,1.0,0.02154828411811652
岭回归,1.0,0.02155401809473124
岭回归,1.0,0.021559755123768964
岭回归,1.0,0.02156549520766773
岭回归,1.0,0.021571238348868177
岭回归,1.0,0.021576984549813532
岭回归,1.0,0.02158273381294964
岭回归,1.0,0.021588486140724946
岭回归,1.0,0.02159424153559051
岭回归,1.0,0.0216
岭回归,1.0,0.02160576153640971
岭回归,1.0,0.02161152614727855
岭回归,1.0,0.021617293835068056
岭回归,1.0,0.021623064602242392
岭回归,1.0,0.021628838451268357
岭回归,1.0,0.021634615384615384
岭回归,1.0,0.021640395404755545
岭回归,1.0,0.02164617851416355
岭回归,1.0,0.02165196471531676
岭回归,1.0,0.021657754010695186
岭回归,1.0,0.02166354640278149
岭回归,1.0,0.021669341894060994
岭回归,1.0,0.021675140487021675
岭回归,1.0,0.021680942184154176
岭回归,1.0,0.021686746987951807
岭回归,1.0,0.02169255490091055
岭回归,1.0,0.021698365925529064
岭回归,1.0,0.021704180064308683
岭回归,1.0,0.021709997319753416
岭回归,1.0,0.021715817694369973
岭回归,1.0,0.02172164119066774
岭回归,1.0,0.021727467811158797
岭回归,1.0,0.021733297558357928
岭回归,1.0,0.021739130434782608
岭回归,1.0,0.02174496644295302
岭回归,1.0,0.021750805585392052
岭回归,1.0,0.021756647864625302
岭回归,1.0,0.021762493283181087
岭回归,1.0,0.021768341843590434
岭回归,1.0,0.021774193548387097
岭回归,1.0,0.021780048400107554
岭回归,1.0,0.021785906401291015
岭回归,1.0,0.021791767554479417
岭回归,1.0,0.021797631862217438
岭回归,1.0,0.02180349932705249
岭回归,1.0,0.021809369951534735
岭回归,1.0,0.021815243738217076
岭回归,1.0,0.021821120689655173
岭回归,1.0,0.021827000808407437
岭回归,1.0,0.02183288409703504
岭回归,1.0,0.021838770558101916
岭回归,1.0,0.021844660194174758
岭回归,1.0,0.02185055300782304
岭回归,1.0,0.021856449001618997
岭回归,1.0,0.02186234817813765
岭回归,1.0,0.021868250539956804
岭回归,1.0,0.021874156089657034
岭回归,1.0,0.02188006482982172
岭回归,1.0,0.021885976763037017
岭回归,1.0,0.02189189189189189
岭回归,1.0,0.021897810218978103
岭回归,1.0,0.021903731746890212
岭回归,1.0,0.021909656478225587
岭回归,1.0,0.021915584415584416
岭回归,1.0,0.02192151556156969
岭回归,1.0,0.02192744991878722
岭回归,1.0,0.021933387489845652
岭回归,1.0,0.021939328277356448
岭回归,1.0,0.021945272283933892
岭回归,1.0,0.02195121951219512
岭回归,1.0,0.021957169964760097
岭回归,1.0,0.021963123644251625
岭回归,1.0,0.021969080553295363
岭回归,1.0,0.021975040694519804
岭回归,1.0,0.02198100407055631
岭回归,1.0,0.021986970684039087
岭回归,1.0,0.021992940537605213
岭回归,1.0,0.021998913633894623
岭回归,1.0,0.022004889975550123
岭回归,1.0,0.022010869565217393
岭回归,1.0,0.022016852405544986
岭回归,1.0,0.02202283849918434
岭回归,1.0,0.022028827848789775
岭回归,1.0,0.0220348204570185
岭回归,1.0,0.022040816326530613
岭回归,1.0,0.022046815459989114
岭回归,1.0,0.022052817860059897
岭回归,1.0,0.022058823529411766
岭回归,1.0,0.022064832470716427
岭回归,1.0,0.0220708446866485
岭回归,1.0,0.022076860179885527
岭回归,1.0,0.02208287895310796
岭回归,1.0,0.02208890100899918
岭回归,1.0,0.0220949263502455
岭回归,1.0,0.022100954979536153
岭回归,1.0,0.02210698689956332
岭回归,1.0,0.022113022113022112
岭回归,1.0,0.022119060622610594
岭回归,1.0,0.02212510243102977
岭回归,1.0,0.022131147540983605
岭回归,1.0,0.02213719595517901
岭回归,1.0,0.02214324767632586
岭回归,1.0,0.022149302707136997
岭回归,1.0,0.022155361050328226
岭回归,1.0,0.02216142270861833
岭回归,1.0,0.022167487684729065
岭回归,1.0,0.02217355598138516
岭回归,1.0,0.02217962760131435
岭回归,1.0,0.02218570254724733
岭回归,1.0,0.02219178082191781
岭回归,1.0,0.022197862428062484
岭回归,1.0,0.022203947368421052
岭回归,1.0,0.02221003564573622
岭回归,1.0,0.022216127262753703
岭回归,1.0,0.022222222222222223
岭回归,1.0,0.022228320526893525
岭回归,1.0,0.022234422179522373
岭回归,1.0,0.022240527182866558
岭回归,1.0,0.0222466355396869
岭回归,1.0,0.022252747252747253
岭回归,1.0,0.02225886232481451
岭回归,1.0,0.022264980758658605
岭回归,1.0,0.022271102557052516
岭回归,1.0,0.022277227722772276
岭回归,1.0,0.022283356258596974
岭回归,1.0,0.02228948816730875
岭回归,1.0,0.022295623451692816
岭回归,1.0,0.022301762114537445
岭回归,1.0,0.022307904158633984
岭回归,1.0,0.02231404958677686
岭回归,1.0,0.02232019840176357
岭回归,1.0,0.022326350606394707
岭回归,1.0,0.022332506203473945
岭回归,1.0,0.022338665195808054
岭回归,1.0,0.022344827586206897
岭回归,1.0,0.022350993377483443
岭回归,1.0,0.02235716257245377
岭回归,1.0,0.02236333517393705
岭回归,1.0,0.02236951118475559
岭回归,1.0,0.022375690607734807
岭回归,1.0,0.02238187344570323
岭回归,1.0,0.022388059701492536
岭回归,1.0,0.022394249377937516
岭回归,1.0,0.022400442477876106
岭回归,1.0,0.022406639004149378
岭回归,1.0,0.02241283895960155
岭回归,1.0,0.02241904234707999
岭回归,1.0,0.022425249169435217
岭回归,1.0,0.02243145942952091
岭回归,1.0,0.022437673130193906
岭回归,1.0,0.022443890274314215
岭回归,1.0,0.02245011086474501
岭回归,1.0,0.022456334904352646
岭回归,1.0,0.022462562396006656
岭回归,1.0,0.02246879334257975
岭回归,1.0,0.022475027746947835
岭回归,1.0,0.022481265611990008
岭回归,1.0,0.022487506940588563
岭回归,1.0,0.02249375173562899
岭回归,1.0,0.0225
岭回归,1.0,0.0225062517365935
岭回归,1.0,0.022512506948304613
岭回归,1.0,0.022518765638031693
岭回归,1.0,0.022525027808676306
岭回归,1.0,0.022531293463143254
岭回归,1.0,0.022537562604340568
岭回归,1.0,0.022543835235179516
岭回归,1.0,0.02255011135857461
岭回归,1.0,0.022556390977443608
岭回归,1.0,0.02256267409470752
岭回归,1.0,0.02256896071329061
岭回归,1.0,0.0225752508361204
岭回归,1.0,0.022581544466127684
岭回归,1.0,0.022587841606246516
岭回归,1.0,0.022594142259414227
岭回归,1.0,0.022600446428571428
岭回归,1.0,0.022606754116662017
岭回归,1.0,0.022613065326633167
岭回归,1.0,0.022619380061435355
岭回归,1.0,0.022625698324022347
岭回归,1.0,0.022632020117351215
岭回归,1.0,0.022638345444382337
岭回归,1.0,0.022644674308079395
岭回归,1.0,0.022651006711409395
岭回归,1.0,0.022657342657342656
岭回归,1.0,0.022663682148852827
岭回归,1.0,0.022670025188916875
岭回归,1.0,0.02267637178051512
岭回归,1.0,0.022682721926631195
岭回归,1.0,0.0226890756302521
岭回归,1.0,0.02269543289436817
岭回归,1.0,0.022701793721973094
岭回归,1.0,0.022708158116063918
岭回归,1.0,0.022714526079641053
岭回归,1.0,0.022720897615708276
岭回归,1.0,0.022727272727272728
岭回归,1.0,0.022733651417344933
岭回归,1.0,0.022740033688938798
岭回归,1.0,0.02274641954507161
岭回归,1.0,0.022752808988764046
岭回归,1.0,0.02275920202304018
岭回归,1.0,0.022765598650927487
岭回归,1.0,0.022771998875456844
岭回归,1.0,0.022778402699662543
岭回归,1.0,0.02278481012658228
岭回归,1.0,0.022791221159257174
岭回归,1.0,0.022797635800731776
岭回归,1.0,0.022804054054054054
岭回归,1.0,0.022810475922275416
岭回归,1.0,0.022816901408450704
岭回归,1.0,0.02282333051563821
岭回归,1.0,0.022829763246899663
岭回归,1.0,0.022836199605300252
岭回归,1.0,0.02284263959390863
岭回归,1.0,0.022849083215796897
岭回归,1.0,0.022855530474040632
岭回归,1.0,0.02286198137171888
岭回归,1.0,0.022868435911914172
岭回归,1.0,0.02287489409771251
岭回归,1.0,0.02288135593220339
岭回归,1.0,0.022887821418479795
岭回归,1.0,0.022894290559638215
岭回归,1.0,0.022900763358778626
岭回归,1.0,0.022907239819004523
岭回归,1.0,0.022913719943422915
岭回归,1.0,0.022920203735144314
岭回归,1.0,0.022926691197282762
岭回归,1.0,0.022933182332955833
岭回归,1.0,0.022939677145284623
岭回归,1.0,0.02294617563739377
岭回归,1.0,0.02295267781241145
岭回归,1.0,0.02295918367346939
岭回归,1.0,0.022965693223702864
岭回归,1.0,0.02297220646625071
岭回归,1.0,0.02297872340425532
岭回归,1.0,0.022985244040862655
岭回归,1.0,0.022991768379222254
岭回归,1.0,0.022998296422487224
岭回归,1.0,0.023004828173814256
岭回归,1.0,0.023011363636363635
岭回归,1.0,0.023017902813299233
岭回归,1.0,0.023024445707788516
岭回归,1.0,0.02303099232300256
岭回归,1.0,0.02303754266211604
岭回归,1.0,0.023044096728307255
岭回归,1.0,0.02305065452475811
岭回归,1.0,0.02305721605465414
岭回归,1.0,0.02306378132118451
岭回归,1.0,0.02307035032754201
岭回归,1.0,0.023076923076923078
岭回归,1.0,0.023083499572527786
岭回归,1.0,0.023090079817559863
岭回归,1.0,0.023096663815226688
岭回归,1.0,0.023103251568739304
岭回归,1.0,0.02310984308131241
岭回归,1.0,0.023116438356164382
岭回归,1.0,0.02312303739651727
岭回归,1.0,0.023129640205596803
岭回归,1.0,0.02313624678663239
岭回归,1.0,0.023142857142857142
岭回归,1.0,0.02314947127750786
岭回归,1.0,0.023156089193825044
岭回归,1.0,0.023162710895052903
岭回归,1.0,0.02316933638443936
岭回归,1.0,0.02317596566523605
岭回归,1.0,0.02318259874069834
岭回归,1.0,0.023189235614085313
岭回归,1.0,0.023195876288659795
岭回归,1.0,0.02320252076768834
岭回归,1.0,0.023209169054441262
岭回归,1.0,0.023215821152192607
岭回归,1.0,0.023222477064220183
岭回归,1.0,0.023229136793805564
岭回归,1.0,0.02323580034423408
岭回归,1.0,0.023242467718794835
岭回归,1.0,0.02324913892078071
岭回归,1.0,0.023255813953488372
岭回归,1.0,0.023262492820218264
岭回归,1.0,0.023269175524274634
岭回归,1.0,0.02327586206896552
岭回归,1.0,0.02328255245760276
岭回归,1.0,0.023289246693502012
岭回归,1.0,0.023295944779982744
岭回归,1.0,0.02330264672036824
岭回归,1.0,0.02330935251798561
岭回归,1.0,0.023316062176165803
岭回归,1.0,0.023322775698243592
岭回归,1.0,0.023329493087557603
岭回归,1.0,0.023336214347450302
岭回归,1.0,0.02334293948126801
岭回归,1.0,0.02334966849236091
岭回归,1.0,0.023356401384083045
岭回归,1.0,0.023363138159792327
岭回归,1.0,0.02336987882285055
岭回归,1.0,0.023376623376623377
岭回归,1.0,0.02338337182448037
岭回归,1.0,0.023390124169794975
岭回归,1.0,0.02339688041594454
岭回归,1.0,0.023403640566310314
岭回归,1.0,0.023410404624277455
岭回归,1.0,0.023417172593235037
岭回归,1.0,0.023423944476576055
岭回归,1.0,0.023430720277697426
岭回归,1.0,0.0234375
岭回归,1.0,0.023444283646888567
岭回归,1.0,0.023451071221771858
岭回归,1.0,0.023457862728062554
岭回归,1.0,0.02346465816917729
岭回归,1.0,0.023471457548536655
岭回归,1.0,0.023478260869565216
岭回归,1.0,0.023485068135691504
岭回归,1.0,0.02349187935034803
岭回归,1.0,0.02349869451697128
岭回归,1.0,0.023505513639001743
岭回归,1.0,0.02351233671988389
岭回归,1.0,0.023519163763066203
岭回归,1.0,0.023525994772001162
岭回归,1.0,0.023532829750145264
岭回归,1.0,0.023539668700959023
岭回归,1.0,0.023546511627906976
岭回归,1.0,0.02355335853445769
岭回归,1.0,0.02356020942408377
岭回归,1.0,0.023567064300261856
岭回归,1.0,0.02357392316647264
岭回归,1.0,0.023580786026200874
岭回归,1.0,0.023587652882935354
岭回归,1.0,0.02359452374016895
岭回归,1.0,0.0236013986013986
岭回归,1.0,0.023608277470125328
岭回归,1.0,0.02361516034985423
岭回归,1.0,0.023622047244094488
岭回归,1.0,0.023628938156359393
岭回归,1.0,0.023635833090166328
岭回归,1.0,0.023642732049036778
岭回归,1.0,0.02364963503649635
岭回归,1.0,0.023656542056074766
岭回归,1.0,0.02366345311130587
岭回归,1.0,0.023670368205727644
岭回归,1.0,0.023677287342882197
岭回归,1.0,0.02368421052631579
岭回归,1.0,0.023691137759578824
岭回归,1.0,0.023698069046225862
岭回归,1.0,0.02370500438981563
岭回归,1.0,0.023711943793911006
岭回归,1.0,0.023718887262079064
岭回归,1.0,0.023725834797891036
岭回归,1.0,0.023732786404922355
岭回归,1.0,0.023739742086752638
岭回归,1.0,0.023746701846965697
岭回归,1.0,0.02375366568914956
岭回归,1.0,0.02376063361689645
岭回归,1.0,0.023767605633802816
岭回归,1.0,0.023774581743469327
岭回归,1.0,0.02378156194950088
岭回归,1.0,0.02378854625550661
岭回归,1.0,0.02379553466509988
岭回归,1.0,0.023802527181898327
岭回归,1.0,0.023809523809523808
岭回归,1.0,0.02381652455160247
岭回归,1.0,0.023823529411764705
岭回归,1.0,0.02383053839364519
岭回归,1.0,0.023837551500882872
岭回归,1.0,0.02384456873712099
岭回归,1.0,0.023851590106007067
岭回归,1.0,0.02385861561119293
岭回归,1.0,0.023865645256334708
岭回归,1.0,0.023872679045092837
岭回归,1.0,0.023879716981132077
岭回归,1.0,0.0238867590681215
岭回归,1.0,0.023893805309734513
岭回归,1.0,0.023900855709648863
岭回归,1.0,0.023907910271546637
岭回归,1.0,0.023914968999114262
岭回归,1.0,0.023922031896042528
岭回归,1.0,0.023929098966026588
岭回归,1.0,0.023936170212765957
岭回归,1.0,0.023943245639964528
岭回归,1.0,0.023950325251330572
岭回归,1.0,0.023957409050576754
岭回归,1.0,0.02396449704142012
岭回归,1.0,0.023971589227582125
岭回归,1.0,0.023978685612788632
岭回归,1.0,0.023985786200769913
岭回归,1.0,0.023992890995260665
岭回归,1.0,0.024
岭回归,1.0,0.024007113218731477
岭回归,1.0,0.024014230655203084
岭回归,1.0,0.02402135231316726
岭回归,1.0,0.024028478196380897
岭回归,1.0,0.024035608308605343
岭回归,1.0,0.02404274265360641
岭回归,1.0,0.024049881235154395
岭回归,1.0,0.024057024057024055
岭回归,1.0,0.02406417112299465
岭回归,1.0,0.024071322436849927
岭回归,1.0,0.024078478002378122
岭回归,1.0,0.02408563782337199
岭回归,1.0,0.024092801903628794
岭回归,1.0,0.024099970246950313
岭回归,1.0,0.024107142857142858
岭回归,1.0,0.024114319738017267
岭回归,1.0,0.024121500893388922
岭回归,1.0,0.024128686327077747
岭回归,1.0,0.024135876042908223
岭回归,1.0,0.024143070044709388
岭回归,1.0,0.024150268336314847
岭回归,1.0,0.02415747092156278
岭回归,1.0,0.02416467780429594
岭回归,1.0,0.024171888988361683
岭回归,1.0,0.02417910447761194
岭回归,1.0,0.024186324275903254
岭回归,1.0,0.024193548387096774
岭回归,1.0,0.02420077681505826
岭回归,1.0,0.0242080095636581
岭回归,1.0,0.0242152466367713
岭回归,1.0,0.024222488038277513
岭回归,1.0,0.024229733772061023
岭回归,1.0,0.02423698384201077
岭回归,1.0,0.024244238252020354
岭回归,1.0,0.024251497005988023
岭回归,1.0,0.02425876010781671
岭回归,1.0,0.024266027561414022
岭回归,1.0,0.02427329937069224
岭回归,1.0,0.024280575539568347
岭回归,1.0,0.024287856071964018
岭回归,1.0,0.02429514097180564
岭回归,1.0,0.024302430243024302
岭回归,1.0,0.024309723889555823
岭回归,1.0,0.02431702191534074
岭回归,1.0,0.024324324324324326
岭回归,1.0,0.024331631120456592
岭回归,1.0,0.024338942307692308
岭回归,1.0,0.024346257889990983
岭回归,1.0,0.0243535778713169
岭回归,1.0,0.024360902255639097
岭回归,1.0,0.024368231046931407
岭回归,1.0,0.024375564249172435
岭回归,1.0,0.024382901866345574
岭回归,1.0,0.024390243902439025
岭回归,1.0,0.024397590361445783
岭回归,1.0,0.024404941247363664
岭回归,1.0,0.024412296564195298
岭回归,1.0,0.024419656315948148
岭回归,1.0,0.0244270205066345
岭回归,1.0,0.024434389140271493
岭回归,1.0,0.02444176222088111
岭回归,1.0,0.02444913975249019
岭回归,1.0,0.024456521739130436
岭回归,1.0,0.02446390818483842
岭回归,1.0,0.02447129909365559
岭回归,1.0,0.024478694469628286
岭回归,1.0,0.02448609431680774
岭回归,1.0,0.024493498639250075
岭回归,1.0,0.024500907441016333
岭回归,1.0,0.024508320726172466
岭回归,1.0,0.024515738498789345
岭回归,1.0,0.02452316076294278
岭回归,1.0,0.024530587522713507
岭回归,1.0,0.024538018782187216
岭回归,1.0,0.024545454545454544
岭回归,1.0,0.024552894816611093
岭回归,1.0,0.024560339599757428
岭回归,1.0,0.02456778889899909
岭回归,1.0,0.0245752427184466
岭回归,1.0,0.024582701062215478
岭回归,1.0,0.02459016393442623
岭回归,1.0,0.02459763133920437
岭回归,1.0,0.024605103280680437
岭回归,1.0,0.024612579762989972
岭回归,1.0,0.024620060790273558
岭回归,1.0,0.0246275463666768
岭回归,1.0,0.024635036496350366
岭回归,1.0,0.024642531183449955
岭回归,1.0,0.024650030432136337
岭回归,1.0,0.024657534246575342
岭回归,1.0,0.02466504263093788
岭回归,1.0,0.024672555589399937
岭回归,1.0,0.024680073126142597
岭回归,1.0,0.024687595245352027
岭回归,1.0,0.024695121951219513
岭回归,1.0,0.024702653247941447
岭回归,1.0,0.02471018913971934
岭回归,1.0,0.02471772963075984
岭回归,1.0,0.024725274725274724
岭回归,1.0,0.024732824427480916
岭回归,1.0,0.02474037874160049
岭回归,1.0,0.02474793767186068
岭回归,1.0,0.024755501222493887
岭回归,1.0,0.024763069397737696
岭回归,1.0,0.024770642201834864
岭回归,1.0,0.024778219639033344
岭回归,1.0,0.02478580171358629
岭回归,1.0,0.024793388429752067
岭回归,1.0,0.024800979791794242
岭回归,1.0,0.024808575803981624
岭回归,1.0,0.024816176470588234
岭回归,1.0,0.02482378179589335
岭回归,1.0,0.024831391784181485
岭回归,1.0,0.02483900643974241
岭回归,1.0,0.024846625766871164
岭回归,1.0,0.024854249769868057
岭回归,1.0,0.024861878453038673
岭回归,1.0,0.02486951182069389
岭回归,1.0,0.024877149877149878
岭回归,1.0,0.02488479262672811
岭回归,1.0,0.02489244007375538
岭回归,1.0,0.02490009222256379
岭回归,1.0,0.024907749077490774
岭回归,1.0,0.024915410642879113
岭回归,1.0,0.024923076923076923
岭回归,1.0,0.024930747922437674
岭回归,1.0,0.024938423645320198
岭回归,1.0,0.024946104096088696
岭回归,1.0,0.024953789279112754
岭回归,1.0,0.024961479198767334
岭回归,1.0,0.0249691738594328
岭回归,1.0,0.02497687326549491
岭回归,1.0,0.02498457742134485
岭回归,1.0,0.024992286331379204
岭回归,1.0,0.025
岭回归,1.0,0.025007718431614697
岭回归,1.0,0.025015441630636195
岭回归,1.0,0.025023169601482854
岭回归,1.0,0.025030902348578493
岭回归,1.0,0.025038639876352395
岭回归,1.0,0.02504638218923933
岭回归,1.0,0.025054129291679553
岭回归,1.0,0.025061881188118813
岭回归,1.0,0.025069637883008356
岭回归,1.0,0.025077399380804954
岭回归,1.0,0.025085165685970887
岭回归,1.0,0.02509293680297398
岭回归,1.0,0.025100712736287573
岭回归,1.0,0.025108493490390578
岭回归,1.0,0.025116279069767444
岭回归,1.0,0.02512406947890819
岭回归,1.0,0.025131864722308408
岭回归,1.0,0.025139664804469275
岭回归,1.0,0.025147469729897547
岭回归,1.0,0.02515527950310559
岭回归,1.0,0.02516309412861137
岭回归,1.0,0.02517091361093847
岭回归,1.0,0.0251787379546161
岭回归,1.0,0.025186567164179104
岭回归,1.0,0.025194401244167962
岭回归,1.0,0.02520224019912881
岭回归,1.0,0.025210084033613446
岭回归,1.0,0.025217932752179328
岭回归,1.0,0.025225786359389598
岭回归,1.0,0.025233644859813085
岭回归,1.0,0.025241508258024306
岭回归,1.0,0.02524937655860349
岭回归,1.0,0.025257249766136577
岭回归,1.0,0.025265127885215222
岭回归,1.0,0.02527301092043682
岭回归,1.0,0.025280898876404494
岭回归,1.0,0.025288791757727132
岭回归,1.0,0.025296689569019364
岭回归,1.0,0.02530459231490159
岭回归,1.0,0.0253125
岭回归,1.0,0.025320412628946545
岭回归,1.0,0.025328330206378986
岭回归,1.0,0.025336252736940883
岭回归,1.0,0.025344180225281603
岭回归,1.0,0.02535211267605634
岭回归,1.0,0.025360050093926112
岭回归,1.0,0.025367992483557783
岭回归,1.0,0.02537593984962406
岭回归,1.0,0.02538389219680351
岭回归,1.0,0.025391849529780564
岭回归,1.0,0.02539981185324553
岭回归,1.0,0.025407779171894605
岭回归,1.0,0.02541575149042987
岭回归,1.0,0.025423728813559324
岭回归,1.0,0.02543171114599686
岭回归,1.0,0.02543969849246231
岭回归,1.0,0.02544769085768143
岭回归,1.0,0.02545568824638592
岭回归,1.0,0.025463690663313422
岭回归,1.0,0.02547169811320755
岭回归,1.0,0.025479710600817867
岭回归,1.0,0.025487728130899938
岭回归,1.0,0.025495750708215296
岭回归,1.0,0.025503778337531487
岭回归,1.0,0.025511811023622048
岭回归,1.0,0.02551984877126654
岭回归,1.0,0.02552789158525055
岭回归,1.0,0.0255359394703657
岭回归,1.0,0.02554399243140965
岭回归,1.0,0.02555205047318612
岭回归,1.0,0.02556011360050489
岭回归,1.0,0.02556818181818182
岭回归,1.0,0.02557625513103884
岭回归,1.0,0.025584333543903978
岭回归,1.0,0.025592417061611375
岭回归,1.0,0.025600505689001265
岭回归,1.0,0.025608599430920014
岭回归,1.0,0.025616698292220113
岭回归,1.0,0.025624802277760202
岭回归,1.0,0.025632911392405065
岭回归,1.0,0.02564102564102564
岭回归,1.0,0.02564914502849905
岭回归,1.0,0.025657269559708585
岭回归,1.0,0.025665399239543727
岭回归,1.0,0.02567353407290016
岭回归,1.0,0.02568167406467977
岭回归,1.0,0.025689819219790674
岭回归,1.0,0.02569796954314721
岭回归,1.0,0.025706125039669948
岭回归,1.0,0.025714285714285714
岭回归,1.0,0.025722451571927596
岭回归,1.0,0.02573062261753494
岭回归,1.0,0.025738798856053385
岭回归,1.0,0.02574698029243484
岭回归,1.0,0.02575516693163752
岭回归,1.0,0.025763358778625955
岭回归,1.0,0.025771555838370982
岭回归,1.0,0.025779758115849778
岭回归,1.0,0.025787965616045846
岭回归,1.0,0.025796178343949046
岭回归,1.0,0.02580439630455559
岭回归,1.0,0.02581261950286807
岭回归,1.0,0.025820847943895442
岭回归,1.0,0.025829081632653062
岭回归,1.0,0.02583732057416268
岭回归,1.0,0.025845564773452456
岭回归,1.0,0.025853814235556973
岭回归,1.0,0.02586206896551724
岭回归,1.0,0.02587032896838071
岭回归,1.0,0.02587859424920128
岭回归,1.0,0.02588686481303931
岭回归,1.0,0.02589514066496164
岭回归,1.0,0.025903421810041575
岭回归,1.0,0.025911708253358926
岭回归,1.0,0.02592
岭回归,1.0,0.025928297055057618
岭回归,1.0,0.025936599423631124
岭回归,1.0,0.025944907110826393
岭回归,1.0,0.025953220121755848
岭回归,1.0,0.025961538461538463
岭回归,1.0,0.025969862135299775
岭回归,1.0,0.025978191148171906
岭回归,1.0,0.02598652550529355
岭回归,1.0,0.025994865211810013
岭回归,1.0,0.026003210272873195
岭回归,1.0,0.02601156069364162
岭回归,1.0,0.026019916479280435
岭回归,1.0,0.02602827763496144
岭回归,1.0,0.026036644165863067
岭回归,1.0,0.026045016077170417
岭回归,1.0,0.026053393374075265
岭回归,1.0,0.026061776061776062
岭回归,1.0,0.026070164145477952
岭回归,1.0,0.02607855763039279
岭回归,1.0,0.02608695652173913
岭回归,1.0,0.02609536082474227
岭回归,1.0,0.026103770544634225
岭回归,1.0,0.02611218568665377
岭回归,1.0,0.026120606256046435
岭回归,1.0,0.026129032258064518
岭回归,1.0,0.026137463697967087
岭回归,1.0,0.026145900581020013
岭回归,1.0,0.026154342912495965
岭回归,1.0,0.02616279069767442
岭回归,1.0,0.02617124394184168
岭回归,1.0,0.026179702650290886
岭回归,1.0,0.026188166828322017
岭回归,1.0,0.026196636481241913
岭回归,1.0,0.026205111614364285
岭回归,1.0,0.02621359223300971
岭回归,1.0,0.026222078342505666
岭回归,1.0,0.026230569948186528
岭回归,1.0,0.026239067055393587
岭回归,1.0,0.02624756966947505
岭回归,1.0,0.02625607779578606
岭回归,1.0,0.026264591439688716
岭回归,1.0,0.02627311060655206
岭回归,1.0,0.02628163530175211
岭回归,1.0,0.02629016553067186
岭回归,1.0,0.026298701298701297
岭回归,1.0,0.026307242611237416
岭回归,1.0,0.02631578947368421
岭回归,1.0,0.026324341891452715
岭回归,1.0,0.02633289986996099
岭回归,1.0,0.026341463414634145
岭回归,1.0,0.026350032530904358
岭回归,1.0,0.026358607224210868
岭回归,1.0,0.0263671875
岭回归,1.0,0.02637577336372517
岭回归,1.0,0.026384364820846905
岭回归,1.0,0.026392961876832845
岭回归,1.0,0.026401564537157758
岭回归,1.0,0.026410172807303553
岭回归,1.0,0.026418786692759294
岭回归,1.0,0.026427406199021206
岭回归,1.0,0.02643603133159269
岭回归,1.0,0.02644466209598433
岭回归,1.0,0.026453298497713912
岭回归,1.0,0.026461940542306436
岭回归,1.0,0.026470588235294117
岭回归,1.0,0.02647924158221641
岭回归,1.0,0.026487900588620012
岭回归,1.0,0.02649656526005888
岭回归,1.0,0.02650523560209424
岭回归,1.0,0.026513911620294598
岭回归,1.0,0.026522593320235755
岭回归,1.0,0.02653128070750082
岭回归,1.0,0.02653997378768021
岭回归,1.0,0.02654867256637168
岭回归,1.0,0.026557377049180327
岭回归,1.0,0.026566087241718595
岭回归,1.0,0.0265748031496063
岭回归,1.0,0.026583524778470626
岭回归,1.0,0.02659225213394616
岭回归,1.0,0.026600985221674877
岭回归,1.0,0.026609724047306178
岭回归,1.0,0.026618468616496877
岭回归,1.0,0.026627218934911243
岭回归,1.0,0.02663597500822098
岭回归,1.0,0.026644736842105263
岭回归,1.0,0.02665350444225074
岭回归,1.0,0.026662277814351546
岭回归,1.0,0.02667105696410932
岭回归,1.0,0.0266798418972332
岭回归,1.0,0.026688632619439868
岭回归,1.0,0.026697429136453527
岭回归,1.0,0.026706231454005934
岭回归,1.0,0.02671503957783641
岭回归,1.0,0.026723853513691852
岭回归,1.0,0.026732673267326732
岭回归,1.0,0.026741498844503137
岭回归,1.0,0.026750330250990752
岭回归,1.0,0.026759167492566897
岭回归,1.0,0.026768010575016522
岭回归,1.0,0.026776859504132233
岭回归,1.0,0.026785714285714284
岭回归,1.0,0.026794574925570625
岭回归,1.0,0.026803441429516878
岭回归,1.0,0.026812313803376366
岭回归,1.0,0.02682119205298013
岭回归,1.0,0.026830076184166943
岭回归,1.0,0.0268389662027833
岭回归,1.0,0.02684786211468346
岭回归,1.0,0.026856763925729443
岭回归,1.0,0.026865671641791045
岭回归,1.0,0.02687458526874585
岭回归,1.0,0.026883504812479257
岭回归,1.0,0.026892430278884463
岭回归,1.0,0.026901361673862503
岭回归,1.0,0.026910299003322258
岭回归,1.0,0.026919242273180457
岭回归,1.0,0.0269281914893617
岭回归,1.0,0.02693714665779847
岭回归,1.0,0.02694610778443114
岭回归,1.0,0.02695507487520799
岭回归,1.0,0.02696404793608522
岭回归,1.0,0.026973026973026972
岭回归,1.0,0.02698201199200533
岭回归,1.0,0.026991002999000334
岭回归,1.0,0.027
岭回归,1.0,0.027009003001000332
岭回归,1.0,0.027018012008005337
岭回归,1.0,0.02702702702702703
岭回归,1.0,0.02703604806408545
岭回归,1.0,0.027045075125208682
岭回归,1.0,0.027054108216432865
岭回归,1.0,0.027063147343802205
岭回归,1.0,0.027072192513368985
岭回归,1.0,0.02708124373119358
岭回归,1.0,0.02709030100334448
岭回归,1.0,0.027099364335898293
岭回归,1.0,0.02710843373493976
岭回归,1.0,0.02711750920656177
岭回归,1.0,0.02712659075686537
岭回归,1.0,0.027135678391959798
岭回归,1.0,0.027144772117962467
岭回归,1.0,0.027153871940998994
岭回归,1.0,0.02716297786720322
岭回归,1.0,0.02717208990271721
岭回归,1.0,0.027181208053691275
岭回归,1.0,0.027190332326283987
岭回归,1.0,0.02719946272666219
岭回归,1.0,0.02720859926100101
岭回归,1.0,0.02721774193548387
岭回归,1.0,0.02722689075630252
岭回归,1.0,0.027236045729657026
岭回归,1.0,0.027245206861755803
岭回归,1.0,0.02725437415881561
岭回归,1.0,0.027263547627061596
岭回归,1.0,0.02727272727272727
岭回归,1.0,0.027281913102054564
岭回归,1.0,0.0272911051212938
岭回归,1.0,0.027300303336703743
岭回归,1.0,0.027309507754551585
岭回归,1.0,0.027318718381112984
岭回归,1.0,0.027327935222672066
岭回归,1.0,0.02733715828552143
岭回归,1.0,0.027346387575962187
岭回归,1.0,0.02735562310030395
岭回归,1.0,0.027364864864864866
岭回归,1.0,0.027374112875971614
岭回归,1.0,0.02738336713995943
岭回归,1.0,0.027392627663172135
岭回归,1.0,0.02740189445196211
岭回归,1.0,0.027411167512690356
岭回归,1.0,0.02742044685172647
岭回归,1.0,0.027429732475448696
岭回归,1.0,0.027439024390243903
岭回归,1.0,0.027448322602507624
岭回归,1.0,0.02745762711864407
岭回归,1.0,0.027466937945066123
岭回归,1.0,0.027476255088195387
岭回归,1.0,0.027485578554462164
岭回归,1.0,0.0274949083503055
岭回归,1.0,0.027504244482173174
岭回归,1.0,0.02751358695652174
岭回归,1.0,0.027522935779816515
岭回归,1.0,0.027532290958531613
岭回归,1.0,0.02754165249914995
岭回归,1.0,0.027551020408163266
岭回归,1.0,0.027560394692072134
岭回归,1.0,0.027569775357385976
岭回归,1.0,0.027579162410623085
岭回归,1.0,0.027588555858310628
岭回归,1.0,0.02759795570698467
岭回归,1.0,0.027607361963190184
岭回归,1.0,0.027616774633481077
岭回归,1.0,0.02762619372442019
岭回归,1.0,0.027635619242579325
岭回归,1.0,0.02764505119453925
岭回归,1.0,0.027654489586889725
岭回归,1.0,0.027663934426229508
岭回归,1.0,0.02767338571916638
岭回归,1.0,0.027682843472317156
岭回归,1.0,0.027692307692307693
岭回归,1.0,0.027701778385772913
岭回归,1.0,0.027711255559356825
岭回归,1.0,0.027720739219712527
岭回归,1.0,0.027730229373502224
岭回归,1.0,0.02773972602739726
岭回归,1.0,0.02774922918807811
岭回归,1.0,0.027758738862234407
岭回归,1.0,0.027768255056564963
岭回归,1.0,0.027777777777777776
岭回归,1.0,0.027787307032590053
岭回归,1.0,0.027796842827728208
岭回归,1.0,0.027806385169927908
岭回归,1.0,0.027815934065934064
岭回归,1.0,0.02782548952250086
岭回归,1.0,0.027835051546391754
岭回归,1.0,0.027844620144379512
岭回归,1.0,0.027854195323246216
岭回归,1.0,0.02786377708978328
岭回归,1.0,0.027873365450791467
岭回归,1.0,0.027882960413080894
岭回归,1.0,0.027892561983471075
岭回归,1.0,0.027902170168790905
岭回归,1.0,0.027911784975878703
岭回归,1.0,0.027921406411582212
岭回归,1.0,0.02793103448275862
岭回归,1.0,0.027940669196274578
岭回归,1.0,0.027950310559006212
岭回归,1.0,0.027959958577839145
岭回归,1.0,0.02796961325966851
岭回归,1.0,0.027979274611398965
岭回归,1.0,0.027988942639944715
岭回归,1.0,0.02799861735222952
岭回归,1.0,0.028008298755186723
岭回归,1.0,0.028017986855759253
岭回归,1.0,0.028027681660899653
岭回归,1.0,0.028037383177570093
岭回归,1.0,0.02804709141274238
岭回归,1.0,0.02805680637339799
岭回归,1.0,0.028066528066528068
岭回归,1.0,0.028076256499133447
岭回归,1.0,0.02808599167822469
岭回归,1.0,0.02809573361082206
岭回归,1.0,0.028105482303955587
岭回归,1.0,0.028115237764665048
岭回归,1.0,0.028125
岭回归,1.0,0.0281347690170198
岭回归,1.0,0.028144544822793608
岭回归,1.0,0.028154327424400417
岭回归,1.0,0.028164116828929067
岭回归,1.0,0.02817391304347826
岭回归,1.0,0.028183716075156576
岭回归,1.0,0.028193525931082493
岭回归,1.0,0.028203342618384402
岭回归,1.0,0.02821316614420063
岭回归,1.0,0.028222996515679444
岭回归,1.0,0.028232833739979087
岭回归,1.0,0.028242677824267783
岭回归,1.0,0.02825252877572375
岭回归,1.0,0.028262386601535242
岭回归,1.0,0.028272251308900525
岭回归,1.0,0.028282122905027934
岭回归,1.0,0.02829200139713587
岭回归,1.0,0.02830188679245283
岭回归,1.0,0.028311779098217405
岭回归,1.0,0.028321678321678322
岭回归,1.0,0.02833158447009444
岭回归,1.0,0.02834149755073478
岭回归,1.0,0.028351417570878543
岭回归,1.0,0.028361344537815126
岭回归,1.0,0.028371278458844133
岭回归,1.0,0.028381219341275403
岭回归,1.0,0.028391167192429023
岭回归,1.0,0.028401122019635343
岭回归,1.0,0.028411083830235006
岭回归,1.0,0.028421052631578948
岭回归,1.0,0.028431028431028432
岭回归,1.0,0.028441011235955056
岭回归,1.0,0.02845100105374078
岭回归,1.0,0.028460997891777935
岭回归,1.0,0.028471001757469243
岭回归,1.0,0.028481012658227847
岭回归,1.0,0.028491030601477313
岭回归,1.0,0.028501055594651655
岭回归,1.0,0.028511087645195353
岭回归,1.0,0.02852112676056338
岭回归,1.0,0.028531172948221203
岭回归,1.0,0.02854122621564482
岭回归,1.0,0.02855128657032076
岭回归,1.0,0.028561354019746122
岭回归,1.0,0.02857142857142857
岭回归,1.0,0.02858151023288638
岭回归,1.0,0.028591599011648428
岭回归,1.0,0.028601694915254237
岭回归,1.0,0.028611797951253973
岭回归,1.0,0.02862190812720848
岭回归,1.0,0.02863202545068929
岭回归,1.0,0.028642149929278642
岭回归,1.0,0.02865228157056951
岭回归,1.0,0.028662420382165606
岭回归,1.0,0.028672566371681415
岭回归,1.0,0.02868271954674221
岭回归,1.0,0.028692879914984058
岭回归,1.0,0.028703047484053862
岭回归,1.0,0.02871322226160936
岭回归,1.0,0.02872340425531915
岭回归,1.0,0.028733593472862716
岭回归,1.0,0.028743789921930447
岭回归,1.0,0.02875399361022364
岭回归,1.0,0.028764204545454544
岭回归,1.0,0.028774422735346358
岭回归,1.0,0.028784648187633263
岭回归,1.0,0.028794880910060435
岭回归,1.0,0.028805120910384067
岭回归,1.0,0.0288153681963714
岭回归,1.0,0.02882562277580071
岭回归,1.0,0.028835884656461374
岭回归,1.0,0.028846153846153848
岭回归,1.0,0.028856430352689703
岭回归,1.0,0.02886671418389166
岭回归,1.0,0.028877005347593583
岭回归,1.0,0.028887303851640515
岭回归,1.0,0.02889760970388869
岭回归,1.0,0.028907922912205567
岭回归,1.0,0.028918243484469832
岭回归,1.0,0.02892857142857143
岭回归,1.0,0.028938906752411574
岭回归,1.0,0.028949249463902788
岭回归,1.0,0.028959599570968896
岭回归,1.0,0.028969957081545063
岭回归,1.0,0.028980322003577818
岭回归,1.0,0.028990694345025055
岭回归,1.0,0.02900107411385607
岭回归,1.0,0.029011461318051577
岭回归,1.0,0.029021855965603725
岭回归,1.0,0.02903225806451613
岭回归,1.0,0.029042667622803872
岭回归,1.0,0.029053084648493543
岭回归,1.0,0.02906350914962325
岭回归,1.0,0.02907394113424264
岭回归,1.0,0.029084380610412925
岭回归,1.0,0.029094827586206896
岭回归,1.0,0.029105282069708947
岭回归,1.0,0.029115744069015098
岭回归,1.0,0.02912621359223301
岭回归,1.0,0.029136690647482016
岭回归,1.0,0.029147175242893127
岭回归,1.0,0.029157667386609073
岭回归,1.0,0.0291681670867843
岭回归,1.0,0.029178674351585013
岭回归,1.0,0.02918918918918919
岭回归,1.0,0.029199711607786588
岭回归,1.0,0.029210241615578794
岭回归,1.0,0.02922077922077922
岭回归,1.0,0.029231324431613137
岭回归,1.0,0.02924187725631769
岭回归,1.0,0.02925243770314193
岭回归,1.0,0.02926300578034682
岭回归,1.0,0.029273581496205278
岭回归,1.0,0.02928416485900217
岭回归,1.0,0.029294755877034357
岭回归,1.0,0.02930535455861071
岭回归,1.0,0.029315960912052116
岭回归,1.0,0.029326574945691526
岭回归,1.0,0.02933719666787396
岭回归,1.0,0.029347826086956522
岭回归,1.0,0.029358463211308444
岭回归,1.0,0.029369108049311095
岭回归,1.0,0.029379760609358
岭回归,1.0,0.02939042089985486
岭回归,1.0,0.0294010889292196
岭回归,1.0,0.029411764705882353
岭回归,1.0,0.029422448238285506
岭回归,1.0,0.02943313953488372
岭回归,1.0,0.029443838604143947
岭回归,1.0,0.029454545454545455
岭回归,1.0,0.029465260094579847
岭回归,1.0,0.02947598253275109
岭回归,1.0,0.029486712777575537
岭回归,1.0,0.029497450837581936
岭回归,1.0,0.029508196721311476
岭回归,1.0,0.029518950437317785
岭回归,1.0,0.02952971199416697
岭回归,1.0,0.02954048140043764
岭回归,1.0,0.029551258664720904
岭回归,1.0,0.029562043795620437
岭回归,1.0,0.029572836801752465
岭回归,1.0,0.0295836376917458
岭回归,1.0,0.02959444647424187
岭回归,1.0,0.029605263157894735
岭回归,1.0,0.029616087751371114
岭回归,1.0,0.0296269202633504
岭回归,1.0,0.029637760702524697
岭回归,1.0,0.02964860907759883
岭回归,1.0,0.02965946539729037
岭回归,1.0,0.02967032967032967
岭回归,1.0,0.029681201905459875
岭回归,1.0,0.02969208211143695
岭回归,1.0,0.0297029702970297
岭回归,1.0,0.02971386647101981
岭回归,1.0,0.029724770642201834
岭回归,1.0,0.02973568281938326
岭回归,1.0,0.0297466030113845
岭回归,1.0,0.029757531227038943
岭回归,1.0,0.029768467475192944
岭回归,1.0,0.02977941176470588
岭回归,1.0,0.029790364104450167
岭回归,1.0,0.029801324503311258
岭回归,1.0,0.02981229297018771
岭回归,1.0,0.029823269513991165
岭回归,1.0,0.02983425414364641
岭回归,1.0,0.02984524686809138
岭回归,1.0,0.029856247696277184
岭回归,1.0,0.029867256637168143
岭回归,1.0,0.029878273699741793
岭回归,1.0,0.02988929889298893
岭回归,1.0,0.029900332225913623
岭回归,1.0,0.029911373707533235
岭回归,1.0,0.029922423346878464
岭回归,1.0,0.02993348115299335
岭回归,1.0,0.029944547134935304
岭回归,1.0,0.029955621301775148
岭回归,1.0,0.029966703662597113
岭回归,1.0,0.02997779422649889
岭回归,1.0,0.029988893002591634
岭回归,1.0,0.03
岭回归,1.0,0.03001111522786217
岭回归,1.0,0.030022238695329873
岭回归,1.0,0.030033370411568408
岭回归,1.0,0.030044510385756677
岭回归,1.0,0.030055658627087197
岭回归,1.0,0.030066815144766147
岭回归,1.0,0.030077979948013367
岭回归,1.0,0.030089153046062408
岭回归,1.0,0.030100334448160536
岭回归,1.0,0.030111524163568774
岭回归,1.0,0.030122722201561918
岭回归,1.0,0.030133928571428572
岭回归,1.0,0.030145143282471157
岭回归,1.0,0.030156366344005956
岭回归,1.0,0.030167597765363128
岭回归,1.0,0.030178837555886736
岭回归,1.0,0.030190085724934774
岭回归,1.0,0.030201342281879196
岭回归,1.0,0.03021260723610593
岭回归,1.0,0.030223880597014925
岭回归,1.0,0.030235162374020158
岭回归,1.0,0.030246452576549662
岭回归,1.0,0.030257751214045572
岭回归,1.0,0.030269058295964126
岭回归,1.0,0.0302803738317757
岭回归,1.0,0.03029169783096485
岭回归,1.0,0.030303030303030304
岭回归,1.0,0.03031437125748503
岭回归,1.0,0.030325720703856234
岭回归,1.0,0.030337078651685393
岭回归,1.0,0.030348445110528286
岭回归,1.0,0.030359820089955022
岭回归,1.0,0.030371203599550055
岭回归,1.0,0.030382595648912228
岭回归,1.0,0.030393996247654785
岭回归,1.0,0.030405405405405407
岭回归,1.0,0.030416823131806235
岭回归,1.0,0.0304282494365139
岭回归,1.0,0.030439684329199548
岭回归,1.0,0.03045112781954887
岭回归,1.0,0.030462579917262127
岭回归,1.0,0.030474040632054177
岭回归,1.0,0.030485509973654498
岭回归,1.0,0.03049698795180723
岭回归,1.0,0.030508474576271188
岭回归,1.0,0.030519969856819894
岭回归,1.0,0.030531473803241612
岭回归,1.0,0.030542986425339366
岭回归,1.0,0.03055450773293097
岭回归,1.0,0.030566037735849056
岭回归,1.0,0.030577576443941108
岭回归,1.0,0.030589123867069485
岭回归,1.0,0.03060068001511145
岭回归,1.0,0.030612244897959183
岭回归,1.0,0.03062381852551985
岭回归,1.0,0.030635400907715583
岭回归,1.0,0.03064699205448354
岭回归,1.0,0.030658591975775928
岭回归,1.0,0.030670200681560015
岭回归,1.0,0.03068181818181818
岭回归,1.0,0.030693444486547934
岭回归,1.0,0.03070507960576194
岭回归,1.0,0.030716723549488054
岭回归,1.0,0.030728376327769348
岭回归,1.0,0.030740037950664136
岭回归,1.0,0.030751708428246014
岭回归,1.0,0.030763387770603876
岭回归,1.0,0.030775075987841946
岭回归,1.0,0.03078677309007982
岭回归,1.0,0.030798479087452472
岭回归,1.0,0.03081019399011031
岭回归,1.0,0.030821917808219176
岭回归,1.0,0.030833650551960412
岭回归,1.0,0.030845392231530846
岭回归,1.0,0.030857142857142857
岭回归,1.0,0.03086890243902439
岭回归,1.0,0.030880670987418986
岭回归,1.0,0.030892448512585814
岭回归,1.0,0.030904235024799696
岭回归,1.0,0.030916030534351144
岭回归,1.0,0.030927835051546393
岭回归,1.0,0.030939648586707412
岭回归,1.0,0.030951471150171952
岭回归,1.0,0.03096330275229358
岭回归,1.0,0.030975143403441683
岭回归,1.0,0.03098699311400153
岭回归,1.0,0.030998851894374284
岭回归,1.0,0.031010719754977028
岭回归,1.0,0.031022596706242817
岭回归,1.0,0.03103448275862069
岭回归,1.0,0.0310463779225757
岭回归,1.0,0.031058282208588958
岭回归,1.0,0.031070195627157654
岭回归,1.0,0.03108211818879509
岭回归,1.0,0.03109404990403071
岭回归,1.0,0.03110599078341014
岭回归,1.0,0.0311179408374952
岭回归,1.0,0.03112990007686395
岭回归,1.0,0.031141868512110725
岭回归,1.0,0.031153846153846153
岭回归,1.0,0.03116583301269719
岭回归,1.0,0.03117782909930716
岭回归,1.0,0.03118983442433577
岭回归,1.0,0.031201848998459167
岭回归,1.0,0.03121387283236994
岭回归,1.0,0.03122590593677718
岭回归,1.0,0.031237948322406478
岭回归,1.0,0.03125
岭回归,1.0,0.03126206098031648
岭回归,1.0,0.03127413127413128
岭回归,1.0,0.031286210892236384
岭回归,1.0,0.0312982998454405
岭回归,1.0,0.031310398144569
岭回归,1.0,0.031322505800464036
岭回归,1.0,0.031334622823984526
岭回归,1.0,0.03134674922600619
岭回归,1.0,0.0313588850174216
岭回归,1.0,0.0313710302091402
岭回归,1.0,0.031383184812088336
岭回归,1.0,0.031395348837209305
岭回归,1.0,0.031407522295463355
岭回归,1.0,0.031419705197827774
岭回归,1.0,0.03143189755529686
岭回归,1.0,0.031444099378881984
岭回归,1.0,0.03145631067961165
岭回归,1.0,0.03146853146853147
岭回归,1.0,0.03148076175670424
岭回归,1.0,0.031493001555209954
岭回归,1.0,0.03150525087514586
岭回归,1.0,0.03151750972762646
岭回归,1.0,0.031529778123783575
岭回归,1.0,0.03154205607476635
岭回归,1.0,0.031554343591741335
岭回归,1.0,0.03156664068589244
岭回归,1.0,0.031578947368421054
岭回归,1.0,0.03159126365054602
岭回归,1.0,0.03160358954350371
岭回归,1.0,0.03161592505854801
岭回归,1.0,0.03162827020695041
岭回归,1.0,0.031640625
岭回归,1.0,0.031652989449003514
岭回归,1.0,0.031665363565285376
岭回归,1.0,0.03167774736018772
岭回归,1.0,0.03169014084507042
岭回归,1.0,0.031702544031311154
岭回归,1.0,0.031714956930305405
岭回归,1.0,0.03172737955346651
岭回归,1.0,0.031739811912225704
岭回归,1.0,0.031752254018032146
岭回归,1.0,0.03176470588235294
岭回归,1.0,0.031777167516673206
岭回归,1.0,0.031789638932496075
岭回归,1.0,0.03180212014134275
岭回归,1.0,0.03181461115475255
岭回归,1.0,0.03182711198428291
岭回归,1.0,0.031839622641509434
岭回归,1.0,0.03185214313802595
岭回归,1.0,0.031864673485444535
岭回归,1.0,0.031877213695395513
岭回归,1.0,0.03188976377952756
岭回归,1.0,0.03190232374950768
岭回归,1.0,0.031914893617021274
岭回归,1.0,0.03192747339377217
岭回归,1.0,0.03194006309148265
岭回归,1.0,0.03195266272189349
岭回归,1.0,0.03196527229676401
岭回归,1.0,0.03197789182787209
岭回归,1.0,0.031990521327014215
岭回归,1.0,0.03200316080600553
岭回归,1.0,0.032015810276679844
岭回归,1.0,0.03202846975088968
岭回归,1.0,0.032041139240506326
岭回归,1.0,0.03205381875741987
岭回归,1.0,0.032066508313539195
岭回归,1.0,0.03207920792079208
岭回归,1.0,0.032091917591125195
岭回归,1.0,0.03210463733650416
岭回归,1.0,0.03211736716891356
岭回归,1.0,0.032130107100357
岭回归,1.0,0.03214285714285714
岭回归,1.0,0.03215561730845574
岭回归,1.0,0.03216838760921366
岭回归,1.0,0.03218116805721097
岭回归,1.0,0.0321939586645469
岭回归,1.0,0.03220675944333996
岭回归,1.0,0.032219570405727926
岭回归,1.0,0.03223239156386789
岭回归,1.0,0.032245222929936306
岭回归,1.0,0.03225806451612903
岭回归,1.0,0.03227091633466136
岭回归,1.0,0.03228377839776803
岭回归,1.0,0.03229665071770335
岭回归,1.0,0.03230953330674113
岭回归,1.0,0.03232242617717478
岭回归,1.0,0.032335329341317366
岭回归,1.0,0.032348242811501594
岭回归,1.0,0.032361166600079906
岭回归,1.0,0.03237410071942446
岭回归,1.0,0.032387045181927226
岭回归,1.0,0.0324
岭回归,1.0,0.03241296518607443
岭回归,1.0,0.03242594075260208
岭回归,1.0,0.032438926712054464
岭回归,1.0,0.03245192307692308
岭回归,1.0,0.03246492985971944
岭回归,1.0,0.03247794707297514
岭回归,1.0,0.032490974729241874
岭回归,1.0,0.032504012841091494
岭回归,1.0,0.03251706142111602
岭回归,1.0,0.03253012048192771
岭回归,1.0,0.0325431900361591
岭回归,1.0,0.03255627009646302
岭回归,1.0,0.032569360675512665
岭回归,1.0,0.03258246178600161
岭回归,1.0,0.032595573440643864
岭回归,1.0,0.03260869565217391
岭回归,1.0,0.03262182843334676
岭回归,1.0,0.03263497179693795
岭回归,1.0,0.032648125755743655
岭回归,1.0,0.032661290322580645
岭回归,1.0,0.0326744655102864
岭回归,1.0,0.03268765133171913
岭回归,1.0,0.03270084779975777
岭回归,1.0,0.0327140549273021
岭回归,1.0,0.03272727272727273
岭回归,1.0,0.032740501212611156
岭回归,1.0,0.032753740396279825
岭回归,1.0,0.032766990291262135
岭回归,1.0,0.032780250910562525
岭回归,1.0,0.03279352226720648
岭回归,1.0,0.032806804374240585
岭回归,1.0,0.032820097244732574
岭回归,1.0,0.032833400891771385
岭回归,1.0,0.032846715328467155
岭回归,1.0,0.03286004056795132
岭回归,1.0,0.032873376623376624
岭回归,1.0,0.03288672350791717
岭回归,1.0,0.03290008123476848
岭回归,1.0,0.0329134498171475
岭回归,1.0,0.032926829268292684
岭回归,1.0,0.03294021960146401
岭回归,1.0,0.03295362082994304
岭回归,1.0,0.03296703296703297
岭回归,1.0,0.03298045602605863
岭回归,1.0,0.0329938900203666
岭回归,1.0,0.03300733496332518
岭回归,1.0,0.033020790868324504
岭回归,1.0,0.03303425774877651
岭回归,1.0,0.033047735618115054
岭回归,1.0,0.03306122448979592
岭回归,1.0,0.03307472437729685
岭回归,1.0,0.03308823529411765
岭回归,1.0,0.03310175725378014
岭回归,1.0,0.03311529026982829
岭回归,1.0,0.033128834355828224
岭回归,1.0,0.03314238952536825
岭回归,1.0,0.03315595579205895
岭回归,1.0,0.033169533169533166
岭回归,1.0,0.03318312167144613
岭回归,1.0,0.033196721311475406
岭回归,1.0,0.033210332103321034
岭回归,1.0,0.033223954060705496
岭回归,1.0,0.03323758719737382
岭回归,1.0,0.0332512315270936
岭回归,1.0,0.03326488706365503
岭回归,1.0,0.03327855382087099
岭回归,1.0,0.03329223181257707
岭回归,1.0,0.03330592105263158
岭回归,1.0,0.03331962155491567
岭回归,1.0,0.03333333333333333
岭回归,1.0,0.033347056401811445
岭回归,1.0,0.033360790774299834
岭回归,1.0,0.03337453646477132
岭回归,1.0,0.03338829348722176
岭回归,1.0,0.0334020618556701
岭回归,1.0,0.03341584158415842
岭回归,1.0,0.03342963268675196
岭回归,1.0,0.03344343517753923
岭回归,1.0,0.03345724907063197
岭回归,1.0,0.03347107438016529
岭回归,1.0,0.033484911120297646
岭回归,1.0,0.033498759305210915
岭回归,1.0,0.033512618949110465
岭回归,1.0,0.03352649006622516
岭回归,1.0,0.03354037267080745
岭回归,1.0,0.03355426677713339
岭回归,1.0,0.033568172399502695
岭回归,1.0,0.033582089552238806
岭回归,1.0,0.03359601824968893
岭回归,1.0,0.033609958506224065
岭回归,1.0,0.033623910336239106
岭回归,1.0,0.03363787375415282
岭回归,1.0,0.03365184877440797
岭回归,1.0,0.03366583541147132
岭回归,1.0,0.03367983367983368
岭回归,1.0,0.03369384359400998
岭回归,1.0,0.033707865168539325
岭回归,1.0,0.033721898417985015
岭回归,1.0,0.03373594335693461
岭回归,1.0,0.03375
岭回归,1.0,0.033764068361817424
岭回归,1.0,0.03377814845704754
岭回归,1.0,0.03379224030037547
岭回归,1.0,0.03380634390651085
岭回归,1.0,0.03382045929018789
岭回归,1.0,0.03383458646616541
岭回归,1.0,0.03384872544922691
岭回归,1.0,0.0338628762541806
岭回归,1.0,0.033877038895859475
岭回归,1.0,0.033891213389121336
岭回归,1.0,0.03390539974884889
岭回归,1.0,0.03391959798994975
岭回归,1.0,0.03393380812735652
岭回归,1.0,0.03394803017602682
岭回归,1.0,0.033962264150943396
岭回归,1.0,0.033976510067114093
岭回归,1.0,0.03399076793957197
岭回归,1.0,0.03400503778337532
岭回归,1.0,0.034019319613607726
岭回归,1.0,0.03403361344537815
岭回归,1.0,0.034047919293820936
岭回归,1.0,0.03406223717409588
岭回归,1.0,0.0340765671013883
岭回归,1.0,0.03409090909090909
岭回归,1.0,0.034105263157894736
岭回归,1.0,0.03411962931760741
岭回归,1.0,0.03413400758533502
岭回归,1.0,0.03414839797639123
岭回归,1.0,0.034162800506115566
岭回归,1.0,0.03417721518987342
岭回归,1.0,0.03419164204305614
岭回归,1.0,0.03420608108108108
岭回归,1.0,0.034220532319391636
岭回归,1.0,0.03423499577345731
岭回归,1.0,0.034249471458773786
岭回归,1.0,0.03426395939086294
岭回归,1.0,0.03427845958527296
岭回归,1.0,0.03429297205757832
岭回归,1.0,0.03430749682337993
岭回归,1.0,0.034322033898305085
岭回归,1.0,0.03433658329800763
岭回归,1.0,0.03435114503816794
岭回归,1.0,0.034365719134493
岭回归,1.0,0.03438030560271647
岭回归,1.0,0.034394904458598725
岭回归,1.0,0.034409515717926935
岭回归,1.0,0.034424139396515084
岭回归,1.0,0.03443877551020408
岭回归,1.0,0.03445342407486176
岭回归,1.0,0.03446808510638298
岭回归,1.0,0.034482758620689655
岭回归,1.0,0.034497444633730834
岭回归,1.0,0.034512143161482746
岭回归,1.0,0.034526854219948847
岭回归,1.0,0.034541577825159916
岭回归,1.0,0.03455631399317406
岭回归,1.0,0.034571062740076826
岭回归,1.0,0.034585824081981215
岭回归,1.0,0.03460059803502777
岭回归,1.0,0.03461538461538462
岭回归,1.0,0.03463018383924754
岭回归,1.0,0.034644995722840036
岭回归,1.0,0.03465982028241335
岭回归,1.0,0.034674657534246575
岭回归,1.0,0.03468950749464668
岭回归,1.0,0.03470437017994859
岭回归,1.0,0.034719245606515216
岭回归,1.0,0.034734133790737566
岭回归,1.0,0.03474903474903475
岭回归,1.0,0.03476394849785408
岭回归,1.0,0.0347788750536711
岭回归,1.0,0.03479381443298969
岭回归,1.0,0.034808766652342074
岭回归,1.0,0.034823731728288905
岭回归,1.0,0.03483870967741935
岭回归,1.0,0.034853700516351116
岭回归,1.0,0.03486870426173052
岭回归,1.0,0.03488372093023256
岭回归,1.0,0.034898750538560966
岭回归,1.0,0.034913793103448276
岭回归,1.0,0.03492884864165589
岭回归,1.0,0.034943917169974116
岭回归,1.0,0.03495899870522227
岭回归,1.0,0.034974093264248704
岭回归,1.0,0.03498920086393088
岭回归,1.0,0.035004321521175455
岭回归,1.0,0.03501945525291829
岭回归,1.0,0.03503460207612457
岭回归,1.0,0.03504976200778884
岭回归,1.0,0.03506493506493506
岭回归,1.0,0.035080121264616716
岭回归,1.0,0.03509532062391681
岭回归,1.0,0.035110533159947985
岭回归,1.0,0.03512575888985256
岭回归,1.0,0.0351409978308026
岭回归,1.0,0.03515625
岭回归,1.0,0.03517151541467651
岭回归,1.0,0.03518679409209383
岭回归,1.0,0.035202086049543675
岭回归,1.0,0.035217391304347825
岭回归,1.0,0.0352327098738582
岭回归,1.0,0.03524804177545692
岭回归,1.0,0.035263387026556375
岭回归,1.0,0.035278745644599305
岭回归,1.0,0.03529411764705882
岭回归,1.0,0.03530950305143853
岭回归,1.0,0.03532490187527257
岭回归,1.0,0.03534031413612566
岭回归,1.0,0.03535573985159319
岭回归,1.0,0.03537117903930131
岭回归,1.0,0.035386631716906945
岭回归,1.0,0.035402097902097904
岭回归,1.0,0.03541757761259292
岭回归,1.0,0.03543307086614173
岭回归,1.0,0.035448577680525166
岭回归,1.0,0.03546409807355517
岭回归,1.0,0.035479632063074903
岭回归,1.0,0.03549517966695881
岭回归,1.0,0.03551074090311267
岭回归,1.0,0.035526315789473684
岭回归,1.0,0.03554190434401053
岭回归,1.0,0.03555750658472344
岭回归,1.0,0.03557312252964427
岭回归,1.0,0.035588752196836555
岭回归,1.0,0.03560439560439561
岭回归,1.0,0.03562005277044855
岭回归,1.0,0.03563572371315442
岭回归,1.0,0.035651408450704226
岭回归,1.0,0.035667107001321
岭回归,1.0,0.035682819383259914
岭回归,1.0,0.035698545614808286
岭回归,1.0,0.03571428571428571
岭回归,1.0,0.03573003970004411
岭回归,1.0,0.03574580759046778
岭回归,1.0,0.03576158940397351
岭回归,1.0,0.0357773851590106
岭回归,1.0,0.035793194874060984
岭回归,1.0,0.03580901856763926
岭回归,1.0,0.03582485625829279
岭回归,1.0,0.03584070796460177
岭回归,1.0,0.035856573705179286
岭回归,1.0,0.03587245349867139
岭回归,1.0,0.0358883473637572
岭回归,1.0,0.03590425531914894
岭回归,1.0,0.03592017738359202
岭回归,1.0,0.03593611357586513
岭回归,1.0,0.03595206391478029
岭回归,1.0,0.03596802841918295
岭回归,1.0,0.03598400710795202
岭回归,1.0,0.036
岭回归,1.0,0.03601600711427301
岭回归,1.0,0.03603202846975089
岭回归,1.0,0.036048064085447265
岭回归,1.0,0.036064113980409616
岭回归,1.0,0.03608017817371938
岭回归,1.0,0.03609625668449198
岭回归,1.0,0.03611234953187695
岭回归,1.0,0.03612845673505798
岭回归,1.0,0.03614457831325301
岭回归,1.0,0.03616071428571429
岭回归,1.0,0.036176864671728454
岭回归,1.0,0.036193029490616625
岭回归,1.0,0.03620920876173447
岭回归,1.0,0.03622540250447227
岭回归,1.0,0.036241610738255034
岭回归,1.0,0.03625783348254252
岭回归,1.0,0.036274070756829375
岭回归,1.0,0.036290322580645164
岭回归,1.0,0.03630658897355446
岭回归,1.0,0.03632286995515695
岭回归,1.0,0.03633916554508748
岭回归,1.0,0.036355475763016155
岭回归,1.0,0.03637180062864841
岭回归,1.0,0.03638814016172507
岭回归,1.0,0.03640449438202247
岭回归,1.0,0.03642086330935252
岭回归,1.0,0.03643724696356275
岭回归,1.0,0.036453645364536456
岭回归,1.0,0.036470058532192706
岭回归,1.0,0.03648648648648649
岭回归,1.0,0.03650292924740874
岭回归,1.0,0.03651938683498648
岭回归,1.0,0.036535859269282815
岭回归,1.0,0.03655234657039711
岭回归,1.0,0.036568848758465014
岭回归,1.0,0.036585365853658534
岭回归,1.0,0.036601897876186174
岭回归,1.0,0.036618444846292945
岭回归,1.0,0.036635006784260515
岭回归,1.0,0.03665158371040724
岭回归,1.0,0.03666817564508828
岭回归,1.0,0.036684782608695655
岭回归,1.0,0.03670140462165836
岭回归,1.0,0.03671804170444243
岭回归,1.0,0.036734693877551024
岭回归,1.0,0.0367513611615245
岭回归,1.0,0.03676804357694054
岭回归,1.0,0.03678474114441417
岭回归,1.0,0.03680145388459791
岭回归,1.0,0.03681818181818182
岭回归,1.0,0.036834924965893585
岭回归,1.0,0.036851683348498636
岭回归,1.0,0.036868456986800184
岭回归,1.0,0.036885245901639344
岭回归,1.0,0.03690205011389522
岭回归,1.0,0.03691886964448496
岭回归,1.0,0.036935704514363885
岭回归,1.0,0.03695255474452555
岭回归,1.0,0.03696942035600183
岭回归,1.0,0.036986301369863014
岭回归,1.0,0.037003197807217905
岭回归,1.0,0.0370201096892139
岭回归,1.0,0.037037037037037035
岭回归,1.0,0.03705397987191217
岭回归,1.0,0.037070938215102975
岭回归,1.0,0.03708791208791209
岭回归,1.0,0.03710490151168117
岭回归,1.0,0.03712190650779102
岭回归,1.0,0.037138927097661624
岭回归,1.0,0.037155963302752296
岭回归,1.0,0.03717301514456173
岭回归,1.0,0.0371900826446281
岭回归,1.0,0.03720716582452917
岭回归,1.0,0.03722426470588235
岭回归,1.0,0.037241379310344824
岭回归,1.0,0.037258509659613616
岭回归,1.0,0.03727565577542568
岭回归,1.0,0.03729281767955801
岭回归,1.0,0.037309995393827726
岭回归,1.0,0.03732718894009217
岭回归,1.0,0.03734439834024896
岭回归,1.0,0.03736162361623616
岭回归,1.0,0.0373788647900323
岭回归,1.0,0.037396121883656507
岭回归,1.0,0.03741339491916859
岭回归,1.0,0.03743068391866913
岭回归,1.0,0.03744798890429958
岭回归,1.0,0.03746530989824237
岭回归,1.0,0.037482646922720964
岭回归,1.0,0.0375
岭回归,1.0,0.03751736915238536
岭回归,1.0,0.037534754402224285
岭回归,1.0,0.037552155771905425
岭回归,1.0,0.037569573283859
岭回归,1.0,0.03758700696055684
岭回归,1.0,0.037604456824512536
岭回归,1.0,0.037621922898281465
岭回归,1.0,0.03763940520446097
岭回归,1.0,0.03765690376569038
岭回归,1.0,0.037674418604651164
岭回归,1.0,0.037691949744067005
岭回归,1.0,0.03770949720670391
岭回归,1.0,0.03772706101537028
岭回归,1.0,0.03774464119291705
岭回归,1.0,0.03776223776223776
岭回归,1.0,0.037779850746268655
岭回归,1.0,0.0377974801679888
岭回归,1.0,0.037815126050420166
岭回归,1.0,0.037832788416627745
岭回归,1.0,0.03785046728971963
岭回归,1.0,0.037868162692847124
岭回归,1.0,0.03788587464920486
岭回归,1.0,0.037903603182030884
岭回归,1.0,0.037921348314606744
岭回归,1.0,0.03793911007025761
岭回归,1.0,0.03795688847235239
岭回归,1.0,0.0379746835443038
岭回归,1.0,0.03799249530956848
岭回归,1.0,0.038010323791647115
岭回归,1.0,0.038028169014084505
岭回归,1.0,0.0380460310004697
岭回归,1.0,0.03806390977443609
岭回归,1.0,0.0380818053596615
岭回归,1.0,0.0380997177798683
岭回归,1.0,0.03811764705882353
岭回归,1.0,0.038135593220338986
岭回归,1.0,0.038153556288271315
岭回归,1.0,0.03817153628652215
岭回归,1.0,0.03818953323903819
岭回归,1.0,0.03820754716981132
岭回归,1.0,0.038225578102878716
岭回归,1.0,0.03824362606232295
岭回归,1.0,0.038261691072272085
岭回归,1.0,0.03827977315689981
岭回归,1.0,0.03829787234042553
岭回归,1.0,0.038315988647114475
岭回归,1.0,0.038334122101277804
岭回归,1.0,0.03835227272727273
岭回归,1.0,0.03837044054950261
岭回归,1.0,0.03838862559241706
岭回归,1.0,0.03840682788051209
岭回归,1.0,0.03842504743833017
岭回归,1.0,0.03844328429046037
岭回归,1.0,0.038461538461538464
岭回归,1.0,0.03847980997624703
岭回归,1.0,0.03849809885931559
岭回归,1.0,0.03851640513552068
岭回归,1.0,0.03853472882968601
岭回归,1.0,0.038553069966682535
岭回归,1.0,0.03857142857142857
岭回归,1.0,0.03858980466888995
岭回归,1.0,0.038608198284080075
岭回归,1.0,0.03862660944206009
岭回归,1.0,0.03864503816793893
岭回归,1.0,0.03866348448687351
岭回归,1.0,0.03868194842406877
岭回归,1.0,0.03870043000477783
岭回归,1.0,0.038718929254302106
岭回归,1.0,0.03873744619799139
岭回归,1.0,0.038755980861244016
岭回归,1.0,0.038774533269506944
岭回归,1.0,0.03879310344827586
岭回归,1.0,0.03881169142309535
岭回归,1.0,0.03883029721955897
岭回归,1.0,0.03884892086330935
岭回归,1.0,0.03886756238003839
岭回归,1.0,0.03888622179548728
岭回归,1.0,0.03890489913544669
岭回归,1.0,0.038923594425756845
岭回归,1.0,0.03894230769230769
岭回归,0.9876543209876543,0.03848003848003848
岭回归,0.9753086419753086,0.03801732435033686
岭回归,0.9753086419753086,0.03803562831006259
岭回归,0.9753086419753086,0.038053949903660886
岭回归,0.9753086419753086,0.038072289156626506
岭回归,0.9753086419753086,0.038090646094503376
岭回归,0.9753086419753086,0.038109020742884706
岭回归,0.9753086419753086,0.03812741312741313
岭回归,0.9753086419753086,0.038145823273780785
岭回归,0.9753086419753086,0.03816425120772947
岭回归,0.9753086419753086,0.03818269695505075
岭回归,0.9753086419753086,0.03820116054158607
岭回归,0.9753086419753086,0.0382196419932269
岭回归,0.9753086419753086,0.03823814133591481
岭回归,0.9753086419753086,0.038256658595641646
岭回归,0.9753086419753086,0.03827519379844961
岭回归,0.9753086419753086,0.03829374697043141
岭回归,0.9753086419753086,0.03831231813773036
岭回归,0.9753086419753086,0.038330907326540514
岭回归,0.9753086419753086,0.0383495145631068
岭回归,0.9753086419753086,0.03836813987372511
岭回归,0.9753086419753086,0.038386783284742466
岭回归,0.9753086419753086,0.038405444822557123
岭回归,0.9753086419753086,0.03842412451361868
岭回归,0.9753086419753086,0.03844282238442823
岭回归,0.9753086419753086,0.038461538461538464
岭回归,0.9753086419753086,0.038480272771553824
岭回归,0.9753086419753086,0.0384990253411306
岭回归,0.9753086419753086,0.03851779619697709
岭回归,0.9753086419753086,0.03853658536585366
岭回归,0.9753086419753086,0.038555392874572963
岭回归,0.9753086419753086,0.03857421875
岭回归,0.9753086419753086,0.03859306301905227
岭回归,0.9753086419753086,0.0386119257086999
岭回归,0.9753086419753086,0.03863080684596577
岭回归,0.9753086419753086,0.038649706457925634
岭回归,0.9753086419753086,0.03866862457170827
岭回归,0.9753086419753086,0.03868756121449559
岭回归,0.9753086419753086,0.03870651641352278
岭回归,0.9753086419753086,0.03872549019607843
岭回归,0.9753086419753086,0.03874448258950466
岭回归,0.9753086419753086,0.03876349362119725
岭回归,0.9753086419753086,0.038782523318605794
岭回归,0.9753086419753086,0.03880157170923379
岭回归,0.9753086419753086,0.03882063882063882
岭回归,0.9753086419753086,0.03883972468043265
岭回归,0.9753086419753086,0.03885882931628136
岭回归,0.9753086419753086,0.03887795275590551
岭回归,0.9753086419753086,0.038897095027080254
岭回归,0.9753086419753086,0.03891625615763547
岭回归,0.9753086419753086,0.03893543617545589
岭回归,0.9753086419753086,0.03895463510848126
岭回归,0.9753086419753086,0.038973852984706465
岭回归,0.9753086419753086,0.03899308983218164
岭回归,0.9753086419753086,0.03901234567901234
岭回归,0.9753086419753086,0.03903162055335968
岭回归,0.9753086419753086,0.03905091448344043
岭回归,0.9753086419753086,0.0390702274975272
岭回归,0.9753086419753086,0.03908955962394854
岭回归,0.9753086419753086,0.03910891089108911
岭回归,0.9753086419753086,0.0391282813273898
岭回归,0.9753086419753086,0.03914767096134787
岭回归,0.9753086419753086,0.039167079821517105
岭回归,0.9753086419753086,0.039186507936507936
岭回归,0.9753086419753086,0.039205955334987594
岭回归,0.9753086419753086,0.03922542204568024
岭回归,0.9753086419753086,0.039244908097367116
岭回归,0.9753086419753086,0.03926441351888668
岭回归,0.9753086419753086,0.03928393833913476
岭回归,0.9753086419753086,0.039303482587064675
岭回归,0.9753086419753086,0.039323046291687404
岭回归,0.9753086419753086,0.03934262948207171
岭回归,0.9753086419753086,0.0393622321873443
岭回归,0.9753086419753086,0.03938185443668993
岭回归,0.9753086419753086,0.03940149625935162
岭回归,0.9753086419753086,0.03942115768463074
岭回归,0.9753086419753086,0.03944083874188717
岭回归,0.9753086419753086,0.039460539460539464
岭回归,0.9753086419753086,0.03948025987006497
岭回归,0.9753086419753086,0.0395
岭回归,0.9753086419753086,0.03951975987993997
岭回归,0.9753086419753086,0.03953953953953954
岭回归,0.9753086419753086,0.039559339008512766
岭回归,0.9753086419753086,0.039579158316633264
岭回归,0.9753086419753086,0.039598997493734335
岭回归,0.9753086419753086,0.03961885656970913
岭回归,0.9753086419753086,0.03963873557451079
岭回归,0.9753086419753086,0.03965863453815261
岭回归,0.9753086419753086,0.03967855349070819
岭回归,0.9753086419753086,0.03969849246231156
岭回归,0.9753086419753086,0.03971845148315736
岭回归,0.9753086419753086,0.039738430583501
岭回归,0.9753086419753086,0.03975842979365878
岭回归,0.9753086419753086,0.039778449144008056
岭回归,0.9753086419753086,0.039798488664987405
岭回归,0.9753086419753086,0.039818548387096774
岭回归,0.9753086419753086,0.03983862834089763
岭回归,0.9753086419753086,0.03985872855701312
岭回归,0.9753086419753086,0.039878849066128215
岭回归,0.9753086419753086,0.0398989898989899
岭回归,0.9753086419753086,0.03991915108640728
岭回归,0.9753086419753086,0.03993933265925177
岭回归,0.9753086419753086,0.03995953464845726
岭回归,0.9753086419753086,0.039979757085020245
岭回归,0.9753086419753086,0.04
岭回归,0.9753086419753086,0.04002026342451875
岭回归,0.9753086419753086,0.04004054738976178
岭回归,0.9753086419753086,0.04006085192697769
岭回归,0.9753086419753086,0.040081177067478435
岭回归,0.9753086419753086,0.04010152284263959
岭回归,0.9753086419753086,0.04012188928390046
岭回归,0.9753086419753086,0.04014227642276423
岭回归,0.9753086419753086,0.04016268429079817
岭回归,0.9753086419753086,0.04018311291963377
岭回归,0.9753086419753086,0.04020356234096692
岭回归,0.9753086419753086,0.040224032586558045
岭回归,0.9753086419753086,0.040244523688232295
岭回归,0.9753086419753086,0.040265035677879715
岭回归,0.9753086419753086,0.04028556858745538
岭回归,0.9753086419753086,0.04030612244897959
岭回归,0.9753086419753086,0.04032669729453803
岭回归,0.9753086419753086,0.04034729315628192
岭回归,0.9753086419753086,0.0403679100664282
岭回归,0.9753086419753086,0.040388548057259714
岭回归,0.9753086419753086,0.04040920716112532
岭回归,0.9753086419753086,0.040429887410440124
岭回归,0.9753086419753086,0.04045058883768561
岭回归,0.9753086419753086,0.04047131147540984
岭回归,0.9753086419753086,0.040492055356227574
岭回归,0.9753086419753086,0.04051282051282051
岭回归,0.9753086419753086,0.040533606977937404
岭回归,0.9753086419753086,0.04055441478439425
岭回归,0.9753086419753086,0.040575243965074476
岭回归,0.9753086419753086,0.040596094552929084
岭回归,0.9753086419753086,0.04061696658097686
岭回归,0.9753086419753086,0.04063786008230453
岭回归,0.9753086419753086,0.040658775090066906
岭回归,0.9753086419753086,0.040679711637487126
岭回归,0.9753086419753086,0.04070066975785677
岭回归,0.9753086419753086,0.040721649484536084
岭回归,0.9753086419753086,0.0407426508509541
岭回归,0.9753086419753086,0.04076367389060888
岭回归,0.9753086419753086,0.04078471863706763
岭回归,0.9753086419753086,0.040805785123966945
岭回归,0.9753086419753086,0.04082687338501292
岭回归,0.9753086419753086,0.040847983453981385
岭回归,0.9753086419753086,0.04086911536471805
岭回归,0.9753086419753086,0.04089026915113872
岭回归,0.9753086419753086,0.04091144484722942
岭回归,0.9753086419753086,0.04093264248704663
岭回归,0.9753086419753086,0.04095386210471747
岭回归,0.9753086419753086,0.040975103734439834
岭回归,0.9753086419753086,0.04099636741048261
岭回归,0.9753086419753086,0.04101765316718588
岭回归,0.9753086419753086,0.04103896103896104
岭回归,0.9753086419753086,0.04106029106029106
岭回归,0.9753086419753086,0.041081643265730626
岭回归,0.9753086419753086,0.041103017689906346
岭回归,0.9753086419753086,0.04112441436751692
岭回归,0.9753086419753086,0.04114583333333333
岭回归,0.9753086419753086,0.04116727462219906
岭回归,0.9753086419753086,0.04118873826903024
岭回归,0.9753086419753086,0.04121022430881586
岭回归,0.9753086419753086,0.04123173277661795
岭回归,0.9753086419753086,0.0412532637075718
岭回归,0.9753086419753086,0.041274817136886105
岭回归,0.9753086419753086,0.041296393099843176
岭回归,0.9753086419753086,0.04131799163179916
岭回归,0.9753086419753086,0.041339612768184195
岭回归,0.9753086419753086,0.041361256544502616
岭回归,0.9753086419753086,0.04138292299633316
岭回归,0.9753086419753086,0.04140461215932914
岭回归,0.9753086419753086,0.041426324069218666
岭回归,0.9753086419753086,0.041448058761804824
岭回归,0.9753086419753086,0.04146981627296588
岭回归,0.9753086419753086,0.04149159663865546
岭回归,0.9753086419753086,0.04151339989490278
岭回归,0.9753086419753086,0.04153522607781283
岭回归,0.9753086419753086,0.041557075223566546
岭回归,0.9753086419753086,0.041578947368421056
岭回归,0.9753086419753086,0.04160084254870985
岭回归,0.9753086419753086,0.04162276080084299
岭回归,0.9753086419753086,0.04164470216130733
岭回归,0.9753086419753086,0.041666666666666664
岭回归,0.9753086419753086,0.041688654353562005
岭回归,0.9753086419753086,0.04171066525871172
岭回归,0.9753086419753086,0.04173269941891178
岭回归,0.9753086419753086,0.04175475687103594
岭回归,0.9753086419753086,0.04177683765203596
岭回归,0.9753086419753086,0.0417989417989418
岭回归,0.9753086419753086,0.04182106934886183
岭回归,0.9753086419753086,0.04184322033898305
岭回归,0.9753086419753086,0.041865394806571275
岭回归,0.9753086419753086,0.04188759278897137
岭回归,0.9753086419753086,0.04190981432360743
岭回归,0.9753086419753086,0.04193205944798301
岭回归,0.9753086419753086,0.04195432819968136
岭回归,0.9753086419753086,0.04197662061636557
岭回归,0.9753086419753086,0.04199893673577884
岭回归,0.9753086419753086,0.04202127659574468
岭回归,0.9753086419753086,0.04204364023416711
岭回归,0.9753086419753086,0.04206602768903089
岭回归,0.9753086419753086,0.04208843899840171
岭回归,0.9753086419753086,0.04211087420042644
岭回归,0.9753086419753086,0.042133333333333335
岭回归,0.9753086419753086,0.04215581643543223
岭回归,0.9753086419753086,0.04217832354511479
岭回归,0.9753086419753086,0.042200854700854704
岭回归,0.9753086419753086,0.042223409941207914
岭回归,0.9753086419753086,0.04224598930481283
岭回归,0.9753086419753086,0.04226859283039058
岭回归,0.9753086419753086,0.04229122055674518
岭回归,0.9753086419753086,0.04231387252276379
岭回归,0.9753086419753086,0.04233654876741694
岭回归,0.9753086419753086,0.042359249329758715
岭回归,0.9753086419753086,0.04238197424892704
岭回归,0.9753086419753086,0.042404723564143855
岭回归,0.9753086419753086,0.04242749731471536
岭回归,0.9753086419753086,0.04245029554003224
岭回归,0.9753086419753086,0.04247311827956989
岭回归,0.9753086419753086,0.04249596557288865
岭回归,0.9753086419753086,0.042518837459634015
岭回归,0.9753086419753086,0.04254173397953689
岭回归,0.9753086419753086,0.04256465517241379
岭回归,0.9753086419753086,0.042587601078167114
岭回归,0.9753086419753086,0.04261057173678533
岭回归,0.9753086419753086,0.04263356718834323
岭回归,0.9753086419753086,0.04265658747300216
岭回归,0.9753086419753086,0.04267963263101027
岭回归,0.9753086419753086,0.042702702702702704
岭回归,0.9753086419753086,0.042725797728501894
岭回归,0.9753086419753086,0.04274891774891775
岭回归,0.9753086419753086,0.042772062804547914
岭回归,0.9753086419753086,0.04279523293607801
岭回归,0.9753086419753086,0.042818428184281845
岭回归,0.9753086419753086,0.042841648590021694
岭回归,0.9753086419753086,0.04286489419424851
岭回归,0.9753086419753086,0.04288816503800217
岭回归,0.9753086419753086,0.042911461162411735
岭回归,0.9753086419753086,0.042934782608695654
岭回归,0.9753086419753086,0.042958129418162044
岭回归,0.9753086419753086,0.04298150163220892
岭回归,0.9753086419753086,0.04300489929232444
岭回归,0.9753086419753086,0.04302832244008715
岭回归,0.9753086419753086,0.04305177111716621
岭回归,0.9753086419753086,0.0430752453653217
岭回归,0.9753086419753086,0.0430987452264048
岭回归,0.9753086419753086,0.04312227074235808
岭回归,0.9753086419753086,0.04314582195521573
岭回归,0.9753086419753086,0.04316939890710383
岭回归,0.9753086419753086,0.04319300164024057
岭回归,0.9753086419753086,0.04321663019693654
岭回归,0.9753086419753086,0.04324028461959496
岭回归,0.9753086419753086,0.04326396495071194
岭回归,0.9753086419753086,0.04328767123287671
岭回归,0.9753086419753086,0.04331140350877193
岭回归,0.9753086419753086,0.04333516182117389
岭回归,0.9753086419753086,0.0433589462129528
岭回归,0.9753086419753086,0.043382756727073035
岭回归,0.9753086419753086,0.043406593406593405
岭回归,0.9753086419753086,0.0434304562946674
岭回归,0.9753086419753086,0.043454345434543455
岭回归,0.9753086419753086,0.043478260869565216
岭回归,0.9753086419753086,0.043502202643171804
岭回归,0.9753086419753086,0.04352617079889807
岭回归,0.9753086419753086,0.043550165380374865
岭回归,0.9753086419753086,0.043574186431329286
岭回归,0.9753086419753086,0.04359823399558499
岭回归,0.9753086419753086,0.04362230811706239
岭回归,0.9753086419753086,0.04364640883977901
岭回归,0.9753086419753086,0.04367053620784964
岭回归,0.9753086419753086,0.043694690265486724
岭回归,0.9753086419753086,0.043718871057000556
岭回归,0.9753086419753086,0.043743078626799554
岭回归,0.9753086419753086,0.04376731301939058
岭回归,0.9753086419753086,0.04379157427937916
岭回归,0.9753086419753086,0.043815862451469775
岭回归,0.9753086419753086,0.04384017758046615
岭回归,0.9753086419753086,0.04386451971127152
岭回归,0.9753086419753086,0.04388888888888889
岭回归,0.9753086419753086,0.04391328515842134
岭回归,0.9753086419753086,0.0439377085650723
岭回归,0.9753086419753086,0.0439621591541458
岭回归,0.9753086419753086,0.04398663697104677
岭回归,0.9753086419753086,0.04401114206128134
岭回归,0.9753086419753086,0.04403567447045708
岭回归,0.9753086419753086,0.044060234244283326
岭回归,0.9753086419753086,0.04408482142857143
岭回归,0.9753086419753086,0.044109436069235064
岭回归,0.9753086419753086,0.044134078212290505
岭回归,0.9753086419753086,0.044158747903856904
岭回归,0.9753086419753086,0.0441834451901566
岭回归,0.9753086419753086,0.04420817011751539
岭回归,0.9753086419753086,0.044232922732362824
岭回归,0.9753086419753086,0.044257703081232495
岭回归,0.9753086419753086,0.044282511210762335
岭回归,0.9753086419753086,0.0443073471676949
岭回归,0.9753086419753086,0.044332210998877665
岭回归,0.9753086419753086,0.04435710275126333
岭回归,0.9753086419753086,0.044382022471910115
岭回归,0.9753086419753086,0.04440697020798201
岭回归,0.9753086419753086,0.04443194600674916
岭回归,0.9753086419753086,0.04445694991558807
岭回归,0.9753086419753086,0.04448198198198198
岭回归,0.9753086419753086,0.044507042253521124
岭回归,0.9753086419753086,0.044532130777903044
岭回归,0.9753086419753086,0.044557247602932885
岭回归,0.9753086419753086,0.044582392776523705
岭回归,0.9753086419753086,0.044607566346696784
岭回归,0.9753086419753086,0.04463276836158192
岭回归,0.9753086419753086,0.04465799886941775
岭回归,0.9753086419753086,0.04468325791855204
岭回归,0.9753086419753086,0.04470854555744199
岭回归,0.9753086419753086,0.04473386183465459
岭回归,0.9753086419753086,0.04475920679886686
岭回归,0.9753086419753086,0.04478458049886622
岭回归,0.9753086419753086,0.04480998298355077
岭回归,0.9753086419753086,0.044835414301929624
岭回归,0.9753086419753086,0.044860874503123226
岭回归,0.9753086419753086,0.044886363636363634
岭回归,0.9753086419753086,0.044911881750994885
岭回归,0.9753086419753086,0.044937428896473265
岭回归,0.9753086419753086,0.04496300512236767
岭回归,0.9753086419753086,0.044988610478359906
岭回归,0.9753086419753086,0.045014245014245016
岭回归,0.9753086419753086,0.04503990877993159
岭回归,0.9753086419753086,0.0450656018254421
岭回归,0.9753086419753086,0.04509132420091324
岭回归,0.9753086419753086,0.04511707595659623
岭回归,0.9753086419753086,0.045142857142857144
岭回归,0.9753086419753086,0.04516866781017725
岭回归,0.9753086419753086,0.04519450800915332
岭回归,0.9753086419753086,0.045220377790498
岭回归,0.9753086419753086,0.04524627720504009
岭回归,0.9753086419753086,0.04527220630372493
岭回归,0.9753086419753086,0.04529816513761468
岭回归,0.9753086419753086,0.045324153757888695
岭回归,0.9753086419753086,0.04535017221584386
岭回归,0.9753086419753086,0.045376220562894885
岭回归,0.9753086419753086,0.045402298850574715
岭回归,0.9753086419753086,0.04542840713053479
岭回归,0.9753086419753086,0.045454545454545456
岭回归,0.9753086419753086,0.04548071387449626
岭回归,0.9753086419753086,0.04550691244239631
岭回归,0.9753086419753086,0.04553314121037464
岭回归,0.9753086419753086,0.04555940023068051
岭回归,0.9753086419753086,0.04558568955568378
岭回归,0.9753086419753086,0.04561200923787529
岭回归,0.9753086419753086,0.04563835932986713
岭回归,0.9753086419753086,0.04566473988439306
岭回归,0.9753086419753086,0.04569115095430885
岭回归,0.9753086419753086,0.045717592592592594
岭回归,0.9753086419753086,0.045744064852345105
岭回归,0.9753086419753086,0.04577056778679027
岭回归,0.9753086419753086,0.04579710144927536
岭回归,0.9753086419753086,0.04582366589327146
岭回归,0.9753086419753086,0.045850261172373764
岭回归,0.9753086419753086,0.04587688734030197
岭回归,0.9753086419753086,0.04590354445090064
岭回归,0.9753086419753086,0.045930232558139536
岭回归,0.9753086419753086,0.04595695171611402
岭回归,0.9753086419753086,0.0459837019790454
岭回归,0.9753086419753086,0.046010483401281305
岭回归,0.9753086419753086,0.04603729603729604
岭回归,0.9753086419753086,0.046064139941690965
岭回归,0.9753086419753086,0.046091015169194866
岭回归,0.9753086419753086,0.04611792177466433
岭回归,0.9753086419753086,0.04614485981308411
岭回归,0.9753086419753086,0.046171829339567504
岭回归,0.9753086419753086,0.046198830409356725
岭回归,0.9753086419753086,0.04622586307782329
岭回归,0.9753086419753086,0.04625292740046839
岭回归,0.9753086419753086,0.046280023432923256
岭回归,0.9753086419753086,0.04630715123094959
岭回归,0.9753086419753086,0.04633431085043988
岭回归,0.9753086419753086,0.04636150234741784
岭回归,0.9753086419753086,0.04638872577803876
岭回归,0.9753086419753086,0.046415981198589897
岭回归,0.9753086419753086,0.04644326866549089
岭回归,0.9753086419753086,0.04647058823529412
岭回归,0.9753086419753086,0.04649793996468511
岭回归,0.9753086419753086,0.04652532391048292
岭回归,0.9629629629629629,0.04596346493812611
岭回归,0.9629629629629629,0.045990566037735846
岭回归,0.9629629629629629,0.04601769911504425
岭回归,0.9629629629629629,0.04604486422668241
岭回归,0.9629629629629629,0.04607206142941524
岭回归,0.9629629629629629,0.04609929078014184
岭回归,0.9629629629629629,0.046126552335895916
岭回归,0.9629629629629629,0.046153846153846156
岭回归,0.9629629629629629,0.046181172291296625
岭回归,0.9629629629629629,0.0462085308056872
岭回归,0.9629629629629629,0.046235921754593956
岭回归,0.9629629629629629,0.046263345195729534
岭回归,0.9629629629629629,0.04629080118694362
岭回归,0.9629629629629629,0.04631828978622328
岭回归,0.9629629629629629,0.04634581105169341
岭回归,0.9629629629629629,0.04637336504161712
岭回归,0.9629629629629629,0.04640095181439619
岭回归,0.9629629629629629,0.04642857142857143
岭回归,0.9629629629629629,0.04645622394282311
岭回归,0.9629629629629629,0.04648390941597139
岭回归,0.9629629629629629,0.046511627906976744
岭回归,0.9629629629629629,0.046539379474940336
岭回归,0.9629629629629629,0.046567164179104475
岭回归,0.9629629629629629,0.04659498207885305
岭回归,0.9629629629629629,0.04662283323371189
岭回归,0.9629629629629629,0.04665071770334928
岭回归,0.9629629629629629,0.0466786355475763
岭回归,0.9629629629629629,0.046706586826347304
岭回归,0.9629629629629629,0.046734571599760334
岭回归,0.9629629629629629,0.046762589928057555
岭回归,0.9629629629629629,0.046790641871625675
岭回归,0.9629629629629629,0.0468187274909964
岭回归,0.9629629629629629,0.04684684684684685
岭回归,0.9629629629629629,0.046875
岭回归,0.9629629629629629,0.04690318701142514
岭回归,0.9629629629629629,0.04693140794223827
岭回归,0.9629629629629629,0.04695966285370259
岭回归,0.9629629629629629,0.046987951807228916
岭回归,0.9629629629629629,0.04701627486437613
岭回归,0.9629629629629629,0.047044632086851626
岭回归,0.9629629629629629,0.04707302353651177
岭回归,0.9629629629629629,0.04710144927536232
岭回归,0.9629629629629629,0.047129909365558914
岭回归,0.9629629629629629,0.0471584038694075
岭回归,0.9629629629629629,0.047186932849364795
岭回归,0.9629629629629629,0.04721549636803874
岭回归,0.9629629629629629,0.047244094488188976
岭回归,0.9629629629629629,0.04727272727272727
岭回归,0.9629629629629629,0.04730139478471801
岭回归,0.9629629629629629,0.04733009708737864
岭回归,0.9629629629629629,0.04735883424408015
岭回归,0.9629629629629629,0.04738760631834751
岭回归,0.9629629629629629,0.04741641337386018
岭回归,0.9629629629629629,0.04744525547445255
岭回归,0.9629629629629629,0.04747413268411443
岭回归,0.9629629629629629,0.047503045066991476
岭回归,0.9629629629629629,0.04753199268738574
岭回归,0.9629629629629629,0.0475609756097561
岭回归,0.9629629629629629,0.04758999389871873
岭回归,0.9629629629629629,0.047619047619047616
岭回归,0.9629629629629629,0.047648136835675016
岭回归,0.9629629629629629,0.04767726161369193
岭回归,0.9629629629629629,0.047706422018348627
岭回归,0.9629629629629629,0.04773561811505508
岭回归,0.9629629629629629,0.047764849969381504
岭回归,0.9629629629629629,0.04779411764705882
岭回归,0.9629629629629629,0.04782342121397915
岭回归,0.9629629629629629,0.04785276073619632
岭回归,0.9629629629629629,0.04788213627992634
岭回归,0.9629629629629629,0.04791154791154791
岭回归,0.9629629629629629,0.04794099569760295
岭回归,0.9629629629629629,0.04797047970479705
岭回归,0.9629629629629629,0.048
岭回归,0.9629629629629629,0.0480295566502463
岭回归,0.9629629629629629,0.04805914972273567
岭回归,0.9629629629629629,0.04808877928483354
岭回归,0.9629629629629629,0.048118445404071564
岭回归,0.9629629629629629,0.04814814814814815
岭回归,0.9629629629629629,0.04817788758492897
岭回归,0.9629629629629629,0.048207663782447466
岭回归,0.9629629629629629,0.04823747680890538
岭回归,0.9629629629629629,0.04826732673267327
岭回归,0.9629629629629629,0.04829721362229102
岭回归,0.9629629629629629,0.048327137546468404
岭回归,0.9629629629629629,0.04835709857408556
岭回归,0.9629629629629629,0.04838709677419355
岭回归,0.9629629629629629,0.048417132216014895
岭回归,0.9629629629629629,0.0484472049689441
岭回归,0.9629629629629629,0.048477315102548164
岭回归,0.9629629629629629,0.048507462686567165
岭回归,0.9629629629629629,0.04853764779091475
岭回归,0.9629629629629629,0.048567870485678705
岭回归,0.9629629629629629,0.048598130841121495
岭回归,0.9629629629629629,0.048628428927680795
岭回归,0.9629629629629629,0.048658764815970056
岭回归,0.9629629629629629,0.04868913857677903
岭回归,0.9629629629629629,0.04871955028107433
岭回归,0.9629629629629629,0.04875
岭回归,0.9629629629629629,0.04878048780487805
岭回归,0.9629629629629629,0.04881101376720901
岭回归,0.9629629629629629,0.048841577958672514
岭回归,0.9629629629629629,0.04887218045112782
岭回归,0.9629629629629629,0.04890282131661442
岭回归,0.9629629629629629,0.04893350062735257
岭回归,0.9629629629629629,0.04896421845574388
岭回归,0.9629629629629629,0.048994974874371856
岭回归,0.9629629629629629,0.04902576995600252
岭回归,0.9629629629629629,0.04905660377358491
岭回归,0.9629629629629629,0.04908747640025173
岭回归,0.9629629629629629,0.0491183879093199
岭回归,0.9629629629629629,0.04914933837429111
岭回归,0.9629629629629629,0.04918032786885246
岭回归,0.9629629629629629,0.04921135646687697
岭回归,0.9629629629629629,0.04924242424242424
岭回归,0.9629629629629629,0.049273531269740996
岭回归,0.9629629629629629,0.0493046776232617
岭回归,0.9629629629629629,0.04933586337760911
岭回归,0.9629629629629629,0.049367088607594936
岭回归,0.9629629629629629,0.04939835338822039
岭回归,0.9629629629629629,0.049429657794676805
岭回归,0.9629629629629629,0.04946100190234623
岭回归,0.9629629629629629,0.04949238578680203
岭回归,0.9629629629629629,0.049523809523809526
岭回归,0.9629629629629629,0.04955527318932656
岭回归,0.9629629629629629,0.049586776859504134
岭回归,0.9629629629629629,0.04961832061068702
岭回归,0.9629629629629629,0.04964990451941439
岭回归,0.9629629629629629,0.049681528662420385
岭回归,0.9629629629629629,0.0497131931166348
岭回归,0.9629629629629629,0.04974489795918367
岭回归,0.9629629629629629,0.04977664326738992
岭回归,0.9629629629629629,0.04980842911877394
岭回归,0.9629629629629629,0.04984025559105431
岭回归,0.9629629629629629,0.049872122762148335
岭回归,0.9629629629629629,0.04990403071017274
岭回归,0.9629629629629629,0.0499359795134443
岭回归,0.9629629629629629,0.049967969250480464
岭回归,0.9629629629629629,0.05
岭回归,0.9629629629629629,0.05003207184092367
岭回归,0.9629629629629629,0.05006418485237484
岭回归,0.9629629629629629,0.05009633911368015
岭回归,0.9629629629629629,0.05012853470437018
岭回归,0.9629629629629629,0.05016077170418006
岭回归,0.9629629629629629,0.05019305019305019
岭回归,0.9629629629629629,0.050225370251126854
岭回归,0.9629629629629629,0.05025773195876289
岭回归,0.9629629629629629,0.05029013539651837
岭回归,0.9629629629629629,0.05032258064516129
岭回归,0.9629629629629629,0.05035506778566817
岭回归,0.9629629629629629,0.050387596899224806
岭回归,0.9629629629629629,0.05042016806722689
岭回归,0.9629629629629629,0.050452781371280724
岭回归,0.9629629629629629,0.05048543689320388
岭回归,0.9629629629629629,0.050518134715025906
岭回归,0.9629629629629629,0.050550874918988985
岭回归,0.9629629629629629,0.05058365758754864
岭回归,0.9629629629629629,0.050616482803374434
岭回归,0.9629629629629629,0.05064935064935065
岭回归,0.9629629629629629,0.050682261208576995
岭回归,0.9629629629629629,0.05071521456436931
岭回归,0.9629629629629629,0.05074821080026025
岭回归,0.9629629629629629,0.05078125
岭回归,0.9629629629629629,0.050814332247557006
岭回归,0.9629629629629629,0.05084745762711865
岭回归,0.9629629629629629,0.050880626223091974
岭回归,0.9629629629629629,0.050913838120104436
岭回归,0.9629629629629629,0.05094709340300457
岭回归,0.9629629629629629,0.050980392156862744
岭回归,0.9629629629629629,0.051013734466971876
岭回归,0.9629629629629629,0.051047120418848166
岭回归,0.9629629629629629,0.05108055009823183
岭回归,0.9629629629629629,0.05111402359108781
岭回归,0.9629629629629629,0.051147540983606556
岭回归,0.9629629629629629,0.051181102362204724
岭回归,0.9629629629629629,0.05121470781352593
岭回归,0.9629629629629629,0.051248357424441525
岭回归,0.9629629629629629,0.05128205128205128
岭回归,0.9629629629629629,0.05131578947368421
岭回归,0.9629629629629629,0.051349572086899276
岭回归,0.9629629629629629,0.05138339920948617
岭回归,0.9629629629629629,0.051417270929466054
岭回归,0.9629629629629629,0.051451187335092345
岭回归,0.9629629629629629,0.05148514851485148
岭回归,0.9629629629629629,0.05151915455746367
岭回归,0.9629629629629629,0.051553205551883675
岭回归,0.9629629629629629,0.051587301587301584
岭回归,0.9629629629629629,0.05162144275314361
岭回归,0.9629629629629629,0.051655629139072845
岭回归,0.9629629629629629,0.05168986083499006
岭回归,0.9629629629629629,0.05172413793103448
岭回归,0.9629629629629629,0.051758460517584606
岭回归,0.9629629629629629,0.05179282868525897
岭回归,0.9629629629629629,0.051827242524916946
岭回归,0.9629629629629629,0.05186170212765957
岭回归,0.9629629629629629,0.05189620758483034
岭回归,0.9629629629629629,0.05193075898801598
岭回归,0.9629629629629629,0.0519653564290473
岭回归,0.9629629629629629,0.052
岭回归,0.9629629629629629,0.05203468979319546
岭回归,0.9629629629629629,0.0520694259012016
岭回归,0.9629629629629629,0.052104208416833664
岭回归,0.9629629629629629,0.05213903743315508
岭回归,0.9629629629629629,0.05217391304347826
岭回归,0.9629629629629629,0.05220883534136546
岭回归,0.9629629629629629,0.052243804420629605
岭回归,0.9629629629629629,0.05227882037533512
岭回归,0.9629629629629629,0.052313883299798795
岭回归,0.9629629629629629,0.052348993288590606
岭回归,0.9629629629629629,0.052384150436534584
岭回归,0.9629629629629629,0.05241935483870968
岭回归,0.9629629629629629,0.05245460659045057
岭回归,0.9629629629629629,0.052489905787348586
岭回归,0.9629629629629629,0.052525252525252523
岭回归,0.9629629629629629,0.05256064690026954
岭回归,0.9629629629629629,0.052596089008766014
岭回归,0.9629629629629629,0.05263157894736842
岭回归,0.9629629629629629,0.05266711681296422
岭回归,0.9629629629629629,0.052702702702702706
岭回归,0.9629629629629629,0.05273833671399594
岭回归,0.9629629629629629,0.05277401894451962
岭回归,0.9629629629629629,0.052809749492213946
岭回归,0.9629629629629629,0.052845528455284556
岭回归,0.9629629629629629,0.05288135593220339
岭回归,0.9629629629629629,0.052917232021709636
岭回归,0.9629629629629629,0.05295315682281059
岭回归,0.9506172839506173,0.052309782608695655
岭回归,0.9506172839506173,0.052345343303874914
岭回归,0.9506172839506173,0.05238095238095238
岭回归,0.9506172839506173,0.05241660993873383
岭回归,0.9506172839506173,0.052452316076294275
岭回归,0.9506172839506173,0.05248807089297887
岭回归,0.9506172839506173,0.05252387448840382
岭回归,0.9506172839506173,0.05255972696245734
岭回归,0.9506172839506173,0.05259562841530055
岭回归,0.9506172839506173,0.05263157894736842
岭回归,0.9506172839506173,0.052667578659370724
岭回归,0.9506172839506173,0.05270362765229295
岭回归,0.9506172839506173,0.05273972602739726
岭回归,0.9506172839506173,0.05277587388622344
岭回归,0.9506172839506173,0.05281207133058985
岭回归,0.9506172839506173,0.05284831846259437
岭回归,0.9506172839506173,0.052884615384615384
岭回归,0.9506172839506173,0.052920962199312714
岭回归,0.9506172839506173,0.05295735900962861
岭回归,0.9506172839506173,0.05299380591878871
岭回归,0.9506172839506173,0.05303030303030303
岭回归,0.9506172839506173,0.05306685044796692
岭回归,0.9506172839506173,0.05310344827586207
岭回归,0.9506172839506173,0.05314009661835749
岭回归,0.9506172839506173,0.0531767955801105
岭回归,0.9506172839506173,0.053213545266067724
岭回归,0.9506172839506173,0.05325034578146611
岭回归,0.9506172839506173,0.05328719723183391
岭回归,0.9506172839506173,0.05332409972299169
岭回归,0.9506172839506173,0.05336105336105336
岭回归,0.9506172839506173,0.05339805825242718
岭回归,0.9506172839506173,0.05343511450381679
岭回归,0.9506172839506173,0.05347222222222222
岭回归,0.9506172839506173,0.05350938151494093
岭回归,0.9506172839506173,0.05354659248956885
岭回归,0.9506172839506173,0.05358385525400139
岭回归,0.9506172839506173,0.05362116991643454
岭回归,0.9506172839506173,0.05365853658536585
岭回归,0.9506172839506173,0.05369595536959554
岭回归,0.9506172839506173,0.05373342637822749
岭回归,0.9506172839506173,0.05377094972067039
岭回归,0.9506172839506173,0.05380852550663871
岭回归,0.9506172839506173,0.05384615384615385
岭回归,0.9506172839506173,0.053883834849545134
岭回归,0.9506172839506173,0.05392156862745098
岭回归,0.9506172839506173,0.0539593552908199
岭回归,0.9506172839506173,0.05399719495091164
岭回归,0.9506172839506173,0.05403508771929825
岭回归,0.9506172839506173,0.05407303370786517
岭回归,0.9506172839506173,0.054111033028812365
岭回归,0.9506172839506173,0.05414908579465542
岭回归,0.9506172839506173,0.054187192118226604
岭回归,0.9506172839506173,0.054225352112676053
岭回归,0.9506172839506173,0.05426356589147287
岭回归,0.9506172839506173,0.054301833568406205
岭回归,0.9506172839506173,0.05434015525758645
岭回归,0.9506172839506173,0.054378531073446326
岭回归,0.9506172839506173,0.05441696113074205
岭回归,0.9506172839506173,0.054455445544554455
岭回归,0.9506172839506173,0.05449398443029016
岭回归,0.9506172839506173,0.05453257790368272
岭回归,0.9506172839506173,0.05457122608079376
岭回归,0.9506172839506173,0.05460992907801419
岭回归,0.9506172839506173,0.054648687012065295
岭回归,0.9506172839506173,0.0546875
岭回归,0.9506172839506173,0.05472636815920398
岭回归,0.9506172839506173,0.05476529160739687
岭回归,0.9506172839506173,0.054804270462633455
岭回归,0.9506172839506173,0.054843304843304845
岭回归,0.9506172839506173,0.0548823948681397
岭回归,0.9506172839506173,0.05492154065620542
岭回归,0.9506172839506173,0.054960742326909354
岭回归,0.9506172839506173,0.055
岭回归,0.9506172839506173,0.055039313795568263
岭回归,0.9506172839506173,0.05507868383404864
岭回归,0.9506172839506173,0.05511811023622047
岭回归,0.9506172839506173,0.05515759312320917
岭回归,0.9506172839506173,0.055197132616487454
岭回归,0.9506172839506173,0.055236728837876614
岭回归,0.9506172839506173,0.05527638190954774
岭回归,0.9506172839506173,0.05531609195402299
岭回归,0.9506172839506173,0.055355859094176854
岭回归,0.9506172839506173,0.05539568345323741
岭回归,0.9506172839506173,0.05543556515478762
岭回归,0.9506172839506173,0.05547550432276657
岭回归,0.9506172839506173,0.0555155010814708
岭回归,0.9506172839506173,0.05555555555555555
岭回归,0.9506172839506173,0.0555956678700361
岭回归,0.9506172839506173,0.05563583815028902
岭回归,0.9506172839506173,0.05567606652205351
岭回归,0.9506172839506173,0.055716353111432707
岭回归,0.9506172839506173,0.055756698044895005
岭回归,0.9506172839506173,0.05579710144927536
岭回归,0.9506172839506173,0.05583756345177665
岭回归,0.9506172839506173,0.05587808417997097
岭回归,0.9506172839506173,0.05591866376180102
岭回归,0.9506172839506173,0.0559593023255814
岭回归,0.9506172839506173,0.056
岭回归,0.9506172839506173,0.05604075691411936
岭回归,0.9506172839506173,0.056081573197378005
岭回归,0.9506172839506173,0.05612244897959184
岭回归,0.9506172839506173,0.05616338439095551
岭回归,0.9506172839506173,0.05620437956204379
岭回归,0.9506172839506173,0.056245434623813005
岭回归,0.9506172839506173,0.056286549707602336
岭回归,0.9506172839506173,0.056327724945135334
岭回归,0.9506172839506173,0.05636896046852123
岭回归,0.9506172839506173,0.05641025641025641
岭回归,0.9506172839506173,0.056451612903225805
岭回归,0.9506172839506173,0.05649303008070433
岭回归,0.9506172839506173,0.0565345080763583
岭回归,0.9506172839506173,0.05657604702424688
岭回归,0.9506172839506173,0.05661764705882353
岭回归,0.9506172839506173,0.05665930831493746
岭回归,0.9506172839506173,0.05670103092783505
岭回归,0.9506172839506173,0.056742815033161385
岭回归,0.9506172839506173,0.056784660766961655
岭回归,0.9506172839506173,0.05682656826568266
岭回归,0.9506172839506173,0.0568685376661743
岭回归,0.9506172839506173,0.056910569105691054
岭回归,0.9506172839506173,0.05695266272189349
岭回归,0.9506172839506173,0.05699481865284974
岭回归,0.9506172839506173,0.05703703703703704
岭回归,0.9506172839506173,0.05707931801334322
岭回归,0.9506172839506173,0.05712166172106825
岭回归,0.9506172839506173,0.05716406829992576
岭回归,0.9506172839506173,0.057206537890044575
岭回归,0.9506172839506173,0.05724907063197026
岭回归,0.9506172839506173,0.057291666666666664
岭回归,0.9506172839506173,0.0573343261355175
岭回归,0.9506172839506173,0.05737704918032787
岭回归,0.9506172839506173,0.05741983594332588
岭回归,0.9506172839506173,0.057462686567164176
岭回归,0.9506172839506173,0.05750560119492158
岭回归,0.9506172839506173,0.05754857997010463
岭回归,0.9506172839506173,0.05759162303664921
岭回归,0.9506172839506173,0.05763473053892216
岭回归,0.9506172839506173,0.05767790262172284
岭回归,0.9506172839506173,0.05772113943028486
岭回归,0.9506172839506173,0.05776444111027757
岭回归,0.9506172839506173,0.05780780780780781
岭回归,0.9506172839506173,0.05785123966942149
岭回归,0.9506172839506173,0.05789473684210526
岭回归,0.9506172839506173,0.057938299473288185
岭回归,0.9506172839506173,0.05798192771084337
岭回归,0.9506172839506173,0.058025621703089676
岭回归,0.9506172839506173,0.058069381598793365
岭回归,0.9506172839506173,0.05811320754716981
岭回归,0.9506172839506173,0.0581570996978852
岭回归,0.9506172839506173,0.0582010582010582
岭回归,0.9506172839506173,0.058245083207261725
岭回归,0.9506172839506173,0.0582891748675246
岭回归,0.9506172839506173,0.058333333333333334
岭回归,0.9506172839506173,0.058377558756633814
岭回归,0.9506172839506173,0.05842185128983308
岭回归,0.9506172839506173,0.058466211085801065
岭回归,0.9506172839506173,0.05851063829787234
岭回归,0.9506172839506173,0.05855513307984791
岭回归,0.9506172839506173,0.05859969558599695
岭回归,0.9506172839506173,0.05864432597105865
岭回归,0.9506172839506173,0.0586890243902439
岭回归,0.9506172839506173,0.05873379099923722
岭回归,0.9506172839506173,0.05877862595419847
岭回归,0.9506172839506173,0.058823529411764705
岭回归,0.9506172839506173,0.058868501529051986
岭回归,0.9506172839506173,0.05891354246365723
岭回归,0.9506172839506173,0.058958652373660034
岭回归,0.9506172839506173,0.05900383141762452
岭回归,0.9506172839506173,0.059049079754601226
岭回归,0.9506172839506173,0.059094397544128936
岭回归,0.9506172839506173,0.05913978494623656
岭回归,0.9506172839506173,0.05918524212144504
岭回归,0.9506172839506173,0.05923076923076923
岭回归,0.9506172839506173,0.059276366435719784
岭回归,0.9506172839506173,0.059322033898305086
岭回归,0.9506172839506173,0.059367771781033155
岭回归,0.9506172839506173,0.05941358024691358
岭回归,0.9506172839506173,0.05945945945945946
岭回归,0.9506172839506173,0.059505409582689336
岭回归,0.9506172839506173,0.05955143078112916
岭回归,0.9506172839506173,0.05959752321981424
岭回归,0.9506172839506173,0.05964368706429125
岭回归,0.9506172839506173,0.059689922480620154
岭回归,0.9506172839506173,0.05973622963537626
岭回归,0.9506172839506173,0.059782608695652176
岭回归,0.9506172839506173,0.05982905982905983
岭回归,0.9506172839506173,0.059875583203732506
岭回归,0.9506172839506173,0.05992217898832685
岭回归,0.9506172839506173,0.05996884735202492
岭回归,0.9506172839506173,0.060015588464536244
岭回归,0.9506172839506173,0.06006240249609984
岭回归,0.9506172839506173,0.060109289617486336
岭回归,0.9506172839506173,0.06015625
岭回归,0.9506172839506173,0.060203283815480846
岭回归,0.9506172839506173,0.06025039123630673
岭回归,0.9506172839506173,0.060297572435395456
岭回归,0.9506172839506173,0.0603448275862069
岭回归,0.9506172839506173,0.0603921568627451
岭回归,0.9506172839506173,0.06043956043956044
岭回归,0.9506172839506173,0.060487038491751764
岭回归,0.9506172839506173,0.060534591194968554
岭回归,0.9506172839506173,0.06058221872541306
岭回归,0.9506172839506173,0.06062992125984252
岭回归,0.9506172839506173,0.06067769897557131
岭回归,0.9506172839506173,0.06072555205047318
岭回归,0.9506172839506173,0.06077348066298342
岭回归,0.9506172839506173,0.060821484992101105
岭回归,0.9506172839506173,0.06086956521739131
岭回归,0.9506172839506173,0.06091772151898734
岭回归,0.9506172839506173,0.06096595407759303
岭回归,0.9506172839506173,0.061014263074484945
岭回归,0.9506172839506173,0.06106264869151467
岭回归,0.9506172839506173,0.06111111111111111
岭回归,0.9506172839506173,0.06115965051628276
岭回归,0.9506172839506173,0.06120826709062003
岭回归,0.9506172839506173,0.061256961018297536
岭回归,0.9506172839506173,0.06130573248407643
岭回归,0.9506172839506173,0.06135458167330677
岭回归,0.9506172839506173,0.06140350877192982
岭回归,0.9506172839506173,0.061452513966480445
岭回归,0.9506172839506173,0.06150159744408946
岭回归,0.9506172839506173,0.06155075939248601
岭回归,0.9506172839506173,0.0616
岭回归,0.9506172839506173,0.06164931945556445
岭回归,0.9506172839506173,0.06169871794871795
岭回归,0.9506172839506173,0.061748195669607056
岭回归,0.9506172839506173,0.06179775280898876
岭回归,0.9506172839506173,0.061847389558232935
岭回归,0.9506172839506173,0.06189710610932476
岭回归,0.9506172839506173,0.061946902654867256
岭回归,0.9506172839506173,0.061996779388083734
岭回归,0.9506172839506173,0.062046736502820304
岭回归,0.9506172839506173,0.062096774193548386
岭回归,0.9506172839506173,0.062146892655367235
岭回归,0.9506172839506173,0.062197092084006464
岭回归,0.9506172839506173,0.06224737267582862
岭回归,0.9506172839506173,0.06229773462783172
岭回归,0.9506172839506173,0.062348178137651825
岭回归,0.9506172839506173,0.06239870340356564
岭回归,0.9506172839506173,0.062449310624493104
岭回归,0.9506172839506173,0.0625
岭回归,0.9506172839506173,0.06255077173030058
岭回归,0.9506172839506173,0.06260162601626017
岭回归,0.9506172839506173,0.06265256305939788
岭回归,0.9506172839506173,0.06270358306188925
岭回归,0.9506172839506173,0.06275468622656886
岭回归,0.9506172839506173,0.06280587275693311
岭回归,0.9506172839506173,0.06285714285714286
岭回归,0.9506172839506173,0.06290849673202614
岭回归,0.9506172839506173,0.06295993458708095
岭回归,0.9506172839506173,0.0630114566284779
岭回归,0.9506172839506173,0.06306306306306306
岭回归,0.9506172839506173,0.06311475409836066
岭回归,0.9506172839506173,0.06316652994257588
岭回归,0.9506172839506173,0.06321839080459771
岭回归,0.9506172839506173,0.06327033689400165
岭回归,0.9506172839506173,0.06332236842105263
岭回归,0.9506172839506173,0.06337448559670782
岭回归,0.9506172839506173,0.06342668863261944
岭回归,0.9506172839506173,0.06347897774113767
岭回归,0.9506172839506173,0.06353135313531354
岭回归,0.9506172839506173,0.06358381502890173
岭回归,0.9506172839506173,0.06363636363636363
岭回归,0.9506172839506173,0.06368899917287014
岭回归,0.9506172839506173,0.06374172185430464
岭回归,0.9506172839506173,0.06379453189726594
岭回归,0.9506172839506173,0.06384742951907131
岭回归,0.9506172839506173,0.06390041493775933
岭回归,0.9506172839506173,0.06395348837209303
岭回归,0.9506172839506173,0.06400665004156277
岭回归,0.9506172839506173,0.06405990016638935
岭回归,0.9506172839506173,0.06411323896752706
岭回归,0.9506172839506173,0.06416666666666666
岭回归,0.9506172839506173,0.06422018348623854
岭回归,0.9506172839506173,0.0642737896494157
岭回归,0.9506172839506173,0.06432748538011696
岭回归,0.9506172839506173,0.06438127090301003
岭回归,0.9506172839506173,0.06443514644351464
岭回归,0.9506172839506173,0.06448911222780569
岭回归,0.9506172839506173,0.06454316848281642
岭回归,0.9506172839506173,0.06459731543624161
岭回归,0.9506172839506173,0.06465155331654072
岭回归,0.9506172839506173,0.06470588235294118
岭回归,0.9506172839506173,0.06476030277544155
岭回归,0.9506172839506173,0.06481481481481481
岭回归,0.9506172839506173,0.06486941870261162
岭回归,0.9506172839506173,0.06492411467116357
岭回归,0.9506172839506173,0.06497890295358649
岭回归,0.9506172839506173,0.06503378378378379
岭回归,0.9506172839506173,0.0650887573964497
岭回归,0.9506172839506173,0.06514382402707276
岭回归,0.9506172839506173,0.06519898391193904
岭回归,0.9506172839506173,0.06525423728813559
岭回归,0.9506172839506173,0.06530958439355386
岭回归,0.9506172839506173,0.06536502546689305
岭回归,0.9506172839506173,0.06542056074766354
岭回归,0.9506172839506173,0.06547619047619048
岭回归,0.9506172839506173,0.06553191489361702
岭回归,0.9506172839506173,0.065587734241908
岭回归,0.9506172839506173,0.06564364876385337
岭回归,0.9506172839506173,0.06569965870307168
岭回归,0.9506172839506173,0.06575576430401367
岭回归,0.9506172839506173,0.06581196581196581
岭回归,0.9506172839506173,0.0658682634730539
岭回归,0.9506172839506173,0.06592465753424658
岭回归,0.9506172839506173,0.06598114824335904
岭回归,0.9506172839506173,0.0660377358490566
岭回归,0.9506172839506173,0.06609442060085836
岭回归,0.9506172839506173,0.0661512027491409
岭回归,0.9506172839506173,0.06620808254514188
岭回归,0.9506172839506173,0.06626506024096386
岭回归,0.9506172839506173,0.06632213608957795
岭回归,0.9506172839506173,0.06637931034482758
岭回归,0.9506172839506173,0.06643658326143227
岭回归,0.9506172839506173,0.06649395509499137
岭回归,0.9506172839506173,0.0665514261019879
岭回归,0.9506172839506173,0.06660899653979238
岭回归,0.9506172839506173,0.06666666666666667
岭回归,0.9506172839506173,0.06672443674176777
岭回归,0.9506172839506173,0.06678230702515178
岭回归,0.9506172839506173,0.06684027777777778
岭回归,0.9506172839506173,0.06689834926151172
岭回归,0.9506172839506173,0.06695652173913043
岭回归,0.9506172839506173,0.0670147954743255
岭回归,0.9506172839506173,0.06707317073170732
岭回归,0.9506172839506173,0.06713164777680906
岭回归,0.9506172839506173,0.06719022687609075
岭回归,0.9506172839506173,0.06724890829694323
岭回归,0.9506172839506173,0.0673076923076923
岭回归,0.9506172839506173,0.0673665791776028
岭回归,0.9506172839506173,0.06742556917688267
岭回归,0.9506172839506173,0.06748466257668712
岭回归,0.9506172839506173,0.06754385964912281
岭回归,0.9506172839506173,0.06760316066725197
岭回归,0.9506172839506173,0.06766256590509666
岭回归,0.9506172839506173,0.06772207563764292
岭回归,0.9506172839506173,0.06778169014084508
岭回归,0.9506172839506173,0.06784140969162995
岭回归,0.9506172839506173,0.06790123456790123
岭回归,0.9506172839506173,0.06796116504854369
岭回归,0.9506172839506173,0.06802120141342756
岭回归,0.9506172839506173,0.0680813439434129
岭回归,0.9506172839506173,0.06814159292035399
岭回归,0.9506172839506173,0.06820194862710363
岭回归,0.9506172839506173,0.06826241134751773
岭回归,0.9506172839506173,0.06832298136645963
岭回归,0.9506172839506173,0.06838365896980461
岭回归,0.9506172839506173,0.06844444444444445
岭回归,0.9506172839506173,0.06850533807829182
岭回归,0.9506172839506173,0.06856634016028496
岭回归,0.9506172839506173,0.06862745098039216
岭回归,0.9506172839506173,0.06868867082961641
岭回归,0.9506172839506173,0.06875
岭回归,0.9506172839506173,0.06881143878462913
岭回归,0.9506172839506173,0.06887298747763863
岭回归,0.9506172839506173,0.06893464637421665
岭回归,0.9506172839506173,0.06899641577060932
岭回归,0.9506172839506173,0.06905829596412556
岭回归,0.9506172839506173,0.06912028725314183
岭回归,0.9506172839506173,0.06918238993710692
岭回归,0.9506172839506173,0.06924460431654676
岭回归,0.9506172839506173,0.06930693069306931
岭回归,0.9506172839506173,0.06936936936936937
岭回归,0.9506172839506173,0.06943192064923355
岭回归,0.9506172839506173,0.06949458483754513
岭回归,0.9506172839506173,0.06955736224028906
岭回归,0.9506172839506173,0.06962025316455696
岭回归,0.9506172839506173,0.06968325791855204
岭回归,0.9506172839506173,0.06974637681159421
岭回归,0.9506172839506173,0.06980961015412511
岭回归,0.9506172839506173,0.06987295825771325
岭回归,0.9506172839506173,0.06993642143505904
岭回归,0.9506172839506173,0.07
岭回归,0.9506172839506173,0.07006369426751592
岭回归,0.9506172839506173,0.07012750455373407
岭回归,0.9506172839506173,0.07019143117593436
岭回归,0.9506172839506173,0.07025547445255474
岭回归,0.9506172839506173,0.07031963470319634
岭回归,0.9506172839506173,0.07038391224862889
岭回归,0.9506172839506173,0.07044830741079597
岭回归,0.9506172839506173,0.07051282051282051
岭回归,0.9506172839506173,0.07057745187901009
岭回归,0.9506172839506173,0.07064220183486239
岭回归,0.9506172839506173,0.0707070707070707
岭回归,0.9506172839506173,0.07077205882352941
岭回归,0.9506172839506173,0.07083716651333946
岭回归,0.9506172839506173,0.070902394106814
岭回归,0.9506172839506173,0.07096774193548387
岭回归,0.9506172839506173,0.07103321033210332
岭回归,0.9506172839506173,0.07109879963065559
岭回归,0.9506172839506173,0.0711645101663586
岭回归,0.9506172839506173,0.07123034227567067
岭回归,0.9506172839506173,0.0712962962962963
岭回归,0.9506172839506173,0.07136237256719184
岭回归,0.9506172839506173,0.07142857142857142
岭回归,0.9506172839506173,0.07149489322191271
岭回归,0.9506172839506173,0.07156133828996282
岭回归,0.9506172839506173,0.07162790697674419
岭回归,0.9506172839506173,0.07169459962756052
岭回归,0.9506172839506173,0.0717614165890028
岭回归,0.9506172839506173,0.07182835820895522
岭回归,0.9506172839506173,0.0718954248366013
岭回归,0.9506172839506173,0.07196261682242991
岭回归,0.9506172839506173,0.07202993451824134
岭回归,0.9506172839506173,0.07209737827715355
岭回归,0.9506172839506173,0.07216494845360824
岭回归,0.9506172839506173,0.07223264540337711
岭回归,0.9506172839506173,0.07230046948356808
岭回归,0.9506172839506173,0.07236842105263158
岭回归,0.9506172839506173,0.07243650047036689
岭回归,0.9506172839506173,0.07250470809792843
岭回归,0.9506172839506173,0.07257304429783223
岭回归,0.9506172839506173,0.07264150943396226
岭回归,0.9506172839506173,0.07271010387157696
岭回归,0.9506172839506173,0.07277882797731569
岭回归,0.9506172839506173,0.0728476821192053
岭回归,0.9506172839506173,0.07291666666666667
岭回归,0.9506172839506173,0.07298578199052133
岭回归,0.9506172839506173,0.0730550284629981
岭回归,0.9506172839506173,0.0731244064577398
岭回归,0.9506172839506173,0.07319391634980989
岭回归,0.9506172839506173,0.07326355851569934
岭回归,0.9506172839506173,0.07333333333333333
岭回归,0.9506172839506173,0.07340324118207817
岭回归,0.9506172839506173,0.07347328244274809
岭回归,0.9506172839506173,0.07354345749761222
岭回归,0.9506172839506173,0.07361376673040153
岭回归,0.9506172839506173,0.07368421052631578
岭回归,0.9506172839506173,0.07375478927203065
岭回归,0.9506172839506173,0.0738255033557047
岭回归,0.9506172839506173,0.07389635316698656
岭回归,0.9506172839506173,0.07396733909702209
岭回归,0.9506172839506173,0.07403846153846154
岭回归,0.9506172839506173,0.0741097208854668
岭回归,0.9506172839506173,0.07418111753371869
岭回归,0.9506172839506173,0.0742526518804243
岭回归,0.9506172839506173,0.07432432432432433
岭回归,0.9506172839506173,0.07439613526570048
岭回归,0.9506172839506173,0.07446808510638298
岭回归,0.9506172839506173,0.07454017424975799
岭回归,0.9506172839506173,0.07461240310077519
岭回归,0.9506172839506173,0.07468477206595538
岭回归,0.9506172839506173,0.07475728155339806
岭回归,0.9506172839506173,0.07482993197278912
岭回归,0.9506172839506173,0.07490272373540856
岭回归,0.9506172839506173,0.07497565725413827
岭回归,0.9506172839506173,0.07504873294346978
岭回归,0.9506172839506173,0.07512195121951219
岭回归,0.9506172839506173,0.0751953125
岭回归,0.9506172839506173,0.07526881720430108
岭回归,0.9506172839506173,0.07534246575342465
岭回归,0.9506172839506173,0.07541625857002938
岭回归,0.9506172839506173,0.07549019607843137
岭回归,0.9506172839506173,0.07556427870461237
岭回归,0.9506172839506173,0.0756385068762279
岭回归,0.9506172839506173,0.07571288102261553
岭回归,0.9506172839506173,0.07578740157480315
岭回归,0.9506172839506173,0.07586206896551724
岭回归,0.9506172839506173,0.07593688362919132
岭回归,0.9506172839506173,0.07601184600197433
岭回归,0.9506172839506173,0.07608695652173914
岭回归,0.9506172839506173,0.076162215628091
岭回归,0.9506172839506173,0.07623762376237624
岭回归,0.9506172839506173,0.07631318136769079
岭回归,0.9506172839506173,0.0763888888888889
岭回归,0.9506172839506173,0.07646474677259185
岭回归,0.9506172839506173,0.07654075546719682
岭回归,0.9506172839506173,0.07661691542288557
岭回归,0.9506172839506173,0.07669322709163347
岭回归,0.9506172839506173,0.07676969092721835
岭回归,0.9506172839506173,0.07684630738522955
岭回归,0.9506172839506173,0.07692307692307693
岭回归,0.9506172839506173,0.077
岭回归,0.9506172839506173,0.07707707707707707
岭回归,0.9506172839506173,0.07715430861723446
岭回归,0.9506172839506173,0.07723169508525576
岭回归,0.9506172839506173,0.07730923694779117
岭回归,0.9506172839506173,0.07738693467336684
岭回归,0.9506172839506173,0.07746478873239436
岭回归,0.9506172839506173,0.07754279959718026
岭回归,0.9506172839506173,0.07762096774193548
岭回归,0.9506172839506173,0.07769929364278506
岭回归,0.9506172839506173,0.07777777777777778
岭回归,0.9506172839506173,0.07785642062689585
岭回归,0.9506172839506173,0.07793522267206478
岭回归,0.9506172839506173,0.07801418439716312
岭回归,0.9506172839506173,0.07809330628803246
岭回归,0.9506172839506173,0.07817258883248732
岭回归,0.9506172839506173,0.0782520325203252
岭回归,0.9506172839506173,0.07833163784333673
岭回归,0.9506172839506173,0.07841140529531568
岭回归,0.9506172839506173,0.07849133537206932
岭回归,0.9506172839506173,0.07857142857142857
岭回归,0.9506172839506173,0.07865168539325842
岭回归,0.9506172839506173,0.0787321063394683
岭回归,0.9506172839506173,0.07881269191402251
岭回归,0.9506172839506173,0.07889344262295082
岭回归,0.9506172839506173,0.07897435897435898
岭回归,0.9506172839506173,0.07905544147843943
岭回归,0.9506172839506173,0.07913669064748201
岭回归,0.9506172839506173,0.07921810699588477
岭回归,0.9506172839506173,0.07929969104016478
岭回归,0.9506172839506173,0.07938144329896907
岭回归,0.9506172839506173,0.07946336429308566
岭回归,0.9506172839506173,0.07954545454545454
岭回归,0.9506172839506173,0.0796277145811789
岭回归,0.9506172839506173,0.07971014492753623
岭回归,0.9506172839506173,0.07979274611398963
岭回归,0.9506172839506173,0.07987551867219916
岭回归,0.9506172839506173,0.07995846313603323
岭回归,0.9506172839506173,0.08004158004158005
岭回归,0.9506172839506173,0.08012486992715921
岭回归,0.9506172839506173,0.08020833333333334
岭回归,0.9506172839506173,0.08029197080291971
岭回归,0.9506172839506173,0.08037578288100208
岭回归,0.9506172839506173,0.08045977011494253
岭回归,0.9506172839506173,0.08054393305439331
岭回归,0.9506172839506173,0.0806282722513089
岭回归,0.9506172839506173,0.08071278825995808
岭回归,0.9506172839506173,0.080797481636936
岭回归,0.9506172839506173,0.08088235294117647
岭回归,0.9506172839506173,0.08096740273396424
岭回归,0.9506172839506173,0.08105263157894736
岭回归,0.9506172839506173,0.08113804004214963
岭回归,0.9506172839506173,0.08122362869198312
岭回归,0.9506172839506173,0.08130939809926083
岭回归,0.9506172839506173,0.08139534883720931
岭回归,0.9506172839506173,0.08148148148148149
岭回归,0.9506172839506173,0.0815677966101695
岭回归,0.9506172839506173,0.0816542948038176
岭回归,0.9506172839506173,0.08174097664543524
岭回归,0.9506172839506173,0.0818278427205101
岭回归,0.9506172839506173,0.08191489361702127
岭回归,0.9506172839506173,0.08200212992545261
岭回归,0.9506172839506173,0.08208955223880597
岭回归,0.9506172839506173,0.08217716115261472
岭回归,0.9506172839506173,0.08226495726495726
岭回归,0.9506172839506173,0.08235294117647059
岭回归,0.9506172839506173,0.08244111349036402
岭回归,0.9506172839506173,0.08252947481243302
岭回归,0.9506172839506173,0.08261802575107297
岭回归,0.9506172839506173,0.08270676691729323
岭回归,0.9506172839506173,0.08279569892473118
岭回归,0.9506172839506173,0.08288482238966631
岭回归,0.9506172839506173,0.08297413793103449
岭回归,0.9506172839506173,0.08306364617044229
岭回归,0.9506172839506173,0.08315334773218143
岭回归,0.9506172839506173,0.08324324324324324
岭回归,0.9506172839506173,0.08333333333333333
岭回归,0.9506172839506173,0.08342361863488625
岭回归,0.9506172839506173,0.08351409978308026
岭回归,0.9506172839506173,0.08360477741585233
岭回归,0.9506172839506173,0.08369565217391305
岭回归,0.9506172839506173,0.08378672470076169
岭回归,0.9506172839506173,0.08387799564270153
岭回归,0.9506172839506173,0.08396946564885496
岭回归,0.9506172839506173,0.08406113537117904
岭回归,0.9506172839506173,0.08415300546448087
岭回归,0.9506172839506173,0.08424507658643327
岭回归,0.9506172839506173,0.08433734939759036
岭回归,0.9506172839506173,0.08442982456140351
岭回归,0.9506172839506173,0.0845225027442371
岭回归,0.9506172839506173,0.08461538461538462
岭回归,0.9506172839506173,0.0847084708470847
岭回归,0.9506172839506173,0.08480176211453745
岭回归,0.9506172839506173,0.08489525909592062
岭回归,0.9506172839506173,0.08498896247240618
岭回归,0.9506172839506173,0.08508287292817679
岭回归,0.9506172839506173,0.08517699115044247
岭回归,0.9506172839506173,0.08527131782945736
岭回归,0.9506172839506173,0.08536585365853659
岭回归,0.9506172839506173,0.08546059933407325
岭回归,0.9506172839506173,0.08555555555555555
岭回归,0.9506172839506173,0.08565072302558398
岭回归,0.9506172839506173,0.08574610244988864
岭回归,0.9506172839506173,0.0858416945373467
岭回归,0.9506172839506173,0.0859375
岭回归,0.9506172839506173,0.08603351955307263
岭回归,0.9506172839506173,0.08612975391498881
岭回归,0.9506172839506173,0.08622620380739082
岭回归,0.9506172839506173,0.08632286995515695
岭回归,0.9506172839506173,0.08641975308641975
岭回归,0.9506172839506173,0.08651685393258426
岭回归,0.9506172839506173,0.08661417322834646
岭回归,0.9506172839506173,0.08671171171171171
岭回归,0.9506172839506173,0.08680947012401354
岭回归,0.9506172839506173,0.08690744920993228
岭回归,0.9506172839506173,0.08700564971751412
岭回归,0.9506172839506173,0.08710407239819004
岭回归,0.9506172839506173,0.08720271800679502
岭回归,0.9506172839506173,0.0873015873015873
岭回归,0.9506172839506173,0.08740068104426787
岭回归,0.9506172839506173,0.0875
岭回归,0.9506172839506173,0.0875995449374289
岭回归,0.9506172839506173,0.08769931662870159
岭回归,0.9506172839506173,0.08779931584948689
岭回归,0.9506172839506173,0.08789954337899543
岭回归,0.9506172839506173,0.088
岭回归,0.9506172839506173,0.08810068649885583
岭回归,0.9506172839506173,0.0882016036655212
岭回归,0.9506172839506173,0.08830275229357798
岭回归,0.9506172839506173,0.08840413318025259
岭回归,0.9506172839506173,0.08850574712643679
岭回归,0.9506172839506173,0.08860759493670886
岭回归,0.9506172839506173,0.08870967741935484
岭回归,0.9506172839506173,0.08881199538638986
岭回归,0.9506172839506173,0.08891454965357967
岭回归,0.9506172839506173,0.08901734104046242
岭回归,0.9506172839506173,0.08912037037037036
岭回归,0.9506172839506173,0.08922363847045191
岭回归,0.9506172839506173,0.08932714617169374
岭回归,0.9506172839506173,0.08943089430894309
岭回归,0.9506172839506173,0.08953488372093023
岭回归,0.9506172839506173,0.08963911525029103
岭回归,0.9506172839506173,0.08974358974358974
岭回归,0.9506172839506173,0.08984830805134189
岭回归,0.9506172839506173,0.08995327102803738
岭回归,0.9506172839506173,0.09005847953216374
岭回归,0.9506172839506173,0.09016393442622951
岭回归,0.9506172839506173,0.09026963657678781
岭回归,0.9506172839506173,0.0903755868544601
岭回归,0.9506172839506173,0.09048178613396005
岭回归,0.9506172839506173,0.09058823529411765
岭回归,0.9506172839506173,0.09069493521790342
岭回归,0.9506172839506173,0.09080188679245282
岭回归,0.9506172839506173,0.09090909090909091
岭回归,0.9506172839506173,0.09101654846335698
岭回归,0.9506172839506173,0.09112426035502959
岭回归,0.9506172839506173,0.09123222748815166
岭回归,0.9506172839506173,0.09134045077105575
岭回归,0.9506172839506173,0.09144893111638955
岭回归,0.9506172839506173,0.09155766944114149
岭回归,0.9506172839506173,0.09166666666666666
岭回归,0.9506172839506173,0.09177592371871275
岭回归,0.9506172839506173,0.09188544152744631
岭回归,0.9506172839506173,0.09199522102747909
岭回归,0.9506172839506173,0.09210526315789473
岭回归,0.9506172839506173,0.09221556886227544
岭回归,0.9506172839506173,0.09232613908872901
岭回归,0.9506172839506173,0.09243697478991597
岭回归,0.9506172839506173,0.09254807692307693
岭回归,0.9506172839506173,0.09265944645006016
岭回归,0.9506172839506173,0.0927710843373494
岭回归,0.9506172839506173,0.09288299155609167
岭回归,0.9506172839506173,0.0929951690821256
岭回归,0.9506172839506173,0.09310761789600967
岭回归,0.9506172839506173,0.09322033898305085
岭回归,0.9506172839506173,0.09333333333333334
岭回归,0.9506172839506173,0.09344660194174757
岭回归,0.9506172839506173,0.09356014580801944
岭回归,0.9506172839506173,0.09367396593673966
岭回归,0.9506172839506173,0.09378806333739342
岭回归,0.9506172839506173,0.09390243902439024
岭回归,0.9506172839506173,0.09401709401709402
岭回归,0.9506172839506173,0.0941320293398533
岭回归,0.9506172839506173,0.09424724602203183
岭回归,0.9506172839506173,0.09436274509803921
岭回归,0.9506172839506173,0.09447852760736196
岭回归,0.9506172839506173,0.0945945945945946
岭回归,0.9506172839506173,0.09471094710947109
岭回归,0.9506172839506173,0.09482758620689655
岭回归,0.9506172839506173,0.09494451294697903
岭回归,0.9506172839506173,0.09506172839506173
岭回归,0.9506172839506173,0.09517923362175525
岭回归,0.9506172839506173,0.0952970297029703
岭回归,0.9506172839506173,0.09541511771995044
岭回归,0.9506172839506173,0.09553349875930521
岭回归,0.9506172839506173,0.09565217391304348
岭回归,0.9506172839506173,0.09577114427860696
岭回归,0.9506172839506173,0.0958904109589041
岭回归,0.9506172839506173,0.09600997506234414
岭回归,0.9506172839506173,0.09612983770287141
岭回归,0.9506172839506173,0.09625
岭回归,0.9506172839506173,0.09637046307884856
岭回归,0.9506172839506173,0.09649122807017543
岭回归,0.9506172839506173,0.09661229611041405
岭回归,0.9506172839506173,0.09673366834170855
岭回归,0.9506172839506173,0.09685534591194969
岭回归,0.9506172839506173,0.09697732997481108
岭回归,0.9506172839506173,0.09709962168978563
岭回归,0.9506172839506173,0.09722222222222222
岭回归,0.9506172839506173,0.09734513274336283
岭回归,0.9506172839506173,0.09746835443037975
岭回归,0.9506172839506173,0.09759188846641319
岭回归,0.9506172839506173,0.09771573604060914
岭回归,0.9506172839506173,0.09783989834815757
岭回归,0.9506172839506173,0.09796437659033079
岭回归,0.9506172839506173,0.0980891719745223
岭回归,0.9506172839506173,0.09821428571428571
岭回归,0.9506172839506173,0.0983397190293742
岭回归,0.9506172839506173,0.09846547314578005
岭回归,0.9506172839506173,0.09859154929577464
岭回归,0.9506172839506173,0.09871794871794871
岭回归,0.9506172839506173,0.09884467265725289
岭回归,0.9506172839506173,0.09897172236503857
岭回归,0.9506172839506173,0.0990990990990991
岭回归,0.9506172839506173,0.09922680412371133
岭回归,0.9506172839506173,0.09935483870967741
岭回归,0.9506172839506173,0.09948320413436693
岭回归,0.9506172839506173,0.09961190168175937
岭回归,0.9506172839506173,0.09974093264248704
岭回归,0.9506172839506173,0.09987029831387809
岭回归,0.9506172839506173,0.1
岭回归,0.9506172839506173,0.10013003901170352
岭回归,0.9506172839506173,0.10026041666666667
岭回归,0.9506172839506173,0.10039113428943937
岭回归,0.9506172839506173,0.10052219321148825
岭回归,0.9506172839506173,0.10065359477124183
岭回归,0.9506172839506173,0.10078534031413612
岭回归,0.9506172839506173,0.10091743119266056
岭回归,0.9506172839506173,0.1010498687664042
岭回归,0.9506172839506173,0.1011826544021025
岭回归,0.9506172839506173,0.1013157894736842
岭回归,0.9506172839506173,0.10144927536231885
岭回归,0.9506172839506173,0.10158311345646438
岭回归,0.9506172839506173,0.10171730515191546
岭回归,0.9506172839506173,0.10185185185185185
岭回归,0.9506172839506173,0.10198675496688742
岭回归,0.9506172839506173,0.10212201591511937
岭回归,0.9506172839506173,0.10225763612217796
岭回归,0.9506172839506173,0.1023936170212766
岭回归,0.9506172839506173,0.10252996005326231
岭回归,0.9506172839506173,0.10266666666666667
岭回归,0.9506172839506173,0.102803738317757
岭回归,0.9506172839506173,0.10294117647058823
岭回归,0.9506172839506173,0.10307898259705489
岭回归,0.9506172839506173,0.1032171581769437
岭回归,0.9506172839506173,0.10335570469798658
岭回归,0.9506172839506173,0.10349462365591398
岭回归,0.9506172839506173,0.10363391655450875
岭回归,0.9506172839506173,0.10377358490566038
岭回归,0.9506172839506173,0.1039136302294197
岭回归,0.9506172839506173,0.10405405405405406
岭回归,0.9506172839506173,0.10419485791610285
岭回归,0.9506172839506173,0.1043360433604336
岭回归,0.9506172839506173,0.1044776119402985
岭回归,0.9506172839506173,0.10461956521739131
岭回归,0.9506172839506173,0.10476190476190476
岭回归,0.9506172839506173,0.10490463215258855
岭回归,0.9506172839506173,0.10504774897680765
岭回归,0.9506172839506173,0.1051912568306011
岭回归,0.9506172839506173,0.10533515731874145
岭回归,0.9506172839506173,0.10547945205479452
岭回归,0.9506172839506173,0.1056241426611797
岭回归,0.9506172839506173,0.10576923076923077
岭回归,0.9506172839506173,0.10591471801925723
岭回归,0.9506172839506173,0.10606060606060606
岭回归,0.9506172839506173,0.10620689655172413
岭回归,0.9506172839506173,0.106353591160221
岭回归,0.9506172839506173,0.10650069156293222
岭回归,0.9506172839506173,0.10664819944598337
岭回归,0.9506172839506173,0.10679611650485436
岭回归,0.9506172839506173,0.10694444444444444
岭回归,0.9506172839506173,0.1070931849791377
岭回归,0.9506172839506173,0.10724233983286909
岭回归,0.9506172839506173,0.10739191073919108
岭回归,0.9506172839506173,0.10754189944134078
岭回归,0.9506172839506173,0.1076923076923077
岭回归,0.9506172839506173,0.10784313725490197
岭回归,0.9506172839506173,0.10799438990182328
岭回归,0.9506172839506173,0.10814606741573034
岭回归,0.9506172839506173,0.10829817158931083
岭回归,0.9506172839506173,0.10845070422535211
岭回归,0.9506172839506173,0.10860366713681241
岭回归,0.9506172839506173,0.10875706214689265
岭回归,0.9506172839506173,0.10891089108910891
岭回归,0.9506172839506173,0.10906515580736544
岭回归,0.9506172839506173,0.10921985815602837
岭回归,0.9506172839506173,0.109375
岭回归,0.9506172839506173,0.10953058321479374
岭回归,0.9506172839506173,0.10968660968660969
岭回归,0.9506172839506173,0.10984308131241084
岭回归,0.9506172839506173,0.11
岭回归,0.9506172839506173,0.11015736766809728
岭回归,0.9506172839506173,0.11031518624641834
岭回归,0.9506172839506173,0.11047345767575323
岭回归,0.9506172839506173,0.11063218390804598
岭回归,0.9506172839506173,0.11079136690647481
岭回归,0.9506172839506173,0.11095100864553314
岭回归,0.9506172839506173,0.1111111111111111
岭回归,0.9506172839506173,0.11127167630057803
岭回归,0.9506172839506173,0.11143270622286541
岭回归,0.9506172839506173,0.11159420289855072
岭回归,0.9506172839506173,0.11175616835994194
岭回归,0.9506172839506173,0.1119186046511628
岭回归,0.9506172839506173,0.11208151382823872
岭回归,0.9506172839506173,0.11224489795918367
岭回归,0.9506172839506173,0.11240875912408758
岭回归,0.9506172839506173,0.11257309941520467
岭回归,0.9506172839506173,0.11273792093704246
岭回归,0.9506172839506173,0.11290322580645161
岭回归,0.9506172839506173,0.1130690161527166
岭回归,0.9506172839506173,0.11323529411764706
岭回归,0.9506172839506173,0.1134020618556701
岭回归,0.9506172839506173,0.11356932153392331
岭回归,0.9506172839506173,0.1137370753323486
岭回归,0.9506172839506173,0.11390532544378698
岭回归,0.9506172839506173,0.11407407407407408
岭回归,0.9506172839506173,0.1142433234421365
岭回归,0.9506172839506173,0.11441307578008915
岭回归,0.9506172839506173,0.11458333333333333
岭回归,0.9506172839506173,0.11475409836065574
岭回归,0.9506172839506173,0.11492537313432835
岭回归,0.9506172839506173,0.11509715994020926
岭回归,0.9506172839506173,0.11526946107784432
岭回归,0.9506172839506173,0.11544227886056972
岭回归,0.9506172839506173,0.11561561561561562
岭回归,0.9506172839506173,0.11578947368421053
岭回归,0.9506172839506173,0.11596385542168675
岭回归,0.9506172839506173,0.11613876319758673
岭回归,0.9506172839506173,0.1163141993957704
岭回归,0.9506172839506173,0.11649016641452345
岭回归,0.9506172839506173,0.11666666666666667
岭回归,0.9506172839506173,0.11684370257966616
岭回归,0.9506172839506173,0.11702127659574468
岭回归,0.9506172839506173,0.1171993911719939
岭回归,0.9506172839506173,0.1173780487804878
岭回归,0.9506172839506173,0.11755725190839694
岭回归,0.9506172839506173,0.11773700305810397
岭回归,0.9506172839506173,0.11791730474732007
岭回归,0.9506172839506173,0.11809815950920245
岭回归,0.9506172839506173,0.11827956989247312
岭回归,0.9506172839506173,0.11846153846153847
岭回归,0.9506172839506173,0.11864406779661017
岭回归,0.9506172839506173,0.11882716049382716
岭回归,0.9506172839506173,0.11901081916537867
岭回归,0.9506172839506173,0.11919504643962849
岭回归,0.9506172839506173,0.11937984496124031
岭回归,0.9506172839506173,0.11956521739130435
岭回归,0.9506172839506173,0.11975116640746501
岭回归,0.9506172839506173,0.11993769470404984
岭回归,0.9506172839506173,0.12012480499219969
岭回归,0.9506172839506173,0.1203125
岭回归,0.9506172839506173,0.12050078247261346
岭回归,0.9506172839506173,0.1206896551724138
岭回归,0.9506172839506173,0.12087912087912088
岭回归,0.9506172839506173,0.12106918238993711
岭回归,0.9506172839506173,0.12125984251968504
岭回归,0.9506172839506173,0.12145110410094637
岭回归,0.9506172839506173,0.12164296998420221
岭回归,0.9506172839506173,0.12183544303797468
岭回归,0.9506172839506173,0.12202852614896989
岭回归,0.9506172839506173,0.12222222222222222
岭回归,0.9506172839506173,0.12241653418124006
岭回归,0.9506172839506173,0.12261146496815287
岭回归,0.9506172839506173,0.12280701754385964
岭回归,0.9506172839506173,0.12300319488817892
岭回归,0.9506172839506173,0.1232
岭回归,0.9506172839506173,0.1233974358974359
岭回归,0.9506172839506173,0.12359550561797752
岭回归,0.9506172839506173,0.12379421221864952
岭回归,0.9506172839506173,0.12399355877616747
岭回归,0.9506172839506173,0.12419354838709677
岭回归,0.9506172839506173,0.12439418416801293
岭回归,0.9506172839506173,0.12459546925566344
岭回归,0.9506172839506173,0.12479740680713128
岭回归,0.9506172839506173,0.125
岭回归,0.9506172839506173,0.12520325203252033
岭回归,0.9506172839506173,0.1254071661237785
岭回归,0.9506172839506173,0.12561174551386622
岭回归,0.9506172839506173,0.12581699346405228
岭回归,0.9506172839506173,0.1260229132569558
岭回归,0.9506172839506173,0.12622950819672132
岭回归,0.9506172839506173,0.12643678160919541
岭回归,0.9506172839506173,0.12664473684210525
岭回归,0.9506172839506173,0.12685337726523888
岭回归,0.9506172839506173,0.12706270627062707
岭回归,0.9506172839506173,0.12727272727272726
岭回归,0.9506172839506173,0.12748344370860928
岭回归,0.9506172839506173,0.12769485903814262
岭回归,0.9506172839506173,0.12790697674418605
岭回归,0.9506172839506173,0.1281198003327787
岭回归,0.9506172839506173,0.12833333333333333
岭回归,0.9506172839506173,0.1285475792988314
岭回归,0.9506172839506173,0.12876254180602006
岭回归,0.9506172839506173,0.12897822445561138
岭回归,0.9506172839506173,0.12919463087248323
岭回归,0.9506172839506173,0.12941176470588237
岭回归,0.9506172839506173,0.12962962962962962
岭回归,0.9506172839506173,0.12984822934232715
岭回归,0.9506172839506173,0.13006756756756757
岭回归,0.9506172839506173,0.13028764805414553
岭回归,0.9506172839506173,0.13050847457627118
岭回归,0.9506172839506173,0.1307300509337861
岭回归,0.9506172839506173,0.13095238095238096
岭回归,0.9506172839506173,0.131175468483816
岭回归,0.9506172839506173,0.13139931740614336
岭回归,0.9506172839506173,0.13162393162393163
岭回归,0.9506172839506173,0.13184931506849315
岭回归,0.9506172839506173,0.1320754716981132
岭回归,0.9506172839506173,0.1323024054982818
岭回归,0.9506172839506173,0.13253012048192772
岭回归,0.9506172839506173,0.13275862068965516
岭回归,0.9506172839506173,0.13298791018998274
岭回归,0.9506172839506173,0.13321799307958476
岭回归,0.9506172839506173,0.13344887348353554
岭回归,0.9506172839506173,0.13368055555555555
岭回归,0.9506172839506173,0.13391304347826086
岭回归,0.9506172839506173,0.13414634146341464
岭回归,0.9506172839506173,0.1343804537521815
岭回归,0.9506172839506173,0.1346153846153846
岭回归,0.9506172839506173,0.13485113835376533
岭回归,0.9506172839506173,0.13508771929824562
岭回归,0.9506172839506173,0.13532513181019332
岭回归,0.9506172839506173,0.13556338028169015
岭回归,0.9506172839506173,0.13580246913580246
岭回归,0.9506172839506173,0.13604240282685512
岭回归,0.9506172839506173,0.13628318584070798
岭回归,0.9506172839506173,0.13652482269503546
岭回归,0.9506172839506173,0.13676731793960922
岭回归,0.9506172839506173,0.13701067615658363
岭回归,0.9506172839506173,0.13725490196078433
岭回归,0.9506172839506173,0.1375
岭回归,0.9506172839506173,0.13774597495527727
岭回归,0.9506172839506173,0.13799283154121864
岭回归,0.9506172839506173,0.13824057450628366
岭回归,0.9506172839506173,0.13848920863309352
岭回归,0.9506172839506173,0.13873873873873874
岭回归,0.9506172839506173,0.13898916967509026
岭回归,0.9506172839506173,0.13924050632911392
岭回归,0.9506172839506173,0.13949275362318841
岭回归,0.9506172839506173,0.1397459165154265
岭回归,0.9506172839506173,0.14
岭回归,0.9506172839506173,0.14025500910746813
岭回归,0.9506172839506173,0.14051094890510948
岭回归,0.9506172839506173,0.14076782449725778
岭回归,0.9506172839506173,0.14102564102564102
岭回归,0.9506172839506173,0.14128440366972478
岭回归,0.9506172839506173,0.14154411764705882
岭回归,0.9506172839506173,0.141804788213628
岭回归,0.9506172839506173,0.14206642066420663
岭回归,0.9506172839506173,0.1423290203327172
岭回归,0.9506172839506173,0.1425925925925926
岭回归,0.9506172839506173,0.14285714285714285
岭回归,0.9506172839506173,0.14312267657992564
岭回归,0.9506172839506173,0.14338919925512103
岭回归,0.9506172839506173,0.14365671641791045
岭回归,0.9506172839506173,0.14392523364485982
岭回归,0.9506172839506173,0.1441947565543071
岭回归,0.9506172839506173,0.14446529080675422
岭回归,0.9506172839506173,0.14473684210526316
岭回归,0.9506172839506173,0.14500941619585686
岭回归,0.9506172839506173,0.14528301886792452
岭回归,0.9506172839506173,0.14555765595463138
岭回归,0.9506172839506173,0.14583333333333334
岭回归,0.9506172839506173,0.1461100569259962
岭回归,0.9506172839506173,0.14638783269961977
岭回归,0.9506172839506173,0.14666666666666667
岭回归,0.9506172839506173,0.14694656488549618
岭回归,0.9506172839506173,0.14722753346080306
岭回归,0.9506172839506173,0.1475095785440613
岭回归,0.9506172839506173,0.14779270633397312
岭回归,0.9506172839506173,0.14807692307692308
岭回归,0.9506172839506173,0.14836223506743737
岭回归,0.9506172839506173,0.14864864864864866
岭回归,0.9506172839506173,0.14893617021276595
岭回归,0.9506172839506173,0.14922480620155038
岭回归,0.9506172839506173,0.14951456310679612
岭回归,0.9506172839506173,0.14980544747081712
岭回归,0.9506172839506173,0.15009746588693956
岭回归,0.9506172839506173,0.150390625
岭回归,0.9506172839506173,0.1506849315068493
岭回归,0.9506172839506173,0.15098039215686274
岭回归,0.9382716049382716,0.14931237721021612
岭回归,0.9382716049382716,0.14960629921259844
岭回归,0.9382716049382716,0.14990138067061143
岭回归,0.9382716049382716,0.15019762845849802
岭回归,0.9382716049382716,0.1504950495049505
岭回归,0.9382716049382716,0.15079365079365079
岭回归,0.9382716049382716,0.15109343936381708
岭回归,0.9382716049382716,0.15139442231075698
岭回归,0.9382716049382716,0.15169660678642716
岭回归,0.9382716049382716,0.152
岭回归,0.9382716049382716,0.1523046092184369
岭回归,0.9382716049382716,0.15261044176706828
岭回归,0.9382716049382716,0.1529175050301811
岭回归,0.9382716049382716,0.1532258064516129
岭回归,0.9382716049382716,0.15353535353535352
岭回归,0.9382716049382716,0.15384615384615385
岭回归,0.9382716049382716,0.15415821501014199
岭回归,0.9382716049382716,0.15447154471544716
岭回归,0.9382716049382716,0.15478615071283094
岭回归,0.9382716049382716,0.15510204081632653
岭回归,0.9382716049382716,0.1554192229038855
岭回归,0.9382716049382716,0.1557377049180328
岭回归,0.9382716049382716,0.15605749486652978
岭回归,0.9382716049382716,0.15637860082304528
岭回归,0.9382716049382716,0.15670103092783505
岭回归,0.9382716049382716,0.15702479338842976
岭回归,0.9382716049382716,0.15734989648033126
岭回归,0.9382716049382716,0.15767634854771784
岭回归,0.9382716049382716,0.158004158004158
岭回归,0.9382716049382716,0.15833333333333333
岭回归,0.9382716049382716,0.15866388308977036
岭回归,0.9382716049382716,0.1589958158995816
岭回归,0.9382716049382716,0.15932914046121593
岭回归,0.9382716049382716,0.15966386554621848
岭回归,0.9382716049382716,0.16
岭回归,0.9382716049382716,0.16033755274261605
岭回归,0.9382716049382716,0.160676532769556
岭回归,0.9382716049382716,0.16101694915254236
岭回归,0.9382716049382716,0.1613588110403397
岭回归,0.9382716049382716,0.16170212765957448
岭回归,0.9382716049382716,0.16204690831556504
岭回归,0.9382716049382716,0.1623931623931624
岭回归,0.9382716049382716,0.16274089935760172
岭回归,0.9382716049382716,0.1630901287553648
岭回归,0.9382716049382716,0.16344086021505377
岭回归,0.9382716049382716,0.16379310344827586
岭回归,0.9382716049382716,0.16414686825053995
岭回归,0.9382716049382716,0.1645021645021645
岭回归,0.9382716049382716,0.1648590021691974
岭回归,0.9382716049382716,0.16521739130434782
岭回归,0.9382716049382716,0.1655773420479303
岭回归,0.9382716049382716,0.16593886462882096
岭回归,0.9382716049382716,0.16630196936542668
岭回归,0.9382716049382716,0.16666666666666666
岭回归,0.9382716049382716,0.16703296703296702
岭回归,0.9382716049382716,0.16740088105726872
岭回归,0.9382716049382716,0.16777041942604856
岭回归,0.9382716049382716,0.168141592920354
岭回归,0.9382716049382716,0.16851441241685144
岭回归,0.9382716049382716,0.1688888888888889
岭回归,0.9382716049382716,0.16926503340757237
岭回归,0.9382716049382716,0.16964285714285715
岭回归,0.9382716049382716,0.17002237136465326
岭回归,0.9382716049382716,0.17040358744394618
岭回归,0.9382716049382716,0.1707865168539326
岭回归,0.9382716049382716,0.17117117117117117
岭回归,0.9382716049382716,0.17155756207674944
岭回归,0.9382716049382716,0.17194570135746606
岭回归,0.9382716049382716,0.17233560090702948
岭回归,0.9382716049382716,0.17272727272727273
岭回归,0.9382716049382716,0.17312072892938496
岭回归,0.9382716049382716,0.1735159817351598
岭回归,0.9382716049382716,0.17391304347826086
岭回归,0.9382716049382716,0.1743119266055046
岭回归,0.9382716049382716,0.17471264367816092
岭回归,0.9382716049382716,0.17511520737327188
岭回归,0.9382716049382716,0.17551963048498845
岭回归,0.9382716049382716,0.17592592592592593
岭回归,0.9382716049382716,0.17633410672853828
岭回归,0.9382716049382716,0.17674418604651163
岭回归,0.9382716049382716,0.17715617715617715
岭回归,0.9382716049382716,0.17757009345794392
岭回归,0.9382716049382716,0.17798594847775176
岭回归,0.9382716049382716,0.1784037558685446
岭回归,0.9382716049382716,0.17882352941176471
岭回归,0.9382716049382716,0.1792452830188679
岭回归,0.9382716049382716,0.17966903073286053
岭回归,0.9382716049382716,0.18009478672985782
岭回归,0.9382716049382716,0.18052256532066507
岭回归,0.9382716049382716,0.18095238095238095
岭回归,0.9382716049382716,0.18138424821002386
岭回归,0.9382716049382716,0.18181818181818182
岭回归,0.9382716049382716,0.18225419664268586
岭回归,0.9382716049382716,0.18269230769230768
岭回归,0.9382716049382716,0.18313253012048192
岭回归,0.9382716049382716,0.18357487922705315
岭回归,0.9382716049382716,0.18401937046004843
岭回归,0.9382716049382716,0.18446601941747573
岭回归,0.9382716049382716,0.18491484184914841
岭回归,0.9382716049382716,0.18536585365853658
岭回归,0.9382716049382716,0.18581907090464547
岭回归,0.9382716049382716,0.18627450980392157
岭回归,0.9382716049382716,0.18673218673218672
岭回归,0.9382716049382716,0.18719211822660098
岭回归,0.9382716049382716,0.18765432098765433
岭回归,0.9382716049382716,0.18811881188118812
岭回归,0.9382716049382716,0.18858560794044665
岭回归,0.9382716049382716,0.1890547263681592
岭回归,0.9382716049382716,0.18952618453865336
岭回归,0.9382716049382716,0.19
岭回归,0.9382716049382716,0.19047619047619047
岭回归,0.9382716049382716,0.19095477386934673
岭回归,0.9259259259259259,0.1889168765743073
岭回归,0.9259259259259259,0.1893939393939394
岭回归,0.9259259259259259,0.189873417721519
岭回归,0.9259259259259259,0.19035532994923857
岭回归,0.9259259259259259,0.19083969465648856
岭回归,0.9259259259259259,0.1913265306122449
岭回归,0.9259259259259259,0.1918158567774936
岭回归,0.9259259259259259,0.19230769230769232
岭回归,0.9259259259259259,0.1928020565552699
岭回归,0.9259259259259259,0.19329896907216496
岭回归,0.9259259259259259,0.1937984496124031
岭回归,0.9259259259259259,0.19430051813471502
岭回归,0.9259259259259259,0.19480519480519481
岭回归,0.9259259259259259,0.1953125
岭回归,0.9259259259259259,0.195822454308094
岭回归,0.9259259259259259,0.19633507853403143
岭回归,0.9259259259259259,0.1968503937007874
岭回归,0.9259259259259259,0.19736842105263158
岭回归,0.9259259259259259,0.19788918205804748
岭回归,0.9259259259259259,0.1984126984126984
岭回归,0.9259259259259259,0.1989389920424403
岭回归,0.9259259259259259,0.19946808510638298
岭回归,0.9259259259259259,0.2
岭回归,0.9259259259259259,0.20053475935828877
岭回归,0.9259259259259259,0.20107238605898123
岭回归,0.9259259259259259,0.20161290322580644
岭回归,0.9259259259259259,0.20215633423180593
岭回归,0.9259259259259259,0.20270270270270271
岭回归,0.9259259259259259,0.2032520325203252
岭回归,0.9259259259259259,0.20380434782608695
岭回归,0.9259259259259259,0.20435967302452315
岭回归,0.9259259259259259,0.20491803278688525
岭回归,0.9259259259259259,0.2054794520547945
岭回归,0.9259259259259259,0.20604395604395603
岭回归,0.9259259259259259,0.2066115702479339
岭回归,0.9259259259259259,0.20718232044198895
岭回归,0.9259259259259259,0.2077562326869806
岭回归,0.9259259259259259,0.20833333333333334
岭回归,0.9259259259259259,0.20891364902506965
岭回归,0.9259259259259259,0.20949720670391062
岭回归,0.9259259259259259,0.21008403361344538
岭回归,0.9259259259259259,0.21067415730337077
岭回归,0.9259259259259259,0.2112676056338028
岭回归,0.9259259259259259,0.211864406779661
岭回归,0.9259259259259259,0.21246458923512748
岭回归,0.9259259259259259,0.21306818181818182
岭回归,0.9259259259259259,0.21367521367521367
岭回归,0.9259259259259259,0.21428571428571427
岭回归,0.9259259259259259,0.2148997134670487
岭回归,0.9259259259259259,0.21551724137931033
岭回归,0.9259259259259259,0.21613832853025935
岭回归,0.9259259259259259,0.21676300578034682
岭回归,0.9259259259259259,0.21739130434782608
岭回归,0.9259259259259259,0.2180232558139535
岭回归,0.9259259259259259,0.21865889212827988
岭回归,0.9259259259259259,0.21929824561403508
岭回归,0.9259259259259259,0.21994134897360704
岭回归,0.9259259259259259,0.22058823529411764
岭回归,0.9259259259259259,0.22123893805309736
岭回归,0.9259259259259259,0.22189349112426035
岭回归,0.9259259259259259,0.22255192878338279
岭回归,0.9259259259259259,0.22321428571428573
岭回归,0.9259259259259259,0.22388059701492538
岭回归,0.9259259259259259,0.2245508982035928
岭回归,0.9259259259259259,0.22522522522522523
岭回归,0.9259259259259259,0.22590361445783133
岭回归,0.9259259259259259,0.22658610271903323
岭回归,0.9259259259259259,0.22727272727272727
岭回归,0.9259259259259259,0.22796352583586627
岭回归,0.9259259259259259,0.22865853658536586
岭回归,0.9259259259259259,0.22935779816513763
岭回归,0.9259259259259259,0.23006134969325154
岭回归,0.9259259259259259,0.23076923076923078
岭回归,0.9259259259259259,0.23148148148148148
岭回归,0.9259259259259259,0.23219814241486067
岭回归,0.9259259259259259,0.2329192546583851
岭回归,0.9259259259259259,0.2336448598130841
岭回归,0.9259259259259259,0.234375
岭回归,0.9259259259259259,0.23510971786833856
岭回归,0.9259259259259259,0.2358490566037736
岭回归,0.9259259259259259,0.23659305993690852
岭回归,0.9259259259259259,0.23734177215189872
岭回归,0.9259259259259259,0.23809523809523808
岭回归,0.9259259259259259,0.23885350318471338
岭回归,0.9259259259259259,0.23961661341853036
岭回归,0.9259259259259259,0.2403846153846154
岭回归,0.9259259259259259,0.24115755627009647
岭回归,0.9259259259259259,0.24193548387096775
岭回归,0.9259259259259259,0.24271844660194175
岭回归,0.9259259259259259,0.2435064935064935
岭回归,0.9259259259259259,0.24429967426710097
岭回归,0.9259259259259259,0.24509803921568626
岭回归,0.9259259259259259,0.2459016393442623
岭回归,0.9259259259259259,0.24671052631578946
岭回归,0.9259259259259259,0.24752475247524752
岭回归,0.9259259259259259,0.24834437086092714
岭回归,0.9259259259259259,0.24916943521594684
岭回归,0.9259259259259259,0.25
岭回归,0.9259259259259259,0.2508361204013378
岭回归,0.9259259259259259,0.2516778523489933
岭回归,0.9259259259259259,0.25252525252525254
岭回归,0.9259259259259259,0.2533783783783784
岭回归,0.9259259259259259,0.2542372881355932
岭回归,0.9259259259259259,0.25510204081632654
岭回归,0.9259259259259259,0.25597269624573377
岭回归,0.9259259259259259,0.2568493150684932
岭回归,0.9259259259259259,0.25773195876288657
岭回归,0.9259259259259259,0.25862068965517243
岭回归,0.9259259259259259,0.25951557093425603
岭回归,0.9259259259259259,0.2604166666666667
岭回归,0.9259259259259259,0.2613240418118467
岭回归,0.9259259259259259,0.26223776223776224
岭回归,0.9259259259259259,0.2631578947368421
岭回归,0.9259259259259259,0.2640845070422535
岭回归,0.9259259259259259,0.26501766784452296
岭回归,0.9259259259259259,0.26595744680851063
岭回归,0.9259259259259259,0.2669039145907473
岭回归,0.9259259259259259,0.26785714285714285
岭回归,0.9259259259259259,0.26881720430107525
岭回归,0.9259259259259259,0.2697841726618705
岭回归,0.9259259259259259,0.27075812274368233
岭回归,0.9259259259259259,0.2717391304347826
岭回归,0.9259259259259259,0.2727272727272727
岭回归,0.9259259259259259,0.2737226277372263
岭回归,0.9259259259259259,0.27472527472527475
岭回归,0.9259259259259259,0.2757352941176471
岭回归,0.9259259259259259,0.2767527675276753
岭回归,0.9259259259259259,0.2777777777777778
岭回归,0.9259259259259259,0.2788104089219331
岭回归,0.9259259259259259,0.2798507462686567
岭回归,0.9259259259259259,0.2808988764044944
岭回归,0.9259259259259259,0.2819548872180451
岭回归,0.9259259259259259,0.2830188679245283
岭回归,0.9259259259259259,0.2840909090909091
岭回归,0.9259259259259259,0.28517110266159695
岭回归,0.9259259259259259,0.2862595419847328
岭回归,0.9259259259259259,0.28735632183908044
岭回归,0.9259259259259259,0.28846153846153844
岭回归,0.9259259259259259,0.28957528957528955
岭回归,0.9259259259259259,0.29069767441860467
岭回归,0.9259259259259259,0.2918287937743191
岭回归,0.9259259259259259,0.29296875
岭回归,0.9259259259259259,0.29411764705882354
岭回归,0.9259259259259259,0.2952755905511811
岭回归,0.9259259259259259,0.2964426877470356
岭回归,0.9259259259259259,0.2976190476190476
岭回归,0.9259259259259259,0.29880478087649404
岭回归,0.9259259259259259,0.3
岭回归,0.9259259259259259,0.30120481927710846
岭回归,0.9259259259259259,0.3024193548387097
岭回归,0.9259259259259259,0.30364372469635625
岭回归,0.9259259259259259,0.3048780487804878
岭回归,0.9259259259259259,0.30612244897959184
岭回归,0.9259259259259259,0.3073770491803279
岭回归,0.9259259259259259,0.30864197530864196
岭回归,0.9259259259259259,0.30991735537190085
岭回归,0.9259259259259259,0.3112033195020747
岭回归,0.9259259259259259,0.3125
岭回归,0.9259259259259259,0.3138075313807531
岭回归,0.9259259259259259,0.31512605042016806
岭回归,0.9259259259259259,0.31645569620253167
岭回归,0.9135802469135802,0.3135593220338983
岭回归,0.9135802469135802,0.3148936170212766
岭回归,0.9135802469135802,0.3162393162393162
岭回归,0.9135802469135802,0.31759656652360513
岭回归,0.9135802469135802,0.31896551724137934
岭回归,0.9135802469135802,0.3203463203463203
岭回归,0.9135802469135802,0.3217391304347826
岭回归,0.9135802469135802,0.3231441048034934
岭回归,0.9012345679012346,0.3201754385964912
岭回归,0.9012345679012346,0.32158590308370044
岭回归,0.9012345679012346,0.3230088495575221
岭回归,0.9012345679012346,0.3244444444444444
岭回归,0.9012345679012346,0.32589285714285715
岭回归,0.9012345679012346,0.3273542600896861
岭回归,0.9012345679012346,0.32882882882882886
岭回归,0.9012345679012346,0.33031674208144796
岭回归,0.9012345679012346,0.33181818181818185
岭回归,0.9012345679012346,0.3333333333333333
岭回归,0.9012345679012346,0.3348623853211009
岭回归,0.9012345679012346,0.33640552995391704
岭回归,0.9012345679012346,0.33796296296296297
岭回归,0.9012345679012346,0.3395348837209302
岭回归,0.9012345679012346,0.3411214953271028
岭回归,0.9012345679012346,0.3427230046948357
岭回归,0.9012345679012346,0.3443396226415094
岭回归,0.9012345679012346,0.3459715639810427
岭回归,0.9012345679012346,0.3476190476190476
岭回归,0.9012345679012346,0.3492822966507177
岭回归,0.9012345679012346,0.35096153846153844
岭回归,0.9012345679012346,0.3526570048309179
岭回归,0.9012345679012346,0.35436893203883496
岭回归,0.8888888888888888,0.35121951219512193
岭回归,0.8888888888888888,0.35294117647058826
岭回归,0.8888888888888888,0.35467980295566504
岭回归,0.8888888888888888,0.3564356435643564
岭回归,0.8888888888888888,0.3582089552238806
岭回归,0.8888888888888888,0.36
岭回归,0.8888888888888888,0.36180904522613067
岭回归,0.8888888888888888,0.36363636363636365
岭回归,0.8765432098765432,0.3604060913705584
岭回归,0.8765432098765432,0.3622448979591837
岭回归,0.8765432098765432,0.3641025641025641
岭回归,0.8765432098765432,0.36597938144329895
岭回归,0.8641975308641975,0.3626943005181347
岭回归,0.8641975308641975,0.3645833333333333
岭回归,0.8641975308641975,0.36649214659685864
岭回归,0.8641975308641975,0.3684210526315789
岭回归,0.8641975308641975,0.37037037037037035
岭回归,0.8641975308641975,0.3723404255319149
岭回归,0.8641975308641975,0.37433155080213903
岭回归,0.8518518518518519,0.3709677419354839
岭回归,0.8518518518518519,0.372972972972973
岭回归,0.8518518518518519,0.375
岭回归,0.8518518518518519,0.3770491803278688
岭回归,0.8518518518518519,0.3791208791208791
岭回归,0.8518518518518519,0.3812154696132597
岭回归,0.8518518518518519,0.38333333333333336
岭回归,0.8518518518518519,0.3854748603351955
岭回归,0.8518518518518519,0.38764044943820225
岭回归,0.8518518518518519,0.3898305084745763
岭回归,0.8518518518518519,0.39204545454545453
岭回归,0.8518518518518519,0.3942857142857143
岭回归,0.8518518518518519,0.39655172413793105
岭回归,0.8518518518518519,0.3988439306358382
岭回归,0.8518518518518519,0.4011627906976744
岭回归,0.8518518518518519,0.40350877192982454
岭回归,0.8518518518518519,0.40588235294117647
岭回归,0.8518518518518519,0.40828402366863903
岭回归,0.8518518518518519,0.4107142857142857
岭回归,0.8518518518518519,0.41317365269461076
岭回归,0.8518518518518519,0.41566265060240964
岭回归,0.8518518518518519,0.41818181818181815
岭回归,0.8518518518518519,0.42073170731707316
岭回归,0.8518518518518519,0.4233128834355828
岭回归,0.8518518518518519,0.42592592592592593
岭回归,0.8518518518518519,0.42857142857142855
岭回归,0.8518518518518519,0.43125
岭回归,0.8518518518518519,0.4339622641509434
岭回归,0.8518518518518519,0.43670886075949367
岭回归,0.8518518518518519,0.4394904458598726
岭回归,0.8518518518518519,0.4423076923076923
岭回归,0.8518518518518519,0.44516129032258067
岭回归,0.8518518518518519,0.44805194805194803
岭回归,0.8518518518518519,0.45098039215686275
岭回归,0.8518518518518519,0.45394736842105265
岭回归,0.8518518518518519,0.45695364238410596
岭回归,0.8518518518518519,0.46
岭回归,0.8518518518518519,0.46308724832214765
岭回归,0.8518518518518519,0.46621621621621623
岭回归,0.8518518518518519,0.46938775510204084
岭回归,0.8518518518518519,0.4726027397260274
岭回归,0.8518518518518519,0.47586206896551725
岭回归,0.8518518518518519,0.4791666666666667
岭回归,0.8518518518518519,0.4825174825174825
岭回归,0.8518518518518519,0.4859154929577465
岭回归,0.8518518518518519,0.48936170212765956
岭回归,0.8395061728395061,0.4857142857142857
岭回归,0.8395061728395061,0.4892086330935252
岭回归,0.8395061728395061,0.4927536231884058
岭回归,0.8395061728395061,0.49635036496350365
岭回归,0.8395061728395061,0.5
岭回归,0.8395061728395061,0.5037037037037037
岭回归,0.8395061728395061,0.5074626865671642
岭回归,0.8395061728395061,0.5112781954887218
岭回归,0.8395061728395061,0.5151515151515151
岭回归,0.8395061728395061,0.5190839694656488
岭回归,0.8395061728395061,0.5230769230769231
岭回归,0.8395061728395061,0.5271317829457365
岭回归,0.8395061728395061,0.53125
岭回归,0.8271604938271605,0.5275590551181102
岭回归,0.8271604938271605,0.5317460317460317
岭回归,0.8271604938271605,0.536
岭回归,0.8271604938271605,0.5403225806451613
岭回归,0.8271604938271605,0.5447154471544715
岭回归,0.8148148148148148,0.5409836065573771
岭回归,0.8024691358024691,0.5371900826446281
岭回归,0.8024691358024691,0.5416666666666666
岭回归,0.8024691358024691,0.5462184873949579
岭回归,0.7901234567901234,0.5423728813559322
岭回归,0.7777777777777778,0.5384615384615384
岭回归,0.7654320987654321,0.5344827586206896
岭回归,0.7654320987654321,0.5391304347826087
岭回归,0.7654320987654321,0.543859649122807
岭回归,0.7654320987654321,0.5486725663716814
岭回归,0.7654320987654321,0.5535714285714286
岭回归,0.7530864197530864,0.5495495495495496
岭回归,0.7530864197530864,0.5545454545454546
岭回归,0.7530864197530864,0.5596330275229358
岭回归,0.7530864197530864,0.5648148148148148
岭回归,0.7530864197530864,0.5700934579439252
岭回归,0.7407407407407407,0.5660377358490566
岭回归,0.7407407407407407,0.5714285714285714
岭回归,0.7283950617283951,0.5673076923076923
岭回归,0.7160493827160493,0.5631067961165048
岭回归,0.7160493827160493,0.5686274509803921
岭回归,0.7160493827160493,0.5742574257425742
岭回归,0.7037037037037037,0.57
岭回归,0.7037037037037037,0.5757575757575758
岭回归,0.7037037037037037,0.5816326530612245
岭回归,0.691358024691358,0.5773195876288659
岭回归,0.6790123456790124,0.5729166666666666
岭回归,0.6790123456790124,0.5789473684210527
岭回归,0.6666666666666666,0.574468085106383
岭回归,0.6666666666666666,0.5806451612903226
岭回归,0.6666666666666666,0.5869565217391305
岭回归,0.654320987654321,0.5824175824175825
岭回归,0.6419753086419753,0.5777777777777777
岭回归,0.6419753086419753,0.5842696629213483
岭回归,0.6296296296296297,0.5795454545454546
岭回归,0.6296296296296297,0.5862068965517241
岭回归,0.6172839506172839,0.5813953488372093
岭回归,0.6172839506172839,0.5882352941176471
岭回归,0.6172839506172839,0.5952380952380952
岭回归,0.6172839506172839,0.6024096385542169
岭回归,0.6172839506172839,0.6097560975609756
岭回归,0.6049382716049383,0.6049382716049383
岭回归,0.5925925925925926,0.6
岭回归,0.5802469135802469,0.5949367088607594
岭回归,0.5802469135802469,0.6025641025641025
岭回归,0.5802469135802469,0.6103896103896104
岭回归,0.5679012345679012,0.6052631578947368
岭回归,0.5679012345679012,0.6133333333333333
岭回归,0.5679012345679012,0.6216216216216216
岭回归,0.5679012345679012,0.6301369863013698
岭回归,0.5679012345679012,0.6388888888888888
岭回归,0.5679012345679012,0.647887323943662
岭回归,0.5555555555555556,0.6428571428571429
岭回归,0.5432098765432098,0.6376811594202898
岭回归,0.5308641975308642,0.6323529411764706
岭回归,0.5185185185185185,0.6268656716417911
岭回归,0.5061728395061729,0.6212121212121212
岭回归,0.49382716049382713,0.6153846153846154
岭回归,0.48148148148148145,0.609375
岭回归,0.4691358024691358,0.6031746031746031
岭回归,0.4567901234567901,0.5967741935483871
岭回归,0.4444444444444444,0.5901639344262295
岭回归,0.43209876543209874,0.5833333333333334
岭回归,0.41975308641975306,0.576271186440678
岭回归,0.4074074074074074,0.5689655172413793
岭回归,0.3950617283950617,0.5614035087719298
岭回归,0.38271604938271603,0.5535714285714286
岭回归,0.38271604938271603,0.5636363636363636
岭回归,0.38271604938271603,0.5740740740740741
岭回归,0.38271604938271603,0.5849056603773585
岭回归,0.38271604938271603,0.5961538461538461
岭回归,0.37037037037037035,0.5882352941176471
岭回归,0.35802469135802467,0.58
岭回归,0.345679012345679,0.5714285714285714
岭回归,0.3333333333333333,0.5625
岭回归,0.3333333333333333,0.574468085106383
岭回归,0.3333333333333333,0.5869565217391305
岭回归,0.32098765432098764,0.5777777777777777
岭回归,0.32098765432098764,0.5909090909090909
岭回归,0.30864197530864196,0.5813953488372093
岭回归,0.30864197530864196,0.5952380952380952
岭回归,0.30864197530864196,0.6097560975609756
岭回归,0.30864197530864196,0.625
岭回归,0.2962962962962963,0.6153846153846154
岭回归,0.2839506172839506,0.6052631578947368
岭回归,0.2839506172839506,0.6216216216216216
岭回归,0.2716049382716049,0.6111111111111112
岭回归,0.25925925925925924,0.6
岭回归,0.24691358024691357,0.5882352941176471
岭回归,0.2345679012345679,0.5757575757575758
岭回归,0.2222222222222222,0.5625
岭回归,0.20987654320987653,0.5483870967741935
岭回归,0.19753086419753085,0.5333333333333333
岭回归,0.18518518518518517,0.5172413793103449
岭回归,0.1728395061728395,0.5
岭回归,0.16049382716049382,0.48148148148148145
岭回归,0.14814814814814814,0.46153846153846156
岭回归,0.13580246913580246,0.44
岭回归,0.12345679012345678,0.4166666666666667
岭回归,0.1111111111111111,0.391304347826087
岭回归,0.1111111111111111,0.4090909090909091
岭回归,0.1111111111111111,0.42857142857142855
岭回归,0.1111111111111111,0.45
岭回归,0.1111111111111111,0.47368421052631576
岭回归,0.09876543209876543,0.4444444444444444
岭回归,0.08641975308641975,0.4117647058823529
岭回归,0.08641975308641975,0.4375
岭回归,0.08641975308641975,0.4666666666666667
岭回归,0.08641975308641975,0.5
岭回归,0.08641975308641975,0.5384615384615384
岭回归,0.08641975308641975,0.5833333333333334
岭回归,0.07407407407407407,0.5454545454545454
岭回归,0.06172839506172839,0.5
岭回归,0.06172839506172839,0.5555555555555556
岭回归,0.06172839506172839,0.625
岭回归,0.04938271604938271,0.5714285714285714
岭回归,0.037037037037037035,0.5
岭回归,0.024691358024691357,0.4
岭回归,0.024691358024691357,0.5
岭回归,0.024691358024691357,0.6666666666666666
岭回归,0.024691358024691357,1.0
岭回归,0.012345679012345678,1.0
岭回归,0.0,1.0
