obs,pred
-0.828654246504261,-0.8208317898377049
-0.8585222346312877,-0.8539697157432473
-0.9218260147261327,-0.8973914407370817
-1.017935366784176,-0.9595533811400296
-1.0675057881101717,-1.0376210012394973
-1.1015922791163855,-1.0811404320002718
-1.1154459596286055,-1.0859068825918679
-1.1389551780885976,-1.1326387317580322
-1.1841610127611413,-1.1736619760598936
-1.236086463611795,-1.2196096859907721
-1.29789206882705,-1.2704311685221337
-1.4141051837865428,-1.372707262205868
-1.6479054678325833,-1.5166119485579623
-1.7671885383538106,-1.7025641870577994
-1.7941222074181662,-1.7604881546595943
-1.5819653534563793,-1.563860937846595
-1.4922750209763331,-1.4473974444393785
-1.5134465428909787,-1.4917804374707766
-1.4948311605486178,-1.481086107954685
-1.421887216621212,-1.4117444557481387
-1.1979091520500202,-1.2133749183572358
-1.045813208344857,-1.0553603558124147
-0.9722738290904902,-0.9900316444735645
-0.9585417168715226,-0.9783637594996437
-0.6940283432379888,-0.7397922167410338
-0.506109820698118,-0.4945050348920328
-0.405094909017601,-0.40140007580788345
-0.38784090754516165,-0.41891475460445293
-0.30134613536733945,-0.30913039418394045
-0.25816202652481857,-0.2503683295448253
-0.2361003047557617,-0.25330089750170987
-0.20724709727194687,-0.2197791381116733
-0.09177232567945663,-0.09357505940699809
-0.10716657860713333,-0.10360097848845459
-0.0015025274378276084,0.006328567429863788
0.12514740246295525,0.13040052690430912
0.1665420444302501,0.17932943507734903
0.25386893317393494,0.2514862717935597
0.4195981555002796,0.398439752039154
0.5453241971650937,0.5279146440752382
0.5551749685681917,0.5229005455737548
0.5523172232839852,0.5324685875917152
0.527163568091584,0.5365075279283784
0.5352011436520596,0.5184025780829307
0.5234700407912667,0.4304225120409659
0.26590377868930454,0.35907394420418526
0.15815349087859837,0.16456341361043303
0.1199994334080745,0.10050134535047366
0.09473039815219209,0.07727319420910979
0.007033645351875771,0.0120462612566432
-0.13750326948978592,-0.01800298950660791
-0.12812223963388208,-0.036225395143688596
-0.15719449857969645,-0.10175914909824545
-0.14376691552892157,-0.15851006874145512
-0.3995870283640566,-0.3695306331262957
-0.5668087864157629,-0.5570493099516407
-0.6434682206652165,-0.5910767975967739
-0.6480504786718699,-0.6712450323259385
-0.6220084489302418,-0.5556863560544871
-0.5844883065943451,-0.534338180213709
-0.5859470073943387,-0.5972853283232704
-0.5373092428181396,-0.5267111350810334
-0.5802995428337712,-0.5412446007955618
-0.5198443072978132,-0.5211527097977504
-0.341187501982285,-0.2692494941298806
-0.370681347066162,-0.3391972663766618
-0.34999927405874964,-0.32670288915122664
-0.28237803876789536,-0.2704708162166336
-0.3478124397288822,-0.36984327970860087
-0.3613294330539303,-0.3958293631043352
-0.28477607426348167,-0.2952478946256394
-0.1094929671642648,-0.10894343900468391
-0.023802312409569107,-0.035836619979305116
0.03336449856792681,0.022581975647684802
0.11516638885700935,0.10793441841758494
0.17302057192523243,0.16661400300617552
0.27438209867233865,0.2650628323951112
0.4694575983203408,0.469407914403616
0.5003346685768333,0.48962463846818033
0.5481766000926631,0.5571365632062883
0.5029873860852125,0.5380408436427364
0.40338080865350506,0.42975833839194144
0.40899936512871427,0.42209897200161145
0.4993518530341665,0.5339361923194372
0.6306257243082667,0.6619547282564964
0.750998398145384,0.7838281294324856
0.8740227210195533,0.9030720820312259
0.9180997750942017,0.908322015898477
0.8931137511811682,0.9369046330186241
0.8871078144902531,0.9113904281127386
1.0117123470981502,1.0196252083109092
1.131513151337028,1.1623406860755912
1.1939076029727251,1.2149383241102247
1.336008472286071,1.361304768400682
1.2380785638051497,1.2852078843051122
1.210288693050426,1.2076209575839447
1.2614936380692927,1.28382029620791
1.2721386991852872,1.3032256350183393
1.2450328875181815,1.2635061631739963
1.1754067845004703,1.1880773110961333
1.1636138290217237,1.1949804669044857
1.0279840969433454,1.0437102140973413
0.9566087876436205,0.963959217421532
0.9685390416879398,0.9890152262065114
0.9973747677936478,1.0274438066087828
0.9938215070348125,1.0165024227779857
0.9111542365898619,0.9317995957352739
0.7870135986166173,0.8123369626715229
0.9303663008090658,0.9448699680454627
0.9640027873078834,0.971464278744328
0.9141727274493261,0.9127117116281231
0.8540804160075799,0.8504162716687664
0.8932863686600638,0.9325658677555848
0.8415711692228383,0.8944342630228161
0.7537582595840957,0.8133540880157033
0.6088695704989708,0.6370756108357225
0.5277016027644554,0.578785335647179
0.46476338826238156,0.43701082496484006
0.3587075772579184,0.327588616964803
0.2695969201527537,0.2359358588134055
0.17430672944572811,0.1837348313995563
-0.011614477010990387,-0.01651262782359995
-0.14703045731935233,-0.1723302853252957
-0.35918049977642696,-0.371261497317189
-0.5527182020664478,-0.571193139788772
-0.630679568628356,-0.6647513384740587
-0.7741574600446663,-0.8143775700654212
-0.9410101206122692,-0.9725287782211148
-0.8783114514458499,-0.8797939554126375
-0.7125921421590429,-0.7144614921058727
-0.46554224973763975,-0.49776393180016515
-0.31350379572584347,-0.30073520720613106
-0.2998893043921688,-0.28333132295026275
-0.29748052482379017,-0.2050533623980899
-0.36961260862091566,-0.32214989538704075
-0.4119609948068439,-0.39590472001267707
-0.4250056347658975,-0.4008019099430859
-0.4658056279198475,-0.4432997040362976
-0.5105546614201624,-0.4709141970945298
-0.5667519199973372,-0.5629473903980051
-0.5881395105581932,-0.5974073121331502
-0.5437233355561271,-0.5239277672731186
-0.6028858395049499,-0.5879575142754236
-0.5627709739099453,-0.5149741556279397
-0.48165447087770036,-0.42656711657163643
-0.41266339598558255,-0.37608665447227474
-0.4318419517567682,-0.3736204148902884
-0.3842491521387805,-0.3767277075889643
-0.30888951325912667,-0.30563076474978973
-0.273370469320682,-0.2765675136108607
-0.2835220154024471,-0.2599663481194716
-0.1912435337299325,-0.15894901753858834
-0.1818773882732147,-0.20809957415254865
-0.1732768322023485,-0.1875525885686564
-0.14573533651161,-0.14256157599244118
-0.12228962531614113,-0.132308777412524
-0.06784132074302793,-0.042993278030026325
-0.03669520718031057,-0.02491708601615653
-0.1150688812455944,-0.04533313377784708
-0.27830832052105076,-0.1940943191106312
-0.5718348755399207,-0.49323699686446454
-0.7514340428864694,-0.7064696827339214
-0.7882311269312974,-0.7724064729771067
-0.8720158996656873,-0.8488604639341057
-0.9007984396430972,-0.8758443511508498
-0.8522626547191481,-0.7996225152694907
-0.7486132785820951,-0.684851361725862
-0.6922621601337726,-0.661362206783018
-0.7804413179997456,-0.7521289647659162
-0.784015948185129,-0.7865681106696949
-0.7616591947707898,-0.7760146412902673
-0.7520522722684151,-0.7323986325933982
-0.57733079525055,-0.5627319153469765
-0.5860718998206098,-0.5502330564779181
-0.6246418152356912,-0.6270302641690899
-0.5200847133464814,-0.5433306723433022
-0.3994074064620145,-0.405099924896888
-0.36143880296619474,-0.38726888954812666
-0.3711710037317088,-0.41116364807876077
-0.3793313644555598,-0.4264370598672828
-0.3778677368155565,-0.4092038342262098
-0.45695108731052714,-0.4641536822083873
-0.37450694929445144,-0.3744085905728112
-0.2928128187907026,-0.2984590664811473
-0.2140414767632166,-0.1942471550300901
-0.1563265437047267,-0.1541513290005449
-0.1605625428019002,-0.16310722598717417
0.017262745107902017,0.04509071168840893
0.3597050842813372,0.40347878153827715
0.4174596101384595,0.4489823932338195
0.4617249229250466,0.4888152714376639
0.5127465063922256,0.546334080648055
0.6492905531292796,0.6830918810101101
1.0329262517087832,1.0630377919389422
1.0955009188417042,1.105856661666042
1.2191279189040534,1.258824121817266
1.2905419306096382,1.3409824437532583
1.4942079990895711,1.535911028593741
1.5886184817370252,1.6108961089136178
1.6443139743069428,1.6610292584720516
1.778151642531174,1.7912603610901134
1.7983380338819432,1.7945777271236627
1.6197765302728688,1.6313585220239692
1.5595972571369747,1.5609696491975205
1.494212035536808,1.4898847266607793
1.3396473294701357,1.3381537252734466
1.2335226020650543,1.2522331970745912
1.2227248682682759,1.2520403973595113
1.2072116143465086,1.2228761163206234
1.3303405880512462,1.367421410593021
1.4297174441475595,1.4487001431884783
1.5777345579198359,1.5845617335449054
1.6207723455500191,1.6304104317994434
1.670861925222102,1.664713703766086
1.7471168243550925,1.7494960725631719
1.8576004398998796,1.8618206642050938
1.9442613000095967,1.9392983694127925
1.8526802481561724,1.8732720650161772
1.5815956571400027,1.632167948414004
1.5627316771354633,1.5506583072927886
1.5513576811360996,1.5390530466105579
1.5242313310757005,1.5104218140450134
1.4153067339166474,1.4057610110775263
1.048773224841813,1.0400168648755785
1.0685443370033274,1.0644111337517788
0.9509866102378018,0.9526557405297779
0.8705907911158979,0.8894546524014009
0.702471101632536,0.7190276584460056
0.6623599163276592,0.6763145080208017
0.6766235930320155,0.68074118473028
0.6064167758478545,0.6146794427013054
0.587260509575749,0.5749984358247493
0.6178237757393317,0.5989041165067304
0.6351323582887465,0.6185307476009709
0.659458126280956,0.6421747715267718
0.6614168123026614,0.6376699183318377
0.6229036445869693,0.6014697536019253
0.6300695256228293,0.6168321749879728
0.7515734731576058,0.7580167707785426
0.6969194433343266,0.7192367226690697
0.6054076640386297,0.6039772183692944
0.48162775385742385,0.4925808611930635
0.39107302807349925,0.395461655331818
0.29319778970883065,0.2907789487021188
0.14499764086221642,0.14968259083533805
-0.005681900800871696,0.013436872051810812
-0.09851605666183101,-0.07438868301929101
-0.16416517583998957,-0.13740041428464278
-0.23756925991252253,-0.20894369618096514
-0.2733919871460257,-0.2582867705522942
-0.29815716397163444,-0.2924134776320815
-0.3170621020437247,-0.32023403725770927
-0.32322317483542856,-0.32910407070127706
-0.30728615331330483,-0.31932930916122104
-0.3780718445188518,-0.3754562860688592
-0.41769093941793595,-0.42316700336973073
-0.4699607941931261,-0.45427726749343145
-0.5319057458773317,-0.5259101971020999
-0.5939480174916094,-0.5966453733576673
-0.647193089791138,-0.6567670084013992
-0.707551331874374,-0.7223146376433329
-0.7446770895714183,-0.7731652063386074
-0.7775656461410458,-0.7980855786245231
-0.8082068513520115,-0.8256341529378057
-0.8202297062447068,-0.8376652588035294
-0.8023361950030508,-0.8206076482970206
-0.7919045313549484,-0.8177363690426669
-0.8305821842955441,-0.8782371926885946
-0.9342787512495578,-0.9931554984778155
-0.9789942169423365,-1.0360039292449736
-0.9800187622262905,-1.0379223101538282
-0.9782818433645419,-1.0418317280218015
-0.9763537868542226,-1.02763150664239
-0.9707254954180301,-0.9976389228866833
-0.9470281072853768,-0.960874961453005
-0.9233669878183371,-0.9544782016943291
-0.894785261090963,-0.9154848748360005
-0.8737621973313099,-0.8960611345749323
-0.8219584928524635,-0.8317303160963692
-0.7963236100460984,-0.8241013714591114
-0.7407097368136919,-0.7460158841446687
-0.6828406174067043,-0.7003707296780031
-0.6528895853137302,-0.6840391454384724
-0.6413835737459126,-0.6677693544573773
-0.5902575175267197,-0.6116392908547932
-0.5526083869577969,-0.5714382945988954
-0.5157569295943072,-0.528954331273422
-0.4802763506236494,-0.49501617970316425
-0.4576158545547335,-0.4739290076638662
-0.43622781879749106,-0.448927431557067
-0.3930310663775958,-0.4013554077704457
-0.18530967433397919,-0.16219626514127597
-0.09162776299284547,-0.07310357913024315
-0.044701481724850695,-0.04372436469593014
0.00034783653521717626,0.008023072524627166
0.12207593323350681,0.13482646161981005
0.1644717773542277,0.17074637522446928
0.211004134019636,0.19859661460919192
0.23070925323680286,0.22253378551557262
0.22720089795347825,0.2122984979935214
0.23608413888984334,0.2198982080680707
0.24165485159339162,0.2299657455917179
0.23932368459504588,0.22650133119173313
0.23584238241213623,0.22401274275114846
0.2237572000253418,0.21359680937536635
0.21638887335269597,0.20777727641144647
0.19300444343981807,0.1833184688990943
0.1614159938774608,0.1544725774758963
0.10442376295293053,0.10515785469444265
0.10529843287339538,0.10827954207627959
0.088409447918184,0.10120011817866296
0.06753078360646707,0.08472218304703569
0.06921436052118249,0.08160497730882205
0.08462961187841889,0.09022693248599561
0.05417430954851364,0.04725875131082949
0.02822284759176339,0.0021516138946783303
-0.04231174914187117,-0.07116743488557034
-0.08438580531448561,-0.11799187748017091
-0.09907304928082426,-0.1263476126382034
-0.09851400875845343,-0.11847766093715581
-0.1350949944773118,-0.1570186014874208
-0.32102610098867346,-0.363603347796982
-0.3725999950928484,-0.3783345697463594
-0.392293286926016,-0.39278306231059923
-0.44568319644992743,-0.4571505649714036
-0.5931661339180148,-0.6560241240312552
-0.6556615560941526,-0.6712487126160662
-0.714713473260588,-0.7282925566416625
-0.7410955143224067,-0.7561506314827862
-0.762429028362192,-0.7702036412570872
-0.7836386590875153,-0.783038712437172
-0.8107099235150346,-0.8045688845607197
-0.8282359993390964,-0.8208945328484314
-0.838611093366364,-0.8301217325129466
-0.8616047744108786,-0.8577616611247232
-0.8778549767509711,-0.8690269104867634
-0.9012867310397256,-0.8974133443992935
-0.9231168468086859,-0.9237626190070716
-0.937909298101076,-0.9392552751760274
-0.9472256557619122,-0.9341910772411917
-0.987363790288047,-0.9834419069212538
-1.0066501726240242,-0.9998189605517178
-1.0306209706974592,-1.0247162419850575
-1.081483173858299,-1.0797618665498343
-1.1040617537921131,-1.0941867043460753
-1.092374695693817,-1.0831909471966166
-1.0628430979563712,-1.0872665717155212
-1.037190644732622,-1.0662979406340478
-1.0296353652574377,-1.059102973434275
-1.0479125170651538,-1.0690499666163584
-1.005587755967465,-1.0327801138120913
-0.9799268736921329,-1.0048907565048817
-1.0000605537907499,-1.023799137429027
-1.0336268179795491,-1.0487019986570767
-1.0261710250568508,-1.020270332791686
-1.0151018995429093,-1.017759425172262
-1.000611053962441,-1.0092930958119024
-0.9877991923539684,-1.0035157526255356
-1.0029624031969713,-1.0003831134125927
-0.9795149779954145,-0.9828676629422868
-0.9678519605019853,-0.9660771109081134
-0.9577600113764825,-0.9602619557086599
-0.9326822176483277,-0.9332624569386321
-0.9376293586132933,-0.9400815596692277
-0.9560043942665042,-0.9698704809180259
-0.9435380050538956,-0.9207441281476075
-0.8552578172879637,-0.8252855938469958
-0.8410093959797822,-0.8464893479800184
-0.8394218256657988,-0.8386010022482717
-0.8769442830229048,-0.8501321822518018
-0.9058816326237535,-0.8981251243819061
-0.9393519124716401,-0.920761520486437
-0.96995756133121,-0.9615034006720793
-0.9908817914930773,-1.0075262003934677
-1.0105358466847216,-1.019192957536543
-1.071465899006679,-1.0647652778743897
-1.1270089563338852,-1.1155092368749957
-1.1840124952466307,-1.1757830103638478
-1.2293355056080808,-1.2159396057001397
-1.2374043636346423,-1.2242339111767855
-1.2801320571418027,-1.2423383267865697
-1.2500132750504245,-1.1928844875542988
-1.2073292701486518,-1.1805239363626225
-1.1850267119744198,-1.1870524148921613
-1.2136664923105835,-1.2074838423340177
-1.2450983069443176,-1.247297933250355
-1.2936651962557983,-1.3078541393267538
-1.3315358565466051,-1.3468130970240504
-1.365843283679521,-1.3831157162823582
-1.4254056927023877,-1.4204269724737453
-1.4503355031516953,-1.4450189085455176
-1.439772951765985,-1.439228506265149
-1.483123564057028,-1.4534935482384237
-1.481808157133944,-1.4751989496596674
-1.4942154836259545,-1.5226001367529385
-1.5548708200977297,-1.5467280001115038
-1.6655772712738008,-1.5980471528433677
-1.7077690670507446,-1.7198573954920031
-1.7488058453227533,-1.7682348092214222
-1.6952921712034164,-1.7089518648101925
-1.688182800428873,-1.7050168036303612
-1.7255156634848812,-1.7388581398264515
-1.7595750865508004,-1.778000755873027
-1.752226853075062,-1.7714520951073036
-1.7525270935180652,-1.7466495514649942
-1.771269149072243,-1.7748753585213033
-1.8035038605490112,-1.8050277380999764
-1.8257781635925847,-1.8136867484563801
-1.8540324632176246,-1.8315280826815477
-1.8937420813819479,-1.8539441362545581
-1.906660730763644,-1.8928413600529377
-2.004146867486579,-1.9708001147960457
-2.1251500581259073,-2.081773683803971
-2.0284049656280523,-2.053913412660674
-1.9978944107166228,-1.9726619854435834
-1.9557657734670324,-1.9377566892434612
-1.9383534898393402,-1.958601971246136
-1.9392742746854985,-1.9375887018069844
-1.964616396348152,-1.956112076896151
-1.983798424651152,-1.9776073456230032
-2.030947927387299,-2.000749840979619
-2.0761005759315445,-2.0099310963770556
-2.056727053822865,-2.033485428070872
-2.0570974572163694,-2.0034566350090692
-2.0522033836606646,-2.0409694761242285
-1.9869691726747727,-1.9811167990574143
-1.8953621213523815,-1.889830882728429
-1.7831455640335643,-1.8064204311157432
-1.6863542898305577,-1.7216098071879993
-1.6854680522239855,-1.6349373126127171
-1.5309951159724342,-1.5293979887760227
-1.480203313200168,-1.5119777509728929
-1.4476742972322152,-1.4813610612429398
-1.3950713168409445,-1.3801153300759417
-1.3611156542128209,-1.3384897053834914
-1.3427054183653235,-1.3569471914074678
-1.3356054263946542,-1.362987615978451
-1.287982709579499,-1.2972298540421257
-1.2740374966902304,-1.272120184252703
-1.2969832746035659,-1.2947041065431544
-1.3279611076421853,-1.2971799920468465
-1.3356232342501109,-1.3219392032408772
-1.3308274600565293,-1.3742999967979341
-1.5219806608211108,-1.4465245033648808
-1.6146107140799837,-1.5703629420310217
-1.6593690967044135,-1.583621840170981
-1.692024192289001,-1.6647297360730884
-1.692440302511511,-1.6700904941607997
-1.658503397491135,-1.6534651990252665
-1.618486059584516,-1.6153736026077576
-1.5610647483827516,-1.554884354067877
-1.4976247381936612,-1.4641738689082227
-1.4673757213193748,-1.4150907892265645
-1.3491084108734095,-1.290753018293412
-1.2064562103551177,-1.2031034660487274
-1.1941227271037358,-1.2062130737686128
-1.220304667229737,-1.2464433936264963
-1.1461154793297477,-1.1658047940751965
-0.9851344842229148,-0.9665352476695014
-0.9070064361339301,-0.8730544537959342
-0.7526349452989651,-0.7659057747020805
-0.6547302646132744,-0.6052116047871403
-0.641961972891153,-0.6419556214227067
-0.6929640270768476,-0.6597695315504704
-0.37465092580582054,-0.3545086979365843
-0.23302987431788152,-0.20125418999527436
0.005542682653746096,0.017312742517082206
0.24929629140922827,0.28991639554330434
0.36241906081248815,0.38484464158816833
0.5122360738953124,0.5172564051462059
0.534015912152366,0.53571822441501
0.542333071043515,0.5561808156039161
0.5636020019275099,0.5568186929863825
0.5983800313206336,0.5793734103938843
0.6420319525260074,0.6266064319721243
0.6613269419921222,0.7094787895524204
0.7359187061444741,0.7463621823366962
0.7442040483338734,0.7487629186903602
0.7389846252589718,0.7530916521948254
0.9784808705919408,1.0274777602531875
1.0417712947951931,1.0597631647584895
0.9847585551571283,0.9757578714140249
0.9370704241529278,0.9207169956107036
0.8163594604216475,0.8627373487808467
0.7938932480557666,0.8497732300082175
0.7810199493459675,0.7883560141204773
0.7456368683839363,0.748612976547413
0.6181671111925409,0.6384925225349105
0.41919774587033104,0.4373627378684277
0.4860546680049749,0.5614770498953552
0.25812720693030905,0.2746473169996102
0.1376897273392081,0.17273270794177148
0.1060919138128564,0.08538873849672748
0.0853696173119307,0.01655884695631404
-0.24571705125839682,-0.16227881939119831
-0.2442847654439977,-0.18008300939785843
-0.3487693448418592,-0.2536184709240248
-0.5540217964454117,-0.5211032039595802
-0.6417900083669574,-0.6397272651098656
-0.7594436601138776,-0.7723072238626936
-0.7326934713202464,-0.7112374392349177
-0.677712667349333,-0.6688548619665122
-0.45336823583187447,-0.43284527601296946
-0.12029798734190074,-0.08641340773680921
-0.09039060675461541,-0.1142614879190577
-0.08444812538864506,-0.08332922073058865
-0.03562711426982452,-0.0129360721638452
0.15521339910278326,0.16611560565157535
0.38861533626213224,0.38288019769319853
0.2048940362141775,0.24173813299741168
0.2675506788417185,0.3031798940459233
0.44635638750862555,0.44020044931524516
0.5441343356229813,0.5441156967342697
0.6004844449594946,0.6082169125964751
0.541094534696487,0.556985315153941
0.5332978400608253,0.5353609988345445
0.5579388664541403,0.5646339671512377
0.6199969277002564,0.6522204795876048
0.7129434859101165,0.7355596404189446
0.6641097755643732,0.7119793686156795
0.6053443274327213,0.6198314927230617
0.6176530577650181,0.6102015387276294
0.6371730198050718,0.6216194607704535
0.6904465253138132,0.6865856635317191
0.7597797484687765,0.7972681334624416
0.9401922005740422,1.0125930049100125
1.0620641771215948,1.1247642115569325
1.1858272291996348,1.234559256690719
1.246740660856499,1.270381894884945
1.3018573981240669,1.3150682150542927
1.4002640822550878,1.444027124478513
1.483847744941851,1.5183339629435542
1.321083946065709,1.37397054623489
1.1858012297306677,1.2695013557921193
1.2787407835173814,1.3019957058014489
1.3663936598950845,1.3890904839891325
1.3587261909305217,1.3702136823286641
1.2527600721580432,1.297340732385013
1.0677929642220823,1.1100014993831555
1.156814433651167,1.1933315782082123
1.023101657853207,1.0328261715611156
0.839883815558778,0.8460021791771444
0.741000533856212,0.725258686429896
0.6825120572364332,0.6820316012962058
0.6931774193076483,0.7258173188555792
0.7717302441087985,0.8123342914932044
0.7995779903937572,0.8336113546311912
0.7665361081886457,0.825584226345917
0.7533780025105725,0.8241154344278312
0.6978176122040549,0.7787547307723306
0.7914408689212775,0.8138636894793618
0.8656576589972251,0.8800439131066431
0.8669605410619707,0.8430031582396464
0.8458043932625363,0.8342320177533826
0.7714397979862964,0.7772846329448446
0.45173085764503873,0.4580365005432936
0.23471186554833398,0.2533771395657333
0.07646193509395098,0.10036788289376397
0.08695984396435305,0.1127466797173439
0.16983002750229542,0.1984496107623952
0.10165249706678667,0.14828700404305972
0.0005970332705799781,0.04135715381301234
-0.017881193050207328,0.010841132260953944
-0.11385260471788752,-0.03354068285500507
-0.11303710881711797,-0.046015100442448865
-0.16404167836239592,-0.13064835812984224
-0.1853194834943601,-0.16776492994144673
-0.2094958584191657,-0.1961839670693426
-0.20735670462228417,-0.20343618652440937
-0.3275302421157546,-0.32329123052303305
-0.30958117036507304,-0.30456015647972046
-0.29156582371233264,-0.30432912923492617
-0.2250204945285461,-0.20909259953234402
-0.14796875322337683,-0.13102521687094912
0.008351101569575683,0.046366926489607815
0.10794539250851032,0.17891345841375525
0.20677853767802526,0.2604488170462262
0.295446239218579,0.34531725714468714
0.2992049135901096,0.34653531445793967
0.35251160106951906,0.4028275185844589
0.5799307962696856,0.6380135505826379
0.6663238262333306,0.655738421433117
0.7557960718435479,0.7516784801452834
0.8413195442252321,0.8362096988209087
0.8743263449550935,0.8513847815675495
0.9100545421558797,0.8814588065822127
0.9141905946643012,0.8874212327462947
0.9411396378438679,0.9256709035607426
0.9171639722899411,0.9265905012165374
0.8233369343467734,0.8458820948718466
0.8012607140153987,0.8004061743915398
0.7902580711618297,0.783976884385069
0.8368514345720575,0.8498146629519139
0.8955677923821665,0.9295766411385881
0.8916119553709689,0.9245107811372434
0.9004855503856283,0.9123935446106264
0.8825703135603147,0.8826725306506373
0.8735631596297286,0.8641907665837214
0.8725917411145543,0.8608111324155912
0.880609015719809,0.8645837265941372
0.8889748494158736,0.8707749837008405
0.9062306613536176,0.8807068995653038
0.8680027754823454,0.8546877232381787
0.7932993560762787,0.7890523012688424
0.6183149163928332,0.6350228993372047
0.46193971534161604,0.47652052027190067
0.3254187891368969,0.34346859398994645
0.193779040632555,0.2142994331522982
0.11029624460707557,0.1414278484775655
-0.018682179258749477,0.01180494162789033
-0.3415782953702868,-0.29882160473849084
-0.456511381679537,-0.39838633370987453
-0.48935411270112206,-0.4464425530863691
-0.5555399161231132,-0.5217613822972675
-0.5554464248819644,-0.528152324823161
-0.5248684969173889,-0.5025133462100408
-0.4067510989346117,-0.3681308169683463
-0.29961892178681476,-0.2761595059625839
-0.30831630807172794,-0.3280430193136363
-0.3142316918176446,-0.3484636136434231
-0.32278412215913854,-0.3570734743187655
-0.2860860794704101,-0.3159743388728986
-0.27889422864534213,-0.2677067699318895
-0.3805148745292259,-0.37033890200572567
-0.46642258107215206,-0.4742503504155861
-0.49089838024658605,-0.5020280227893219
-0.501784589405226,-0.5203214391050219
-0.5212340323376703,-0.5509418684846212
-0.5245264080140617,-0.5491328278082721
-0.4988046228730669,-0.5116035441065743
-0.47748170450727856,-0.4875830027568961
-0.46625972823399864,-0.48963227140335897
-0.43599590115992387,-0.4568748400094125
-0.40097331055185864,-0.4215398699368739
-0.3848777397566503,-0.388677787712359
-0.36143930752209935,-0.3791135150238036
-0.3481443187950808,-0.36959756098305463
-0.2925496780465677,-0.3006672999173221
-0.2813066885038486,-0.3005947329063352
-0.2783898508192843,-0.30287182338361
-0.26744742819691875,-0.28440970731721493
-0.288122852938294,-0.30055315156384327
-0.28567053316332314,-0.28061562499308423
-0.27117208956452665,-0.26901089854651716
-0.2793148798709934,-0.2853648613244053
-0.2817607888179998,-0.28311875651562546
-0.3769625041631637,-0.3510013517650689
-0.49608453231154237,-0.4926912454542285
-0.5035968354955573,-0.5045988835221176
-0.4951375699178622,-0.4994280758926133
-0.4658688161269604,-0.4801586406990792
-0.45443091960626547,-0.4468737406264991
-0.4911779338975004,-0.49055103802589906
-0.4694285470732782,-0.4803593352300785
-0.41301661479857027,-0.4133273321965343
-0.3938831129016906,-0.40601765272785983
-0.3779645225099648,-0.39627761650594473
-0.3727107005942722,-0.39213405501847215
-0.35635641133903406,-0.35983915299025976
-0.3664634081023978,-0.3577468783728685
-0.39059866172097757,-0.3910877544711015
-0.3889083697607669,-0.384749998073506
-0.3464152947492513,-0.3064660718897551
-0.3336998033185596,-0.3178762475154555
-0.34476610925538703,-0.3286013252619695
-0.38345714776733447,-0.37543197834616054
-0.39158880816414077,-0.38779166882482324
-0.4327362622578141,-0.4160785865051084
-0.438729614730873,-0.43500394425145594
-0.4289389448399421,-0.43176671356746277
-0.4187588171501686,-0.41533950114412854
-0.40378143127885857,-0.4037175604372864
-0.4232653027318529,-0.4128078176933381
-0.4399923104018042,-0.4420947354968059
-0.45398183517140134,-0.4629450927382861
-0.492053991346703,-0.4930507266963852
-0.4939192158070187,-0.4938599156483472
-0.49074137432097426,-0.47710865961521537
-0.5141291135269912,-0.5068213038831397
-0.5039014091833887,-0.47853687930261857
-0.5235371222839122,-0.5103592498862819
-0.4632570863658911,-0.4144893838043748
-0.4452533148191977,-0.4192838224087973
-0.43690241004195784,-0.40011354729039916
-0.42033119142749537,-0.3806289932029456
-0.32676800654268073,-0.27804022325714706
-0.31986339642613276,-0.31419764913396286
-0.19584288727782462,-0.1876316999665237
-0.18893238572909624,-0.21574681636128834
-0.20812728020766366,-0.2380551175689051
-0.21855372021816533,-0.25644110505322204
-0.242549716407072,-0.27962829812703505
-0.3256100804213544,-0.3476795634474146
-0.35462729825392736,-0.3572894539256988
-0.33108519462085817,-0.31839635561383356
-0.34416105768647953,-0.3524416807941828
-0.35606641041291826,-0.3675121720697733
-0.31921893013714725,-0.3094298926329666
-0.29386116724145084,-0.29347417286261307
-0.27228056920720095,-0.27547063875399247
-0.26185745332971794,-0.2660533105527156
-0.2734552347126568,-0.2901911759900957
-0.2697420297320596,-0.2889666781691196
-0.26676075729050036,-0.29525605655939047
-0.2799194268839964,-0.3240747168036189
-0.2869095443864966,-0.32193471713360305
-0.26606191768285314,-0.27333909781531873
-0.2828218698853997,-0.2870103368483827
-0.30598395388301847,-0.331040081387034
-0.3597435248064562,-0.3748918957699116
-0.400572871242151,-0.4293305099016804
-0.5346616895878429,-0.5347520347745276
-0.596767950762729,-0.6132678192363274
-0.6642946263411071,-0.6655973303272982
-0.7221681383524408,-0.6964944344211796
-0.8388856311379913,-0.7850255348704993
-0.8913949422095586,-0.8801328982615007
-1.0405425580057577,-0.9586163911454054
-1.0966014495460323,-1.0667032474242473
-1.1153023095945864,-1.1157478621381183
-1.1050072321978384,-1.1163872828680577
-1.0976105613552574,-1.1413132943082014
-1.1152853327723842,-1.168835572354926
-1.1630809045045079,-1.1872961450738482
-1.2430961103957794,-1.2215231994191351
-1.2681417906245935,-1.2837811241629957
-1.277032065663864,-1.3067707094007557
-1.3151203379483545,-1.3053769479136614
-1.363033916402639,-1.3605701402406576
-1.4118219792788944,-1.4092754559485565
-1.4586381189608881,-1.4561242433655546
-1.4914357961081675,-1.4961348142870998
-1.5432405096988229,-1.540898301830094
-1.538559299375347,-1.5447957290753929
-1.539635724878199,-1.5608279039051747
-1.5701372571428645,-1.5954937438089198
-1.6446060283735273,-1.6341689630092695
-1.6916542637716427,-1.695937290447102
-1.6758138201856134,-1.6932537653487822
-1.6415116166902985,-1.6475527535755001
-1.5888028576376139,-1.5980621114419515
-1.6012658633576857,-1.6308504097853567
-1.6084499084061117,-1.6227344203013527
-1.6288095108309586,-1.6480487617094932
-1.6874494729411575,-1.6598924102167738
-1.740326219430319,-1.709798806415723
-1.7659187195406967,-1.7790854917084256
-1.7838182260936901,-1.7841893418014119
-1.7823095445793804,-1.7870773010803769
-1.7850654882898918,-1.7985366560668976
-1.816573401825945,-1.8104859645165556
-1.8254493118618138,-1.8313555839216886
-1.0681759570705334,-1.0579250431553187
-1.1389339273810857,-1.1267658197473802
-1.0678264482274324,-1.006678902630828
-1.0180540858205553,-0.9522874793160201
-1.0503434080540581,-1.04528716429466
-0.9068458092777087,-0.8436697708660079
-0.9497956854614531,-0.9463179300097553
-1.1020969537400345,-1.078113927605852
-1.1839743864359529,-1.1469948312322098
-1.237975995794809,-1.1816067726934387
-1.2538671324093722,-1.2021714028941128
-1.306815941353616,-1.2528645501471483
-1.4432139043164052,-1.3580309774905752
-1.441390142479545,-1.3762741756538868
-1.363151566967691,-1.2924879782910603
-1.2036750982088942,-1.1425021467385046
-1.2545760037755935,-1.222343666679553
-1.2886827957370282,-1.275540954566939
-1.2189523386863395,-1.193776067517508
-1.020435589690326,-0.9600646446701976
-0.8205249011286642,-0.7612462899622623
-0.7274446059243227,-0.682839252137786
-0.7547838785764684,-0.7627645283590001
-0.7589360768738376,-0.7293371654427647
-0.5588573415161806,-0.5442185720163837
-0.5949947038758483,-0.5699525258586073
-0.5743130760648223,-0.5901626016571344
-0.6069707241086919,-0.6295846229558288
-0.6158880670882569,-0.6127170816265635
-0.5523312373673692,-0.5304901994470621
-0.5891788363621766,-0.5861675873639316
-0.24351270587066337,-0.20869500947950942
-0.36168826134138693,-0.2844549689498345
-0.43321992361202377,-0.33421020613571367
-0.1507591996538357,-0.15500945987525427
-0.1418991386093238,-0.006230286753473614
-0.04658770832469586,-0.03376460179749617
0.10639237685405306,0.07910554833622788
0.08566660040137344,0.10072664440176264
-0.007147475247573095,0.07277108639189198
-0.14638029251662066,-0.1226602809875971
-0.23710456392437446,-0.22418355500183043
-0.23726879687132577,-0.2487868732612155
-0.33065483811398283,-0.32019168424148087
-0.40233273255768,-0.3913070582110534
-0.6230663542634185,-0.6575963202300275
-0.6574307071742782,-0.6283286349104531
-0.5329411539531146,-0.48230917668357365
-0.5846866267446169,-0.5596173807870815
-0.6665387129262685,-0.6202112207980124
-0.5065420173500572,-0.45352788325604565
-0.5703679237668988,-0.5031268861900495
-0.6081563117654947,-0.6200000196322935
-0.6920266809251141,-0.6946625996898457
-0.9663113435668899,-0.8918415632244179
-1.0236622543800817,-0.9943955188127981
-1.0036994109748145,-0.947085448579948
-0.9686793134665133,-0.9738587282261552
-0.33086351650017876,-0.3216670947458449
-0.0877615365942949,-0.013965590662432727
-0.016239247562577275,0.005730017583182949
-0.23263835377578182,-0.08939885760446102
-0.20283763482274364,-0.16242129707473318
0.04720344307975631,0.10365836648551305
0.08088714265535406,0.16853082572767764
-0.028477557101466797,0.02741338410202986
-0.11741778931993904,-0.13703990909079716
-0.04825070232647906,-0.020314875791451564
0.02919163944825779,0.06113892100804173
0.023391038460670588,0.06842740912872243
0.11053417981579923,0.08068791727242991
0.25658234578966316,0.2310424233725221
0.292931918426859,0.282080731383951
0.31526406732090856,0.2894718224318226
0.3435719982706329,0.36497267760524976
0.5580259468673245,0.5807250859825819
0.7705145611762736,0.7485156269375819
0.7597578448065645,0.7827390603522593
0.7298759665522814,0.6919045731591067
0.632934572127773,0.6510376818281569
0.2525672976590714,0.3228855920183926
0.23664897438517735,0.3192868321888651
0.3213957274713495,0.3468657985754608
0.3693042900463472,0.3739529119943367
0.46072996836091,0.4912237838882107
0.5775888851985476,0.5686945143525219
0.5676514488988926,0.5590702588708358
0.6094454171849291,0.5271420205864812
-0.04932844115867094,0.04960420169323965
-0.29918070014377934,-0.18995239000990893
-0.17550238377795524,-0.10121880682410442
-0.10063037592028992,-0.021443055374225143
-0.023155076628063074,0.03638983432183226
-0.21661221877697587,-0.10889638174663903
-0.437046713030677,-0.32558230016684164
-0.5887277633834531,-0.566637949722413
-0.6010479501027606,-0.6144538817692757
-0.7129562534436185,-0.6415442006021339
-0.8236123677482647,-0.7806684868758575
-0.807268555447987,-0.7683485375946228
-0.84433631889576,-0.8252017188477938
-0.9150418153922327,-0.8826252263517314
-0.7351787949873307,-0.6949379684947277
-0.29316924301767266,-0.23522966386259386
-0.18081350246858038,-0.12232589398175507
-0.23358466321476196,-0.09880159820414275
-0.2952677800642329,-0.15868114287287782
0.6260096907357633,0.7721908739699506
0.5880385941401796,0.5680470800876269
0.481596204273506,0.4788824355006686
0.420353356970448,0.4162744973578023
0.35890696587951765,0.39611642049720935
0.31024717892207015,0.35589464840994517
0.3354540796022875,0.3592466804021172
0.2611927995674568,0.2867336272172502
0.1365993671894612,0.15979077478906561
0.06974557626940187,0.08384309826240535
-0.04590660608307767,-0.03917312203753083
-0.112611857228807,-0.12773157980479619
-0.23595687731993578,-0.21538715704057698
-0.4645122433780122,-0.4193792131545282
-0.7520965544689846,-0.7280652690465141
-0.9313871116804652,-0.902707797905187
-1.0322884982824443,-1.0019661130436754
-1.1154269645827848,-1.0880191316871302
-1.0868017866880957,-1.1051698772776783
-1.133344278991235,-1.1258947781774644
-1.027863483639475,-0.9850948320647641
-0.9863746826364521,-0.9687879413848004
-0.9732395490919183,-0.9425263407853884
-0.8540996537285646,-0.8541704102742467
-0.8697578042342331,-0.857952501975703
-1.1108444097785402,-0.9792071395340829
-1.4386233953367231,-1.1730770473676524
-1.6366453233891076,-1.5610704468964978
-1.8273399125161558,-1.721971425372811
-1.9914194744724905,-1.9152829382187697
-2.6679745692390604,-2.139568247656112
-2.326014119909214,-2.2686683140145867
-2.373587687043308,-2.339241082628387
-2.3408796427684955,-2.463284430351319
-2.330417646406598,-2.4292963574262636
-2.3537043853924153,-2.453506255638967
-2.150273143166441,-2.3597182168992497
-1.8492582958886639,-2.026102766074583
-1.524930235279957,-1.557816476828375
-1.3847758832870876,-1.396011809047142
-1.1185793111557667,-1.1607288429557594
-1.0174696320044598,-1.064353204099117
-0.9861767780028078,-1.0137175168596892
-0.9640389424915521,-0.9873687764875748
-0.8657560229559567,-0.8500686675673388
-0.8570894145812249,-0.8689190542422127
-0.9335558710370438,-0.8795511156237235
-0.981460842361191,-0.9480846473496352
-1.0220732000781436,-1.0119413613564172
-1.011640527318232,-1.042344119382815
-1.2495743707729299,-1.2177877049394576
-1.3552772894417553,-1.3511788708678663
-1.4810876513021578,-1.5094540216975398
-1.3208529240580058,-1.383132574385524
-1.3693963070002833,-1.332249595393318
-1.4053918001114776,-1.412837264478011
-1.592150853182549,-1.5950163745636383
-1.6452807086572714,-1.6486594524326288
-1.6691120118629608,-1.7082908372156318
-1.667942985511733,-1.7798005364645386
-1.8097982251388096,-1.753023339090131
-2.0866504243803625,-2.0066848430462976
-2.05739021836008,-2.1086694814957205
-1.7916978459762627,-1.9507044247890701
-1.6277551670688732,-1.6702453037842384
-1.5312732746746713,-1.5858124438302534
-1.7380382661612155,-1.6578930629251083
-2.0132618776617157,-1.8693963685916268
-2.1739856086167144,-2.0286820558589627
-2.101440204494435,-2.046208309761578
-2.2593892341311737,-2.0908552152108477
-2.3307792645914107,-2.2453666164301858
-2.331884538820102,-2.2855525353684634
-2.3016978494399147,-2.285882574289598
-2.1808501807382434,-2.1104341212524647
-2.04091795206244,-2.045164057117585
-1.9400671991294764,-1.9674521192511105
-1.89153461961951,-1.9216035397156088
-1.8099093461568612,-1.842348373095238
-1.665771970493463,-1.6625242925342683
-1.0883059568790225,-1.1305019078222396
-0.8860367365811295,-0.9049986597906818
-0.7385421052879588,-0.7662497037504716
-0.9322938283208126,-0.7527007750046375
-0.8171393310087149,-0.7981425637619852
-0.35668594570426415,-0.35618952205364374
0.04165632949465832,0.013555922203002583
0.24570331913272417,0.22620000743752278
0.540492154305898,0.4985155367823919
0.8182741016808561,0.7707985964708113
0.8703210614652439,0.9850900187066995
0.8747494596007497,0.8531916259417256
1.0954029756366912,1.0370263323491817
0.95247368488749,0.9535606170250616
0.8160262160865306,0.7818146545754912
0.725317511712422,0.670159104063085
0.6956276614994825,0.640307617882115
0.7133705776434913,0.637457529975755
0.6346123689094048,0.6017283236631596
0.8975168621619253,0.9287325487899307
0.9640514621127989,0.956964766674204
1.1630227269395907,1.104963300917287
1.2941153736046578,1.1993127619800423
1.4034354238738904,1.2903341722959742
1.5542442157866283,1.525006328945185
1.6783691234875524,1.6292471039619618
1.7194404489991475,1.6633810825827273
1.7988343981730457,1.736599030046097
1.8599701905850483,1.7774173652911676
1.8309697418163644,1.7745316616738938
1.363732097818495,1.4006287871348453
1.2651621750124524,1.2500252604360076
1.1830198801463714,1.1808983709662717
1.0883503525615372,1.0808829251732737
1.008500166130833,0.9996548856063503
0.6079268819906003,0.6229497075730845
0.2792767361434653,0.2992853160574975
0.13543850277198438,0.15838307865507656
-0.07964852992607978,-0.07550552493409027
-0.28237860268331816,-0.3016380951575554
-0.4300711089303741,-0.43843542895872484
-0.3326258115559535,-0.29757303663288875
-0.42734324227196674,-0.3928671450681149
-0.3743992414486963,-0.32611677326862165
-0.255609982759289,-0.2161452522872571
-0.1104732376675892,-0.08957114860600665
-0.028346741708271332,-0.01634318978889731
0.008938280358553293,0.0009111761880833292
-0.005073438378399418,-0.023083886015904182
-0.3408675541792425,-0.29985199693498665
-0.26779818358990165,-0.2613241970980608
-0.15428307745116693,-0.11616510314776256
-0.15516256291254502,-0.15859245975270236
-0.16036101723764612,-0.16893376337424046
-0.27316446211280465,-0.23847235562226055
-0.4133726828684312,-0.3854180004114538
-0.4147673050685389,-0.39771242509986693
-0.39538930131623595,-0.37184672280702125
-0.34052154754771474,-0.3039906909419676
-0.34307842911397674,-0.3283287463544424
-0.3164603746078358,-0.2918774315030694
-0.31322436079396554,-0.3218002678249034
-0.2711528274008741,-0.29321358457776037
-0.20560809193545213,-0.2375949922636577
-0.16520484296120244,-0.19289516780392205
-0.09450248509925409,-0.12009218047239727
-0.07161347714512728,-0.0931975699710105
-0.016988490821107396,-0.03727078303846708
0.031285965678996545,0.03351180663225438
0.06243843442013003,0.05130071898292038
0.029980733348327543,0.04125121191292336
-0.034701139175794274,-0.032616848413599527
-0.1077377210512751,-0.11269858890482197
-0.19208517749846457,-0.18932795755831236
-0.26876915690868963,-0.24082878009559586
-0.34195781044983264,-0.32246634097850996
-0.3385025819352878,-0.3042268231053262
-0.24971205071172003,-0.19868586688188133
-0.18525098261036918,-0.17272961164403727
-0.20384521812437506,-0.1793177910089956
-0.2448336777485773,-0.21955085624459533
-0.43152515000818975,-0.42058928661258416
-0.45386210702321267,-0.43479479098911455
-0.4342778289452005,-0.41143958079906556
-0.5332665628318305,-0.47603502400971837
-0.5188541905344091,-0.481373670676904
-0.5034770479878505,-0.4574481045563294
-0.5070043092777186,-0.46207636618957987
-0.4449668161046551,-0.3546006755100193
-0.42045222548508415,-0.37511075431347707
-0.3776536863929644,-0.3204639960311761
-0.3660089813108966,-0.3546821167689755
-0.3161341346958652,-0.2877049619302385
-0.16327548054148283,-0.10016613254846814
-0.14564962136734413,-0.12729567318297016
-0.17415241477540558,-0.16261440842728378
-0.11878438640752148,-0.10635025909304893
-0.11357745851119877,-0.11572302313604484
-0.15828996364800768,-0.15530704397981873
-0.14689108117064295,-0.15191386100166163
-0.19055514139748664,-0.18152710775637731
-0.1921131061517729,-0.18033350656461897
-0.06799552935134501,-0.04278250722081428
-0.04799305975771645,-0.026117977298742642
0.041632088551417555,0.08400541686489507
0.061210311958574494,0.08272817069206773
0.02607718279773034,0.014557333042234739
0.011248534256646755,0.04887797508788752
0.07178512479476118,0.08743245702823965
0.1386256191827459,0.15654590156710554
0.10141270687311961,0.12956596175832114
0.10341820529485735,0.11908830932350128
0.18059143327394148,0.20858720735738573
0.12982203871979142,0.14697444637684912
0.06195697307806329,0.0764884910584011
0.008828202769532853,0.01976207576629418
-0.037323791088210455,-0.024697986324548542
-0.07707709785792156,-0.06825012232486057
-0.21658234609944693,-0.17176252637369083
-0.2478521686080415,-0.2311446902195746
-0.32257838206909306,-0.29878756205480905
-0.29788841375303066,-0.2906353335849501
-0.2914208677689134,-0.25290381200477996
-0.4462156216483299,-0.3664584812623881
-0.42707983440999997,-0.39312461697826273
-0.41159631960684545,-0.40486061699930626
-0.4511252177180405,-0.4344380996443127
-0.47956433320296393,-0.4857418189014473
-0.45372326511016703,-0.4750795138454189
-0.44038375674450614,-0.4295502291582596
-0.4268313554668579,-0.41717715310824505
-0.35392465963711595,-0.3207143151193821
-0.4559827554902986,-0.43658635028735676
-0.46697768160650294,-0.4608424005254525
-0.5030557734872583,-0.4522974198034914
-0.5399238515158411,-0.5319652241145578
-0.5632885889085595,-0.5794413229197846
-0.6775429584868287,-0.6699044569671424
-0.8015040339175494,-0.7903702658882994
-0.9243151374023812,-0.8981174076445414
-0.9926801474561523,-0.9802485429212029
-1.0093445011546545,-0.9931553797587792
-1.102816628538566,-1.050453223162709
-1.1162977687146276,-1.1136641056115872
-1.0784633177299165,-1.0799560908933512
-1.006172922097779,-1.0036259238912957
-0.9471588169444305,-0.9491822642004809
-0.8724627581186193,-0.8593333230878317
-0.8444633482646859,-0.8334022956452183
-0.8252655303298477,-0.8124628100871762
-0.7774684746097693,-0.7644670780597169
-0.7154236505362095,-0.6816632807229299
-0.7142369350485611,-0.6674878122626036
-0.7144778753328931,-0.702931974168852
-0.7159566396500348,-0.6853617942227752
-0.7107316961399415,-0.6879731381469762
-0.6990835185260595,-0.6823102994711976
-0.6613400656827333,-0.6634797982349172
-0.6732919859511919,-0.681053124235458
-0.6276492058652539,-0.5970992362337457
-0.5104092899601158,-0.47238272189478375
-0.5222811342385365,-0.4538766501051692
-0.4222114635256722,-0.3893313656873867
-0.45431724612893215,-0.4502396330661684
-0.5436426066113891,-0.5102060429698343
-0.5657995558875017,-0.5492384877506498
-0.5368375127270861,-0.49960235543801823
-0.44945029987304097,-0.41444608103585545
-0.41286501058911385,-0.39188058987580215
-0.3030030079188093,-0.26889425709327436
-0.286417453980704,-0.291022387323306
-0.29517808783224825,-0.28835925221948444
-0.2930618319695084,-0.28527932425869396
-0.23738975672951687,-0.23989161202241704
-0.11163921442357004,-0.10253670684695199
-0.18943548732551307,-0.20091392639713151
-0.27169828201351914,-0.28390803034923473
-0.33872028296824847,-0.3337883083601804
0.04553047667891721,0.0769097061994752
0.07607567528915092,0.053479502678133325
-0.031075869756440215,-0.04415440214539514
-0.17137593267160084,-0.16769864019950842
-0.19870964036891636,-0.19737414024892544
-0.15766069339567873,-0.16323471539236606
-0.12455734440948185,-0.13127531336096182
-0.07670803747351691,-0.08476140266583092
-0.05556527895540415,-0.0617213247379113
-0.05651049766323749,-0.07307909332898994
-0.025209750700651075,-0.03495682288045661
-0.003161714314887498,0.0008063222366636467
-0.08936497073951453,-0.10765740762316445
-0.09694467665643391,-0.08345852060108537
-0.17914719175371838,-0.18991342048621734
0.01587980560296791,0.06450370787668476
0.05091054515988967,0.07493902213515576
0.1405279433419301,0.15179954417241662
0.1250895862922385,0.12159489853797704
0.08076612343764485,0.09108073753581683
0.061906220690011164,0.04043059996367981
-0.039512602832027524,-0.03290448237892751
-0.005416693139763604,0.01720934380135057
-0.002394520598932909,-0.008027062269376805
-0.04109948680158193,-0.05392021523808415
0.08013438976531102,0.09984641694640728
-0.0781670573309207,-0.06415053140048704
-0.058153576546667994,-0.04344100461591189
-0.073760332839494,-0.08980025408639952
-0.1438514880024624,-0.16331326287481063
-0.6274787846885312,-0.5394110446382003
-0.7336448856777908,-0.7112755480455955
-0.719704896426123,-0.7402953480172096
-0.6235846222167327,-0.6228472582817803
-0.6534212091586371,-0.6323903099425829
-0.7994115515418445,-0.7372637980637438
-0.9676820142014083,-0.8996244270923414
-0.7966591694024248,-0.7501077731715571
-0.8544318295923541,-0.8309700987469137
-0.8573765959302266,-0.812992831225092
-0.572336878985251,-0.5600516550221573
-0.6160149777381465,-0.5303782473957563
-0.604679862223197,-0.5250058548424799
-0.6536309263364013,-0.5919559120611633
-0.6538348262813829,-0.6192048988861425
-0.9023930737397453,-0.8138853609405923
-0.9442126853376396,-0.8704045261849098
-1.0404033005760844,-0.9699845105524681
-0.8147461926733792,-0.7692373870199953
-0.8878082620419827,-0.8152708120951397
-0.9465382725412753,-0.9231915210825685
-1.0087415271688833,-0.9823637006328564
-1.0913813735164306,-1.045129149257239
-1.1686512016914288,-1.1475119713546784
-1.140870709740579,-1.162396607978817
-1.2612531185386795,-1.1692046698390295
-1.2670375848672288,-1.2039019702874152
-1.0794796714003605,-0.9715367025936106
-0.9120716431805748,-0.8455135962200162
-0.7178004056445249,-0.6735691949011378
-0.5251848237898218,-0.48972801830619894
-0.48616493354710344,-0.4797135036721747
-0.49773926792035733,-0.5136850449714141
-0.615634008350405,-0.5656328150009069
-0.6696982420009514,-0.629157531222454
-0.6092346367729287,-0.6513944377695682
-0.6087846916250508,-0.6739568719144347
-0.802646704642701,-0.6606666913083894
-0.678337248199725,-0.6141107243946211
-0.688320094530795,-0.6263616385562012
-1.0099934194075042,-0.8816526800057114
-0.9986679794940196,-0.9001844247869432
-1.0869990977265582,-1.0727002208279155
-1.1951967782258601,-1.1973680306822028
-1.296113064066905,-1.2934262148355669
-1.2122859086365276,-1.203409405005477
-1.194506427029314,-1.1780694202854785
-1.1425351506306178,-1.2188815821406573
-1.4079505515025623,-1.484066786801062
-1.3663947336035032,-1.3553181287902698
-1.3245923362658836,-1.3230216834145845
-0.5999151330576284,-0.6052844389159591
-0.5334990740645795,-0.553095016287916
-0.4295358344750985,-0.4433740221530711
-0.3986227033113059,-0.38862759923972967
-0.41936282992750784,-0.39764229182912575
-0.42877585456371586,-0.457332501894655
-0.6976410228745318,-0.6941756735621356
-0.8004478500104002,-0.7772335296367745
-0.9591654073291419,-0.9866468460273519
-1.1704949083264005,-1.2455771008180359
-1.217262135765406,-1.2382466751977543
-1.2427944453243394,-1.2624842349459338
-1.2388977303932587,-1.272808517225631
-1.1352951889160574,-1.1394269675391693
-0.8917162552815194,-0.8939640815163268
-0.7453667878132644,-0.7563566090109044
-0.7425280375748786,-0.7052858758626643
-0.8281526585755581,-0.7978859525648512
-0.8383601806829761,-0.8054703182039484
-0.865187536850254,-0.848605514803481
-0.7537272791526919,-0.6836582947697674
-0.6162711734186532,-0.5731480268013132
-0.5070303681062038,-0.48993595469841744
-0.48589980425910917,-0.5128751437052339
-0.5924582716636027,-0.5661922784598448
-0.6756919506311194,-0.6380999239186951
-0.8034431312982522,-0.7525920877268322
-0.8621701738216354,-0.8405598663485316
-0.7658385797274898,-0.7091955311687104
-0.6985463148864428,-0.6758873621649999
-1.3411878329232858,-1.1657913788240855
-1.2504679689597575,-1.2182091575186045
-1.2278578097622663,-1.1923383799869536
-0.8027650081624531,-0.8803756786908965
-0.9246620937862001,-0.8984771856842891
-1.0128264117726256,-0.9816183231629482
-1.0240909488204473,-1.0269134939103675
-0.9957950975326749,-0.9705531153772073
-1.041920173703904,-1.0097318813703604
-1.066874084117597,-1.087867408758637
-1.1297688177725969,-1.1281890235554963
-0.15819969266072076,-0.15837480323938036
0.2104813250631802,0.21333809091533662
0.22895136562525373,0.2941130244400385
-0.024031052457928234,-0.004339867887656369
-0.1332742154562407,-0.11835665655932606
-0.2942284245804904,-0.2743884850576352
-0.39971168335225493,-0.3533234961166498
-0.44032576249523475,-0.35535273092572356
-0.17633062713525602,-0.13661096237247886
-0.28013546585044774,-0.1591298859905123
-0.34708599794527667,-0.3126611576853817
-0.4901401811207491,-0.46680764626664856
-0.5430800564575053,-0.5217930802799808
-0.22165044692260344,-0.1914026617583195
0.20751873602997128,0.2650975873930112
0.47442397176919976,0.48694078689251064
0.7895769800501211,0.776607281482782
0.6891364607473667,0.7365661997688873
0.5959589346522305,0.6325981223786739
0.5265816073752523,0.569082250725337
0.6795084656160346,0.733552695108951
0.7296603134226982,0.7904562725930651
0.41292187177044837,0.4972296315398485
0.5706201964821138,0.6107357743913366
0.9939158886687343,1.002184432114486
1.4309737289905262,1.429801734663389
1.5750570874923715,1.6631748676165363
1.737587247304919,1.678225354734497
1.8751899710488866,1.778277722147809
1.9538776606753634,1.7896492250474088
1.0573849850217376,1.2217316648099261
1.184226065555986,1.2894950661468447
1.147398589437845,1.1837307697362112
1.0851752119335702,1.0927130397104072
1.05771181852889,1.0711493888186003
1.1017492204453878,1.07379159969226
1.1710832746336057,1.162696724465693
1.2847686238705085,1.2887058219929945
1.038113205127235,1.0473723402125363
0.9612225061949146,1.0099716885867556
1.265275314254122,1.3051457967127396
1.4831045637741163,1.4724807533656337
1.5232831221321381,1.4388800606562842
1.7882745773251718,1.8346741319085103
1.6373873121293874,1.6098771434243737
1.686604188165045,1.72756403650148
1.7050422042670552,1.7286418866327684
1.7021281268000867,1.7093530111970272
1.7129602891174152,1.6857389638279119
1.9051482450030794,1.8846721792035444
1.6210233175929252,1.5741731055474906
1.4366043354479279,1.4092319995441505
1.3093517747335885,1.2868246001425268
1.153601659088668,1.1393253388069373
0.7603729874935643,0.7726013450382323
0.33515419531639323,0.38354998081669195
0.0534182325254519,0.11091341293763367
-0.10202433774575785,-0.06366796819736395
-0.18604442645013122,-0.14667473056672106
-0.13519660313257303,-0.08343234305356366
0.015670273923698092,0.09166130330347112
-0.39302590209951327,-0.3126887005018217
-0.12942854971080311,-0.049787360723705085
-0.03302084929439858,-0.06148315209111498
-0.011315183537800476,-0.057926322341248726
-0.006358121649611254,-0.03284747498164605
-0.016221638190509362,-0.006107230762296574
-0.12864441047551725,-0.10355651820933048
-0.11151355032356246,-0.10829636089689809
-0.029906459423329118,-0.013303919388096852
0.02555294179289834,-0.006058945504219126
0.16262243156502776,0.24548034994252418
0.4118555373856887,0.420388082288589
0.02129142552284307,0.052021966808684275
-0.06063246341599862,-0.027831478830565443
-0.19936318866418484,-0.17550072171144593
-0.3830232593691269,-0.38925853155856793
-0.33770256402888615,-0.32316164869482494
-0.2636887538253882,-0.26411403509345827
-0.3529005892293073,-0.36779398138237895
-0.2698323155592261,-0.27504307214447204
-0.14501903036573544,-0.15818218160285474
-0.06284568305170143,-0.07026146023920013
0.15032466790371643,0.13971771559839988
0.3165308291188358,0.3042428152583871
0.5311960382407646,0.5294045086222814
0.7852402923702184,0.7844078938466443
1.0629468531570756,1.0666708318902243
1.1040197220161436,1.0794790725680874
1.1556063487369705,1.174154654823777
1.1457749878963204,1.1849934654071423
1.1418419449401076,1.142500123277795
0.9832703526765945,1.0677934390982278
1.1261561922584808,1.1478669360363616
1.2607904652168178,1.2682608605809906
1.3193646569808626,1.314635009290544
1.3683945505342225,1.373520601087012
1.4631014746155164,1.46420473062059
1.5083284412765356,1.5130584451239633
1.5452316601398868,1.5686355748146104
1.163482525767488,1.2253975899342853
0.9129645831756114,0.965317244478676
0.7256601348514129,0.7543332158772811
0.6095150458997656,0.6466809899906243
0.5003626269099006,0.5332760551176496
0.47942216191980846,0.5255102274314465
0.47650443384247126,0.5233790426498819
0.5699725841386643,0.6118247841120448
0.5460524197342449,0.5675726788182549
0.6045110385163743,0.6574691669049739
0.5233666958700984,0.5214704560615286
0.4603401840847174,0.46332169396434936
0.3751409630711444,0.3830439706038839
0.23551476239136776,0.25180788166311147
0.20865331902076953,0.2352201165829537
0.1740747227688837,0.22386992375038406
0.026504539793952127,0.06442004805573619
-0.13948952800769035,-0.09108734651930668
-0.11681842884483794,-0.09318748627285804
-0.187800132599387,-0.16250690833984227
-0.28190749586720565,-0.2589741537729308
-0.31192005410078333,-0.295166097209574
-0.41082037198506977,-0.39001391110729083
-0.16221705581252194,-0.12803861691263238
-0.1692560261984923,-0.11862280979900915
-0.14599165091115315,-0.11653773252319835
-0.07885722302897255,-0.034104538918288935
-0.06843136177377329,-0.022790330938636822
-0.13409833332702728,-0.11669372933700095
-0.25900249794286645,-0.22572222791270505
-0.1820605865862277,-0.1601264581015196
-0.17718245106115763,-0.1750812428362789
-0.1469869022728807,-0.1529182092095518
-0.10982740610968528,-0.10069351218782452
-0.1321454051785864,-0.13775577004028533
-0.17891273649674863,-0.18130680974449587
-0.20750790815499287,-0.18248853903261622
-0.18352057845574188,-0.11752897711744811
-0.21908316260077876,-0.21786866685861758
-0.30920768027662343,-0.2863991415693425
-0.24761790626950583,-0.22939319859611035
-0.21717367077977306,-0.21375405797614205
-0.16304020909113803,-0.1408542626903897
-0.1100678492580524,-0.10278046670839792
-0.09741728230038064,-0.06722194127041735
-0.1361341718824997,-0.10221870306813022
-0.1582911359984919,-0.15330278468802322
-0.15315444525206717,-0.12138807295387609
-0.18590098417442588,-0.17232872713794317
-0.21079396204269701,-0.20944739137256382
-0.23384231320346435,-0.21539493313745975
-0.21972363696216593,-0.1951618258458751
-0.22578381341282688,-0.19861430898270369
-0.5938883018163106,-0.4693292385993468
-0.6469288212161575,-0.6299754460235898
-0.6567522872408882,-0.6542393020383275
-0.7163614715640885,-0.6938508582786016
-0.7744775859262634,-0.7464135335570214
-0.7472207636448831,-0.7526778622306163
-0.7134075045008965,-0.7145775399639336
-0.8010847776405756,-0.7756204940894877
-0.8024601376770308,-0.8006484851818814
-0.8197912174838395,-0.8153158659694457
-0.8011307219076544,-0.7795787648409311
-0.7395868328080974,-0.7232044961805146
-0.6884401788360928,-0.6627466488257563
-0.70588344813228,-0.7000769594224823
-0.8245755946499289,-0.7727020833776914
-0.8053478595179231,-0.8093382437687071
-0.8045492365601989,-0.8013920225067255
-0.8086355457923775,-0.7937764931205786
-0.8086711021437731,-0.7961444630202019
-0.8791626075771719,-0.8615607296483818
-0.8857977551608978,-0.8804442389344056
-0.9090299427494986,-0.8801860843897986
-0.9575670335828479,-0.9304115379990175
-0.960574602290965,-0.9699573238931374
-0.9920990771325935,-0.9728761501215609
-0.9394905763061313,-0.9327554079342557
-0.8905704385019038,-0.8887329052568236
-0.8781822851342691,-0.8698318255534156
-0.845774184504869,-0.8261894612304703
-0.8485709082043764,-0.8307901800472808
-0.811555262413574,-0.7911214012314718
-0.8291791627236125,-0.8280475328688441
-0.832694077233697,-0.837324357090566
-0.8304728440630387,-0.8108657422502825
-0.7904486204523098,-0.7937860500030072
-0.7700807076949163,-0.7673251795010325
-0.7581842885759651,-0.7184797753302059
-0.6900499496098791,-0.6484789356741631
-0.5861160633021429,-0.55309062368357
-0.47297023272606625,-0.44965227063368135
-0.4019716782882911,-0.37901257416312206
-0.2306355042725434,-0.19518951706111057
-0.2562942792849798,-0.2306607914272922
-0.11455725413837764,-0.08459772621436265
-0.04288225718116223,-0.008311910047319708
0.06425712101818497,0.09142563859631836
0.10201763972299079,0.10358496844127146
0.10576091771949087,0.0876858999110903
0.09013521461045274,0.062090914120888484
0.09981343531411306,0.0698685395113318
0.09890732710882696,0.08835802031561239
0.08227628893990886,0.07610634190023569
0.08637166533849086,0.07604484543939107
0.16314491404413345,0.16583146647788083
0.25745380287620606,0.2672283863377076
0.2787063802129397,0.2774904301625829
0.3590272282633699,0.36932491747891816
0.42995098970822604,0.432346057227903
0.5040946785375231,0.5152368162588379
0.5114690302012652,0.490496332992796
0.43068235833184126,0.39523546588775615
0.3994688086464906,0.3645281935330453
0.37044497222763945,0.3330806189472317
0.320244657374374,0.2893318823676904
0.2369079451231594,0.20452229723151452
0.22726613406396878,0.19824916850934815
0.18270224290088746,0.15251688910985953
0.06669058672619088,0.04427114224070352
-0.06671630205459796,-0.08124698529171118
-0.21819309630528336,-0.21773886243221627
-0.37335510752373957,-0.3678971185452335
-0.6080648387479644,-0.5294993703694397
-0.557113240152731,-0.5681176044323275
-0.6329138015334979,-0.5564777371509921
-0.6456580526507525,-0.5780845424125227
-0.7019061229754977,-0.6216657664317327
-0.7065662013104979,-0.6577812251291884
-0.6935314447112229,-0.6453052790341511
-0.6651404994753103,-0.6291832932533483
-0.5305717000655366,-0.4912014402667035
-0.49184118747399297,-0.4440695673074588
-0.45061169852618144,-0.42207606446468143
-0.44234621209561653,-0.44874184402344697
-0.5007629527376631,-0.49315525880791733
-0.594464207861787,-0.5781255598395918
-0.5766494073412505,-0.5495377784413622
-0.6305022617475233,-0.6089754731165125
-0.7076462477439593,-0.6918271142249603
-0.7664993105244593,-0.7377774359746392
-0.7671733378535033,-0.7389938312213824
-0.6620545762031826,-0.6303760040523338
-0.6828562289599882,-0.6877760645465865
-0.6527566793525035,-0.6500843732031216
-0.6118092371553703,-0.6080397890312883
-0.5714099207492007,-0.58290079563988
-0.5750152398054882,-0.5660198984190219
-0.5123177578294327,-0.4933535789581891
-0.38897856239102624,-0.3723690865670905
-0.3343459316740544,-0.33970787695212956
-0.28096510415642606,-0.2800480886396725
-0.2441826373929523,-0.2633003941776321
-0.2838720584812118,-0.3033269624893295
-0.3983654391594717,-0.3784047920563777
-0.5300550941787316,-0.5269852573360334
-0.6113551368412191,-0.5986399125283592
-0.726267506678621,-0.7422421027757589
-0.7685064932725256,-0.7787258279240634
-0.6705637631356753,-0.6438071635140796
-0.7716999166320948,-0.7583995261889209
-0.9778847875473711,-0.9341665024006611
-0.9867760123389326,-0.940770961113483
-1.0713099021928765,-1.0013111401199704
-0.5824905026501528,-0.620157915950678
-0.6306906688582574,-0.6516185199507343
-0.6781094263689129,-0.6871491093154669
-0.6969255626017914,-0.7286465174486276
-0.7290589473810096,-0.7536398425823985
-0.7638346023934057,-0.7912020708166916
-0.8028639011197571,-0.8320355427389006
-0.8419282813213587,-0.878160678269648
-0.8941498174487423,-0.9320493264653892
-0.9772451293793589,-0.9924271571896279
-0.9520819766640474,-0.8520654030402037
-1.03314707435354,-1.0013441440120838
-1.0309330830441008,-0.999805307862534
-0.9157473626254353,-0.8969399522417307
-0.738551543451351,-0.7052530500491054
-0.6267343569709143,-0.6107134010900703
-0.6514087434134519,-0.6449802263125444
-0.6899505224169113,-0.6890405410030633
-0.7285475651318054,-0.7337800473007088
-0.6755649212621935,-0.6314020926837609
-0.5286553967398187,-0.49324833453243877
-0.5156167224123431,-0.5018134974905843
-0.5266864415214665,-0.5293657520939947
-0.2918661235148543,-0.23543178302202974
-0.251846144109676,-0.2339265591996551
-0.16931412432692045,-0.14060575406748851
-0.2016143687117699,-0.21688979872391043
-0.1936751815526938,-0.20046470840335143
-0.19603337197169532,-0.20666650182453347
-0.19598790258076204,-0.21010773633266505
-0.20959010649417137,-0.2277235043887115
-0.1596937420537962,-0.16091959030381112
-0.18489365315074674,-0.19054816665409935
-0.13804151192097103,-0.13021633955645764
-0.004204854663533836,0.01516273520329664
0.23954871652850301,0.2697961603755574
0.4473414587129836,0.4830064677066568
0.527086578796492,0.5171752013253224
0.5806875114075678,0.5545340638502976
0.5994941501175359,0.5260689192166479
0.42629907343015966,0.47885317125820115
0.40787966653710206,0.35357473004029644
0.3183587758017283,0.2908651684022894
0.14387470717686285,0.16680497741607136
-0.07366066820845349,0.0021688142425662217
-0.20417904121479435,-0.15572178893341007
-0.231178154147954,-0.2246397180592387
-0.041638589945780735,-0.007935756200491442
-0.06203246507244235,-0.09085398941342339
-0.16174278810206588,-0.18786232653457025
-0.25005645463625664,-0.2525254544358388
-0.30181652986923363,-0.3663868936834513
-0.3390623421918166,-0.463188199645032
-0.6115487082300357,-0.5830566737346461
-0.7179336677628607,-0.7102340259394391
-0.8733448999184363,-0.8275571638890791
-0.9184594396520043,-0.9417741963304069
-1.002832762009245,-1.012931715557894
-0.9817786532215786,-0.984115043857525
-1.0285501545458937,-1.0599615495053707
-0.9038440578023742,-0.937640162045604
-0.9910288843791516,-0.9572374101783405
-0.9751042689963295,-1.0033177292728548
-0.7089878322145646,-0.7173794279415235
-0.7244419640562152,-0.5862081299148552
-1.0096144682433812,-0.8008773161245026
-1.0974480349944538,-0.8764579504903767
-0.9128848092202555,-0.8103053883985718
-0.7204819718787443,-0.6532877096022285
-0.45973855092519694,-0.4450399173513057
-0.4105892853807573,-0.4207196401145288
-0.358654515085748,-0.39775210693777674
-0.36003091391377157,-0.4199955430318918
-0.31911214236392405,-0.345996810146014
-0.2806631422873951,-0.27494156736836767
-0.36373052556470337,-0.36737039186057724
-0.07567030695658487,-0.04785600976012609
0.0684104471463997,0.3108731250413805
0.4195397160546219,0.4434472368816668
0.4103243882937446,0.42059029048730223
0.3220172216267956,0.4248024122182838
0.41834822212575923,0.4414211481270571
0.4658227182239949,0.4649598385878304
0.5211098469885262,0.5548808421555618
0.6747446268432389,0.6711735582289469
0.7824656504114775,0.7447632149952204
0.9754528228500481,0.9317863585627177
1.1297534977798127,1.066982113203611
1.564757142615132,1.5811324154600503
1.8171117874188343,1.7182786645091388
1.935110674123546,1.917733056454477
2.03839540474036,1.9510438372769874
2.20804348309807,2.127853285347175
2.0861869400252466,2.0775565409566106
2.0082652256214892,2.014675103833685
2.1373011837003197,2.0884452135352554
2.187361914646562,2.1667527648072458
1.9664662711359246,1.938673907281437
1.8841257154790902,1.8847695288133754
1.6758155957340681,1.6669534571064197
1.6464538849376813,1.6918704458997984
1.6554320120638726,1.7226826658826686
1.7673825200221633,1.8225620596599756
1.8464878632186232,1.921087700265449
1.8010042260009522,1.873341515652459
1.8757345352687584,1.829493945475132
2.1176622058262957,2.164077075165327
1.836944277322157,1.7857001550212848
1.4771803651397482,1.4645503217354903
1.4652831743470607,1.4888295518654393
1.474729529352732,1.5027799883923085
1.452981745235501,1.4942629660034148
1.5171002347174998,1.5360708244167076
1.422794818417241,1.427887034044662
1.2244366780538305,1.2237647283079232
1.1141696060313995,1.1197339672665014
0.8974381514408055,0.8950570630876624
0.7056997845459099,0.7024323992266763
0.1594194364831505,0.1804745247028669
-0.16033767410711805,-0.154204708047277
-0.4741132892880861,-0.46210827193060683
-0.6360619929402065,-0.6406976745132307
-0.746234089733534,-0.744508627258796
-0.8120339969277739,-0.8524806228699406
-0.72389585648887,-0.7113643498848072
-0.8519089313502557,-0.8760478949387223
-1.0967899753758028,-1.0589694145183481
-1.2143179036631973,-1.203196897930358
-1.1564620807882844,-1.1697664483191765
-1.0879476628272295,-1.1127409463847013
-1.1728214452823276,-1.141263076155813
-1.3116989740389366,-1.3018196507075894
-1.1694960063543047,-1.2728589728160924
-1.3374862920880126,-1.2784698719134548
-1.405679812493734,-1.4568490230826505
-1.4903431060973313,-1.5183668533537225
-2.0086249495388095,-1.7058934249949866
-2.10419139944349,-2.0891399625732383
-2.0730126937953166,-2.1302160368462886
-2.132049296206059,-2.176285433789456
-2.0410915192936265,-2.0834856123085608
-2.0706582578658406,-2.0596565647645626
-2.105967911103872,-2.058860909782748
-2.105311394832693,-2.17174490552409
-2.098794432049683,-2.1697630099307723
-2.1163095263628797,-2.158283116550958
-2.050456789197451,-2.13829178057696
-1.9847289444582934,-2.0879328274113327
-1.971428257217529,-2.048646561330738
-1.9537594217522205,-2.0349022210510235
-1.9667041893219204,-2.0310832670887713
-1.9865546057997359,-2.077871863954326
-2.1092649761822004,-2.0867912251575085
-2.289006784450958,-2.2032394038090324
-2.4553186204483346,-2.3448975698357195
-2.4469657864867544,-2.5327751936675575
-2.440966913578503,-2.5733034983067533
-2.4133455051364017,-2.5637634739813784
-2.6384275380268853,-2.5280789060264617
-2.7448976191087944,-2.7181438093845536
-2.6203148120845556,-2.77600509333514
-2.476433513382627,-2.5839670795924228
-2.7455265925635324,-2.4960527838966122
-2.7605350531426147,-2.8244870985356094
-2.778064393740177,-2.843783928146788
-2.7867643621641314,-2.8465614787219202
-2.859246370320985,-2.841493363058884
-2.7505149290341215,-2.7966270648303855
-2.7378556807469145,-2.700627527880993
-2.499924449111017,-2.5931635310265158
-2.5311591901443613,-2.4315270881198323
-2.242750998620675,-2.3160248627501794
-2.0277572345655663,-1.9756069298600107
-1.7727229823917448,-1.7895723003489261
-1.468996117446917,-1.5141507842147812
-1.0142700352549987,-1.066562327928065
-0.6585350316506793,-0.6275026472148435
-0.3418810585928133,-0.3354000083183079
-0.15724778858715124,-0.20716889110673192
0.07270521958652072,-0.013736027000758776
0.3160619186048963,0.22121993677984148
0.38626487742037496,0.2514531195026508
0.4719291505792051,0.4016949092976405
0.5009049354680817,0.438653629310499
0.49704253033851464,0.4471846011861673
0.5097724758118856,0.4628670000550163
0.7279775304415386,0.6605303372580165
0.9186577545651848,0.8696233496884422
0.936525028899801,0.9083949687463322
1.038265877808019,1.0514241022051285
1.024805276025251,1.0597800228616554
1.031468025784935,1.0726888185633319
1.148077662325935,1.095080890890994
1.3049677181581705,1.1966718570157828
1.6770824465712726,1.567984875776215
1.9486250556297937,1.7983354220631431
2.2978705799080252,2.1698311494205633
2.426020181661247,2.3989078404471407
2.4268782828561974,2.320835827743327
2.5159132862554294,2.497656672841007
2.553841169121771,2.429361172783035
2.3637078835987246,2.3386591166749646
2.1728074356625946,2.109297262523004
2.107605278816525,2.082016102839166
1.879467892805781,1.8249999550720268
1.5012698822495627,1.510058415074656
1.1428787182848088,1.1387354239151681
1.0048170267461989,1.0405614290954508
1.0968277227922802,1.1633706924352187
1.0894542021617926,1.1363613993446895
1.1682872038887984,1.244711633805739
1.3439254886651033,1.3268354085021448
1.5021768956875012,1.5160309323568304
1.7201165539113281,1.7089848634652147
2.023564547839701,1.9888467089980215
2.1448863803726717,2.0425474843186926
2.2262687546868882,2.1729741171896713
2.381199946418864,2.3323145339327773
2.4100978219401163,2.308634360060398
2.3433748742380267,2.266385816584066
2.3494100751714093,2.2735353143929053
2.409744751525924,2.3568983971100756
2.3447520150600276,2.270265554692944
2.2845892438701902,2.1933736092107416
2.0336513920466395,1.9763549732711458
1.8504301662596738,1.7754506657345066
1.623452783953393,1.57975361257154
1.7744220840033154,1.7735557911948552
1.9613036551199305,1.955643962498616
1.8054939425187475,1.7793498737653513
1.7505719044708419,1.679692959462219
1.6523863939045957,1.5809885279879585
1.6007442066747435,1.5485736010139666
1.475974654606279,1.4266426211053334
1.496211264109437,1.4469928447263063
1.5004312509765785,1.4532054119000397
1.5218745207654965,1.4404255450718713
1.395215792671127,1.3349142389277622
1.212663786092232,1.1678942438783826
1.091947658082869,1.0488417257258038
0.8690575347610581,0.8271765454213555
0.7430400081821735,0.7001303777517618
0.5764913870667383,0.5276177277652534
0.38828218096629263,0.3264040384198094
0.12173644130910036,0.04199044567269869
0.019722518212375532,-0.019623222395475183
-0.18120876266032598,-0.21288656313743837
-0.4512134259620703,-0.45489985979996406
-0.4562699665190595,-0.46546508236399314
-0.46352319508593554,-0.48391063712481336
-0.45182776729557456,-0.47905767003545585
-0.5326045261254608,-0.554887436299172
-0.5204775546378608,-0.5829553470370963
-0.5240758692710019,-0.5894505248769308
-0.5413396353841835,-0.6016893890563184
-0.5195340944557538,-0.5912885329981565
-0.5158949404740982,-0.567468745538996
-0.7721236248729328,-0.5973382176539774
-0.9083592989129914,-0.8218524767529767
-0.9873714476658935,-0.9914574601004811
-1.029063139502089,-1.0557829955819253
-1.0536175603583653,-1.0997153311512273
-1.0582388175684696,-1.1144949014281702
-1.0666464997248577,-1.1007449813537458
-1.0848462467208544,-1.1104654586144174
-1.0821388590962224,-1.109330385907594
-1.083871088556034,-1.1120498828739367
-1.0989063796373382,-1.140834381715447
-1.1043107076114007,-1.1486126155409515
-1.0919812608072557,-1.1400340966912135
-1.0891504053847891,-1.1328212029169473
-1.0671706442704727,-1.09607196264378
-1.0836791198742086,-1.120084549818021
-1.097154917693633,-1.1374247709906309
-1.0950379198369158,-1.1407243291687232
-1.0888395989475477,-1.1432674096470061
-1.1098405216069163,-1.1452856332654557
-1.127861596453162,-1.1618040812682475
-1.1401981663994898,-1.1752341722586657
-1.1581084763847935,-1.1807360872806323
-1.1999089742178308,-1.1988276812344876
-1.210018256322645,-1.2171783201257222
-1.2142609185257351,-1.2371074473246575
-1.2098767432312807,-1.23944265077024
-1.1958465275119645,-1.2284660073856382
-1.1985663806354163,-1.2239380633381283
-1.2368444846590771,-1.2415514570134472
-1.3117461054963793,-1.2780821355406398
-1.3719170682997268,-1.3514415960953734
-1.3138894589791728,-1.3078650614781007
-1.230815694553659,-1.2257757153022446
-1.1531394911171342,-1.1589536372047784
-1.1187239109420768,-1.1180873394690105
-1.1055527461700019,-1.1021241403993651
-1.0756381608211962,-1.089115976864239
-1.0591746797322483,-1.0630310301909598
-1.0330306109788518,-1.0411513492243112
-0.9682621347726761,-0.9754744349517602
-0.9572543276410246,-0.9632485111473382
-0.9526045778621895,-0.9527628303376833
-0.9335739756900916,-0.9518454289840614
-0.9424556435992247,-0.9330067954937891
-0.9204583714270423,-0.9369304596461278
-0.8957697387001391,-0.9168592257606464
-0.8765585648737082,-0.8960033777637337
-0.8618178157216614,-0.8839260901928585
-0.8421145514894379,-0.8692270114225809
-0.827774301006617,-0.8597605928997611
-0.8210613924540626,-0.8490622862959507
-0.8218559789645499,-0.8428347011641153
-0.8237862911365605,-0.8448110763222412
-0.8283250979758991,-0.8306518130103806
-0.8075979414144216,-0.8098474297157383
-0.7844996095393386,-0.7905268562972838
-0.7867321803779712,-0.7900210538427894
-0.788426597824696,-0.8005237114746466
-0.7876662617562042,-0.8069489638020537
-0.7916829422735463,-0.8215844685283502
-0.7748078029259526,-0.8283553119706577
-0.8481888703453075,-0.847641100711453
-0.9496559531556347,-0.915468788406571
-1.0374083754453418,-1.0035676328444334
-1.0894800881488147,-1.0813836873058131
-1.1146070909175487,-1.116487837891871
-1.1455121491868676,-1.1380438907653494
-1.1827906389242138,-1.1887751468290628
-1.2262266102024137,-1.2336989050711689
-1.2990684557585335,-1.266605210136735
-1.3239138569729756,-1.3117350646259958
-1.3526550233662076,-1.3320032533928305
-1.3778295137494931,-1.3433519622374457
-1.3946071254087011,-1.3552761022513915
-1.4112649495602023,-1.370225440750357
-1.3423290790200009,-1.2742625879832057
-1.3278292107927678,-1.3089727100875204
-1.328637212554366,-1.3282225269602927
-1.3437547759278807,-1.344641607129635
-1.3591838580528555,-1.3658012571406426
-1.3811109079150194,-1.400217430910882
-1.3532980056672381,-1.3606680834456706
-1.3622230653841678,-1.3827366463991988
-1.3809226195233217,-1.4021937467094896
-1.4185998865038665,-1.4232520106634292
-1.455325501688794,-1.448251865344201
-1.479744345405525,-1.4850700813775044
-1.4901037685199903,-1.4954457689999539
-1.415707772058628,-1.4002735850150894
-1.3132035003869726,-1.297146631997624
-1.1613432139690227,-1.1361326329986776
-1.0413846321307967,-1.0416373849592482
-0.9845080632274589,-1.007140482244271
-0.9502081747533533,-0.977227618321493
-0.9251211209403609,-0.9495643020595498
-0.9109204246848039,-0.9264372401776628
-0.8851745395794242,-0.9093576072899056
-0.8553570070428587,-0.8938143768114524
-0.8102576039864291,-0.853514309519696
-0.7848139775476712,-0.8238890424625469
-0.772402495889388,-0.8025177164096748
-0.7602100508532248,-0.7889115650883058
-0.7217827170008351,-0.7366008709646013
-0.6455880084192887,-0.6396806085285685
-0.6402341360356874,-0.6601212960552625
-0.7176268977728564,-0.6803306595395713
-0.7320253205835032,-0.7217005634276605
-0.7293572289599128,-0.7290861340403405
-0.723152675321135,-0.7346972705757759
-0.7194197926602579,-0.7423703786945668
-0.7157675202250824,-0.7590764621343562
-0.6350216580244139,-0.6023060750907911
-0.5559331135716017,-0.5580193631978967
-0.5303977766772408,-0.5618469242902864
-0.5154779398588156,-0.5486258975229321
-0.5117198294027079,-0.5441528610297477
-0.48327581675753367,-0.5082937167318351
-0.46504633064292394,-0.4977030289345026
-0.5528775823727872,-0.5536903328958405
-0.6160819946341827,-0.5926379529251629
-0.7937601098935583,-0.7724773482418252
-0.9207586712295639,-0.9117347185553302
-0.8925542929593215,-0.8761644770324468
-0.7888735156371462,-0.7588228189131316
-0.7178033142609161,-0.6966034778560941
-0.7354231187641995,-0.7436785437564313
-0.7354502460640122,-0.7314918565935324
-0.770931745107202,-0.786483642075311
-0.83112039704697,-0.8364755753399715
-0.8303753757341712,-0.8483377440169273
-0.8130121824280219,-0.8425545242382599
-0.7863887855652438,-0.8197012878137822
-0.7047169742403343,-0.7188282157019794
-0.7510121747906953,-0.7157270963931952
-0.7910635257012368,-0.8282771354852019
-0.7640430730212879,-0.7992203545337555
-0.7622171148822547,-0.7986253940829402
-0.7653128324748837,-0.805647921882372
-0.7102888147747282,-0.7322798541975006
-0.742727485555996,-0.8077230119192473
-0.7279578283185908,-0.7965605732427117
-0.8946223192135323,-0.8904905405904204
-1.0327344069830853,-1.0660564661140521
-1.1019011860490446,-1.1514778994839683
-1.0943956498501033,-1.1236894533576811
-1.1139086668265288,-1.1603077465337217
-1.1141633191595626,-1.1468605600020647
-1.1479266569487514,-1.1846219987794024
-1.0411943255154805,-1.076014500166519
-1.041241813130032,-1.0329191338036914
-1.0777052966826342,-1.1248532560713083
-1.0378454989372907,-1.0832135038135287
-1.1035323856088974,-1.0970199341492697
-1.148885550605588,-1.0941034823015736
-1.2402438855467648,-1.1909740608208816
-1.0235429417485202,-1.0317845359730136
-1.0562680815645715,-1.0431411989930663
-1.0216738292397631,-1.0523102263297555
-0.8288712649027625,-0.8587359288967706
-0.7572006420000437,-0.7436418002146719
-0.7592015919987001,-0.7474692425880252
-0.7413718922390979,-0.7326071625807986
-0.8367806832634666,-0.7406260992525626
-0.8299662699348078,-0.7762415133687883
-0.8356660895904187,-0.866012099917427
-0.8860988859966741,-0.8422517313359743
-0.9241092785932995,-0.904213570803105
-0.8705493040497745,-0.8367941578740956
-0.8640974586582184,-0.7880756049936404
-0.7921870233020132,-0.8266098453382897
-0.8477088299217075,-0.8710031669258529
-0.8664669125457964,-0.9299061510611504
-0.8073438233170516,-0.874979186173235
-0.6934345106180191,-0.7370590670855075
-0.6944456406508623,-0.6859423896701886
-0.6671523122657954,-0.6846593930440366
-0.6965085026269906,-0.6695243779721738
-0.6356794208454739,-0.6467341219964953
-0.5612869265956848,-0.4996225376742027
-0.4338176146006758,-0.3996687664206038
-0.44822728604001955,-0.532411192174717
-0.5576787582825242,-0.5936142389208288
-0.6577805721744883,-0.6992264562458603
-0.8052381631283085,-0.8481384741143645
-0.874584267298719,-0.9691600068448135
-1.1715684845723795,-1.2312163713014392
-1.2479660839870983,-1.2756600297604275
-1.3683715242782564,-1.3786902267632435
-1.6355645052819094,-1.5075356407886853
-1.839729549871745,-1.7742379560149824
-1.9128269975131895,-1.9229208461432743
-2.0435098260646747,-2.034959681064631
-2.156065444951391,-2.170871845730556
-2.2673654913093593,-2.274187087139719
-2.2845161181808713,-2.381155313298276
-2.2745154639943452,-2.3709865529562357
-2.1426183771387706,-2.2913567090570517
-2.0025408363624386,-2.0318143389147965
-1.840849189103839,-1.769234542226773
-1.6499664303041295,-1.6095105442771251
-1.4888270640027665,-1.5231724812273237
-0.9950559528121768,-1.072952261342149
-0.6865622217591254,-0.6657042368195578
-0.6635758419353481,-0.5818689491351885
-0.6272025254908764,-0.6011234554098979
-0.5079856408324306,-0.48659276727445566
-0.431152223835163,-0.42044688312844714
-0.34715360843649473,-0.2783772962811872
-0.34250902293574215,-0.14320300010611947
-0.4464041474781004,-0.24177523793337152
-0.38041485374107625,-0.42220119432902536
-0.3428137450223689,-0.41370284050860223
-0.31922964453018055,-0.39790872702652025
-0.3381975333713109,-0.38376911171518047
-0.3356166112001821,-0.37654277301004435
-0.07446139100913356,-0.10520324028318989
0.2132434421635831,0.17890888773085464
0.5047425283190454,0.43374533915018865
0.7250154311243546,0.6404733496569006
0.9385789869482009,0.8368240104746538
1.28509450762537,1.2570871435959992
1.3860122180948513,1.2655965679665646
1.446643217164169,1.3131944725031166
1.8081748557982669,1.719825810991235
2.016305116203174,1.9263653550276947
2.0711898764736567,1.9922538266230736
2.0517992588237384,2.0159040832982846
1.7932365581696847,1.7225139661319737
1.6944270603482285,1.657853168091794
1.661182049871872,1.628820665183287
2.0988680326151474,2.102665854588924
1.928373131370943,1.8968868246995105
1.6728860847923703,1.6369708457497685
1.5917082633778354,1.5787044924470557
1.4937801356824598,1.4805765606134533
1.4690780283449276,1.5204083406662112
1.406976931448124,1.4008631385126582
1.2207083067163358,1.2120959529412294
1.0817117027662382,1.075331148156028
0.9327453115790723,0.9467914356492634
0.8695496845263688,0.9156228804787003
1.119220032558015,1.1626183699016825
1.4485608857588053,1.4807462101164395
1.8159871619872126,1.792118224846991
1.9470984475409912,1.8373815195331422
1.7256115832291845,1.64304641115552
1.559584198042973,1.530510974504988
1.3756488772521853,1.3385692419007744
1.2447100904582662,1.232333749634751
1.2451695331290542,1.2678023676624937
1.0206176994550409,1.0334154928577026
1.0063753328177147,0.9975397872542151
1.0973390456819663,1.074242494592429
0.8519827099942743,0.8466938956426089
1.088555261618328,1.1517653130339518
1.069081778081017,1.0623601436792887
0.9236868710247703,0.9145520347705582
0.9549549721073375,0.928557735008862
0.7939862050612516,0.8289756136986488
0.5848522939227931,0.6210090074853907
0.15307782171687265,0.24325233494691267
-0.07199639797702928,-0.025423749183664718
-0.1635884684410176,-0.14743392396448765
-0.15310845646534973,-0.11839080312216474
-0.09138711950610438,-0.09668418483079821
-0.10424092603411793,-0.07689884122479791
0.07323700667010262,0.11051764818998344
0.18081922542499446,0.1686834538888229
0.26513643819766636,0.30290681058249164
0.3296947817094506,0.29144140092511583
0.3983085971837139,0.3573190690881842
0.1780467500886675,0.1412766597847363
-0.006704608722239328,-0.017419887974535943
-0.12496180532654688,-0.14621013845772987
0.1669110677149559,0.1976530802276872
0.3973987938484205,0.4030623151586583
0.5348449271834033,0.5686715422189825
0.7012618888874937,0.7201994153350701
0.822968193019779,0.8093089149296302
0.7785492874798761,0.7689489538840204
0.9630672219416957,0.9836073366613575
0.8968859298430869,0.8748037735598932
0.7764938454435215,0.7837036525228418
0.6576774594543016,0.6834941011053635
0.22084043654017518,0.31473570824950214
0.1704055477109036,0.21355058315057615
0.16152408756008424,0.1688536969869909
0.12976582525606578,0.15024577910404233
0.22066157147199014,0.25593749366380947
0.31087101777848475,0.33950453568547956
0.5544299472553929,0.6493226072691021
0.6763551692907617,0.7528183609730801
0.7040049515825577,0.6789560659397613
0.6443308873059761,0.6458581483494787
0.5765929512023609,0.57872366110778
0.4711046171917912,0.5041025733534423
0.2846885730965789,0.3266037831985178
0.3994659890693766,0.4316398570400002
0.2985576574037691,0.33663981565788575
0.4120825578630052,0.44341984246402233
0.44328043663555383,0.45920451778271215
0.5735590268681674,0.5928197065327685
0.5435562926348501,0.5524249014499814
0.40160679009288786,0.35171440274023147
0.38619150905589245,0.421540250536651
0.2416126914955973,0.22909229996131564
0.07063024084874195,0.0545336832015437
-0.01407998294643157,0.0032655490480712726
-0.0652103733379447,-0.033132252270161075
-0.1067699828262285,-0.11139608525700483
-0.37155316030981406,-0.422020860112765
-0.33329319061896023,-0.3242454644576915
-0.17289155924953836,-0.10790112296497173
-0.09674052443349997,-0.12474251642647458
-0.08650156404126072,-0.0893794989815914
0.14888797464509168,0.2451080470444384
0.3183247924775647,0.3223838556908942
0.5217702216283866,0.5121479843703189
0.5600963475022629,0.573347054028712
0.5717946245494969,0.5665826807738872
0.20773888564305729,0.24955628609889913
0.17276031011772972,0.20687315675001966
0.39269603601984193,0.4174252409774277
0.43344557358333063,0.40988414842709076
0.47004469363499596,0.4234392802425757
0.4795285044966453,0.44149312154286213
0.4807595912241404,0.41238226407034495
0.3737190058129103,0.3635199721165933
0.3517439341005308,0.3165835997305064
0.3321153738219491,0.3499799472984877
0.35551848714317713,0.35243220771394035
0.24516056537815678,0.2479643528603288
0.3046437591239994,0.3221040646019071
0.29020230066266506,0.2586444657718141
-0.039974345684145644,-0.025701829976533988
-0.07819526794194036,-0.0738498692527433
-0.01302911264365274,-0.0340280244993425
-0.02040719468211616,-0.00028441447502676844
-0.033289143186706366,-0.03506339547542642
-0.04467156452768309,-0.06191197267045709
-0.03246358955757347,-0.06717259125098234
0.011526471288182877,-0.04890344555828217
-0.07958943752572194,-0.09732696679345508
-0.04666099877981078,-0.073276879243598
0.03546420054503154,-0.044195196974271024
-0.14571083587047723,-0.17389112901621417
-0.24103161156925004,-0.28803606932270065
-0.39455405353578876,-0.4213468921432392
-0.503429322935226,-0.5333248538786928
-0.4992666773626555,-0.5133804119240646
-0.4822231944214758,-0.5468682028298171
-0.5966243600882282,-0.6243758252346832
-0.7819670356957753,-0.7681341903744399
-0.7022167513341844,-0.6648405558298978
-0.6810924795960178,-0.7449208791126234
-0.672676190309492,-0.7376820452289083
-0.610336230711493,-0.6694677489918208
-0.6543123142457008,-0.6769579704350692
-0.5869257864897686,-0.643482170151991
-0.6040793813371901,-0.6044056806086788
-0.6491839486717021,-0.644929117767383
-0.642877593459229,-0.6920487626658807
-0.6427731800667333,-0.5844314401759194
-0.6333100856769323,-0.651851862216738
-0.6307880184680885,-0.6515463387766156
-0.6269978538721583,-0.6580245991537661
-0.6557519012808373,-0.6474297561901603
-0.7180855687699081,-0.6992925827491236
-0.7474525625634139,-0.7562055390371116
-0.7396521876376243,-0.7720618316144974
-0.7278842818755538,-0.7602257811255451
-0.6923644365836135,-0.7041925328971284
-0.6519363901706401,-0.6760628289007686
-0.6379712324832598,-0.6432819504971372
-0.590124611565493,-0.5768416728206669
-0.5727782763625096,-0.5724573194476579
-0.5468347240615581,-0.5689643679593035
-0.5141971395348366,-0.5478299457435265
-0.4831734215886565,-0.5345253407745612
-0.545345809266806,-0.5287782115829531
-0.5240574678203631,-0.5465519946764206
-0.4525568802574986,-0.466830321602597
-0.4327892999873166,-0.4587545185124073
-0.48654964258449085,-0.4779013169413615
-0.4693151703935359,-0.49244288523012275
-0.4335956693621645,-0.4715201687359693
-0.4624290804466631,-0.4831110644147982
-0.44848226485040343,-0.4895867426529074
-0.5011468307417959,-0.5032646002722496
-0.5125033750428118,-0.51759404732276
-0.49350319462378617,-0.5171996626839077
-0.46863117066543597,-0.5050566047668783
-0.5428141258160155,-0.5144617049074081
-0.5315368264717828,-0.5514955147107765
-0.5088098477424945,-0.5312914935831048
-0.48877880025082754,-0.5190511454157625
-0.49724251779238693,-0.512469302679371
-0.474909003629419,-0.5036903267367061
-0.45406989501663575,-0.4828181251925321
-0.4136017512491252,-0.4395794946325539
-0.3931501712508434,-0.42430798234861394
-0.41590401016211254,-0.41975089277767297
-0.43543893080074997,-0.4427682879497043
-0.45643946762325016,-0.4627590896880387
-0.47744136971466866,-0.4386804650498119
-0.48448876915222194,-0.4783026169640829
-0.4750146932515557,-0.4832912205525039
-0.46350233021529186,-0.4816200126773913
-0.4484301471934328,-0.47111186429010155
-0.44137488261971947,-0.46587733421782057
-0.44215050376414505,-0.4679218244230691
-0.48793892242796155,-0.47795094149856804
-0.5004962504224368,-0.5142381569619057
-0.4960067416629547,-0.5176063941025435
-0.4862110262129777,-0.5075149792127045
-0.49291099439056674,-0.5056611221001222
-0.4914516999953913,-0.5097442259183185
-0.48808720250439935,-0.4997200060030702
-0.45804799184715445,-0.47051696319880437
-0.45973700757772407,-0.45623120475368156
-0.45424699413915465,-0.4693387064424981
-0.44894767315276973,-0.4690371304103353
-0.44068892402751936,-0.46339192151145897
-0.41422321572481224,-0.43740055511860576
-0.4098626358388382,-0.4319532508533738
-0.38046257879370077,-0.40022763628435976
-0.34109599928499557,-0.36097826214432005
-0.32452118941968267,-0.35437003410209317
-0.31067872785640044,-0.34593899397529726
-0.31960898153117173,-0.34405738628796123
-0.31255071930178974,-0.3481568733331779
-0.315298233960718,-0.3525336583676177
-0.3052367362680466,-0.34085885800982774
-0.2922508919117599,-0.3319272687458972
-0.3250049101334105,-0.33471378260827594
-0.3343483357345411,-0.3653180068394095
-0.3198227054764137,-0.34195080602668626
-0.31350296469258887,-0.34033830471506316
-0.2893085593141331,-0.3046449515514544
-0.27042555458401396,-0.28345185245194693
-0.23705498388680654,-0.24875950852333004
-0.15827421853580792,-0.16206987388717056
-0.15567413808018335,-0.181659063965313
-0.15168980850025462,-0.18333261654139418
-0.15005849022136544,-0.1790003659854762
-0.15077398017386495,-0.1816215042301785
-0.14680604866083624,-0.18449711672936003
-0.09036900730993408,-0.10829840138033581
-0.10474172744920476,-0.13646018919627712
-0.11947507892129726,-0.1516996918600332
-0.13656939586986658,-0.17174762713462516
-0.1453815389433199,-0.18565600744285704
-0.15622226387114702,-0.1929518561437932
-0.17644548780295308,-0.20422853221308493
-0.14214010857341486,-0.17372587211757404
-0.15732372425079538,-0.17583485643933564
-0.10652540677140741,-0.100656048911907
-0.13290959961576054,-0.16694296385319451
-0.13021439553223693,-0.16199821210883614
-0.1399157441881719,-0.17815578392079362
-0.1719448046141718,-0.21248741489725131
-0.16570012394109773,-0.20224047806975523
-0.12460800775825676,-0.14266253169300233
-0.14883114314351628,-0.17799273816420608
-0.17903052062071656,-0.21693603978858014
-0.20908945347787997,-0.25246300822270323
-0.2600330978976759,-0.29224655866693205
-0.2624790068446823,-0.29737287633755316
-0.26456406928061343,-0.2805489642541572
-0.261763576251701,-0.2835265564055886
-0.3058303908094617,-0.32583181790155197
-0.38251374694474566,-0.36715545104521236
-0.39042800310618214,-0.4192551517615117
-0.40242165311592815,-0.4321273523202242
-0.3911629333008888,-0.40747626448857605
-0.3481798157869582,-0.3607908938251542
-0.33656146633096656,-0.3605259129359555
-0.41037128755020563,-0.3996771361126685
-0.41093552945035783,-0.4351206450642169
-0.36037481328240356,-0.36693956047755644
-0.36095751599271275,-0.3866420827158025
-0.37587061550582335,-0.4063061696660208
-0.39727120580116293,-0.4277481038657795
-0.4257129627846458,-0.4536025872096873
-0.4952049429710074,-0.502898292685501
-0.5244596285560983,-0.5447070414915667
-0.6241440263161524,-0.5838074529207093
-0.6403453164132566,-0.6594620492462477
-0.6248364550958352,-0.6118864638885351
-0.6626067978009014,-0.676681592518378
-0.6638261016640359,-0.691492801418516
-0.698516338329757,-0.7138282447658251
-0.7820290663922835,-0.7595832143411416
-0.7681397701691497,-0.767770316527937
-0.49725139204035623,-0.5098016859319261
-0.5466490474886607,-0.5572093432126801
-0.5721484718745169,-0.574125856144452
-0.6446685294825303,-0.6499718869161522
-0.6928701203190715,-0.7108897705368806
-0.7340560690602909,-0.748093467281308
-0.778475983712003,-0.7959168786274626
-0.8369193470979577,-0.8559838435549418
-0.9018557513810921,-0.9157359655979429
-0.9454589977815505,-0.945213842971427
-0.9845246838925521,-0.9763038654994249
-0.9144644253588013,-0.8678534321716713
-0.9498197854258381,-0.9008674747627519
-1.0093525740491283,-0.9876293647724276
-1.0328224965080788,-1.0166283889126755
-0.8848594592568733,-0.8478224440395226
-0.9229216133533601,-0.9128199886263925
-0.9694216042414755,-0.9648648708276435
-1.002393739012714,-1.002520174786458
-1.1093995991058032,-1.01981409553488
-0.7878922434419524,-0.7376054714504436
-0.4374982015260278,-0.3895081976920738
-0.44182135523578325,-0.4626932006228481
-0.31014520450691146,-0.3037818641569763
0.019121825858084997,0.03747958232654786
0.16282225054313376,0.1596404764890093
0.17252874863727172,0.15082067603770954
0.21179913604675057,0.1928137213078746
0.2777070924039753,0.2695268462415308
0.28039975886809615,0.2538871862257783
0.27471937945469244,0.23629974749978785
0.3624188233744154,0.33023162919195825
0.32795780348818376,0.3142216548219794
0.31978797492118155,0.28271377096568506
0.4408515045107497,0.4203809294666472
0.5550163599355888,0.5526315912923179
0.7198732347826178,0.7182714181842689
1.0757372859794816,1.0720340830776995
1.2228495232564744,1.16592267684123
1.254581815771285,1.1800808716817632
1.2335757881933522,1.1323587870331586
1.0554391800154792,1.049558907424572
0.9707616401275166,0.9506651190872863
0.9703725384857831,0.9360363219865453
1.0616088896170799,1.0505503300973762
0.9913309597301276,1.145781161286212
1.0107392071569483,1.0060685628277104
1.1284025938648516,1.1220157471457133
1.1181621272248383,1.082257098019365
1.107614059561566,1.0207636051507512
0.9200908714128387,1.0268154267492269
0.6063369372958893,0.7397046562146128
0.6353204686018896,0.591866392670642
0.7194486361490069,0.7271179452586336
0.35900493876428974,0.39946652330504023
0.1816885010492439,0.19200985987267027
0.1243300144775434,0.12092792757165785
0.028839767354338963,0.04440734265518984
-0.04514388079397873,0.00513314649787586
-0.03080438529002981,-0.005930231808964485
0.01782943558817942,0.032177208034946045
0.09386304429234395,0.13832978618396807
0.14453604640889384,0.1486739539022587
0.20723713447567932,0.1930292111987828
0.3919836327622883,0.4355257982185294
0.43702625843956944,0.4610573954632444
0.372595864369243,0.3870445646917966
0.0930343779984761,0.09385161016515273
0.07644869792139469,0.10862077768653289
0.11445959507392463,0.12841987786087355
0.17228018065485232,0.1776361751412289
0.3322128718305757,0.3500816004733875
0.4613013334032449,0.46365211872235235
0.46888184067365984,0.44881698793638386
0.3592169709632633,0.3341660967766076
0.22132991512716743,0.20308455034144196
0.2950333047302924,0.29095836284584714
0.19643784249154866,0.2041208784897568
0.2602052352633348,0.2495549801894989
0.3367734042535717,0.34493925573285517
0.1539788546833535,0.14788831583913864
0.06809239884793936,0.0548232611910923
0.005545191057135898,-0.00808928588431915
-0.27290461582192926,-0.31934595950607325
-0.2990280571427546,-0.3117443796067009
-0.28929057338012165,-0.2890920157917771
-0.1645274321396217,-0.1489036656348645
-0.04286183008696513,-0.04009322424923015
0.03571562520426381,0.05170850403300399
0.2415752949991378,0.28447467107278235
0.3067294745146307,0.33256879150164104
0.30606630997741546,0.35149940256534834
0.4552064464743226,0.4933606375037624
0.7513355602087015,0.7658345974026799
0.6874438240861875,0.7325837696935407
0.7758215989000232,0.8142601517013508
0.773701811145951,0.8059749282309878
0.9612309352464974,0.9895148552711139
0.9384695873561772,0.9725853426048585
0.8456334972096682,0.8525520864927498
0.8184366874011777,0.8298436279331367
0.6609636617408012,0.6927300859785708
0.525294158785236,0.5655123099418906
0.6705029143924397,0.7391900091919081
0.7879749853732176,0.8399662659295435
0.8385409845382907,0.8459730930132314
0.7421682542980397,0.7901509272314973
0.9520746702062188,0.9879287095855671
0.9776858685648262,1.0168119233058268
1.0536166053689828,1.117190411912073
1.438314839324082,1.4578237011342343
1.9368252144469367,1.9343664244844836
2.049635248228615,2.062238461130651
2.1188797882634027,2.119553637513892
2.105887651798188,2.094642584672332
2.1308402563024798,2.1188220908117223
1.966270266006862,1.9649409689565223
1.8097091806244336,1.7897851583440632
1.6568501109534242,1.6548147917937361
1.3692611994997923,1.3744717780064837
1.218934763031864,1.2299672043635643
1.0150899036831438,1.0312093370046644
0.8026429597559639,0.8284583548571438
0.46663831800392125,0.4618345896349021
0.22995454148265956,0.24047810850479906
-0.04559383707176631,-0.03745335065659925
-0.21436080129131804,-0.20184416424656182
-0.5193285918037811,-0.4674793288947241
-0.6482490362602145,-0.6255111947390974
-0.31752323646078134,-0.3036848113447361
-0.31634183365001095,-0.30344455369486334
-0.3254973863760713,-0.38013055132870677
-0.09650472616743122,-0.15237680588402308
-0.23095822713306122,-0.20040399845612294
-0.3933735707975503,-0.40452369237406155
-0.4354779893637188,-0.38247011769887623
-0.4174706859256931,-0.3947670058072943
-0.5625563892516896,-0.4680852114968863
-0.5412643081556008,-0.47679022547988675
-0.6989720413508993,-0.6229251973291634
-0.9289105138625546,-0.7828047765759865
-1.239518987110632,-1.0251444615492782
-1.238112403967609,-1.105201693979428
-1.1864109759386035,-1.098445393619077
-1.140385979915042,-1.127625701727876
-1.1859734962895454,-1.15761674213611
-0.9554709302765334,-0.961458287438255
-0.8520568552695844,-0.8745947739334385
-0.8047816290739116,-0.8577601771367684
-0.7887286190532452,-0.8347533182792157
-0.799694280926982,-0.8283513942424572
-0.6571545073361416,-0.6510111533606173
-0.6292928115644083,-0.6159849418219425
-0.6975811291206784,-0.6731973075196793
-0.7329913373825223,-0.7098890284197206
-0.7257546404414621,-0.7248466772512325
-0.683799926580168,-0.7358074716444778
-0.6447505049771503,-0.6921754358776975
-0.6332842642865197,-0.7193115802585981
-0.9848526452305502,-0.934482176318394
-1.0104178399625605,-0.9881288157584758
-0.9877975302874592,-1.027058212415714
-1.2052499062264665,-1.1384397000326383
-1.2904885122803587,-1.2858336575829592
-1.3104873275536486,-1.345614153475655
-1.353744507963061,-1.36999548197689
-1.3908635580345499,-1.3863204179503834
-1.5132895963248851,-1.4508801860906042
-1.6551377128097793,-1.5740697065038953
-1.6807410163524674,-1.6734542793375733
-1.7781683871523948,-1.6724636876980237
-1.955874876261465,-1.827936238235889
-2.0120801483735953,-1.9520717119310511
-1.9364681128225991,-1.853608873695823
-1.79603536468942,-1.7350070130053405
-1.6767646409479762,-1.6527444557554072
-1.5855126782633953,-1.4102984578850377
-1.110268859890173,-1.0963526144457811
-0.8175601899926799,-0.801239171747387
-0.5076148812818178,-0.5063133644859905
-0.17406428073077349,-0.17914489157238855
0.05864381044039586,0.18493405690566322
0.24403193317905703,0.28472323905520164
0.41249860872599675,0.37953074784006774
0.45134849330861976,0.4130664715567584
0.4623911444774486,0.4432599279220193
0.5171239740611246,0.4837162888251691
0.7130316347946282,0.7013258784481022
0.7705850209243648,0.7443780904412056
0.8193408515822431,0.7814400960157142
0.8275624416491068,0.8334725127181455
0.8362734509434444,0.83247883438365
0.8529821462020342,0.8342527342252308
0.9941673355877859,0.952504373758394
1.1859763403093273,1.1359050433688471
1.3723884963560982,1.3224844745378765
1.5640749830320961,1.536769367226764
1.8696091078677275,1.8014370756075908
1.9954734868896826,1.9172213774076816
2.0307634327676745,1.9746758112205958
2.2677712677386133,2.2503506737783745
2.430063039726111,2.3481333706541854
2.471038915132457,2.40808244757854
2.310309485663712,2.282208452314638
2.1539144882131787,2.1186839018533767
2.0512519640660294,1.9849517748524865
1.8292105631352942,1.833349821057698
1.3508977389526284,1.4806397191408072
1.1120308825910248,1.1313211826552025
0.8804932646593391,0.9125472264032194
0.6104512048611352,0.656246301470748
0.3777681856664612,0.4516061432973222
0.2378404534741604,0.31978028786357604
0.3110958419536282,0.42785289785805225
0.3758669299786044,0.3931157671729612
0.40703886864170413,0.39184603739912455
0.4068300418567128,0.38007703348596755
0.2508015597512416,0.27741688371954587
0.23639490080744588,0.22478527720062821
0.2378141423677229,0.20445577005150345
0.2252786141563028,0.18649267461464955
0.2374808089933286,0.1947121574186174
0.27587107282660894,0.24038188672581356
0.20304348839473424,0.19342399651438288
0.06776212248873187,0.07043726305510724
-0.07589996893246082,-0.07324384567172544
-0.24372246756806626,-0.23952200998240888
-0.37746584319765314,-0.31581650191403215
-0.1908548327649468,-0.10325981707759907
-0.10127279430589793,-0.10730385491288677
-0.3349958887184725,-0.3029580727635397
-0.46385237329405643,-0.4793428925203573
-0.5403396649407599,-0.5369841307370147
-0.526485390833358,-0.5530442638998638
-0.5224938193922102,-0.5633418343963756
-0.5093433117324653,-0.5460309368257514
-0.5341332711569182,-0.5396873038358552
-0.5299136998064038,-0.5372720244002347
-0.5251092591231663,-0.5385170902942635
-0.5499709842051106,-0.567741324446523
-0.5607306685507292,-0.5979493832532585
-0.6537204998493495,-0.6317682221919549
-0.701200278944704,-0.7085042895793914
-0.8813003812652556,-0.8184438751399699
-0.9354982925507651,-0.9195397235235385
-0.9515466131694944,-0.9714341293461789
-0.957983262524394,-0.9753884823694216
-0.9617457655848477,-0.9719663467862675
-0.9511253386689023,-0.968280239425724
-0.9318268469912143,-0.9622345912171401
-0.9040803086847691,-0.9520633971348541
-0.9008187999578362,-0.9458181822261162
-0.918662746001804,-0.9487935187158566
-0.9171785206089887,-0.9715897700028722
-0.9021188921252271,-0.9599190951315963
-0.8772723037204211,-0.9325596402432661
-0.8705315555538358,-0.9257908743840952
-0.9771990070337256,-0.9279188537516775
-1.1863037726487529,-0.9902483067149571
-1.2777169557847368,-1.2308311280283883
-1.2964470207162404,-1.2965228821804866
-1.30814773150372,-1.3149079495922715
-1.3077432557467756,-1.3155199462248073
-1.3103385726010652,-1.3124484473155997
-1.2976936893172601,-1.3158950983797661
-1.259272766292835,-1.263992204146025
-1.2443034829957578,-1.2618749688512347
-1.256634235709303,-1.2549204077001301
-1.2500440232808465,-1.234311020422741
-1.242360645965409,-1.255254245630429
-1.2124172118907632,-1.2270813872643453
-1.2028916712878266,-1.2173573484325824
-1.1889616544352146,-1.206751702036666
-1.1784343626033087,-1.20320437722965
-1.174614933764911,-1.1917515517901303
-1.1661361389057314,-1.1905070201317653
-1.1652318560056296,-1.1845944559629624
-1.161091054735753,-1.1765260728125464
-1.1616782390896854,-1.1661470610570785
-1.158968833241435,-1.1532589224677319
-1.1235915101526681,-1.1095971475823385
-0.9793449129758012,-0.9516523918309087
-0.9372797310511559,-0.9320377513593422
-0.8926147803083568,-0.8953573681272753
-0.8336295832403666,-0.8377268739834103
-0.8095709330800107,-0.8197430175550695
-0.7776529639923029,-0.7890032755439089
-0.7596942166401564,-0.7684743204136668
-0.7946113253843985,-0.7656442960244549
-0.7689949033881904,-0.7672795320315446
-0.7386580344269833,-0.7379831167051665
-0.698598313824377,-0.7016613836820016
-0.5963632375677117,-0.5857523675341947
-0.548323579496792,-0.5546864449705817
-0.5251386420846702,-0.5467510865004288
-0.5259777482337997,-0.5266339677073868
-0.504551455267084,-0.5204034145996419
-0.4714453460632912,-0.4901947621977245
-0.46571071205026215,-0.4709691343286144
-0.44556996816898065,-0.4679208153112599
-0.4127639213296368,-0.4212102168526075
-0.38861638029079176,-0.4134021251894533
-0.3709954776364219,-0.39238232620330055
-0.3529158743052412,-0.37623220401087587
-0.3375865755303435,-0.3586843729233975
-0.32132405609022663,-0.34465703614071347
-0.3020169869621602,-0.3233919042658828
-0.28761221268306714,-0.3051650002903143
-0.2703007808767792,-0.2908942004437753
-0.25752750295512983,-0.28093670062697224
-0.2763978641078746,-0.28977886477675
-0.3957916104507666,-0.3498479963266432
-0.4077378618852381,-0.4113828034199172
-0.4226361215188012,-0.4346863114696229
-0.45049013023292894,-0.4511572718578629
-0.4511860612241849,-0.46767120853727223
-0.45760834557568253,-0.47169670394306545
-0.45877630345558296,-0.47937651968741174
-0.4560250788267679,-0.49459377737172633
-0.4718637713070104,-0.507060463381926
-0.49476882859086774,-0.5231750885824733
-0.5281358228771043,-0.5521771400581488
-0.6173776941972273,-0.5725416099634872
-0.6557932155054973,-0.654932265053674
-0.6856786553308718,-0.7114642519539205
-0.7251399726306078,-0.738795926587738
-0.7665976692460996,-0.7787980090981821
-0.8037055003686506,-0.8049872504449207
-0.7177299458964337,-0.699414744637558
-0.7446254467905933,-0.7618687338699994
-0.7820008706211434,-0.7619433487843639
-0.7939972511687261,-0.7869990607717521
-0.8009565610812859,-0.796734971507153
-0.7867251165953066,-0.7748175378869357
-0.7602322513130277,-0.751313424345508
-0.7517824832582429,-0.7550989588990193
-0.7547395370163807,-0.7597458000614632
-0.7609386295794851,-0.7754348768761086
-0.772349903356272,-0.7917931135393064
-0.7409595216662341,-0.7545213907870336
-0.7717111355810327,-0.8089895659588608
-0.7788770166168926,-0.8063968609233714
-0.7822523768997132,-0.8026812518822874
-0.8073966532882404,-0.8361370480077357
-0.8359402712049369,-0.8582689475671723
-0.8657388086956816,-0.8871450975047674
-0.8785060319464757,-0.8908128034146723
-0.8835458331193353,-0.8923275989593551
-0.8785380267267799,-0.884303616728545
-0.8346632105306038,-0.8367648936316281
-0.719152912266477,-0.7116317645142518
-0.6906769048409986,-0.705396225206979
-0.6789203961064205,-0.6956968799347829
-0.6813286711188946,-0.6992358350497343
-0.6587288998370868,-0.6835431373044794
-0.6427727051905878,-0.6694095173044767
-0.5802040927285221,-0.603093657178132
-0.5644684186920979,-0.5916497356663408
-0.6785561067432904,-0.6175824251754636
-0.6777281601835805,-0.699778024888879
-0.6828650141686803,-0.6889841494607831
-0.5425843451211032,-0.5280873261507433
-0.5368474257666238,-0.5430247927460707
-0.5663770646399693,-0.5687246148653353
-0.5585206543290087,-0.5399322212079058
-0.5619252788542968,-0.564325777769888
-0.48307859475834847,-0.4862206127751654
-0.4961931008703113,-0.520665664951004
-0.5271270672249886,-0.5527536396988071
-0.5840166358628098,-0.5532808115798498
-0.5766484575889594,-0.589225908460101
-0.6060070816904004,-0.6022041547980594
-0.6308184699009198,-0.615559215357486
-0.628172756815687,-0.6268239898433807
-0.5881085248896982,-0.5850395190802546
-0.5627197466457476,-0.5785007119945507
-0.5621327403703698,-0.5736478339444704
-0.5748731331189421,-0.5834770578424655
-0.604660154863158,-0.6163075014437853
-0.6745396636640211,-0.67365437580974
-0.7820302535826473,-0.7261879055647287
-0.7829253357574297,-0.767351000891445
-0.7864333052038861,-0.7804776460248777
-0.7986791144469019,-0.8126106746469868
-0.6915493116798326,-0.6839417958286413
-0.7170823335529841,-0.7387642879645429
-0.7790490405006063,-0.7675700968730832
-0.7715035553459233,-0.7849171443902849
-0.772495749692464,-0.7978574006366019
-0.7961071852427788,-0.8407026259897779
-0.7956952895460605,-0.812335365201623
-0.9658867449332791,-0.8486165556738643
-0.9949474436129259,-0.994544392484418
-0.9880131834170421,-1.003850421589089
-0.9227678722012487,-0.8822977398898788
-0.8312032629343629,-0.81712276970314
-0.9053494745431829,-0.8279056636203708
-0.9319157081899444,-0.9500667210215072
-0.9041473849403234,-0.9154052737221081
-0.9347925672390078,-0.9280961012729921
-0.993465770679393,-0.9911358502309294
-1.0145167334125953,-1.0082589342860013
-0.9440850623735318,-0.9228788745002634
-0.9219404005176844,-0.9114663541735947
-0.9910037753029574,-0.9640864894656219
-1.0183553947348865,-0.9912513638533265
-1.0409827681926525,-1.0153249726122662
-1.0652476333191991,-1.0512872243932745
-1.0864621315250143,-1.0717319483672054
-0.9242347052552343,-0.8893067337191634
-0.9059582064022182,-0.8763947326035046
-0.9474145971083099,-0.9179788649927406
-0.9831008864892542,-0.9645078233257325
-0.9130744035213534,-0.912247822230562
-0.8329427936149119,-0.720488442066227
-0.80944241972313,-0.824811548734733
-0.8070870934008811,-0.8296816410450882
-0.8288409915484858,-0.8220556050242218
-0.8595939113726845,-0.8681102808068781
-0.873580438486613,-0.9088668227935133
-0.8621637036341527,-0.850824136155339
-0.8355399506142656,-0.8356990934825321
-0.8486995996398117,-0.8522248427060612
-0.885338134411555,-0.8923375119988928
-1.0496113864757428,-0.9945946106368064
-1.2046092983061634,-1.1362879174982616
-1.242375960721102,-1.2233855449428186
-1.1179501002629562,-1.129774160129234
-1.1540183681434508,-1.1448910111885306
-1.0420456597253571,-1.0685551456727291
-0.7639862066028622,-0.846450408136086
-0.7513061231247706,-0.8184455372064792
-0.8524448884399904,-0.8109750824827879
-0.8316596782697234,-0.8133372945091468
-0.7621348425900438,-0.7746837415329362
-0.7458857087212787,-0.7521788861207137
-0.7500069213501528,-0.7819869211343689
-0.7073354413067181,-0.7501267682173778
-0.736030960230462,-0.8115550843350194
-0.950616093362353,-0.9062744145556149
-1.0394631645269963,-1.025350913953542
-1.0539639825065201,-1.0386286884202858
-1.0761614743335568,-1.1014876876453352
-1.202855224543658,-1.1929038387572286
-1.4896561977528402,-1.3427426961427467
-1.5920365267505159,-1.5525605476497868
-1.682590540220222,-1.6511407990119944
-1.768236233849859,-1.7266218874658643
-1.783226530416375,-1.7548504250600099
-1.8252201841216018,-1.8129195860432965
-1.9169786022153767,-1.8375269555897982
-1.9728537166873366,-1.8897949108604064
-2.0313506223586977,-1.9895380151839497
-2.0801018823336754,-2.0365754471497546
-1.997643676111789,-1.9763300475105974
-1.476918001306441,-1.5447423055090221
-1.013765004474241,-1.0323724326411645
-0.6597498241904314,-0.6287026592345664
-0.5817217968895962,-0.6485541441837095
-0.5232287495869168,-0.49527445296680755
-0.3609210692485443,-0.23399574271810517
-0.24454137664113174,-0.25888458025998257
-0.16272587076256448,-0.19112920729789917
-0.09453514767413801,-0.06274704237234972
-0.018606247305075117,0.02845794096355364
0.04802163612863364,0.07623176856217051
0.32921020028270903,0.3273944223010454
0.5569172891460956,0.5890227155922465
0.7274477467416955,0.6640734475392411
0.7880707322760576,0.7058469367915021
0.7877805235916282,0.7102157379707454
0.7637194396910265,0.7332501396447382
0.7312344091260525,0.6955380879865343
0.7504226701784622,0.6829661575505843
0.7915527022535469,0.6985321820840225
0.9911591139249686,0.903717972948648
1.0528359089857522,0.9432391840022374
1.096495309490418,1.0014267672243127
1.0983498195577004,1.0324475765541015
1.6467166101651889,1.5183522456751566
1.7948909079416318,1.6671683385622662
1.8049993590131908,1.68079728393862
1.8906693900452856,1.7590892830168448
2.0395462670790216,1.9309843565761078
2.0672814083579745,1.9788976975923194
1.577024618082287,1.663316499426937
1.1257779534085761,1.2193342525892807
0.9147706558760509,1.0124500671902117
0.9269211930923722,0.9365007508568615
0.9936856924571946,1.0322253345179992
1.11053549760879,1.208544829125049
1.2429128029665184,1.2776330161889253
1.1909530423143513,1.1888967098852241
1.198458103637147,1.2069485329618919
1.2018079986866643,1.215194994666877
1.2066161196600294,1.2075777438547026
1.068704726421476,1.1070748376983306
0.8818917155483701,0.9068371375509618
0.717558925887438,0.7082901152006718
0.770689612395415,0.7863114348759515
0.9226841106839918,0.9202466901480865
1.202001629434999,1.2067221357595164
1.475171995201318,1.4659408778086023
1.515284427056077,1.4825000464408722
1.7047144210076117,1.667743769731597
1.701988038337159,1.6828802094318964
1.7735493803668907,1.7411096411142954
1.8175461803729467,1.7767536071587704
1.969956610805479,1.8895353858097894
1.5908752118995613,1.5980789643080262
1.5497313490567384,1.5351116933217988
1.6454921420239719,1.6175230055243153
1.801851405044555,1.7829445674678828
1.9229385300426036,1.9111005800490692
1.9311531750458388,1.9152794901296237
1.9626583580440558,1.9474104411685962
1.9849495191907953,1.976846944957902
1.7768143913053966,1.7922744590988662
1.858067124431887,1.893297473353616
1.8061252903542133,1.8543690264486694
1.2710810312901832,1.278847630650123
1.0122696142549152,1.0325746059230274
0.9726987192846008,0.9709489787669232
0.8188312501185846,0.8280680066655284
0.7917628943074566,0.8446237918052615
0.9903280806703127,1.0440230387582012
0.9864159322645029,1.0526046443028851
1.1332590334860233,1.1891640651551503
1.4670463894753671,1.4817625637868834
1.5768441651469904,1.5979286660079701
1.5751834045470792,1.592325839805081
1.5102744837208666,1.5378892438969307
1.481828096694965,1.514431430779691
1.7777502534691754,1.8110371717653737
1.8259132606188933,1.8149947895621172
1.842356203314548,1.84742313178722
2.2807460712245167,2.303068811634933
2.3506765698515046,2.3157266352937036
2.4461964818939244,2.4253446703442485
2.3441693420294776,2.3048598070177526
2.25049574844083,2.2147708160135444
2.1244149446155554,2.079566216804441
1.9223951530130952,1.9017921765636705
1.687770127821327,1.6523730973725212
1.552256502960528,1.5266205516828355
1.516165678463121,1.489911201005892
1.4903179324245275,1.467425934234672
1.5479598235958851,1.5412747546573617
1.4084343263387173,1.3892603709301914
1.4453637821091083,1.4582292453625063
1.577504005551187,1.5516487802133019
1.5711736690933653,1.528195359700408
1.5619750807166175,1.516596272408069
1.5639415428352057,1.5092736822441883
1.454257143843325,1.436550555724448
1.1540552845266736,1.143555654230244
1.023347999853694,1.001964801897184
0.7881189322048276,0.752322352839087
0.6242252248999447,0.6599332992240645
0.4680985324716287,0.4864249229996831
0.3617035708599887,0.38232011095931967
0.18562978013860545,0.22548263282032077
0.005132763443485058,0.030531430148422783
-0.29939133739407553,-0.2531779342597799
-0.5021924486547074,-0.4721960362100772
-0.6267459914364795,-0.6092308971232827
-1.1134273798530467,-0.946760989453523
-1.2036528977490912,-1.1876714159478436
-1.4201764753069848,-1.3347470877616312
-1.4131145921469932,-1.4619786352065314
-1.358003434674135,-1.4038863240111505
-1.3017932950815132,-1.363926327399103
-1.2720818380039527,-1.302553334352414
-1.2025107019000851,-1.2198724112182797
-0.8403280674300009,-0.9688347166851339
-0.7934092951410572,-0.813424968517513
-0.43623034157701407,-0.4106729229418866
-0.2877573467050409,-0.16012273329175317
-0.25917677748827134,-0.2208167276497497
-0.43790683244924566,-0.26782474697429154
-0.4546838208335126,-0.3344627512058517
-0.38960875271588713,-0.379495701281668
-0.35397069294347205,-0.36106118739123105
-0.28664459317705693,-0.27828327080437476
-0.2639675358025661,-0.2520665460007143
-0.24615203780769085,-0.23273295800789667
-0.24612522214534865,-0.22270995496277135
-0.1879519742469162,-0.1736238479456855
-0.2974925154464645,-0.16823450824996586
-0.2834546423493018,-0.23748769993452987
-0.25619161699827075,-0.228753317829905
-0.2623999102866945,-0.2458458465729889
-0.2609680399889227,-0.24529113187550616
-0.2244622776194902,-0.20423825233418852
0.02689602138136804,0.06780368899134423
0.08427488681765698,0.09649569086363537
0.12680792562479376,0.12699211820973635
0.15588610568254752,0.14872917309405476
0.1871679336536959,0.19112332546850713
0.2167296118269843,0.20754656080412262
0.22734822827762508,0.2129770069661887
0.2413544775914722,0.22117980974554521
0.2780205106600168,0.23967562717839258
0.29207684456733646,0.25466717029479086
0.034307079487170704,0.08127000412773784
0.011947965604491002,-0.018791944282806897
-0.31817556788592705,-0.22438125187716126
-0.5312670968211288,-0.4458997993318016
-0.5365093733105335,-0.4972824073886104
-0.5342310956428948,-0.5177534869886176
-0.5967216503385411,-0.5374122315821988
-0.6004057394754663,-0.575129388158967
-0.575169455833745,-0.5763691116963587
-0.6178787478902665,-0.5997489264066973
-0.6081144633051709,-0.6111846563049783
-0.5839366192322901,-0.5926720252886037
-0.48167640421967145,-0.4865442705480947
-0.28765334882917254,-0.23977369433953322
-0.2716735290944341,-0.2916997684651277
-0.2619789622634523,-0.2841088435992704
-0.2432097200499436,-0.2594815292546573
-0.1984118633459177,-0.24137690588655955
-0.1715338883495036,-0.220287685943884
-0.17311156046382892,-0.21613437465554883
-0.39239968886237103,-0.3354137203670098
-0.4179402493943327,-0.4156119316528601
-0.42854334333096683,-0.43534089855645974
-0.4217126654943242,-0.44477410542885226
-0.4278444740435605,-0.44028088669948334
-0.4239170108820575,-0.43041245583972393
-0.4046949742637979,-0.4149742026691891
-0.37367081112123146,-0.3755221751340498
-0.3575751512867457,-0.3500231069053028
-0.36029099764271977,-0.35042966024538397
-0.32236290701806447,-0.30974461679840837
-0.30538032694254746,-0.3246791154178263
-0.28629184924021467,-0.29814983307113807
-0.06997441244911431,-0.04409835934028436
-0.05399948616465666,-0.055570788260686114
-0.0324965044104097,-0.040431929660020564
-0.012308275697053854,-0.019990874846307745
-0.0017221312215939654,-0.004534053276489193
0.0356550525259211,0.03564889026593907
0.08516133218254279,0.06654120849866649
0.11068044166861868,0.08538140017629134
0.12659078850725586,0.0874967582263186
0.07023212398018348,0.06527086286982856
-0.10995375284415201,-0.06068726709116728
-0.10064216620459034,-0.11682921743726889
-0.08937121090886421,-0.11008832087188805
-0.09293626937193954,-0.10149471728458988
-0.09437688035876472,-0.10290272505604947
-0.08951805151698596,-0.09781398196044244
-0.08427553758950856,-0.0899749862481307
-0.07827483195613386,-0.0826015991765591
-0.06636921953180305,-0.06847172624614221
-0.04925024241339577,-0.048705177347588814
-0.0329368667060698,-0.03233419322785976
-0.01779363776087753,-0.02252441884699648
-0.008251252967162163,-0.011039522572789935
0.001346743115791557,-0.006445060620193631
-0.005478375099102442,-0.006643742492529387
-0.012069883234541626,-0.015224216496398027
-0.016159544424513013,-0.027879519230630357
-0.05629107149427943,-0.04715453607385913
-0.043738444031650794,-0.07437886643897032
-0.04442608695017952,-0.08856474507479921
-0.25207740879254303,-0.1850505551972017
-0.26632873871711576,-0.2621661821838226
-0.2781797181248928,-0.2807346408270545
-0.2942805125577019,-0.3004303070409497
-0.31209650026860225,-0.3177944500993901
-0.34310997869789456,-0.33919833484798917
-0.3657338796238465,-0.36661091650509925
-0.3824093038724909,-0.39202545677994416
-0.3965551222534815,-0.4038971823393285
-0.40585945961188424,-0.4151199302863448
-0.41544486428891525,-0.4193345154373313
-0.4121518950173419,-0.42680835365355935
-0.41599696716759754,-0.43744991255798044
-0.42666600952894046,-0.4555815148270954
-0.40188599282378434,-0.422883888147725
-0.40345507264785163,-0.42865502826444074
-0.41352280308993294,-0.4417884997424652
-0.41100370385699864,-0.4298035459021341
-0.4218261312133437,-0.43571747533985516
-0.4172649458356476,-0.4262278769251824
-0.4060071460931402,-0.4099456798047856
-0.3892601045857999,-0.39551463893889344
-0.4012354718639435,-0.41172296313890316
-0.4077652266231235,-0.4152269554976408
-0.40319353461070784,-0.4075840613736086
-0.40317617195163735,-0.4031908931121484
-0.40617824990432205,-0.40414972740946653
-0.40775222688863993,-0.40788145255973896
-0.4141137864530295,-0.4225294524646144
-0.42188151364381477,-0.43302323584850216
-0.41089911238594845,-0.4179026748193186
-0.4055402834825783,-0.41486067759065137
-0.35791810090308673,-0.3592226450343416
-0.3281534873769873,-0.3438633697027582
-0.32899395879503524,-0.36313942348257044
-0.33570125787312066,-0.3721396323495283
-0.34089592802893715,-0.3745772903235063
-0.3479070588008765,-0.38376252280866135
-0.3501969115745622,-0.3848990201439213
-0.24619160092656428,-0.2541613137178695
-0.27397163284114806,-0.2891172435870077
-0.30087333680495854,-0.3165627104171948
-0.31853585048157934,-0.33332975608216503
-0.3238343107549506,-0.34538291400889615
-0.34330420304141124,-0.3325169758793527
-0.32708436309487277,-0.33085962845173733
-0.2741625033718871,-0.27469118892064354
-0.22387961942881973,-0.22494469242381784
-0.22478805749519476,-0.2509903579359351
-0.22548841077055592,-0.24434737489580824
-0.2506814806830351,-0.2671425577114965
-0.27529674504545576,-0.2840466348242076
-0.27374300965684045,-0.29779133126103136
-0.27731351435570967,-0.30131995781981774
-0.3115860084121709,-0.3386727656739376
-0.3412646396761725,-0.3624690764436542
-0.3732074804020018,-0.38632682431469706
-0.39679683421154993,-0.4007292242130626
-0.41038143802781607,-0.41978701304449134
-0.4241689920367728,-0.4389780936740151
-0.4364370314193506,-0.4375140208376253
-0.46671620292887733,-0.4859859349200024
-0.5329164010340295,-0.5191149568978164
-0.5588731311480191,-0.551400836279264
-0.5920983155453003,-0.614873909719986
-0.6051655418010251,-0.6326167071449584
-0.6084937706264031,-0.6338534627064407
-0.6082469537497703,-0.6394419832654459
-0.626058667575361,-0.6666417610498458
-0.7665301774739179,-0.7117798665121351
-0.7747027365787569,-0.8058261785154957
-0.7878488516341557,-0.817887557735496
-0.8097160077424663,-0.8420886707395072
-0.7966080014977452,-0.8223813107005287
-0.8231429526784206,-0.8401047569225712
-0.8307623404332498,-0.8333160462652887
-0.9153324989528075,-0.9017746662792451
-0.9436864632088879,-0.899183029715083
-0.9805080627347282,-1.002833711761536
-0.9788237364060958,-0.9690316122069691
-0.9422017629399274,-0.9374226094114385
-0.9829097488406834,-1.0014327084132228
-1.0390905054718014,-1.0513296070892617
-1.0297379385048695,-1.0159981095485373
-1.0191094980539683,-1.0215162890784877
-0.7979879915766193,-0.7972064641601337
-0.8167501700074633,-0.8165298274759432
-0.8470440033179829,-0.8365578476321824
-0.8714175557223351,-0.8609090808576954
-0.8936119014949073,-0.8880391705677406
-0.9126430972621871,-0.9122668766359008
-0.9218662011199473,-0.921228739254108
-0.9321339137788097,-0.942302080525668
-0.9505756695304657,-0.9648264652193747
-0.9669569970462393,-0.9830577914790484
-0.9926454814975295,-1.0104582044349295
-1.0480554547849545,-1.0480204326692226
-1.1867933699547817,-1.0755614683236951
-1.246922068781178,-1.207328082958288
-1.2812502717454601,-1.2644327704900287
-1.2844819226347435,-1.2640572621779607
-1.2496851356338718,-1.245800886201611
-1.2459865627745086,-1.255774353728807
-1.251131845811191,-1.2602545727236925
-1.2382714874763574,-1.230614465786996
-1.106992214486102,-1.0930663527997633
-1.0390710355498352,-1.0396387499818014
-1.0003482100158971,-1.0156357790495074
-0.9792478008040427,-0.997003657323017
-0.930204610718608,-0.9342355375203157
-0.8800038506689563,-0.8899738159845791
-0.8327657835316702,-0.8451734068212711
-0.8196919090099082,-0.849805882980313
-0.7856848410390322,-0.7992386966248761
-0.7681040950987177,-0.7899346263843052
-0.755832345746253,-0.7815206521189888
-0.7332117986330788,-0.7463910956591457
-0.7183358878581141,-0.7412649263873201
-0.7220666929358546,-0.7385362880551762
-0.7095503823684484,-0.7306438465166745
-0.7008838333532348,-0.729770015049404
-0.7054489364591314,-0.7243206332010355
-0.7054073254368805,-0.7267850029581988
-0.6260980229359208,-0.6344453958218284
-0.5798696018435232,-0.6074118840478777
-0.5650018826820686,-0.6108777082364194
-0.5479162544829743,-0.5814636423449893
-0.5618413444955765,-0.5747816007418936
-0.5662665965766183,-0.5950855832981967
-0.57363145071745,-0.6038733444495537
-0.6180811638472934,-0.6166318418511738
-0.6849091185370606,-0.6659304559433787
-0.7209946006778305,-0.7234807553781695
-0.7350826325678634,-0.7606925843765888
-0.7704400702180367,-0.7983282996944008
-0.9050764207595103,-0.8179008542675705
-0.8553479843960938,-0.8101000638251536
-0.8576324948131424,-0.8436113017405911
-0.8382897802944032,-0.8497475919334507
-0.8669434507578233,-0.8607291027985442
-0.8335980633362079,-0.7788268578240223
-0.8716292911237178,-0.8470977830414628
-0.8543749631739284,-0.8431653336804319
-0.8634320384593119,-0.8428550021193362
-0.8526593543792098,-0.8491150569076213
-0.8491110204603844,-0.86149947062561
-0.7997700236721921,-0.7787552108855673
-0.7499296352574698,-0.7433263043754936
-0.7216804999105124,-0.7374730403653624
-0.606855922800513,-0.6018281716098459
-0.549623137428519,-0.573252499553327
-0.4913132439192138,-0.5273893769358688
-0.44828614100230463,-0.5000527754620416
-0.498059898357859,-0.4790970253960156
-0.5192101695649927,-0.5185931273734108
-0.46841323219440256,-0.47869091725232077
-0.3896757992916824,-0.3888961713797789
-0.35240734131291,-0.3767374128701883
-0.3162694150378195,-0.35166822627217104
-0.2826297824845378,-0.316008886112485
-0.2143357218948829,-0.23357288035040133
-0.05048410790833623,-0.07788220584300792
0.02620434016061745,0.001806528263174972
0.04456906395252772,0.015440796518824072
0.06041689037863168,0.026417589229713836
0.1795393600134269,0.17229586640753394
0.1621219269475318,0.23191193643484428
0.14901479625570394,0.15922908534819566
0.14736682763196263,0.1573754656736861
0.1528706718382702,0.15794031600889966
0.13701624908570736,0.18741025404682585
0.31673567881610837,0.3464155863097511
0.32575043076502275,0.3422146241681891
0.3658371005888872,0.39136890559191584
0.4240358730801412,0.45712960582439144
0.5333748293559173,0.5620093860544804
0.565227977849762,0.6172693578394399
0.5930843906243763,0.635779317677496
0.8135525268850115,0.8639931587476679
0.7819116480282131,0.8279349819852653
0.8102744568525038,0.84644203320693
0.8525603968252964,0.8994763792168853
0.8544363950381635,0.8770190707787326
0.8590352143503919,0.8767813359083829
0.8515147195528667,0.8532035572048817
0.8087422096094732,0.8051678762216807
0.7296483228000239,0.7342584204207083
0.7010750844837508,0.7027941361305243
0.7249285881492431,0.7491447191113563
0.9311708003590906,0.9721118910877774
0.9539171302913086,0.9895391926735718
0.8412890334328826,0.8475737224212165
0.8053518313685506,0.8164832843765912
1.0762528827544775,1.1153134639469149
1.140582335964122,1.1641881917197272
1.0413586274247384,1.0336902087078845
0.9533901958483388,0.9687025178010342
0.9987267401799362,1.0387200968412065
1.017146473550344,1.0581373075552738
1.0096443802034576,1.0356561959503272
0.9738177649215128,1.0226193024083976
0.8263366082389714,0.8556466762545332
0.7888953547027489,0.8098333562728361
0.7369750681301779,0.7713203666356987
0.6605387069500812,0.6705382926652808
0.5571587043065731,0.5831936109060185
0.468429699223609,0.48397628351483996
0.3846131988267467,0.39068048357971086
0.14657480842063703,0.1392521885769972
0.055041333221041704,0.07492005676909418
-0.03868727551105782,-0.02782369531374279
-0.14137120989442412,-0.13499645767711696
-0.18728524813860953,-0.19429587435464427
-0.2036266860581597,-0.20393761121443724
-0.0897968409141036,-0.05845321226457994
0.3384527147029172,0.3709910204354665
0.45837001199624233,0.43246964374477387
0.5218072026082188,0.5234548447546101
0.6302522935793353,0.6594967693272975
0.45573391515295625,0.45332466070843197
0.4533451991017256,0.4885609455819801
0.5089387120193931,0.5414985949368043
0.5701235353934206,0.6015609298218647
0.46319552530843716,0.4752915111275422
0.4191141379889609,0.44480407674844685
0.3930935370333992,0.3884185297795743
0.562815666390051,0.597662018588611
0.5684439578262432,0.6086976653342935
0.6850711054251091,0.7313655343017336
0.8736750523215162,0.8953872800873517
1.0279986993848202,1.0556040807570104
1.1007129219768321,1.1317167544844187
1.1790532397028632,1.1998802389739358
1.2828335035775245,1.3063132797164945
1.353519292713958,1.3760230796548532
1.34663370732299,1.3523876628591898
1.4188988158003786,1.4627879376404385
1.4463274245273998,1.4873912707397032
1.4892251236946554,1.543549055237282
1.5104563612845998,1.539595711325848
1.5248712266817852,1.5381535124719112
1.6310645736898939,1.6844604785251425
1.719140802151326,1.783304523586185
1.7390149624364175,1.7575196986368729
1.668033800337472,1.6882501088854092
1.3429106783421323,1.4456770816461135
1.3163946628477594,1.3711687769763363
1.3213838303516032,1.358269122640461
1.1626894826044738,1.1420795017319028
1.1773235033428155,1.215727568264075
1.148387162853776,1.18112500560672
1.1833080112476642,1.2362603817629993
1.171754274627222,1.2150919465432997
1.1335921591021036,1.1734451898623737
1.1291056479982904,1.127511844934897
1.1427358992840444,1.1441853399992004
1.0059199265941634,1.0108604192930917
1.015347167834978,1.0589943402788966
1.042668691991185,1.077182096652219
0.9279876461961682,0.9335455966033057
0.8010946854430221,0.8025781985216189
0.805647679207208,0.8394720385810961
0.7698597663311231,0.7327651130216102
0.684432100211797,0.6654687523738081
0.6349045958174526,0.6092524987508126
0.645099711785569,0.6065262941589145
0.5835878174663163,0.5642718147307624
0.6058111900432832,0.6077703509411341
0.6243206750051937,0.6329321383875273
0.7207930698764853,0.7493426237450007
0.8040230685538743,0.8206928833280498
0.7299574671707558,0.7329694878427373
0.7383278121902028,0.773311581673372
0.7756650084910388,0.7782212074228416
0.7855838059019822,0.8036607380548444
0.7012953676557527,0.7032350586316374
0.6407181483099149,0.6670964497220877
0.7081877200317945,0.75350301365588
0.895540724441872,0.9226161440356646
0.877605602177965,0.9066408356243085
0.9542278773690317,0.994805450408325
0.9278954608644197,0.9744523181709608
1.0262943688985577,1.0817067165667102
1.0124821213300341,1.0607079308499967
1.0764816543375806,1.1073486037962217
1.2762182414323922,1.3103303757504638
1.2837167732081871,1.288199010426691
1.2195215912286874,1.217354137781509
1.0392126621231446,1.0402505039391734
0.9861107056219712,1.0079274654993389
0.9878633547560403,1.0322396995214012
0.9984089293195486,1.0515313054949793
1.0234457056206343,1.0596737693240958
1.0192153901973278,1.0225757325220461
1.0376012886423671,1.0576320393364431
1.0894919548153614,1.1105402463702452
1.1459445186802704,1.1730657638221051
1.169265686186637,1.17921992122994
1.1459144827640662,1.13502224861433
1.0675330882514478,1.0533333417481818
1.011315231921461,0.9980677308089942
1.0377610844653338,1.038893901510466
1.0059329856881651,1.0117841721151597
0.9862690768165014,0.9815923184568899
0.9654698577999417,0.9435897019571474
0.9746675557839166,0.9574865368390916
0.9619669932720496,0.9536076891229859
0.833985557033859,0.8362576019520878
0.6559287280484332,0.641124345492887
0.6467795267908192,0.6515359456238412
0.5984292403612128,0.6320686354764218
0.553096316960225,0.5802895651976241
0.4630654686040836,0.4955531109878579
0.38994130917945363,0.40591961524647835
0.35173770135112087,0.3498603675490945
0.16609938566323,0.14617622409587283
0.13743310130219452,0.14019964068670246
0.1451107207443678,0.12521717957658726
0.1648802747185296,0.1562275416311747
0.15847257796862707,0.1460553681168386
0.12044246317208325,0.11360843152266285
0.0051130509822374754,0.007683449360035969
-0.03725479677822459,-0.0346333951256603
-0.02386265135980895,-0.019829763839016152
-0.03705958187274808,-0.03193359809941686
-0.08066903876279699,-0.07430331661219447
-0.13323238183579647,-0.1173597876507279
-0.18485682056971006,-0.17269384753432795
-0.20668862808493865,-0.20731209594436453
-0.2279939018339451,-0.23366499148275216
-0.24411498238209553,-0.2505630287644875
-0.2773331623562305,-0.271575259412071
-0.3177635831499315,-0.3083587204474745
-0.34345120688820807,-0.3382650845030108
-0.36549985472338364,-0.366715359577354
-0.38541028367408914,-0.39877356552678495
-0.39354796906199163,-0.41309707662547646
-0.3937121574893043,-0.41524906691816654
-0.3912196216407599,-0.4126411658460205
-0.41559774472801275,-0.4284925909429147
-0.46895408644438796,-0.4716087034573493
-0.5009359857331861,-0.5067136257171436
-0.5592523197502148,-0.5584237795953231
-0.5867066311486122,-0.59423294317892
-0.6094397832677922,-0.6242802564103977
-0.6186853250234281,-0.6406831907907924
-0.6273163770467642,-0.6518960256982711
-0.6353451673985477,-0.6588872710316169
-0.6564187461081803,-0.6718765582399586
-0.6689775580906103,-0.6874108254311653
-0.6744822036504134,-0.691896802299315
-0.6711421029213975,-0.6939362172657584
-0.6749252630941813,-0.6993200662060455
-0.6928443582881771,-0.7001151869521964
-0.7020790372519843,-0.7130468360683759
-0.7073753902624598,-0.7242029232764653
-0.7080418789326937,-0.7256371679549647
-0.7095311498845549,-0.7276547386187142
-0.7087083676029275,-0.727639958098685
-0.7044930701377228,-0.72573208382455
-0.6993031487433614,-0.7207073006097924
-0.6842647116075933,-0.7032692549512058
-0.6673616139269323,-0.6875061568173779
-0.6425521845805131,-0.6626705499234371
-0.6274946336798879,-0.65186753312954
-0.607489585657188,-0.6177285683092466
-0.5765019582980673,-0.5841274007237518
-0.5573966818520868,-0.5689354005144269
-0.5418925692961205,-0.5488895131432125
-0.5257884507302928,-0.5267868778262434
-0.5017944430852455,-0.5026071936082988
-0.4836849819164153,-0.48373098554301225
-0.4703007758335575,-0.4714898360221744
-0.4584437120751661,-0.4592911879163603
-0.4472043434630566,-0.44174964893781005
-0.4413636043112634,-0.4410457340913576
-0.38957230597171866,-0.36104281562035134
-0.3600109691156599,-0.34824009537767986
-0.34151510716317385,-0.3312161120382255
-0.3177956966492721,-0.30756567728446016
-0.27683130730969574,-0.24700219966708326
-0.26464462014679685,-0.24772677162586576
-0.25271389122633203,-0.2433562490205949
-0.243018152044866,-0.23427170511816905
-0.2403010442991304,-0.23003456335027045
-0.23794926470809333,-0.23010156540642704
-0.22724696617668466,-0.21896729282127242
-0.22497297723423526,-0.2160808768897804
-0.22353839123850622,-0.217970958148338
-0.22277001195529977,-0.22209883388312882
-0.2206308729982977,-0.22627764008452655
-0.2314945255400256,-0.24053281353790204
-0.24843185882280241,-0.26077366724661055
-0.27642303254358697,-0.2885283378070478
-0.28891346236106247,-0.3041775843849879
-0.29964696915915945,-0.31778317179093407
-0.3237688372063873,-0.348567463120496
-0.34083526260134733,-0.36649397825426555
-0.34938994860453243,-0.37974278527613253
-0.36323327088082835,-0.402796805270887
-0.3895805866245061,-0.42864021806465247
-0.41662220097268965,-0.45489193530428573
-0.43694155764420395,-0.47741602320040166
-0.45132422050277143,-0.4886758114867684
-0.449898404875855,-0.482183809381157
-0.45489039195681275,-0.49461579975297476
-0.5083752173503095,-0.5037999044072843
-0.5213706185890248,-0.5325299705706146
-0.525672106074641,-0.5473060979955024
-0.5408436272501904,-0.5612753514896378
-0.5829678125359161,-0.5822013624370508
-0.6029498290655584,-0.6180805108925933
-0.6266148069012802,-0.643271859379045
-0.630385739013317,-0.6496512861584096
-0.6455184984234885,-0.6668605602338931
-0.6592980982570078,-0.6702232175798211
-0.6802093880439097,-0.6736858957138987
-0.6943983904743833,-0.6969957255522916
-0.7061474199096696,-0.7081825609908032
-0.7172735899205913,-0.7241791201096712
-0.7281044463285193,-0.734838427510031
-0.7396922553124023,-0.751146030504213
-0.7520818333084736,-0.7652257520616994
-0.7610411434673987,-0.7748135014396988
-0.7728847919746793,-0.7807748591324535
-0.7861623883628683,-0.7904772910995954
-0.7997889593584946,-0.8084019067287829
-0.8094430133183119,-0.8219712551488743
-0.8254363670231977,-0.8333359910634004
-0.8357501426681753,-0.8475887456164097
-0.8272280153607172,-0.8444692842165049
-0.8272055774628415,-0.8517784591292747
-0.8277022385515347,-0.8490498801566491
-0.8322823596155333,-0.8474983410702068
-0.857572601059289,-0.8549560928570055
-0.8521461319849417,-0.8569655906262812
-0.836451000499441,-0.8490194880833359
-0.8422154626703604,-0.836281707153564
-0.8557091277047599,-0.8478484435084896
-0.8718567567974207,-0.8656024598823999
-0.8828883077363481,-0.8805979207269987
-0.8910977291019828,-0.8927223397553166
-0.8698730210590393,-0.8618445868643649
-0.8783372728362624,-0.867078849818814
-0.8712800790782078,-0.8759789191785858
-0.8763968695461595,-0.8869621514697068
-0.8889311660475772,-0.8952614431458807
-0.8925492474002754,-0.9000973443737588
-0.8995581225105236,-0.9079649142741392
-0.9206415549001756,-0.928431541910282
-0.9344871625179219,-0.9305732926860842
-0.914256192168992,-0.9171897395579267
-0.900546814645491,-0.9140670727440396
-0.9011898563060402,-0.9177035555473767
-0.9054684903771532,-0.913264532058115
-0.9199312589055176,-0.9222680650580913
-0.9326964639326933,-0.9363509326700419
-0.9426210785764192,-0.9449387709641359
-0.9538486940039271,-0.9564221071960051
-0.9576859306977817,-0.9612169316372958
-0.9820971763961845,-0.9779047323454827
-0.9903639984159088,-0.9970665784122981
-1.003790943351863,-1.0142902174911834
-1.0201847363664565,-1.0307792231729531
-1.030750730604222,-1.046709062193376
-1.0570847498158253,-1.0572985628003446
-1.084367690285209,-1.0769663894002088
-1.1105165078000605,-1.1050817877526848
-1.1328684530934263,-1.1368068384062762
-1.1505698175747023,-1.162230757484995
-1.1652024136846075,-1.1759888691729297
-1.18067779623377,-1.1917821813015161
-1.215239994418756,-1.2039783066278071
-1.239028914928458,-1.2395119826874856
-1.2661096768788875,-1.267202129451651
-1.274888830900107,-1.2880101336769025
-1.2745991564513413,-1.2939152185464133
-1.295540482154447,-1.308843068899794
-1.3115034437860198,-1.3227619261629864
-1.321423725184918,-1.3432770505254903
-1.3409118111637037,-1.3526747307262463
-1.3879082850619577,-1.3675936771518986
-1.4254382217183557,-1.413849581701218
-1.4506559258308835,-1.4473681208373927
-1.4628573935138116,-1.4603084958027461
-1.4636750115173565,-1.468274543143803
-1.4737893985407349,-1.4793699055647844
-1.4969267889787867,-1.4936906267661212
-1.510923525929844,-1.511779371463103
-1.528942226395362,-1.5197042232985363
-1.5496810174224047,-1.5458558900702608
-1.5719613751368338,-1.5637987290715325
-1.5786339785765373,-1.5757035178825485
-1.5875225915492985,-1.5894515384523908
-1.6001044350247862,-1.6025159748107607
-1.5989737549223089,-1.5992691278848208
-1.6136100313223418,-1.6108895846037081
-1.6356186411624984,-1.635268657443252
-1.641556848643159,-1.6459704662586356
-1.6208190073684074,-1.6319496293431934
-1.5962142496407064,-1.6145401949723743
-1.5933695040909834,-1.6086888898263434
-1.5936640460202407,-1.5974698221694548
-1.6054679236503342,-1.6113308632619303
-1.613884509734451,-1.615908194428574
-1.6306216382022536,-1.6279376382277884
-1.6520579035680252,-1.6410222568223427
-1.6526928129745821,-1.6564040887708382
-1.6612060363543117,-1.6625613328736188
-1.6653692755220642,-1.6764899250977943
-1.6602857263842987,-1.6757036489198536
-1.6466327997625962,-1.6646192086502192
-1.5286969528662022,-1.525033164684498
-1.4672295781855915,-1.4791413714197539
-1.4017162587451717,-1.4069414396933377
-1.3503409519091003,-1.3564692285670044
-1.324249119531711,-1.3436780834303799
-1.3032303890168857,-1.3216617568528586
-1.2889727076238666,-1.3021119369751555
-1.2858430363868332,-1.2950753409699127
-1.2786859405596653,-1.2958918905021302
-1.2840724606782707,-1.3023974562576477
-1.2973342080751034,-1.304639583978709
-1.299037588809075,-1.3131750078182416
-1.2991062084121021,-1.321518581694985
-1.3096561755799565,-1.312596252515892
-1.305555501344376,-1.3185289989208793
-1.3000402897903351,-1.3214886644978174
-1.3140908064648722,-1.3239304776380685
-1.3535323570450508,-1.3413621124686907
-1.3905263959712324,-1.3729024363016757
-1.4110854463771967,-1.4162458067314998
-1.4260567478978923,-1.4306610282857941
-1.4220248119843755,-1.4389949859205908
-1.4146671997047628,-1.431515924066762
-1.4087262616862655,-1.42992437666506
-1.2959768933321778,-1.2953140849520717
-1.2380349991558897,-1.2379266086756753
-1.0725744973683897,-1.0878105423402114
-0.9295636466411958,-0.9459893750765753
-0.8847127818874265,-0.9054850516827282
-0.8135354959403822,-0.824006099432417
-0.8408091763249284,-0.7773752801662115
-0.816200263430954,-0.7857983364378109
-0.7448455518840407,-0.7101338270727349
-0.604749016061888,-0.5718611124469606
-0.5855663348041882,-0.5731134795617268
-0.5771414383875249,-0.5817197786659778
-0.5740658436715622,-0.5786556403370258
-0.4841299408647652,-0.45862719234589044
-0.29777972647522527,-0.2896481254379372
-0.0983922549667066,-0.08542417394623825
0.03173895300218165,0.04620292356078947
0.10397520533379027,0.10566912564455033
0.18091703507109158,0.18800506609884568
0.20024838224209746,0.19949554031277708
0.20494606483187083,0.212112361384358
0.21502559297819235,0.22004176906281248
0.2383124655229254,0.23835323067204217
0.2634093730159372,0.2599956961641252
0.2977412859501063,0.3107573739809106
0.35220376260818725,0.3712302096140119
0.38031565874909007,0.39374987522602267
0.4089784408985524,0.43037377787653214
0.5068498505742978,0.550572290887281
0.608395228589117,0.619911687432136
0.5211638641500789,0.5282926454870702
0.4776923662002425,0.4652068632227768
0.34190289765841597,0.393905189405366
0.32912641432278433,0.3948940002593699
0.3715741089826438,0.39985701989545114
0.3247047534925931,0.33699549789087846
0.27447829077156505,0.2844804883055649
0.2584773984078692,0.2728617826924642
0.18218222384178667,0.20651440266196075
0.07378804849739738,0.09704896609280193
0.0550869806905296,0.054525788385624496
0.05114453296065368,0.0433777963318282
0.043445028406117775,0.010483259290743088
-0.049035524196224076,-0.04977309959946
-0.14886922227443497,-0.07774190220182683
-0.23864887598947712,-0.16098985713346822
-0.2669206421527443,-0.19405083826355723
-0.29958600693397863,-0.27502903361842024
-0.33946373125381535,-0.3110491906094224
-0.29550667244518736,-0.2665442137681444
-0.2035805043530081,-0.1755765831756923
-0.03477172135289167,-0.016186504775680774
0.056767919816655465,0.06084636020270406
0.09636229518638358,0.08370334369676756
0.10838285731768878,0.09453503855789003
0.2057771871258038,0.22881840030450878
0.3326018250735136,0.3398620877432951
0.44069518121959717,0.443352766208468
0.46677736767528066,0.509755083473056
0.47778090092162245,0.5055090971369471
0.58077957802028,0.589592685685904
0.6256443329013057,0.6303651953829321
0.6761487762460161,0.6943644315928876
0.6394319462697806,0.6846568353476632
0.631141202364226,0.6762223226890531
0.6765757492603546,0.7125364576938897
0.7465411512840381,0.7832581593388281
0.7882681620335565,0.8310805022136554
1.0427870548704554,1.0987038397241837
1.0094998991361837,1.039080527835654
1.027000391007906,1.0453079348889351
1.045334171795975,1.0600309949045614
1.0683401402607549,1.085710159911496
1.2552130448877141,1.3037319717084974
1.2992189862595716,1.362865330133889
1.2561972256992993,1.2943520993631983
1.2767093820858937,1.3361369262834335
1.3456228147282194,1.3854951966914189
1.3672794226255112,1.381266662053658
1.392978413711521,1.4373046590435299
1.426813339079647,1.4726109881485419
1.327916938923561,1.3702572522150154
1.2621697429814736,1.2784407805124505
1.2814347558909025,1.2903799978440167
1.2892275921578817,1.2739516575898369
1.2743377318961426,1.3086331684063839
1.20376306377776,1.2063539880277039
1.1405289123977518,1.166601987167393
1.2043263856053803,1.2430361520453168
1.1242460029631365,1.1378362459336306
1.0160714726759286,1.0171285469758506
0.9706549117138115,0.9561986727324479
0.9410970177098078,0.9640632152974005
0.9094995306608059,0.9545659891846404
0.9552826366477445,1.020539819767176
0.9458591350565759,1.0036240191496224
0.9328826695041632,1.0092815748282822
0.8894454516760815,0.9415807977830537
0.6775725142897959,0.7562112916732848
0.803591465497117,0.8474031231659394
0.8257648573597682,0.8445927467772483
0.8088744032564816,0.7978849382159507
0.8031263243125826,0.7848237072715631
0.6365102114249657,0.6392235350014166
0.5259852222960004,0.5328228451962713
0.5181567703181071,0.53506734729806
0.4699190592147475,0.5158449545226913
0.4738436731193773,0.5361685257199971
0.6189270911039235,0.6590830928450335
0.5978728635972208,0.6258433653657958
0.4941462013674849,0.5010041845824948
0.4721541825126623,0.49754530545758135
0.6159555536233474,0.6589690632105911
0.7062494536843464,0.7487829228479901
0.8405246015576358,0.8716077383815237
0.7909552487029676,0.8060993457811134
0.8187580004731385,0.8551539328940405
0.8061648786891948,0.8142969546026284
0.6977501204318732,0.7113473678255138
0.7120523808230528,0.7093645818394234
0.737817795209917,0.7387576938209326
0.8218996623328463,0.8537310852430335
0.8635607840171742,0.8869098504970905
1.0244507809826222,1.0682125172966468
1.045014342711969,1.076964959534681
1.0745032015963178,1.1100710687384738
1.1262184010335436,1.1706858032998075
1.140985268373594,1.15250018386914
1.135202107954445,1.171486088324041
1.0996586969337832,1.1341071622819177
1.1492096483378125,1.1636222580733067
1.2142080833174551,1.2213449969084385
1.277038589973774,1.2990913632954635
1.2957292401851994,1.2926981057483606
1.3081984192951628,1.3031703119473863
1.2889803004051037,1.2762774822315455
1.2540272791523568,1.2523921618643035
1.1951199617722315,1.1995274059978163
1.0302556669854288,1.0313971505202166
0.9922753103050076,0.9980268914604797
0.9876481765026027,0.9796684171128437
1.0021104701548216,1.0209218576262449
0.885169844940396,0.9119277504713919
0.7723409941914523,0.7838803658084925
0.6248457693030998,0.6228476685613165
0.5824741735455594,0.5805851162386906
0.5103913581485313,0.5109666112393076
0.48972554964910286,0.4839482064627363
0.4407299658972563,0.4381818101801682
0.43186171323923417,0.42261771483107125
0.42696060558062476,0.41170040128489993
0.3598622089259853,0.3598356158618363
0.30065192056501977,0.29594177247642656
0.11796645152941493,0.10844747015323825
0.006751209981851822,0.01132890426179813
-0.05961405442223744,-0.05281178753498818
-0.1755084384488106,-0.18329784670361454
-0.2201790728654764,-0.21462707325003746
-0.2915450478809662,-0.29656588368776426
-0.41263122312672373,-0.4394034936611215
-0.4963792523193542,-0.5105151873405662
-0.5439132860143341,-0.564236263616458
-0.5964310854970025,-0.613243600552906
-0.6034280887036128,-0.6248203093068876
-0.5867512695062909,-0.6069268574247497
-0.5081825363542658,-0.5108675454405402
-0.4656372546465024,-0.46915863934406965
-0.46972866879724523,-0.5085598254518795
-0.4670063225740295,-0.5042164301464214
-0.4650857156832428,-0.49054213409817055
-0.4539356534662497,-0.48163933420056204
-0.48398994144111485,-0.49136705332245273
-0.5108146561098332,-0.5112156890147228
-0.5244422362172687,-0.5265203535895717
-0.523756396344105,-0.5269893531427885
-0.5206979565288992,-0.5233905636335019
-0.5181904324020119,-0.5197824546798595
-0.5210776793667586,-0.519042538285625
-0.5168709890316914,-0.5178472750273573
-0.5153399289790246,-0.5153334587915419
-0.5104624167288956,-0.5107501916730792
-0.49911851600525403,-0.5015799177865079
-0.48903855750242564,-0.49786608953096967
-0.4848963316041124,-0.4911354324824766
-0.46162318594796065,-0.46263033889308525
-0.44760843338313294,-0.4659441433555431
-0.42062478360446165,-0.4343601902766887
-0.41343296245915284,-0.431529928449404
-0.4110727686564124,-0.4254211217134662
-0.4063170621376086,-0.4199702261973839
-0.40354761413670936,-0.41323639341466767
-0.39779288692677306,-0.40491214106109497
-0.39565588491242587,-0.40977879051939525
-0.3929656818683098,-0.42076561406136664
-0.4034052700120905,-0.43936016121284305
-0.4786076061685416,-0.47516303268751175
-0.5205633291416449,-0.5249147973415769
-0.5312095180884848,-0.5529326680056672
-0.5340639392396727,-0.563291260086878
-0.5315543375296488,-0.5633970981078102
-0.5171971695841437,-0.542312656606349
-0.5032876911248254,-0.5387002737673969
-0.48917615286558935,-0.5268557348673435
-0.46928644038673206,-0.5064456768520353
-0.4569177866208227,-0.4903578227941916
-0.44809019523276045,-0.4735277966804221
-0.4439460698298651,-0.45966907060915596
-0.44014406301005615,-0.4521558176728499
-0.43535832057504836,-0.44107927221913473
-0.4340614338216399,-0.43811171182627734
-0.4342554207270839,-0.4356221736334016
-0.4372821328798173,-0.43459023808943287
-0.4337043269602108,-0.433961620791804
-0.43455150600381404,-0.4349633720207733
-0.4561723497913965,-0.4343280174178299
-0.4701402973761317,-0.4546426846874072
-0.4920808218489247,-0.46786721366633466
-0.49746704516993945,-0.48899403786378337
-0.49692648771754494,-0.49601888068442457
-0.4983705860760639,-0.4966261285555051
-0.4968881117890353,-0.4960458892652009
-0.5025036112490577,-0.49966112136102603
-0.5069337901701092,-0.5071439228645007
-0.5121117209417962,-0.5113746538044348
-0.5186818698531044,-0.5152835967962626
-0.5167590963399038,-0.5183787207937096
-0.5132090409950509,-0.5162510382237182
-0.5208629166299483,-0.5257082560212185
-0.5252662056892599,-0.5362283059919053
-0.5309731484870535,-0.5559728844487888
-0.5166268433333772,-0.5189057739557159
-0.5167824839900705,-0.5352852613264256
-0.5305736589296368,-0.5559236160486913
-0.5436511543820084,-0.5609228746706274
-0.534127572643172,-0.5509116544898627
-0.5406850186175876,-0.5675414609487783
-0.5374249938786095,-0.5552599766353306
-0.524455473389825,-0.5293121504490694
-0.5342354288877227,-0.5493091849368137
-0.5435592064883326,-0.5597507616244537
-0.5540056506564641,-0.5708016637663109
-0.5638808781810563,-0.5795135634534214
-0.5740861446267831,-0.5876792962136685
-0.5737637037239767,-0.5921006305665097
-0.5768781195648354,-0.5976562065929196
-0.5840329003707938,-0.6073731222824998
-0.5873782247374104,-0.6067056838599749
-0.5916620824461243,-0.6172052547968863
-0.5967087099635757,-0.6278028282983288
-0.5921843868466754,-0.6269683521916181
-0.5938096504547092,-0.6290838067008624
-0.5911563393511481,-0.6281537024103481
-0.5938523893078058,-0.6315165971943488
-0.6026219270870785,-0.6380039395777823
-0.6157927950615625,-0.6453526479296665
-0.6180823510376572,-0.6429048988375963
-0.6297283323493661,-0.6566618233351671
-0.6418506144350291,-0.6682273131402108
-0.6560696527817067,-0.6771667378605424
-0.6696401883921619,-0.6919750975038073
-0.7230937906790909,-0.7099495751282741
-0.7596644775215433,-0.7545879921664425
-0.782402853278324,-0.7936036975631284
-0.8031103024797626,-0.8110445331190699
-0.8411102478011865,-0.8341244041839959
-0.8592571054664762,-0.8736557657151958
-0.8859602815217011,-0.8949126466169981
-0.9250786788848553,-0.9240151937569686
-0.9408290147222724,-0.9604148064679986
-0.9460379311624546,-0.9693503134601296
-0.9574914689161925,-0.9863689247631877
-0.9736320935857069,-0.9979049722472093
-0.994202719097718,-1.00988633483669
-1.0199619007351723,-1.0289108229784143
-1.042741234559504,-1.0529164057295086
-1.0622654111253491,-1.0779683780672509
-1.0839712874227383,-1.094866845705493
-1.103417109424573,-1.115119126121453
-1.1246634243321376,-1.1362543200109665
-1.1536686218622771,-1.1557342143762421
-1.1721205280915437,-1.1767668350183238
-1.198768440435334,-1.200426945373554
-1.211621082032803,-1.2203614149291264
-1.2267063538284229,-1.2454224099136335
-1.2414105375172648,-1.2598187551411437
-1.2694316729548556,-1.271234184084204
-1.2891040108781022,-1.2953416277685117
-1.2998484398275458,-1.3114533443526675
-1.2926808967251768,-1.301117308888369
-1.2773889350872205,-1.2897206375530565
-1.2847105754988102,-1.302104932552009
-1.2787335468932535,-1.2855122851514802
-1.2846018288614867,-1.302758599566314
-1.296319279033096,-1.304219081151853
-1.3079120742165071,-1.314460616263194
-1.322852864944853,-1.326470233983333
-1.3327371744757281,-1.337954163810384
-1.3260432016094763,-1.327640566243961
-1.3308961983785932,-1.3359859209062501
-1.3453929799108801,-1.3406188125819196
-1.346595841187476,-1.3504061286600726
-0.6552796369541201,-0.6739137175447107
-0.6862287993454539,-0.7052652187503343
-0.7346243177279208,-0.7400069201183259
-0.7650755131211613,-0.77713071895127
-0.7874810006999342,-0.8022548724631309
-0.8053032805197626,-0.8199995100331672
-0.8179362918999298,-0.8281359785509468
-0.8400205851257783,-0.8595732542603545
-0.8643237371415575,-0.8837335279158511
-0.8776766607583293,-0.8898486267607171
-0.8935448845988712,-0.9221783134665885
-0.9782331685596264,-0.9565998295934651
-1.1539670815197351,-1.0612071496350632
-1.254707900625011,-1.1849092988474406
-1.2492807785959634,-1.2479098111638542
-1.155417828144291,-1.15573789466637
-1.1230001706324624,-1.1210794153428802
-1.1377416320987275,-1.1439240446372205
-1.1402479096757328,-1.1494872186819587
-1.143065468566125,-1.1345889293686364
-1.0143868547867962,-0.9998194354278636
-0.7994125606536537,-0.7840261580222576
-0.7247189355680883,-0.7022432850388152
-0.6795587483650325,-0.67192831973982
-0.5619016537660573,-0.5440317082531225
-0.4168118843130648,-0.39822627076907596
-0.2976873037054039,-0.28302749125640875
-0.2607216683086763,-0.25739860376138085
-0.2403678534368529,-0.2404563287987147
-0.22285954094860938,-0.22747364533677153
-0.20811074858184778,-0.20619977277288745
-0.17093708775362448,-0.16247687242363823
-0.17493815671768262,-0.17912656432114749
-0.16371781283115286,-0.16389010383269847
-0.1289109643919481,-0.12126721697484186
-0.11806998718616875,-0.11297303021723222
-0.10888456920251928,-0.09669440208786655
-0.09676800047048201,-0.09138932322821719
-0.05895672566765418,-0.04746946799761462
-0.03424147390681286,-0.015630107606854366
-0.03641966400684386,-0.040156197278089646
-0.046217379130589965,-0.04990954487195885
-0.05599609178857552,-0.0588754958769814
-0.05366515480836286,-0.050516970821593926
-0.07888345993601237,-0.11098358854516485
-0.19654711376174755,-0.21919158276075218
-0.2579858771545906,-0.27301538068287123
-0.2764178979452636,-0.28921747213347104
-0.29565412148837056,-0.3250711850354693
-0.3305366829930263,-0.359882396399261
-0.4680249022264056,-0.4454124576874643
-0.42051790679196105,-0.3651694893248989
-0.39813693469420053,-0.3584287114785545
-0.3563179760510062,-0.339639168309825
-0.3965196549413632,-0.3624770009393325
-0.47968685124850746,-0.42516566802693684
-0.5807442049845302,-0.5498782052781801
-0.6048143708914149,-0.5795916212198409
-0.5959426753813377,-0.5670399323795936
-0.6114625775691425,-0.6076076517388673
-0.6154608566358457,-0.6115287040724058
-0.6383033489875312,-0.6151327765788113
-0.5826204999949882,-0.5645578141264915
-0.5725292631837038,-0.5708086681894573
-0.5587907401367718,-0.5321215177259513
-0.3602564504031333,-0.34677504310924
-0.23597800930841137,-0.24276885690834876
-0.08764460576340101,-0.09723237740121979
-0.09937386105919031,-0.1233761270972058
-0.12075515209117847,-0.142326809098001
-0.08547474083579606,-0.10458994516119378
-0.02804330512621028,-0.03610355231266446
0.13399394437719953,0.11893096208065992
0.23510041811452415,0.23661911654752796
0.2356843970544744,0.2110468728727326
0.22697490142785057,0.2060883793999133
0.40025366019599473,0.4090526996558077
0.4150189248290539,0.4077384502433287
0.4196246001656332,0.41139725222550516
0.42397606836556506,0.39618183468625445
0.45682621932692385,0.40384143851465715
0.22724559567067512,0.3654608799626009
0.11794049658008653,0.12001465170455038
0.026303529915512353,0.028832529203089704
-0.04300899346246706,-0.03430230999301744
-0.08198257586105771,-0.05794811470436405
-0.06042421538630969,-0.02822020205537039
0.13300465864705013,0.18475335169241422
0.2103922412662571,0.24301182501908755
0.30009023112414973,0.32039474791611666
0.4474970103303997,0.48412215953079113
0.5468555540153515,0.5595184825926862
0.5497779418148665,0.5565029003496134
0.5866315954805292,0.6026500582616092
0.7247591167248115,0.7501615476579457
0.7255524566854168,0.7393711744414231
0.7105945110563139,0.7469065684780138
0.6554326605549219,0.6880175931890091
0.6950400616289227,0.7172734066049455
0.720365206469374,0.7180655000156688
0.6968734397077296,0.6783751143352388
0.6521773252178809,0.6335555320475554
0.5015323655753468,0.4826768146223903
0.4730401826811616,0.5043054048270965
0.6801586304187663,0.7131421622174974
0.7637588544111045,0.7782204357491052
0.639356975198307,0.6598954872109777
0.691585812546428,0.7188258360841606
0.8575387015373115,0.8919078625691446
1.027725408163075,1.0439401728708082
1.0710364870150035,1.0922693866714572
1.2091564696004757,1.245399491902521
1.3464464874026196,1.3632302724517193
1.4278916640870807,1.445488793254416
1.5472177108994773,1.5771188809971723
1.5933217738012677,1.605162216894566
1.583759905173199,1.5794257105930603
1.3762279887116438,1.3607864410878496
1.312721139705072,1.3237686583543924
1.2407115145939718,1.23738702541824
1.1088227380709446,1.1326724427272727
1.0786626417549061,1.123767921403637
1.048535074454836,1.0578631853002738
1.029719056940994,1.042150483397389
0.8680919334786663,0.8843936005210293
0.6606311297199026,0.6619341898632027
0.5375437076778977,0.5317142468345606
0.43581024902969445,0.42128144303734394
0.37408201894639936,0.36143185266547534
0.3736224575565747,0.3846338856188358
0.7018019417839836,0.7516017282882641
0.7863130375829426,0.7925493485639519
0.8392202948644536,0.824445176551375
0.9070983194309965,0.9285111971466014
0.8200349424284352,0.8189382159703624
0.8828774990669463,0.9047435273444113
0.9395740899111328,0.9533011565710544
0.903299607064447,0.9057099596600577
0.8769963954427842,0.8906567420042604
0.7470226756955929,0.7464743124665565
0.6573567993370408,0.6421675890250709
0.6709123763489122,0.7107286042079044
0.6253103762519705,0.6388506385081489
0.7619542656986196,0.8108925081558949
0.7932201111194954,0.8462419916306307
0.8350330150918344,0.8796799799006221
0.983711156458671,1.0286666126834907
1.063713303255941,1.074307315186292
1.0832559999914613,1.1033340008620163
1.0971584740276332,1.0998161183760224
1.0996626146619837,1.1035263257009509
1.1479278389020242,1.1878637355496866
1.138474123316097,1.1431956981119418
1.1138425350861743,1.1229649058415665
1.1170585150626555,1.1360044112022967
1.1553539520656277,1.1872472275937684
1.1727855868962498,1.1940291712659776
1.2022280266373746,1.2317668662360395
1.224809218389989,1.2473276077723587
1.2421791193216938,1.269165855795311
1.0347402785846602,1.113454086399141
1.007861457715112,1.0386229846694481
0.9757338901686762,0.9776970281542459
0.8304963451951506,0.8161857744714245
0.728457689584175,0.7206731042902239
0.6237527231351547,0.6322533029375099
0.589537956210133,0.6193373840936507
0.6012974922801388,0.6170967997200625
0.501197934049866,0.5149816890496586
0.5179837373225842,0.5397036818257843
0.597006748867315,0.6143703576900916
0.4643772249167985,0.4802460126727632
0.4932266630712083,0.5362816649616666
0.47953541988051435,0.5394169159934099
0.46295805755591934,0.5152255379503818
0.486777251419898,0.5450216417008809
0.4792080521376982,0.5341948810997079
0.5507370729097756,0.586909398025657
0.7100345133617123,0.7764533622521161
0.7871723853277748,0.8239762363576764
0.7983470520650575,0.7966005169613621
0.6942668445449838,0.6804433186680041
0.7776415023682011,0.8018195838791546
0.8641096814818743,0.8709202958013689
0.9474207652611104,0.9667614021967131
0.9902738854302054,0.9983371043025391
1.0345846379279668,1.031711755966622
1.0510468131075148,1.0448076528696324
1.1611491031074512,1.172053446598898
1.2454158751295414,1.2676106364187407
1.1884135234071598,1.2041813109429247
1.144135478003921,1.1390125141460776
1.226980233408259,1.2430601332906652
1.3427659598367858,1.3522079222381114
1.3789512846871508,1.3787971873779303
1.5173098925357456,1.5330743559384918
1.5681411100280902,1.5721484711010767
1.6803311930017946,1.6949783915531744
1.785911118748931,1.8014744721040505
1.760080705689649,1.7464231490255278
1.7463135713549496,1.7559768260400863
1.8326071147661087,1.8525326803939526
1.7792157212542425,1.7827412017585649
1.6131111686943844,1.6154273770941463
1.4890610539863791,1.4797736637704195
1.4414213603490216,1.4629939151685567
1.3584898213290904,1.386765015504533
1.3319377152476581,1.3645104198209983
1.210149435620753,1.246174252333933
1.1362143064586154,1.133352821524763
1.132857169547879,1.1354659016532795
1.1338186750235157,1.1273843406898256
1.3073959973282745,1.3529317522029165
1.287682701337477,1.288696561908157
1.2389631393452125,1.2482904191573956
1.1858285351090352,1.1712005690415486
1.1594209100948765,1.1510382776551642
1.1642020818469836,1.1706575481691492
1.220376368290619,1.274258665017914
1.2337875829542528,1.2707471933598844
1.2418843399543638,1.2540454431649228
1.26388214636221,1.2657149308458349
1.1973825091675498,1.2152221813262079
1.0924325066274425,1.098517094679959
1.0447801100531924,1.031974006317984
0.917477449905501,0.9252784777859906
0.8538607264307598,0.8584830521121913
0.8159773632030605,0.8467935009141312
0.8040228311158015,0.8332331751408046
0.8036628749974992,0.7990407273946223
0.759979552607003,0.7406601070193941
0.6247941858817929,0.6075479901859955
0.570325476474302,0.5418507155987056
0.5399090063992025,0.5133564848011429
0.5439876582535346,0.5275411539867887
0.47062638723349587,0.45985702728641237
0.3940073174564113,0.3848605499390432
0.2871337103698488,0.28157673939476147
0.2262967040926538,0.2379578962808988
0.21805726165069458,0.21231807179464446
0.20150460772554596,0.1823909764273803
0.1942886717759726,0.16578718427731126
-0.05805958816955442,-0.0891917299856779
-0.11842359183602476,-0.13753916715841114
-0.16290207949231056,-0.1929375059802709
-0.17838871067017004,-0.21472249367552737
-0.1980806669141783,-0.23307185633712119
-0.2287964425198698,-0.25663120391022454
-0.39916700041334624,-0.44409515125979854
-0.5312273259439417,-0.5704418857265632
-0.5924204002909976,-0.6271467869032963
-0.6183500031051745,-0.6631802107466138
-0.6463262627470139,-0.6959465460682888
-0.6554178259124657,-0.7030612591994692
-0.6526896624564673,-0.7035811892192927
-0.678279669467081,-0.7253999079607605
-0.7091598560982784,-0.7506454516873193
-0.805226113146116,-0.8334543539426706
-0.9210438937144654,-0.9355437619416984
-0.9301705977146855,-0.9720449387883509
-0.93029964530723,-0.9632422190384099
-0.9259238990643583,-0.9807092915013913
-0.9166677913144847,-0.9574712273204898
-0.9099342256496004,-0.9395929714750085
-0.922538922539591,-0.9324192549827475
-0.9203345474720984,-0.9360790660767332
-0.9120939029998959,-0.935581811392858
-0.9097446313485025,-0.9301751683975862
-0.9308943089604542,-0.9298305863944949
-0.9387754721905,-0.942477369182882
-0.9368461691302985,-0.9485549528122521
-0.9339639083650797,-0.9413466890804048
-0.9275449481466007,-0.9385193952290296
-0.9219964359028555,-0.9310871086755343
-0.9139670519558901,-0.9248374418029324
-0.9048868858179306,-0.9145725190414248
-0.8934528773456771,-0.8997526436516311
-0.8877227249762714,-0.8902680017567273
-0.8692539012843208,-0.8675045169237523
-0.8565758360298477,-0.8593408617466418
-0.8463230226100509,-0.8480052713555468
-0.7875972859960678,-0.7692501493164061
-0.7537219367960548,-0.7451057840117843
-0.7347073616938682,-0.7345400865716096
-0.7215718126327071,-0.7246171933539112
-0.7017314872729836,-0.7027819726663866
-0.6879330704721982,-0.6878138172001551
-0.6788523700985751,-0.679338287114476
-0.6697265564911279,-0.6683541644305822
-0.6488992604224644,-0.6393937239771577
-0.5792035286899166,-0.552995826533021
-0.5118106494655381,-0.4894305084010322
-0.49079494628614045,-0.48250144216299007
-0.47331258874722537,-0.4639925804760205
-0.45504914898821114,-0.4428889361704249
-0.419346624779042,-0.39276397822550124
-0.4064009964963288,-0.39062442375187184
-0.39675958611388595,-0.3829257910402594
-0.3839615255933923,-0.374212021528326
-0.37714058271773276,-0.3721610017760765
-0.3714710957759168,-0.3722886544199435
-0.3381987205616747,-0.32434159719739974
-0.3238702529432145,-0.323188865033915
-0.32219910442762,-0.3332426163094626
-0.32157986593386506,-0.3346453410838032
-0.3208781770693447,-0.3362856523296982
-0.32291993673675656,-0.3387348557299641
-0.3212563565597312,-0.3374692811224007
-0.3259423453244212,-0.3374658679501048
-0.32502978177153197,-0.34270541390167275
-0.31784861565973815,-0.336516204698347
-0.3675269822695617,-0.3754923766559186
-0.39299108774209496,-0.4029321152926004
-0.4061443259396766,-0.4269748274223224
-0.41094852918484137,-0.43415908022906197
-0.42335728030528785,-0.44804840613195496
-0.4329645589647717,-0.460749918396113
-0.4387750247622881,-0.4720606074693274
-0.44782088109873386,-0.48607242173800475
-0.4663380531182499,-0.5029065436585294
-0.5338197341818403,-0.538613312073249
-0.601668613224952,-0.6011668472176945
-0.6199649381570433,-0.6436179847296091
-0.6332269229919485,-0.6573318735764924
-0.6464352468224102,-0.6667055131723816
-0.6885371722888147,-0.6913988353012217
-0.7105125407987851,-0.7258823227650881
-0.7271384295295003,-0.7407487953766607
-0.7401747888357664,-0.747753634039672
-0.7553596659029085,-0.7706159524704328
-0.7666611245710444,-0.7814035357896005
-0.7992504498094777,-0.7870710638673162
-0.8149611928482623,-0.818448623901425
-0.8215839342926865,-0.8334213500505572
-0.8167089745018397,-0.8232556764034629
-0.8105540454202684,-0.8176247137889521
-0.8069351330343155,-0.8182050124387745
-0.8106119803100216,-0.8261087322857323
-0.8239330872250437,-0.8377830280876177
-0.835815141340593,-0.8468318523999729
-0.8591535824667533,-0.8659466263688638
-0.8640047390908061,-0.867468129539102
-0.8703959784142905,-0.8751224206906267
-0.8822061481533121,-0.8893930424586112
-0.8969929009319559,-0.9009455325291713
-0.9019577903928603,-0.9009694544150016
-0.8995878022696183,-0.8994281845252065
-0.884454152466674,-0.8808506735554504
-0.8663373307175883,-0.870101377125515
-0.8519870484761933,-0.854361073046672
-0.8389082471144216,-0.8405462730188662
-0.8090873310853193,-0.806873636573471
-0.79438961758396,-0.7950116459750698
-0.7968952422062652,-0.8028298881158344
-0.8061487974968566,-0.8116383657390396
-0.8107766436134798,-0.8180878367498681
-0.8109693246095235,-0.8186060453436641
-0.8010090942548838,-0.796760021223829
-0.8138381107641133,-0.8122517870000119
-0.8143851680837495,-0.8139884090641696
-0.815114102967119,-0.8167203121698139
-0.8246415430746377,-0.8227737958347989
-0.8410607419630163,-0.8426779326765763
-0.8524133091763135,-0.8572515847849191
-0.8779063820937234,-0.8797054503710167
-0.907377551841652,-0.9047639522557597
-0.9231097830260214,-0.9157978775754146
-0.9092262446761519,-0.8988320962435454
-0.9181085655399849,-0.924554771777313
-0.9208940702905545,-0.9167932179764195
-0.9149558628098939,-0.9190255513769794
-0.9296383802745966,-0.9325815439054782
-0.926953311828804,-0.925323299459315
-0.9137290202879493,-0.9190352863379626
-0.8904590206862617,-0.900459437434716
-0.8854115027760374,-0.8966832816850785
-0.8881770627284953,-0.8970458496221813
-0.9034167879904448,-0.903533607522242
-0.92610648894231,-0.9287316636342491
-0.955405100570861,-0.9573484718368734
-0.9735266710814019,-0.971355003108432
-1.000565347133435,-0.9824847940499631
-1.0202023067838406,-1.0076355406259734
-1.0323745695838193,-1.0307711502784795
-1.039124815273315,-1.0433391036267106
-1.046209967364437,-1.0536961523604484
-1.0370182646917991,-1.0361784462284513
-1.0381844417861539,-1.028111843863581
-1.029025268129484,-1.0353544173969418
-1.033195867877492,-1.0379029589508983
-1.0272213323716992,-1.0291634570878296
-1.0260510001110712,-1.0325007679194906
-1.0401725107693631,-1.0614353276229844
-1.0615648500916743,-1.0786299992569932
-1.0780029253068373,-1.0954844221327387
-1.0809992750660167,-1.0951128315488712
-1.1032475786406233,-1.1121232512384192
-1.1501572689232837,-1.1400031110227187
-1.1700633646291616,-1.1805447121939887
-1.1930675523083958,-1.194391625721135
-1.2193625129570302,-1.2251018660517556
-1.2365741614132413,-1.2587676167930408
-1.2676580105513475,-1.2718582900584503
-1.3087184139115957,-1.3112561520332418
-1.3470962419258152,-1.3400812527851935
-1.375442786242122,-1.3747159883014073
-1.3971968624682811,-1.3924624660165075
-1.410778913825265,-1.4046182268704295
-1.4243272489759176,-1.428288428343752
-1.4296952489248478,-1.4425386304374792
-1.4517042149221138,-1.4573659257670466
-1.4697293262155962,-1.462047017371486
-1.4925268240524938,-1.4882509205192174
-1.4836807124947564,-1.4762674209870819
-1.483172713738089,-1.484869683644096
-1.4733183214043817,-1.4813312627648083
-1.4757519429311223,-1.4696813637248989
-1.4790186159361378,-1.473236167831207
-1.4970585671091678,-1.5037279651348892
-1.5115135595406495,-1.520339963738348
-1.5333708026094224,-1.5224542310572284
-1.5626392002432152,-1.556841674820664
-1.5712355269484102,-1.58697232881568
-1.5644279399643435,-1.5826056052195732
-1.5622531259369092,-1.5802669589219358
-1.572333796753956,-1.58197746279809
-1.5736621440520049,-1.5897606828231228
-1.5774262498194498,-1.5962991337517178
-1.4975045945288454,-1.49423792152383
-1.1840627133990191,-1.2069949573422076
-0.9667136230216614,-0.9671482534138465
-0.9370789178011203,-0.9576218817776552
-0.9249859593174429,-0.945335886140825
-0.9083012453042019,-0.9305815436591127
-0.8911501435565443,-0.8940023684055591
-0.8879201547337703,-0.8974062806166289
-0.9001206726644073,-0.910593472458615
-0.9119519743919043,-0.9121469110496393
-0.9297050410135237,-0.9377173887787688
-0.9449197759183153,-0.951760188715941
-0.9386761043570504,-0.9481640110254547
-0.932948623165963,-0.9362563729575657
-0.9325843931623513,-0.9531065219480015
-0.9619099540121605,-0.9617585872407768
-1.0021262650237512,-1.0158928057632686
-1.0497493379960157,-1.0528741417525576
-1.099541882639077,-1.0936741942660257
-1.1442232166088966,-1.1293099686969905
-1.1571328433438277,-1.1507480148483078
-1.1608483930253934,-1.1572636717219178
-1.18182806497725,-1.1789650366959246
-1.1772122688428193,-1.1736803775105324
-1.1088512358767668,-1.0944468177547828
-1.0269695292955385,-0.994455828083279
-0.8493261987138221,-0.8322604559533213
-0.6244776861678967,-0.6180368816467239
-0.5142931238757493,-0.5286439997123262
-0.3546490535173438,-0.395276666630471
-0.1829150668505683,-0.23231487408140708
-0.23238784176914182,-0.17806646268579773
-0.16673121361193224,-0.16737866271670682
-0.15059535254375267,-0.14172165364993652
-0.14517015969904645,-0.15034847630760168
-0.13128316365724246,-0.12561017450385337
-0.13809256110661414,-0.11477243981175507
0.05998643741253938,0.08866545068025665
0.1790196674316762,0.20004942397700515
0.27243026867498416,0.30328608822396474
0.537477462455598,0.5492541534263606
0.7964408398574319,0.8169870686074672
0.857085432256415,0.8798715330658202
1.0103829313287738,1.0553569077232685
1.023859916338562,1.04576191648405
1.034749301231425,1.0709082704557136
1.074160222300218,1.0959985890422064
1.1108363316469754,1.1291731991299903
1.1433298506230507,1.1619369226328646
1.1705591300879907,1.1913531254669498
1.1869582654592212,1.2100162328619353
1.213858811912427,1.248031136781943
1.3205949423548622,1.3448892498024312
1.3382212764051464,1.3242805748392603
1.2938146582855088,1.2880220003434493
1.2281803641470181,1.2274090465676613
1.105896788700338,1.1336882028025348
1.0092153296059825,1.0542179172882447
0.939680521527247,0.9422287662836125
0.8422459088661005,0.8455451108870837
0.6543773670405455,0.6673116873350435
0.4570888851949133,0.4730767481443665
0.314677150084808,0.3477265115892114
0.3391596865645565,0.36472847254741736
0.3397745918134835,0.34647227464962227
0.32626662113520033,0.3186185330533264
0.31412893525456703,0.278129138578304
0.12186623831556191,0.10026048668547924
0.05467425396055665,0.05809118074598957
0.14493374034088524,0.19549134013413444
-0.015338213668603908,0.007685012648597029
-0.21623819445286255,-0.19364248929805078
-0.19879824928969397,-0.16098003313320786
-0.25372237976061585,-0.17684132675000108
-0.24889956730649856,-0.26686739666492815
-0.21541477405641468,-0.21410003492791072
-0.032770582145771096,-0.007714601185566087
0.07233533558880115,0.08444431372244995
0.1723582829409105,0.2023271080494619
0.28498041416775854,0.29732701587266036
0.41553876580960014,0.42620329684756064
0.4912720431764989,0.5021961830672621
0.5757153207259262,0.602134936362759
0.7037585502225523,0.708164391741146
0.9040614864804117,0.9341055942979073
1.1176952052547582,1.1429651457432932
1.1281929360466056,1.131511607989555
1.0604634883540915,1.0807259786071801
1.1406137965087628,1.1590497943871545
1.1489640186515435,1.1580240619128366
1.2889535886219181,1.323876099082316
1.431756918473521,1.4639628999434853
1.4270383116535859,1.4857546101041768
1.4581448361276406,1.473485353851476
1.5245362015611228,1.5359819038584597
1.5630870032113469,1.577384099324444
1.60001277869161,1.613574172936264
1.8925729310745925,1.932611519688724
2.0011356726107614,2.022227771490069
2.0621411115208197,2.098001383649578
2.0518619424749467,2.054299719167961
2.0910062205880315,2.111813156341955
2.3710245378107864,2.423246430095279
2.6526085216853126,2.679600719234603
2.7549908689066065,2.7657366037654505
2.742651924579551,2.738662490081058
2.77177584114607,2.7724957533826746
2.7659353394323496,2.75386541244173
2.849015633404864,2.845292129547861
2.852931224662729,2.8293448388290905
2.810997524070874,2.782721261424104
2.969296774864932,2.957586566554543
2.8607719047013696,2.812501931699874
2.730031141260131,2.6887720022329837
2.5174891627443294,2.466049628909577
2.305078724920836,2.281437728330463
2.315929882283985,2.330902252276008
2.3244498726487883,2.3464095702459566
2.3514266367233496,2.3949597201733077
2.370952119198595,2.391029882631077
2.2708826562440443,2.299353380672404
2.1594959449895192,2.188359154552149
2.2341222563814576,2.266365871785954
2.1822707674904684,2.166469263748372
2.1078638488777584,2.0886342142411713
2.100243748808712,2.107400369759734
2.1277072609324286,2.1453009472477085
1.8574563149897154,1.8373012654645497
1.759532461179649,1.7690368697941101
1.5404298312754496,1.5187671687073026
1.4964438347017042,1.4905421926842484
1.4606315250636432,1.4579291236385392
1.1300295195393948,1.1164505548773567
0.7603468693055608,0.7562539711668632
0.6709825986589306,0.668256868943178
0.7757729240951077,0.7871767779321208
0.6440794997464427,0.6606344538529212
0.6881630240085739,0.7232868225951525
0.5801051351746087,0.5845011230131829
0.5855078010821619,0.6039540681572004
0.5865088993564311,0.5913573254426472
0.47345667874053965,0.4852802043711539
0.5130793352107152,0.5257445194497412
0.557547331072161,0.549592858837151
0.5956876616541036,0.5792702435512707
0.6141791013224844,0.5894954547951092
0.5862853514109287,0.5778018671498122
0.6926431836439411,0.7130896884034177
0.6346828286574959,0.656764806862135
0.70163810951378,0.7460137419649226
0.7293781776327426,0.7587186377216175
0.7282590726363123,0.7601062258188198
0.6515390916783053,0.6955749502473301
0.6622432155148983,0.6578232464309755
0.7015390978374396,0.688028515340356
0.7061246799771117,0.6926958948960935
0.6708702904505157,0.6570718142902121
0.6560149180688446,0.630290995985195
0.6120330173018542,0.5811011878898318
0.6033419528056283,0.5734017241449647
0.6912939417954893,0.706161067361762
0.6595295357813382,0.6461476447196899
0.6396811968866591,0.617309425514218
0.628430371887539,0.6029606866202959
0.6750940169673034,0.6804646287350342
0.5864710873433443,0.6048560360360928
0.5338101720623205,0.5391979387308081
0.40832578299605665,0.4046216897015016
0.34803354869704756,0.3402956496641527
0.2380134864696834,0.23470263514325546
0.16705393123535886,0.1585210598551085
0.039739017057131204,0.035182009105527635
-0.049120512186392205,-0.05735506117807062
-0.08558394750938553,-0.10181976258625683
-0.10632701984167764,-0.12611204439026763
-0.11615979789082435,-0.1337435414868075
-0.13460146460320313,-0.148569753505168
-0.2807095317508603,-0.2967174878972207
-0.34496873297072755,-0.35904741573664567
-0.47305030871610415,-0.4964290549551153
-0.5758706698221199,-0.5968724235147429
-0.6487028991362929,-0.6769466921266132
-0.7578886781753804,-0.7917239597006154
-0.7921669597848651,-0.8304093887380939
-0.8173720796795367,-0.8630365853491322
-0.8408354725914864,-0.8759965489554882
-0.8478756895273387,-0.880352053602657
-0.8214775620360906,-0.8851628457543408
-0.5801613538754256,-0.6125890431458283
-0.4727897797907696,-0.5009561679693706
-0.5582216604358872,-0.568812763749847
-0.5498961912121916,-0.5824875940337615
-0.5343096282854598,-0.5632096407493672
-0.5124099431611813,-0.5373905653580595
-0.5403149120216748,-0.5273909202833418
-0.5508744360719577,-0.5507475847815864
-0.5644756011937988,-0.5615735143495046
-0.5646404425758116,-0.5646580723527139
-0.5603705343538723,-0.5596928267347006
-0.5525550227509444,-0.5510805916786305
-0.5518665116994621,-0.54471184961254
-0.5423957005722964,-0.5393573836337568
-0.5321947080118792,-0.5285690286408526
-0.5204048392280785,-0.5112282138730608
-0.4934312805674994,-0.4769702035390379
-0.48603840873408205,-0.47612961340195364
-0.47895702597236517,-0.46803923755004834
-0.41621027559621226,-0.38461189815443775
-0.30792569276228066,-0.27739275931249296
-0.2546033640498282,-0.23812504308133264
-0.2327942912300662,-0.22685813165278307
-0.2203212240716612,-0.2195799572483878
-0.20720918137970318,-0.20452194631149664
-0.19447502138054085,-0.19383102996770085
-0.18306503867327453,-0.18680495543705716
-0.16125618845170583,-0.17033881800967007
-0.1493507466859898,-0.18107919567199743
-0.15922776983600712,-0.20035560560891882
-0.3769335960778053,-0.35240247383241846
-0.47085385814429,-0.4625848695021519
-0.48240931619075966,-0.48499326569731616
-0.4813369864946628,-0.4905128698557031
-0.47905309935255525,-0.4953288856449875
-0.4782665263770236,-0.4900277838730569
-0.490961568453699,-0.49112023644582004
-0.45162268016022916,-0.44641693945427025
-0.42581069823134515,-0.43769687783340866
-0.413141685303396,-0.43520143336847306
-0.40393431171795613,-0.4265904745420441
-0.39804112843184236,-0.41943833523464513
-0.39220133903234017,-0.41336348214311175
-0.38583238920793606,-0.4050385471550799
-0.381636710063493,-0.4002108969002302
-0.37893484287405266,-0.3952517356328313
-0.38512743556991524,-0.3936116618250092
-0.38314491670165673,-0.40210882845506846
-0.38233902220295435,-0.41295387178784376
-0.43533831641741844,-0.44612370343441315
-0.5326413290267384,-0.5268297947578946
-0.5750708003145137,-0.5800512419691837
-0.5897139624186567,-0.6068818035504437
-0.5949105914385735,-0.6160346257386673
-0.597886937040123,-0.6187636202279203
-0.6016240935863097,-0.6207171419715432
-0.6046805745374153,-0.628604300512926
-0.6185109267589868,-0.64413209751665
-0.6254529630517534,-0.6497129606978087
-0.6301550085661136,-0.6501070485390701
-0.621897743428818,-0.6261388029249171
-0.6179639881583869,-0.6291391891313334
-0.6188084366641535,-0.6369482305467786
-0.6186845533496916,-0.6395159452251102
-0.6211484482307095,-0.6485101587807309
-0.6257873945772341,-0.6550657052505644
-0.6250730027758211,-0.6537818182316395
-0.6659281409221693,-0.6911402058804692
-0.6871189546802265,-0.7061257536855303
-0.6724707470170375,-0.6837937531902762
-0.6612442000608569,-0.6782301042693926
-0.6451109359715981,-0.659489057827024
-0.6352275168334958,-0.6523299437762378
-0.6395147580347464,-0.6602800234069017
-0.6375024110085976,-0.6541766777466373
-0.6381039010064138,-0.6539108658241839
-0.6436527694072682,-0.6554793817328284
-0.6290486065065759,-0.6330219545756395
-0.6170240301878531,-0.6250868335435593
-0.6160692323377719,-0.6289841420698219
-0.5889665667251303,-0.590976064494406
-0.5338984449029598,-0.5289095741967069
-0.5070849788629384,-0.5129029239597467
-0.4986192430977605,-0.5157172774361565
-0.4948209462478383,-0.5121358802656995
-0.46826892920568336,-0.4707967246080324
-0.4379931708684526,-0.4358660225341249
-0.43986436096034626,-0.4552394556035273
-0.442209922641853,-0.45786492709305743
-0.4496943565320779,-0.4647140657398572
-0.45552924877132933,-0.45133932750015066
-0.4608946072217004,-0.4632556617374545
-0.4655105220751674,-0.47485584718088014
-0.4709378815422875,-0.47785501651717355
-0.471628321778111,-0.4819599349583046
-0.4764450498816137,-0.4903721877975935
-0.47508340189386034,-0.47659137109395133
-0.43485940382466404,-0.42640150351588724
-0.3200218269801811,-0.3140510014442752
-0.3383737421010571,-0.3488148142327924
-0.3513638009831352,-0.36210199718316916
-0.3774847492041966,-0.38692303131539435
-0.3987264043895833,-0.4083899558723109
-0.3872570473242478,-0.39476181184945264
-0.38515770892419193,-0.3942722145434241
-0.3988152655883132,-0.4213907885069405
-0.41385848116529567,-0.4405553651115925
-0.44092630274075995,-0.45798539723522347
-0.45823179859522883,-0.4759247933844401
-0.46145926463847986,-0.4952660239152246
-0.5005075880904111,-0.526629634462559
-0.5728412568113088,-0.5691194743803332
-0.61342381605013,-0.6268191817224074
-0.6365724847966379,-0.6603123149847969
-0.6581402314951996,-0.6795568488604504
-0.7108808666091522,-0.7161932466895389
-0.7477387348006064,-0.7403525705927445
-0.7394763647447464,-0.7490984239242595
-0.7406026522428777,-0.7617921007320165
-0.7467864300502891,-0.7712539485719356
-0.7791386140135546,-0.7929196384755104
-0.8043016480098297,-0.8201071288396451
-0.8230489272016082,-0.8407611544747129
-0.8311422413496639,-0.84206890401995
-0.8000570269426392,-0.8039387832751361
-0.8187889320192066,-0.8527402614025024
-0.7982572463511277,-0.8066351300293848
-0.850727736297799,-0.8710512481355865
-0.9712418045072442,-0.9156587388647781
-1.0023775932237664,-1.014009090813037
-1.020298231765235,-1.02559689979692
-1.0272818790802527,-1.0381354108241292
-1.0380995576751426,-1.0486537987283067
-1.0549894775427655,-1.049709685837865
-1.068195901868645,-1.0650909241911786
-1.0538927510846927,-1.0590561981339415
-0.4651660587911126,-0.46779918765848927
-0.49853887031013167,-0.5001885900396597
-0.5537558658039219,-0.5457281439234658
-0.5995124380862296,-0.5823119492194382
-0.6257381855366548,-0.6172050767183317
-0.6482875605875196,-0.6405141942425063
-0.6673833988701079,-0.658648527049458
-0.6873886249713623,-0.6799085540057244
-0.713438015293246,-0.7066894910297778
-0.7369012301266411,-0.72299151422925
-0.761733097370936,-0.7499639450589834
-0.8449159645908824,-0.8066751383446447
-1.0783577765065753,-0.9787263274367465
-1.1878763250046342,-1.1184081183053076
-1.2194576069051701,-1.1828692309262971
-1.162918259424668,-1.1287397611652605
-1.0893461730757785,-1.0848488585396547
-1.0871958151698389,-1.100355820352494
-1.0916192864653347,-1.0905236284785895
-1.0878658654111641,-1.0843212711419847
-1.0459566209408033,-1.0201149295730652
-0.9207647852599373,-0.9072276690582232
-0.8444311160463089,-0.8321431615453785
-0.8264190044873099,-0.8297010516075363
-0.7739036387448872,-0.7782636547154385
-0.6615955490490217,-0.6523694772153521
-0.5835828958633977,-0.5895708466203013
-0.5696566780199499,-0.5892730399175437
-0.553903908442287,-0.5693022423368392
-0.5389635925900864,-0.5458194388624416
-0.5331552637352248,-0.5374583539278321
-0.5177052277003293,-0.5205638040177905
-0.515993121117184,-0.519671214942772
-0.5169312983021721,-0.5132824093595334
-0.4890024372356072,-0.48380738124292244
-0.47825236913193536,-0.47968317095837976
-0.47385178093070146,-0.47174146101978054
-0.46620446452256403,-0.4652848371870102
-0.42558370743378776,-0.4252987223869591
-0.3885653014253896,-0.394236509793233
-0.37418456775116327,-0.39047290858169265
-0.3665886863655372,-0.3678059423252941
-0.39151526172110374,-0.3723021587103317
-0.40122864551935167,-0.39711289396615096
-0.4166362691785006,-0.42169850824923594
-0.5208037945498314,-0.5091531238361855
-0.6383662700768122,-0.60873061510398
-0.6762258894972357,-0.6553084856799603
-0.7072148821252748,-0.7042659012616108
-0.7440241348713317,-0.7365047679046521
-0.8172405389872284,-0.7752554330526211
-0.6355817150785337,-0.5824719231209594
-0.6003181841861365,-0.548375222277617
-0.5174187586655459,-0.5306962363346985
-0.5102208234898635,-0.5214171564512855
-0.5915339846058709,-0.5645695673110931
-0.6654256626006936,-0.6497757037085352
-0.6815988162861759,-0.6712964970282089
-0.695835840566865,-0.6810186363553898
-0.7035820796120655,-0.6879283810702612
-0.6922015540657009,-0.6872320345623779
-0.6739698122894,-0.644743856711113
-0.6279517019699485,-0.6189307766311425
-0.6067204643800042,-0.6098497794599285
-0.5506085054304679,-0.5114769302542757
-0.3417685426260848,-0.34169464002593863
-0.21021700236577273,-0.2236717572359989
-0.150118413654978,-0.1749139380342612
-0.16144769709726534,-0.1750703800444502
-0.17510798429922333,-0.18267382976864538
-0.1686907751865309,-0.18494407906144888
-0.12565570325430483,-0.11938654419991733
0.055124024739849814,0.06122341928218469
0.1701384150391705,0.1689452145241599
0.17814122076186645,0.16182989295791797
0.19088176190923423,0.15628641143333932
0.24635435948834922,0.22377892560899923
0.25829127663858537,0.23944553484600978
0.27534841226894863,0.2505371724572247
0.2825751664907121,0.2565341458608932
0.30601885204262275,0.2658443004520785
-0.005299657038474082,0.11754784078720149
-0.119601492435222,-0.10264153575607496
-0.21164053265123894,-0.18911306126258612
-0.2596405830836465,-0.24815169673682666
-0.2636792563024779,-0.2431499450151266
-0.19154551043884302,-0.16542208395789723
-0.02756335003191764,-0.008457491120664882
0.08565332612911827,0.07226848935137986
0.15534062139014337,0.128659096719178
0.21740730460627655,0.20355301565899506
0.2971694757113849,0.30273205616094123
0.2973681223390068,0.27262995409417434
0.3069569995478518,0.2786383245253352
0.4727866878587325,0.48444931951529363
0.3717053825571204,0.3617590126499779
0.46552016275978203,0.49369400055791574
0.47182197696911365,0.46717109935943285
0.5097187554479239,0.4960725364517768
0.5234175076176688,0.49053607419022405
0.5220913566217928,0.4837445142760683
0.4817565343321364,0.4461676539205415
0.30653474561520944,0.29056970640050017
0.21216700182085166,0.20694520436522246
0.45549202511633324,0.47532647388375593
0.5487639625251501,0.5503671443924174
0.5307986856260027,0.5209721922658443
0.5515247143566346,0.5359112022086447
0.7362684524256478,0.7553944453434764
0.9183791209868025,0.9166603661376197
0.948072176613724,0.9327806898519132
0.9823969367259512,0.9789559841755312
1.1439192906386741,1.1577941031393697
1.1823123146895502,1.1856813235039243
1.2165411498203829,1.2297644322494283
1.2063536318705947,1.205688449109761
1.179407616026456,1.2028338498800186
1.0160569889534903,1.028382874186544
0.9428930586516732,0.9694527033919156
0.8958883931399091,0.8949848819135438
0.8516398494172106,0.8587335492789518
0.7628846667867248,0.7679280295306758
0.724571184490223,0.7097348071543725
0.7021350674000642,0.6830342429179479
0.455988864283581,0.4765378829309712
0.33083834282737506,0.33169178430014745
0.09150157425996251,0.11359825878523308
0.020714230262831028,0.013517083455749583
-0.0337175408294814,-0.04027555442928956
-0.03634622886290349,-0.028053720866667596
0.5855032897587795,0.6291382935014693
0.9789246423499268,0.9275880379197151
1.0319241443227047,0.9753339257351142
1.083124459299153,1.065442564739843
0.9318174035907311,0.9257432034538976
0.9368671771626466,0.9523552626487015
0.9972410901586846,0.9983657155903065
1.0016703786869632,0.9923051087831387
0.9145881253576176,0.9135777076389925
0.7815942526844528,0.7719620430273293
0.7522536738765415,0.7145420377349649
0.8380995871610322,0.8291618838667281
0.8128980288374519,0.8129677762713248
0.9922707396221069,1.0086732584858742
1.3041180460148032,1.3018704572180686
1.33713155437022,1.30691019903141
1.4789356260926174,1.484692312166654
1.6147560209434209,1.5979836329218136
1.689368798365212,1.6966103034272457
1.7943978677835482,1.794831192266333
1.7899582506991043,1.791817509527842
1.7913630530565816,1.8029152463295506
1.8121541991786678,1.8283845160801664
1.840859987299058,1.8708268090238709
1.8737425485573487,1.8939173054425533
1.891504103590069,1.8982422399378538
1.9416247876496828,1.960411006685394
2.004250622687284,2.015665695473235
2.0304041889635904,2.0120780061938497
2.058547961165761,2.0255720867448765
1.4742263980765562,1.6245958108356537
1.1118912690042424,1.157037862877633
1.0977993193860092,1.1021927547653012
1.0575300596841932,1.0637844159587322
1.0287915051097618,1.045066341649903
0.949660518601444,0.941223869000179
0.9232958698784548,0.9371329890850998
0.9275502259066284,0.9255499288626722
0.8966600668763751,0.9161190666912479
0.9150278606683667,0.9085592758926814
0.9189692733166442,0.8981003662257299
0.8194523287574034,0.8138054577920177
0.8164986584918024,0.8589639829285642
0.8984078485299524,0.9727778455223477
0.7562160997942582,0.8284769937458554
0.8162266731794572,0.8339352201624342
0.8403637372633417,0.9073299402709728
0.8166883121524184,0.8112371495185042
0.786269348977555,0.8007000040065788
0.7436125900946313,0.7619049379390039
0.7586535796896816,0.7165371111413206
0.7609307888859929,0.7184899205707251
0.8040942406161837,0.7765971903646898
0.926524315353756,0.900576607886531
1.0198885271335987,1.0037059352847242
1.0661527420154646,1.0254641666771567
1.0597147273916467,1.0230110752284494
1.0544407529195288,1.0321260854035859
1.2086913284159413,1.1948661404724525
1.2759808033596334,1.2683445575016383
1.2876024472688845,1.2612094246962007
1.2661879074867703,1.2410014264808102
1.3165091079988291,1.3235070015982122
1.4314854080373214,1.4281000159959267
1.3884261322615534,1.361548854739478
1.5003343762428931,1.5000449392322002
1.6205723039737199,1.6186711373251403
1.7421441587973054,1.737194880889685
1.7382748679636284,1.7331231740989812
1.720760842121759,1.7152627261089566
1.788423925872937,1.7982894777960643
1.886202823739584,1.8939184926329167
1.7767410229409142,1.7712823216481899
1.4911234410863619,1.5002212370012236
1.3028789754321115,1.3020141072520877
1.2418544227571962,1.2418210627079735
1.0978992808146406,1.1251710616946047
1.032422408118389,1.038204262628138
0.9795258355501522,0.9689226822539999
0.9269436309902479,0.9089400672018682
0.9191149415742818,0.8910830027043806
0.9397670677047675,0.9194221864404318
1.056745564291798,1.0779054517408786
0.9774204127994818,0.9789317654921098
0.9139096460647093,0.9094106694620759
0.8973681072093419,0.8601687437097423
0.9025618869723856,0.8566760890189788
0.9386223193964794,0.9332398950846287
0.8675460633493939,0.8815162072363021
0.8644087940940322,0.8752363857284597
0.874963272585269,0.8444997897717632
0.9032702834624613,0.8680632628313807
0.8366589910140865,0.8193989051910326
0.7114695297139482,0.689986132890734
0.7080053675919158,0.6650880204241394
0.6191369270007241,0.6016227230803002
0.4900296187810295,0.48735140635958785
0.40465816612542915,0.40968909305031936
0.4196250156822605,0.40123377488058387
0.44515052857636106,0.4263731244291013
0.39494012260500333,0.3741948317107188
0.29856454310787917,0.27919793638306856
0.2983732570605129,0.2577791523954038
0.29953136126039376,0.26277858909589447
0.3020721267174673,0.2674191678291693
0.27502321114854644,0.24577288848804255
0.2209303513703531,0.20277577696769872
0.20369047746324284,0.18277084766403526
0.21127700972475405,0.19194852665050074
0.20759676411663158,0.18891299960931618
0.2057990314284976,0.18590847307650613
0.19209225088391751,0.17562722644749645
0.033311791025744296,0.043180411093967884
-0.019771517311792566,-0.03194622683691165
-0.060793134791858584,-0.07787418488811251
-0.07519559404974233,-0.09800475603196433
-0.08915589909651059,-0.11048257937176427
-0.15476955838249057,-0.15119810393133035
-0.24108105804790206,-0.22597459490428856
-0.33549623009729346,-0.31918168203948327
-0.37891382960461345,-0.3850990913999796
-0.40387869184941233,-0.4284666805132249
-0.41285209989390753,-0.4391814297035739
-0.4134235242957606,-0.4420137097544769
-0.41806276743987625,-0.4471376827241295
-0.43688881671229235,-0.45812972990370165
-0.45361784260586213,-0.46875719092255275
-0.49587101612461404,-0.4924758891222362
-0.5512010321410374,-0.5311230312704824
-0.5908602540744179,-0.5734512352202261
-0.6032841418720027,-0.6063353991855076
-0.6090617224964421,-0.6068826939432166
-0.6111089729192865,-0.6103035236169705
-0.615712837790561,-0.6154676829804375
-0.6242328281553642,-0.6240542153651314
-0.6209259093970163,-0.623120015267862
-0.6103561161500866,-0.6200992687467066
-0.6120615744671947,-0.6313516370932997
-0.6223444831627136,-0.6337376522864526
-0.6261680078078664,-0.6367014730296641
-0.628254435512716,-0.6411111135574219
-0.6266706642078967,-0.633018689802139
-0.6213547819159368,-0.6344938925481893
-0.6144119739494338,-0.6285877392073511
-0.6062038584931992,-0.6243233514206035
-0.5979077722310076,-0.6150421345945356
-0.5852507202459736,-0.5982571029955539
-0.5785421449382471,-0.5874660768243312
-0.5499008806141286,-0.554862089784905
-0.5351882085141855,-0.546519287581898
-0.5231344273125134,-0.5360941534807966
-0.4208940680587292,-0.4004282417760818
-0.37691038650619313,-0.3830219237799677
-0.3540492849455552,-0.3679541036826956
-0.31246334209101456,-0.318455952570096
-0.27880910709625817,-0.29049100091647184
-0.2559118555890427,-0.2726641207339837
-0.24204367651450487,-0.2612191604306242
-0.22959068771312743,-0.25165931002617387
-0.2129779767954505,-0.23137635557918937
-0.17628541002227496,-0.17725714017491986
-0.1299310280322789,-0.13164779433760218
-0.09823638429188022,-0.10041324622269188
-0.07760887752156369,-0.08602475871140203
-0.040242665546242645,-0.039962611049393554
-0.013983582161399043,-0.009353881059832479
0.0008132988930041403,-0.004799314268414469
0.017272583948041938,0.005089654984638466
0.03748601912430153,0.023317844464772763
0.04131554279076141,0.021717033268263228
0.04459131264193922,0.02609734091911058
0.069536667865073,0.053752994238252555
0.07490358450279651,0.055749492273044744
0.07605847586875543,0.05290397504958536
0.07782885865888349,0.05441954968794445
0.0813132697965584,0.05775339540773108
0.07864472555664179,0.05428938168449426
0.07460206783015196,0.05056355538634187
0.05008498782078689,0.031058164253018883
0.045545913863616415,0.02542263837554717
0.053387102168131285,0.03271528351748616
-0.04007995739691475,-0.04304586314320262
-0.07959814853501629,-0.09318515641176914
-0.09951775595122186,-0.1158924203610787
-0.13777935060888624,-0.15368540130239447
-0.16981934802611254,-0.18864345327430793
-0.1965689580644414,-0.2223142347347597
-0.21293814655874518,-0.24492975112876736
-0.22827915399860574,-0.2646061848587691
-0.2367382118179872,-0.27000107466943946
-0.27500582404680807,-0.2979615446794403
-0.3249358453339968,-0.35384416813045066
-0.34420839690223576,-0.3709156687642159
-0.3460329007330733,-0.36855016228459747
-0.3661393051330821,-0.38016913501553007
-0.4029065906997788,-0.42072611030201146
-0.4334488732736814,-0.45834481911786207
-0.46254560318086946,-0.4870728076980557
-0.4816496033972088,-0.49808459191742593
-0.49918517674418106,-0.5215475099532301
-0.5171676679036035,-0.5359214766423828
-0.5519173234470325,-0.5543154479818961
-0.5680770618814039,-0.5744862871388998
-0.5803379484420399,-0.5894181145799993
-0.5852133831090323,-0.5973489023672516
-0.5961438447884826,-0.615933773917263
-0.6065404269613348,-0.626400993916761
-0.6174371130749352,-0.6443619375710805
-0.6299084291275536,-0.6546048379513396
-0.6471193652695464,-0.6625036309582877
-0.6770973465837786,-0.680161603631767
-0.6932103690773348,-0.7006053778534069
-0.708428428115145,-0.7209338758907224
-0.7218166112857214,-0.7303187344355495
-0.7360885983226242,-0.7471574863984929
-0.7370372821423319,-0.7449434357295355
-0.7338377447523892,-0.7479153887267389
-0.7303402225811342,-0.7456675624919316
-0.730489749207454,-0.7527420892292975
-0.746748855475275,-0.7595930680211611
-0.7361463551338228,-0.7504704004681779
-0.6989911551157564,-0.7037965455512849
-0.685916865077367,-0.6854621118085158
-0.7016811504015588,-0.7020179563077671
-0.7290514680817177,-0.7315384538153114
-0.7424660068783704,-0.7525437097195076
-0.7498427329228401,-0.7609443280932313
-0.7542586062000078,-0.7627329490953232
-0.7787327136281734,-0.7690680343146001
-0.7809191621211726,-0.7753701156417636
-0.7826375014537279,-0.7776244714235718
-0.7999413946012057,-0.7922101735141072
-0.8160053861327372,-0.807645607107528
-0.8331829028659892,-0.8228865195598412
-0.8657637990528395,-0.8485374294361174
-0.8894844561166233,-0.8709479032144183
-0.9009445234173621,-0.878791195071859
-0.8634842154758007,-0.8347720165274455
-0.8697481286327682,-0.8685194459657597
-0.8769710541656084,-0.8700357848579154
-0.8850432956847067,-0.8821266657584561
-0.8975727840651512,-0.8962215239930809
-0.8999268044779999,-0.9003009475211494
-0.9041542112849151,-0.9068682471755843
-0.8900822064647935,-0.8976941149203308
-0.896520399167166,-0.9002403414530777
-0.9073693602281419,-0.9101048249048777
-0.9214434426314003,-0.922186564439617
-0.9398218617771479,-0.9474083049993818
-0.9558560548305483,-0.9636034217065943
-0.9767104188395062,-0.9725772749474759
-1.0200472597223291,-0.9982116235181773
-1.0628197103062045,-1.0424865822264702
-1.0919975253152396,-1.082358370594488
-1.1042438687939191,-1.1008266600507746
-1.105842539337804,-1.1058301925580203
-1.1150700951594283,-1.1186073288483522
-1.1127586355211214,-1.1097377109214117
-1.1148191231165223,-1.1221542974982592
-1.1263839006073477,-1.1268877441977418
-1.135720321785332,-1.1357396729882618
-1.12701797898065,-1.132184275286772
-1.1458696122054057,-1.156478582734341
-1.1671891767584166,-1.1750350804346579
-1.182874810721007,-1.197183778737742
-1.198770933535098,-1.2071652004403755
-1.2293738518568313,-1.228367708023516
-1.3061158551960868,-1.2685611062610855
-1.3375784180602432,-1.3321460723935952
-1.3617315685735571,-1.353748188253189
-1.3693907272055734,-1.366371820829482
-1.385847441309448,-1.3936866967196517
-1.4161159281057003,-1.4152537904635134
-1.4474189325849631,-1.4454060513231506
-1.490663053900374,-1.475507381716181
-1.5288066492558168,-1.5165721776807752
-1.5543181829833836,-1.5401035966005703
-1.5661539960342632,-1.5536385165001116
-1.5822701052227652,-1.5805610259750476
-1.6017183016053276,-1.6012782101374692
-1.621829899963178,-1.6081703250754384
-1.651230194446388,-1.635443293145766
-1.670851008307846,-1.6569373746822544
-1.6721242699730148,-1.6654218680551802
-1.668097913854208,-1.6581236152937573
-1.6677205060375582,-1.6558376802482724
-1.6678959727733267,-1.6650762769402798
-1.6763359465076102,-1.661346006098203
-1.6895037871466665,-1.6843619469620388
-1.7074774930973966,-1.6992811308257638
-1.7262270279508662,-1.7104010680872757
-1.7629619032206316,-1.7371798088091561
-1.7726967454847051,-1.7739392589194518
-1.7726335869573513,-1.7756014441477996
-1.7749036136519616,-1.7801405477847292
-1.774859331451392,-1.774831788634952
-1.7615738402472838,-1.7659885263340878
-1.7255960362725098,-1.723465979321791
-1.58110689610432,-1.5845121142247898
-1.346118590661231,-1.3541127744139099
-1.1720267400528042,-1.1579325347728795
-1.1343513725768413,-1.1447408316075107
-1.1106454366735685,-1.1241853427726378
-1.1002151382943846,-1.1099542544437677
-1.0962578766547506,-1.0974813950436764
-1.0859248091663611,-1.0884498443511144
-1.0997229291695556,-1.0929304195031089
-1.1165825756829018,-1.0966329100906729
-1.1241094813083914,-1.1165030339285276
-1.1289278121188853,-1.1274777778085476
-1.1310899232094267,-1.1202665461007906
-1.1104145281478106,-1.1100368828930876
-1.116023171583482,-1.1182306333459204
-1.135332585412517,-1.1250048602807647
-1.1778930037974187,-1.1617797438657897
-1.2221391137798714,-1.2024863644976276
-1.255475775352313,-1.242173782202148
-1.288129802465573,-1.2661213113444527
-1.2965324984224333,-1.2827403143710578
-1.2948298300026801,-1.2849468263812052
-1.298550365883774,-1.2885915007980524
-1.290441380822916,-1.2816190130724545
-1.0623095746068822,-1.0471067709652468
-0.9805053915564098,-0.9554111552417165
-0.6332002705682813,-0.6392119057729426
-0.435441423900514,-0.4533447294626713
-0.3232547540991055,-0.3561477923123564
-0.26076360580827734,-0.3187862882888217
-0.21212468372147356,-0.23476231153600688
-0.28830553185552277,-0.3023085905952671
-0.2700423888940994,-0.29911294125376586
-0.25917912218923983,-0.25433310016351046
-0.2540011320580346,-0.26453928668176924
-0.23887368532474104,-0.2515253059138607
-0.22378400608489565,-0.23244482690660395
-0.1508175945798548,-0.13027310209572657
-0.08015445851955036,-0.0745831077011816
-0.034332987734011874,-0.029464778233374143
0.18621197829301006,0.18779669935012033
0.45939310297200087,0.46353164858018636
0.501452645742418,0.5103243412524952
0.4888596723572698,0.5075396675351802
0.4997932504114251,0.5036053780290854
0.520906065762581,0.5264467425499253
0.556501535080695,0.5474409575837382
0.595187438994319,0.5918208639201905
0.6316673057739413,0.6333269385430069
0.6650609524838449,0.6679679661681488
0.6900477480706149,0.6922374613371145
0.7688754074409834,0.7922108805912342
0.9125307244571628,0.9166646400229296
0.9414925895390239,0.9066723555284673
0.7488920850019409,0.8019895895392499
0.6963421720199319,0.7045034528163148
0.457072531647652,0.5480348495632261
0.3577630782842431,0.4089755322821611
0.2769566396952621,0.28294604476036134
0.2548876018655883,0.2545344720918778
0.1485126592514578,0.1750353972112657
0.053463486738131824,0.08975894204458804
-0.02215102892773387,0.03758175489723183
-0.02162005803752702,-0.02610003959433966
-0.023228695415512972,-0.04989478661174892
-0.04096964527548171,-0.08597685558022287
-0.05384284381609379,-0.09835416841584815
-0.10804608632833074,-0.1273654057769635
-0.08617301652802052,-0.10087239209588912
0.08871468198065523,0.10587389372248544
-0.046912556997958925,-0.02257145755519193
-0.28126668018858875,-0.25599869856415425
-0.29549061569551704,-0.3034930207414652
-0.26417318685333435,-0.27908753291632693
-0.2493930823407277,-0.27788772865491773
-0.16856030296554994,-0.14989118541934782
0.02233935845696399,0.04358945011387338
0.12654333057246323,0.12584104811276098
0.1957270419409862,0.1992529082821767
0.2514065816403901,0.24375007934681275
0.4195083148694996,0.42566834886963506
0.4249173916050173,0.44442886523396985
0.4144338180582581,0.4387922337854719
0.6158473412216876,0.6108901091386298
0.7409624250455342,0.7410070040436947
0.9812667314996196,0.9918962997813664
0.9508787539932511,0.9615676817931875
0.9615664352433054,0.9821227551114331
1.0516393398180846,1.0581318464796003
1.0398739271557778,1.0328784079371223
1.094419744577397,1.1121176662066183
1.2462542689644527,1.2648267937346807
1.1799964624468975,1.1954139101063068
1.2047404776042716,1.2035276439286198
1.2724322913622534,1.2793500496120804
1.3123789914422266,1.308456989356397
1.3466265841808072,1.346557370982598
1.4931826227723624,1.5215683443706745
1.5268722360399598,1.5342557290695031
1.470369572741699,1.5306659028474632
1.5355190183356162,1.5402091325868201
1.6724822026306074,1.6733392353542305
1.9705772739276703,1.9798124277676226
2.1106157561410335,2.099598629565026
2.1411923188366906,2.1229706088189637
2.081898808431223,2.090236208918075
2.115611690629951,2.155251027124738
2.082832177495238,2.072911065063085
2.140515857767401,2.149858808492386
2.2116496925471303,2.2084388174892124
2.0968139558477112,2.089968378772003
2.6263561811707383,2.6560449629123504
2.572664309777796,2.5568628060356993
2.372242595124039,2.4039427147799906
2.233125728790089,2.2549899762820074
2.0051308056230006,2.029075722946505
1.9958229957327835,2.025799789856652
1.9457436258978296,1.9781000243868867
1.8700614273963332,1.9084418672293528
1.8798913636085464,1.9110827721936121
1.8225751187539776,1.861288328045969
1.6859119374639169,1.7259574117821577
2.0322535941123077,2.0734597844492306
2.102104788422995,2.105429871193909
2.036856806028883,2.0175419311241747
2.0188718217696966,2.0229037576832134
2.00911905293113,2.018278701463945
1.8673637747326841,1.88393849555872
1.8021175731241177,1.826340411711786
1.6883535131660954,1.7070850027260354
1.5909086906678203,1.6032411054478748
1.5118342144208192,1.5431813823816147
1.229360312649593,1.2247401239108164
1.084922815262228,1.084172154795201
1.0691122888733664,1.052695939241861
1.1360168767011165,1.149736167264155
1.0180384096706623,1.054751321918697
1.0354173332491319,1.0540016112039614
0.9568248562898309,0.9583282548070213
0.8905371919346263,0.89936834489378
0.8693115341393918,0.8376311812029973
0.31187662737613636,0.340715677614863
0.27933419615707294,0.2505944247125187
0.28924622658294274,0.2489908866881423
0.32374654247021595,0.2807708448960591
0.3278088704570459,0.2856945388513396
0.3897535847031787,0.3943601207527718
0.7377046559682474,0.7752530534348023
0.8191417003987167,0.8086029521798002
0.9453640173153556,0.9661571223015419
1.0478143311849768,1.0397863125069298
1.1952638492443233,1.2113165624673987
0.9753322043090866,1.0166807387706278
0.9361386577959043,0.935302400903648
1.0144476336963313,0.9949463105449892
1.0622692048974218,1.0330237200376506
1.083337559969454,1.0477124702517633
1.0962964551044827,1.0543217964450766
1.0799497935473317,1.0344434809937118
1.0663989652969155,1.015619153147323
1.0837001279065566,1.04985309319672
1.0374534834420748,1.0125621379605538
1.020514176455318,0.9882928208701427
1.0195742778443027,0.9860723593732208
1.1124950740232682,1.0963497599518168
1.0764653898295968,1.062602686670612
1.0029183531973833,0.9798951704723283
0.9373459710363645,0.9071640897771508
0.9105747689732943,0.8776911986031946
0.8691519757544979,0.8410603212092977
0.8527033345450972,0.8183245572713174
0.834460551898413,0.8098172104838885
0.8322993312006444,0.8078657663234023
0.8328309550455513,0.8108847914185302
0.8201079546358085,0.7984192925986944
0.8145297032734502,0.7904479622605185
0.7340716753764835,0.721751132500067
0.3687558080982744,0.3806059564727968
0.2708353081009862,0.2674950589731748
0.11406785193363174,0.11903811343093211
-0.024571175843845848,-0.011726588591001265
-0.21135338098199627,-0.21011618022412754
-0.3628076334556491,-0.3530246506223238
-0.42911945713475697,-0.4205422441944188
-0.4884786785268604,-0.4927729835107757
-0.5233010494800718,-0.5371173334958323
-0.5285680195290434,-0.5447548852632276
-0.4916061831414799,-0.5007711443511733
-0.2844791579534969,-0.2636285039144257
-0.1794652400521787,-0.18909142471820603
-0.17504196167511687,-0.2085197505020544
-0.16218396288113116,-0.20076641799443018
-0.14621925014377196,-0.18736174771767652
-0.13240948083513276,-0.17141890896277018
-0.20602639846013493,-0.218161858358836
-0.22461676076557882,-0.24208174080554398
-0.22858635434511693,-0.2485158673809204
-0.22442689934664917,-0.24512210564746104
-0.21602568737774344,-0.23526511633483266
-0.20779704836809484,-0.22959605974952363
-0.1973240704953325,-0.21739843559539831
-0.18927327260218013,-0.2102129510786563
-0.1835341569455277,-0.2038127929875639
-0.17377950344225837,-0.1907145365437055
-0.14804433272991188,-0.161461676263799
-0.1360446725689492,-0.1546131015324221
-0.12700018150142187,-0.14442586554034537
-0.09206814383835502,-0.09773999774095868
-0.034204967803126166,-0.03629516483738073
0.021911446820244138,0.013123696798796826
0.04283594780991308,0.023172191047014814
0.05595807790999352,0.033303896209825094
0.07002422468766387,0.04872302448559316
0.08464034853127139,0.06726793223998336
0.10659389499836734,0.10104807619275989
0.1292523802636045,0.11478538236956896
0.1385921255746074,0.11561567363024734
0.11762569079530724,0.09091295043771393
-0.07341777647996103,-0.07457335048037912
-0.16513754410745488,-0.1550218214949172
-0.18772480537080424,-0.1954955153773785
-0.19622685432123463,-0.20519607751969743
-0.196442566810336,-0.20320515927961508
-0.14682787812365047,-0.1279405401487034
-0.09775478568092773,-0.08124491512851435
-0.034070882071475427,-0.026659469663548575
0.01807812970957492,0.014817060614073825
0.044197365779533516,0.020337544035323927
0.055995633935158134,0.03212571736288632
0.06488761556057658,0.04342289472577282
0.07566803863786274,0.053806759121852954
0.09521397788706419,0.08168020065824792
0.09973744771089048,0.08197808156040334
0.10384265552967273,0.08590095177918641
0.09627596418711644,0.0794399724417689
0.11391054179048925,0.10378540327437874
0.1125054945749994,0.08935281906101374
0.08532066054930375,0.06636490330970334
0.03667473032938371,0.022892923063781757
-0.009001931984038392,-0.020285318461363028
-0.02376214642058906,-0.046334135592899214
-0.02949559138826945,-0.05437821102061649
-0.0353210157843697,-0.06245825089641706
-0.039207164721212634,-0.06383799611727856
-0.056669150815479075,-0.07436390784038652
-0.07212264083233914,-0.0941457121351148
-0.08419819955724711,-0.11018606373852717
-0.09357193561235336,-0.11495869513995481
-0.09696198737592596,-0.11357070636600469
-0.0830438127471928,-0.08978396731859628
-0.08543954064150958,-0.10581033975547499
-0.08463749709154973,-0.10762135413580394
-0.08909034392860986,-0.11395922925243576
-0.12817867569580094,-0.12603368982625726
-0.165012547802027,-0.15902483448319615
-0.23052307734509211,-0.23600893561738823
-0.2764110419209127,-0.28904319258806604
-0.25070011957174665,-0.2564731591930445
-0.25346401745769515,-0.2831780566742969
-0.2501169123055329,-0.2765638036409739
-0.25355697446318026,-0.2863214102802731
-0.2769751057425102,-0.31392459535029027
-0.28119458805374736,-0.3159236161646055
-0.2929635622871453,-0.33288058260802367
-0.3032662970617397,-0.3458204826972315
-0.30920898618602366,-0.32987998864329365
-0.2944214023741251,-0.3169329950916621
-0.29353344334152554,-0.3263872152334939
-0.28911252450531166,-0.32277076626754586
-0.22838892458761806,-0.23384440562648048
-0.2156611308967815,-0.24809477095888274
-0.20919002334157286,-0.24881370376343717
-0.20023390375675035,-0.23923764821052115
-0.19826018493706352,-0.2332255084499552
-0.19006227931795755,-0.2167689724246353
-0.1727083164168867,-0.18655249940619642
-0.18067052022914099,-0.21675723407991332
-0.19928921186464096,-0.2309583903717362
-0.20729655859047844,-0.23447014398747718
-0.23162045675786494,-0.2477659489078709
-0.24676511775143353,-0.2734766931784824
-0.26703710552743254,-0.2902572134540817
-0.2787475215961363,-0.30140872997927043
-0.3084380247637759,-0.32805162644377384
-0.34617019929864606,-0.3589666274323895
-0.35531598738396414,-0.37942126444585805
-0.36645091292381893,-0.3998099233548589
-0.4213801037936664,-0.42392490569797675
-0.4449964068244727,-0.47358941186030296
-0.47559472478354636,-0.5011042699672539
-0.507454729301742,-0.5378512545787297
-0.5185362609549851,-0.5495977315547338
-0.5253220629958764,-0.5538002073640096
-0.5429789078385101,-0.5812589707262712
-0.5643147962590229,-0.5977262508243835
-0.606800837167633,-0.6219292633329767
-0.6491586021574351,-0.6553598910227125
-0.6759102155795029,-0.6937103542990466
-0.7122888150210935,-0.732710863659076
-0.8059358749051102,-0.7729221884711388
-0.8543381009131326,-0.8516094032214705
-0.8943996023012846,-0.8919957198931565
-0.9361236450748935,-0.9284698881590324
-0.9790309604840959,-0.9749463726779448
-1.0180409080075175,-1.008486043802595
-1.050496674330024,-1.0429614583719877
-1.0659698012174952,-1.0840654316185871
-1.0793795912526927,-1.0977818729247526
-1.1109152850432589,-1.1234973659568193
-1.1411982555619498,-1.148531649158141
-1.1635801180524832,-1.173838867424099
-1.1725323644287438,-1.180301338169411
-1.1672293037927128,-1.1727939024658875
-1.1869613573912583,-1.1982174653874973
-1.156490810795088,-1.1526573731103975
-1.170160714238993,-1.1754496473096945
-1.1779061816104568,-1.1718270546336138
-1.2099884578445137,-1.2059001303887167
-1.2282320121649344,-1.2268120137708005
-1.2443556006527283,-1.2429278855212298
-1.2508190211503314,-1.2523820759833024
-1.2617592177907648,-1.2570076070787162
-1.2630851907080864,-1.2454265650799068
-1.2577277567533935,-1.2572649899495867
-0.6032087552839018,-0.6114624588501061
-0.6289764846919754,-0.646426105456609
-0.6972820758680387,-0.7157073890331562
-0.7276710624862164,-0.7375132267591769
-0.7490844744374849,-0.7585640707733428
-0.7672624958498242,-0.7794709679558987
-0.7769735943066218,-0.7822087476538437
-0.7985928057074541,-0.8113342075678356
-0.8250320099852895,-0.8359148653311517
-0.8431817169074522,-0.8511308467858252
-0.8611799976987131,-0.8854328722025857
-0.9936490135120446,-1.0013367834318283
-1.2225380097421061,-1.154793840889081
-1.2800161873622964,-1.2470464863313035
-1.2952243333605689,-1.2751096483077726
-1.2257945916290292,-1.1796937341412213
-1.193668745508621,-1.1781798289893113
-1.2111317221648472,-1.194810941357627
-1.2202690515188235,-1.2123635508863198
-1.2381876718366736,-1.194740778407127
-0.9950704958941333,-0.9608591124616482
-0.8042004400313163,-0.7686009342659654
-0.7524180456195,-0.7217887716716904
-0.6845187703454452,-0.6607424934131176
-0.4872922895165621,-0.4600121983040515
-0.33464207631030285,-0.305832972948503
-0.21582692203108533,-0.18616768648965215
-0.1856604594067212,-0.1823685437665958
-0.15218761225967303,-0.14694394082159087
-0.1401761692343497,-0.1398852185559429
-0.13173345012234994,-0.13364225930889634
-0.09873525652262599,-0.08561273687570757
-0.09758279147697307,-0.10092816778316813
-0.0968064283385701,-0.09306234156863463
-0.05632203490295516,-0.04226668042768566
-0.033921915650608446,-0.02464763461324406
-0.026192441959326594,-0.015362329400360966
-0.010736376295872575,-0.005626893541105528
0.10684784243712261,0.1333065611565629
0.15585606976634359,0.18316431223035567
0.15649229992218022,0.14916144394539158
0.1507610790814471,0.14610310800934267
0.1436620813827074,0.14745215693936028
0.1419532395730624,0.1517847191327488
0.12031887665521226,0.09690398788956338
0.01980927400319473,0.0008708784951722937
-0.039257731610770445,-0.07360813503485562
-0.06294062118110604,-0.10462323843095843
-0.07465439106258759,-0.1385883318025345
-0.10207205537844258,-0.1677659984127741
-0.3463855556306383,-0.27871671400619585
-0.326601918610786,-0.2856628164259585
-0.3111914753745231,-0.2773852206536828
-0.28623035277937015,-0.2690723950073617
-0.4094555185833342,-0.37130901461149984
-0.48782533798990557,-0.4311717827964065
-0.5797780101069565,-0.547778481041256
-0.5836894461985482,-0.5548924224987
-0.5868646461860332,-0.5607326867743476
-0.5644560125527962,-0.5404421788286735
-0.5588736060241646,-0.5591147243870511
-0.49725593304349774,-0.452574836511751
-0.37886174162740205,-0.3539560014627201
-0.3668612059135461,-0.37411490935656766
-0.33575797589275086,-0.3065820603882978
-0.23537469400541086,-0.21278404924952476
-0.15288364713008581,-0.1445234377483697
-0.06429515344661652,-0.06379800264189826
-0.14601264934071276,-0.14456449969507745
-0.18203688729859044,-0.1961086250008803
-0.1085714551640084,-0.09442232006993898
-0.03048315569239142,-0.014557687016495353
0.07323434291172386,0.0856896615741902
0.1251692467656491,0.14702321022104198
0.1533311681405063,0.15921442354720283
0.15848382659732407,0.150565029432746
0.34012413033634353,0.36671680864845846
0.37544526964114383,0.37543244798521486
0.3785471903034236,0.3597574690561396
0.37744883145860064,0.35823851834518344
0.44256218646545853,0.4607391097267112
0.2530267700096187,0.34176482741910674
0.1802703279602944,0.163736847159521
0.07885647579790396,0.06625330741550664
0.004339575591645112,0.0018631349837086872
0.023990419340606025,0.07499611857171444
0.1883705278124601,0.25313821750501986
0.2583320566275817,0.29872166775252723
0.28946279978505784,0.3192959141951481
0.39324849505563336,0.4327383346038595
0.5432205551999691,0.5742611312493151
0.5774633991770945,0.6255188468798527
0.5618489966363318,0.600483317128649
0.6504536435286885,0.6845486823055216
0.8197881255518025,0.8565755339951655
0.8366141152183351,0.8675739029634248
0.8477383263651566,0.8893158698478734
0.8121029674508191,0.832941660546975
0.8402893004275318,0.8518343705583182
0.8506164319641021,0.8348949448525251
0.7883322703132014,0.7661341255314651
0.7164365561175072,0.6942458312755446
0.6237861425438955,0.5990555426376323
0.7182077254212513,0.7540544635798623
0.894134141298849,0.9263036760246448
0.923245829804621,0.9202710275505444
0.781162471549141,0.7942856144710004
0.8555747325184873,0.8922906127424317
1.062590221171792,1.1003469111876745
1.165329319097406,1.177884688227781
1.1949478191694813,1.2370687396817066
1.3548552380303354,1.3832119921837707
1.5621294154639107,1.5778247843874842
1.6517816391332791,1.653404409641549
1.6840571899585617,1.6878184464691335
1.623817370114114,1.6487788785461353
1.4627938735922574,1.4895840113416303
1.3645341636282742,1.3726690294390627
1.3204010741684546,1.3320604707312744
1.1949904393035415,1.211296024074105
1.049177463160685,1.0750499027588452
0.9410938716553436,0.9665272882569729
0.8502901326926133,0.8568128533488879
0.7984170369370032,0.8277008086860069
0.5796856414595621,0.5828903431275874
0.4394171114334548,0.44198628041998206
0.3317356213043305,0.3276505289422748
0.2644730065426193,0.24516678328768712
0.20815186465098254,0.18678187418726974
0.24170009838613168,0.2578385712731117
0.5414427376301878,0.5912009131122173
0.6425178101823901,0.6483489924517547
0.676664135582939,0.6559538371246274
0.6412511967832584,0.6607821996936953
0.5213274589822097,0.5341290513940355
0.5403064183734825,0.5469876883028417
0.5597201268759766,0.566097891588832
0.4950368612581621,0.5053044255182291
0.4415062993559002,0.4613433896218823
0.3696796202798606,0.37199375109648586
0.2509191806365345,0.2359903656909832
0.19187318458203842,0.22626042058716028
0.13876409009880294,0.17945015749746737
0.24014437445365708,0.3020365703660716
0.4544220994807231,0.4943287615656773
0.5118328446882499,0.5417503386534468
0.5495692931084297,0.5698432991080471
0.5911648818846762,0.5954347901066155
0.6111286750422342,0.6211650042991932
0.6350668253806651,0.6427597595785313
0.6475338081884556,0.6542696888745494
0.751541300298747,0.7881903417052099
0.7544390538982133,0.7522545642693144
0.7102381758686211,0.7131615134204272
0.723700973953562,0.7418985246473857
0.7520899009658562,0.7649354787806606
0.7955252192893558,0.8200090616785045
0.8214492423088229,0.831910882513611
0.8358088439945737,0.8422944055924615
0.8234767853716283,0.8583285986458618
0.5949488137311965,0.6649843787053802
0.5229854890442842,0.5541219307155065
0.5160342520261982,0.5315573596279852
0.40840728361453116,0.4110700625612435
0.35230615777706453,0.36077269489573793
0.3201815878862974,0.3264147824926018
0.3064793631847384,0.32839549089555553
0.30052355560693456,0.3121098212433446
0.17642267367099743,0.1837292664447261
0.19748255517180777,0.2223591052934199
0.27642750895011914,0.3018194926080519
0.2036715269370608,0.24501488228063972
0.17446342373386933,0.24434006843797967
0.23055258862842076,0.30952590141654723
0.06024208030753295,0.101707211702678
0.04685625667780453,0.10188135026922725
0.2303214575044696,0.28809788702380396
0.3057083424029725,0.3216509733995651
0.3737838857662916,0.4035793662418496
0.4278395122867004,0.457695865948162
0.4418850427617096,0.44516750539856326
0.3478295893925478,0.3329776895426908
0.4698579782705303,0.488171636181933
0.5840124160999272,0.5941214014071503
0.6310528754011597,0.6464154155062436
0.6440760568943877,0.6410644517390336
0.6450984058761688,0.6510817265906537
0.6903789148225952,0.7000347495679582
0.8049589900771712,0.8259805104893514
0.8536929764323558,0.879069764053632
0.8187096818253321,0.8384936750022935
0.8091756528112943,0.8098908162864438
0.9156326747992016,0.9460100269518142
1.0428509257120273,1.061851076451294
1.1703311895381423,1.1891183583261442
1.339546893165359,1.351031179149519
1.4476135078484977,1.454914372428721
1.5854052322983812,1.587190766605527
1.6245554463632847,1.6146739860892827
1.6330021870826419,1.6424913996604464
1.6935600552255499,1.7206080507219388
1.8215213685870741,1.840350682632991
1.7470157944551339,1.755281726082085
1.546347262924744,1.5987496081445334
1.5032606817706087,1.5093869402048943
1.453103788404899,1.4538009065865187
1.2684859518739662,1.332921777340207
1.2409954905289915,1.282281697496433
1.1873583486118198,1.2072509103475502
1.1431409686361709,1.1589057881960263
1.143651697930675,1.1524077017398004
1.1520355175607513,1.1499859521166973
1.1771873326080884,1.2228196060593068
1.129694138261623,1.1595598113674404
1.1268558035398646,1.1525368680513812
1.1300416288811053,1.1241949537774933
1.126324892009176,1.11882541048109
1.1561695518455541,1.1825981901291518
1.1210513924132033,1.152996429441206
1.1302109222269825,1.1578791059694173
1.1657383061777327,1.1806843205436797
1.1912551822619368,1.1844432026735239
1.097382140692172,1.1177657243623675
0.9841900096919074,0.9964309514544318
0.848289835648657,0.845720755701407
0.7427314574066235,0.7664049236534465
0.661505554782355,0.6760881701779444
0.5621494151578899,0.5782299086354781
0.6149067896559719,0.6301646195709691
0.6036601791826433,0.6036360792182582
0.5031211230796939,0.4969151151327204
0.33580625962370697,0.3273703520164195
0.2963701107596834,0.27327646828653734
0.26907957227197143,0.25119909044455796
0.26775790291971874,0.26309037496518584
0.2659648893132809,0.25495093847149675
0.21334367071004645,0.2050352673478304
0.15619431514086793,0.15305741688249488
0.16651884969851746,0.17300381770122336
0.16246529208050003,0.16122999082721337
0.14245043489741932,0.1266281998435949
0.12792315741266225,0.10906624119078742
-0.012191338373712574,-0.01298290867868188
-0.06554180720775687,-0.08118041359206143
-0.12368448495432165,-0.13948166287153024
-0.148264512022757,-0.16959069516204583
-0.1698739291030879,-0.19011899733758783
-0.24450795723239088,-0.24346926954322803
-0.3184580004734736,-0.31070558803838133
-0.4002133009607169,-0.3979590935777042
-0.45990098824672304,-0.46153343435645783
-0.48514780820292297,-0.4917563330427408
-0.5108600661412483,-0.5253928789010767
-0.5182278882579896,-0.5316239068849671
-0.5178890641281628,-0.5353588671289808
-0.5792265008234561,-0.5829673376597706
-0.6206296460417315,-0.6185534875335288
-0.6679098584369323,-0.6590918239312986
-0.7662777214430572,-0.7598898656121096
-0.7888672828877363,-0.7853920205358025
-0.7999833617805658,-0.8048023455457598
-0.7998723594815511,-0.8031835521252086
-0.7943528740422006,-0.7997758409049747
-0.792338746230506,-0.8010496961653255
-0.8097526919247076,-0.8167028011119479
-0.8195066479536381,-0.8297115582422558
-0.8146409482476289,-0.8227956401374927
-0.8233124834623704,-0.8360805971059373
-0.8631929383200438,-0.862706071551852
-0.8820651692976116,-0.8832385288936673
-0.8826259980254678,-0.8879728066264045
-0.8807723783509582,-0.8862190890210082
-0.8753811094708974,-0.8842605217183392
-0.8698195381331504,-0.8783159627692323
-0.8628573789637175,-0.8711456297695082
-0.8548374331801443,-0.8634642113181707
-0.8428284684147054,-0.8479416973115657
-0.8354845681837946,-0.8372178661149337
-0.8018941446710921,-0.7928574890599658
-0.7908431238101985,-0.7965299437313258
-0.7776805661682611,-0.7787869088682806
-0.7103651511151201,-0.6839756901135277
-0.6861188061582484,-0.6785916037351678
-0.6653928961466529,-0.6634253655567373
-0.6383598592488477,-0.6325988399299833
-0.6003450740478764,-0.5907907440786178
-0.5691008948511398,-0.5567745347419406
-0.5520787813365085,-0.5476538854125759
-0.5385352543068296,-0.5378108307468425
-0.5132998610578812,-0.5021619378623579
-0.4762230749633434,-0.4587828330025838
-0.4347053955547208,-0.41897194750022865
-0.4116314010820956,-0.40432065314209376
-0.38957928071510595,-0.3841187986368359
-0.3686802189889511,-0.36223413147065936
-0.3204287067976124,-0.30394913927923484
-0.30082941076149816,-0.2938009470102474
-0.29269935307168304,-0.2949409465570804
-0.28480943431270433,-0.2877017268364972
-0.2831866044449163,-0.28735242575170994
-0.2813365463414981,-0.2873279102706976
-0.2252427959241665,-0.20393088874900228
-0.2077676208869523,-0.1972397948193826
-0.20674332788095043,-0.2092611954038823
-0.20662658254855085,-0.21093008825778556
-0.20586413921716332,-0.21032073312380922
-0.21075969676082199,-0.21536908206728822
-0.21502841779239754,-0.22074555558744022
-0.24146535156866217,-0.2402708006246128
-0.2443868044557657,-0.24829635588265492
-0.23998951070779137,-0.24387968125199164
-0.2995785869942049,-0.29020928064314355
-0.3107061816335632,-0.324012181551206
-0.32689263185112,-0.343922758900707
-0.3494554221530956,-0.3631622472173143
-0.38443236529167296,-0.39524292074438017
-0.41583358009378046,-0.4298174657091496
-0.43372949539592315,-0.4528981084478121
-0.4491706868626084,-0.4742115589704492
-0.46836960294853314,-0.4837796603479278
-0.5067434241952748,-0.5176420098134573
-0.5516632053496624,-0.5648552053126219
-0.5659322244106557,-0.5803394324299946
-0.5783561122082406,-0.5883574787089858
-0.5942963391443465,-0.6050679547531213
-0.6484786388765722,-0.6459128237028227
-0.678916181580629,-0.6935208787169851
-0.6963474008946238,-0.7173215524112886
-0.7041322236266476,-0.7182351547557462
-0.7150384072631584,-0.7334935189064071
-0.7244442197179064,-0.7458718185940223
-0.7834469278437626,-0.7682704204686852
-0.8066843984294823,-0.8050615685616942
-0.809411730852226,-0.8123534104951526
-0.8092516382316683,-0.814360296445628
-0.8100025954962862,-0.8172375710113189
-0.8112321091965493,-0.8228088179505308
-0.8186519896107429,-0.8371058547041097
-0.8308508454748706,-0.8491499603043169
-0.8350934483184427,-0.8468434275060199
-0.8600596461524008,-0.8700106757817212
-0.8709962812217429,-0.8820758540108857
-0.886642084947628,-0.8899631906308232
-0.8997630909268326,-0.9117795349915634
-0.9131527580853639,-0.9239963174301844
-0.9153031753508218,-0.9196639036355913
-0.9167470956307862,-0.9230868702520001
-0.9101380068755456,-0.9147152193231528
-0.8978695222965813,-0.9056519112883594
-0.9035065395819475,-0.9137042080093459
-0.8554376172685603,-0.8405795737085706
-0.8112054567728821,-0.801483258086183
-0.801415350797374,-0.7937314392462727
-0.810235997121808,-0.8076127812939691
-0.8217811859716309,-0.8223816074981196
-0.8280924086645955,-0.8366158418814538
-0.8196739824354149,-0.8212415485917683
-0.8146895636930263,-0.8180015280104203
-0.8267237562536958,-0.8302114841044494
-0.8313476252826002,-0.839172159532293
-0.8371256214236669,-0.8485176627165603
-0.849853429954383,-0.8595546747311611
-0.8621577083228156,-0.8743828604535013
-0.8774227207395138,-0.8885736436695206
-0.9030581971410606,-0.9220834569565215
-0.9271792935145522,-0.941337725793158
-0.9032468416898677,-0.8830913172885568
-0.8669779979974097,-0.8472093789356594
-0.8744390145577088,-0.8945060932769169
-0.8856899582758653,-0.8929905854180158
-0.8823993040255014,-0.8921880447320911
-0.8947285727510919,-0.9118986101850519
-0.8994537091180278,-0.9044975467381244
-0.9043968136357565,-0.9187167038038384
-0.9003918269434978,-0.9137032582570549
-0.9105272272363154,-0.9245175533594082
-0.9150013915603455,-0.929083962374705
-0.9299880078367341,-0.9430512570047399
-0.9543819799153435,-0.9664989196443694
-0.9740723631321196,-0.9932073786967134
-1.0335189023754803,-1.008661154381255
-1.0812988031948019,-1.0558519713420618
-1.105719308978042,-1.0924752507176303
-1.1227288976343355,-1.1264545384339935
-1.1390426740184092,-1.1493104460367898
-1.1520783803699752,-1.1637941684750752
-1.1689758982559266,-1.1669912721247724
-1.1718936560130226,-1.1656911799573815
-1.177944409140171,-1.1866112549529755
-1.1919695199409228,-1.2056078441211506
-1.1921909309437704,-1.1983564853790976
-1.1924470079052407,-1.2002761721973523
-1.2098103792899446,-1.22956997570493
-1.2317265070007617,-1.2474566606019943
-1.2454805822414594,-1.2687717138316226
-1.2556492238644632,-1.2757864655341715
-1.315398496650591,-1.292682202634577
-1.3796367736402964,-1.3507841300719046
-1.4015365181240933,-1.4092277308959322
-1.4179405209758154,-1.415602586992396
-1.4342782786052377,-1.4356942405521345
-1.4507231208054743,-1.4692085058029996
-1.4780239878493513,-1.488442295605861
-1.5019052717693564,-1.51735406125437
-1.527423928639106,-1.5360768843246542
-1.548590226916151,-1.5608008359648802
-1.5708386492097939,-1.5745620343477607
-1.5837159843668298,-1.5860901276563448
-1.6003672789713301,-1.6124072887647822
-1.6069528613573676,-1.6164482473250639
-1.6212949519852524,-1.61995425790742
-1.636812954668475,-1.6264885536697418
-1.6623114293020402,-1.6546431293042227
-1.6554631216884952,-1.6446836706233194
-1.6442453599410067,-1.6446911499226113
-1.6279699298056836,-1.6317055430043974
-1.6220893010576667,-1.6204015912364975
-1.6292179043161037,-1.615920066332212
-1.6461111483167452,-1.6503642577950368
-1.6543376652236184,-1.6587314567600198
-1.6762476195445442,-1.6659038673428805
-1.702594697850149,-1.6953122347205645
-1.709441462116221,-1.720450634516791
-1.7072659357745688,-1.7194294133658554
-1.7034114848204391,-1.714815872893116
-1.7034766615714114,-1.7129792894003268
-1.7032381550273252,-1.7166707391175076
-1.6998303250880549,-1.7078215408648243
-1.6219293865156639,-1.613422336525826
-1.3791361354638847,-1.3788094206757686
-1.1634763576146876,-1.1355671742284024
-1.137196711721746,-1.147382923762134
-1.1300026942742645,-1.1417304730020383
-1.115451420704279,-1.1148344378722153
-1.1127974566460177,-1.1062467776566758
-1.1104205828186662,-1.1032557702541335
-1.1229844997196605,-1.1183129056381313
-1.1342831091309231,-1.116708774018573
-1.1425818072119152,-1.1411950501479673
-1.1547311572378727,-1.1506750026409345
-1.1599477904154194,-1.158265066793778
-1.158582046620911,-1.1554793246051354
-1.1619321791085009,-1.1856073667813514
-1.1897742862392315,-1.1900164730734455
-1.2318416644660497,-1.2457630148290058
-1.2780266937506506,-1.2850441759910363
-1.3218679718190496,-1.331957546563825
-1.359470564525712,-1.3627723783654953
-1.3680744892492351,-1.383452284750494
-1.3765069836842267,-1.39317359304442
-1.3944823517014664,-1.4178757003819522
-1.3736246041999718,-1.37259210474058
-1.2629871287840366,-1.241012828745394
-1.1485445895331063,-1.1130232602532113
-0.9503371629863796,-0.9282731113562336
-0.8035616128965588,-0.7930031573176033
-0.7241958001342825,-0.7435213003927468
-0.5927237867884652,-0.6322375779022809
-0.5030399244959016,-0.5271812031055776
-0.5151039155347024,-0.41340473700825364
-0.5320539072347332,-0.46016941198797684
-0.49800220090617864,-0.46375956468736684
-0.48420687080033903,-0.4916969735245511
-0.4799165132243834,-0.47542320545573724
-0.3749736041466998,-0.3410850177741304
-0.20520477368911225,-0.16888750746969114
-0.06150799775944726,-0.03404412576865143
0.12449615434901656,0.1605928405988448
0.5494585282474878,0.5824543474664841
0.7173673727222398,0.7307925368726484
0.7471045324711765,0.7552208187527716
0.8087739075921865,0.8536738033079805
0.8257117305909885,0.8442459091124659
0.8461799015746043,0.8714314406125003
0.881518047381366,0.8923559082124404
0.9190076789249131,0.9307456081302978
0.9710469219719362,0.9896260950082014
1.0077889203838843,1.0226675023371676
1.0525037331219627,1.0787211702398414
1.2044986469271668,1.2414285775737033
1.5206606186185174,1.5333573821212203
1.5263171058258498,1.4991218987243504
1.4359138655323456,1.4357972834386208
1.3460526963589494,1.3646141802587939
1.4823687431866364,1.6031677370833926
1.5286056526901353,1.590845057264321
1.4827731002245448,1.469745941643598
1.4106331216115,1.4284325480168256
1.2946748964231138,1.317456604628173
1.2650072466699773,1.331861616345339
1.191860768066508,1.2560833741434114
1.191270259579557,1.2176074842051423
1.1947248648191608,1.1912592187091737
1.200969248694644,1.1816490314332986
1.102613257592157,1.095298146727568
0.9629423295154245,0.9737011828277884
0.8833816988144496,0.9001232198865982
0.8304347300152697,0.8610327808565115
0.44530391357136323,0.4760147178174063
0.32754166358591497,0.36425757348961846
0.4016060777786696,0.43956275001133327
0.44054693082291835,0.4789939720353471
0.45909749257141613,0.45596604054883705
0.5851848259436918,0.6224816577721588
0.7523692468584569,0.7824546689006124
0.8751855739808894,0.890566812334203
0.9509220270820113,0.9753209260006305
1.053435440119468,1.07054344685692
1.2113728352906425,1.243068799780321
1.1711777749865637,1.213013651092442
0.9877031434164464,1.0226037502146317
1.0908347858358487,1.1049605703794505
1.1939376388889291,1.2130485544891376
1.4351941907338135,1.4628889675403973
1.1409964279630136,1.1654929139295367
0.9954749664139866,1.023926280279898
1.0512170562056828,1.0799778112399172
1.0459421319812738,1.065862236533444
1.1792539935933808,1.2163801668070522
1.1053397589816463,1.1559706974596187
1.0321481671443526,1.079138467652715
1.0691054031692564,1.096980989068246
1.1128676143594267,1.1132333877105116
1.1257790218799033,1.1136821456680257
1.169486622313339,1.1791788444433526
1.2696604393008675,1.307667745202547
1.295986741775106,1.3104494509439524
1.3404503450322058,1.3884693459907955
1.4097777509543865,1.4204437066207836
1.4352083182991426,1.443635114220388
1.4839471127753006,1.5273748924399901
1.6028519444466232,1.6437497027270314
1.641316556076436,1.6540660308312913
1.5379800639597612,1.5455977896480808
1.5556543605007425,1.608800836640558
1.5005011764890062,1.5262444497755856
1.5244331534375453,1.557568942400433
1.4957419677586292,1.5174426204184177
1.3951452735635177,1.4249666644687655
1.6201967956616519,1.6954983809325161
1.5565028454537462,1.5744129180009772
1.4545101341098492,1.4534293160026515
1.3504946878241204,1.3312740758342974
1.1038044844031878,1.1091324760368586
1.1246483417774262,1.1430751982900167
1.1446732752387196,1.1766393255361611
1.1372278108721863,1.1892337532295048
1.15127417238045,1.1874356347045028
1.0562480128103322,1.1205769911438315
1.073103504157405,1.1429996929828794
1.2240418185388326,1.2713054102689403
1.161868777905983,1.1525517079309286
1.1092454965594916,1.089765958351325
1.1127422470570099,1.1105782364618866
1.2029568428017077,1.239473037606462
1.1357196042340223,1.1653103240515852
1.1012365916463016,1.1159794777410033
0.986084646793486,1.0126324196300904
0.9769512351677105,1.0111148341880527
0.9920816795566727,1.0138502395052702
0.8898760456210295,0.9075084343421692
0.6997657915910407,0.7016188770298866
0.6748120592559024,0.6828234572688563
0.8114564829382152,0.8536667395253159
0.7601359649374329,0.8074917419992891
0.780988192003736,0.8200598140665567
0.7767027909475492,0.807790261016265
0.7990546175218787,0.8201142467447367
0.7833947455901826,0.7857353507519205
0.5330215808631704,0.5511819131390892
0.5405636231657984,0.5496301959740924
0.5832469157533529,0.5957286197216545
0.6308207203255198,0.6412045995614795
0.670825948890428,0.6770810768387034
0.8151926897321109,0.8621164482205825
0.868050203737379,0.8955163870394143
0.8929439235996275,0.9315262451540105
1.0655286360412182,1.1236842244829892
1.0714007170186155,1.0915664512570549
1.0512766531619453,1.1051130056221616
0.9612734960210395,0.996952009305101
1.0533431954282013,1.0734579992000342
1.1564781026211042,1.1694798553282657
1.1923431235113175,1.1973442816378357
1.1061200992077678,1.1283960643178508
1.0730805913833839,1.067954065954449
1.0464468066049226,1.0286327777581226
1.0140531303384426,0.9993566633869653
1.0354406021802622,1.0636734136597175
0.9860879115669866,0.988406850504585
0.9607355207076862,0.9423141252707691
0.9433644919451359,0.9167919661894464
0.9539834942326448,0.9480676652903417
0.8495736039485455,0.8789804873382747
0.8040360089288396,0.8397998218405396
0.7427552012138994,0.736667823264028
0.6508071888190263,0.6418338104542902
0.5662971021318766,0.5585455800895571
0.5300709972925153,0.5240607867162905
0.4817432971595801,0.47058397485774933
0.45070016865095197,0.431893262823152
0.4140362576851826,0.3954675912836369
0.3779599762697321,0.3588744071837906
0.3494358282750018,0.3297495111852215
0.1736638361839746,0.16737742576961318
0.08711968430695831,0.09323715011261206
0.010143151511335458,0.007019578537303527
-0.20651863726472294,-0.22646532004116282
-0.268626575345998,-0.26427576010076614
-0.367284557997275,-0.372091669858831
-0.4614224320574431,-0.468722554643689
-0.5520036321864803,-0.5641614112640208
-0.6377885238862719,-0.6546620605268745
-0.681538150858586,-0.6841491386256779
-0.7092687214546383,-0.7175618991004387
-0.6873835794123162,-0.6808601464418234
-0.503029714658773,-0.48296708790342907
-0.36602862931141744,-0.35646931314263086
-0.4301241466598766,-0.44783910447081804
-0.42962457695479217,-0.4508324565743289
-0.42118130876724913,-0.4458012625316068
-0.38773198282928356,-0.3999817394802589
-0.38418115581069423,-0.38959518906598073
-0.4067572426447443,-0.4040091937501524
-0.4741488753192409,-0.4775979601236531
-0.4829115570741626,-0.4913631949537704
-0.48120612843681365,-0.48845814013356675
-0.4773078998380191,-0.48569275825966346
-0.48352509705417135,-0.4900645274148163
-0.47651788401043244,-0.48348188332492925
-0.46819953792891966,-0.47727786392181515
-0.45835811564993656,-0.4645520142551993
-0.4386468675625166,-0.437424417644918
-0.43179303951377984,-0.4357369155820623
-0.42723826496404826,-0.4365068975722599
-0.37071737829370316,-0.35172435069661945
-0.30173580092449565,-0.2826312664724926
-0.25200359523167415,-0.23991951099596615
-0.23819637838231708,-0.24226804065338228
-0.23258672583483633,-0.24024079438816787
-0.22372743646406082,-0.22732827387672502
-0.21492293592857442,-0.21217647490109415
-0.1961252753457325,-0.18827396995333617
-0.15819725892047498,-0.1437294745128234
-0.14921595606006047,-0.15567013131270557
-0.16296719688376463,-0.1855729337971505
-0.3297138413518807,-0.31695092166615546
-0.46006312877065825,-0.4506543780197598
-0.4736862569142295,-0.4667672817942796
-0.47263206155093956,-0.4693318504181471
-0.468089811859546,-0.47109827096043605
-0.475754223808922,-0.46485249213627555
-0.4860648237196765,-0.4688627024661349
-0.43576282601175204,-0.4071562276462563
-0.40990282223265256,-0.3986579925448696
-0.3952671394278015,-0.3977744854761342
-0.3865555662180411,-0.39113933789240835
-0.3810454595825645,-0.3876105035753083
-0.374924246707325,-0.38309271000540884
-0.36574604832507535,-0.37069678054089134
-0.3612600417771665,-0.3695355896460646
-0.35922353542711444,-0.3682228242215404
-0.35897737150518183,-0.3631575578153774
-0.3498147253166979,-0.3565473115495321
-0.34655603616687913,-0.3625387051584907
-0.4000167319162317,-0.3997382467366448
-0.46098854365923553,-0.45661137278792746
-0.5019888455073167,-0.5010880648187881
-0.5095146826614789,-0.5175249528435872
-0.5103973586969597,-0.5192016811538915
-0.5097163269447693,-0.5189131345359714
-0.5116147630555121,-0.5167833743828434
-0.5190479400017802,-0.5269508881750016
-0.5504158244344242,-0.5613668838666863
-0.5543717801646582,-0.5680366380495168
-0.5616537684180971,-0.5735297678627911
-0.5584064466160117,-0.5659800088227984
-0.5468824491141826,-0.55224136705683
-0.5486632940193916,-0.5622543086636222
-0.5490878332934843,-0.5625586449133808
-0.5528526513751475,-0.5709517839878127
-0.5533327511582657,-0.5676454588246467
-0.5288359090346335,-0.5270440232590412
-0.5824970915566718,-0.5801515595549243
-0.6044038998231331,-0.6124356581508261
-0.5737519505393751,-0.5676116832587967
-0.5680477976389364,-0.5737661374642224
-0.5644130362616269,-0.5743216831949598
-0.5553493720697242,-0.5595549939334641
-0.5665012447520221,-0.5769503600984722
-0.5688249324510759,-0.5813160745827697
-0.5706687578050842,-0.5827876563982104
-0.5780803872462494,-0.5870097208484888
-0.5693030733700939,-0.5658835496057402
-0.5460140787225856,-0.5458934008221059
-0.5494013109090441,-0.5610548902390813
-0.5310068646933852,-0.5320003055898079
-0.49673104650390537,-0.49121111586816846
-0.4893754227681521,-0.49731606423542396
-0.4858945806215084,-0.49849862455679905
-0.45918232256000047,-0.45597794736932523
-0.4230483140131105,-0.40851084153110423
-0.4085782442640087,-0.399505794863414
-0.4145937675171114,-0.42481428935901294
-0.4228732924737281,-0.43504944332214834
-0.4315106069262333,-0.4465915157972662
-0.4396662485683882,-0.44584186444204854
-0.4578651645311302,-0.46415124846814154
-0.46716415953289586,-0.4849240228193478
-0.4773617982805354,-0.4949321266254076
-0.48452782771519076,-0.5069911314646804
-0.5050319705668296,-0.5258251942720522
-0.5484576726483825,-0.5478612282096125
-0.5186841255147956,-0.5128505095051852
-0.37183022086096446,-0.35857420165763737
-0.394107610599484,-0.38046578420768307
-0.4095787786228551,-0.4298353032443656
-0.42959240409593336,-0.4549794015543382
-0.4564662981254719,-0.47264618911626877
-0.4536394791502422,-0.47033199894012534
-0.45388478235916113,-0.47270341169180363
-0.46873015266201734,-0.49954750724321095
-0.48587929554557463,-0.5207311978590854
-0.519785125858178,-0.5425299124429233
-0.5605582885099063,-0.5756943720530965
-0.5638656821443997,-0.588074986761921
-0.5994552155106947,-0.6260395538105039
-0.6532615320547068,-0.6649206911794538
-0.6747819692172714,-0.6983941170818044
-0.6969409960765207,-0.732951803943408
-0.7456687496822954,-0.7597761921347763
-0.8125088730732914,-0.817538642487577
-0.8460562609353064,-0.8454240820665861
-0.847456789407474,-0.8628634336345729
-0.8485412878047998,-0.8726272433435229
-0.8591397516990151,-0.8924247704906316
-0.8837765635665387,-0.9089112830726375
-0.9041175271026739,-0.9278510058223869
-0.9218917257127687,-0.9464213342904417
-0.9285893788691484,-0.9457006503801005
-0.9192384739687257,-0.9282071629315249
-0.9373195612878613,-0.9703852466597669
-0.9214772181972503,-0.92636814569849
-0.983568402054516,-0.991104508405325
-1.1482248791681366,-1.0350204607476068
-1.1994013316182726,-1.181925414587081
-1.2156354475289357,-1.2079496958327705
-1.2258901604533146,-1.232765892164263
-1.2340055563421368,-1.2383908001079185
-1.2566697327011804,-1.2549473569213883
-1.2805341585180199,-1.2722275062615902
-1.2853758769786803,-1.2877585680388146
